state,subgroup,threshold,metric,year,value
National,All,At least five AP courses,Number of public high schools that offer,2024,10112
National,All,At least five AP courses,Number of public high schools that offer,2023,9396
National,All,At least five AP courses,Number of public high schools that offer,2022,9112
National,All,At least five AP courses,Number of public high schools that offer,2021,9293
National,All,At least five AP courses,Number of public high schools that offer,2020,8930
National,All,At least five AP courses,Number of public high schools that offer,2019,9014
National,All,At least ten AP courses,Number of public high schools that offer,2024,7051
National,All,At least ten AP courses,Number of public high schools that offer,2023,6462
National,All,At least ten AP courses,Number of public high schools that offer,2022,6175
National,All,At least ten AP courses,Number of public high schools that offer,2021,6232
National,All,At least ten AP courses,Number of public high schools that offer,2020,5940
National,All,At least ten AP courses,Number of public high schools that offer,2019,5990
National,All,At least one AP STEM course,Number of public high schools that offer,2024,11915
National,All,At least one AP STEM course,Number of public high schools that offer,2023,11516
National,All,At least one AP STEM course,Number of public high schools that offer,2022,11276
National,All,At least one AP STEM course,Number of public high schools that offer,2021,11482
National,All,At least one AP STEM course,Number of public high schools that offer,2020,11001
National,All,At least one AP STEM course,Number of public high schools that offer,2019,11121
National,All,At least five AP courses,Percentage of public high schools that offers,2024,0.47
National,All,At least five AP courses,Percentage of public high schools that offers,2023,0.48
National,All,At least five AP courses,Percentage of public high schools that offers,2022,0.47
National,All,At least five AP courses,Percentage of public high schools that offers,2021,0.48
National,All,At least five AP courses,Percentage of public high schools that offers,2020,0.48
National,All,At least five AP courses,Percentage of public high schools that offers,2019,0.48
National,All,At least ten AP courses,Percentage of public high schools that offers,2024,0.33
National,All,At least ten AP courses,Percentage of public high schools that offers,2023,0.33
National,All,At least ten AP courses,Percentage of public high schools that offers,2022,0.32
National,All,At least ten AP courses,Percentage of public high schools that offers,2021,0.32
National,All,At least ten AP courses,Percentage of public high schools that offers,2020,0.32
National,All,At least ten AP courses,Percentage of public high schools that offers,2019,0.32
National,All,At least one AP STEM course,Percentage of public high schools that offers,2024,0.55
National,All,At least one AP STEM course,Percentage of public high schools that offers,2023,0.59
National,All,At least one AP STEM course,Percentage of public high schools that offers,2022,0.59
National,All,At least one AP STEM course,Percentage of public high schools that offers,2021,0.6
National,All,At least one AP STEM course,Percentage of public high schools that offers,2020,0.59
National,All,At least one AP STEM course,Percentage of public high schools that offers,2019,0.59
National,All,At least five AP courses,Percentage of public high school students whose school offers,2024,0.79
National,All,At least five AP courses,Percentage of public high school students whose school offers,2023,0.8
National,All,At least five AP courses,Percentage of public high school students whose school offers,2022,0.79
National,All,At least five AP courses,Percentage of public high school students whose school offers,2021,0.8
National,All,At least five AP courses,Percentage of public high school students whose school offers,2020,0.8
National,All,At least five AP courses,Percentage of public high school students whose school offers,2019,0.8
National,All,At least ten AP courses,Percentage of public high school students whose school offers,2024,0.66
National,All,At least ten AP courses,Percentage of public high school students whose school offers,2023,0.66
National,All,At least ten AP courses,Percentage of public high school students whose school offers,2022,0.65
National,All,At least ten AP courses,Percentage of public high school students whose school offers,2021,0.66
National,All,At least ten AP courses,Percentage of public high school students whose school offers,2020,0.65
National,All,At least ten AP courses,Percentage of public high school students whose school offers,2019,0.65
National,All,At least one AP STEM course,Percentage of public high school students whose school offers,2024,0.84
National,All,At least one AP STEM course,Percentage of public high school students whose school offers,2023,0.86
National,All,At least one AP STEM course,Percentage of public high school students whose school offers,2022,0.86
National,All,At least one AP STEM course,Percentage of public high school students whose school offers,2021,0.86
National,All,At least one AP STEM course,Percentage of public high school students whose school offers,2020,0.86
National,All,At least one AP STEM course,Percentage of public high school students whose school offers,2019,0.86
National,Asian,At least five AP courses,pct_students_school_offers,2024,0.93
National,Asian,At least five AP courses,pct_students_school_offers,2023,0.93
National,Asian,At least five AP courses,pct_students_school_offers,2022,0.93
National,Asian,At least five AP courses,pct_students_school_offers,2021,0.93
National,Asian,At least five AP courses,pct_students_school_offers,2020,0.93
National,Asian,At least five AP courses,pct_students_school_offers,2019,0.93
National,Asian,At least ten AP courses,pct_students_school_offers,2024,0.86
National,Asian,At least ten AP courses,pct_students_school_offers,2023,0.87
National,Asian,At least ten AP courses,pct_students_school_offers,2022,0.86
National,Asian,At least ten AP courses,pct_students_school_offers,2021,0.86
National,Asian,At least ten AP courses,pct_students_school_offers,2020,0.85
National,Asian,At least ten AP courses,pct_students_school_offers,2019,0.85
National,Asian,At least one AP STEM course,pct_students_school_offers,2024,0.95
National,Asian,At least one AP STEM course,pct_students_school_offers,2023,0.96
National,Asian,At least one AP STEM course,pct_students_school_offers,2022,0.96
National,Asian,At least one AP STEM course,pct_students_school_offers,2021,0.96
National,Asian,At least one AP STEM course,pct_students_school_offers,2020,0.95
National,Asian,At least one AP STEM course,pct_students_school_offers,2019,0.96
National,Hispanic/Latino,At least five AP courses,pct_students_school_offers,2024,0.82
National,Hispanic/Latino,At least five AP courses,pct_students_school_offers,2023,0.84
National,Hispanic/Latino,At least five AP courses,pct_students_school_offers,2022,0.84
National,Hispanic/Latino,At least five AP courses,pct_students_school_offers,2021,0.84
National,Hispanic/Latino,At least five AP courses,pct_students_school_offers,2020,0.85
National,Hispanic/Latino,At least five AP courses,pct_students_school_offers,2019,0.85
National,Hispanic/Latino,At least ten AP courses,pct_students_school_offers,2024,0.68
National,Hispanic/Latino,At least ten AP courses,pct_students_school_offers,2023,0.71
National,Hispanic/Latino,At least ten AP courses,pct_students_school_offers,2022,0.71
National,Hispanic/Latino,At least ten AP courses,pct_students_school_offers,2021,0.71
National,Hispanic/Latino,At least ten AP courses,pct_students_school_offers,2020,0.71
National,Hispanic/Latino,At least ten AP courses,pct_students_school_offers,2019,0.72
National,Hispanic/Latino,At least one AP STEM course,pct_students_school_offers,2024,0.86
National,Hispanic/Latino,At least one AP STEM course,pct_students_school_offers,2023,0.88
National,Hispanic/Latino,At least one AP STEM course,pct_students_school_offers,2022,0.88
National,Hispanic/Latino,At least one AP STEM course,pct_students_school_offers,2021,0.89
National,Hispanic/Latino,At least one AP STEM course,pct_students_school_offers,2020,0.89
National,Hispanic/Latino,At least one AP STEM course,pct_students_school_offers,2019,0.89
National,White,At least five AP courses,pct_students_school_offers,2024,0.76
National,White,At least five AP courses,pct_students_school_offers,2023,0.77
National,White,At least five AP courses,pct_students_school_offers,2022,0.77
National,White,At least five AP courses,pct_students_school_offers,2021,0.78
National,White,At least five AP courses,pct_students_school_offers,2020,0.78
National,White,At least five AP courses,pct_students_school_offers,2019,0.78
National,White,At least ten AP courses,pct_students_school_offers,2024,0.62
National,White,At least ten AP courses,pct_students_school_offers,2023,0.63
National,White,At least ten AP courses,pct_students_school_offers,2022,0.63
National,White,At least ten AP courses,pct_students_school_offers,2021,0.63
National,White,At least ten AP courses,pct_students_school_offers,2020,0.62
National,White,At least ten AP courses,pct_students_school_offers,2019,0.63
National,White,At least one AP STEM course,pct_students_school_offers,2024,0.83
National,White,At least one AP STEM course,pct_students_school_offers,2023,0.84
National,White,At least one AP STEM course,pct_students_school_offers,2022,0.85
National,White,At least one AP STEM course,pct_students_school_offers,2021,0.85
National,White,At least one AP STEM course,pct_students_school_offers,2020,0.85
National,White,At least one AP STEM course,pct_students_school_offers,2019,0.86
National,Black or African American,At least five AP courses,pct_students_school_offers,2024,0.75
National,Black or African American,At least five AP courses,pct_students_school_offers,2023,0.76
National,Black or African American,At least five AP courses,pct_students_school_offers,2022,0.75
National,Black or African American,At least five AP courses,pct_students_school_offers,2021,0.75
National,Black or African American,At least five AP courses,pct_students_school_offers,2020,0.74
National,Black or African American,At least five AP courses,pct_students_school_offers,2019,0.75
National,Black or African American,At least ten AP courses,pct_students_school_offers,2024,0.57
National,Black or African American,At least ten AP courses,pct_students_school_offers,2023,0.59
National,Black or African American,At least ten AP courses,pct_students_school_offers,2022,0.57
National,Black or African American,At least ten AP courses,pct_students_school_offers,2021,0.57
National,Black or African American,At least ten AP courses,pct_students_school_offers,2020,0.56
National,Black or African American,At least ten AP courses,pct_students_school_offers,2019,0.56
National,Black or African American,At least one AP STEM course,pct_students_school_offers,2024,0.79
National,Black or African American,At least one AP STEM course,pct_students_school_offers,2023,0.83
National,Black or African American,At least one AP STEM course,pct_students_school_offers,2022,0.82
National,Black or African American,At least one AP STEM course,pct_students_school_offers,2021,0.82
National,Black or African American,At least one AP STEM course,pct_students_school_offers,2020,0.81
National,Black or African American,At least one AP STEM course,pct_students_school_offers,2019,0.81
National,Native American or Alaska Native,At least five AP courses,pct_students_school_offers,2024,0.49
National,Native American or Alaska Native,At least five AP courses,pct_students_school_offers,2023,0.52
National,Native American or Alaska Native,At least five AP courses,pct_students_school_offers,2022,0.51
National,Native American or Alaska Native,At least five AP courses,pct_students_school_offers,2021,0.53
National,Native American or Alaska Native,At least five AP courses,pct_students_school_offers,2020,0.53
National,Native American or Alaska Native,At least five AP courses,pct_students_school_offers,2019,0.56
National,Native American or Alaska Native,At least ten AP courses,pct_students_school_offers,2024,0.34
National,Native American or Alaska Native,At least ten AP courses,pct_students_school_offers,2023,0.37
National,Native American or Alaska Native,At least ten AP courses,pct_students_school_offers,2022,0.35
National,Native American or Alaska Native,At least ten AP courses,pct_students_school_offers,2021,0.36
National,Native American or Alaska Native,At least ten AP courses,pct_students_school_offers,2020,0.37
National,Native American or Alaska Native,At least ten AP courses,pct_students_school_offers,2019,0.38
National,Native American or Alaska Native,At least one AP STEM course,pct_students_school_offers,2024,0.59
National,Native American or Alaska Native,At least one AP STEM course,pct_students_school_offers,2023,0.64
National,Native American or Alaska Native,At least one AP STEM course,pct_students_school_offers,2022,0.63
National,Native American or Alaska Native,At least one AP STEM course,pct_students_school_offers,2021,0.63
National,Native American or Alaska Native,At least one AP STEM course,pct_students_school_offers,2020,0.64
National,Native American or Alaska Native,At least one AP STEM course,pct_students_school_offers,2019,0.69
National,Native Hawaiian or other Pacific Islander,At least five AP courses,pct_students_school_offers,2024,0.81
National,Native Hawaiian or other Pacific Islander,At least five AP courses,pct_students_school_offers,2023,0.81
National,Native Hawaiian or other Pacific Islander,At least five AP courses,pct_students_school_offers,2022,0.8
National,Native Hawaiian or other Pacific Islander,At least five AP courses,pct_students_school_offers,2021,0.82
National,Native Hawaiian or other Pacific Islander,At least five AP courses,pct_students_school_offers,2020,0.82
National,Native Hawaiian or other Pacific Islander,At least five AP courses,pct_students_school_offers,2019,0.83
National,Native Hawaiian or other Pacific Islander,At least ten AP courses,pct_students_school_offers,2024,0.66
National,Native Hawaiian or other Pacific Islander,At least ten AP courses,pct_students_school_offers,2023,0.68
National,Native Hawaiian or other Pacific Islander,At least ten AP courses,pct_students_school_offers,2022,0.66
National,Native Hawaiian or other Pacific Islander,At least ten AP courses,pct_students_school_offers,2021,0.66
National,Native Hawaiian or other Pacific Islander,At least ten AP courses,pct_students_school_offers,2020,0.64
National,Native Hawaiian or other Pacific Islander,At least ten AP courses,pct_students_school_offers,2019,0.64
National,Native Hawaiian or other Pacific Islander,At least one AP STEM course,pct_students_school_offers,2024,0.85
National,Native Hawaiian or other Pacific Islander,At least one AP STEM course,pct_students_school_offers,2023,0.87
National,Native Hawaiian or other Pacific Islander,At least one AP STEM course,pct_students_school_offers,2022,0.89
National,Native Hawaiian or other Pacific Islander,At least one AP STEM course,pct_students_school_offers,2021,0.89
National,Native Hawaiian or other Pacific Islander,At least one AP STEM course,pct_students_school_offers,2020,0.88
National,Native Hawaiian or other Pacific Islander,At least one AP STEM course,pct_students_school_offers,2019,0.86
National,Two or More Races,At least five AP courses,pct_students_school_offers,2024,0.81
National,Two or More Races,At least five AP courses,pct_students_school_offers,2023,0.82
National,Two or More Races,At least five AP courses,pct_students_school_offers,2022,0.82
National,Two or More Races,At least five AP courses,pct_students_school_offers,2021,0.82
National,Two or More Races,At least five AP courses,pct_students_school_offers,2020,0.83
National,Two or More Races,At least five AP courses,pct_students_school_offers,2019,0.83
National,Two or More Races,At least ten AP courses,pct_students_school_offers,2024,0.67
National,Two or More Races,At least ten AP courses,pct_students_school_offers,2023,0.69
National,Two or More Races,At least ten AP courses,pct_students_school_offers,2022,0.69
National,Two or More Races,At least ten AP courses,pct_students_school_offers,2021,0.69
National,Two or More Races,At least ten AP courses,pct_students_school_offers,2020,0.69
National,Two or More Races,At least ten AP courses,pct_students_school_offers,2019,0.7
National,Two or More Races,At least one AP STEM course,pct_students_school_offers,2024,0.86
National,Two or More Races,At least one AP STEM course,pct_students_school_offers,2023,0.87
National,Two or More Races,At least one AP STEM course,pct_students_school_offers,2022,0.87
National,Two or More Races,At least one AP STEM course,pct_students_school_offers,2021,0.88
National,Two or More Races,At least one AP STEM course,pct_students_school_offers,2020,0.88
National,Two or More Races,At least one AP STEM course,pct_students_school_offers,2019,0.88
Alabama,All,At least five AP courses,Number of public high schools that offer,2024,149
Alabama,All,At least five AP courses,Number of public high schools that offer,2023,148
Alabama,All,At least five AP courses,Number of public high schools that offer,2022,143
Alabama,All,At least five AP courses,Number of public high schools that offer,2021,152
Alabama,All,At least five AP courses,Number of public high schools that offer,2020,155
Alabama,All,At least five AP courses,Number of public high schools that offer,2019,158
Alabama,All,At least ten AP courses,Number of public high schools that offer,2024,83
Alabama,All,At least ten AP courses,Number of public high schools that offer,2023,75
Alabama,All,At least ten AP courses,Number of public high schools that offer,2022,66
Alabama,All,At least ten AP courses,Number of public high schools that offer,2021,69
Alabama,All,At least ten AP courses,Number of public high schools that offer,2020,66
Alabama,All,At least ten AP courses,Number of public high schools that offer,2019,65
Alabama,All,At least one AP STEM course,Number of public high schools that offer,2024,214
Alabama,All,At least one AP STEM course,Number of public high schools that offer,2023,219
Alabama,All,At least one AP STEM course,Number of public high schools that offer,2022,213
Alabama,All,At least one AP STEM course,Number of public high schools that offer,2021,220
Alabama,All,At least one AP STEM course,Number of public high schools that offer,2020,215
Alabama,All,At least one AP STEM course,Number of public high schools that offer,2019,204
Alabama,All,At least five AP courses,Percentage of public high schools that offers,2024,0.4
Alabama,All,At least five AP courses,Percentage of public high schools that offers,2023,0.4
Alabama,All,At least five AP courses,Percentage of public high schools that offers,2022,0.4
Alabama,All,At least five AP courses,Percentage of public high schools that offers,2021,0.42
Alabama,All,At least five AP courses,Percentage of public high schools that offers,2020,0.44
Alabama,All,At least five AP courses,Percentage of public high schools that offers,2019,0.45
Alabama,All,At least ten AP courses,Percentage of public high schools that offers,2024,0.22
Alabama,All,At least ten AP courses,Percentage of public high schools that offers,2023,0.2
Alabama,All,At least ten AP courses,Percentage of public high schools that offers,2022,0.18
Alabama,All,At least ten AP courses,Percentage of public high schools that offers,2021,0.19
Alabama,All,At least ten AP courses,Percentage of public high schools that offers,2020,0.19
Alabama,All,At least ten AP courses,Percentage of public high schools that offers,2019,0.18
Alabama,All,At least one AP STEM course,Percentage of public high schools that offers,2024,0.58
Alabama,All,At least one AP STEM course,Percentage of public high schools that offers,2023,0.59
Alabama,All,At least one AP STEM course,Percentage of public high schools that offers,2022,0.59
Alabama,All,At least one AP STEM course,Percentage of public high schools that offers,2021,0.61
Alabama,All,At least one AP STEM course,Percentage of public high schools that offers,2020,0.61
Alabama,All,At least one AP STEM course,Percentage of public high schools that offers,2019,0.58
Alabama,All,At least five AP courses,Percentage of public high school students whose school offers,2024,0.63
Alabama,All,At least five AP courses,Percentage of public high school students whose school offers,2023,0.63
Alabama,All,At least five AP courses,Percentage of public high school students whose school offers,2022,0.63
Alabama,All,At least five AP courses,Percentage of public high school students whose school offers,2021,0.65
Alabama,All,At least five AP courses,Percentage of public high school students whose school offers,2020,0.67
Alabama,All,At least five AP courses,Percentage of public high school students whose school offers,2019,0.68
Alabama,All,At least ten AP courses,Percentage of public high school students whose school offers,2024,0.42
Alabama,All,At least ten AP courses,Percentage of public high school students whose school offers,2023,0.41
Alabama,All,At least ten AP courses,Percentage of public high school students whose school offers,2022,0.4
Alabama,All,At least ten AP courses,Percentage of public high school students whose school offers,2021,0.4
Alabama,All,At least ten AP courses,Percentage of public high school students whose school offers,2020,0.38
Alabama,All,At least ten AP courses,Percentage of public high school students whose school offers,2019,0.39
Alabama,All,At least one AP STEM course,Percentage of public high school students whose school offers,2024,0.76
Alabama,All,At least one AP STEM course,Percentage of public high school students whose school offers,2023,0.77
Alabama,All,At least one AP STEM course,Percentage of public high school students whose school offers,2022,0.77
Alabama,All,At least one AP STEM course,Percentage of public high school students whose school offers,2021,0.79
Alabama,All,At least one AP STEM course,Percentage of public high school students whose school offers,2020,0.79
Alabama,All,At least one AP STEM course,Percentage of public high school students whose school offers,2019,0.77
Alabama,Asian,At least five AP courses,pct_students_school_offers,2024,0.91
Alabama,Asian,At least five AP courses,pct_students_school_offers,2023,0.9
Alabama,Asian,At least five AP courses,pct_students_school_offers,2022,0.9
Alabama,Asian,At least five AP courses,pct_students_school_offers,2021,0.88
Alabama,Asian,At least five AP courses,pct_students_school_offers,2020,0.91
Alabama,Asian,At least five AP courses,pct_students_school_offers,2019,0.94
Alabama,Asian,At least ten AP courses,pct_students_school_offers,2024,0.76
Alabama,Asian,At least ten AP courses,pct_students_school_offers,2023,0.75
Alabama,Asian,At least ten AP courses,pct_students_school_offers,2022,0.73
Alabama,Asian,At least ten AP courses,pct_students_school_offers,2021,0.71
Alabama,Asian,At least ten AP courses,pct_students_school_offers,2020,0.7
Alabama,Asian,At least ten AP courses,pct_students_school_offers,2019,0.72
Alabama,Asian,At least one AP STEM course,pct_students_school_offers,2024,0.94
Alabama,Asian,At least one AP STEM course,pct_students_school_offers,2023,0.96
Alabama,Asian,At least one AP STEM course,pct_students_school_offers,2022,0.94
Alabama,Asian,At least one AP STEM course,pct_students_school_offers,2021,0.94
Alabama,Asian,At least one AP STEM course,pct_students_school_offers,2020,0.95
Alabama,Asian,At least one AP STEM course,pct_students_school_offers,2019,0.96
Alabama,Hispanic/Latino,At least five AP courses,pct_students_school_offers,2024,0.71
Alabama,Hispanic/Latino,At least five AP courses,pct_students_school_offers,2023,0.74
Alabama,Hispanic/Latino,At least five AP courses,pct_students_school_offers,2022,0.7
Alabama,Hispanic/Latino,At least five AP courses,pct_students_school_offers,2021,0.71
Alabama,Hispanic/Latino,At least five AP courses,pct_students_school_offers,2020,0.74
Alabama,Hispanic/Latino,At least five AP courses,pct_students_school_offers,2019,0.74
Alabama,Hispanic/Latino,At least ten AP courses,pct_students_school_offers,2024,0.43
Alabama,Hispanic/Latino,At least ten AP courses,pct_students_school_offers,2023,0.47
Alabama,Hispanic/Latino,At least ten AP courses,pct_students_school_offers,2022,0.47
Alabama,Hispanic/Latino,At least ten AP courses,pct_students_school_offers,2021,0.46
Alabama,Hispanic/Latino,At least ten AP courses,pct_students_school_offers,2020,0.46
Alabama,Hispanic/Latino,At least ten AP courses,pct_students_school_offers,2019,0.46
Alabama,Hispanic/Latino,At least one AP STEM course,pct_students_school_offers,2024,0.81
Alabama,Hispanic/Latino,At least one AP STEM course,pct_students_school_offers,2023,0.83
Alabama,Hispanic/Latino,At least one AP STEM course,pct_students_school_offers,2022,0.82
Alabama,Hispanic/Latino,At least one AP STEM course,pct_students_school_offers,2021,0.84
Alabama,Hispanic/Latino,At least one AP STEM course,pct_students_school_offers,2020,0.86
Alabama,Hispanic/Latino,At least one AP STEM course,pct_students_school_offers,2019,0.81
Alabama,White,At least five AP courses,pct_students_school_offers,2024,0.64
Alabama,White,At least five AP courses,pct_students_school_offers,2023,0.65
Alabama,White,At least five AP courses,pct_students_school_offers,2022,0.65
Alabama,White,At least five AP courses,pct_students_school_offers,2021,0.67
Alabama,White,At least five AP courses,pct_students_school_offers,2020,0.68
Alabama,White,At least five AP courses,pct_students_school_offers,2019,0.7
Alabama,White,At least ten AP courses,pct_students_school_offers,2024,0.46
Alabama,White,At least ten AP courses,pct_students_school_offers,2023,0.43
Alabama,White,At least ten AP courses,pct_students_school_offers,2022,0.42
Alabama,White,At least ten AP courses,pct_students_school_offers,2021,0.43
Alabama,White,At least ten AP courses,pct_students_school_offers,2020,0.42
Alabama,White,At least ten AP courses,pct_students_school_offers,2019,0.43
Alabama,White,At least one AP STEM course,pct_students_school_offers,2024,0.78
Alabama,White,At least one AP STEM course,pct_students_school_offers,2023,0.79
Alabama,White,At least one AP STEM course,pct_students_school_offers,2022,0.79
Alabama,White,At least one AP STEM course,pct_students_school_offers,2021,0.8
Alabama,White,At least one AP STEM course,pct_students_school_offers,2020,0.8
Alabama,White,At least one AP STEM course,pct_students_school_offers,2019,0.79
Alabama,Black or African American,At least five AP courses,pct_students_school_offers,2024,0.58
Alabama,Black or African American,At least five AP courses,pct_students_school_offers,2023,0.55
Alabama,Black or African American,At least five AP courses,pct_students_school_offers,2022,0.54
Alabama,Black or African American,At least five AP courses,pct_students_school_offers,2021,0.59
Alabama,Black or African American,At least five AP courses,pct_students_school_offers,2020,0.62
Alabama,Black or African American,At least five AP courses,pct_students_school_offers,2019,0.62
Alabama,Black or African American,At least ten AP courses,pct_students_school_offers,2024,0.34
Alabama,Black or African American,At least ten AP courses,pct_students_school_offers,2023,0.35
Alabama,Black or African American,At least ten AP courses,pct_students_school_offers,2022,0.33
Alabama,Black or African American,At least ten AP courses,pct_students_school_offers,2021,0.31
Alabama,Black or African American,At least ten AP courses,pct_students_school_offers,2020,0.29
Alabama,Black or African American,At least ten AP courses,pct_students_school_offers,2019,0.32
Alabama,Black or African American,At least one AP STEM course,pct_students_school_offers,2024,0.72
Alabama,Black or African American,At least one AP STEM course,pct_students_school_offers,2023,0.71
Alabama,Black or African American,At least one AP STEM course,pct_students_school_offers,2022,0.69
Alabama,Black or African American,At least one AP STEM course,pct_students_school_offers,2021,0.74
Alabama,Black or African American,At least one AP STEM course,pct_students_school_offers,2020,0.76
Alabama,Black or African American,At least one AP STEM course,pct_students_school_offers,2019,0.74
Alabama,Native American or Alaska Native,At least five AP courses,pct_students_school_offers,2024,0.47
Alabama,Native American or Alaska Native,At least five AP courses,pct_students_school_offers,2023,0.51
Alabama,Native American or Alaska Native,At least five AP courses,pct_students_school_offers,2022,0.49
Alabama,Native American or Alaska Native,At least five AP courses,pct_students_school_offers,2021,0.53
Alabama,Native American or Alaska Native,At least five AP courses,pct_students_school_offers,2020,0.55
Alabama,Native American or Alaska Native,At least five AP courses,pct_students_school_offers,2019,0.54
Alabama,Native American or Alaska Native,At least ten AP courses,pct_students_school_offers,2024,0.3
Alabama,Native American or Alaska Native,At least ten AP courses,pct_students_school_offers,2023,0.27
Alabama,Native American or Alaska Native,At least ten AP courses,pct_students_school_offers,2022,0.27
Alabama,Native American or Alaska Native,At least ten AP courses,pct_students_school_offers,2021,0.27
Alabama,Native American or Alaska Native,At least ten AP courses,pct_students_school_offers,2020,0.27
Alabama,Native American or Alaska Native,At least ten AP courses,pct_students_school_offers,2019,0.25
Alabama,Native American or Alaska Native,At least one AP STEM course,pct_students_school_offers,2024,0.56
Alabama,Native American or Alaska Native,At least one AP STEM course,pct_students_school_offers,2023,0.67
Alabama,Native American or Alaska Native,At least one AP STEM course,pct_students_school_offers,2022,0.66
Alabama,Native American or Alaska Native,At least one AP STEM course,pct_students_school_offers,2021,0.65
Alabama,Native American or Alaska Native,At least one AP STEM course,pct_students_school_offers,2020,0.69
Alabama,Native American or Alaska Native,At least one AP STEM course,pct_students_school_offers,2019,0.55
Alabama,Native Hawaiian or other Pacific Islander,At least five AP courses,pct_students_school_offers,2024,0.68
Alabama,Native Hawaiian or other Pacific Islander,At least five AP courses,pct_students_school_offers,2023,0.7
Alabama,Native Hawaiian or other Pacific Islander,At least five AP courses,pct_students_school_offers,2022,0.6
Alabama,Native Hawaiian or other Pacific Islander,At least five AP courses,pct_students_school_offers,2021,0.67
Alabama,Native Hawaiian or other Pacific Islander,At least five AP courses,pct_students_school_offers,2020,0.8
Alabama,Native Hawaiian or other Pacific Islander,At least five AP courses,pct_students_school_offers,2019,0.84
Alabama,Native Hawaiian or other Pacific Islander,At least ten AP courses,pct_students_school_offers,2024,0.48
Alabama,Native Hawaiian or other Pacific Islander,At least ten AP courses,pct_students_school_offers,2023,0.46
Alabama,Native Hawaiian or other Pacific Islander,At least ten AP courses,pct_students_school_offers,2022,0.44
Alabama,Native Hawaiian or other Pacific Islander,At least ten AP courses,pct_students_school_offers,2021,0.43
Alabama,Native Hawaiian or other Pacific Islander,At least ten AP courses,pct_students_school_offers,2020,0.51
Alabama,Native Hawaiian or other Pacific Islander,At least ten AP courses,pct_students_school_offers,2019,0.54
Alabama,Native Hawaiian or other Pacific Islander,At least one AP STEM course,pct_students_school_offers,2024,0.79
Alabama,Native Hawaiian or other Pacific Islander,At least one AP STEM course,pct_students_school_offers,2023,0.81
Alabama,Native Hawaiian or other Pacific Islander,At least one AP STEM course,pct_students_school_offers,2022,0.82
Alabama,Native Hawaiian or other Pacific Islander,At least one AP STEM course,pct_students_school_offers,2021,0.83
Alabama,Native Hawaiian or other Pacific Islander,At least one AP STEM course,pct_students_school_offers,2020,0.94
Alabama,Native Hawaiian or other Pacific Islander,At least one AP STEM course,pct_students_school_offers,2019,0.91
Alabama,Two or More Races,At least five AP courses,pct_students_school_offers,2024,0.74
Alabama,Two or More Races,At least five AP courses,pct_students_school_offers,2023,0.73
Alabama,Two or More Races,At least five AP courses,pct_students_school_offers,2022,0.76
Alabama,Two or More Races,At least five AP courses,pct_students_school_offers,2021,0.77
Alabama,Two or More Races,At least five AP courses,pct_students_school_offers,2020,0.77
Alabama,Two or More Races,At least five AP courses,pct_students_school_offers,2019,0.79
Alabama,Two or More Races,At least ten AP courses,pct_students_school_offers,2024,0.56
Alabama,Two or More Races,At least ten AP courses,pct_students_school_offers,2023,0.55
Alabama,Two or More Races,At least ten AP courses,pct_students_school_offers,2022,0.56
Alabama,Two or More Races,At least ten AP courses,pct_students_school_offers,2021,0.55
Alabama,Two or More Races,At least ten AP courses,pct_students_school_offers,2020,0.5
Alabama,Two or More Races,At least ten AP courses,pct_students_school_offers,2019,0.51
Alabama,Two or More Races,At least one AP STEM course,pct_students_school_offers,2024,0.83
Alabama,Two or More Races,At least one AP STEM course,pct_students_school_offers,2023,0.86
Alabama,Two or More Races,At least one AP STEM course,pct_students_school_offers,2022,0.89
Alabama,Two or More Races,At least one AP STEM course,pct_students_school_offers,2021,0.89
Alabama,Two or More Races,At least one AP STEM course,pct_students_school_offers,2020,0.86
Alabama,Two or More Races,At least one AP STEM course,pct_students_school_offers,2019,0.84
Alaska,All,At least five AP courses,Number of public high schools that offer,2024,31
Alaska,All,At least five AP courses,Number of public high schools that offer,2023,29
Alaska,All,At least five AP courses,Number of public high schools that offer,2022,25
Alaska,All,At least five AP courses,Number of public high schools that offer,2021,28
Alaska,All,At least five AP courses,Number of public high schools that offer,2020,25
Alaska,All,At least five AP courses,Number of public high schools that offer,2019,22
Alaska,All,At least ten AP courses,Number of public high schools that offer,2024,18
Alaska,All,At least ten AP courses,Number of public high schools that offer,2023,15
Alaska,All,At least ten AP courses,Number of public high schools that offer,2022,15
Alaska,All,At least ten AP courses,Number of public high schools that offer,2021,15
Alaska,All,At least ten AP courses,Number of public high schools that offer,2020,15
Alaska,All,At least ten AP courses,Number of public high schools that offer,2019,15
Alaska,All,At least one AP STEM course,Number of public high schools that offer,2024,45
Alaska,All,At least one AP STEM course,Number of public high schools that offer,2023,44
Alaska,All,At least one AP STEM course,Number of public high schools that offer,2022,40
Alaska,All,At least one AP STEM course,Number of public high schools that offer,2021,42
Alaska,All,At least one AP STEM course,Number of public high schools that offer,2020,42
Alaska,All,At least one AP STEM course,Number of public high schools that offer,2019,43
Alaska,All,At least five AP courses,Percentage of public high schools that offers,2024,0.19
Alaska,All,At least five AP courses,Percentage of public high schools that offers,2023,0.19
Alaska,All,At least five AP courses,Percentage of public high schools that offers,2022,0.15
Alaska,All,At least five AP courses,Percentage of public high schools that offers,2021,0.17
Alaska,All,At least five AP courses,Percentage of public high schools that offers,2020,0.16
Alaska,All,At least five AP courses,Percentage of public high schools that offers,2019,0.14
Alaska,All,At least ten AP courses,Percentage of public high schools that offers,2024,0.11
Alaska,All,At least ten AP courses,Percentage of public high schools that offers,2023,0.1
Alaska,All,At least ten AP courses,Percentage of public high schools that offers,2022,0.09
Alaska,All,At least ten AP courses,Percentage of public high schools that offers,2021,0.09
Alaska,All,At least ten AP courses,Percentage of public high schools that offers,2020,0.1
Alaska,All,At least ten AP courses,Percentage of public high schools that offers,2019,0.1
Alaska,All,At least one AP STEM course,Percentage of public high schools that offers,2024,0.28
Alaska,All,At least one AP STEM course,Percentage of public high schools that offers,2023,0.28
Alaska,All,At least one AP STEM course,Percentage of public high schools that offers,2022,0.25
Alaska,All,At least one AP STEM course,Percentage of public high schools that offers,2021,0.26
Alaska,All,At least one AP STEM course,Percentage of public high schools that offers,2020,0.27
Alaska,All,At least one AP STEM course,Percentage of public high schools that offers,2019,0.27
Alaska,All,At least five AP courses,Percentage of public high school students whose school offers,2024,0.62
Alaska,All,At least five AP courses,Percentage of public high school students whose school offers,2023,0.61
Alaska,All,At least five AP courses,Percentage of public high school students whose school offers,2022,0.54
Alaska,All,At least five AP courses,Percentage of public high school students whose school offers,2021,0.56
Alaska,All,At least five AP courses,Percentage of public high school students whose school offers,2020,0.63
Alaska,All,At least five AP courses,Percentage of public high school students whose school offers,2019,0.6
Alaska,All,At least ten AP courses,Percentage of public high school students whose school offers,2024,0.49
Alaska,All,At least ten AP courses,Percentage of public high school students whose school offers,2023,0.43
Alaska,All,At least ten AP courses,Percentage of public high school students whose school offers,2022,0.42
Alaska,All,At least ten AP courses,Percentage of public high school students whose school offers,2021,0.44
Alaska,All,At least ten AP courses,Percentage of public high school students whose school offers,2020,0.51
Alaska,All,At least ten AP courses,Percentage of public high school students whose school offers,2019,0.52
Alaska,All,At least one AP STEM course,Percentage of public high school students whose school offers,2024,0.69
Alaska,All,At least one AP STEM course,Percentage of public high school students whose school offers,2023,0.67
Alaska,All,At least one AP STEM course,Percentage of public high school students whose school offers,2022,0.72
Alaska,All,At least one AP STEM course,Percentage of public high school students whose school offers,2021,0.64
Alaska,All,At least one AP STEM course,Percentage of public high school students whose school offers,2020,0.72
Alaska,All,At least one AP STEM course,Percentage of public high school students whose school offers,2019,0.77
Alaska,Asian,At least five AP courses,pct_students_school_offers,2024,0.83
Alaska,Asian,At least five AP courses,pct_students_school_offers,2023,0.84
Alaska,Asian,At least five AP courses,pct_students_school_offers,2022,0.78
Alaska,Asian,At least five AP courses,pct_students_school_offers,2021,0.83
Alaska,Asian,At least five AP courses,pct_students_school_offers,2020,0.86
Alaska,Asian,At least five AP courses,pct_students_school_offers,2019,0.85
Alaska,Asian,At least ten AP courses,pct_students_school_offers,2024,0.69
Alaska,Asian,At least ten AP courses,pct_students_school_offers,2023,0.64
Alaska,Asian,At least ten AP courses,pct_students_school_offers,2022,0.64
Alaska,Asian,At least ten AP courses,pct_students_school_offers,2021,0.73
Alaska,Asian,At least ten AP courses,pct_students_school_offers,2020,0.79
Alaska,Asian,At least ten AP courses,pct_students_school_offers,2019,0.78
Alaska,Asian,At least one AP STEM course,pct_students_school_offers,2024,0.87
Alaska,Asian,At least one AP STEM course,pct_students_school_offers,2023,0.87
Alaska,Asian,At least one AP STEM course,pct_students_school_offers,2022,0.87
Alaska,Asian,At least one AP STEM course,pct_students_school_offers,2021,0.88
Alaska,Asian,At least one AP STEM course,pct_students_school_offers,2020,0.93
Alaska,Asian,At least one AP STEM course,pct_students_school_offers,2019,0.94
Alaska,Hispanic/Latino,At least five AP courses,pct_students_school_offers,2024,0.78
Alaska,Hispanic/Latino,At least five AP courses,pct_students_school_offers,2023,0.77
Alaska,Hispanic/Latino,At least five AP courses,pct_students_school_offers,2022,0.71
Alaska,Hispanic/Latino,At least five AP courses,pct_students_school_offers,2021,0.72
Alaska,Hispanic/Latino,At least five AP courses,pct_students_school_offers,2020,0.81
Alaska,Hispanic/Latino,At least five AP courses,pct_students_school_offers,2019,0.79
Alaska,Hispanic/Latino,At least ten AP courses,pct_students_school_offers,2024,0.68
Alaska,Hispanic/Latino,At least ten AP courses,pct_students_school_offers,2023,0.62
Alaska,Hispanic/Latino,At least ten AP courses,pct_students_school_offers,2022,0.61
Alaska,Hispanic/Latino,At least ten AP courses,pct_students_school_offers,2021,0.62
Alaska,Hispanic/Latino,At least ten AP courses,pct_students_school_offers,2020,0.72
Alaska,Hispanic/Latino,At least ten AP courses,pct_students_school_offers,2019,0.72
Alaska,Hispanic/Latino,At least one AP STEM course,pct_students_school_offers,2024,0.84
Alaska,Hispanic/Latino,At least one AP STEM course,pct_students_school_offers,2023,0.81
Alaska,Hispanic/Latino,At least one AP STEM course,pct_students_school_offers,2022,0.84
Alaska,Hispanic/Latino,At least one AP STEM course,pct_students_school_offers,2021,0.79
Alaska,Hispanic/Latino,At least one AP STEM course,pct_students_school_offers,2020,0.88
Alaska,Hispanic/Latino,At least one AP STEM course,pct_students_school_offers,2019,0.88
Alaska,White,At least five AP courses,pct_students_school_offers,2024,0.68
Alaska,White,At least five AP courses,pct_students_school_offers,2023,0.63
Alaska,White,At least five AP courses,pct_students_school_offers,2022,0.56
Alaska,White,At least five AP courses,pct_students_school_offers,2021,0.58
Alaska,White,At least five AP courses,pct_students_school_offers,2020,0.66
Alaska,White,At least five AP courses,pct_students_school_offers,2019,0.63
Alaska,White,At least ten AP courses,pct_students_school_offers,2024,0.51
Alaska,White,At least ten AP courses,pct_students_school_offers,2023,0.42
Alaska,White,At least ten AP courses,pct_students_school_offers,2022,0.41
Alaska,White,At least ten AP courses,pct_students_school_offers,2021,0.41
Alaska,White,At least ten AP courses,pct_students_school_offers,2020,0.51
Alaska,White,At least ten AP courses,pct_students_school_offers,2019,0.52
Alaska,White,At least one AP STEM course,pct_students_school_offers,2024,0.75
Alaska,White,At least one AP STEM course,pct_students_school_offers,2023,0.72
Alaska,White,At least one AP STEM course,pct_students_school_offers,2022,0.8
Alaska,White,At least one AP STEM course,pct_students_school_offers,2021,0.67
Alaska,White,At least one AP STEM course,pct_students_school_offers,2020,0.79
Alaska,White,At least one AP STEM course,pct_students_school_offers,2019,0.85
Alaska,Black or African American,At least five AP courses,pct_students_school_offers,2024,0.73
Alaska,Black or African American,At least five AP courses,pct_students_school_offers,2023,0.77
Alaska,Black or African American,At least five AP courses,pct_students_school_offers,2022,0.73
Alaska,Black or African American,At least five AP courses,pct_students_school_offers,2021,0.73
Alaska,Black or African American,At least five AP courses,pct_students_school_offers,2020,0.81
Alaska,Black or African American,At least five AP courses,pct_students_school_offers,2019,0.8
Alaska,Black or African American,At least ten AP courses,pct_students_school_offers,2024,0.69
Alaska,Black or African American,At least ten AP courses,pct_students_school_offers,2023,0.7
Alaska,Black or African American,At least ten AP courses,pct_students_school_offers,2022,0.69
Alaska,Black or African American,At least ten AP courses,pct_students_school_offers,2021,0.69
Alaska,Black or African American,At least ten AP courses,pct_students_school_offers,2020,0.76
Alaska,Black or African American,At least ten AP courses,pct_students_school_offers,2019,0.76
Alaska,Black or African American,At least one AP STEM course,pct_students_school_offers,2024,0.8
Alaska,Black or African American,At least one AP STEM course,pct_students_school_offers,2023,0.79
Alaska,Black or African American,At least one AP STEM course,pct_students_school_offers,2022,0.81
Alaska,Black or African American,At least one AP STEM course,pct_students_school_offers,2021,0.77
Alaska,Black or African American,At least one AP STEM course,pct_students_school_offers,2020,0.85
Alaska,Black or African American,At least one AP STEM course,pct_students_school_offers,2019,0.85
Alaska,Native American or Alaska Native,At least five AP courses,pct_students_school_offers,2024,0.28
Alaska,Native American or Alaska Native,At least five AP courses,pct_students_school_offers,2023,0.29
Alaska,Native American or Alaska Native,At least five AP courses,pct_students_school_offers,2022,0.23
Alaska,Native American or Alaska Native,At least five AP courses,pct_students_school_offers,2021,0.26
Alaska,Native American or Alaska Native,At least five AP courses,pct_students_school_offers,2020,0.3
Alaska,Native American or Alaska Native,At least five AP courses,pct_students_school_offers,2019,0.29
Alaska,Native American or Alaska Native,At least ten AP courses,pct_students_school_offers,2024,0.21
Alaska,Native American or Alaska Native,At least ten AP courses,pct_students_school_offers,2023,0.19
Alaska,Native American or Alaska Native,At least ten AP courses,pct_students_school_offers,2022,0.17
Alaska,Native American or Alaska Native,At least ten AP courses,pct_students_school_offers,2021,0.19
Alaska,Native American or Alaska Native,At least ten AP courses,pct_students_school_offers,2020,0.24
Alaska,Native American or Alaska Native,At least ten AP courses,pct_students_school_offers,2019,0.24
Alaska,Native American or Alaska Native,At least one AP STEM course,pct_students_school_offers,2024,0.38
Alaska,Native American or Alaska Native,At least one AP STEM course,pct_students_school_offers,2023,0.33
Alaska,Native American or Alaska Native,At least one AP STEM course,pct_students_school_offers,2022,0.35
Alaska,Native American or Alaska Native,At least one AP STEM course,pct_students_school_offers,2021,0.31
Alaska,Native American or Alaska Native,At least one AP STEM course,pct_students_school_offers,2020,0.38
Alaska,Native American or Alaska Native,At least one AP STEM course,pct_students_school_offers,2019,0.42
Alaska,Native Hawaiian or other Pacific Islander,At least five AP courses,pct_students_school_offers,2024,0.76
Alaska,Native Hawaiian or other Pacific Islander,At least five AP courses,pct_students_school_offers,2023,0.81
Alaska,Native Hawaiian or other Pacific Islander,At least five AP courses,pct_students_school_offers,2022,0.79
Alaska,Native Hawaiian or other Pacific Islander,At least five AP courses,pct_students_school_offers,2021,0.8
Alaska,Native Hawaiian or other Pacific Islander,At least five AP courses,pct_students_school_offers,2020,0.8
Alaska,Native Hawaiian or other Pacific Islander,At least five AP courses,pct_students_school_offers,2019,0.79
Alaska,Native Hawaiian or other Pacific Islander,At least ten AP courses,pct_students_school_offers,2024,0.72
Alaska,Native Hawaiian or other Pacific Islander,At least ten AP courses,pct_students_school_offers,2023,0.74
Alaska,Native Hawaiian or other Pacific Islander,At least ten AP courses,pct_students_school_offers,2022,0.74
Alaska,Native Hawaiian or other Pacific Islander,At least ten AP courses,pct_students_school_offers,2021,0.75
Alaska,Native Hawaiian or other Pacific Islander,At least ten AP courses,pct_students_school_offers,2020,0.74
Alaska,Native Hawaiian or other Pacific Islander,At least ten AP courses,pct_students_school_offers,2019,0.74
Alaska,Native Hawaiian or other Pacific Islander,At least one AP STEM course,pct_students_school_offers,2024,0.79
Alaska,Native Hawaiian or other Pacific Islander,At least one AP STEM course,pct_students_school_offers,2023,0.82
Alaska,Native Hawaiian or other Pacific Islander,At least one AP STEM course,pct_students_school_offers,2022,0.85
Alaska,Native Hawaiian or other Pacific Islander,At least one AP STEM course,pct_students_school_offers,2021,0.83
Alaska,Native Hawaiian or other Pacific Islander,At least one AP STEM course,pct_students_school_offers,2020,0.86
Alaska,Native Hawaiian or other Pacific Islander,At least one AP STEM course,pct_students_school_offers,2019,0.86
Alaska,Two or More Races,At least five AP courses,pct_students_school_offers,2024,0.71
Alaska,Two or More Races,At least five AP courses,pct_students_school_offers,2023,0.69
Alaska,Two or More Races,At least five AP courses,pct_students_school_offers,2022,0.64
Alaska,Two or More Races,At least five AP courses,pct_students_school_offers,2021,0.65
Alaska,Two or More Races,At least five AP courses,pct_students_school_offers,2020,0.74
Alaska,Two or More Races,At least five AP courses,pct_students_school_offers,2019,0.72
Alaska,Two or More Races,At least ten AP courses,pct_students_school_offers,2024,0.58
Alaska,Two or More Races,At least ten AP courses,pct_students_school_offers,2023,0.53
Alaska,Two or More Races,At least ten AP courses,pct_students_school_offers,2022,0.52
Alaska,Two or More Races,At least ten AP courses,pct_students_school_offers,2021,0.53
Alaska,Two or More Races,At least ten AP courses,pct_students_school_offers,2020,0.63
Alaska,Two or More Races,At least ten AP courses,pct_students_school_offers,2019,0.64
Alaska,Two or More Races,At least one AP STEM course,pct_students_school_offers,2024,0.78
Alaska,Two or More Races,At least one AP STEM course,pct_students_school_offers,2023,0.75
Alaska,Two or More Races,At least one AP STEM course,pct_students_school_offers,2022,0.79
Alaska,Two or More Races,At least one AP STEM course,pct_students_school_offers,2021,0.73
Alaska,Two or More Races,At least one AP STEM course,pct_students_school_offers,2020,0.82
Alaska,Two or More Races,At least one AP STEM course,pct_students_school_offers,2019,0.82
Arizona,All,At least five AP courses,Number of public high schools that offer,2024,175
Arizona,All,At least five AP courses,Number of public high schools that offer,2023,141
Arizona,All,At least five AP courses,Number of public high schools that offer,2022,135
Arizona,All,At least five AP courses,Number of public high schools that offer,2021,136
Arizona,All,At least five AP courses,Number of public high schools that offer,2020,146
Arizona,All,At least five AP courses,Number of public high schools that offer,2019,145
Arizona,All,At least ten AP courses,Number of public high schools that offer,2024,141
Arizona,All,At least ten AP courses,Number of public high schools that offer,2023,113
Arizona,All,At least ten AP courses,Number of public high schools that offer,2022,110
Arizona,All,At least ten AP courses,Number of public high schools that offer,2021,113
Arizona,All,At least ten AP courses,Number of public high schools that offer,2020,120
Arizona,All,At least ten AP courses,Number of public high schools that offer,2019,122
Arizona,All,At least one AP STEM course,Number of public high schools that offer,2024,204
Arizona,All,At least one AP STEM course,Number of public high schools that offer,2023,155
Arizona,All,At least one AP STEM course,Number of public high schools that offer,2022,150
Arizona,All,At least one AP STEM course,Number of public high schools that offer,2021,152
Arizona,All,At least one AP STEM course,Number of public high schools that offer,2020,164
Arizona,All,At least one AP STEM course,Number of public high schools that offer,2019,161
Arizona,All,At least five AP courses,Percentage of public high schools that offers,2024,0.39
Arizona,All,At least five AP courses,Percentage of public high schools that offers,2023,0.56
Arizona,All,At least five AP courses,Percentage of public high schools that offers,2022,0.53
Arizona,All,At least five AP courses,Percentage of public high schools that offers,2021,0.54
Arizona,All,At least five AP courses,Percentage of public high schools that offers,2020,0.52
Arizona,All,At least five AP courses,Percentage of public high schools that offers,2019,0.51
Arizona,All,At least ten AP courses,Percentage of public high schools that offers,2024,0.32
Arizona,All,At least ten AP courses,Percentage of public high schools that offers,2023,0.45
Arizona,All,At least ten AP courses,Percentage of public high schools that offers,2022,0.43
Arizona,All,At least ten AP courses,Percentage of public high schools that offers,2021,0.45
Arizona,All,At least ten AP courses,Percentage of public high schools that offers,2020,0.42
Arizona,All,At least ten AP courses,Percentage of public high schools that offers,2019,0.43
Arizona,All,At least one AP STEM course,Percentage of public high schools that offers,2024,0.46
Arizona,All,At least one AP STEM course,Percentage of public high schools that offers,2023,0.62
Arizona,All,At least one AP STEM course,Percentage of public high schools that offers,2022,0.59
Arizona,All,At least one AP STEM course,Percentage of public high schools that offers,2021,0.6
Arizona,All,At least one AP STEM course,Percentage of public high schools that offers,2020,0.58
Arizona,All,At least one AP STEM course,Percentage of public high schools that offers,2019,0.57
Arizona,All,At least five AP courses,Percentage of public high school students whose school offers,2024,0.76
Arizona,All,At least five AP courses,Percentage of public high school students whose school offers,2023,0.84
Arizona,All,At least five AP courses,Percentage of public high school students whose school offers,2022,0.82
Arizona,All,At least five AP courses,Percentage of public high school students whose school offers,2021,0.84
Arizona,All,At least five AP courses,Percentage of public high school students whose school offers,2020,0.84
Arizona,All,At least five AP courses,Percentage of public high school students whose school offers,2019,0.83
Arizona,All,At least ten AP courses,Percentage of public high school students whose school offers,2024,0.65
Arizona,All,At least ten AP courses,Percentage of public high school students whose school offers,2023,0.71
Arizona,All,At least ten AP courses,Percentage of public high school students whose school offers,2022,0.69
Arizona,All,At least ten AP courses,Percentage of public high school students whose school offers,2021,0.73
Arizona,All,At least ten AP courses,Percentage of public high school students whose school offers,2020,0.71
Arizona,All,At least ten AP courses,Percentage of public high school students whose school offers,2019,0.74
Arizona,All,At least one AP STEM course,Percentage of public high school students whose school offers,2024,0.79
Arizona,All,At least one AP STEM course,Percentage of public high school students whose school offers,2023,0.88
Arizona,All,At least one AP STEM course,Percentage of public high school students whose school offers,2022,0.87
Arizona,All,At least one AP STEM course,Percentage of public high school students whose school offers,2021,0.87
Arizona,All,At least one AP STEM course,Percentage of public high school students whose school offers,2020,0.88
Arizona,All,At least one AP STEM course,Percentage of public high school students whose school offers,2019,0.87
Arizona,Asian,At least five AP courses,pct_students_school_offers,2024,0.88
Arizona,Asian,At least five AP courses,pct_students_school_offers,2023,0.94
Arizona,Asian,At least five AP courses,pct_students_school_offers,2022,0.9
Arizona,Asian,At least five AP courses,pct_students_school_offers,2021,0.91
Arizona,Asian,At least five AP courses,pct_students_school_offers,2020,0.93
Arizona,Asian,At least five AP courses,pct_students_school_offers,2019,0.93
Arizona,Asian,At least ten AP courses,pct_students_school_offers,2024,0.83
Arizona,Asian,At least ten AP courses,pct_students_school_offers,2023,0.85
Arizona,Asian,At least ten AP courses,pct_students_school_offers,2022,0.82
Arizona,Asian,At least ten AP courses,pct_students_school_offers,2021,0.85
Arizona,Asian,At least ten AP courses,pct_students_school_offers,2020,0.88
Arizona,Asian,At least ten AP courses,pct_students_school_offers,2019,0.88
Arizona,Asian,At least one AP STEM course,pct_students_school_offers,2024,0.91
Arizona,Asian,At least one AP STEM course,pct_students_school_offers,2023,0.96
Arizona,Asian,At least one AP STEM course,pct_students_school_offers,2022,0.93
Arizona,Asian,At least one AP STEM course,pct_students_school_offers,2021,0.94
Arizona,Asian,At least one AP STEM course,pct_students_school_offers,2020,0.96
Arizona,Asian,At least one AP STEM course,pct_students_school_offers,2019,0.95
Arizona,Hispanic/Latino,At least five AP courses,pct_students_school_offers,2024,0.77
Arizona,Hispanic/Latino,At least five AP courses,pct_students_school_offers,2023,0.85
Arizona,Hispanic/Latino,At least five AP courses,pct_students_school_offers,2022,0.84
Arizona,Hispanic/Latino,At least five AP courses,pct_students_school_offers,2021,0.86
Arizona,Hispanic/Latino,At least five AP courses,pct_students_school_offers,2020,0.86
Arizona,Hispanic/Latino,At least five AP courses,pct_students_school_offers,2019,0.85
Arizona,Hispanic/Latino,At least ten AP courses,pct_students_school_offers,2024,0.63
Arizona,Hispanic/Latino,At least ten AP courses,pct_students_school_offers,2023,0.69
Arizona,Hispanic/Latino,At least ten AP courses,pct_students_school_offers,2022,0.68
Arizona,Hispanic/Latino,At least ten AP courses,pct_students_school_offers,2021,0.73
Arizona,Hispanic/Latino,At least ten AP courses,pct_students_school_offers,2020,0.68
Arizona,Hispanic/Latino,At least ten AP courses,pct_students_school_offers,2019,0.73
Arizona,Hispanic/Latino,At least one AP STEM course,pct_students_school_offers,2024,0.8
Arizona,Hispanic/Latino,At least one AP STEM course,pct_students_school_offers,2023,0.89
Arizona,Hispanic/Latino,At least one AP STEM course,pct_students_school_offers,2022,0.88
Arizona,Hispanic/Latino,At least one AP STEM course,pct_students_school_offers,2021,0.88
Arizona,Hispanic/Latino,At least one AP STEM course,pct_students_school_offers,2020,0.88
Arizona,Hispanic/Latino,At least one AP STEM course,pct_students_school_offers,2019,0.87
Arizona,White,At least five AP courses,pct_students_school_offers,2024,0.78
Arizona,White,At least five AP courses,pct_students_school_offers,2023,0.85
Arizona,White,At least five AP courses,pct_students_school_offers,2022,0.83
Arizona,White,At least five AP courses,pct_students_school_offers,2021,0.84
Arizona,White,At least five AP courses,pct_students_school_offers,2020,0.85
Arizona,White,At least five AP courses,pct_students_school_offers,2019,0.84
Arizona,White,At least ten AP courses,pct_students_school_offers,2024,0.69
Arizona,White,At least ten AP courses,pct_students_school_offers,2023,0.76
Arizona,White,At least ten AP courses,pct_students_school_offers,2022,0.74
Arizona,White,At least ten AP courses,pct_students_school_offers,2021,0.77
Arizona,White,At least ten AP courses,pct_students_school_offers,2020,0.76
Arizona,White,At least ten AP courses,pct_students_school_offers,2019,0.76
Arizona,White,At least one AP STEM course,pct_students_school_offers,2024,0.81
Arizona,White,At least one AP STEM course,pct_students_school_offers,2023,0.88
Arizona,White,At least one AP STEM course,pct_students_school_offers,2022,0.87
Arizona,White,At least one AP STEM course,pct_students_school_offers,2021,0.88
Arizona,White,At least one AP STEM course,pct_students_school_offers,2020,0.88
Arizona,White,At least one AP STEM course,pct_students_school_offers,2019,0.87
Arizona,Black or African American,At least five AP courses,pct_students_school_offers,2024,0.76
Arizona,Black or African American,At least five AP courses,pct_students_school_offers,2023,0.87
Arizona,Black or African American,At least five AP courses,pct_students_school_offers,2022,0.85
Arizona,Black or African American,At least five AP courses,pct_students_school_offers,2021,0.87
Arizona,Black or African American,At least five AP courses,pct_students_school_offers,2020,0.85
Arizona,Black or African American,At least five AP courses,pct_students_school_offers,2019,0.85
Arizona,Black or African American,At least ten AP courses,pct_students_school_offers,2024,0.65
Arizona,Black or African American,At least ten AP courses,pct_students_school_offers,2023,0.72
Arizona,Black or African American,At least ten AP courses,pct_students_school_offers,2022,0.71
Arizona,Black or African American,At least ten AP courses,pct_students_school_offers,2021,0.74
Arizona,Black or African American,At least ten AP courses,pct_students_school_offers,2020,0.74
Arizona,Black or African American,At least ten AP courses,pct_students_school_offers,2019,0.76
Arizona,Black or African American,At least one AP STEM course,pct_students_school_offers,2024,0.8
Arizona,Black or African American,At least one AP STEM course,pct_students_school_offers,2023,0.92
Arizona,Black or African American,At least one AP STEM course,pct_students_school_offers,2022,0.9
Arizona,Black or African American,At least one AP STEM course,pct_students_school_offers,2021,0.9
Arizona,Black or African American,At least one AP STEM course,pct_students_school_offers,2020,0.89
Arizona,Black or African American,At least one AP STEM course,pct_students_school_offers,2019,0.88
Arizona,Native American or Alaska Native,At least five AP courses,pct_students_school_offers,2024,0.39
Arizona,Native American or Alaska Native,At least five AP courses,pct_students_school_offers,2023,0.5
Arizona,Native American or Alaska Native,At least five AP courses,pct_students_school_offers,2022,0.47
Arizona,Native American or Alaska Native,At least five AP courses,pct_students_school_offers,2021,0.47
Arizona,Native American or Alaska Native,At least five AP courses,pct_students_school_offers,2020,0.47
Arizona,Native American or Alaska Native,At least five AP courses,pct_students_school_offers,2019,0.52
Arizona,Native American or Alaska Native,At least ten AP courses,pct_students_school_offers,2024,0.34
Arizona,Native American or Alaska Native,At least ten AP courses,pct_students_school_offers,2023,0.4
Arizona,Native American or Alaska Native,At least ten AP courses,pct_students_school_offers,2022,0.37
Arizona,Native American or Alaska Native,At least ten AP courses,pct_students_school_offers,2021,0.38
Arizona,Native American or Alaska Native,At least ten AP courses,pct_students_school_offers,2020,0.39
Arizona,Native American or Alaska Native,At least ten AP courses,pct_students_school_offers,2019,0.43
Arizona,Native American or Alaska Native,At least one AP STEM course,pct_students_school_offers,2024,0.55
Arizona,Native American or Alaska Native,At least one AP STEM course,pct_students_school_offers,2023,0.62
Arizona,Native American or Alaska Native,At least one AP STEM course,pct_students_school_offers,2022,0.64
Arizona,Native American or Alaska Native,At least one AP STEM course,pct_students_school_offers,2021,0.64
Arizona,Native American or Alaska Native,At least one AP STEM course,pct_students_school_offers,2020,0.66
Arizona,Native American or Alaska Native,At least one AP STEM course,pct_students_school_offers,2019,0.68
Arizona,Native Hawaiian or other Pacific Islander,At least five AP courses,pct_students_school_offers,2024,0.76
Arizona,Native Hawaiian or other Pacific Islander,At least five AP courses,pct_students_school_offers,2023,0.83
Arizona,Native Hawaiian or other Pacific Islander,At least five AP courses,pct_students_school_offers,2022,0.82
Arizona,Native Hawaiian or other Pacific Islander,At least five AP courses,pct_students_school_offers,2021,0.83
Arizona,Native Hawaiian or other Pacific Islander,At least five AP courses,pct_students_school_offers,2020,0.82
Arizona,Native Hawaiian or other Pacific Islander,At least five AP courses,pct_students_school_offers,2019,0.81
Arizona,Native Hawaiian or other Pacific Islander,At least ten AP courses,pct_students_school_offers,2024,0.63
Arizona,Native Hawaiian or other Pacific Islander,At least ten AP courses,pct_students_school_offers,2023,0.69
Arizona,Native Hawaiian or other Pacific Islander,At least ten AP courses,pct_students_school_offers,2022,0.69
Arizona,Native Hawaiian or other Pacific Islander,At least ten AP courses,pct_students_school_offers,2021,0.73
Arizona,Native Hawaiian or other Pacific Islander,At least ten AP courses,pct_students_school_offers,2020,0.72
Arizona,Native Hawaiian or other Pacific Islander,At least ten AP courses,pct_students_school_offers,2019,0.71
Arizona,Native Hawaiian or other Pacific Islander,At least one AP STEM course,pct_students_school_offers,2024,0.78
Arizona,Native Hawaiian or other Pacific Islander,At least one AP STEM course,pct_students_school_offers,2023,0.87
Arizona,Native Hawaiian or other Pacific Islander,At least one AP STEM course,pct_students_school_offers,2022,0.86
Arizona,Native Hawaiian or other Pacific Islander,At least one AP STEM course,pct_students_school_offers,2021,0.86
Arizona,Native Hawaiian or other Pacific Islander,At least one AP STEM course,pct_students_school_offers,2020,0.86
Arizona,Native Hawaiian or other Pacific Islander,At least one AP STEM course,pct_students_school_offers,2019,0.84
Arizona,Two or More Races,At least five AP courses,pct_students_school_offers,2024,0.78
Arizona,Two or More Races,At least five AP courses,pct_students_school_offers,2023,0.86
Arizona,Two or More Races,At least five AP courses,pct_students_school_offers,2022,0.83
Arizona,Two or More Races,At least five AP courses,pct_students_school_offers,2021,0.84
Arizona,Two or More Races,At least five AP courses,pct_students_school_offers,2020,0.85
Arizona,Two or More Races,At least five AP courses,pct_students_school_offers,2019,0.84
Arizona,Two or More Races,At least ten AP courses,pct_students_school_offers,2024,0.69
Arizona,Two or More Races,At least ten AP courses,pct_students_school_offers,2023,0.75
Arizona,Two or More Races,At least ten AP courses,pct_students_school_offers,2022,0.71
Arizona,Two or More Races,At least ten AP courses,pct_students_school_offers,2021,0.75
Arizona,Two or More Races,At least ten AP courses,pct_students_school_offers,2020,0.76
Arizona,Two or More Races,At least ten AP courses,pct_students_school_offers,2019,0.76
Arizona,Two or More Races,At least one AP STEM course,pct_students_school_offers,2024,0.82
Arizona,Two or More Races,At least one AP STEM course,pct_students_school_offers,2023,0.9
Arizona,Two or More Races,At least one AP STEM course,pct_students_school_offers,2022,0.87
Arizona,Two or More Races,At least one AP STEM course,pct_students_school_offers,2021,0.88
Arizona,Two or More Races,At least one AP STEM course,pct_students_school_offers,2020,0.89
Arizona,Two or More Races,At least one AP STEM course,pct_students_school_offers,2019,0.87
Arkansas,All,At least five AP courses,Number of public high schools that offer,2024,182
Arkansas,All,At least five AP courses,Number of public high schools that offer,2023,162
Arkansas,All,At least five AP courses,Number of public high schools that offer,2022,154
Arkansas,All,At least five AP courses,Number of public high schools that offer,2021,170
Arkansas,All,At least five AP courses,Number of public high schools that offer,2020,131
Arkansas,All,At least five AP courses,Number of public high schools that offer,2019,118
Arkansas,All,At least ten AP courses,Number of public high schools that offer,2024,83
Arkansas,All,At least ten AP courses,Number of public high schools that offer,2023,68
Arkansas,All,At least ten AP courses,Number of public high schools that offer,2022,65
Arkansas,All,At least ten AP courses,Number of public high schools that offer,2021,65
Arkansas,All,At least ten AP courses,Number of public high schools that offer,2020,45
Arkansas,All,At least ten AP courses,Number of public high schools that offer,2019,39
Arkansas,All,At least one AP STEM course,Number of public high schools that offer,2024,220
Arkansas,All,At least one AP STEM course,Number of public high schools that offer,2023,210
Arkansas,All,At least one AP STEM course,Number of public high schools that offer,2022,205
Arkansas,All,At least one AP STEM course,Number of public high schools that offer,2021,208
Arkansas,All,At least one AP STEM course,Number of public high schools that offer,2020,179
Arkansas,All,At least one AP STEM course,Number of public high schools that offer,2019,170
Arkansas,All,At least five AP courses,Percentage of public high schools that offers,2024,0.61
Arkansas,All,At least five AP courses,Percentage of public high schools that offers,2023,0.61
Arkansas,All,At least five AP courses,Percentage of public high schools that offers,2022,0.6
Arkansas,All,At least five AP courses,Percentage of public high schools that offers,2021,0.66
Arkansas,All,At least five AP courses,Percentage of public high schools that offers,2020,0.58
Arkansas,All,At least five AP courses,Percentage of public high schools that offers,2019,0.52
Arkansas,All,At least ten AP courses,Percentage of public high schools that offers,2024,0.28
Arkansas,All,At least ten AP courses,Percentage of public high schools that offers,2023,0.26
Arkansas,All,At least ten AP courses,Percentage of public high schools that offers,2022,0.25
Arkansas,All,At least ten AP courses,Percentage of public high schools that offers,2021,0.25
Arkansas,All,At least ten AP courses,Percentage of public high schools that offers,2020,0.2
Arkansas,All,At least ten AP courses,Percentage of public high schools that offers,2019,0.17
Arkansas,All,At least one AP STEM course,Percentage of public high schools that offers,2024,0.74
Arkansas,All,At least one AP STEM course,Percentage of public high schools that offers,2023,0.79
Arkansas,All,At least one AP STEM course,Percentage of public high schools that offers,2022,0.8
Arkansas,All,At least one AP STEM course,Percentage of public high schools that offers,2021,0.81
Arkansas,All,At least one AP STEM course,Percentage of public high schools that offers,2020,0.79
Arkansas,All,At least one AP STEM course,Percentage of public high schools that offers,2019,0.75
Arkansas,All,At least five AP courses,Percentage of public high school students whose school offers,2024,0.83
Arkansas,All,At least five AP courses,Percentage of public high school students whose school offers,2023,0.84
Arkansas,All,At least five AP courses,Percentage of public high school students whose school offers,2022,0.83
Arkansas,All,At least five AP courses,Percentage of public high school students whose school offers,2021,0.87
Arkansas,All,At least five AP courses,Percentage of public high school students whose school offers,2020,0.81
Arkansas,All,At least five AP courses,Percentage of public high school students whose school offers,2019,0.78
Arkansas,All,At least ten AP courses,Percentage of public high school students whose school offers,2024,0.59
Arkansas,All,At least ten AP courses,Percentage of public high school students whose school offers,2023,0.59
Arkansas,All,At least ten AP courses,Percentage of public high school students whose school offers,2022,0.59
Arkansas,All,At least ten AP courses,Percentage of public high school students whose school offers,2021,0.58
Arkansas,All,At least ten AP courses,Percentage of public high school students whose school offers,2020,0.5
Arkansas,All,At least ten AP courses,Percentage of public high school students whose school offers,2019,0.47
Arkansas,All,At least one AP STEM course,Percentage of public high school students whose school offers,2024,0.89
Arkansas,All,At least one AP STEM course,Percentage of public high school students whose school offers,2023,0.92
Arkansas,All,At least one AP STEM course,Percentage of public high school students whose school offers,2022,0.93
Arkansas,All,At least one AP STEM course,Percentage of public high school students whose school offers,2021,0.94
Arkansas,All,At least one AP STEM course,Percentage of public high school students whose school offers,2020,0.91
Arkansas,All,At least one AP STEM course,Percentage of public high school students whose school offers,2019,0.89
Arkansas,Asian,At least five AP courses,pct_students_school_offers,2024,0.93
Arkansas,Asian,At least five AP courses,pct_students_school_offers,2023,0.94
Arkansas,Asian,At least five AP courses,pct_students_school_offers,2022,0.93
Arkansas,Asian,At least five AP courses,pct_students_school_offers,2021,0.96
Arkansas,Asian,At least five AP courses,pct_students_school_offers,2020,0.91
Arkansas,Asian,At least five AP courses,pct_students_school_offers,2019,0.9
Arkansas,Asian,At least ten AP courses,pct_students_school_offers,2024,0.8
Arkansas,Asian,At least ten AP courses,pct_students_school_offers,2023,0.79
Arkansas,Asian,At least ten AP courses,pct_students_school_offers,2022,0.8
Arkansas,Asian,At least ten AP courses,pct_students_school_offers,2021,0.81
Arkansas,Asian,At least ten AP courses,pct_students_school_offers,2020,0.71
Arkansas,Asian,At least ten AP courses,pct_students_school_offers,2019,0.7
Arkansas,Asian,At least one AP STEM course,pct_students_school_offers,2024,0.95
Arkansas,Asian,At least one AP STEM course,pct_students_school_offers,2023,0.97
Arkansas,Asian,At least one AP STEM course,pct_students_school_offers,2022,0.98
Arkansas,Asian,At least one AP STEM course,pct_students_school_offers,2021,0.99
Arkansas,Asian,At least one AP STEM course,pct_students_school_offers,2020,0.95
Arkansas,Asian,At least one AP STEM course,pct_students_school_offers,2019,0.94
Arkansas,Hispanic/Latino,At least five AP courses,pct_students_school_offers,2024,0.88
Arkansas,Hispanic/Latino,At least five AP courses,pct_students_school_offers,2023,0.86
Arkansas,Hispanic/Latino,At least five AP courses,pct_students_school_offers,2022,0.89
Arkansas,Hispanic/Latino,At least five AP courses,pct_students_school_offers,2021,0.92
Arkansas,Hispanic/Latino,At least five AP courses,pct_students_school_offers,2020,0.87
Arkansas,Hispanic/Latino,At least five AP courses,pct_students_school_offers,2019,0.86
Arkansas,Hispanic/Latino,At least ten AP courses,pct_students_school_offers,2024,0.74
Arkansas,Hispanic/Latino,At least ten AP courses,pct_students_school_offers,2023,0.74
Arkansas,Hispanic/Latino,At least ten AP courses,pct_students_school_offers,2022,0.75
Arkansas,Hispanic/Latino,At least ten AP courses,pct_students_school_offers,2021,0.75
Arkansas,Hispanic/Latino,At least ten AP courses,pct_students_school_offers,2020,0.71
Arkansas,Hispanic/Latino,At least ten AP courses,pct_students_school_offers,2019,0.68
Arkansas,Hispanic/Latino,At least one AP STEM course,pct_students_school_offers,2024,0.92
Arkansas,Hispanic/Latino,At least one AP STEM course,pct_students_school_offers,2023,0.95
Arkansas,Hispanic/Latino,At least one AP STEM course,pct_students_school_offers,2022,0.97
Arkansas,Hispanic/Latino,At least one AP STEM course,pct_students_school_offers,2021,0.97
Arkansas,Hispanic/Latino,At least one AP STEM course,pct_students_school_offers,2020,0.94
Arkansas,Hispanic/Latino,At least one AP STEM course,pct_students_school_offers,2019,0.9
Arkansas,White,At least five AP courses,pct_students_school_offers,2024,0.82
Arkansas,White,At least five AP courses,pct_students_school_offers,2023,0.81
Arkansas,White,At least five AP courses,pct_students_school_offers,2022,0.8
Arkansas,White,At least five AP courses,pct_students_school_offers,2021,0.84
Arkansas,White,At least five AP courses,pct_students_school_offers,2020,0.79
Arkansas,White,At least five AP courses,pct_students_school_offers,2019,0.75
Arkansas,White,At least ten AP courses,pct_students_school_offers,2024,0.54
Arkansas,White,At least ten AP courses,pct_students_school_offers,2023,0.53
Arkansas,White,At least ten AP courses,pct_students_school_offers,2022,0.53
Arkansas,White,At least ten AP courses,pct_students_school_offers,2021,0.51
Arkansas,White,At least ten AP courses,pct_students_school_offers,2020,0.45
Arkansas,White,At least ten AP courses,pct_students_school_offers,2019,0.42
Arkansas,White,At least one AP STEM course,pct_students_school_offers,2024,0.88
Arkansas,White,At least one AP STEM course,pct_students_school_offers,2023,0.91
Arkansas,White,At least one AP STEM course,pct_students_school_offers,2022,0.92
Arkansas,White,At least one AP STEM course,pct_students_school_offers,2021,0.93
Arkansas,White,At least one AP STEM course,pct_students_school_offers,2020,0.91
Arkansas,White,At least one AP STEM course,pct_students_school_offers,2019,0.89
Arkansas,Black or African American,At least five AP courses,pct_students_school_offers,2024,0.83
Arkansas,Black or African American,At least five AP courses,pct_students_school_offers,2023,0.88
Arkansas,Black or African American,At least five AP courses,pct_students_school_offers,2022,0.87
Arkansas,Black or African American,At least five AP courses,pct_students_school_offers,2021,0.91
Arkansas,Black or African American,At least five AP courses,pct_students_school_offers,2020,0.84
Arkansas,Black or African American,At least five AP courses,pct_students_school_offers,2019,0.83
Arkansas,Black or African American,At least ten AP courses,pct_students_school_offers,2024,0.59
Arkansas,Black or African American,At least ten AP courses,pct_students_school_offers,2023,0.61
Arkansas,Black or African American,At least ten AP courses,pct_students_school_offers,2022,0.6
Arkansas,Black or African American,At least ten AP courses,pct_students_school_offers,2021,0.62
Arkansas,Black or African American,At least ten AP courses,pct_students_school_offers,2020,0.55
Arkansas,Black or African American,At least ten AP courses,pct_students_school_offers,2019,0.52
Arkansas,Black or African American,At least one AP STEM course,pct_students_school_offers,2024,0.89
Arkansas,Black or African American,At least one AP STEM course,pct_students_school_offers,2023,0.94
Arkansas,Black or African American,At least one AP STEM course,pct_students_school_offers,2022,0.93
Arkansas,Black or African American,At least one AP STEM course,pct_students_school_offers,2021,0.94
Arkansas,Black or African American,At least one AP STEM course,pct_students_school_offers,2020,0.88
Arkansas,Black or African American,At least one AP STEM course,pct_students_school_offers,2019,0.88
Arkansas,Native American or Alaska Native,At least five AP courses,pct_students_school_offers,2024,0.84
Arkansas,Native American or Alaska Native,At least five AP courses,pct_students_school_offers,2023,0.83
Arkansas,Native American or Alaska Native,At least five AP courses,pct_students_school_offers,2022,0.84
Arkansas,Native American or Alaska Native,At least five AP courses,pct_students_school_offers,2021,0.89
Arkansas,Native American or Alaska Native,At least five AP courses,pct_students_school_offers,2020,0.84
Arkansas,Native American or Alaska Native,At least five AP courses,pct_students_school_offers,2019,0.82
Arkansas,Native American or Alaska Native,At least ten AP courses,pct_students_school_offers,2024,0.59
Arkansas,Native American or Alaska Native,At least ten AP courses,pct_students_school_offers,2023,0.6
Arkansas,Native American or Alaska Native,At least ten AP courses,pct_students_school_offers,2022,0.58
Arkansas,Native American or Alaska Native,At least ten AP courses,pct_students_school_offers,2021,0.57
Arkansas,Native American or Alaska Native,At least ten AP courses,pct_students_school_offers,2020,0.53
Arkansas,Native American or Alaska Native,At least ten AP courses,pct_students_school_offers,2019,0.51
Arkansas,Native American or Alaska Native,At least one AP STEM course,pct_students_school_offers,2024,0.9
Arkansas,Native American or Alaska Native,At least one AP STEM course,pct_students_school_offers,2023,0.92
Arkansas,Native American or Alaska Native,At least one AP STEM course,pct_students_school_offers,2022,0.95
Arkansas,Native American or Alaska Native,At least one AP STEM course,pct_students_school_offers,2021,0.95
Arkansas,Native American or Alaska Native,At least one AP STEM course,pct_students_school_offers,2020,0.94
Arkansas,Native American or Alaska Native,At least one AP STEM course,pct_students_school_offers,2019,0.9
Arkansas,Native Hawaiian or other Pacific Islander,At least five AP courses,pct_students_school_offers,2024,0.87
Arkansas,Native Hawaiian or other Pacific Islander,At least five AP courses,pct_students_school_offers,2023,0.8
Arkansas,Native Hawaiian or other Pacific Islander,At least five AP courses,pct_students_school_offers,2022,0.97
Arkansas,Native Hawaiian or other Pacific Islander,At least five AP courses,pct_students_school_offers,2021,0.99
Arkansas,Native Hawaiian or other Pacific Islander,At least five AP courses,pct_students_school_offers,2020,0.9
Arkansas,Native Hawaiian or other Pacific Islander,At least five AP courses,pct_students_school_offers,2019,0.88
Arkansas,Native Hawaiian or other Pacific Islander,At least ten AP courses,pct_students_school_offers,2024,0.74
Arkansas,Native Hawaiian or other Pacific Islander,At least ten AP courses,pct_students_school_offers,2023,0.73
Arkansas,Native Hawaiian or other Pacific Islander,At least ten AP courses,pct_students_school_offers,2022,0.87
Arkansas,Native Hawaiian or other Pacific Islander,At least ten AP courses,pct_students_school_offers,2021,0.87
Arkansas,Native Hawaiian or other Pacific Islander,At least ten AP courses,pct_students_school_offers,2020,0.75
Arkansas,Native Hawaiian or other Pacific Islander,At least ten AP courses,pct_students_school_offers,2019,0.76
Arkansas,Native Hawaiian or other Pacific Islander,At least one AP STEM course,pct_students_school_offers,2024,0.88
Arkansas,Native Hawaiian or other Pacific Islander,At least one AP STEM course,pct_students_school_offers,2023,0.95
Arkansas,Native Hawaiian or other Pacific Islander,At least one AP STEM course,pct_students_school_offers,2022,0.99
Arkansas,Native Hawaiian or other Pacific Islander,At least one AP STEM course,pct_students_school_offers,2021,0.99
Arkansas,Native Hawaiian or other Pacific Islander,At least one AP STEM course,pct_students_school_offers,2020,0.97
Arkansas,Native Hawaiian or other Pacific Islander,At least one AP STEM course,pct_students_school_offers,2019,0.92
Arkansas,Two or More Races,At least five AP courses,pct_students_school_offers,2024,0.86
Arkansas,Two or More Races,At least five AP courses,pct_students_school_offers,2023,0.86
Arkansas,Two or More Races,At least five AP courses,pct_students_school_offers,2022,0.88
Arkansas,Two or More Races,At least five AP courses,pct_students_school_offers,2021,0.91
Arkansas,Two or More Races,At least five AP courses,pct_students_school_offers,2020,0.88
Arkansas,Two or More Races,At least five AP courses,pct_students_school_offers,2019,0.87
Arkansas,Two or More Races,At least ten AP courses,pct_students_school_offers,2024,0.67
Arkansas,Two or More Races,At least ten AP courses,pct_students_school_offers,2023,0.66
Arkansas,Two or More Races,At least ten AP courses,pct_students_school_offers,2022,0.67
Arkansas,Two or More Races,At least ten AP courses,pct_students_school_offers,2021,0.65
Arkansas,Two or More Races,At least ten AP courses,pct_students_school_offers,2020,0.62
Arkansas,Two or More Races,At least ten AP courses,pct_students_school_offers,2019,0.59
Arkansas,Two or More Races,At least one AP STEM course,pct_students_school_offers,2024,0.91
Arkansas,Two or More Races,At least one AP STEM course,pct_students_school_offers,2023,0.93
Arkansas,Two or More Races,At least one AP STEM course,pct_students_school_offers,2022,0.95
Arkansas,Two or More Races,At least one AP STEM course,pct_students_school_offers,2021,0.96
Arkansas,Two or More Races,At least one AP STEM course,pct_students_school_offers,2020,0.95
Arkansas,Two or More Races,At least one AP STEM course,pct_students_school_offers,2019,0.93
California,All,At least five AP courses,Number of public high schools that offer,2024,1131
California,All,At least five AP courses,Number of public high schools that offer,2023,1081
California,All,At least five AP courses,Number of public high schools that offer,2022,1073
California,All,At least five AP courses,Number of public high schools that offer,2021,1072
California,All,At least five AP courses,Number of public high schools that offer,2020,1048
California,All,At least five AP courses,Number of public high schools that offer,2019,1055
California,All,At least ten AP courses,Number of public high schools that offer,2024,879
California,All,At least ten AP courses,Number of public high schools that offer,2023,843
California,All,At least ten AP courses,Number of public high schools that offer,2022,809
California,All,At least ten AP courses,Number of public high schools that offer,2021,807
California,All,At least ten AP courses,Number of public high schools that offer,2020,797
California,All,At least ten AP courses,Number of public high schools that offer,2019,803
California,All,At least one AP STEM course,Number of public high schools that offer,2024,1223
California,All,At least one AP STEM course,Number of public high schools that offer,2023,1200
California,All,At least one AP STEM course,Number of public high schools that offer,2022,1161
California,All,At least one AP STEM course,Number of public high schools that offer,2021,1183
California,All,At least one AP STEM course,Number of public high schools that offer,2020,1142
California,All,At least one AP STEM course,Number of public high schools that offer,2019,1159
California,All,At least five AP courses,Percentage of public high schools that offers,2024,0.51
California,All,At least five AP courses,Percentage of public high schools that offers,2023,0.54
California,All,At least five AP courses,Percentage of public high schools that offers,2022,0.54
California,All,At least five AP courses,Percentage of public high schools that offers,2021,0.54
California,All,At least five AP courses,Percentage of public high schools that offers,2020,0.57
California,All,At least five AP courses,Percentage of public high schools that offers,2019,0.57
California,All,At least ten AP courses,Percentage of public high schools that offers,2024,0.4
California,All,At least ten AP courses,Percentage of public high schools that offers,2023,0.42
California,All,At least ten AP courses,Percentage of public high schools that offers,2022,0.4
California,All,At least ten AP courses,Percentage of public high schools that offers,2021,0.4
California,All,At least ten AP courses,Percentage of public high schools that offers,2020,0.43
California,All,At least ten AP courses,Percentage of public high schools that offers,2019,0.44
California,All,At least one AP STEM course,Percentage of public high schools that offers,2024,0.55
California,All,At least one AP STEM course,Percentage of public high schools that offers,2023,0.6
California,All,At least one AP STEM course,Percentage of public high schools that offers,2022,0.58
California,All,At least one AP STEM course,Percentage of public high schools that offers,2021,0.59
California,All,At least one AP STEM course,Percentage of public high schools that offers,2020,0.62
California,All,At least one AP STEM course,Percentage of public high schools that offers,2019,0.63
California,All,At least five AP courses,Percentage of public high school students whose school offers,2024,0.86
California,All,At least five AP courses,Percentage of public high school students whose school offers,2023,0.87
California,All,At least five AP courses,Percentage of public high school students whose school offers,2022,0.87
California,All,At least five AP courses,Percentage of public high school students whose school offers,2021,0.87
California,All,At least five AP courses,Percentage of public high school students whose school offers,2020,0.89
California,All,At least five AP courses,Percentage of public high school students whose school offers,2019,0.89
California,All,At least ten AP courses,Percentage of public high school students whose school offers,2024,0.77
California,All,At least ten AP courses,Percentage of public high school students whose school offers,2023,0.78
California,All,At least ten AP courses,Percentage of public high school students whose school offers,2022,0.77
California,All,At least ten AP courses,Percentage of public high school students whose school offers,2021,0.77
California,All,At least ten AP courses,Percentage of public high school students whose school offers,2020,0.79
California,All,At least ten AP courses,Percentage of public high school students whose school offers,2019,0.8
California,All,At least one AP STEM course,Percentage of public high school students whose school offers,2024,0.88
California,All,At least one AP STEM course,Percentage of public high school students whose school offers,2023,0.9
California,All,At least one AP STEM course,Percentage of public high school students whose school offers,2022,0.89
California,All,At least one AP STEM course,Percentage of public high school students whose school offers,2021,0.89
California,All,At least one AP STEM course,Percentage of public high school students whose school offers,2020,0.91
California,All,At least one AP STEM course,Percentage of public high school students whose school offers,2019,0.92
California,Asian,At least five AP courses,pct_students_school_offers,2024,0.95
California,Asian,At least five AP courses,pct_students_school_offers,2023,0.95
California,Asian,At least five AP courses,pct_students_school_offers,2022,0.95
California,Asian,At least five AP courses,pct_students_school_offers,2021,0.95
California,Asian,At least five AP courses,pct_students_school_offers,2020,0.96
California,Asian,At least five AP courses,pct_students_school_offers,2019,0.96
California,Asian,At least ten AP courses,pct_students_school_offers,2024,0.91
California,Asian,At least ten AP courses,pct_students_school_offers,2023,0.91
California,Asian,At least ten AP courses,pct_students_school_offers,2022,0.9
California,Asian,At least ten AP courses,pct_students_school_offers,2021,0.9
California,Asian,At least ten AP courses,pct_students_school_offers,2020,0.91
California,Asian,At least ten AP courses,pct_students_school_offers,2019,0.92
California,Asian,At least one AP STEM course,pct_students_school_offers,2024,0.96
California,Asian,At least one AP STEM course,pct_students_school_offers,2023,0.96
California,Asian,At least one AP STEM course,pct_students_school_offers,2022,0.97
California,Asian,At least one AP STEM course,pct_students_school_offers,2021,0.96
California,Asian,At least one AP STEM course,pct_students_school_offers,2020,0.97
California,Asian,At least one AP STEM course,pct_students_school_offers,2019,0.97
California,Hispanic/Latino,At least five AP courses,pct_students_school_offers,2024,0.84
California,Hispanic/Latino,At least five AP courses,pct_students_school_offers,2023,0.86
California,Hispanic/Latino,At least five AP courses,pct_students_school_offers,2022,0.86
California,Hispanic/Latino,At least five AP courses,pct_students_school_offers,2021,0.86
California,Hispanic/Latino,At least five AP courses,pct_students_school_offers,2020,0.88
California,Hispanic/Latino,At least five AP courses,pct_students_school_offers,2019,0.88
California,Hispanic/Latino,At least ten AP courses,pct_students_school_offers,2024,0.73
California,Hispanic/Latino,At least ten AP courses,pct_students_school_offers,2023,0.75
California,Hispanic/Latino,At least ten AP courses,pct_students_school_offers,2022,0.74
California,Hispanic/Latino,At least ten AP courses,pct_students_school_offers,2021,0.74
California,Hispanic/Latino,At least ten AP courses,pct_students_school_offers,2020,0.76
California,Hispanic/Latino,At least ten AP courses,pct_students_school_offers,2019,0.77
California,Hispanic/Latino,At least one AP STEM course,pct_students_school_offers,2024,0.86
California,Hispanic/Latino,At least one AP STEM course,pct_students_school_offers,2023,0.89
California,Hispanic/Latino,At least one AP STEM course,pct_students_school_offers,2022,0.88
California,Hispanic/Latino,At least one AP STEM course,pct_students_school_offers,2021,0.88
California,Hispanic/Latino,At least one AP STEM course,pct_students_school_offers,2020,0.9
California,Hispanic/Latino,At least one AP STEM course,pct_students_school_offers,2019,0.9
California,White,At least five AP courses,pct_students_school_offers,2024,0.86
California,White,At least five AP courses,pct_students_school_offers,2023,0.88
California,White,At least five AP courses,pct_students_school_offers,2022,0.88
California,White,At least five AP courses,pct_students_school_offers,2021,0.87
California,White,At least five AP courses,pct_students_school_offers,2020,0.9
California,White,At least five AP courses,pct_students_school_offers,2019,0.9
California,White,At least ten AP courses,pct_students_school_offers,2024,0.79
California,White,At least ten AP courses,pct_students_school_offers,2023,0.8
California,White,At least ten AP courses,pct_students_school_offers,2022,0.79
California,White,At least ten AP courses,pct_students_school_offers,2021,0.79
California,White,At least ten AP courses,pct_students_school_offers,2020,0.82
California,White,At least ten AP courses,pct_students_school_offers,2019,0.82
California,White,At least one AP STEM course,pct_students_school_offers,2024,0.89
California,White,At least one AP STEM course,pct_students_school_offers,2023,0.91
California,White,At least one AP STEM course,pct_students_school_offers,2022,0.9
California,White,At least one AP STEM course,pct_students_school_offers,2021,0.9
California,White,At least one AP STEM course,pct_students_school_offers,2020,0.92
California,White,At least one AP STEM course,pct_students_school_offers,2019,0.93
California,Black or African American,At least five AP courses,pct_students_school_offers,2024,0.79
California,Black or African American,At least five AP courses,pct_students_school_offers,2023,0.82
California,Black or African American,At least five AP courses,pct_students_school_offers,2022,0.82
California,Black or African American,At least five AP courses,pct_students_school_offers,2021,0.81
California,Black or African American,At least five AP courses,pct_students_school_offers,2020,0.85
California,Black or African American,At least five AP courses,pct_students_school_offers,2019,0.85
California,Black or African American,At least ten AP courses,pct_students_school_offers,2024,0.71
California,Black or African American,At least ten AP courses,pct_students_school_offers,2023,0.71
California,Black or African American,At least ten AP courses,pct_students_school_offers,2022,0.69
California,Black or African American,At least ten AP courses,pct_students_school_offers,2021,0.69
California,Black or African American,At least ten AP courses,pct_students_school_offers,2020,0.72
California,Black or African American,At least ten AP courses,pct_students_school_offers,2019,0.73
California,Black or African American,At least one AP STEM course,pct_students_school_offers,2024,0.81
California,Black or African American,At least one AP STEM course,pct_students_school_offers,2023,0.84
California,Black or African American,At least one AP STEM course,pct_students_school_offers,2022,0.83
California,Black or African American,At least one AP STEM course,pct_students_school_offers,2021,0.84
California,Black or African American,At least one AP STEM course,pct_students_school_offers,2020,0.86
California,Black or African American,At least one AP STEM course,pct_students_school_offers,2019,0.87
California,Native American or Alaska Native,At least five AP courses,pct_students_school_offers,2024,0.65
California,Native American or Alaska Native,At least five AP courses,pct_students_school_offers,2023,0.7
California,Native American or Alaska Native,At least five AP courses,pct_students_school_offers,2022,0.71
California,Native American or Alaska Native,At least five AP courses,pct_students_school_offers,2021,0.7
California,Native American or Alaska Native,At least five AP courses,pct_students_school_offers,2020,0.75
California,Native American or Alaska Native,At least five AP courses,pct_students_school_offers,2019,0.77
California,Native American or Alaska Native,At least ten AP courses,pct_students_school_offers,2024,0.53
California,Native American or Alaska Native,At least ten AP courses,pct_students_school_offers,2023,0.55
California,Native American or Alaska Native,At least ten AP courses,pct_students_school_offers,2022,0.55
California,Native American or Alaska Native,At least ten AP courses,pct_students_school_offers,2021,0.54
California,Native American or Alaska Native,At least ten AP courses,pct_students_school_offers,2020,0.6
California,Native American or Alaska Native,At least ten AP courses,pct_students_school_offers,2019,0.62
California,Native American or Alaska Native,At least one AP STEM course,pct_students_school_offers,2024,0.75
California,Native American or Alaska Native,At least one AP STEM course,pct_students_school_offers,2023,0.79
California,Native American or Alaska Native,At least one AP STEM course,pct_students_school_offers,2022,0.77
California,Native American or Alaska Native,At least one AP STEM course,pct_students_school_offers,2021,0.77
California,Native American or Alaska Native,At least one AP STEM course,pct_students_school_offers,2020,0.79
California,Native American or Alaska Native,At least one AP STEM course,pct_students_school_offers,2019,0.83
California,Native Hawaiian or other Pacific Islander,At least five AP courses,pct_students_school_offers,2024,0.85
California,Native Hawaiian or other Pacific Islander,At least five AP courses,pct_students_school_offers,2023,0.86
California,Native Hawaiian or other Pacific Islander,At least five AP courses,pct_students_school_offers,2022,0.86
California,Native Hawaiian or other Pacific Islander,At least five AP courses,pct_students_school_offers,2021,0.86
California,Native Hawaiian or other Pacific Islander,At least five AP courses,pct_students_school_offers,2020,0.88
California,Native Hawaiian or other Pacific Islander,At least five AP courses,pct_students_school_offers,2019,0.88
California,Native Hawaiian or other Pacific Islander,At least ten AP courses,pct_students_school_offers,2024,0.77
California,Native Hawaiian or other Pacific Islander,At least ten AP courses,pct_students_school_offers,2023,0.77
California,Native Hawaiian or other Pacific Islander,At least ten AP courses,pct_students_school_offers,2022,0.76
California,Native Hawaiian or other Pacific Islander,At least ten AP courses,pct_students_school_offers,2021,0.77
California,Native Hawaiian or other Pacific Islander,At least ten AP courses,pct_students_school_offers,2020,0.8
California,Native Hawaiian or other Pacific Islander,At least ten AP courses,pct_students_school_offers,2019,0.8
California,Native Hawaiian or other Pacific Islander,At least one AP STEM course,pct_students_school_offers,2024,0.88
California,Native Hawaiian or other Pacific Islander,At least one AP STEM course,pct_students_school_offers,2023,0.89
California,Native Hawaiian or other Pacific Islander,At least one AP STEM course,pct_students_school_offers,2022,0.89
California,Native Hawaiian or other Pacific Islander,At least one AP STEM course,pct_students_school_offers,2021,0.89
California,Native Hawaiian or other Pacific Islander,At least one AP STEM course,pct_students_school_offers,2020,0.9
California,Native Hawaiian or other Pacific Islander,At least one AP STEM course,pct_students_school_offers,2019,0.91
California,Two or More Races,At least five AP courses,pct_students_school_offers,2024,0.86
California,Two or More Races,At least five AP courses,pct_students_school_offers,2023,0.87
California,Two or More Races,At least five AP courses,pct_students_school_offers,2022,0.86
California,Two or More Races,At least five AP courses,pct_students_school_offers,2021,0.86
California,Two or More Races,At least five AP courses,pct_students_school_offers,2020,0.89
California,Two or More Races,At least five AP courses,pct_students_school_offers,2019,0.89
California,Two or More Races,At least ten AP courses,pct_students_school_offers,2024,0.8
California,Two or More Races,At least ten AP courses,pct_students_school_offers,2023,0.8
California,Two or More Races,At least ten AP courses,pct_students_school_offers,2022,0.79
California,Two or More Races,At least ten AP courses,pct_students_school_offers,2021,0.79
California,Two or More Races,At least ten AP courses,pct_students_school_offers,2020,0.8
California,Two or More Races,At least ten AP courses,pct_students_school_offers,2019,0.8
California,Two or More Races,At least one AP STEM course,pct_students_school_offers,2024,0.88
California,Two or More Races,At least one AP STEM course,pct_students_school_offers,2023,0.9
California,Two or More Races,At least one AP STEM course,pct_students_school_offers,2022,0.89
California,Two or More Races,At least one AP STEM course,pct_students_school_offers,2021,0.89
California,Two or More Races,At least one AP STEM course,pct_students_school_offers,2020,0.91
California,Two or More Races,At least one AP STEM course,pct_students_school_offers,2019,0.91
Colorado,All,At least five AP courses,Number of public high schools that offer,2024,192
Colorado,All,At least five AP courses,Number of public high schools that offer,2023,183
Colorado,All,At least five AP courses,Number of public high schools that offer,2022,179
Colorado,All,At least five AP courses,Number of public high schools that offer,2021,186
Colorado,All,At least five AP courses,Number of public high schools that offer,2020,176
Colorado,All,At least five AP courses,Number of public high schools that offer,2019,172
Colorado,All,At least ten AP courses,Number of public high schools that offer,2024,144
Colorado,All,At least ten AP courses,Number of public high schools that offer,2023,136
Colorado,All,At least ten AP courses,Number of public high schools that offer,2022,133
Colorado,All,At least ten AP courses,Number of public high schools that offer,2021,139
Colorado,All,At least ten AP courses,Number of public high schools that offer,2020,126
Colorado,All,At least ten AP courses,Number of public high schools that offer,2019,134
Colorado,All,At least one AP STEM course,Number of public high schools that offer,2024,235
Colorado,All,At least one AP STEM course,Number of public high schools that offer,2023,230
Colorado,All,At least one AP STEM course,Number of public high schools that offer,2022,225
Colorado,All,At least one AP STEM course,Number of public high schools that offer,2021,238
Colorado,All,At least one AP STEM course,Number of public high schools that offer,2020,219
Colorado,All,At least one AP STEM course,Number of public high schools that offer,2019,217
Colorado,All,At least five AP courses,Percentage of public high schools that offers,2024,0.4
Colorado,All,At least five AP courses,Percentage of public high schools that offers,2023,0.39
Colorado,All,At least five AP courses,Percentage of public high schools that offers,2022,0.38
Colorado,All,At least five AP courses,Percentage of public high schools that offers,2021,0.4
Colorado,All,At least five AP courses,Percentage of public high schools that offers,2020,0.41
Colorado,All,At least five AP courses,Percentage of public high schools that offers,2019,0.4
Colorado,All,At least ten AP courses,Percentage of public high schools that offers,2024,0.3
Colorado,All,At least ten AP courses,Percentage of public high schools that offers,2023,0.29
Colorado,All,At least ten AP courses,Percentage of public high schools that offers,2022,0.29
Colorado,All,At least ten AP courses,Percentage of public high schools that offers,2021,0.3
Colorado,All,At least ten AP courses,Percentage of public high schools that offers,2020,0.3
Colorado,All,At least ten AP courses,Percentage of public high schools that offers,2019,0.31
Colorado,All,At least one AP STEM course,Percentage of public high schools that offers,2024,0.49
Colorado,All,At least one AP STEM course,Percentage of public high schools that offers,2023,0.49
Colorado,All,At least one AP STEM course,Percentage of public high schools that offers,2022,0.48
Colorado,All,At least one AP STEM course,Percentage of public high schools that offers,2021,0.51
Colorado,All,At least one AP STEM course,Percentage of public high schools that offers,2020,0.51
Colorado,All,At least one AP STEM course,Percentage of public high schools that offers,2019,0.51
Colorado,All,At least five AP courses,Percentage of public high school students whose school offers,2024,0.74
Colorado,All,At least five AP courses,Percentage of public high school students whose school offers,2023,0.75
Colorado,All,At least five AP courses,Percentage of public high school students whose school offers,2022,0.73
Colorado,All,At least five AP courses,Percentage of public high school students whose school offers,2021,0.75
Colorado,All,At least five AP courses,Percentage of public high school students whose school offers,2020,0.77
Colorado,All,At least five AP courses,Percentage of public high school students whose school offers,2019,0.77
Colorado,All,At least ten AP courses,Percentage of public high school students whose school offers,2024,0.64
Colorado,All,At least ten AP courses,Percentage of public high school students whose school offers,2023,0.64
Colorado,All,At least ten AP courses,Percentage of public high school students whose school offers,2022,0.63
Colorado,All,At least ten AP courses,Percentage of public high school students whose school offers,2021,0.65
Colorado,All,At least ten AP courses,Percentage of public high school students whose school offers,2020,0.66
Colorado,All,At least ten AP courses,Percentage of public high school students whose school offers,2019,0.69
Colorado,All,At least one AP STEM course,Percentage of public high school students whose school offers,2024,0.8
Colorado,All,At least one AP STEM course,Percentage of public high school students whose school offers,2023,0.79
Colorado,All,At least one AP STEM course,Percentage of public high school students whose school offers,2022,0.8
Colorado,All,At least one AP STEM course,Percentage of public high school students whose school offers,2021,0.8
Colorado,All,At least one AP STEM course,Percentage of public high school students whose school offers,2020,0.82
Colorado,All,At least one AP STEM course,Percentage of public high school students whose school offers,2019,0.83
Colorado,Asian,At least five AP courses,pct_students_school_offers,2024,**
Colorado,Asian,At least five AP courses,pct_students_school_offers,2023,**
Colorado,Asian,At least five AP courses,pct_students_school_offers,2022,0.84
Colorado,Asian,At least five AP courses,pct_students_school_offers,2021,0.86
Colorado,Asian,At least five AP courses,pct_students_school_offers,2020,0.87
Colorado,Asian,At least five AP courses,pct_students_school_offers,2019,0.89
Colorado,Asian,At least ten AP courses,pct_students_school_offers,2024,**
Colorado,Asian,At least ten AP courses,pct_students_school_offers,2023,**
Colorado,Asian,At least ten AP courses,pct_students_school_offers,2022,0.79
Colorado,Asian,At least ten AP courses,pct_students_school_offers,2021,0.81
Colorado,Asian,At least ten AP courses,pct_students_school_offers,2020,0.78
Colorado,Asian,At least ten AP courses,pct_students_school_offers,2019,0.81
Colorado,Asian,At least one AP STEM course,pct_students_school_offers,2024,**
Colorado,Asian,At least one AP STEM course,pct_students_school_offers,2023,**
Colorado,Asian,At least one AP STEM course,pct_students_school_offers,2022,0.89
Colorado,Asian,At least one AP STEM course,pct_students_school_offers,2021,0.9
Colorado,Asian,At least one AP STEM course,pct_students_school_offers,2020,0.89
Colorado,Asian,At least one AP STEM course,pct_students_school_offers,2019,0.92
Colorado,Hispanic/Latino,At least five AP courses,pct_students_school_offers,2024,**
Colorado,Hispanic/Latino,At least five AP courses,pct_students_school_offers,2023,**
Colorado,Hispanic/Latino,At least five AP courses,pct_students_school_offers,2022,0.62
Colorado,Hispanic/Latino,At least five AP courses,pct_students_school_offers,2021,0.65
Colorado,Hispanic/Latino,At least five AP courses,pct_students_school_offers,2020,0.65
Colorado,Hispanic/Latino,At least five AP courses,pct_students_school_offers,2019,0.66
Colorado,Hispanic/Latino,At least ten AP courses,pct_students_school_offers,2024,**
Colorado,Hispanic/Latino,At least ten AP courses,pct_students_school_offers,2023,**
Colorado,Hispanic/Latino,At least ten AP courses,pct_students_school_offers,2022,0.51
Colorado,Hispanic/Latino,At least ten AP courses,pct_students_school_offers,2021,0.51
Colorado,Hispanic/Latino,At least ten AP courses,pct_students_school_offers,2020,0.51
Colorado,Hispanic/Latino,At least ten AP courses,pct_students_school_offers,2019,0.55
Colorado,Hispanic/Latino,At least one AP STEM course,pct_students_school_offers,2024,**
Colorado,Hispanic/Latino,At least one AP STEM course,pct_students_school_offers,2023,**
Colorado,Hispanic/Latino,At least one AP STEM course,pct_students_school_offers,2022,0.71
Colorado,Hispanic/Latino,At least one AP STEM course,pct_students_school_offers,2021,0.71
Colorado,Hispanic/Latino,At least one AP STEM course,pct_students_school_offers,2020,0.72
Colorado,Hispanic/Latino,At least one AP STEM course,pct_students_school_offers,2019,0.75
Colorado,White,At least five AP courses,pct_students_school_offers,2024,**
Colorado,White,At least five AP courses,pct_students_school_offers,2023,**
Colorado,White,At least five AP courses,pct_students_school_offers,2022,0.8
Colorado,White,At least five AP courses,pct_students_school_offers,2021,0.81
Colorado,White,At least five AP courses,pct_students_school_offers,2020,0.82
Colorado,White,At least five AP courses,pct_students_school_offers,2019,0.82
Colorado,White,At least ten AP courses,pct_students_school_offers,2024,**
Colorado,White,At least ten AP courses,pct_students_school_offers,2023,**
Colorado,White,At least ten AP courses,pct_students_school_offers,2022,0.7
Colorado,White,At least ten AP courses,pct_students_school_offers,2021,0.73
Colorado,White,At least ten AP courses,pct_students_school_offers,2020,0.74
Colorado,White,At least ten AP courses,pct_students_school_offers,2019,0.76
Colorado,White,At least one AP STEM course,pct_students_school_offers,2024,**
Colorado,White,At least one AP STEM course,pct_students_school_offers,2023,**
Colorado,White,At least one AP STEM course,pct_students_school_offers,2022,0.85
Colorado,White,At least one AP STEM course,pct_students_school_offers,2021,0.85
Colorado,White,At least one AP STEM course,pct_students_school_offers,2020,0.88
Colorado,White,At least one AP STEM course,pct_students_school_offers,2019,0.86
Colorado,Black or African American,At least five AP courses,pct_students_school_offers,2024,**
Colorado,Black or African American,At least five AP courses,pct_students_school_offers,2023,**
Colorado,Black or African American,At least five AP courses,pct_students_school_offers,2022,0.68
Colorado,Black or African American,At least five AP courses,pct_students_school_offers,2021,0.72
Colorado,Black or African American,At least five AP courses,pct_students_school_offers,2020,0.73
Colorado,Black or African American,At least five AP courses,pct_students_school_offers,2019,0.74
Colorado,Black or African American,At least ten AP courses,pct_students_school_offers,2024,**
Colorado,Black or African American,At least ten AP courses,pct_students_school_offers,2023,**
Colorado,Black or African American,At least ten AP courses,pct_students_school_offers,2022,0.61
Colorado,Black or African American,At least ten AP courses,pct_students_school_offers,2021,0.63
Colorado,Black or African American,At least ten AP courses,pct_students_school_offers,2020,0.64
Colorado,Black or African American,At least ten AP courses,pct_students_school_offers,2019,0.66
Colorado,Black or African American,At least one AP STEM course,pct_students_school_offers,2024,**
Colorado,Black or African American,At least one AP STEM course,pct_students_school_offers,2023,**
Colorado,Black or African American,At least one AP STEM course,pct_students_school_offers,2022,0.78
Colorado,Black or African American,At least one AP STEM course,pct_students_school_offers,2021,0.81
Colorado,Black or African American,At least one AP STEM course,pct_students_school_offers,2020,0.8
Colorado,Black or African American,At least one AP STEM course,pct_students_school_offers,2019,0.79
Colorado,Native American or Alaska Native,At least five AP courses,pct_students_school_offers,2024,**
Colorado,Native American or Alaska Native,At least five AP courses,pct_students_school_offers,2023,**
Colorado,Native American or Alaska Native,At least five AP courses,pct_students_school_offers,2022,0.67
Colorado,Native American or Alaska Native,At least five AP courses,pct_students_school_offers,2021,0.68
Colorado,Native American or Alaska Native,At least five AP courses,pct_students_school_offers,2020,0.69
Colorado,Native American or Alaska Native,At least five AP courses,pct_students_school_offers,2019,0.69
Colorado,Native American or Alaska Native,At least ten AP courses,pct_students_school_offers,2024,**
Colorado,Native American or Alaska Native,At least ten AP courses,pct_students_school_offers,2023,**
Colorado,Native American or Alaska Native,At least ten AP courses,pct_students_school_offers,2022,0.49
Colorado,Native American or Alaska Native,At least ten AP courses,pct_students_school_offers,2021,0.5
Colorado,Native American or Alaska Native,At least ten AP courses,pct_students_school_offers,2020,0.54
Colorado,Native American or Alaska Native,At least ten AP courses,pct_students_school_offers,2019,0.55
Colorado,Native American or Alaska Native,At least one AP STEM course,pct_students_school_offers,2024,**
Colorado,Native American or Alaska Native,At least one AP STEM course,pct_students_school_offers,2023,**
Colorado,Native American or Alaska Native,At least one AP STEM course,pct_students_school_offers,2022,0.76
Colorado,Native American or Alaska Native,At least one AP STEM course,pct_students_school_offers,2021,0.77
Colorado,Native American or Alaska Native,At least one AP STEM course,pct_students_school_offers,2020,0.78
Colorado,Native American or Alaska Native,At least one AP STEM course,pct_students_school_offers,2019,0.78
Colorado,Native Hawaiian or other Pacific Islander,At least five AP courses,pct_students_school_offers,2024,**
Colorado,Native Hawaiian or other Pacific Islander,At least five AP courses,pct_students_school_offers,2023,**
Colorado,Native Hawaiian or other Pacific Islander,At least five AP courses,pct_students_school_offers,2022,0.62
Colorado,Native Hawaiian or other Pacific Islander,At least five AP courses,pct_students_school_offers,2021,0.69
Colorado,Native Hawaiian or other Pacific Islander,At least five AP courses,pct_students_school_offers,2020,0.76
Colorado,Native Hawaiian or other Pacific Islander,At least five AP courses,pct_students_school_offers,2019,0.78
Colorado,Native Hawaiian or other Pacific Islander,At least ten AP courses,pct_students_school_offers,2024,**
Colorado,Native Hawaiian or other Pacific Islander,At least ten AP courses,pct_students_school_offers,2023,**
Colorado,Native Hawaiian or other Pacific Islander,At least ten AP courses,pct_students_school_offers,2022,0.56
Colorado,Native Hawaiian or other Pacific Islander,At least ten AP courses,pct_students_school_offers,2021,0.58
Colorado,Native Hawaiian or other Pacific Islander,At least ten AP courses,pct_students_school_offers,2020,0.67
Colorado,Native Hawaiian or other Pacific Islander,At least ten AP courses,pct_students_school_offers,2019,0.71
Colorado,Native Hawaiian or other Pacific Islander,At least one AP STEM course,pct_students_school_offers,2024,**
Colorado,Native Hawaiian or other Pacific Islander,At least one AP STEM course,pct_students_school_offers,2023,**
Colorado,Native Hawaiian or other Pacific Islander,At least one AP STEM course,pct_students_school_offers,2022,0.75
Colorado,Native Hawaiian or other Pacific Islander,At least one AP STEM course,pct_students_school_offers,2021,0.79
Colorado,Native Hawaiian or other Pacific Islander,At least one AP STEM course,pct_students_school_offers,2020,0.84
Colorado,Native Hawaiian or other Pacific Islander,At least one AP STEM course,pct_students_school_offers,2019,0.83
Colorado,Two or More Races,At least five AP courses,pct_students_school_offers,2024,**
Colorado,Two or More Races,At least five AP courses,pct_students_school_offers,2023,**
Colorado,Two or More Races,At least five AP courses,pct_students_school_offers,2022,0.8
Colorado,Two or More Races,At least five AP courses,pct_students_school_offers,2021,0.82
Colorado,Two or More Races,At least five AP courses,pct_students_school_offers,2020,0.84
Colorado,Two or More Races,At least five AP courses,pct_students_school_offers,2019,0.84
Colorado,Two or More Races,At least ten AP courses,pct_students_school_offers,2024,**
Colorado,Two or More Races,At least ten AP courses,pct_students_school_offers,2023,**
Colorado,Two or More Races,At least ten AP courses,pct_students_school_offers,2022,0.71
Colorado,Two or More Races,At least ten AP courses,pct_students_school_offers,2021,0.74
Colorado,Two or More Races,At least ten AP courses,pct_students_school_offers,2020,0.76
Colorado,Two or More Races,At least ten AP courses,pct_students_school_offers,2019,0.78
Colorado,Two or More Races,At least one AP STEM course,pct_students_school_offers,2024,**
Colorado,Two or More Races,At least one AP STEM course,pct_students_school_offers,2023,**
Colorado,Two or More Races,At least one AP STEM course,pct_students_school_offers,2022,0.85
Colorado,Two or More Races,At least one AP STEM course,pct_students_school_offers,2021,0.86
Colorado,Two or More Races,At least one AP STEM course,pct_students_school_offers,2020,0.88
Colorado,Two or More Races,At least one AP STEM course,pct_students_school_offers,2019,0.88
Connecticut,All,At least five AP courses,Number of public high schools that offer,2024,156
Connecticut,All,At least five AP courses,Number of public high schools that offer,2023,142
Connecticut,All,At least five AP courses,Number of public high schools that offer,2022,142
Connecticut,All,At least five AP courses,Number of public high schools that offer,2021,145
Connecticut,All,At least five AP courses,Number of public high schools that offer,2020,142
Connecticut,All,At least five AP courses,Number of public high schools that offer,2019,143
Connecticut,All,At least ten AP courses,Number of public high schools that offer,2024,112
Connecticut,All,At least ten AP courses,Number of public high schools that offer,2023,112
Connecticut,All,At least ten AP courses,Number of public high schools that offer,2022,103
Connecticut,All,At least ten AP courses,Number of public high schools that offer,2021,108
Connecticut,All,At least ten AP courses,Number of public high schools that offer,2020,108
Connecticut,All,At least ten AP courses,Number of public high schools that offer,2019,112
Connecticut,All,At least one AP STEM course,Number of public high schools that offer,2024,157
Connecticut,All,At least one AP STEM course,Number of public high schools that offer,2023,146
Connecticut,All,At least one AP STEM course,Number of public high schools that offer,2022,152
Connecticut,All,At least one AP STEM course,Number of public high schools that offer,2021,152
Connecticut,All,At least one AP STEM course,Number of public high schools that offer,2020,149
Connecticut,All,At least one AP STEM course,Number of public high schools that offer,2019,151
Connecticut,All,At least five AP courses,Percentage of public high schools that offers,2024,0.76
Connecticut,All,At least five AP courses,Percentage of public high schools that offers,2023,0.86
Connecticut,All,At least five AP courses,Percentage of public high schools that offers,2022,0.86
Connecticut,All,At least five AP courses,Percentage of public high schools that offers,2021,0.87
Connecticut,All,At least five AP courses,Percentage of public high schools that offers,2020,0.73
Connecticut,All,At least five AP courses,Percentage of public high schools that offers,2019,0.73
Connecticut,All,At least ten AP courses,Percentage of public high schools that offers,2024,0.55
Connecticut,All,At least ten AP courses,Percentage of public high schools that offers,2023,0.68
Connecticut,All,At least ten AP courses,Percentage of public high schools that offers,2022,0.62
Connecticut,All,At least ten AP courses,Percentage of public high schools that offers,2021,0.65
Connecticut,All,At least ten AP courses,Percentage of public high schools that offers,2020,0.55
Connecticut,All,At least ten AP courses,Percentage of public high schools that offers,2019,0.57
Connecticut,All,At least one AP STEM course,Percentage of public high schools that offers,2024,0.77
Connecticut,All,At least one AP STEM course,Percentage of public high schools that offers,2023,0.88
Connecticut,All,At least one AP STEM course,Percentage of public high schools that offers,2022,0.92
Connecticut,All,At least one AP STEM course,Percentage of public high schools that offers,2021,0.92
Connecticut,All,At least one AP STEM course,Percentage of public high schools that offers,2020,0.76
Connecticut,All,At least one AP STEM course,Percentage of public high schools that offers,2019,0.77
Connecticut,All,At least five AP courses,Percentage of public high school students whose school offers,2024,0.87
Connecticut,All,At least five AP courses,Percentage of public high school students whose school offers,2023,0.94
Connecticut,All,At least five AP courses,Percentage of public high school students whose school offers,2022,0.94
Connecticut,All,At least five AP courses,Percentage of public high school students whose school offers,2021,0.95
Connecticut,All,At least five AP courses,Percentage of public high school students whose school offers,2020,0.91
Connecticut,All,At least five AP courses,Percentage of public high school students whose school offers,2019,0.91
Connecticut,All,At least ten AP courses,Percentage of public high school students whose school offers,2024,0.71
Connecticut,All,At least ten AP courses,Percentage of public high school students whose school offers,2023,0.81
Connecticut,All,At least ten AP courses,Percentage of public high school students whose school offers,2022,0.78
Connecticut,All,At least ten AP courses,Percentage of public high school students whose school offers,2021,0.79
Connecticut,All,At least ten AP courses,Percentage of public high school students whose school offers,2020,0.78
Connecticut,All,At least ten AP courses,Percentage of public high school students whose school offers,2019,0.79
Connecticut,All,At least one AP STEM course,Percentage of public high school students whose school offers,2024,0.86
Connecticut,All,At least one AP STEM course,Percentage of public high school students whose school offers,2023,0.94
Connecticut,All,At least one AP STEM course,Percentage of public high school students whose school offers,2022,0.96
Connecticut,All,At least one AP STEM course,Percentage of public high school students whose school offers,2021,0.96
Connecticut,All,At least one AP STEM course,Percentage of public high school students whose school offers,2020,0.92
Connecticut,All,At least one AP STEM course,Percentage of public high school students whose school offers,2019,0.93
Connecticut,Asian,At least five AP courses,pct_students_school_offers,2024,0.96
Connecticut,Asian,At least five AP courses,pct_students_school_offers,2023,0.97
Connecticut,Asian,At least five AP courses,pct_students_school_offers,2022,0.96
Connecticut,Asian,At least five AP courses,pct_students_school_offers,2021,0.97
Connecticut,Asian,At least five AP courses,pct_students_school_offers,2020,0.95
Connecticut,Asian,At least five AP courses,pct_students_school_offers,2019,0.95
Connecticut,Asian,At least ten AP courses,pct_students_school_offers,2024,0.89
Connecticut,Asian,At least ten AP courses,pct_students_school_offers,2023,0.91
Connecticut,Asian,At least ten AP courses,pct_students_school_offers,2022,0.88
Connecticut,Asian,At least ten AP courses,pct_students_school_offers,2021,0.88
Connecticut,Asian,At least ten AP courses,pct_students_school_offers,2020,0.89
Connecticut,Asian,At least ten AP courses,pct_students_school_offers,2019,0.9
Connecticut,Asian,At least one AP STEM course,pct_students_school_offers,2024,0.96
Connecticut,Asian,At least one AP STEM course,pct_students_school_offers,2023,0.97
Connecticut,Asian,At least one AP STEM course,pct_students_school_offers,2022,0.98
Connecticut,Asian,At least one AP STEM course,pct_students_school_offers,2021,0.98
Connecticut,Asian,At least one AP STEM course,pct_students_school_offers,2020,0.97
Connecticut,Asian,At least one AP STEM course,pct_students_school_offers,2019,0.97
Connecticut,Hispanic/Latino,At least five AP courses,pct_students_school_offers,2024,0.8
Connecticut,Hispanic/Latino,At least five AP courses,pct_students_school_offers,2023,0.88
Connecticut,Hispanic/Latino,At least five AP courses,pct_students_school_offers,2022,0.9
Connecticut,Hispanic/Latino,At least five AP courses,pct_students_school_offers,2021,0.91
Connecticut,Hispanic/Latino,At least five AP courses,pct_students_school_offers,2020,0.85
Connecticut,Hispanic/Latino,At least five AP courses,pct_students_school_offers,2019,0.85
Connecticut,Hispanic/Latino,At least ten AP courses,pct_students_school_offers,2024,0.59
Connecticut,Hispanic/Latino,At least ten AP courses,pct_students_school_offers,2023,0.7
Connecticut,Hispanic/Latino,At least ten AP courses,pct_students_school_offers,2022,0.68
Connecticut,Hispanic/Latino,At least ten AP courses,pct_students_school_offers,2021,0.68
Connecticut,Hispanic/Latino,At least ten AP courses,pct_students_school_offers,2020,0.68
Connecticut,Hispanic/Latino,At least ten AP courses,pct_students_school_offers,2019,0.67
Connecticut,Hispanic/Latino,At least one AP STEM course,pct_students_school_offers,2024,0.77
Connecticut,Hispanic/Latino,At least one AP STEM course,pct_students_school_offers,2023,0.87
Connecticut,Hispanic/Latino,At least one AP STEM course,pct_students_school_offers,2022,0.91
Connecticut,Hispanic/Latino,At least one AP STEM course,pct_students_school_offers,2021,0.92
Connecticut,Hispanic/Latino,At least one AP STEM course,pct_students_school_offers,2020,0.85
Connecticut,Hispanic/Latino,At least one AP STEM course,pct_students_school_offers,2019,0.86
Connecticut,White,At least five AP courses,pct_students_school_offers,2024,0.92
Connecticut,White,At least five AP courses,pct_students_school_offers,2023,0.98
Connecticut,White,At least five AP courses,pct_students_school_offers,2022,0.97
Connecticut,White,At least five AP courses,pct_students_school_offers,2021,0.98
Connecticut,White,At least five AP courses,pct_students_school_offers,2020,0.95
Connecticut,White,At least five AP courses,pct_students_school_offers,2019,0.95
Connecticut,White,At least ten AP courses,pct_students_school_offers,2024,0.82
Connecticut,White,At least ten AP courses,pct_students_school_offers,2023,0.89
Connecticut,White,At least ten AP courses,pct_students_school_offers,2022,0.84
Connecticut,White,At least ten AP courses,pct_students_school_offers,2021,0.87
Connecticut,White,At least ten AP courses,pct_students_school_offers,2020,0.83
Connecticut,White,At least ten AP courses,pct_students_school_offers,2019,0.85
Connecticut,White,At least one AP STEM course,pct_students_school_offers,2024,0.93
Connecticut,White,At least one AP STEM course,pct_students_school_offers,2023,0.99
Connecticut,White,At least one AP STEM course,pct_students_school_offers,2022,0.99
Connecticut,White,At least one AP STEM course,pct_students_school_offers,2021,0.99
Connecticut,White,At least one AP STEM course,pct_students_school_offers,2020,0.96
Connecticut,White,At least one AP STEM course,pct_students_school_offers,2019,0.97
Connecticut,Black or African American,At least five AP courses,pct_students_school_offers,2024,0.76
Connecticut,Black or African American,At least five AP courses,pct_students_school_offers,2023,0.83
Connecticut,Black or African American,At least five AP courses,pct_students_school_offers,2022,0.82
Connecticut,Black or African American,At least five AP courses,pct_students_school_offers,2021,0.87
Connecticut,Black or African American,At least five AP courses,pct_students_school_offers,2020,0.81
Connecticut,Black or African American,At least five AP courses,pct_students_school_offers,2019,0.81
Connecticut,Black or African American,At least ten AP courses,pct_students_school_offers,2024,0.52
Connecticut,Black or African American,At least ten AP courses,pct_students_school_offers,2023,0.63
Connecticut,Black or African American,At least ten AP courses,pct_students_school_offers,2022,0.64
Connecticut,Black or African American,At least ten AP courses,pct_students_school_offers,2021,0.61
Connecticut,Black or African American,At least ten AP courses,pct_students_school_offers,2020,0.66
Connecticut,Black or African American,At least ten AP courses,pct_students_school_offers,2019,0.61
Connecticut,Black or African American,At least one AP STEM course,pct_students_school_offers,2024,0.73
Connecticut,Black or African American,At least one AP STEM course,pct_students_school_offers,2023,0.83
Connecticut,Black or African American,At least one AP STEM course,pct_students_school_offers,2022,0.89
Connecticut,Black or African American,At least one AP STEM course,pct_students_school_offers,2021,0.9
Connecticut,Black or African American,At least one AP STEM course,pct_students_school_offers,2020,0.83
Connecticut,Black or African American,At least one AP STEM course,pct_students_school_offers,2019,0.85
Connecticut,Native American or Alaska Native,At least five AP courses,pct_students_school_offers,2024,0.85
Connecticut,Native American or Alaska Native,At least five AP courses,pct_students_school_offers,2023,0.89
Connecticut,Native American or Alaska Native,At least five AP courses,pct_students_school_offers,2022,0.88
Connecticut,Native American or Alaska Native,At least five AP courses,pct_students_school_offers,2021,0.89
Connecticut,Native American or Alaska Native,At least five AP courses,pct_students_school_offers,2020,0.91
Connecticut,Native American or Alaska Native,At least five AP courses,pct_students_school_offers,2019,0.91
Connecticut,Native American or Alaska Native,At least ten AP courses,pct_students_school_offers,2024,0.64
Connecticut,Native American or Alaska Native,At least ten AP courses,pct_students_school_offers,2023,0.75
Connecticut,Native American or Alaska Native,At least ten AP courses,pct_students_school_offers,2022,0.64
Connecticut,Native American or Alaska Native,At least ten AP courses,pct_students_school_offers,2021,0.68
Connecticut,Native American or Alaska Native,At least ten AP courses,pct_students_school_offers,2020,0.76
Connecticut,Native American or Alaska Native,At least ten AP courses,pct_students_school_offers,2019,0.76
Connecticut,Native American or Alaska Native,At least one AP STEM course,pct_students_school_offers,2024,0.78
Connecticut,Native American or Alaska Native,At least one AP STEM course,pct_students_school_offers,2023,0.86
Connecticut,Native American or Alaska Native,At least one AP STEM course,pct_students_school_offers,2022,0.9
Connecticut,Native American or Alaska Native,At least one AP STEM course,pct_students_school_offers,2021,0.93
Connecticut,Native American or Alaska Native,At least one AP STEM course,pct_students_school_offers,2020,0.92
Connecticut,Native American or Alaska Native,At least one AP STEM course,pct_students_school_offers,2019,0.92
Connecticut,Native Hawaiian or other Pacific Islander,At least five AP courses,pct_students_school_offers,2024,0.83
Connecticut,Native Hawaiian or other Pacific Islander,At least five AP courses,pct_students_school_offers,2023,0.94
Connecticut,Native Hawaiian or other Pacific Islander,At least five AP courses,pct_students_school_offers,2022,0.94
Connecticut,Native Hawaiian or other Pacific Islander,At least five AP courses,pct_students_school_offers,2021,0.95
Connecticut,Native Hawaiian or other Pacific Islander,At least five AP courses,pct_students_school_offers,2020,0.87
Connecticut,Native Hawaiian or other Pacific Islander,At least five AP courses,pct_students_school_offers,2019,0.88
Connecticut,Native Hawaiian or other Pacific Islander,At least ten AP courses,pct_students_school_offers,2024,0.73
Connecticut,Native Hawaiian or other Pacific Islander,At least ten AP courses,pct_students_school_offers,2023,0.83
Connecticut,Native Hawaiian or other Pacific Islander,At least ten AP courses,pct_students_school_offers,2022,0.73
Connecticut,Native Hawaiian or other Pacific Islander,At least ten AP courses,pct_students_school_offers,2021,0.76
Connecticut,Native Hawaiian or other Pacific Islander,At least ten AP courses,pct_students_school_offers,2020,0.65
Connecticut,Native Hawaiian or other Pacific Islander,At least ten AP courses,pct_students_school_offers,2019,0.69
Connecticut,Native Hawaiian or other Pacific Islander,At least one AP STEM course,pct_students_school_offers,2024,0.85
Connecticut,Native Hawaiian or other Pacific Islander,At least one AP STEM course,pct_students_school_offers,2023,0.94
Connecticut,Native Hawaiian or other Pacific Islander,At least one AP STEM course,pct_students_school_offers,2022,0.96
Connecticut,Native Hawaiian or other Pacific Islander,At least one AP STEM course,pct_students_school_offers,2021,0.94
Connecticut,Native Hawaiian or other Pacific Islander,At least one AP STEM course,pct_students_school_offers,2020,0.87
Connecticut,Native Hawaiian or other Pacific Islander,At least one AP STEM course,pct_students_school_offers,2019,0.87
Connecticut,Two or More Races,At least five AP courses,pct_students_school_offers,2024,0.85
Connecticut,Two or More Races,At least five AP courses,pct_students_school_offers,2023,0.96
Connecticut,Two or More Races,At least five AP courses,pct_students_school_offers,2022,0.96
Connecticut,Two or More Races,At least five AP courses,pct_students_school_offers,2021,0.97
Connecticut,Two or More Races,At least five AP courses,pct_students_school_offers,2020,0.9
Connecticut,Two or More Races,At least five AP courses,pct_students_school_offers,2019,0.9
Connecticut,Two or More Races,At least ten AP courses,pct_students_school_offers,2024,0.72
Connecticut,Two or More Races,At least ten AP courses,pct_students_school_offers,2023,0.84
Connecticut,Two or More Races,At least ten AP courses,pct_students_school_offers,2022,0.79
Connecticut,Two or More Races,At least ten AP courses,pct_students_school_offers,2021,0.81
Connecticut,Two or More Races,At least ten AP courses,pct_students_school_offers,2020,0.74
Connecticut,Two or More Races,At least ten AP courses,pct_students_school_offers,2019,0.75
Connecticut,Two or More Races,At least one AP STEM course,pct_students_school_offers,2024,0.86
Connecticut,Two or More Races,At least one AP STEM course,pct_students_school_offers,2023,0.96
Connecticut,Two or More Races,At least one AP STEM course,pct_students_school_offers,2022,0.98
Connecticut,Two or More Races,At least one AP STEM course,pct_students_school_offers,2021,0.97
Connecticut,Two or More Races,At least one AP STEM course,pct_students_school_offers,2020,0.92
Connecticut,Two or More Races,At least one AP STEM course,pct_students_school_offers,2019,0.93
Delaware,All,At least five AP courses,Number of public high schools that offer,2024,35
Delaware,All,At least five AP courses,Number of public high schools that offer,2023,31
Delaware,All,At least five AP courses,Number of public high schools that offer,2022,31
Delaware,All,At least five AP courses,Number of public high schools that offer,2021,31
Delaware,All,At least five AP courses,Number of public high schools that offer,2020,30
Delaware,All,At least five AP courses,Number of public high schools that offer,2019,28
Delaware,All,At least ten AP courses,Number of public high schools that offer,2024,25
Delaware,All,At least ten AP courses,Number of public high schools that offer,2023,20
Delaware,All,At least ten AP courses,Number of public high schools that offer,2022,18
Delaware,All,At least ten AP courses,Number of public high schools that offer,2021,18
Delaware,All,At least ten AP courses,Number of public high schools that offer,2020,18
Delaware,All,At least ten AP courses,Number of public high schools that offer,2019,21
Delaware,All,At least one AP STEM course,Number of public high schools that offer,2024,38
Delaware,All,At least one AP STEM course,Number of public high schools that offer,2023,32
Delaware,All,At least one AP STEM course,Number of public high schools that offer,2022,32
Delaware,All,At least one AP STEM course,Number of public high schools that offer,2021,32
Delaware,All,At least one AP STEM course,Number of public high schools that offer,2020,31
Delaware,All,At least one AP STEM course,Number of public high schools that offer,2019,31
Delaware,All,At least five AP courses,Percentage of public high schools that offers,2024,0.73
Delaware,All,At least five AP courses,Percentage of public high schools that offers,2023,0.78
Delaware,All,At least five AP courses,Percentage of public high schools that offers,2022,0.78
Delaware,All,At least five AP courses,Percentage of public high schools that offers,2021,0.78
Delaware,All,At least five AP courses,Percentage of public high schools that offers,2020,0.77
Delaware,All,At least five AP courses,Percentage of public high schools that offers,2019,0.72
Delaware,All,At least ten AP courses,Percentage of public high schools that offers,2024,0.52
Delaware,All,At least ten AP courses,Percentage of public high schools that offers,2023,0.5
Delaware,All,At least ten AP courses,Percentage of public high schools that offers,2022,0.45
Delaware,All,At least ten AP courses,Percentage of public high schools that offers,2021,0.45
Delaware,All,At least ten AP courses,Percentage of public high schools that offers,2020,0.46
Delaware,All,At least ten AP courses,Percentage of public high schools that offers,2019,0.54
Delaware,All,At least one AP STEM course,Percentage of public high schools that offers,2024,0.79
Delaware,All,At least one AP STEM course,Percentage of public high schools that offers,2023,0.8
Delaware,All,At least one AP STEM course,Percentage of public high schools that offers,2022,0.8
Delaware,All,At least one AP STEM course,Percentage of public high schools that offers,2021,0.8
Delaware,All,At least one AP STEM course,Percentage of public high schools that offers,2020,0.79
Delaware,All,At least one AP STEM course,Percentage of public high schools that offers,2019,0.79
Delaware,All,At least five AP courses,Percentage of public high school students whose school offers,2024,0.83
Delaware,All,At least five AP courses,Percentage of public high school students whose school offers,2023,0.86
Delaware,All,At least five AP courses,Percentage of public high school students whose school offers,2022,0.86
Delaware,All,At least five AP courses,Percentage of public high school students whose school offers,2021,0.86
Delaware,All,At least five AP courses,Percentage of public high school students whose school offers,2020,0.85
Delaware,All,At least five AP courses,Percentage of public high school students whose school offers,2019,0.82
Delaware,All,At least ten AP courses,Percentage of public high school students whose school offers,2024,0.66
Delaware,All,At least ten AP courses,Percentage of public high school students whose school offers,2023,0.63
Delaware,All,At least ten AP courses,Percentage of public high school students whose school offers,2022,0.59
Delaware,All,At least ten AP courses,Percentage of public high school students whose school offers,2021,0.6
Delaware,All,At least ten AP courses,Percentage of public high school students whose school offers,2020,0.6
Delaware,All,At least ten AP courses,Percentage of public high school students whose school offers,2019,0.67
Delaware,All,At least one AP STEM course,Percentage of public high school students whose school offers,2024,0.88
Delaware,All,At least one AP STEM course,Percentage of public high school students whose school offers,2023,0.88
Delaware,All,At least one AP STEM course,Percentage of public high school students whose school offers,2022,0.87
Delaware,All,At least one AP STEM course,Percentage of public high school students whose school offers,2021,0.87
Delaware,All,At least one AP STEM course,Percentage of public high school students whose school offers,2020,0.87
Delaware,All,At least one AP STEM course,Percentage of public high school students whose school offers,2019,0.87
Delaware,Asian,At least five AP courses,pct_students_school_offers,2024,0.95
Delaware,Asian,At least five AP courses,pct_students_school_offers,2023,0.94
Delaware,Asian,At least five AP courses,pct_students_school_offers,2022,0.93
Delaware,Asian,At least five AP courses,pct_students_school_offers,2021,0.94
Delaware,Asian,At least five AP courses,pct_students_school_offers,2020,0.94
Delaware,Asian,At least five AP courses,pct_students_school_offers,2019,0.94
Delaware,Asian,At least ten AP courses,pct_students_school_offers,2024,0.86
Delaware,Asian,At least ten AP courses,pct_students_school_offers,2023,0.81
Delaware,Asian,At least ten AP courses,pct_students_school_offers,2022,0.8
Delaware,Asian,At least ten AP courses,pct_students_school_offers,2021,0.8
Delaware,Asian,At least ten AP courses,pct_students_school_offers,2020,0.8
Delaware,Asian,At least ten AP courses,pct_students_school_offers,2019,0.85
Delaware,Asian,At least one AP STEM course,pct_students_school_offers,2024,0.96
Delaware,Asian,At least one AP STEM course,pct_students_school_offers,2023,0.95
Delaware,Asian,At least one AP STEM course,pct_students_school_offers,2022,0.95
Delaware,Asian,At least one AP STEM course,pct_students_school_offers,2021,0.95
Delaware,Asian,At least one AP STEM course,pct_students_school_offers,2020,0.96
Delaware,Asian,At least one AP STEM course,pct_students_school_offers,2019,0.96
Delaware,Hispanic/Latino,At least five AP courses,pct_students_school_offers,2024,0.78
Delaware,Hispanic/Latino,At least five AP courses,pct_students_school_offers,2023,0.79
Delaware,Hispanic/Latino,At least five AP courses,pct_students_school_offers,2022,0.78
Delaware,Hispanic/Latino,At least five AP courses,pct_students_school_offers,2021,0.8
Delaware,Hispanic/Latino,At least five AP courses,pct_students_school_offers,2020,0.78
Delaware,Hispanic/Latino,At least five AP courses,pct_students_school_offers,2019,0.76
Delaware,Hispanic/Latino,At least ten AP courses,pct_students_school_offers,2024,0.57
Delaware,Hispanic/Latino,At least ten AP courses,pct_students_school_offers,2023,0.53
Delaware,Hispanic/Latino,At least ten AP courses,pct_students_school_offers,2022,0.5
Delaware,Hispanic/Latino,At least ten AP courses,pct_students_school_offers,2021,0.49
Delaware,Hispanic/Latino,At least ten AP courses,pct_students_school_offers,2020,0.53
Delaware,Hispanic/Latino,At least ten AP courses,pct_students_school_offers,2019,0.59
Delaware,Hispanic/Latino,At least one AP STEM course,pct_students_school_offers,2024,0.84
Delaware,Hispanic/Latino,At least one AP STEM course,pct_students_school_offers,2023,0.82
Delaware,Hispanic/Latino,At least one AP STEM course,pct_students_school_offers,2022,0.81
Delaware,Hispanic/Latino,At least one AP STEM course,pct_students_school_offers,2021,0.81
Delaware,Hispanic/Latino,At least one AP STEM course,pct_students_school_offers,2020,0.82
Delaware,Hispanic/Latino,At least one AP STEM course,pct_students_school_offers,2019,0.82
Delaware,White,At least five AP courses,pct_students_school_offers,2024,0.89
Delaware,White,At least five AP courses,pct_students_school_offers,2023,0.91
Delaware,White,At least five AP courses,pct_students_school_offers,2022,0.91
Delaware,White,At least five AP courses,pct_students_school_offers,2021,0.89
Delaware,White,At least five AP courses,pct_students_school_offers,2020,0.89
Delaware,White,At least five AP courses,pct_students_school_offers,2019,0.85
Delaware,White,At least ten AP courses,pct_students_school_offers,2024,0.7
Delaware,White,At least ten AP courses,pct_students_school_offers,2023,0.66
Delaware,White,At least ten AP courses,pct_students_school_offers,2022,0.62
Delaware,White,At least ten AP courses,pct_students_school_offers,2021,0.65
Delaware,White,At least ten AP courses,pct_students_school_offers,2020,0.61
Delaware,White,At least ten AP courses,pct_students_school_offers,2019,0.69
Delaware,White,At least one AP STEM course,pct_students_school_offers,2024,0.92
Delaware,White,At least one AP STEM course,pct_students_school_offers,2023,0.92
Delaware,White,At least one AP STEM course,pct_students_school_offers,2022,0.92
Delaware,White,At least one AP STEM course,pct_students_school_offers,2021,0.92
Delaware,White,At least one AP STEM course,pct_students_school_offers,2020,0.9
Delaware,White,At least one AP STEM course,pct_students_school_offers,2019,0.9
Delaware,Black or African American,At least five AP courses,pct_students_school_offers,2024,0.76
Delaware,Black or African American,At least five AP courses,pct_students_school_offers,2023,0.83
Delaware,Black or African American,At least five AP courses,pct_students_school_offers,2022,0.82
Delaware,Black or African American,At least five AP courses,pct_students_school_offers,2021,0.83
Delaware,Black or African American,At least five AP courses,pct_students_school_offers,2020,0.8
Delaware,Black or African American,At least five AP courses,pct_students_school_offers,2019,0.78
Delaware,Black or African American,At least ten AP courses,pct_students_school_offers,2024,0.63
Delaware,Black or African American,At least ten AP courses,pct_students_school_offers,2023,0.62
Delaware,Black or African American,At least ten AP courses,pct_students_school_offers,2022,0.59
Delaware,Black or African American,At least ten AP courses,pct_students_school_offers,2021,0.59
Delaware,Black or African American,At least ten AP courses,pct_students_school_offers,2020,0.59
Delaware,Black or African American,At least ten AP courses,pct_students_school_offers,2019,0.65
Delaware,Black or African American,At least one AP STEM course,pct_students_school_offers,2024,0.83
Delaware,Black or African American,At least one AP STEM course,pct_students_school_offers,2023,0.84
Delaware,Black or African American,At least one AP STEM course,pct_students_school_offers,2022,0.84
Delaware,Black or African American,At least one AP STEM course,pct_students_school_offers,2021,0.84
Delaware,Black or African American,At least one AP STEM course,pct_students_school_offers,2020,0.82
Delaware,Black or African American,At least one AP STEM course,pct_students_school_offers,2019,0.82
Delaware,Native American or Alaska Native,At least five AP courses,pct_students_school_offers,2024,0.87
Delaware,Native American or Alaska Native,At least five AP courses,pct_students_school_offers,2023,0.85
Delaware,Native American or Alaska Native,At least five AP courses,pct_students_school_offers,2022,0.81
Delaware,Native American or Alaska Native,At least five AP courses,pct_students_school_offers,2021,0.81
Delaware,Native American or Alaska Native,At least five AP courses,pct_students_school_offers,2020,0.9
Delaware,Native American or Alaska Native,At least five AP courses,pct_students_school_offers,2019,0.88
Delaware,Native American or Alaska Native,At least ten AP courses,pct_students_school_offers,2024,0.69
Delaware,Native American or Alaska Native,At least ten AP courses,pct_students_school_offers,2023,0.57
Delaware,Native American or Alaska Native,At least ten AP courses,pct_students_school_offers,2022,0.53
Delaware,Native American or Alaska Native,At least ten AP courses,pct_students_school_offers,2021,0.54
Delaware,Native American or Alaska Native,At least ten AP courses,pct_students_school_offers,2020,0.55
Delaware,Native American or Alaska Native,At least ten AP courses,pct_students_school_offers,2019,0.64
Delaware,Native American or Alaska Native,At least one AP STEM course,pct_students_school_offers,2024,0.89
Delaware,Native American or Alaska Native,At least one AP STEM course,pct_students_school_offers,2023,0.86
Delaware,Native American or Alaska Native,At least one AP STEM course,pct_students_school_offers,2022,0.81
Delaware,Native American or Alaska Native,At least one AP STEM course,pct_students_school_offers,2021,0.81
Delaware,Native American or Alaska Native,At least one AP STEM course,pct_students_school_offers,2020,0.92
Delaware,Native American or Alaska Native,At least one AP STEM course,pct_students_school_offers,2019,0.92
Delaware,Native Hawaiian or other Pacific Islander,At least five AP courses,pct_students_school_offers,2024,0.88
Delaware,Native Hawaiian or other Pacific Islander,At least five AP courses,pct_students_school_offers,2023,0.9
Delaware,Native Hawaiian or other Pacific Islander,At least five AP courses,pct_students_school_offers,2022,0.87
Delaware,Native Hawaiian or other Pacific Islander,At least five AP courses,pct_students_school_offers,2021,0.87
Delaware,Native Hawaiian or other Pacific Islander,At least five AP courses,pct_students_school_offers,2020,0.78
Delaware,Native Hawaiian or other Pacific Islander,At least five AP courses,pct_students_school_offers,2019,0.73
Delaware,Native Hawaiian or other Pacific Islander,At least ten AP courses,pct_students_school_offers,2024,0.63
Delaware,Native Hawaiian or other Pacific Islander,At least ten AP courses,pct_students_school_offers,2023,0.66
Delaware,Native Hawaiian or other Pacific Islander,At least ten AP courses,pct_students_school_offers,2022,0.63
Delaware,Native Hawaiian or other Pacific Islander,At least ten AP courses,pct_students_school_offers,2021,0.63
Delaware,Native Hawaiian or other Pacific Islander,At least ten AP courses,pct_students_school_offers,2020,0.48
Delaware,Native Hawaiian or other Pacific Islander,At least ten AP courses,pct_students_school_offers,2019,0.5
Delaware,Native Hawaiian or other Pacific Islander,At least one AP STEM course,pct_students_school_offers,2024,0.88
Delaware,Native Hawaiian or other Pacific Islander,At least one AP STEM course,pct_students_school_offers,2023,0.9
Delaware,Native Hawaiian or other Pacific Islander,At least one AP STEM course,pct_students_school_offers,2022,0.87
Delaware,Native Hawaiian or other Pacific Islander,At least one AP STEM course,pct_students_school_offers,2021,0.87
Delaware,Native Hawaiian or other Pacific Islander,At least one AP STEM course,pct_students_school_offers,2020,0.78
Delaware,Native Hawaiian or other Pacific Islander,At least one AP STEM course,pct_students_school_offers,2019,0.78
Delaware,Two or More Races,At least five AP courses,pct_students_school_offers,2024,0.82
Delaware,Two or More Races,At least five AP courses,pct_students_school_offers,2023,0.86
Delaware,Two or More Races,At least five AP courses,pct_students_school_offers,2022,0.89
Delaware,Two or More Races,At least five AP courses,pct_students_school_offers,2021,0.89
Delaware,Two or More Races,At least five AP courses,pct_students_school_offers,2020,0.95
Delaware,Two or More Races,At least five AP courses,pct_students_school_offers,2019,0.92
Delaware,Two or More Races,At least ten AP courses,pct_students_school_offers,2024,0.65
Delaware,Two or More Races,At least ten AP courses,pct_students_school_offers,2023,0.59
Delaware,Two or More Races,At least ten AP courses,pct_students_school_offers,2022,0.55
Delaware,Two or More Races,At least ten AP courses,pct_students_school_offers,2021,0.57
Delaware,Two or More Races,At least ten AP courses,pct_students_school_offers,2020,0.55
Delaware,Two or More Races,At least ten AP courses,pct_students_school_offers,2019,0.65
Delaware,Two or More Races,At least one AP STEM course,pct_students_school_offers,2024,0.86
Delaware,Two or More Races,At least one AP STEM course,pct_students_school_offers,2023,0.87
Delaware,Two or More Races,At least one AP STEM course,pct_students_school_offers,2022,0.9
Delaware,Two or More Races,At least one AP STEM course,pct_students_school_offers,2021,0.9
Delaware,Two or More Races,At least one AP STEM course,pct_students_school_offers,2020,0.96
Delaware,Two or More Races,At least one AP STEM course,pct_students_school_offers,2019,0.96
District of Columbia,All,At least five AP courses,Number of public high schools that offer,2024,24
District of Columbia,All,At least five AP courses,Number of public high schools that offer,2023,23
District of Columbia,All,At least five AP courses,Number of public high schools that offer,2022,23
District of Columbia,All,At least five AP courses,Number of public high schools that offer,2021,23
District of Columbia,All,At least five AP courses,Number of public high schools that offer,2020,20
District of Columbia,All,At least five AP courses,Number of public high schools that offer,2019,18
District of Columbia,All,At least ten AP courses,Number of public high schools that offer,2024,17
District of Columbia,All,At least ten AP courses,Number of public high schools that offer,2023,15
District of Columbia,All,At least ten AP courses,Number of public high schools that offer,2022,11
District of Columbia,All,At least ten AP courses,Number of public high schools that offer,2021,12
District of Columbia,All,At least ten AP courses,Number of public high schools that offer,2020,9
District of Columbia,All,At least ten AP courses,Number of public high schools that offer,2019,9
District of Columbia,All,At least one AP STEM course,Number of public high schools that offer,2024,27
District of Columbia,All,At least one AP STEM course,Number of public high schools that offer,2023,28
District of Columbia,All,At least one AP STEM course,Number of public high schools that offer,2022,27
District of Columbia,All,At least one AP STEM course,Number of public high schools that offer,2021,25
District of Columbia,All,At least one AP STEM course,Number of public high schools that offer,2020,19
District of Columbia,All,At least one AP STEM course,Number of public high schools that offer,2019,18
District of Columbia,All,At least five AP courses,Percentage of public high schools that offers,2024,0.59
District of Columbia,All,At least five AP courses,Percentage of public high schools that offers,2023,0.62
District of Columbia,All,At least five AP courses,Percentage of public high schools that offers,2022,0.66
District of Columbia,All,At least five AP courses,Percentage of public high schools that offers,2021,0.66
District of Columbia,All,At least five AP courses,Percentage of public high schools that offers,2020,0.74
District of Columbia,All,At least five AP courses,Percentage of public high schools that offers,2019,0.67
District of Columbia,All,At least ten AP courses,Percentage of public high schools that offers,2024,0.41
District of Columbia,All,At least ten AP courses,Percentage of public high schools that offers,2023,0.41
District of Columbia,All,At least ten AP courses,Percentage of public high schools that offers,2022,0.31
District of Columbia,All,At least ten AP courses,Percentage of public high schools that offers,2021,0.34
District of Columbia,All,At least ten AP courses,Percentage of public high schools that offers,2020,0.33
District of Columbia,All,At least ten AP courses,Percentage of public high schools that offers,2019,0.33
District of Columbia,All,At least one AP STEM course,Percentage of public high schools that offers,2024,0.66
District of Columbia,All,At least one AP STEM course,Percentage of public high schools that offers,2023,0.76
District of Columbia,All,At least one AP STEM course,Percentage of public high schools that offers,2022,0.77
District of Columbia,All,At least one AP STEM course,Percentage of public high schools that offers,2021,0.71
District of Columbia,All,At least one AP STEM course,Percentage of public high schools that offers,2020,0.7
District of Columbia,All,At least one AP STEM course,Percentage of public high schools that offers,2019,0.67
District of Columbia,All,At least five AP courses,Percentage of public high school students whose school offers,2024,0.73
District of Columbia,All,At least five AP courses,Percentage of public high school students whose school offers,2023,0.75
District of Columbia,All,At least five AP courses,Percentage of public high school students whose school offers,2022,0.77
District of Columbia,All,At least five AP courses,Percentage of public high school students whose school offers,2021,0.77
District of Columbia,All,At least five AP courses,Percentage of public high school students whose school offers,2020,0.89
District of Columbia,All,At least five AP courses,Percentage of public high school students whose school offers,2019,0.81
District of Columbia,All,At least ten AP courses,Percentage of public high school students whose school offers,2024,0.56
District of Columbia,All,At least ten AP courses,Percentage of public high school students whose school offers,2023,0.56
District of Columbia,All,At least ten AP courses,Percentage of public high school students whose school offers,2022,0.45
District of Columbia,All,At least ten AP courses,Percentage of public high school students whose school offers,2021,0.48
District of Columbia,All,At least ten AP courses,Percentage of public high school students whose school offers,2020,0.49
District of Columbia,All,At least ten AP courses,Percentage of public high school students whose school offers,2019,0.47
District of Columbia,All,At least one AP STEM course,Percentage of public high school students whose school offers,2024,0.79
District of Columbia,All,At least one AP STEM course,Percentage of public high school students whose school offers,2023,0.85
District of Columbia,All,At least one AP STEM course,Percentage of public high school students whose school offers,2022,0.86
District of Columbia,All,At least one AP STEM course,Percentage of public high school students whose school offers,2021,0.83
District of Columbia,All,At least one AP STEM course,Percentage of public high school students whose school offers,2020,0.86
District of Columbia,All,At least one AP STEM course,Percentage of public high school students whose school offers,2019,0.84
District of Columbia,Asian,At least five AP courses,pct_students_school_offers,2024,0.9
District of Columbia,Asian,At least five AP courses,pct_students_school_offers,2023,0.9
District of Columbia,Asian,At least five AP courses,pct_students_school_offers,2022,0.92
District of Columbia,Asian,At least five AP courses,pct_students_school_offers,2021,0.92
District of Columbia,Asian,At least five AP courses,pct_students_school_offers,2020,>99%
District of Columbia,Asian,At least five AP courses,pct_students_school_offers,2019,0.99
District of Columbia,Asian,At least ten AP courses,pct_students_school_offers,2024,0.83
District of Columbia,Asian,At least ten AP courses,pct_students_school_offers,2023,0.87
District of Columbia,Asian,At least ten AP courses,pct_students_school_offers,2022,0.84
District of Columbia,Asian,At least ten AP courses,pct_students_school_offers,2021,0.88
District of Columbia,Asian,At least ten AP courses,pct_students_school_offers,2020,0.89
District of Columbia,Asian,At least ten AP courses,pct_students_school_offers,2019,0.89
District of Columbia,Asian,At least one AP STEM course,pct_students_school_offers,2024,0.98
District of Columbia,Asian,At least one AP STEM course,pct_students_school_offers,2023,0.99
District of Columbia,Asian,At least one AP STEM course,pct_students_school_offers,2022,0.99
District of Columbia,Asian,At least one AP STEM course,pct_students_school_offers,2021,0.99
District of Columbia,Asian,At least one AP STEM course,pct_students_school_offers,2020,0.98
District of Columbia,Asian,At least one AP STEM course,pct_students_school_offers,2019,0.98
District of Columbia,Hispanic/Latino,At least five AP courses,pct_students_school_offers,2024,0.83
District of Columbia,Hispanic/Latino,At least five AP courses,pct_students_school_offers,2023,0.83
District of Columbia,Hispanic/Latino,At least five AP courses,pct_students_school_offers,2022,0.89
District of Columbia,Hispanic/Latino,At least five AP courses,pct_students_school_offers,2021,0.89
District of Columbia,Hispanic/Latino,At least five AP courses,pct_students_school_offers,2020,0.98
District of Columbia,Hispanic/Latino,At least five AP courses,pct_students_school_offers,2019,0.97
District of Columbia,Hispanic/Latino,At least ten AP courses,pct_students_school_offers,2024,0.66
District of Columbia,Hispanic/Latino,At least ten AP courses,pct_students_school_offers,2023,0.62
District of Columbia,Hispanic/Latino,At least ten AP courses,pct_students_school_offers,2022,0.62
District of Columbia,Hispanic/Latino,At least ten AP courses,pct_students_school_offers,2021,0.62
District of Columbia,Hispanic/Latino,At least ten AP courses,pct_students_school_offers,2020,0.67
District of Columbia,Hispanic/Latino,At least ten AP courses,pct_students_school_offers,2019,0.73
District of Columbia,Hispanic/Latino,At least one AP STEM course,pct_students_school_offers,2024,0.88
District of Columbia,Hispanic/Latino,At least one AP STEM course,pct_students_school_offers,2023,0.91
District of Columbia,Hispanic/Latino,At least one AP STEM course,pct_students_school_offers,2022,0.98
District of Columbia,Hispanic/Latino,At least one AP STEM course,pct_students_school_offers,2021,0.98
District of Columbia,Hispanic/Latino,At least one AP STEM course,pct_students_school_offers,2020,0.94
District of Columbia,Hispanic/Latino,At least one AP STEM course,pct_students_school_offers,2019,0.94
District of Columbia,White,At least five AP courses,pct_students_school_offers,2024,0.9
District of Columbia,White,At least five AP courses,pct_students_school_offers,2023,0.91
District of Columbia,White,At least five AP courses,pct_students_school_offers,2022,0.93
District of Columbia,White,At least five AP courses,pct_students_school_offers,2021,0.93
District of Columbia,White,At least five AP courses,pct_students_school_offers,2020,>99%
District of Columbia,White,At least five AP courses,pct_students_school_offers,2019,0.99
District of Columbia,White,At least ten AP courses,pct_students_school_offers,2024,0.9
District of Columbia,White,At least ten AP courses,pct_students_school_offers,2023,0.89
District of Columbia,White,At least ten AP courses,pct_students_school_offers,2022,0.92
District of Columbia,White,At least ten AP courses,pct_students_school_offers,2021,0.91
District of Columbia,White,At least ten AP courses,pct_students_school_offers,2020,0.97
District of Columbia,White,At least ten AP courses,pct_students_school_offers,2019,0.97
District of Columbia,White,At least one AP STEM course,pct_students_school_offers,2024,0.99
District of Columbia,White,At least one AP STEM course,pct_students_school_offers,2023,>99%
District of Columbia,White,At least one AP STEM course,pct_students_school_offers,2022,0.99
District of Columbia,White,At least one AP STEM course,pct_students_school_offers,2021,0.99
District of Columbia,White,At least one AP STEM course,pct_students_school_offers,2020,>99%
District of Columbia,White,At least one AP STEM course,pct_students_school_offers,2019,>99%
District of Columbia,Black or African American,At least five AP courses,pct_students_school_offers,2024,0.68
District of Columbia,Black or African American,At least five AP courses,pct_students_school_offers,2023,0.7
District of Columbia,Black or African American,At least five AP courses,pct_students_school_offers,2022,0.71
District of Columbia,Black or African American,At least five AP courses,pct_students_school_offers,2021,0.72
District of Columbia,Black or African American,At least five AP courses,pct_students_school_offers,2020,0.86
District of Columbia,Black or African American,At least five AP courses,pct_students_school_offers,2019,0.75
District of Columbia,Black or African American,At least ten AP courses,pct_students_school_offers,2024,0.48
District of Columbia,Black or African American,At least ten AP courses,pct_students_school_offers,2023,0.5
District of Columbia,Black or African American,At least ten AP courses,pct_students_school_offers,2022,0.33
District of Columbia,Black or African American,At least ten AP courses,pct_students_school_offers,2021,0.38
District of Columbia,Black or African American,At least ten AP courses,pct_students_school_offers,2020,0.4
District of Columbia,Black or African American,At least ten AP courses,pct_students_school_offers,2019,0.36
District of Columbia,Black or African American,At least one AP STEM course,pct_students_school_offers,2024,0.73
District of Columbia,Black or African American,At least one AP STEM course,pct_students_school_offers,2023,0.81
District of Columbia,Black or African American,At least one AP STEM course,pct_students_school_offers,2022,0.8
District of Columbia,Black or African American,At least one AP STEM course,pct_students_school_offers,2021,0.76
District of Columbia,Black or African American,At least one AP STEM course,pct_students_school_offers,2020,0.83
District of Columbia,Black or African American,At least one AP STEM course,pct_students_school_offers,2019,0.8
District of Columbia,Native American or Alaska Native,At least five AP courses,pct_students_school_offers,2024,0.71
District of Columbia,Native American or Alaska Native,At least five AP courses,pct_students_school_offers,2023,0.85
District of Columbia,Native American or Alaska Native,At least five AP courses,pct_students_school_offers,2022,0.82
District of Columbia,Native American or Alaska Native,At least five AP courses,pct_students_school_offers,2021,0.82
District of Columbia,Native American or Alaska Native,At least five AP courses,pct_students_school_offers,2020,0.81
District of Columbia,Native American or Alaska Native,At least five AP courses,pct_students_school_offers,2019,0.76
District of Columbia,Native American or Alaska Native,At least ten AP courses,pct_students_school_offers,2024,0.54
District of Columbia,Native American or Alaska Native,At least ten AP courses,pct_students_school_offers,2023,0.65
District of Columbia,Native American or Alaska Native,At least ten AP courses,pct_students_school_offers,2022,0.75
District of Columbia,Native American or Alaska Native,At least ten AP courses,pct_students_school_offers,2021,0.36
District of Columbia,Native American or Alaska Native,At least ten AP courses,pct_students_school_offers,2020,0.38
District of Columbia,Native American or Alaska Native,At least ten AP courses,pct_students_school_offers,2019,0.38
District of Columbia,Native American or Alaska Native,At least one AP STEM course,pct_students_school_offers,2024,0.79
District of Columbia,Native American or Alaska Native,At least one AP STEM course,pct_students_school_offers,2023,0.95
District of Columbia,Native American or Alaska Native,At least one AP STEM course,pct_students_school_offers,2022,0.96
District of Columbia,Native American or Alaska Native,At least one AP STEM course,pct_students_school_offers,2021,0.93
District of Columbia,Native American or Alaska Native,At least one AP STEM course,pct_students_school_offers,2020,0.57
District of Columbia,Native American or Alaska Native,At least one AP STEM course,pct_students_school_offers,2019,0.57
District of Columbia,Native Hawaiian or other Pacific Islander,At least five AP courses,pct_students_school_offers,2024,0.67
District of Columbia,Native Hawaiian or other Pacific Islander,At least five AP courses,pct_students_school_offers,2023,0.7
District of Columbia,Native Hawaiian or other Pacific Islander,At least five AP courses,pct_students_school_offers,2022,0.89
District of Columbia,Native Hawaiian or other Pacific Islander,At least five AP courses,pct_students_school_offers,2021,0.78
District of Columbia,Native Hawaiian or other Pacific Islander,At least five AP courses,pct_students_school_offers,2020,0.93
District of Columbia,Native Hawaiian or other Pacific Islander,At least five AP courses,pct_students_school_offers,2019,0.93
District of Columbia,Native Hawaiian or other Pacific Islander,At least ten AP courses,pct_students_school_offers,2024,0.67
District of Columbia,Native Hawaiian or other Pacific Islander,At least ten AP courses,pct_students_school_offers,2023,0.6
District of Columbia,Native Hawaiian or other Pacific Islander,At least ten AP courses,pct_students_school_offers,2022,0.67
District of Columbia,Native Hawaiian or other Pacific Islander,At least ten AP courses,pct_students_school_offers,2021,0.44
District of Columbia,Native Hawaiian or other Pacific Islander,At least ten AP courses,pct_students_school_offers,2020,0.6
District of Columbia,Native Hawaiian or other Pacific Islander,At least ten AP courses,pct_students_school_offers,2019,0.6
District of Columbia,Native Hawaiian or other Pacific Islander,At least one AP STEM course,pct_students_school_offers,2024,0.67
District of Columbia,Native Hawaiian or other Pacific Islander,At least one AP STEM course,pct_students_school_offers,2023,0.8
District of Columbia,Native Hawaiian or other Pacific Islander,At least one AP STEM course,pct_students_school_offers,2022,>99%
District of Columbia,Native Hawaiian or other Pacific Islander,At least one AP STEM course,pct_students_school_offers,2021,>99%
District of Columbia,Native Hawaiian or other Pacific Islander,At least one AP STEM course,pct_students_school_offers,2020,0.93
District of Columbia,Native Hawaiian or other Pacific Islander,At least one AP STEM course,pct_students_school_offers,2019,0.93
District of Columbia,Two or More Races,At least five AP courses,pct_students_school_offers,2024,0.8
District of Columbia,Two or More Races,At least five AP courses,pct_students_school_offers,2023,0.79
District of Columbia,Two or More Races,At least five AP courses,pct_students_school_offers,2022,0.82
District of Columbia,Two or More Races,At least five AP courses,pct_students_school_offers,2021,0.82
District of Columbia,Two or More Races,At least five AP courses,pct_students_school_offers,2020,0.99
District of Columbia,Two or More Races,At least five AP courses,pct_students_school_offers,2019,0.98
District of Columbia,Two or More Races,At least ten AP courses,pct_students_school_offers,2024,0.76
District of Columbia,Two or More Races,At least ten AP courses,pct_students_school_offers,2023,0.7
District of Columbia,Two or More Races,At least ten AP courses,pct_students_school_offers,2022,0.75
District of Columbia,Two or More Races,At least ten AP courses,pct_students_school_offers,2021,0.71
District of Columbia,Two or More Races,At least ten AP courses,pct_students_school_offers,2020,0.84
District of Columbia,Two or More Races,At least ten AP courses,pct_students_school_offers,2019,0.83
District of Columbia,Two or More Races,At least one AP STEM course,pct_students_school_offers,2024,0.94
District of Columbia,Two or More Races,At least one AP STEM course,pct_students_school_offers,2023,0.96
District of Columbia,Two or More Races,At least one AP STEM course,pct_students_school_offers,2022,0.96
District of Columbia,Two or More Races,At least one AP STEM course,pct_students_school_offers,2021,0.95
District of Columbia,Two or More Races,At least one AP STEM course,pct_students_school_offers,2020,0.99
District of Columbia,Two or More Races,At least one AP STEM course,pct_students_school_offers,2019,0.99
Florida,All,At least five AP courses,Number of public high schools that offer,2024,496
Florida,All,At least five AP courses,Number of public high schools that offer,2023,470
Florida,All,At least five AP courses,Number of public high schools that offer,2022,463
Florida,All,At least five AP courses,Number of public high schools that offer,2021,461
Florida,All,At least five AP courses,Number of public high schools that offer,2020,432
Florida,All,At least five AP courses,Number of public high schools that offer,2019,434
Florida,All,At least ten AP courses,Number of public high schools that offer,2024,400
Florida,All,At least ten AP courses,Number of public high schools that offer,2023,373
Florida,All,At least ten AP courses,Number of public high schools that offer,2022,370
Florida,All,At least ten AP courses,Number of public high schools that offer,2021,369
Florida,All,At least ten AP courses,Number of public high schools that offer,2020,362
Florida,All,At least ten AP courses,Number of public high schools that offer,2019,364
Florida,All,At least one AP STEM course,Number of public high schools that offer,2024,521
Florida,All,At least one AP STEM course,Number of public high schools that offer,2023,519
Florida,All,At least one AP STEM course,Number of public high schools that offer,2022,504
Florida,All,At least one AP STEM course,Number of public high schools that offer,2021,500
Florida,All,At least one AP STEM course,Number of public high schools that offer,2020,465
Florida,All,At least one AP STEM course,Number of public high schools that offer,2019,468
Florida,All,At least five AP courses,Percentage of public high schools that offers,2024,0.6
Florida,All,At least five AP courses,Percentage of public high schools that offers,2023,0.6
Florida,All,At least five AP courses,Percentage of public high schools that offers,2022,0.6
Florida,All,At least five AP courses,Percentage of public high schools that offers,2021,0.6
Florida,All,At least five AP courses,Percentage of public high schools that offers,2020,0.62
Florida,All,At least five AP courses,Percentage of public high schools that offers,2019,0.62
Florida,All,At least ten AP courses,Percentage of public high schools that offers,2024,0.48
Florida,All,At least ten AP courses,Percentage of public high schools that offers,2023,0.47
Florida,All,At least ten AP courses,Percentage of public high schools that offers,2022,0.48
Florida,All,At least ten AP courses,Percentage of public high schools that offers,2021,0.48
Florida,All,At least ten AP courses,Percentage of public high schools that offers,2020,0.52
Florida,All,At least ten AP courses,Percentage of public high schools that offers,2019,0.52
Florida,All,At least one AP STEM course,Percentage of public high schools that offers,2024,0.63
Florida,All,At least one AP STEM course,Percentage of public high schools that offers,2023,0.66
Florida,All,At least one AP STEM course,Percentage of public high schools that offers,2022,0.65
Florida,All,At least one AP STEM course,Percentage of public high schools that offers,2021,0.65
Florida,All,At least one AP STEM course,Percentage of public high schools that offers,2020,0.67
Florida,All,At least one AP STEM course,Percentage of public high schools that offers,2019,0.67
Florida,All,At least five AP courses,Percentage of public high school students whose school offers,2024,0.89
Florida,All,At least five AP courses,Percentage of public high school students whose school offers,2023,0.88
Florida,All,At least five AP courses,Percentage of public high school students whose school offers,2022,0.88
Florida,All,At least five AP courses,Percentage of public high school students whose school offers,2021,0.88
Florida,All,At least five AP courses,Percentage of public high school students whose school offers,2020,0.89
Florida,All,At least five AP courses,Percentage of public high school students whose school offers,2019,0.9
Florida,All,At least ten AP courses,Percentage of public high school students whose school offers,2024,0.78
Florida,All,At least ten AP courses,Percentage of public high school students whose school offers,2023,0.76
Florida,All,At least ten AP courses,Percentage of public high school students whose school offers,2022,0.77
Florida,All,At least ten AP courses,Percentage of public high school students whose school offers,2021,0.78
Florida,All,At least ten AP courses,Percentage of public high school students whose school offers,2020,0.81
Florida,All,At least ten AP courses,Percentage of public high school students whose school offers,2019,0.82
Florida,All,At least one AP STEM course,Percentage of public high school students whose school offers,2024,0.91
Florida,All,At least one AP STEM course,Percentage of public high school students whose school offers,2023,0.93
Florida,All,At least one AP STEM course,Percentage of public high school students whose school offers,2022,0.92
Florida,All,At least one AP STEM course,Percentage of public high school students whose school offers,2021,0.92
Florida,All,At least one AP STEM course,Percentage of public high school students whose school offers,2020,0.93
Florida,All,At least one AP STEM course,Percentage of public high school students whose school offers,2019,0.93
Florida,Asian,At least five AP courses,pct_students_school_offers,2024,0.95
Florida,Asian,At least five AP courses,pct_students_school_offers,2023,0.95
Florida,Asian,At least five AP courses,pct_students_school_offers,2022,0.94
Florida,Asian,At least five AP courses,pct_students_school_offers,2021,0.95
Florida,Asian,At least five AP courses,pct_students_school_offers,2020,0.94
Florida,Asian,At least five AP courses,pct_students_school_offers,2019,0.95
Florida,Asian,At least ten AP courses,pct_students_school_offers,2024,0.9
Florida,Asian,At least ten AP courses,pct_students_school_offers,2023,0.89
Florida,Asian,At least ten AP courses,pct_students_school_offers,2022,0.89
Florida,Asian,At least ten AP courses,pct_students_school_offers,2021,0.89
Florida,Asian,At least ten AP courses,pct_students_school_offers,2020,0.9
Florida,Asian,At least ten AP courses,pct_students_school_offers,2019,0.9
Florida,Asian,At least one AP STEM course,pct_students_school_offers,2024,0.96
Florida,Asian,At least one AP STEM course,pct_students_school_offers,2023,0.97
Florida,Asian,At least one AP STEM course,pct_students_school_offers,2022,0.97
Florida,Asian,At least one AP STEM course,pct_students_school_offers,2021,0.96
Florida,Asian,At least one AP STEM course,pct_students_school_offers,2020,0.97
Florida,Asian,At least one AP STEM course,pct_students_school_offers,2019,0.97
Florida,Hispanic/Latino,At least five AP courses,pct_students_school_offers,2024,0.91
Florida,Hispanic/Latino,At least five AP courses,pct_students_school_offers,2023,0.9
Florida,Hispanic/Latino,At least five AP courses,pct_students_school_offers,2022,0.9
Florida,Hispanic/Latino,At least five AP courses,pct_students_school_offers,2021,0.91
Florida,Hispanic/Latino,At least five AP courses,pct_students_school_offers,2020,0.92
Florida,Hispanic/Latino,At least five AP courses,pct_students_school_offers,2019,0.93
Florida,Hispanic/Latino,At least ten AP courses,pct_students_school_offers,2024,0.8
Florida,Hispanic/Latino,At least ten AP courses,pct_students_school_offers,2023,0.79
Florida,Hispanic/Latino,At least ten AP courses,pct_students_school_offers,2022,0.79
Florida,Hispanic/Latino,At least ten AP courses,pct_students_school_offers,2021,0.79
Florida,Hispanic/Latino,At least ten AP courses,pct_students_school_offers,2020,0.84
Florida,Hispanic/Latino,At least ten AP courses,pct_students_school_offers,2019,0.85
Florida,Hispanic/Latino,At least one AP STEM course,pct_students_school_offers,2024,0.93
Florida,Hispanic/Latino,At least one AP STEM course,pct_students_school_offers,2023,0.94
Florida,Hispanic/Latino,At least one AP STEM course,pct_students_school_offers,2022,0.93
Florida,Hispanic/Latino,At least one AP STEM course,pct_students_school_offers,2021,0.93
Florida,Hispanic/Latino,At least one AP STEM course,pct_students_school_offers,2020,0.94
Florida,Hispanic/Latino,At least one AP STEM course,pct_students_school_offers,2019,0.94
Florida,White,At least five AP courses,pct_students_school_offers,2024,0.89
Florida,White,At least five AP courses,pct_students_school_offers,2023,0.89
Florida,White,At least five AP courses,pct_students_school_offers,2022,0.89
Florida,White,At least five AP courses,pct_students_school_offers,2021,0.9
Florida,White,At least five AP courses,pct_students_school_offers,2020,0.9
Florida,White,At least five AP courses,pct_students_school_offers,2019,0.91
Florida,White,At least ten AP courses,pct_students_school_offers,2024,0.82
Florida,White,At least ten AP courses,pct_students_school_offers,2023,0.8
Florida,White,At least ten AP courses,pct_students_school_offers,2022,0.81
Florida,White,At least ten AP courses,pct_students_school_offers,2021,0.82
Florida,White,At least ten AP courses,pct_students_school_offers,2020,0.83
Florida,White,At least ten AP courses,pct_students_school_offers,2019,0.84
Florida,White,At least one AP STEM course,pct_students_school_offers,2024,0.92
Florida,White,At least one AP STEM course,pct_students_school_offers,2023,0.93
Florida,White,At least one AP STEM course,pct_students_school_offers,2022,0.93
Florida,White,At least one AP STEM course,pct_students_school_offers,2021,0.93
Florida,White,At least one AP STEM course,pct_students_school_offers,2020,0.94
Florida,White,At least one AP STEM course,pct_students_school_offers,2019,0.94
Florida,Black or African American,At least five AP courses,pct_students_school_offers,2024,0.82
Florida,Black or African American,At least five AP courses,pct_students_school_offers,2023,0.82
Florida,Black or African American,At least five AP courses,pct_students_school_offers,2022,0.83
Florida,Black or African American,At least five AP courses,pct_students_school_offers,2021,0.81
Florida,Black or African American,At least five AP courses,pct_students_school_offers,2020,0.83
Florida,Black or African American,At least five AP courses,pct_students_school_offers,2019,0.85
Florida,Black or African American,At least ten AP courses,pct_students_school_offers,2024,0.67
Florida,Black or African American,At least ten AP courses,pct_students_school_offers,2023,0.66
Florida,Black or African American,At least ten AP courses,pct_students_school_offers,2022,0.65
Florida,Black or African American,At least ten AP courses,pct_students_school_offers,2021,0.66
Florida,Black or African American,At least ten AP courses,pct_students_school_offers,2020,0.7
Florida,Black or African American,At least ten AP courses,pct_students_school_offers,2019,0.71
Florida,Black or African American,At least one AP STEM course,pct_students_school_offers,2024,0.89
Florida,Black or African American,At least one AP STEM course,pct_students_school_offers,2023,0.9
Florida,Black or African American,At least one AP STEM course,pct_students_school_offers,2022,0.87
Florida,Black or African American,At least one AP STEM course,pct_students_school_offers,2021,0.87
Florida,Black or African American,At least one AP STEM course,pct_students_school_offers,2020,0.89
Florida,Black or African American,At least one AP STEM course,pct_students_school_offers,2019,0.9
Florida,Native American or Alaska Native,At least five AP courses,pct_students_school_offers,2024,0.82
Florida,Native American or Alaska Native,At least five AP courses,pct_students_school_offers,2023,0.86
Florida,Native American or Alaska Native,At least five AP courses,pct_students_school_offers,2022,0.86
Florida,Native American or Alaska Native,At least five AP courses,pct_students_school_offers,2021,0.85
Florida,Native American or Alaska Native,At least five AP courses,pct_students_school_offers,2020,0.88
Florida,Native American or Alaska Native,At least five AP courses,pct_students_school_offers,2019,0.89
Florida,Native American or Alaska Native,At least ten AP courses,pct_students_school_offers,2024,0.7
Florida,Native American or Alaska Native,At least ten AP courses,pct_students_school_offers,2023,0.71
Florida,Native American or Alaska Native,At least ten AP courses,pct_students_school_offers,2022,0.72
Florida,Native American or Alaska Native,At least ten AP courses,pct_students_school_offers,2021,0.72
Florida,Native American or Alaska Native,At least ten AP courses,pct_students_school_offers,2020,0.73
Florida,Native American or Alaska Native,At least ten AP courses,pct_students_school_offers,2019,0.74
Florida,Native American or Alaska Native,At least one AP STEM course,pct_students_school_offers,2024,0.86
Florida,Native American or Alaska Native,At least one AP STEM course,pct_students_school_offers,2023,0.91
Florida,Native American or Alaska Native,At least one AP STEM course,pct_students_school_offers,2022,0.9
Florida,Native American or Alaska Native,At least one AP STEM course,pct_students_school_offers,2021,0.89
Florida,Native American or Alaska Native,At least one AP STEM course,pct_students_school_offers,2020,0.89
Florida,Native American or Alaska Native,At least one AP STEM course,pct_students_school_offers,2019,0.91
Florida,Native Hawaiian or other Pacific Islander,At least five AP courses,pct_students_school_offers,2024,0.91
Florida,Native Hawaiian or other Pacific Islander,At least five AP courses,pct_students_school_offers,2023,0.91
Florida,Native Hawaiian or other Pacific Islander,At least five AP courses,pct_students_school_offers,2022,0.91
Florida,Native Hawaiian or other Pacific Islander,At least five AP courses,pct_students_school_offers,2021,0.9
Florida,Native Hawaiian or other Pacific Islander,At least five AP courses,pct_students_school_offers,2020,0.9
Florida,Native Hawaiian or other Pacific Islander,At least five AP courses,pct_students_school_offers,2019,0.91
Florida,Native Hawaiian or other Pacific Islander,At least ten AP courses,pct_students_school_offers,2024,0.82
Florida,Native Hawaiian or other Pacific Islander,At least ten AP courses,pct_students_school_offers,2023,0.81
Florida,Native Hawaiian or other Pacific Islander,At least ten AP courses,pct_students_school_offers,2022,0.81
Florida,Native Hawaiian or other Pacific Islander,At least ten AP courses,pct_students_school_offers,2021,0.81
Florida,Native Hawaiian or other Pacific Islander,At least ten AP courses,pct_students_school_offers,2020,0.81
Florida,Native Hawaiian or other Pacific Islander,At least ten AP courses,pct_students_school_offers,2019,0.83
Florida,Native Hawaiian or other Pacific Islander,At least one AP STEM course,pct_students_school_offers,2024,0.94
Florida,Native Hawaiian or other Pacific Islander,At least one AP STEM course,pct_students_school_offers,2023,0.94
Florida,Native Hawaiian or other Pacific Islander,At least one AP STEM course,pct_students_school_offers,2022,0.94
Florida,Native Hawaiian or other Pacific Islander,At least one AP STEM course,pct_students_school_offers,2021,0.94
Florida,Native Hawaiian or other Pacific Islander,At least one AP STEM course,pct_students_school_offers,2020,0.93
Florida,Native Hawaiian or other Pacific Islander,At least one AP STEM course,pct_students_school_offers,2019,0.94
Florida,Two or More Races,At least five AP courses,pct_students_school_offers,2024,0.89
Florida,Two or More Races,At least five AP courses,pct_students_school_offers,2023,0.89
Florida,Two or More Races,At least five AP courses,pct_students_school_offers,2022,0.89
Florida,Two or More Races,At least five AP courses,pct_students_school_offers,2021,0.88
Florida,Two or More Races,At least five AP courses,pct_students_school_offers,2020,0.89
Florida,Two or More Races,At least five AP courses,pct_students_school_offers,2019,0.9
Florida,Two or More Races,At least ten AP courses,pct_students_school_offers,2024,0.8
Florida,Two or More Races,At least ten AP courses,pct_students_school_offers,2023,0.78
Florida,Two or More Races,At least ten AP courses,pct_students_school_offers,2022,0.79
Florida,Two or More Races,At least ten AP courses,pct_students_school_offers,2021,0.79
Florida,Two or More Races,At least ten AP courses,pct_students_school_offers,2020,0.81
Florida,Two or More Races,At least ten AP courses,pct_students_school_offers,2019,0.83
Florida,Two or More Races,At least one AP STEM course,pct_students_school_offers,2024,0.91
Florida,Two or More Races,At least one AP STEM course,pct_students_school_offers,2023,0.93
Florida,Two or More Races,At least one AP STEM course,pct_students_school_offers,2022,0.92
Florida,Two or More Races,At least one AP STEM course,pct_students_school_offers,2021,0.92
Florida,Two or More Races,At least one AP STEM course,pct_students_school_offers,2020,0.93
Florida,Two or More Races,At least one AP STEM course,pct_students_school_offers,2019,0.93
Georgia,All,At least five AP courses,Number of public high schools that offer,2024,333
Georgia,All,At least five AP courses,Number of public high schools that offer,2023,307
Georgia,All,At least five AP courses,Number of public high schools that offer,2022,297
Georgia,All,At least five AP courses,Number of public high schools that offer,2021,298
Georgia,All,At least five AP courses,Number of public high schools that offer,2020,285
Georgia,All,At least five AP courses,Number of public high schools that offer,2019,283
Georgia,All,At least ten AP courses,Number of public high schools that offer,2024,262
Georgia,All,At least ten AP courses,Number of public high schools that offer,2023,237
Georgia,All,At least ten AP courses,Number of public high schools that offer,2022,223
Georgia,All,At least ten AP courses,Number of public high schools that offer,2021,222
Georgia,All,At least ten AP courses,Number of public high schools that offer,2020,219
Georgia,All,At least ten AP courses,Number of public high schools that offer,2019,205
Georgia,All,At least one AP STEM course,Number of public high schools that offer,2024,355
Georgia,All,At least one AP STEM course,Number of public high schools that offer,2023,347
Georgia,All,At least one AP STEM course,Number of public high schools that offer,2022,322
Georgia,All,At least one AP STEM course,Number of public high schools that offer,2021,327
Georgia,All,At least one AP STEM course,Number of public high schools that offer,2020,304
Georgia,All,At least one AP STEM course,Number of public high schools that offer,2019,307
Georgia,All,At least five AP courses,Percentage of public high schools that offers,2024,0.72
Georgia,All,At least five AP courses,Percentage of public high schools that offers,2023,0.71
Georgia,All,At least five AP courses,Percentage of public high schools that offers,2022,0.7
Georgia,All,At least five AP courses,Percentage of public high schools that offers,2021,0.7
Georgia,All,At least five AP courses,Percentage of public high schools that offers,2020,0.69
Georgia,All,At least five AP courses,Percentage of public high schools that offers,2019,0.69
Georgia,All,At least ten AP courses,Percentage of public high schools that offers,2024,0.57
Georgia,All,At least ten AP courses,Percentage of public high schools that offers,2023,0.55
Georgia,All,At least ten AP courses,Percentage of public high schools that offers,2022,0.52
Georgia,All,At least ten AP courses,Percentage of public high schools that offers,2021,0.52
Georgia,All,At least ten AP courses,Percentage of public high schools that offers,2020,0.53
Georgia,All,At least ten AP courses,Percentage of public high schools that offers,2019,0.5
Georgia,All,At least one AP STEM course,Percentage of public high schools that offers,2024,0.77
Georgia,All,At least one AP STEM course,Percentage of public high schools that offers,2023,0.8
Georgia,All,At least one AP STEM course,Percentage of public high schools that offers,2022,0.75
Georgia,All,At least one AP STEM course,Percentage of public high schools that offers,2021,0.77
Georgia,All,At least one AP STEM course,Percentage of public high schools that offers,2020,0.74
Georgia,All,At least one AP STEM course,Percentage of public high schools that offers,2019,0.74
Georgia,All,At least five AP courses,Percentage of public high school students whose school offers,2024,0.89
Georgia,All,At least five AP courses,Percentage of public high school students whose school offers,2023,0.88
Georgia,All,At least five AP courses,Percentage of public high school students whose school offers,2022,0.87
Georgia,All,At least five AP courses,Percentage of public high school students whose school offers,2021,0.87
Georgia,All,At least five AP courses,Percentage of public high school students whose school offers,2020,0.86
Georgia,All,At least five AP courses,Percentage of public high school students whose school offers,2019,0.86
Georgia,All,At least ten AP courses,Percentage of public high school students whose school offers,2024,0.78
Georgia,All,At least ten AP courses,Percentage of public high school students whose school offers,2023,0.76
Georgia,All,At least ten AP courses,Percentage of public high school students whose school offers,2022,0.74
Georgia,All,At least ten AP courses,Percentage of public high school students whose school offers,2021,0.73
Georgia,All,At least ten AP courses,Percentage of public high school students whose school offers,2020,0.74
Georgia,All,At least ten AP courses,Percentage of public high school students whose school offers,2019,0.7
Georgia,All,At least one AP STEM course,Percentage of public high school students whose school offers,2024,0.92
Georgia,All,At least one AP STEM course,Percentage of public high school students whose school offers,2023,0.93
Georgia,All,At least one AP STEM course,Percentage of public high school students whose school offers,2022,0.91
Georgia,All,At least one AP STEM course,Percentage of public high school students whose school offers,2021,0.91
Georgia,All,At least one AP STEM course,Percentage of public high school students whose school offers,2020,0.89
Georgia,All,At least one AP STEM course,Percentage of public high school students whose school offers,2019,0.89
Georgia,Asian,At least five AP courses,pct_students_school_offers,2024,0.98
Georgia,Asian,At least five AP courses,pct_students_school_offers,2023,0.98
Georgia,Asian,At least five AP courses,pct_students_school_offers,2022,0.98
Georgia,Asian,At least five AP courses,pct_students_school_offers,2021,0.98
Georgia,Asian,At least five AP courses,pct_students_school_offers,2020,0.97
Georgia,Asian,At least five AP courses,pct_students_school_offers,2019,0.97
Georgia,Asian,At least ten AP courses,pct_students_school_offers,2024,0.96
Georgia,Asian,At least ten AP courses,pct_students_school_offers,2023,0.95
Georgia,Asian,At least ten AP courses,pct_students_school_offers,2022,0.95
Georgia,Asian,At least ten AP courses,pct_students_school_offers,2021,0.94
Georgia,Asian,At least ten AP courses,pct_students_school_offers,2020,0.95
Georgia,Asian,At least ten AP courses,pct_students_school_offers,2019,0.93
Georgia,Asian,At least one AP STEM course,pct_students_school_offers,2024,0.99
Georgia,Asian,At least one AP STEM course,pct_students_school_offers,2023,0.99
Georgia,Asian,At least one AP STEM course,pct_students_school_offers,2022,0.99
Georgia,Asian,At least one AP STEM course,pct_students_school_offers,2021,0.99
Georgia,Asian,At least one AP STEM course,pct_students_school_offers,2020,0.98
Georgia,Asian,At least one AP STEM course,pct_students_school_offers,2019,0.98
Georgia,Hispanic/Latino,At least five AP courses,pct_students_school_offers,2024,0.92
Georgia,Hispanic/Latino,At least five AP courses,pct_students_school_offers,2023,0.92
Georgia,Hispanic/Latino,At least five AP courses,pct_students_school_offers,2022,0.91
Georgia,Hispanic/Latino,At least five AP courses,pct_students_school_offers,2021,0.92
Georgia,Hispanic/Latino,At least five AP courses,pct_students_school_offers,2020,0.92
Georgia,Hispanic/Latino,At least five AP courses,pct_students_school_offers,2019,0.91
Georgia,Hispanic/Latino,At least ten AP courses,pct_students_school_offers,2024,0.84
Georgia,Hispanic/Latino,At least ten AP courses,pct_students_school_offers,2023,0.84
Georgia,Hispanic/Latino,At least ten AP courses,pct_students_school_offers,2022,0.81
Georgia,Hispanic/Latino,At least ten AP courses,pct_students_school_offers,2021,0.8
Georgia,Hispanic/Latino,At least ten AP courses,pct_students_school_offers,2020,0.82
Georgia,Hispanic/Latino,At least ten AP courses,pct_students_school_offers,2019,0.77
Georgia,Hispanic/Latino,At least one AP STEM course,pct_students_school_offers,2024,0.94
Georgia,Hispanic/Latino,At least one AP STEM course,pct_students_school_offers,2023,0.95
Georgia,Hispanic/Latino,At least one AP STEM course,pct_students_school_offers,2022,0.94
Georgia,Hispanic/Latino,At least one AP STEM course,pct_students_school_offers,2021,0.94
Georgia,Hispanic/Latino,At least one AP STEM course,pct_students_school_offers,2020,0.94
Georgia,Hispanic/Latino,At least one AP STEM course,pct_students_school_offers,2019,0.92
Georgia,White,At least five AP courses,pct_students_school_offers,2024,0.88
Georgia,White,At least five AP courses,pct_students_school_offers,2023,0.88
Georgia,White,At least five AP courses,pct_students_school_offers,2022,0.88
Georgia,White,At least five AP courses,pct_students_school_offers,2021,0.88
Georgia,White,At least five AP courses,pct_students_school_offers,2020,0.87
Georgia,White,At least five AP courses,pct_students_school_offers,2019,0.87
Georgia,White,At least ten AP courses,pct_students_school_offers,2024,0.77
Georgia,White,At least ten AP courses,pct_students_school_offers,2023,0.77
Georgia,White,At least ten AP courses,pct_students_school_offers,2022,0.75
Georgia,White,At least ten AP courses,pct_students_school_offers,2021,0.76
Georgia,White,At least ten AP courses,pct_students_school_offers,2020,0.76
Georgia,White,At least ten AP courses,pct_students_school_offers,2019,0.73
Georgia,White,At least one AP STEM course,pct_students_school_offers,2024,0.92
Georgia,White,At least one AP STEM course,pct_students_school_offers,2023,0.93
Georgia,White,At least one AP STEM course,pct_students_school_offers,2022,0.91
Georgia,White,At least one AP STEM course,pct_students_school_offers,2021,0.91
Georgia,White,At least one AP STEM course,pct_students_school_offers,2020,0.91
Georgia,White,At least one AP STEM course,pct_students_school_offers,2019,0.91
Georgia,Black or African American,At least five AP courses,pct_students_school_offers,2024,0.88
Georgia,Black or African American,At least five AP courses,pct_students_school_offers,2023,0.85
Georgia,Black or African American,At least five AP courses,pct_students_school_offers,2022,0.83
Georgia,Black or African American,At least five AP courses,pct_students_school_offers,2021,0.83
Georgia,Black or African American,At least five AP courses,pct_students_school_offers,2020,0.81
Georgia,Black or African American,At least five AP courses,pct_students_school_offers,2019,0.82
Georgia,Black or African American,At least ten AP courses,pct_students_school_offers,2024,0.74
Georgia,Black or African American,At least ten AP courses,pct_students_school_offers,2023,0.69
Georgia,Black or African American,At least ten AP courses,pct_students_school_offers,2022,0.66
Georgia,Black or African American,At least ten AP courses,pct_students_school_offers,2021,0.65
Georgia,Black or African American,At least ten AP courses,pct_students_school_offers,2020,0.66
Georgia,Black or African American,At least ten AP courses,pct_students_school_offers,2019,0.62
Georgia,Black or African American,At least one AP STEM course,pct_students_school_offers,2024,0.9
Georgia,Black or African American,At least one AP STEM course,pct_students_school_offers,2023,0.92
Georgia,Black or African American,At least one AP STEM course,pct_students_school_offers,2022,0.87
Georgia,Black or African American,At least one AP STEM course,pct_students_school_offers,2021,0.88
Georgia,Black or African American,At least one AP STEM course,pct_students_school_offers,2020,0.84
Georgia,Black or African American,At least one AP STEM course,pct_students_school_offers,2019,0.86
Georgia,Native American or Alaska Native,At least five AP courses,pct_students_school_offers,2024,0.87
Georgia,Native American or Alaska Native,At least five AP courses,pct_students_school_offers,2023,0.87
Georgia,Native American or Alaska Native,At least five AP courses,pct_students_school_offers,2022,0.88
Georgia,Native American or Alaska Native,At least five AP courses,pct_students_school_offers,2021,0.88
Georgia,Native American or Alaska Native,At least five AP courses,pct_students_school_offers,2020,0.87
Georgia,Native American or Alaska Native,At least five AP courses,pct_students_school_offers,2019,0.87
Georgia,Native American or Alaska Native,At least ten AP courses,pct_students_school_offers,2024,0.79
Georgia,Native American or Alaska Native,At least ten AP courses,pct_students_school_offers,2023,0.79
Georgia,Native American or Alaska Native,At least ten AP courses,pct_students_school_offers,2022,0.79
Georgia,Native American or Alaska Native,At least ten AP courses,pct_students_school_offers,2021,0.78
Georgia,Native American or Alaska Native,At least ten AP courses,pct_students_school_offers,2020,0.75
Georgia,Native American or Alaska Native,At least ten AP courses,pct_students_school_offers,2019,0.71
Georgia,Native American or Alaska Native,At least one AP STEM course,pct_students_school_offers,2024,0.9
Georgia,Native American or Alaska Native,At least one AP STEM course,pct_students_school_offers,2023,0.93
Georgia,Native American or Alaska Native,At least one AP STEM course,pct_students_school_offers,2022,0.91
Georgia,Native American or Alaska Native,At least one AP STEM course,pct_students_school_offers,2021,0.91
Georgia,Native American or Alaska Native,At least one AP STEM course,pct_students_school_offers,2020,0.89
Georgia,Native American or Alaska Native,At least one AP STEM course,pct_students_school_offers,2019,0.9
Georgia,Native Hawaiian or other Pacific Islander,At least five AP courses,pct_students_school_offers,2024,0.92
Georgia,Native Hawaiian or other Pacific Islander,At least five AP courses,pct_students_school_offers,2023,0.9
Georgia,Native Hawaiian or other Pacific Islander,At least five AP courses,pct_students_school_offers,2022,0.89
Georgia,Native Hawaiian or other Pacific Islander,At least five AP courses,pct_students_school_offers,2021,0.88
Georgia,Native Hawaiian or other Pacific Islander,At least five AP courses,pct_students_school_offers,2020,0.83
Georgia,Native Hawaiian or other Pacific Islander,At least five AP courses,pct_students_school_offers,2019,0.87
Georgia,Native Hawaiian or other Pacific Islander,At least ten AP courses,pct_students_school_offers,2024,0.8
Georgia,Native Hawaiian or other Pacific Islander,At least ten AP courses,pct_students_school_offers,2023,0.79
Georgia,Native Hawaiian or other Pacific Islander,At least ten AP courses,pct_students_school_offers,2022,0.76
Georgia,Native Hawaiian or other Pacific Islander,At least ten AP courses,pct_students_school_offers,2021,0.76
Georgia,Native Hawaiian or other Pacific Islander,At least ten AP courses,pct_students_school_offers,2020,0.77
Georgia,Native Hawaiian or other Pacific Islander,At least ten AP courses,pct_students_school_offers,2019,0.74
Georgia,Native Hawaiian or other Pacific Islander,At least one AP STEM course,pct_students_school_offers,2024,0.95
Georgia,Native Hawaiian or other Pacific Islander,At least one AP STEM course,pct_students_school_offers,2023,0.97
Georgia,Native Hawaiian or other Pacific Islander,At least one AP STEM course,pct_students_school_offers,2022,0.91
Georgia,Native Hawaiian or other Pacific Islander,At least one AP STEM course,pct_students_school_offers,2021,0.91
Georgia,Native Hawaiian or other Pacific Islander,At least one AP STEM course,pct_students_school_offers,2020,0.9
Georgia,Native Hawaiian or other Pacific Islander,At least one AP STEM course,pct_students_school_offers,2019,0.91
Georgia,Two or More Races,At least five AP courses,pct_students_school_offers,2024,0.91
Georgia,Two or More Races,At least five AP courses,pct_students_school_offers,2023,0.9
Georgia,Two or More Races,At least five AP courses,pct_students_school_offers,2022,0.9
Georgia,Two or More Races,At least five AP courses,pct_students_school_offers,2021,0.9
Georgia,Two or More Races,At least five AP courses,pct_students_school_offers,2020,0.89
Georgia,Two or More Races,At least five AP courses,pct_students_school_offers,2019,0.89
Georgia,Two or More Races,At least ten AP courses,pct_students_school_offers,2024,0.82
Georgia,Two or More Races,At least ten AP courses,pct_students_school_offers,2023,0.81
Georgia,Two or More Races,At least ten AP courses,pct_students_school_offers,2022,0.79
Georgia,Two or More Races,At least ten AP courses,pct_students_school_offers,2021,0.78
Georgia,Two or More Races,At least ten AP courses,pct_students_school_offers,2020,0.8
Georgia,Two or More Races,At least ten AP courses,pct_students_school_offers,2019,0.76
Georgia,Two or More Races,At least one AP STEM course,pct_students_school_offers,2024,0.94
Georgia,Two or More Races,At least one AP STEM course,pct_students_school_offers,2023,0.95
Georgia,Two or More Races,At least one AP STEM course,pct_students_school_offers,2022,0.93
Georgia,Two or More Races,At least one AP STEM course,pct_students_school_offers,2021,0.92
Georgia,Two or More Races,At least one AP STEM course,pct_students_school_offers,2020,0.92
Georgia,Two or More Races,At least one AP STEM course,pct_students_school_offers,2019,0.91
Hawaii,All,At least five AP courses,Number of public high schools that offer,2024,32
Hawaii,All,At least five AP courses,Number of public high schools that offer,2023,32
Hawaii,All,At least five AP courses,Number of public high schools that offer,2022,30
Hawaii,All,At least five AP courses,Number of public high schools that offer,2021,34
Hawaii,All,At least five AP courses,Number of public high schools that offer,2020,32
Hawaii,All,At least five AP courses,Number of public high schools that offer,2019,33
Hawaii,All,At least ten AP courses,Number of public high schools that offer,2024,23
Hawaii,All,At least ten AP courses,Number of public high schools that offer,2023,22
Hawaii,All,At least ten AP courses,Number of public high schools that offer,2022,19
Hawaii,All,At least ten AP courses,Number of public high schools that offer,2021,20
Hawaii,All,At least ten AP courses,Number of public high schools that offer,2020,18
Hawaii,All,At least ten AP courses,Number of public high schools that offer,2019,18
Hawaii,All,At least one AP STEM course,Number of public high schools that offer,2024,39
Hawaii,All,At least one AP STEM course,Number of public high schools that offer,2023,38
Hawaii,All,At least one AP STEM course,Number of public high schools that offer,2022,41
Hawaii,All,At least one AP STEM course,Number of public high schools that offer,2021,39
Hawaii,All,At least one AP STEM course,Number of public high schools that offer,2020,36
Hawaii,All,At least one AP STEM course,Number of public high schools that offer,2019,35
Hawaii,All,At least five AP courses,Percentage of public high schools that offers,2024,0.52
Hawaii,All,At least five AP courses,Percentage of public high schools that offers,2023,0.53
Hawaii,All,At least five AP courses,Percentage of public high schools that offers,2022,0.5
Hawaii,All,At least five AP courses,Percentage of public high schools that offers,2021,0.57
Hawaii,All,At least five AP courses,Percentage of public high schools that offers,2020,0.54
Hawaii,All,At least five AP courses,Percentage of public high schools that offers,2019,0.56
Hawaii,All,At least ten AP courses,Percentage of public high schools that offers,2024,0.37
Hawaii,All,At least ten AP courses,Percentage of public high schools that offers,2023,0.37
Hawaii,All,At least ten AP courses,Percentage of public high schools that offers,2022,0.32
Hawaii,All,At least ten AP courses,Percentage of public high schools that offers,2021,0.33
Hawaii,All,At least ten AP courses,Percentage of public high schools that offers,2020,0.31
Hawaii,All,At least ten AP courses,Percentage of public high schools that offers,2019,0.31
Hawaii,All,At least one AP STEM course,Percentage of public high schools that offers,2024,0.63
Hawaii,All,At least one AP STEM course,Percentage of public high schools that offers,2023,0.63
Hawaii,All,At least one AP STEM course,Percentage of public high schools that offers,2022,0.68
Hawaii,All,At least one AP STEM course,Percentage of public high schools that offers,2021,0.65
Hawaii,All,At least one AP STEM course,Percentage of public high schools that offers,2020,0.61
Hawaii,All,At least one AP STEM course,Percentage of public high schools that offers,2019,0.59
Hawaii,All,At least five AP courses,Percentage of public high school students whose school offers,2024,0.83
Hawaii,All,At least five AP courses,Percentage of public high school students whose school offers,2023,0.83
Hawaii,All,At least five AP courses,Percentage of public high school students whose school offers,2022,0.8
Hawaii,All,At least five AP courses,Percentage of public high school students whose school offers,2021,0.85
Hawaii,All,At least five AP courses,Percentage of public high school students whose school offers,2020,0.83
Hawaii,All,At least five AP courses,Percentage of public high school students whose school offers,2019,0.86
Hawaii,All,At least ten AP courses,Percentage of public high school students whose school offers,2024,0.7
Hawaii,All,At least ten AP courses,Percentage of public high school students whose school offers,2023,0.69
Hawaii,All,At least ten AP courses,Percentage of public high school students whose school offers,2022,0.63
Hawaii,All,At least ten AP courses,Percentage of public high school students whose school offers,2021,0.65
Hawaii,All,At least ten AP courses,Percentage of public high school students whose school offers,2020,0.58
Hawaii,All,At least ten AP courses,Percentage of public high school students whose school offers,2019,0.57
Hawaii,All,At least one AP STEM course,Percentage of public high school students whose school offers,2024,0.89
Hawaii,All,At least one AP STEM course,Percentage of public high school students whose school offers,2023,0.89
Hawaii,All,At least one AP STEM course,Percentage of public high school students whose school offers,2022,0.92
Hawaii,All,At least one AP STEM course,Percentage of public high school students whose school offers,2021,0.93
Hawaii,All,At least one AP STEM course,Percentage of public high school students whose school offers,2020,0.88
Hawaii,All,At least one AP STEM course,Percentage of public high school students whose school offers,2019,0.87
Hawaii,Asian,At least five AP courses,pct_students_school_offers,2024,0.92
Hawaii,Asian,At least five AP courses,pct_students_school_offers,2023,0.92
Hawaii,Asian,At least five AP courses,pct_students_school_offers,2022,0.91
Hawaii,Asian,At least five AP courses,pct_students_school_offers,2021,0.93
Hawaii,Asian,At least five AP courses,pct_students_school_offers,2020,0.9
Hawaii,Asian,At least five AP courses,pct_students_school_offers,2019,0.93
Hawaii,Asian,At least ten AP courses,pct_students_school_offers,2024,0.86
Hawaii,Asian,At least ten AP courses,pct_students_school_offers,2023,0.83
Hawaii,Asian,At least ten AP courses,pct_students_school_offers,2022,0.78
Hawaii,Asian,At least ten AP courses,pct_students_school_offers,2021,0.81
Hawaii,Asian,At least ten AP courses,pct_students_school_offers,2020,0.67
Hawaii,Asian,At least ten AP courses,pct_students_school_offers,2019,0.65
Hawaii,Asian,At least one AP STEM course,pct_students_school_offers,2024,0.96
Hawaii,Asian,At least one AP STEM course,pct_students_school_offers,2023,0.97
Hawaii,Asian,At least one AP STEM course,pct_students_school_offers,2022,0.97
Hawaii,Asian,At least one AP STEM course,pct_students_school_offers,2021,0.97
Hawaii,Asian,At least one AP STEM course,pct_students_school_offers,2020,0.93
Hawaii,Asian,At least one AP STEM course,pct_students_school_offers,2019,0.94
Hawaii,Hispanic/Latino,At least five AP courses,pct_students_school_offers,2024,0.82
Hawaii,Hispanic/Latino,At least five AP courses,pct_students_school_offers,2023,0.82
Hawaii,Hispanic/Latino,At least five AP courses,pct_students_school_offers,2022,0.79
Hawaii,Hispanic/Latino,At least five AP courses,pct_students_school_offers,2021,0.84
Hawaii,Hispanic/Latino,At least five AP courses,pct_students_school_offers,2020,0.84
Hawaii,Hispanic/Latino,At least five AP courses,pct_students_school_offers,2019,0.88
Hawaii,Hispanic/Latino,At least ten AP courses,pct_students_school_offers,2024,0.67
Hawaii,Hispanic/Latino,At least ten AP courses,pct_students_school_offers,2023,0.66
Hawaii,Hispanic/Latino,At least ten AP courses,pct_students_school_offers,2022,0.6
Hawaii,Hispanic/Latino,At least ten AP courses,pct_students_school_offers,2021,0.62
Hawaii,Hispanic/Latino,At least ten AP courses,pct_students_school_offers,2020,0.64
Hawaii,Hispanic/Latino,At least ten AP courses,pct_students_school_offers,2019,0.64
Hawaii,Hispanic/Latino,At least one AP STEM course,pct_students_school_offers,2024,0.87
Hawaii,Hispanic/Latino,At least one AP STEM course,pct_students_school_offers,2023,0.86
Hawaii,Hispanic/Latino,At least one AP STEM course,pct_students_school_offers,2022,0.92
Hawaii,Hispanic/Latino,At least one AP STEM course,pct_students_school_offers,2021,0.94
Hawaii,Hispanic/Latino,At least one AP STEM course,pct_students_school_offers,2020,0.88
Hawaii,Hispanic/Latino,At least one AP STEM course,pct_students_school_offers,2019,0.9
Hawaii,White,At least five AP courses,pct_students_school_offers,2024,0.79
Hawaii,White,At least five AP courses,pct_students_school_offers,2023,0.79
Hawaii,White,At least five AP courses,pct_students_school_offers,2022,0.78
Hawaii,White,At least five AP courses,pct_students_school_offers,2021,0.84
Hawaii,White,At least five AP courses,pct_students_school_offers,2020,0.81
Hawaii,White,At least five AP courses,pct_students_school_offers,2019,0.82
Hawaii,White,At least ten AP courses,pct_students_school_offers,2024,0.65
Hawaii,White,At least ten AP courses,pct_students_school_offers,2023,0.61
Hawaii,White,At least ten AP courses,pct_students_school_offers,2022,0.57
Hawaii,White,At least ten AP courses,pct_students_school_offers,2021,0.6
Hawaii,White,At least ten AP courses,pct_students_school_offers,2020,0.59
Hawaii,White,At least ten AP courses,pct_students_school_offers,2019,0.59
Hawaii,White,At least one AP STEM course,pct_students_school_offers,2024,0.85
Hawaii,White,At least one AP STEM course,pct_students_school_offers,2023,0.85
Hawaii,White,At least one AP STEM course,pct_students_school_offers,2022,0.91
Hawaii,White,At least one AP STEM course,pct_students_school_offers,2021,0.91
Hawaii,White,At least one AP STEM course,pct_students_school_offers,2020,0.84
Hawaii,White,At least one AP STEM course,pct_students_school_offers,2019,0.84
Hawaii,Black or African American,At least five AP courses,pct_students_school_offers,2024,0.91
Hawaii,Black or African American,At least five AP courses,pct_students_school_offers,2023,0.89
Hawaii,Black or African American,At least five AP courses,pct_students_school_offers,2022,0.89
Hawaii,Black or African American,At least five AP courses,pct_students_school_offers,2021,0.91
Hawaii,Black or African American,At least five AP courses,pct_students_school_offers,2020,0.91
Hawaii,Black or African American,At least five AP courses,pct_students_school_offers,2019,0.91
Hawaii,Black or African American,At least ten AP courses,pct_students_school_offers,2024,0.87
Hawaii,Black or African American,At least ten AP courses,pct_students_school_offers,2023,0.85
Hawaii,Black or African American,At least ten AP courses,pct_students_school_offers,2022,0.82
Hawaii,Black or African American,At least ten AP courses,pct_students_school_offers,2021,0.82
Hawaii,Black or African American,At least ten AP courses,pct_students_school_offers,2020,0.82
Hawaii,Black or African American,At least ten AP courses,pct_students_school_offers,2019,0.82
Hawaii,Black or African American,At least one AP STEM course,pct_students_school_offers,2024,0.94
Hawaii,Black or African American,At least one AP STEM course,pct_students_school_offers,2023,0.93
Hawaii,Black or African American,At least one AP STEM course,pct_students_school_offers,2022,0.95
Hawaii,Black or African American,At least one AP STEM course,pct_students_school_offers,2021,0.94
Hawaii,Black or African American,At least one AP STEM course,pct_students_school_offers,2020,0.94
Hawaii,Black or African American,At least one AP STEM course,pct_students_school_offers,2019,0.91
Hawaii,Native American or Alaska Native,At least five AP courses,pct_students_school_offers,2024,0.75
Hawaii,Native American or Alaska Native,At least five AP courses,pct_students_school_offers,2023,0.76
Hawaii,Native American or Alaska Native,At least five AP courses,pct_students_school_offers,2022,0.65
Hawaii,Native American or Alaska Native,At least five AP courses,pct_students_school_offers,2021,0.76
Hawaii,Native American or Alaska Native,At least five AP courses,pct_students_school_offers,2020,0.74
Hawaii,Native American or Alaska Native,At least five AP courses,pct_students_school_offers,2019,0.72
Hawaii,Native American or Alaska Native,At least ten AP courses,pct_students_school_offers,2024,0.58
Hawaii,Native American or Alaska Native,At least ten AP courses,pct_students_school_offers,2023,0.57
Hawaii,Native American or Alaska Native,At least ten AP courses,pct_students_school_offers,2022,0.5
Hawaii,Native American or Alaska Native,At least ten AP courses,pct_students_school_offers,2021,0.52
Hawaii,Native American or Alaska Native,At least ten AP courses,pct_students_school_offers,2020,0.44
Hawaii,Native American or Alaska Native,At least ten AP courses,pct_students_school_offers,2019,0.47
Hawaii,Native American or Alaska Native,At least one AP STEM course,pct_students_school_offers,2024,0.8
Hawaii,Native American or Alaska Native,At least one AP STEM course,pct_students_school_offers,2023,0.83
Hawaii,Native American or Alaska Native,At least one AP STEM course,pct_students_school_offers,2022,0.88
Hawaii,Native American or Alaska Native,At least one AP STEM course,pct_students_school_offers,2021,0.88
Hawaii,Native American or Alaska Native,At least one AP STEM course,pct_students_school_offers,2020,0.81
Hawaii,Native American or Alaska Native,At least one AP STEM course,pct_students_school_offers,2019,0.76
Hawaii,Native Hawaiian or other Pacific Islander,At least five AP courses,pct_students_school_offers,2024,0.72
Hawaii,Native Hawaiian or other Pacific Islander,At least five AP courses,pct_students_school_offers,2023,0.73
Hawaii,Native Hawaiian or other Pacific Islander,At least five AP courses,pct_students_school_offers,2022,0.68
Hawaii,Native Hawaiian or other Pacific Islander,At least five AP courses,pct_students_school_offers,2021,0.76
Hawaii,Native Hawaiian or other Pacific Islander,At least five AP courses,pct_students_school_offers,2020,0.74
Hawaii,Native Hawaiian or other Pacific Islander,At least five AP courses,pct_students_school_offers,2019,0.77
Hawaii,Native Hawaiian or other Pacific Islander,At least ten AP courses,pct_students_school_offers,2024,0.55
Hawaii,Native Hawaiian or other Pacific Islander,At least ten AP courses,pct_students_school_offers,2023,0.56
Hawaii,Native Hawaiian or other Pacific Islander,At least ten AP courses,pct_students_school_offers,2022,0.48
Hawaii,Native Hawaiian or other Pacific Islander,At least ten AP courses,pct_students_school_offers,2021,0.49
Hawaii,Native Hawaiian or other Pacific Islander,At least ten AP courses,pct_students_school_offers,2020,0.43
Hawaii,Native Hawaiian or other Pacific Islander,At least ten AP courses,pct_students_school_offers,2019,0.42
Hawaii,Native Hawaiian or other Pacific Islander,At least one AP STEM course,pct_students_school_offers,2024,0.81
Hawaii,Native Hawaiian or other Pacific Islander,At least one AP STEM course,pct_students_school_offers,2023,0.82
Hawaii,Native Hawaiian or other Pacific Islander,At least one AP STEM course,pct_students_school_offers,2022,0.87
Hawaii,Native Hawaiian or other Pacific Islander,At least one AP STEM course,pct_students_school_offers,2021,0.88
Hawaii,Native Hawaiian or other Pacific Islander,At least one AP STEM course,pct_students_school_offers,2020,0.84
Hawaii,Native Hawaiian or other Pacific Islander,At least one AP STEM course,pct_students_school_offers,2019,0.78
Hawaii,Two or More Races,At least five AP courses,pct_students_school_offers,2024,0.85
Hawaii,Two or More Races,At least five AP courses,pct_students_school_offers,2023,0.85
Hawaii,Two or More Races,At least five AP courses,pct_students_school_offers,2022,0.85
Hawaii,Two or More Races,At least five AP courses,pct_students_school_offers,2021,0.89
Hawaii,Two or More Races,At least five AP courses,pct_students_school_offers,2020,0.86
Hawaii,Two or More Races,At least five AP courses,pct_students_school_offers,2019,0.88
Hawaii,Two or More Races,At least ten AP courses,pct_students_school_offers,2024,0.71
Hawaii,Two or More Races,At least ten AP courses,pct_students_school_offers,2023,0.71
Hawaii,Two or More Races,At least ten AP courses,pct_students_school_offers,2022,0.66
Hawaii,Two or More Races,At least ten AP courses,pct_students_school_offers,2021,0.68
Hawaii,Two or More Races,At least ten AP courses,pct_students_school_offers,2020,0.66
Hawaii,Two or More Races,At least ten AP courses,pct_students_school_offers,2019,0.64
Hawaii,Two or More Races,At least one AP STEM course,pct_students_school_offers,2024,0.91
Hawaii,Two or More Races,At least one AP STEM course,pct_students_school_offers,2023,0.9
Hawaii,Two or More Races,At least one AP STEM course,pct_students_school_offers,2022,0.93
Hawaii,Two or More Races,At least one AP STEM course,pct_students_school_offers,2021,0.95
Hawaii,Two or More Races,At least one AP STEM course,pct_students_school_offers,2020,0.89
Hawaii,Two or More Races,At least one AP STEM course,pct_students_school_offers,2019,0.9
Idaho,All,At least five AP courses,Number of public high schools that offer,2024,49
Idaho,All,At least five AP courses,Number of public high schools that offer,2023,45
Idaho,All,At least five AP courses,Number of public high schools that offer,2022,34
Idaho,All,At least five AP courses,Number of public high schools that offer,2021,40
Idaho,All,At least five AP courses,Number of public high schools that offer,2020,36
Idaho,All,At least five AP courses,Number of public high schools that offer,2019,36
Idaho,All,At least ten AP courses,Number of public high schools that offer,2024,32
Idaho,All,At least ten AP courses,Number of public high schools that offer,2023,25
Idaho,All,At least ten AP courses,Number of public high schools that offer,2022,23
Idaho,All,At least ten AP courses,Number of public high schools that offer,2021,27
Idaho,All,At least ten AP courses,Number of public high schools that offer,2020,19
Idaho,All,At least ten AP courses,Number of public high schools that offer,2019,25
Idaho,All,At least one AP STEM course,Number of public high schools that offer,2024,63
Idaho,All,At least one AP STEM course,Number of public high schools that offer,2023,68
Idaho,All,At least one AP STEM course,Number of public high schools that offer,2022,48
Idaho,All,At least one AP STEM course,Number of public high schools that offer,2021,60
Idaho,All,At least one AP STEM course,Number of public high schools that offer,2020,52
Idaho,All,At least one AP STEM course,Number of public high schools that offer,2019,53
Idaho,All,At least five AP courses,Percentage of public high schools that offers,2024,0.21
Idaho,All,At least five AP courses,Percentage of public high schools that offers,2023,0.23
Idaho,All,At least five AP courses,Percentage of public high schools that offers,2022,0.18
Idaho,All,At least five AP courses,Percentage of public high schools that offers,2021,0.22
Idaho,All,At least five AP courses,Percentage of public high schools that offers,2020,0.21
Idaho,All,At least five AP courses,Percentage of public high schools that offers,2019,0.21
Idaho,All,At least ten AP courses,Percentage of public high schools that offers,2024,0.14
Idaho,All,At least ten AP courses,Percentage of public high schools that offers,2023,0.13
Idaho,All,At least ten AP courses,Percentage of public high schools that offers,2022,0.12
Idaho,All,At least ten AP courses,Percentage of public high schools that offers,2021,0.15
Idaho,All,At least ten AP courses,Percentage of public high schools that offers,2020,0.11
Idaho,All,At least ten AP courses,Percentage of public high schools that offers,2019,0.15
Idaho,All,At least one AP STEM course,Percentage of public high schools that offers,2024,0.27
Idaho,All,At least one AP STEM course,Percentage of public high schools that offers,2023,0.35
Idaho,All,At least one AP STEM course,Percentage of public high schools that offers,2022,0.26
Idaho,All,At least one AP STEM course,Percentage of public high schools that offers,2021,0.32
Idaho,All,At least one AP STEM course,Percentage of public high schools that offers,2020,0.31
Idaho,All,At least one AP STEM course,Percentage of public high schools that offers,2019,0.31
Idaho,All,At least five AP courses,Percentage of public high school students whose school offers,2024,0.53
Idaho,All,At least five AP courses,Percentage of public high school students whose school offers,2023,0.55
Idaho,All,At least five AP courses,Percentage of public high school students whose school offers,2022,0.52
Idaho,All,At least five AP courses,Percentage of public high school students whose school offers,2021,0.59
Idaho,All,At least five AP courses,Percentage of public high school students whose school offers,2020,0.58
Idaho,All,At least five AP courses,Percentage of public high school students whose school offers,2019,0.56
Idaho,All,At least ten AP courses,Percentage of public high school students whose school offers,2024,0.4
Idaho,All,At least ten AP courses,Percentage of public high school students whose school offers,2023,0.4
Idaho,All,At least ten AP courses,Percentage of public high school students whose school offers,2022,0.39
Idaho,All,At least ten AP courses,Percentage of public high school students whose school offers,2021,0.43
Idaho,All,At least ten AP courses,Percentage of public high school students whose school offers,2020,0.35
Idaho,All,At least ten AP courses,Percentage of public high school students whose school offers,2019,0.45
Idaho,All,At least one AP STEM course,Percentage of public high school students whose school offers,2024,0.61
Idaho,All,At least one AP STEM course,Percentage of public high school students whose school offers,2023,0.65
Idaho,All,At least one AP STEM course,Percentage of public high school students whose school offers,2022,0.6
Idaho,All,At least one AP STEM course,Percentage of public high school students whose school offers,2021,0.66
Idaho,All,At least one AP STEM course,Percentage of public high school students whose school offers,2020,0.65
Idaho,All,At least one AP STEM course,Percentage of public high school students whose school offers,2019,0.66
Idaho,Asian,At least five AP courses,pct_students_school_offers,2024,0.69
Idaho,Asian,At least five AP courses,pct_students_school_offers,2023,0.74
Idaho,Asian,At least five AP courses,pct_students_school_offers,2022,0.7
Idaho,Asian,At least five AP courses,pct_students_school_offers,2021,0.72
Idaho,Asian,At least five AP courses,pct_students_school_offers,2020,0.72
Idaho,Asian,At least five AP courses,pct_students_school_offers,2019,0.72
Idaho,Asian,At least ten AP courses,pct_students_school_offers,2024,0.59
Idaho,Asian,At least ten AP courses,pct_students_school_offers,2023,0.57
Idaho,Asian,At least ten AP courses,pct_students_school_offers,2022,0.6
Idaho,Asian,At least ten AP courses,pct_students_school_offers,2021,0.61
Idaho,Asian,At least ten AP courses,pct_students_school_offers,2020,0.57
Idaho,Asian,At least ten AP courses,pct_students_school_offers,2019,0.63
Idaho,Asian,At least one AP STEM course,pct_students_school_offers,2024,0.8
Idaho,Asian,At least one AP STEM course,pct_students_school_offers,2023,0.79
Idaho,Asian,At least one AP STEM course,pct_students_school_offers,2022,0.72
Idaho,Asian,At least one AP STEM course,pct_students_school_offers,2021,0.81
Idaho,Asian,At least one AP STEM course,pct_students_school_offers,2020,0.79
Idaho,Asian,At least one AP STEM course,pct_students_school_offers,2019,0.82
Idaho,Hispanic/Latino,At least five AP courses,pct_students_school_offers,2024,0.5
Idaho,Hispanic/Latino,At least five AP courses,pct_students_school_offers,2023,0.55
Idaho,Hispanic/Latino,At least five AP courses,pct_students_school_offers,2022,0.48
Idaho,Hispanic/Latino,At least five AP courses,pct_students_school_offers,2021,0.57
Idaho,Hispanic/Latino,At least five AP courses,pct_students_school_offers,2020,0.53
Idaho,Hispanic/Latino,At least five AP courses,pct_students_school_offers,2019,0.51
Idaho,Hispanic/Latino,At least ten AP courses,pct_students_school_offers,2024,0.42
Idaho,Hispanic/Latino,At least ten AP courses,pct_students_school_offers,2023,0.35
Idaho,Hispanic/Latino,At least ten AP courses,pct_students_school_offers,2022,0.35
Idaho,Hispanic/Latino,At least ten AP courses,pct_students_school_offers,2021,0.44
Idaho,Hispanic/Latino,At least ten AP courses,pct_students_school_offers,2020,0.31
Idaho,Hispanic/Latino,At least ten AP courses,pct_students_school_offers,2019,0.45
Idaho,Hispanic/Latino,At least one AP STEM course,pct_students_school_offers,2024,0.58
Idaho,Hispanic/Latino,At least one AP STEM course,pct_students_school_offers,2023,0.65
Idaho,Hispanic/Latino,At least one AP STEM course,pct_students_school_offers,2022,0.55
Idaho,Hispanic/Latino,At least one AP STEM course,pct_students_school_offers,2021,0.65
Idaho,Hispanic/Latino,At least one AP STEM course,pct_students_school_offers,2020,0.6
Idaho,Hispanic/Latino,At least one AP STEM course,pct_students_school_offers,2019,0.65
Idaho,White,At least five AP courses,pct_students_school_offers,2024,0.53
Idaho,White,At least five AP courses,pct_students_school_offers,2023,0.54
Idaho,White,At least five AP courses,pct_students_school_offers,2022,0.53
Idaho,White,At least five AP courses,pct_students_school_offers,2021,0.59
Idaho,White,At least five AP courses,pct_students_school_offers,2020,0.58
Idaho,White,At least five AP courses,pct_students_school_offers,2019,0.56
Idaho,White,At least ten AP courses,pct_students_school_offers,2024,0.39
Idaho,White,At least ten AP courses,pct_students_school_offers,2023,0.4
Idaho,White,At least ten AP courses,pct_students_school_offers,2022,0.39
Idaho,White,At least ten AP courses,pct_students_school_offers,2021,0.43
Idaho,White,At least ten AP courses,pct_students_school_offers,2020,0.36
Idaho,White,At least ten AP courses,pct_students_school_offers,2019,0.45
Idaho,White,At least one AP STEM course,pct_students_school_offers,2024,0.61
Idaho,White,At least one AP STEM course,pct_students_school_offers,2023,0.65
Idaho,White,At least one AP STEM course,pct_students_school_offers,2022,0.6
Idaho,White,At least one AP STEM course,pct_students_school_offers,2021,0.67
Idaho,White,At least one AP STEM course,pct_students_school_offers,2020,0.66
Idaho,White,At least one AP STEM course,pct_students_school_offers,2019,0.66
Idaho,Black or African American,At least five AP courses,pct_students_school_offers,2024,0.67
Idaho,Black or African American,At least five AP courses,pct_students_school_offers,2023,0.72
Idaho,Black or African American,At least five AP courses,pct_students_school_offers,2022,0.67
Idaho,Black or African American,At least five AP courses,pct_students_school_offers,2021,0.71
Idaho,Black or African American,At least five AP courses,pct_students_school_offers,2020,0.73
Idaho,Black or African American,At least five AP courses,pct_students_school_offers,2019,0.72
Idaho,Black or African American,At least ten AP courses,pct_students_school_offers,2024,0.57
Idaho,Black or African American,At least ten AP courses,pct_students_school_offers,2023,0.54
Idaho,Black or African American,At least ten AP courses,pct_students_school_offers,2022,0.58
Idaho,Black or African American,At least ten AP courses,pct_students_school_offers,2021,0.61
Idaho,Black or African American,At least ten AP courses,pct_students_school_offers,2020,0.55
Idaho,Black or African American,At least ten AP courses,pct_students_school_offers,2019,0.65
Idaho,Black or African American,At least one AP STEM course,pct_students_school_offers,2024,0.79
Idaho,Black or African American,At least one AP STEM course,pct_students_school_offers,2023,0.82
Idaho,Black or African American,At least one AP STEM course,pct_students_school_offers,2022,0.72
Idaho,Black or African American,At least one AP STEM course,pct_students_school_offers,2021,0.75
Idaho,Black or African American,At least one AP STEM course,pct_students_school_offers,2020,0.77
Idaho,Black or African American,At least one AP STEM course,pct_students_school_offers,2019,0.79
Idaho,Native American or Alaska Native,At least five AP courses,pct_students_school_offers,2024,0.35
Idaho,Native American or Alaska Native,At least five AP courses,pct_students_school_offers,2023,0.43
Idaho,Native American or Alaska Native,At least five AP courses,pct_students_school_offers,2022,0.35
Idaho,Native American or Alaska Native,At least five AP courses,pct_students_school_offers,2021,0.38
Idaho,Native American or Alaska Native,At least five AP courses,pct_students_school_offers,2020,0.42
Idaho,Native American or Alaska Native,At least five AP courses,pct_students_school_offers,2019,0.41
Idaho,Native American or Alaska Native,At least ten AP courses,pct_students_school_offers,2024,0.19
Idaho,Native American or Alaska Native,At least ten AP courses,pct_students_school_offers,2023,0.27
Idaho,Native American or Alaska Native,At least ten AP courses,pct_students_school_offers,2022,0.18
Idaho,Native American or Alaska Native,At least ten AP courses,pct_students_school_offers,2021,0.21
Idaho,Native American or Alaska Native,At least ten AP courses,pct_students_school_offers,2020,0.27
Idaho,Native American or Alaska Native,At least ten AP courses,pct_students_school_offers,2019,0.31
Idaho,Native American or Alaska Native,At least one AP STEM course,pct_students_school_offers,2024,0.39
Idaho,Native American or Alaska Native,At least one AP STEM course,pct_students_school_offers,2023,0.64
Idaho,Native American or Alaska Native,At least one AP STEM course,pct_students_school_offers,2022,0.39
Idaho,Native American or Alaska Native,At least one AP STEM course,pct_students_school_offers,2021,0.41
Idaho,Native American or Alaska Native,At least one AP STEM course,pct_students_school_offers,2020,0.45
Idaho,Native American or Alaska Native,At least one AP STEM course,pct_students_school_offers,2019,0.45
Idaho,Native Hawaiian or other Pacific Islander,At least five AP courses,pct_students_school_offers,2024,0.57
Idaho,Native Hawaiian or other Pacific Islander,At least five AP courses,pct_students_school_offers,2023,0.63
Idaho,Native Hawaiian or other Pacific Islander,At least five AP courses,pct_students_school_offers,2022,0.67
Idaho,Native Hawaiian or other Pacific Islander,At least five AP courses,pct_students_school_offers,2021,0.71
Idaho,Native Hawaiian or other Pacific Islander,At least five AP courses,pct_students_school_offers,2020,0.73
Idaho,Native Hawaiian or other Pacific Islander,At least five AP courses,pct_students_school_offers,2019,0.7
Idaho,Native Hawaiian or other Pacific Islander,At least ten AP courses,pct_students_school_offers,2024,0.4
Idaho,Native Hawaiian or other Pacific Islander,At least ten AP courses,pct_students_school_offers,2023,0.45
Idaho,Native Hawaiian or other Pacific Islander,At least ten AP courses,pct_students_school_offers,2022,0.4
Idaho,Native Hawaiian or other Pacific Islander,At least ten AP courses,pct_students_school_offers,2021,0.51
Idaho,Native Hawaiian or other Pacific Islander,At least ten AP courses,pct_students_school_offers,2020,0.48
Idaho,Native Hawaiian or other Pacific Islander,At least ten AP courses,pct_students_school_offers,2019,0.6
Idaho,Native Hawaiian or other Pacific Islander,At least one AP STEM course,pct_students_school_offers,2024,0.67
Idaho,Native Hawaiian or other Pacific Islander,At least one AP STEM course,pct_students_school_offers,2023,0.75
Idaho,Native Hawaiian or other Pacific Islander,At least one AP STEM course,pct_students_school_offers,2022,0.71
Idaho,Native Hawaiian or other Pacific Islander,At least one AP STEM course,pct_students_school_offers,2021,0.74
Idaho,Native Hawaiian or other Pacific Islander,At least one AP STEM course,pct_students_school_offers,2020,0.77
Idaho,Native Hawaiian or other Pacific Islander,At least one AP STEM course,pct_students_school_offers,2019,0.74
Idaho,Two or More Races,At least five AP courses,pct_students_school_offers,2024,0.62
Idaho,Two or More Races,At least five AP courses,pct_students_school_offers,2023,0.63
Idaho,Two or More Races,At least five AP courses,pct_students_school_offers,2022,0.6
Idaho,Two or More Races,At least five AP courses,pct_students_school_offers,2021,0.65
Idaho,Two or More Races,At least five AP courses,pct_students_school_offers,2020,0.69
Idaho,Two or More Races,At least five AP courses,pct_students_school_offers,2019,0.67
Idaho,Two or More Races,At least ten AP courses,pct_students_school_offers,2024,0.49
Idaho,Two or More Races,At least ten AP courses,pct_students_school_offers,2023,0.46
Idaho,Two or More Races,At least ten AP courses,pct_students_school_offers,2022,0.44
Idaho,Two or More Races,At least ten AP courses,pct_students_school_offers,2021,0.51
Idaho,Two or More Races,At least ten AP courses,pct_students_school_offers,2020,0.43
Idaho,Two or More Races,At least ten AP courses,pct_students_school_offers,2019,0.56
Idaho,Two or More Races,At least one AP STEM course,pct_students_school_offers,2024,0.69
Idaho,Two or More Races,At least one AP STEM course,pct_students_school_offers,2023,0.71
Idaho,Two or More Races,At least one AP STEM course,pct_students_school_offers,2022,0.66
Idaho,Two or More Races,At least one AP STEM course,pct_students_school_offers,2021,0.73
Idaho,Two or More Races,At least one AP STEM course,pct_students_school_offers,2020,0.75
Idaho,Two or More Races,At least one AP STEM course,pct_students_school_offers,2019,0.72
Illinois,All,At least five AP courses,Number of public high schools that offer,2024,338
Illinois,All,At least five AP courses,Number of public high schools that offer,2023,315
Illinois,All,At least five AP courses,Number of public high schools that offer,2022,312
Illinois,All,At least five AP courses,Number of public high schools that offer,2021,319
Illinois,All,At least five AP courses,Number of public high schools that offer,2020,296
Illinois,All,At least five AP courses,Number of public high schools that offer,2019,289
Illinois,All,At least ten AP courses,Number of public high schools that offer,2024,245
Illinois,All,At least ten AP courses,Number of public high schools that offer,2023,234
Illinois,All,At least ten AP courses,Number of public high schools that offer,2022,225
Illinois,All,At least ten AP courses,Number of public high schools that offer,2021,231
Illinois,All,At least ten AP courses,Number of public high schools that offer,2020,212
Illinois,All,At least ten AP courses,Number of public high schools that offer,2019,218
Illinois,All,At least one AP STEM course,Number of public high schools that offer,2024,422
Illinois,All,At least one AP STEM course,Number of public high schools that offer,2023,424
Illinois,All,At least one AP STEM course,Number of public high schools that offer,2022,405
Illinois,All,At least one AP STEM course,Number of public high schools that offer,2021,419
Illinois,All,At least one AP STEM course,Number of public high schools that offer,2020,392
Illinois,All,At least one AP STEM course,Number of public high schools that offer,2019,385
Illinois,All,At least five AP courses,Percentage of public high schools that offers,2024,0.48
Illinois,All,At least five AP courses,Percentage of public high schools that offers,2023,0.45
Illinois,All,At least five AP courses,Percentage of public high schools that offers,2022,0.44
Illinois,All,At least five AP courses,Percentage of public high schools that offers,2021,0.45
Illinois,All,At least five AP courses,Percentage of public high schools that offers,2020,0.44
Illinois,All,At least five AP courses,Percentage of public high schools that offers,2019,0.43
Illinois,All,At least ten AP courses,Percentage of public high schools that offers,2024,0.35
Illinois,All,At least ten AP courses,Percentage of public high schools that offers,2023,0.33
Illinois,All,At least ten AP courses,Percentage of public high schools that offers,2022,0.32
Illinois,All,At least ten AP courses,Percentage of public high schools that offers,2021,0.33
Illinois,All,At least ten AP courses,Percentage of public high schools that offers,2020,0.31
Illinois,All,At least ten AP courses,Percentage of public high schools that offers,2019,0.32
Illinois,All,At least one AP STEM course,Percentage of public high schools that offers,2024,0.6
Illinois,All,At least one AP STEM course,Percentage of public high schools that offers,2023,0.61
Illinois,All,At least one AP STEM course,Percentage of public high schools that offers,2022,0.57
Illinois,All,At least one AP STEM course,Percentage of public high schools that offers,2021,0.59
Illinois,All,At least one AP STEM course,Percentage of public high schools that offers,2020,0.58
Illinois,All,At least one AP STEM course,Percentage of public high schools that offers,2019,0.57
Illinois,All,At least five AP courses,Percentage of public high school students whose school offers,2024,0.83
Illinois,All,At least five AP courses,Percentage of public high school students whose school offers,2023,0.81
Illinois,All,At least five AP courses,Percentage of public high school students whose school offers,2022,0.8
Illinois,All,At least five AP courses,Percentage of public high school students whose school offers,2021,0.81
Illinois,All,At least five AP courses,Percentage of public high school students whose school offers,2020,0.8
Illinois,All,At least five AP courses,Percentage of public high school students whose school offers,2019,0.8
Illinois,All,At least ten AP courses,Percentage of public high school students whose school offers,2024,0.73
Illinois,All,At least ten AP courses,Percentage of public high school students whose school offers,2023,0.72
Illinois,All,At least ten AP courses,Percentage of public high school students whose school offers,2022,0.7
Illinois,All,At least ten AP courses,Percentage of public high school students whose school offers,2021,0.71
Illinois,All,At least ten AP courses,Percentage of public high school students whose school offers,2020,0.69
Illinois,All,At least ten AP courses,Percentage of public high school students whose school offers,2019,0.7
Illinois,All,At least one AP STEM course,Percentage of public high school students whose school offers,2024,0.87
Illinois,All,At least one AP STEM course,Percentage of public high school students whose school offers,2023,0.87
Illinois,All,At least one AP STEM course,Percentage of public high school students whose school offers,2022,0.86
Illinois,All,At least one AP STEM course,Percentage of public high school students whose school offers,2021,0.86
Illinois,All,At least one AP STEM course,Percentage of public high school students whose school offers,2020,0.86
Illinois,All,At least one AP STEM course,Percentage of public high school students whose school offers,2019,0.85
Illinois,Asian,At least five AP courses,pct_students_school_offers,2024,0.98
Illinois,Asian,At least five AP courses,pct_students_school_offers,2023,0.98
Illinois,Asian,At least five AP courses,pct_students_school_offers,2022,0.97
Illinois,Asian,At least five AP courses,pct_students_school_offers,2021,0.97
Illinois,Asian,At least five AP courses,pct_students_school_offers,2020,0.97
Illinois,Asian,At least five AP courses,pct_students_school_offers,2019,0.97
Illinois,Asian,At least ten AP courses,pct_students_school_offers,2024,0.96
Illinois,Asian,At least ten AP courses,pct_students_school_offers,2023,0.96
Illinois,Asian,At least ten AP courses,pct_students_school_offers,2022,0.96
Illinois,Asian,At least ten AP courses,pct_students_school_offers,2021,0.95
Illinois,Asian,At least ten AP courses,pct_students_school_offers,2020,0.95
Illinois,Asian,At least ten AP courses,pct_students_school_offers,2019,0.94
Illinois,Asian,At least one AP STEM course,pct_students_school_offers,2024,0.99
Illinois,Asian,At least one AP STEM course,pct_students_school_offers,2023,0.99
Illinois,Asian,At least one AP STEM course,pct_students_school_offers,2022,0.98
Illinois,Asian,At least one AP STEM course,pct_students_school_offers,2021,0.98
Illinois,Asian,At least one AP STEM course,pct_students_school_offers,2020,0.97
Illinois,Asian,At least one AP STEM course,pct_students_school_offers,2019,0.98
Illinois,Hispanic/Latino,At least five AP courses,pct_students_school_offers,2024,0.9
Illinois,Hispanic/Latino,At least five AP courses,pct_students_school_offers,2023,0.89
Illinois,Hispanic/Latino,At least five AP courses,pct_students_school_offers,2022,0.88
Illinois,Hispanic/Latino,At least five AP courses,pct_students_school_offers,2021,0.89
Illinois,Hispanic/Latino,At least five AP courses,pct_students_school_offers,2020,0.89
Illinois,Hispanic/Latino,At least five AP courses,pct_students_school_offers,2019,0.89
Illinois,Hispanic/Latino,At least ten AP courses,pct_students_school_offers,2024,0.81
Illinois,Hispanic/Latino,At least ten AP courses,pct_students_school_offers,2023,0.8
Illinois,Hispanic/Latino,At least ten AP courses,pct_students_school_offers,2022,0.79
Illinois,Hispanic/Latino,At least ten AP courses,pct_students_school_offers,2021,0.8
Illinois,Hispanic/Latino,At least ten AP courses,pct_students_school_offers,2020,0.8
Illinois,Hispanic/Latino,At least ten AP courses,pct_students_school_offers,2019,0.79
Illinois,Hispanic/Latino,At least one AP STEM course,pct_students_school_offers,2024,0.91
Illinois,Hispanic/Latino,At least one AP STEM course,pct_students_school_offers,2023,0.91
Illinois,Hispanic/Latino,At least one AP STEM course,pct_students_school_offers,2022,0.91
Illinois,Hispanic/Latino,At least one AP STEM course,pct_students_school_offers,2021,0.91
Illinois,Hispanic/Latino,At least one AP STEM course,pct_students_school_offers,2020,0.91
Illinois,Hispanic/Latino,At least one AP STEM course,pct_students_school_offers,2019,0.9
Illinois,White,At least five AP courses,pct_students_school_offers,2024,0.78
Illinois,White,At least five AP courses,pct_students_school_offers,2023,0.76
Illinois,White,At least five AP courses,pct_students_school_offers,2022,0.75
Illinois,White,At least five AP courses,pct_students_school_offers,2021,0.76
Illinois,White,At least five AP courses,pct_students_school_offers,2020,0.76
Illinois,White,At least five AP courses,pct_students_school_offers,2019,0.75
Illinois,White,At least ten AP courses,pct_students_school_offers,2024,0.68
Illinois,White,At least ten AP courses,pct_students_school_offers,2023,0.67
Illinois,White,At least ten AP courses,pct_students_school_offers,2022,0.66
Illinois,White,At least ten AP courses,pct_students_school_offers,2021,0.66
Illinois,White,At least ten AP courses,pct_students_school_offers,2020,0.65
Illinois,White,At least ten AP courses,pct_students_school_offers,2019,0.66
Illinois,White,At least one AP STEM course,pct_students_school_offers,2024,0.85
Illinois,White,At least one AP STEM course,pct_students_school_offers,2023,0.85
Illinois,White,At least one AP STEM course,pct_students_school_offers,2022,0.84
Illinois,White,At least one AP STEM course,pct_students_school_offers,2021,0.84
Illinois,White,At least one AP STEM course,pct_students_school_offers,2020,0.84
Illinois,White,At least one AP STEM course,pct_students_school_offers,2019,0.84
Illinois,Black or African American,At least five AP courses,pct_students_school_offers,2024,0.77
Illinois,Black or African American,At least five AP courses,pct_students_school_offers,2023,0.76
Illinois,Black or African American,At least five AP courses,pct_students_school_offers,2022,0.75
Illinois,Black or African American,At least five AP courses,pct_students_school_offers,2021,0.75
Illinois,Black or African American,At least five AP courses,pct_students_school_offers,2020,0.75
Illinois,Black or African American,At least five AP courses,pct_students_school_offers,2019,0.73
Illinois,Black or African American,At least ten AP courses,pct_students_school_offers,2024,0.66
Illinois,Black or African American,At least ten AP courses,pct_students_school_offers,2023,0.63
Illinois,Black or African American,At least ten AP courses,pct_students_school_offers,2022,0.61
Illinois,Black or African American,At least ten AP courses,pct_students_school_offers,2021,0.59
Illinois,Black or African American,At least ten AP courses,pct_students_school_offers,2020,0.6
Illinois,Black or African American,At least ten AP courses,pct_students_school_offers,2019,0.62
Illinois,Black or African American,At least one AP STEM course,pct_students_school_offers,2024,0.8
Illinois,Black or African American,At least one AP STEM course,pct_students_school_offers,2023,0.82
Illinois,Black or African American,At least one AP STEM course,pct_students_school_offers,2022,0.8
Illinois,Black or African American,At least one AP STEM course,pct_students_school_offers,2021,0.8
Illinois,Black or African American,At least one AP STEM course,pct_students_school_offers,2020,0.81
Illinois,Black or African American,At least one AP STEM course,pct_students_school_offers,2019,0.79
Illinois,Native American or Alaska Native,At least five AP courses,pct_students_school_offers,2024,0.88
Illinois,Native American or Alaska Native,At least five AP courses,pct_students_school_offers,2023,0.88
Illinois,Native American or Alaska Native,At least five AP courses,pct_students_school_offers,2022,0.85
Illinois,Native American or Alaska Native,At least five AP courses,pct_students_school_offers,2021,0.84
Illinois,Native American or Alaska Native,At least five AP courses,pct_students_school_offers,2020,0.86
Illinois,Native American or Alaska Native,At least five AP courses,pct_students_school_offers,2019,0.86
Illinois,Native American or Alaska Native,At least ten AP courses,pct_students_school_offers,2024,0.8
Illinois,Native American or Alaska Native,At least ten AP courses,pct_students_school_offers,2023,0.78
Illinois,Native American or Alaska Native,At least ten AP courses,pct_students_school_offers,2022,0.74
Illinois,Native American or Alaska Native,At least ten AP courses,pct_students_school_offers,2021,0.75
Illinois,Native American or Alaska Native,At least ten AP courses,pct_students_school_offers,2020,0.75
Illinois,Native American or Alaska Native,At least ten AP courses,pct_students_school_offers,2019,0.76
Illinois,Native American or Alaska Native,At least one AP STEM course,pct_students_school_offers,2024,0.91
Illinois,Native American or Alaska Native,At least one AP STEM course,pct_students_school_offers,2023,0.91
Illinois,Native American or Alaska Native,At least one AP STEM course,pct_students_school_offers,2022,0.89
Illinois,Native American or Alaska Native,At least one AP STEM course,pct_students_school_offers,2021,0.88
Illinois,Native American or Alaska Native,At least one AP STEM course,pct_students_school_offers,2020,0.91
Illinois,Native American or Alaska Native,At least one AP STEM course,pct_students_school_offers,2019,0.9
Illinois,Native Hawaiian or other Pacific Islander,At least five AP courses,pct_students_school_offers,2024,0.89
Illinois,Native Hawaiian or other Pacific Islander,At least five AP courses,pct_students_school_offers,2023,0.88
Illinois,Native Hawaiian or other Pacific Islander,At least five AP courses,pct_students_school_offers,2022,0.89
Illinois,Native Hawaiian or other Pacific Islander,At least five AP courses,pct_students_school_offers,2021,0.87
Illinois,Native Hawaiian or other Pacific Islander,At least five AP courses,pct_students_school_offers,2020,0.86
Illinois,Native Hawaiian or other Pacific Islander,At least five AP courses,pct_students_school_offers,2019,0.86
Illinois,Native Hawaiian or other Pacific Islander,At least ten AP courses,pct_students_school_offers,2024,0.81
Illinois,Native Hawaiian or other Pacific Islander,At least ten AP courses,pct_students_school_offers,2023,0.79
Illinois,Native Hawaiian or other Pacific Islander,At least ten AP courses,pct_students_school_offers,2022,0.8
Illinois,Native Hawaiian or other Pacific Islander,At least ten AP courses,pct_students_school_offers,2021,0.8
Illinois,Native Hawaiian or other Pacific Islander,At least ten AP courses,pct_students_school_offers,2020,0.76
Illinois,Native Hawaiian or other Pacific Islander,At least ten AP courses,pct_students_school_offers,2019,0.75
Illinois,Native Hawaiian or other Pacific Islander,At least one AP STEM course,pct_students_school_offers,2024,0.9
Illinois,Native Hawaiian or other Pacific Islander,At least one AP STEM course,pct_students_school_offers,2023,0.91
Illinois,Native Hawaiian or other Pacific Islander,At least one AP STEM course,pct_students_school_offers,2022,0.91
Illinois,Native Hawaiian or other Pacific Islander,At least one AP STEM course,pct_students_school_offers,2021,0.91
Illinois,Native Hawaiian or other Pacific Islander,At least one AP STEM course,pct_students_school_offers,2020,0.91
Illinois,Native Hawaiian or other Pacific Islander,At least one AP STEM course,pct_students_school_offers,2019,0.9
Illinois,Two or More Races,At least five AP courses,pct_students_school_offers,2024,0.88
Illinois,Two or More Races,At least five AP courses,pct_students_school_offers,2023,0.86
Illinois,Two or More Races,At least five AP courses,pct_students_school_offers,2022,0.86
Illinois,Two or More Races,At least five AP courses,pct_students_school_offers,2021,0.87
Illinois,Two or More Races,At least five AP courses,pct_students_school_offers,2020,0.86
Illinois,Two or More Races,At least five AP courses,pct_students_school_offers,2019,0.86
Illinois,Two or More Races,At least ten AP courses,pct_students_school_offers,2024,0.78
Illinois,Two or More Races,At least ten AP courses,pct_students_school_offers,2023,0.78
Illinois,Two or More Races,At least ten AP courses,pct_students_school_offers,2022,0.76
Illinois,Two or More Races,At least ten AP courses,pct_students_school_offers,2021,0.76
Illinois,Two or More Races,At least ten AP courses,pct_students_school_offers,2020,0.75
Illinois,Two or More Races,At least ten AP courses,pct_students_school_offers,2019,0.75
Illinois,Two or More Races,At least one AP STEM course,pct_students_school_offers,2024,0.92
Illinois,Two or More Races,At least one AP STEM course,pct_students_school_offers,2023,0.91
Illinois,Two or More Races,At least one AP STEM course,pct_students_school_offers,2022,0.91
Illinois,Two or More Races,At least one AP STEM course,pct_students_school_offers,2021,0.91
Illinois,Two or More Races,At least one AP STEM course,pct_students_school_offers,2020,0.91
Illinois,Two or More Races,At least one AP STEM course,pct_students_school_offers,2019,0.91
Indiana,All,At least five AP courses,Number of public high schools that offer,2024,212
Indiana,All,At least five AP courses,Number of public high schools that offer,2023,208
Indiana,All,At least five AP courses,Number of public high schools that offer,2022,206
Indiana,All,At least five AP courses,Number of public high schools that offer,2021,219
Indiana,All,At least five AP courses,Number of public high schools that offer,2020,220
Indiana,All,At least five AP courses,Number of public high schools that offer,2019,220
Indiana,All,At least ten AP courses,Number of public high schools that offer,2024,125
Indiana,All,At least ten AP courses,Number of public high schools that offer,2023,120
Indiana,All,At least ten AP courses,Number of public high schools that offer,2022,109
Indiana,All,At least ten AP courses,Number of public high schools that offer,2021,118
Indiana,All,At least ten AP courses,Number of public high schools that offer,2020,115
Indiana,All,At least ten AP courses,Number of public high schools that offer,2019,115
Indiana,All,At least one AP STEM course,Number of public high schools that offer,2024,301
Indiana,All,At least one AP STEM course,Number of public high schools that offer,2023,285
Indiana,All,At least one AP STEM course,Number of public high schools that offer,2022,282
Indiana,All,At least one AP STEM course,Number of public high schools that offer,2021,285
Indiana,All,At least one AP STEM course,Number of public high schools that offer,2020,293
Indiana,All,At least one AP STEM course,Number of public high schools that offer,2019,297
Indiana,All,At least five AP courses,Percentage of public high schools that offers,2024,0.51
Indiana,All,At least five AP courses,Percentage of public high schools that offers,2023,0.58
Indiana,All,At least five AP courses,Percentage of public high schools that offers,2022,0.59
Indiana,All,At least five AP courses,Percentage of public high schools that offers,2021,0.62
Indiana,All,At least five AP courses,Percentage of public high schools that offers,2020,0.62
Indiana,All,At least five AP courses,Percentage of public high schools that offers,2019,0.62
Indiana,All,At least ten AP courses,Percentage of public high schools that offers,2024,0.3
Indiana,All,At least ten AP courses,Percentage of public high schools that offers,2023,0.34
Indiana,All,At least ten AP courses,Percentage of public high schools that offers,2022,0.31
Indiana,All,At least ten AP courses,Percentage of public high schools that offers,2021,0.34
Indiana,All,At least ten AP courses,Percentage of public high schools that offers,2020,0.32
Indiana,All,At least ten AP courses,Percentage of public high schools that offers,2019,0.32
Indiana,All,At least one AP STEM course,Percentage of public high schools that offers,2024,0.72
Indiana,All,At least one AP STEM course,Percentage of public high schools that offers,2023,0.8
Indiana,All,At least one AP STEM course,Percentage of public high schools that offers,2022,0.8
Indiana,All,At least one AP STEM course,Percentage of public high schools that offers,2021,0.81
Indiana,All,At least one AP STEM course,Percentage of public high schools that offers,2020,0.82
Indiana,All,At least one AP STEM course,Percentage of public high schools that offers,2019,0.83
Indiana,All,At least five AP courses,Percentage of public high school students whose school offers,2024,0.75
Indiana,All,At least five AP courses,Percentage of public high school students whose school offers,2023,0.79
Indiana,All,At least five AP courses,Percentage of public high school students whose school offers,2022,0.79
Indiana,All,At least five AP courses,Percentage of public high school students whose school offers,2021,0.81
Indiana,All,At least five AP courses,Percentage of public high school students whose school offers,2020,0.8
Indiana,All,At least five AP courses,Percentage of public high school students whose school offers,2019,0.81
Indiana,All,At least ten AP courses,Percentage of public high school students whose school offers,2024,0.59
Indiana,All,At least ten AP courses,Percentage of public high school students whose school offers,2023,0.62
Indiana,All,At least ten AP courses,Percentage of public high school students whose school offers,2022,0.59
Indiana,All,At least ten AP courses,Percentage of public high school students whose school offers,2021,0.61
Indiana,All,At least ten AP courses,Percentage of public high school students whose school offers,2020,0.59
Indiana,All,At least ten AP courses,Percentage of public high school students whose school offers,2019,0.6
Indiana,All,At least one AP STEM course,Percentage of public high school students whose school offers,2024,0.89
Indiana,All,At least one AP STEM course,Percentage of public high school students whose school offers,2023,0.91
Indiana,All,At least one AP STEM course,Percentage of public high school students whose school offers,2022,0.91
Indiana,All,At least one AP STEM course,Percentage of public high school students whose school offers,2021,0.9
Indiana,All,At least one AP STEM course,Percentage of public high school students whose school offers,2020,0.92
Indiana,All,At least one AP STEM course,Percentage of public high school students whose school offers,2019,0.92
Indiana,Asian,At least five AP courses,pct_students_school_offers,2024,0.85
Indiana,Asian,At least five AP courses,pct_students_school_offers,2023,0.9
Indiana,Asian,At least five AP courses,pct_students_school_offers,2022,0.89
Indiana,Asian,At least five AP courses,pct_students_school_offers,2021,0.9
Indiana,Asian,At least five AP courses,pct_students_school_offers,2020,0.9
Indiana,Asian,At least five AP courses,pct_students_school_offers,2019,0.9
Indiana,Asian,At least ten AP courses,pct_students_school_offers,2024,0.78
Indiana,Asian,At least ten AP courses,pct_students_school_offers,2023,0.8
Indiana,Asian,At least ten AP courses,pct_students_school_offers,2022,0.8
Indiana,Asian,At least ten AP courses,pct_students_school_offers,2021,0.8
Indiana,Asian,At least ten AP courses,pct_students_school_offers,2020,0.79
Indiana,Asian,At least ten AP courses,pct_students_school_offers,2019,0.81
Indiana,Asian,At least one AP STEM course,pct_students_school_offers,2024,0.92
Indiana,Asian,At least one AP STEM course,pct_students_school_offers,2023,0.98
Indiana,Asian,At least one AP STEM course,pct_students_school_offers,2022,0.97
Indiana,Asian,At least one AP STEM course,pct_students_school_offers,2021,0.95
Indiana,Asian,At least one AP STEM course,pct_students_school_offers,2020,0.97
Indiana,Asian,At least one AP STEM course,pct_students_school_offers,2019,0.97
Indiana,Hispanic/Latino,At least five AP courses,pct_students_school_offers,2024,0.81
Indiana,Hispanic/Latino,At least five AP courses,pct_students_school_offers,2023,0.82
Indiana,Hispanic/Latino,At least five AP courses,pct_students_school_offers,2022,0.82
Indiana,Hispanic/Latino,At least five AP courses,pct_students_school_offers,2021,0.83
Indiana,Hispanic/Latino,At least five AP courses,pct_students_school_offers,2020,0.83
Indiana,Hispanic/Latino,At least five AP courses,pct_students_school_offers,2019,0.83
Indiana,Hispanic/Latino,At least ten AP courses,pct_students_school_offers,2024,0.62
Indiana,Hispanic/Latino,At least ten AP courses,pct_students_school_offers,2023,0.67
Indiana,Hispanic/Latino,At least ten AP courses,pct_students_school_offers,2022,0.62
Indiana,Hispanic/Latino,At least ten AP courses,pct_students_school_offers,2021,0.64
Indiana,Hispanic/Latino,At least ten AP courses,pct_students_school_offers,2020,0.6
Indiana,Hispanic/Latino,At least ten AP courses,pct_students_school_offers,2019,0.66
Indiana,Hispanic/Latino,At least one AP STEM course,pct_students_school_offers,2024,0.9
Indiana,Hispanic/Latino,At least one AP STEM course,pct_students_school_offers,2023,0.92
Indiana,Hispanic/Latino,At least one AP STEM course,pct_students_school_offers,2022,0.92
Indiana,Hispanic/Latino,At least one AP STEM course,pct_students_school_offers,2021,0.91
Indiana,Hispanic/Latino,At least one AP STEM course,pct_students_school_offers,2020,0.95
Indiana,Hispanic/Latino,At least one AP STEM course,pct_students_school_offers,2019,0.96
Indiana,White,At least five AP courses,pct_students_school_offers,2024,0.73
Indiana,White,At least five AP courses,pct_students_school_offers,2023,0.77
Indiana,White,At least five AP courses,pct_students_school_offers,2022,0.77
Indiana,White,At least five AP courses,pct_students_school_offers,2021,0.79
Indiana,White,At least five AP courses,pct_students_school_offers,2020,0.79
Indiana,White,At least five AP courses,pct_students_school_offers,2019,0.79
Indiana,White,At least ten AP courses,pct_students_school_offers,2024,0.56
Indiana,White,At least ten AP courses,pct_students_school_offers,2023,0.58
Indiana,White,At least ten AP courses,pct_students_school_offers,2022,0.56
Indiana,White,At least ten AP courses,pct_students_school_offers,2021,0.58
Indiana,White,At least ten AP courses,pct_students_school_offers,2020,0.56
Indiana,White,At least ten AP courses,pct_students_school_offers,2019,0.56
Indiana,White,At least one AP STEM course,pct_students_school_offers,2024,0.89
Indiana,White,At least one AP STEM course,pct_students_school_offers,2023,0.9
Indiana,White,At least one AP STEM course,pct_students_school_offers,2022,0.9
Indiana,White,At least one AP STEM course,pct_students_school_offers,2021,0.9
Indiana,White,At least one AP STEM course,pct_students_school_offers,2020,0.91
Indiana,White,At least one AP STEM course,pct_students_school_offers,2019,0.92
Indiana,Black or African American,At least five AP courses,pct_students_school_offers,2024,0.75
Indiana,Black or African American,At least five AP courses,pct_students_school_offers,2023,0.83
Indiana,Black or African American,At least five AP courses,pct_students_school_offers,2022,0.86
Indiana,Black or African American,At least five AP courses,pct_students_school_offers,2021,0.85
Indiana,Black or African American,At least five AP courses,pct_students_school_offers,2020,0.85
Indiana,Black or African American,At least five AP courses,pct_students_school_offers,2019,0.85
Indiana,Black or African American,At least ten AP courses,pct_students_school_offers,2024,0.64
Indiana,Black or African American,At least ten AP courses,pct_students_school_offers,2023,0.72
Indiana,Black or African American,At least ten AP courses,pct_students_school_offers,2022,0.68
Indiana,Black or African American,At least ten AP courses,pct_students_school_offers,2021,0.73
Indiana,Black or African American,At least ten AP courses,pct_students_school_offers,2020,0.72
Indiana,Black or African American,At least ten AP courses,pct_students_school_offers,2019,0.75
Indiana,Black or African American,At least one AP STEM course,pct_students_school_offers,2024,0.83
Indiana,Black or African American,At least one AP STEM course,pct_students_school_offers,2023,0.91
Indiana,Black or African American,At least one AP STEM course,pct_students_school_offers,2022,0.89
Indiana,Black or African American,At least one AP STEM course,pct_students_school_offers,2021,0.87
Indiana,Black or African American,At least one AP STEM course,pct_students_school_offers,2020,0.93
Indiana,Black or African American,At least one AP STEM course,pct_students_school_offers,2019,0.89
Indiana,Native American or Alaska Native,At least five AP courses,pct_students_school_offers,2024,0.71
Indiana,Native American or Alaska Native,At least five AP courses,pct_students_school_offers,2023,0.78
Indiana,Native American or Alaska Native,At least five AP courses,pct_students_school_offers,2022,0.78
Indiana,Native American or Alaska Native,At least five AP courses,pct_students_school_offers,2021,0.8
Indiana,Native American or Alaska Native,At least five AP courses,pct_students_school_offers,2020,0.78
Indiana,Native American or Alaska Native,At least five AP courses,pct_students_school_offers,2019,0.78
Indiana,Native American or Alaska Native,At least ten AP courses,pct_students_school_offers,2024,0.54
Indiana,Native American or Alaska Native,At least ten AP courses,pct_students_school_offers,2023,0.62
Indiana,Native American or Alaska Native,At least ten AP courses,pct_students_school_offers,2022,0.58
Indiana,Native American or Alaska Native,At least ten AP courses,pct_students_school_offers,2021,0.62
Indiana,Native American or Alaska Native,At least ten AP courses,pct_students_school_offers,2020,0.55
Indiana,Native American or Alaska Native,At least ten AP courses,pct_students_school_offers,2019,0.54
Indiana,Native American or Alaska Native,At least one AP STEM course,pct_students_school_offers,2024,0.86
Indiana,Native American or Alaska Native,At least one AP STEM course,pct_students_school_offers,2023,0.9
Indiana,Native American or Alaska Native,At least one AP STEM course,pct_students_school_offers,2022,0.88
Indiana,Native American or Alaska Native,At least one AP STEM course,pct_students_school_offers,2021,0.9
Indiana,Native American or Alaska Native,At least one AP STEM course,pct_students_school_offers,2020,0.89
Indiana,Native American or Alaska Native,At least one AP STEM course,pct_students_school_offers,2019,0.92
Indiana,Native Hawaiian or other Pacific Islander,At least five AP courses,pct_students_school_offers,2024,0.8
Indiana,Native Hawaiian or other Pacific Islander,At least five AP courses,pct_students_school_offers,2023,0.88
Indiana,Native Hawaiian or other Pacific Islander,At least five AP courses,pct_students_school_offers,2022,0.8
Indiana,Native Hawaiian or other Pacific Islander,At least five AP courses,pct_students_school_offers,2021,0.79
Indiana,Native Hawaiian or other Pacific Islander,At least five AP courses,pct_students_school_offers,2020,0.77
Indiana,Native Hawaiian or other Pacific Islander,At least five AP courses,pct_students_school_offers,2019,0.76
Indiana,Native Hawaiian or other Pacific Islander,At least ten AP courses,pct_students_school_offers,2024,0.7
Indiana,Native Hawaiian or other Pacific Islander,At least ten AP courses,pct_students_school_offers,2023,0.75
Indiana,Native Hawaiian or other Pacific Islander,At least ten AP courses,pct_students_school_offers,2022,0.69
Indiana,Native Hawaiian or other Pacific Islander,At least ten AP courses,pct_students_school_offers,2021,0.69
Indiana,Native Hawaiian or other Pacific Islander,At least ten AP courses,pct_students_school_offers,2020,0.64
Indiana,Native Hawaiian or other Pacific Islander,At least ten AP courses,pct_students_school_offers,2019,0.58
Indiana,Native Hawaiian or other Pacific Islander,At least one AP STEM course,pct_students_school_offers,2024,0.9
Indiana,Native Hawaiian or other Pacific Islander,At least one AP STEM course,pct_students_school_offers,2023,0.94
Indiana,Native Hawaiian or other Pacific Islander,At least one AP STEM course,pct_students_school_offers,2022,0.95
Indiana,Native Hawaiian or other Pacific Islander,At least one AP STEM course,pct_students_school_offers,2021,0.92
Indiana,Native Hawaiian or other Pacific Islander,At least one AP STEM course,pct_students_school_offers,2020,0.87
Indiana,Native Hawaiian or other Pacific Islander,At least one AP STEM course,pct_students_school_offers,2019,0.84
Indiana,Two or More Races,At least five AP courses,pct_students_school_offers,2024,0.78
Indiana,Two or More Races,At least five AP courses,pct_students_school_offers,2023,0.82
Indiana,Two or More Races,At least five AP courses,pct_students_school_offers,2022,0.84
Indiana,Two or More Races,At least five AP courses,pct_students_school_offers,2021,0.83
Indiana,Two or More Races,At least five AP courses,pct_students_school_offers,2020,0.85
Indiana,Two or More Races,At least five AP courses,pct_students_school_offers,2019,0.86
Indiana,Two or More Races,At least ten AP courses,pct_students_school_offers,2024,0.65
Indiana,Two or More Races,At least ten AP courses,pct_students_school_offers,2023,0.69
Indiana,Two or More Races,At least ten AP courses,pct_students_school_offers,2022,0.66
Indiana,Two or More Races,At least ten AP courses,pct_students_school_offers,2021,0.69
Indiana,Two or More Races,At least ten AP courses,pct_students_school_offers,2020,0.7
Indiana,Two or More Races,At least ten AP courses,pct_students_school_offers,2019,0.71
Indiana,Two or More Races,At least one AP STEM course,pct_students_school_offers,2024,0.9
Indiana,Two or More Races,At least one AP STEM course,pct_students_school_offers,2023,0.92
Indiana,Two or More Races,At least one AP STEM course,pct_students_school_offers,2022,0.92
Indiana,Two or More Races,At least one AP STEM course,pct_students_school_offers,2021,0.91
Indiana,Two or More Races,At least one AP STEM course,pct_students_school_offers,2020,0.93
Indiana,Two or More Races,At least one AP STEM course,pct_students_school_offers,2019,0.93
Iowa,All,At least five AP courses,Number of public high schools that offer,2024,79
Iowa,All,At least five AP courses,Number of public high schools that offer,2023,77
Iowa,All,At least five AP courses,Number of public high schools that offer,2022,67
Iowa,All,At least five AP courses,Number of public high schools that offer,2021,75
Iowa,All,At least five AP courses,Number of public high schools that offer,2020,64
Iowa,All,At least five AP courses,Number of public high schools that offer,2019,63
Iowa,All,At least ten AP courses,Number of public high schools that offer,2024,46
Iowa,All,At least ten AP courses,Number of public high schools that offer,2023,42
Iowa,All,At least ten AP courses,Number of public high schools that offer,2022,38
Iowa,All,At least ten AP courses,Number of public high schools that offer,2021,37
Iowa,All,At least ten AP courses,Number of public high schools that offer,2020,29
Iowa,All,At least ten AP courses,Number of public high schools that offer,2019,30
Iowa,All,At least one AP STEM course,Number of public high schools that offer,2024,130
Iowa,All,At least one AP STEM course,Number of public high schools that offer,2023,129
Iowa,All,At least one AP STEM course,Number of public high schools that offer,2022,122
Iowa,All,At least one AP STEM course,Number of public high schools that offer,2021,132
Iowa,All,At least one AP STEM course,Number of public high schools that offer,2020,117
Iowa,All,At least one AP STEM course,Number of public high schools that offer,2019,120
Iowa,All,At least five AP courses,Percentage of public high schools that offers,2024,0.24
Iowa,All,At least five AP courses,Percentage of public high schools that offers,2023,0.24
Iowa,All,At least five AP courses,Percentage of public high schools that offers,2022,0.21
Iowa,All,At least five AP courses,Percentage of public high schools that offers,2021,0.23
Iowa,All,At least five AP courses,Percentage of public high schools that offers,2020,0.2
Iowa,All,At least five AP courses,Percentage of public high schools that offers,2019,0.2
Iowa,All,At least ten AP courses,Percentage of public high schools that offers,2024,0.14
Iowa,All,At least ten AP courses,Percentage of public high schools that offers,2023,0.13
Iowa,All,At least ten AP courses,Percentage of public high schools that offers,2022,0.12
Iowa,All,At least ten AP courses,Percentage of public high schools that offers,2021,0.11
Iowa,All,At least ten AP courses,Percentage of public high schools that offers,2020,0.09
Iowa,All,At least ten AP courses,Percentage of public high schools that offers,2019,0.09
Iowa,All,At least one AP STEM course,Percentage of public high schools that offers,2024,0.4
Iowa,All,At least one AP STEM course,Percentage of public high schools that offers,2023,0.4
Iowa,All,At least one AP STEM course,Percentage of public high schools that offers,2022,0.38
Iowa,All,At least one AP STEM course,Percentage of public high schools that offers,2021,0.41
Iowa,All,At least one AP STEM course,Percentage of public high schools that offers,2020,0.37
Iowa,All,At least one AP STEM course,Percentage of public high schools that offers,2019,0.38
Iowa,All,At least five AP courses,Percentage of public high school students whose school offers,2024,0.56
Iowa,All,At least five AP courses,Percentage of public high school students whose school offers,2023,0.55
Iowa,All,At least five AP courses,Percentage of public high school students whose school offers,2022,0.52
Iowa,All,At least five AP courses,Percentage of public high school students whose school offers,2021,0.55
Iowa,All,At least five AP courses,Percentage of public high school students whose school offers,2020,0.49
Iowa,All,At least five AP courses,Percentage of public high school students whose school offers,2019,0.51
Iowa,All,At least ten AP courses,Percentage of public high school students whose school offers,2024,0.41
Iowa,All,At least ten AP courses,Percentage of public high school students whose school offers,2023,0.39
Iowa,All,At least ten AP courses,Percentage of public high school students whose school offers,2022,0.38
Iowa,All,At least ten AP courses,Percentage of public high school students whose school offers,2021,0.38
Iowa,All,At least ten AP courses,Percentage of public high school students whose school offers,2020,0.31
Iowa,All,At least ten AP courses,Percentage of public high school students whose school offers,2019,0.33
Iowa,All,At least one AP STEM course,Percentage of public high school students whose school offers,2024,0.67
Iowa,All,At least one AP STEM course,Percentage of public high school students whose school offers,2023,0.69
Iowa,All,At least one AP STEM course,Percentage of public high school students whose school offers,2022,0.67
Iowa,All,At least one AP STEM course,Percentage of public high school students whose school offers,2021,0.69
Iowa,All,At least one AP STEM course,Percentage of public high school students whose school offers,2020,0.62
Iowa,All,At least one AP STEM course,Percentage of public high school students whose school offers,2019,0.64
Iowa,Asian,At least five AP courses,pct_students_school_offers,2024,0.82
Iowa,Asian,At least five AP courses,pct_students_school_offers,2023,0.8
Iowa,Asian,At least five AP courses,pct_students_school_offers,2022,0.8
Iowa,Asian,At least five AP courses,pct_students_school_offers,2021,0.81
Iowa,Asian,At least five AP courses,pct_students_school_offers,2020,0.77
Iowa,Asian,At least five AP courses,pct_students_school_offers,2019,0.8
Iowa,Asian,At least ten AP courses,pct_students_school_offers,2024,0.73
Iowa,Asian,At least ten AP courses,pct_students_school_offers,2023,0.71
Iowa,Asian,At least ten AP courses,pct_students_school_offers,2022,0.7
Iowa,Asian,At least ten AP courses,pct_students_school_offers,2021,0.71
Iowa,Asian,At least ten AP courses,pct_students_school_offers,2020,0.65
Iowa,Asian,At least ten AP courses,pct_students_school_offers,2019,0.67
Iowa,Asian,At least one AP STEM course,pct_students_school_offers,2024,0.85
Iowa,Asian,At least one AP STEM course,pct_students_school_offers,2023,0.92
Iowa,Asian,At least one AP STEM course,pct_students_school_offers,2022,0.9
Iowa,Asian,At least one AP STEM course,pct_students_school_offers,2021,0.92
Iowa,Asian,At least one AP STEM course,pct_students_school_offers,2020,0.83
Iowa,Asian,At least one AP STEM course,pct_students_school_offers,2019,0.88
Iowa,Hispanic/Latino,At least five AP courses,pct_students_school_offers,2024,0.64
Iowa,Hispanic/Latino,At least five AP courses,pct_students_school_offers,2023,0.61
Iowa,Hispanic/Latino,At least five AP courses,pct_students_school_offers,2022,0.59
Iowa,Hispanic/Latino,At least five AP courses,pct_students_school_offers,2021,0.61
Iowa,Hispanic/Latino,At least five AP courses,pct_students_school_offers,2020,0.56
Iowa,Hispanic/Latino,At least five AP courses,pct_students_school_offers,2019,0.64
Iowa,Hispanic/Latino,At least ten AP courses,pct_students_school_offers,2024,0.53
Iowa,Hispanic/Latino,At least ten AP courses,pct_students_school_offers,2023,0.46
Iowa,Hispanic/Latino,At least ten AP courses,pct_students_school_offers,2022,0.46
Iowa,Hispanic/Latino,At least ten AP courses,pct_students_school_offers,2021,0.45
Iowa,Hispanic/Latino,At least ten AP courses,pct_students_school_offers,2020,0.41
Iowa,Hispanic/Latino,At least ten AP courses,pct_students_school_offers,2019,0.44
Iowa,Hispanic/Latino,At least one AP STEM course,pct_students_school_offers,2024,0.7
Iowa,Hispanic/Latino,At least one AP STEM course,pct_students_school_offers,2023,0.78
Iowa,Hispanic/Latino,At least one AP STEM course,pct_students_school_offers,2022,0.71
Iowa,Hispanic/Latino,At least one AP STEM course,pct_students_school_offers,2021,0.76
Iowa,Hispanic/Latino,At least one AP STEM course,pct_students_school_offers,2020,0.65
Iowa,Hispanic/Latino,At least one AP STEM course,pct_students_school_offers,2019,0.77
Iowa,White,At least five AP courses,pct_students_school_offers,2024,0.51
Iowa,White,At least five AP courses,pct_students_school_offers,2023,0.5
Iowa,White,At least five AP courses,pct_students_school_offers,2022,0.47
Iowa,White,At least five AP courses,pct_students_school_offers,2021,0.5
Iowa,White,At least five AP courses,pct_students_school_offers,2020,0.45
Iowa,White,At least five AP courses,pct_students_school_offers,2019,0.46
Iowa,White,At least ten AP courses,pct_students_school_offers,2024,0.35
Iowa,White,At least ten AP courses,pct_students_school_offers,2023,0.34
Iowa,White,At least ten AP courses,pct_students_school_offers,2022,0.33
Iowa,White,At least ten AP courses,pct_students_school_offers,2021,0.32
Iowa,White,At least ten AP courses,pct_students_school_offers,2020,0.26
Iowa,White,At least ten AP courses,pct_students_school_offers,2019,0.28
Iowa,White,At least one AP STEM course,pct_students_school_offers,2024,0.64
Iowa,White,At least one AP STEM course,pct_students_school_offers,2023,0.64
Iowa,White,At least one AP STEM course,pct_students_school_offers,2022,0.63
Iowa,White,At least one AP STEM course,pct_students_school_offers,2021,0.65
Iowa,White,At least one AP STEM course,pct_students_school_offers,2020,0.59
Iowa,White,At least one AP STEM course,pct_students_school_offers,2019,0.6
Iowa,Black or African American,At least five AP courses,pct_students_school_offers,2024,0.86
Iowa,Black or African American,At least five AP courses,pct_students_school_offers,2023,0.85
Iowa,Black or African American,At least five AP courses,pct_students_school_offers,2022,0.81
Iowa,Black or African American,At least five AP courses,pct_students_school_offers,2021,0.85
Iowa,Black or African American,At least five AP courses,pct_students_school_offers,2020,0.81
Iowa,Black or African American,At least five AP courses,pct_students_school_offers,2019,0.82
Iowa,Black or African American,At least ten AP courses,pct_students_school_offers,2024,0.73
Iowa,Black or African American,At least ten AP courses,pct_students_school_offers,2023,0.71
Iowa,Black or African American,At least ten AP courses,pct_students_school_offers,2022,0.67
Iowa,Black or African American,At least ten AP courses,pct_students_school_offers,2021,0.69
Iowa,Black or African American,At least ten AP courses,pct_students_school_offers,2020,0.59
Iowa,Black or African American,At least ten AP courses,pct_students_school_offers,2019,0.66
Iowa,Black or African American,At least one AP STEM course,pct_students_school_offers,2024,0.89
Iowa,Black or African American,At least one AP STEM course,pct_students_school_offers,2023,0.9
Iowa,Black or African American,At least one AP STEM course,pct_students_school_offers,2022,0.9
Iowa,Black or African American,At least one AP STEM course,pct_students_school_offers,2021,0.9
Iowa,Black or African American,At least one AP STEM course,pct_students_school_offers,2020,0.85
Iowa,Black or African American,At least one AP STEM course,pct_students_school_offers,2019,0.85
Iowa,Native American or Alaska Native,At least five AP courses,pct_students_school_offers,2024,0.54
Iowa,Native American or Alaska Native,At least five AP courses,pct_students_school_offers,2023,0.58
Iowa,Native American or Alaska Native,At least five AP courses,pct_students_school_offers,2022,0.57
Iowa,Native American or Alaska Native,At least five AP courses,pct_students_school_offers,2021,0.58
Iowa,Native American or Alaska Native,At least five AP courses,pct_students_school_offers,2020,0.52
Iowa,Native American or Alaska Native,At least five AP courses,pct_students_school_offers,2019,0.56
Iowa,Native American or Alaska Native,At least ten AP courses,pct_students_school_offers,2024,0.44
Iowa,Native American or Alaska Native,At least ten AP courses,pct_students_school_offers,2023,0.39
Iowa,Native American or Alaska Native,At least ten AP courses,pct_students_school_offers,2022,0.37
Iowa,Native American or Alaska Native,At least ten AP courses,pct_students_school_offers,2021,0.4
Iowa,Native American or Alaska Native,At least ten AP courses,pct_students_school_offers,2020,0.41
Iowa,Native American or Alaska Native,At least ten AP courses,pct_students_school_offers,2019,0.41
Iowa,Native American or Alaska Native,At least one AP STEM course,pct_students_school_offers,2024,0.59
Iowa,Native American or Alaska Native,At least one AP STEM course,pct_students_school_offers,2023,0.69
Iowa,Native American or Alaska Native,At least one AP STEM course,pct_students_school_offers,2022,0.67
Iowa,Native American or Alaska Native,At least one AP STEM course,pct_students_school_offers,2021,0.69
Iowa,Native American or Alaska Native,At least one AP STEM course,pct_students_school_offers,2020,0.6
Iowa,Native American or Alaska Native,At least one AP STEM course,pct_students_school_offers,2019,0.63
Iowa,Native Hawaiian or other Pacific Islander,At least five AP courses,pct_students_school_offers,2024,0.68
Iowa,Native Hawaiian or other Pacific Islander,At least five AP courses,pct_students_school_offers,2023,0.67
Iowa,Native Hawaiian or other Pacific Islander,At least five AP courses,pct_students_school_offers,2022,0.62
Iowa,Native Hawaiian or other Pacific Islander,At least five AP courses,pct_students_school_offers,2021,0.7
Iowa,Native Hawaiian or other Pacific Islander,At least five AP courses,pct_students_school_offers,2020,0.61
Iowa,Native Hawaiian or other Pacific Islander,At least five AP courses,pct_students_school_offers,2019,0.66
Iowa,Native Hawaiian or other Pacific Islander,At least ten AP courses,pct_students_school_offers,2024,0.48
Iowa,Native Hawaiian or other Pacific Islander,At least ten AP courses,pct_students_school_offers,2023,0.36
Iowa,Native Hawaiian or other Pacific Islander,At least ten AP courses,pct_students_school_offers,2022,0.44
Iowa,Native Hawaiian or other Pacific Islander,At least ten AP courses,pct_students_school_offers,2021,0.43
Iowa,Native Hawaiian or other Pacific Islander,At least ten AP courses,pct_students_school_offers,2020,0.41
Iowa,Native Hawaiian or other Pacific Islander,At least ten AP courses,pct_students_school_offers,2019,0.44
Iowa,Native Hawaiian or other Pacific Islander,At least one AP STEM course,pct_students_school_offers,2024,0.74
Iowa,Native Hawaiian or other Pacific Islander,At least one AP STEM course,pct_students_school_offers,2023,0.84
Iowa,Native Hawaiian or other Pacific Islander,At least one AP STEM course,pct_students_school_offers,2022,0.8
Iowa,Native Hawaiian or other Pacific Islander,At least one AP STEM course,pct_students_school_offers,2021,0.84
Iowa,Native Hawaiian or other Pacific Islander,At least one AP STEM course,pct_students_school_offers,2020,0.67
Iowa,Native Hawaiian or other Pacific Islander,At least one AP STEM course,pct_students_school_offers,2019,0.8
Iowa,Two or More Races,At least five AP courses,pct_students_school_offers,2024,0.71
Iowa,Two or More Races,At least five AP courses,pct_students_school_offers,2023,0.7
Iowa,Two or More Races,At least five AP courses,pct_students_school_offers,2022,0.67
Iowa,Two or More Races,At least five AP courses,pct_students_school_offers,2021,0.7
Iowa,Two or More Races,At least five AP courses,pct_students_school_offers,2020,0.67
Iowa,Two or More Races,At least five AP courses,pct_students_school_offers,2019,0.68
Iowa,Two or More Races,At least ten AP courses,pct_students_school_offers,2024,0.56
Iowa,Two or More Races,At least ten AP courses,pct_students_school_offers,2023,0.54
Iowa,Two or More Races,At least ten AP courses,pct_students_school_offers,2022,0.51
Iowa,Two or More Races,At least ten AP courses,pct_students_school_offers,2021,0.51
Iowa,Two or More Races,At least ten AP courses,pct_students_school_offers,2020,0.47
Iowa,Two or More Races,At least ten AP courses,pct_students_school_offers,2019,0.51
Iowa,Two or More Races,At least one AP STEM course,pct_students_school_offers,2024,0.78
Iowa,Two or More Races,At least one AP STEM course,pct_students_school_offers,2023,0.8
Iowa,Two or More Races,At least one AP STEM course,pct_students_school_offers,2022,0.79
Iowa,Two or More Races,At least one AP STEM course,pct_students_school_offers,2021,0.8
Iowa,Two or More Races,At least one AP STEM course,pct_students_school_offers,2020,0.75
Iowa,Two or More Races,At least one AP STEM course,pct_students_school_offers,2019,0.77
Iowa,All,At least five AP courses,Kansas,2024,0.71
Iowa,All,At least five AP courses,Number of public high schools that offer,2024,61
Iowa,All,At least five AP courses,Number of public high schools that offer,2023,59
Iowa,All,At least five AP courses,Number of public high schools that offer,2022,58
Iowa,All,At least five AP courses,Number of public high schools that offer,2021,63
Iowa,All,At least five AP courses,Number of public high schools that offer,2020,64
Iowa,All,At least five AP courses,Number of public high schools that offer,2019,66
Iowa,All,At least ten AP courses,Number of public high schools that offer,2024,41
Iowa,All,At least ten AP courses,Number of public high schools that offer,2023,39
Iowa,All,At least ten AP courses,Number of public high schools that offer,2022,36
Iowa,All,At least ten AP courses,Number of public high schools that offer,2021,34
Iowa,All,At least ten AP courses,Number of public high schools that offer,2020,32
Iowa,All,At least ten AP courses,Number of public high schools that offer,2019,32
Iowa,All,At least one AP STEM course,Number of public high schools that offer,2024,83
Iowa,All,At least one AP STEM course,Number of public high schools that offer,2023,86
Iowa,All,At least one AP STEM course,Number of public high schools that offer,2022,81
Iowa,All,At least one AP STEM course,Number of public high schools that offer,2021,88
Iowa,All,At least one AP STEM course,Number of public high schools that offer,2020,80
Iowa,All,At least one AP STEM course,Number of public high schools that offer,2019,95
Iowa,All,At least five AP courses,Percentage of public high schools that offers,2024,0.18
Iowa,All,At least five AP courses,Percentage of public high schools that offers,2023,0.18
Iowa,All,At least five AP courses,Percentage of public high schools that offers,2022,0.17
Iowa,All,At least five AP courses,Percentage of public high schools that offers,2021,0.19
Iowa,All,At least five AP courses,Percentage of public high schools that offers,2020,0.19
Iowa,All,At least five AP courses,Percentage of public high schools that offers,2019,0.2
Iowa,All,At least ten AP courses,Percentage of public high schools that offers,2024,0.12
Iowa,All,At least ten AP courses,Percentage of public high schools that offers,2023,0.12
Iowa,All,At least ten AP courses,Percentage of public high schools that offers,2022,0.11
Iowa,All,At least ten AP courses,Percentage of public high schools that offers,2021,0.1
Iowa,All,At least ten AP courses,Percentage of public high schools that offers,2020,0.1
Iowa,All,At least ten AP courses,Percentage of public high schools that offers,2019,0.1
Iowa,All,At least one AP STEM course,Percentage of public high schools that offers,2024,0.24
Iowa,All,At least one AP STEM course,Percentage of public high schools that offers,2023,0.26
Iowa,All,At least one AP STEM course,Percentage of public high schools that offers,2022,0.24
Iowa,All,At least one AP STEM course,Percentage of public high schools that offers,2021,0.26
Iowa,All,At least one AP STEM course,Percentage of public high schools that offers,2020,0.24
Iowa,All,At least one AP STEM course,Percentage of public high schools that offers,2019,0.28
Iowa,All,At least five AP courses,Percentage of public high school students whose school offers,2024,0.56
Iowa,All,At least five AP courses,Percentage of public high school students whose school offers,2023,0.53
Iowa,All,At least five AP courses,Percentage of public high school students whose school offers,2022,0.54
Iowa,All,At least five AP courses,Percentage of public high school students whose school offers,2021,0.54
Iowa,All,At least five AP courses,Percentage of public high school students whose school offers,2020,0.55
Iowa,All,At least five AP courses,Percentage of public high school students whose school offers,2019,0.57
Iowa,All,At least ten AP courses,Percentage of public high school students whose school offers,2024,0.43
Iowa,All,At least ten AP courses,Percentage of public high school students whose school offers,2023,0.4
Iowa,All,At least ten AP courses,Percentage of public high school students whose school offers,2022,0.38
Iowa,All,At least ten AP courses,Percentage of public high school students whose school offers,2021,0.37
Iowa,All,At least ten AP courses,Percentage of public high school students whose school offers,2020,0.35
Iowa,All,At least ten AP courses,Percentage of public high school students whose school offers,2019,0.36
Iowa,All,At least one AP STEM course,Percentage of public high school students whose school offers,2024,0.63
Iowa,All,At least one AP STEM course,Percentage of public high school students whose school offers,2023,0.63
Iowa,All,At least one AP STEM course,Percentage of public high school students whose school offers,2022,0.64
Iowa,All,At least one AP STEM course,Percentage of public high school students whose school offers,2021,0.66
Iowa,All,At least one AP STEM course,Percentage of public high school students whose school offers,2020,0.63
Iowa,All,At least one AP STEM course,Percentage of public high school students whose school offers,2019,0.68
Iowa,Asian,At least five AP courses,pct_students_school_offers,2024,0.81
Iowa,Asian,At least five AP courses,pct_students_school_offers,2023,0.8
Iowa,Asian,At least five AP courses,pct_students_school_offers,2022,0.79
Iowa,Asian,At least five AP courses,pct_students_school_offers,2021,0.78
Iowa,Asian,At least five AP courses,pct_students_school_offers,2020,0.77
Iowa,Asian,At least five AP courses,pct_students_school_offers,2019,0.78
Iowa,Asian,At least ten AP courses,pct_students_school_offers,2024,0.73
Iowa,Asian,At least ten AP courses,pct_students_school_offers,2023,0.64
Iowa,Asian,At least ten AP courses,pct_students_school_offers,2022,0.69
Iowa,Asian,At least ten AP courses,pct_students_school_offers,2021,0.67
Iowa,Asian,At least ten AP courses,pct_students_school_offers,2020,0.61
Iowa,Asian,At least ten AP courses,pct_students_school_offers,2019,0.62
Iowa,Asian,At least one AP STEM course,pct_students_school_offers,2024,0.89
Iowa,Asian,At least one AP STEM course,pct_students_school_offers,2023,0.86
Iowa,Asian,At least one AP STEM course,pct_students_school_offers,2022,0.85
Iowa,Asian,At least one AP STEM course,pct_students_school_offers,2021,0.89
Iowa,Asian,At least one AP STEM course,pct_students_school_offers,2020,0.89
Iowa,Asian,At least one AP STEM course,pct_students_school_offers,2019,0.9
Iowa,Hispanic/Latino,At least five AP courses,pct_students_school_offers,2024,0.53
Iowa,Hispanic/Latino,At least five AP courses,pct_students_school_offers,2023,0.46
Iowa,Hispanic/Latino,At least five AP courses,pct_students_school_offers,2022,0.53
Iowa,Hispanic/Latino,At least five AP courses,pct_students_school_offers,2021,0.53
Iowa,Hispanic/Latino,At least five AP courses,pct_students_school_offers,2020,0.53
Iowa,Hispanic/Latino,At least five AP courses,pct_students_school_offers,2019,0.55
Iowa,Hispanic/Latino,At least ten AP courses,pct_students_school_offers,2024,0.36
Iowa,Hispanic/Latino,At least ten AP courses,pct_students_school_offers,2023,0.33
Iowa,Hispanic/Latino,At least ten AP courses,pct_students_school_offers,2022,0.31
Iowa,Hispanic/Latino,At least ten AP courses,pct_students_school_offers,2021,0.31
Iowa,Hispanic/Latino,At least ten AP courses,pct_students_school_offers,2020,0.29
Iowa,Hispanic/Latino,At least ten AP courses,pct_students_school_offers,2019,0.29
Iowa,Hispanic/Latino,At least one AP STEM course,pct_students_school_offers,2024,0.63
Iowa,Hispanic/Latino,At least one AP STEM course,pct_students_school_offers,2023,0.63
Iowa,Hispanic/Latino,At least one AP STEM course,pct_students_school_offers,2022,0.67
Iowa,Hispanic/Latino,At least one AP STEM course,pct_students_school_offers,2021,0.66
Iowa,Hispanic/Latino,At least one AP STEM course,pct_students_school_offers,2020,0.63
Iowa,Hispanic/Latino,At least one AP STEM course,pct_students_school_offers,2019,0.74
Iowa,White,At least five AP courses,pct_students_school_offers,2024,0.53
Iowa,White,At least five AP courses,pct_students_school_offers,2023,0.51
Iowa,White,At least five AP courses,pct_students_school_offers,2022,0.52
Iowa,White,At least five AP courses,pct_students_school_offers,2021,0.52
Iowa,White,At least five AP courses,pct_students_school_offers,2020,0.53
Iowa,White,At least five AP courses,pct_students_school_offers,2019,0.55
Iowa,White,At least ten AP courses,pct_students_school_offers,2024,0.41
Iowa,White,At least ten AP courses,pct_students_school_offers,2023,0.39
Iowa,White,At least ten AP courses,pct_students_school_offers,2022,0.38
Iowa,White,At least ten AP courses,pct_students_school_offers,2021,0.36
Iowa,White,At least ten AP courses,pct_students_school_offers,2020,0.35
Iowa,White,At least ten AP courses,pct_students_school_offers,2019,0.35
Iowa,White,At least one AP STEM course,pct_students_school_offers,2024,0.59
Iowa,White,At least one AP STEM course,pct_students_school_offers,2023,0.6
Iowa,White,At least one AP STEM course,pct_students_school_offers,2022,0.6
Iowa,White,At least one AP STEM course,pct_students_school_offers,2021,0.62
Iowa,White,At least one AP STEM course,pct_students_school_offers,2020,0.6
Iowa,White,At least one AP STEM course,pct_students_school_offers,2019,0.63
Iowa,Black or African American,At least five AP courses,pct_students_school_offers,2024,0.7
Iowa,Black or African American,At least five AP courses,pct_students_school_offers,2023,0.61
Iowa,Black or African American,At least five AP courses,pct_students_school_offers,2022,0.6
Iowa,Black or African American,At least five AP courses,pct_students_school_offers,2021,0.6
Iowa,Black or African American,At least five AP courses,pct_students_school_offers,2020,0.62
Iowa,Black or African American,At least five AP courses,pct_students_school_offers,2019,0.65
Iowa,Black or African American,At least ten AP courses,pct_students_school_offers,2024,0.56
Iowa,Black or African American,At least ten AP courses,pct_students_school_offers,2023,0.48
Iowa,Black or African American,At least ten AP courses,pct_students_school_offers,2022,0.45
Iowa,Black or African American,At least ten AP courses,pct_students_school_offers,2021,0.47
Iowa,Black or African American,At least ten AP courses,pct_students_school_offers,2020,0.43
Iowa,Black or African American,At least ten AP courses,pct_students_school_offers,2019,0.42
Iowa,Black or African American,At least one AP STEM course,pct_students_school_offers,2024,0.79
Iowa,Black or African American,At least one AP STEM course,pct_students_school_offers,2023,0.76
Iowa,Black or African American,At least one AP STEM course,pct_students_school_offers,2022,0.79
Iowa,Black or African American,At least one AP STEM course,pct_students_school_offers,2021,0.79
Iowa,Black or African American,At least one AP STEM course,pct_students_school_offers,2020,0.75
Iowa,Black or African American,At least one AP STEM course,pct_students_school_offers,2019,0.82
Iowa,Native American or Alaska Native,At least five AP courses,pct_students_school_offers,2024,0.5
Iowa,Native American or Alaska Native,At least five AP courses,pct_students_school_offers,2023,0.47
Iowa,Native American or Alaska Native,At least five AP courses,pct_students_school_offers,2022,0.42
Iowa,Native American or Alaska Native,At least five AP courses,pct_students_school_offers,2021,0.44
Iowa,Native American or Alaska Native,At least five AP courses,pct_students_school_offers,2020,0.49
Iowa,Native American or Alaska Native,At least five AP courses,pct_students_school_offers,2019,0.52
Iowa,Native American or Alaska Native,At least ten AP courses,pct_students_school_offers,2024,0.36
Iowa,Native American or Alaska Native,At least ten AP courses,pct_students_school_offers,2023,0.33
Iowa,Native American or Alaska Native,At least ten AP courses,pct_students_school_offers,2022,0.3
Iowa,Native American or Alaska Native,At least ten AP courses,pct_students_school_offers,2021,0.28
Iowa,Native American or Alaska Native,At least ten AP courses,pct_students_school_offers,2020,0.25
Iowa,Native American or Alaska Native,At least ten AP courses,pct_students_school_offers,2019,0.27
Iowa,Native American or Alaska Native,At least one AP STEM course,pct_students_school_offers,2024,0.54
Iowa,Native American or Alaska Native,At least one AP STEM course,pct_students_school_offers,2023,0.57
Iowa,Native American or Alaska Native,At least one AP STEM course,pct_students_school_offers,2022,0.54
Iowa,Native American or Alaska Native,At least one AP STEM course,pct_students_school_offers,2021,0.53
Iowa,Native American or Alaska Native,At least one AP STEM course,pct_students_school_offers,2020,0.53
Iowa,Native American or Alaska Native,At least one AP STEM course,pct_students_school_offers,2019,0.63
Iowa,Native Hawaiian or other Pacific Islander,At least five AP courses,pct_students_school_offers,2024,0.79
Iowa,Native Hawaiian or other Pacific Islander,At least five AP courses,pct_students_school_offers,2023,0.77
Iowa,Native Hawaiian or other Pacific Islander,At least five AP courses,pct_students_school_offers,2022,0.71
Iowa,Native Hawaiian or other Pacific Islander,At least five AP courses,pct_students_school_offers,2021,0.69
Iowa,Native Hawaiian or other Pacific Islander,At least five AP courses,pct_students_school_offers,2020,0.78
Iowa,Native Hawaiian or other Pacific Islander,At least five AP courses,pct_students_school_offers,2019,0.76
Iowa,Native Hawaiian or other Pacific Islander,At least ten AP courses,pct_students_school_offers,2024,0.52
Iowa,Native Hawaiian or other Pacific Islander,At least ten AP courses,pct_students_school_offers,2023,0.6
Iowa,Native Hawaiian or other Pacific Islander,At least ten AP courses,pct_students_school_offers,2022,0.37
Iowa,Native Hawaiian or other Pacific Islander,At least ten AP courses,pct_students_school_offers,2021,0.35
Iowa,Native Hawaiian or other Pacific Islander,At least ten AP courses,pct_students_school_offers,2020,0.46
Iowa,Native Hawaiian or other Pacific Islander,At least ten AP courses,pct_students_school_offers,2019,0.48
Iowa,Native Hawaiian or other Pacific Islander,At least one AP STEM course,pct_students_school_offers,2024,0.8
Iowa,Native Hawaiian or other Pacific Islander,At least one AP STEM course,pct_students_school_offers,2023,0.82
Iowa,Native Hawaiian or other Pacific Islander,At least one AP STEM course,pct_students_school_offers,2022,0.75
Iowa,Native Hawaiian or other Pacific Islander,At least one AP STEM course,pct_students_school_offers,2021,0.82
Iowa,Native Hawaiian or other Pacific Islander,At least one AP STEM course,pct_students_school_offers,2020,0.85
Iowa,Native Hawaiian or other Pacific Islander,At least one AP STEM course,pct_students_school_offers,2019,0.87
Iowa,Two or More Races,At least five AP courses,pct_students_school_offers,2024,0.67
Iowa,Two or More Races,At least five AP courses,pct_students_school_offers,2023,0.64
Iowa,Two or More Races,At least five AP courses,pct_students_school_offers,2022,0.63
Iowa,Two or More Races,At least five AP courses,pct_students_school_offers,2021,0.63
Iowa,Two or More Races,At least five AP courses,pct_students_school_offers,2020,0.67
Iowa,Two or More Races,At least five AP courses,pct_students_school_offers,2019,0.7
Iowa,Two or More Races,At least ten AP courses,pct_students_school_offers,2024,0.51
Iowa,Two or More Races,At least ten AP courses,pct_students_school_offers,2023,0.49
Iowa,Two or More Races,At least ten AP courses,pct_students_school_offers,2022,0.45
Iowa,Two or More Races,At least ten AP courses,pct_students_school_offers,2021,0.45
Iowa,Two or More Races,At least ten AP courses,pct_students_school_offers,2020,0.44
Iowa,Two or More Races,At least ten AP courses,pct_students_school_offers,2019,0.44
Iowa,Two or More Races,At least one AP STEM course,pct_students_school_offers,2024,0.72
Iowa,Two or More Races,At least one AP STEM course,pct_students_school_offers,2023,0.72
Iowa,Two or More Races,At least one AP STEM course,pct_students_school_offers,2022,0.73
Iowa,Two or More Races,At least one AP STEM course,pct_students_school_offers,2021,0.74
Iowa,Two or More Races,At least one AP STEM course,pct_students_school_offers,2020,0.72
Iowa,Two or More Races,At least one AP STEM course,pct_students_school_offers,2019,0.77
Kentucky,All,At least five AP courses,Number of public high schools that offer,2024,130
Kentucky,All,At least five AP courses,Number of public high schools that offer,2023,128
Kentucky,All,At least five AP courses,Number of public high schools that offer,2022,132
Kentucky,All,At least five AP courses,Number of public high schools that offer,2021,132
Kentucky,All,At least five AP courses,Number of public high schools that offer,2020,128
Kentucky,All,At least five AP courses,Number of public high schools that offer,2019,137
Kentucky,All,At least ten AP courses,Number of public high schools that offer,2024,79
Kentucky,All,At least ten AP courses,Number of public high schools that offer,2023,76
Kentucky,All,At least ten AP courses,Number of public high schools that offer,2022,74
Kentucky,All,At least ten AP courses,Number of public high schools that offer,2021,74
Kentucky,All,At least ten AP courses,Number of public high schools that offer,2020,76
Kentucky,All,At least ten AP courses,Number of public high schools that offer,2019,80
Kentucky,All,At least one AP STEM course,Number of public high schools that offer,2024,154
Kentucky,All,At least one AP STEM course,Number of public high schools that offer,2023,163
Kentucky,All,At least one AP STEM course,Number of public high schools that offer,2022,171
Kentucky,All,At least one AP STEM course,Number of public high schools that offer,2021,168
Kentucky,All,At least one AP STEM course,Number of public high schools that offer,2020,165
Kentucky,All,At least one AP STEM course,Number of public high schools that offer,2019,173
Kentucky,All,At least five AP courses,Percentage of public high schools that offers,2024,0.51
Kentucky,All,At least five AP courses,Percentage of public high schools that offers,2023,0.5
Kentucky,All,At least five AP courses,Percentage of public high schools that offers,2022,0.52
Kentucky,All,At least five AP courses,Percentage of public high schools that offers,2021,0.52
Kentucky,All,At least five AP courses,Percentage of public high schools that offers,2020,0.52
Kentucky,All,At least five AP courses,Percentage of public high schools that offers,2019,0.55
Kentucky,All,At least ten AP courses,Percentage of public high schools that offers,2024,0.31
Kentucky,All,At least ten AP courses,Percentage of public high schools that offers,2023,0.3
Kentucky,All,At least ten AP courses,Percentage of public high schools that offers,2022,0.29
Kentucky,All,At least ten AP courses,Percentage of public high schools that offers,2021,0.29
Kentucky,All,At least ten AP courses,Percentage of public high schools that offers,2020,0.31
Kentucky,All,At least ten AP courses,Percentage of public high schools that offers,2019,0.32
Kentucky,All,At least one AP STEM course,Percentage of public high schools that offers,2024,0.6
Kentucky,All,At least one AP STEM course,Percentage of public high schools that offers,2023,0.64
Kentucky,All,At least one AP STEM course,Percentage of public high schools that offers,2022,0.67
Kentucky,All,At least one AP STEM course,Percentage of public high schools that offers,2021,0.66
Kentucky,All,At least one AP STEM course,Percentage of public high schools that offers,2020,0.67
Kentucky,All,At least one AP STEM course,Percentage of public high schools that offers,2019,0.7
Kentucky,All,At least five AP courses,Percentage of public high school students whose school offers,2024,0.71
Kentucky,All,At least five AP courses,Percentage of public high school students whose school offers,2023,0.7
Kentucky,All,At least five AP courses,Percentage of public high school students whose school offers,2022,0.73
Kentucky,All,At least five AP courses,Percentage of public high school students whose school offers,2021,0.72
Kentucky,All,At least five AP courses,Percentage of public high school students whose school offers,2020,0.71
Kentucky,All,At least five AP courses,Percentage of public high school students whose school offers,2019,0.76
Kentucky,All,At least ten AP courses,Percentage of public high school students whose school offers,2024,0.51
Kentucky,All,At least ten AP courses,Percentage of public high school students whose school offers,2023,0.5
Kentucky,All,At least ten AP courses,Percentage of public high school students whose school offers,2022,0.49
Kentucky,All,At least ten AP courses,Percentage of public high school students whose school offers,2021,0.48
Kentucky,All,At least ten AP courses,Percentage of public high school students whose school offers,2020,0.49
Kentucky,All,At least ten AP courses,Percentage of public high school students whose school offers,2019,0.51
Kentucky,All,At least one AP STEM course,Percentage of public high school students whose school offers,2024,0.79
Kentucky,All,At least one AP STEM course,Percentage of public high school students whose school offers,2023,0.82
Kentucky,All,At least one AP STEM course,Percentage of public high school students whose school offers,2022,0.86
Kentucky,All,At least one AP STEM course,Percentage of public high school students whose school offers,2021,0.85
Kentucky,All,At least one AP STEM course,Percentage of public high school students whose school offers,2020,0.84
Kentucky,All,At least one AP STEM course,Percentage of public high school students whose school offers,2019,0.87
Kentucky,Asian,At least five AP courses,pct_students_school_offers,2024,0.87
Kentucky,Asian,At least five AP courses,pct_students_school_offers,2023,0.87
Kentucky,Asian,At least five AP courses,pct_students_school_offers,2022,0.89
Kentucky,Asian,At least five AP courses,pct_students_school_offers,2021,0.85
Kentucky,Asian,At least five AP courses,pct_students_school_offers,2020,0.82
Kentucky,Asian,At least five AP courses,pct_students_school_offers,2019,0.91
Kentucky,Asian,At least ten AP courses,pct_students_school_offers,2024,0.73
Kentucky,Asian,At least ten AP courses,pct_students_school_offers,2023,0.72
Kentucky,Asian,At least ten AP courses,pct_students_school_offers,2022,0.73
Kentucky,Asian,At least ten AP courses,pct_students_school_offers,2021,0.73
Kentucky,Asian,At least ten AP courses,pct_students_school_offers,2020,0.67
Kentucky,Asian,At least ten AP courses,pct_students_school_offers,2019,0.72
Kentucky,Asian,At least one AP STEM course,pct_students_school_offers,2024,0.91
Kentucky,Asian,At least one AP STEM course,pct_students_school_offers,2023,0.94
Kentucky,Asian,At least one AP STEM course,pct_students_school_offers,2022,0.95
Kentucky,Asian,At least one AP STEM course,pct_students_school_offers,2021,0.92
Kentucky,Asian,At least one AP STEM course,pct_students_school_offers,2020,0.92
Kentucky,Asian,At least one AP STEM course,pct_students_school_offers,2019,0.98
Kentucky,Hispanic/Latino,At least five AP courses,pct_students_school_offers,2024,0.72
Kentucky,Hispanic/Latino,At least five AP courses,pct_students_school_offers,2023,0.74
Kentucky,Hispanic/Latino,At least five AP courses,pct_students_school_offers,2022,0.76
Kentucky,Hispanic/Latino,At least five AP courses,pct_students_school_offers,2021,0.73
Kentucky,Hispanic/Latino,At least five AP courses,pct_students_school_offers,2020,0.74
Kentucky,Hispanic/Latino,At least five AP courses,pct_students_school_offers,2019,0.84
Kentucky,Hispanic/Latino,At least ten AP courses,pct_students_school_offers,2024,0.54
Kentucky,Hispanic/Latino,At least ten AP courses,pct_students_school_offers,2023,0.54
Kentucky,Hispanic/Latino,At least ten AP courses,pct_students_school_offers,2022,0.55
Kentucky,Hispanic/Latino,At least ten AP courses,pct_students_school_offers,2021,0.54
Kentucky,Hispanic/Latino,At least ten AP courses,pct_students_school_offers,2020,0.54
Kentucky,Hispanic/Latino,At least ten AP courses,pct_students_school_offers,2019,0.57
Kentucky,Hispanic/Latino,At least one AP STEM course,pct_students_school_offers,2024,0.78
Kentucky,Hispanic/Latino,At least one AP STEM course,pct_students_school_offers,2023,0.83
Kentucky,Hispanic/Latino,At least one AP STEM course,pct_students_school_offers,2022,0.86
Kentucky,Hispanic/Latino,At least one AP STEM course,pct_students_school_offers,2021,0.85
Kentucky,Hispanic/Latino,At least one AP STEM course,pct_students_school_offers,2020,0.86
Kentucky,Hispanic/Latino,At least one AP STEM course,pct_students_school_offers,2019,0.93
Kentucky,White,At least five AP courses,pct_students_school_offers,2024,0.72
Kentucky,White,At least five AP courses,pct_students_school_offers,2023,0.69
Kentucky,White,At least five AP courses,pct_students_school_offers,2022,0.72
Kentucky,White,At least five AP courses,pct_students_school_offers,2021,0.72
Kentucky,White,At least five AP courses,pct_students_school_offers,2020,0.7
Kentucky,White,At least five AP courses,pct_students_school_offers,2019,0.74
Kentucky,White,At least ten AP courses,pct_students_school_offers,2024,0.5
Kentucky,White,At least ten AP courses,pct_students_school_offers,2023,0.49
Kentucky,White,At least ten AP courses,pct_students_school_offers,2022,0.48
Kentucky,White,At least ten AP courses,pct_students_school_offers,2021,0.47
Kentucky,White,At least ten AP courses,pct_students_school_offers,2020,0.48
Kentucky,White,At least ten AP courses,pct_students_school_offers,2019,0.5
Kentucky,White,At least one AP STEM course,pct_students_school_offers,2024,0.79
Kentucky,White,At least one AP STEM course,pct_students_school_offers,2023,0.81
Kentucky,White,At least one AP STEM course,pct_students_school_offers,2022,0.85
Kentucky,White,At least one AP STEM course,pct_students_school_offers,2021,0.85
Kentucky,White,At least one AP STEM course,pct_students_school_offers,2020,0.84
Kentucky,White,At least one AP STEM course,pct_students_school_offers,2019,0.86
Kentucky,Black or African American,At least five AP courses,pct_students_school_offers,2024,0.65
Kentucky,Black or African American,At least five AP courses,pct_students_school_offers,2023,0.67
Kentucky,Black or African American,At least five AP courses,pct_students_school_offers,2022,0.71
Kentucky,Black or African American,At least five AP courses,pct_students_school_offers,2021,0.7
Kentucky,Black or African American,At least five AP courses,pct_students_school_offers,2020,0.7
Kentucky,Black or African American,At least five AP courses,pct_students_school_offers,2019,0.82
Kentucky,Black or African American,At least ten AP courses,pct_students_school_offers,2024,0.47
Kentucky,Black or African American,At least ten AP courses,pct_students_school_offers,2023,0.48
Kentucky,Black or African American,At least ten AP courses,pct_students_school_offers,2022,0.48
Kentucky,Black or African American,At least ten AP courses,pct_students_school_offers,2021,0.47
Kentucky,Black or African American,At least ten AP courses,pct_students_school_offers,2020,0.47
Kentucky,Black or African American,At least ten AP courses,pct_students_school_offers,2019,0.55
Kentucky,Black or African American,At least one AP STEM course,pct_students_school_offers,2024,0.76
Kentucky,Black or African American,At least one AP STEM course,pct_students_school_offers,2023,0.83
Kentucky,Black or African American,At least one AP STEM course,pct_students_school_offers,2022,0.85
Kentucky,Black or African American,At least one AP STEM course,pct_students_school_offers,2021,0.81
Kentucky,Black or African American,At least one AP STEM course,pct_students_school_offers,2020,0.82
Kentucky,Black or African American,At least one AP STEM course,pct_students_school_offers,2019,0.9
Kentucky,Native American or Alaska Native,At least five AP courses,pct_students_school_offers,2024,0.77
Kentucky,Native American or Alaska Native,At least five AP courses,pct_students_school_offers,2023,0.76
Kentucky,Native American or Alaska Native,At least five AP courses,pct_students_school_offers,2022,0.77
Kentucky,Native American or Alaska Native,At least five AP courses,pct_students_school_offers,2021,0.75
Kentucky,Native American or Alaska Native,At least five AP courses,pct_students_school_offers,2020,0.77
Kentucky,Native American or Alaska Native,At least five AP courses,pct_students_school_offers,2019,0.82
Kentucky,Native American or Alaska Native,At least ten AP courses,pct_students_school_offers,2024,0.6
Kentucky,Native American or Alaska Native,At least ten AP courses,pct_students_school_offers,2023,0.57
Kentucky,Native American or Alaska Native,At least ten AP courses,pct_students_school_offers,2022,0.56
Kentucky,Native American or Alaska Native,At least ten AP courses,pct_students_school_offers,2021,0.53
Kentucky,Native American or Alaska Native,At least ten AP courses,pct_students_school_offers,2020,0.55
Kentucky,Native American or Alaska Native,At least ten AP courses,pct_students_school_offers,2019,0.54
Kentucky,Native American or Alaska Native,At least one AP STEM course,pct_students_school_offers,2024,0.84
Kentucky,Native American or Alaska Native,At least one AP STEM course,pct_students_school_offers,2023,0.84
Kentucky,Native American or Alaska Native,At least one AP STEM course,pct_students_school_offers,2022,0.89
Kentucky,Native American or Alaska Native,At least one AP STEM course,pct_students_school_offers,2021,0.87
Kentucky,Native American or Alaska Native,At least one AP STEM course,pct_students_school_offers,2020,0.91
Kentucky,Native American or Alaska Native,At least one AP STEM course,pct_students_school_offers,2019,0.93
Kentucky,Native Hawaiian or other Pacific Islander,At least five AP courses,pct_students_school_offers,2024,0.78
Kentucky,Native Hawaiian or other Pacific Islander,At least five AP courses,pct_students_school_offers,2023,0.74
Kentucky,Native Hawaiian or other Pacific Islander,At least five AP courses,pct_students_school_offers,2022,0.77
Kentucky,Native Hawaiian or other Pacific Islander,At least five AP courses,pct_students_school_offers,2021,0.7
Kentucky,Native Hawaiian or other Pacific Islander,At least five AP courses,pct_students_school_offers,2020,0.73
Kentucky,Native Hawaiian or other Pacific Islander,At least five AP courses,pct_students_school_offers,2019,0.74
Kentucky,Native Hawaiian or other Pacific Islander,At least ten AP courses,pct_students_school_offers,2024,0.54
Kentucky,Native Hawaiian or other Pacific Islander,At least ten AP courses,pct_students_school_offers,2023,0.55
Kentucky,Native Hawaiian or other Pacific Islander,At least ten AP courses,pct_students_school_offers,2022,0.53
Kentucky,Native Hawaiian or other Pacific Islander,At least ten AP courses,pct_students_school_offers,2021,0.54
Kentucky,Native Hawaiian or other Pacific Islander,At least ten AP courses,pct_students_school_offers,2020,0.55
Kentucky,Native Hawaiian or other Pacific Islander,At least ten AP courses,pct_students_school_offers,2019,0.58
Kentucky,Native Hawaiian or other Pacific Islander,At least one AP STEM course,pct_students_school_offers,2024,0.83
Kentucky,Native Hawaiian or other Pacific Islander,At least one AP STEM course,pct_students_school_offers,2023,0.88
Kentucky,Native Hawaiian or other Pacific Islander,At least one AP STEM course,pct_students_school_offers,2022,0.88
Kentucky,Native Hawaiian or other Pacific Islander,At least one AP STEM course,pct_students_school_offers,2021,0.83
Kentucky,Native Hawaiian or other Pacific Islander,At least one AP STEM course,pct_students_school_offers,2020,0.91
Kentucky,Native Hawaiian or other Pacific Islander,At least one AP STEM course,pct_students_school_offers,2019,0.95
Kentucky,Two or More Races,At least five AP courses,pct_students_school_offers,2024,0.75
Kentucky,Two or More Races,At least five AP courses,pct_students_school_offers,2023,0.73
Kentucky,Two or More Races,At least five AP courses,pct_students_school_offers,2022,0.76
Kentucky,Two or More Races,At least five AP courses,pct_students_school_offers,2021,0.74
Kentucky,Two or More Races,At least five AP courses,pct_students_school_offers,2020,0.74
Kentucky,Two or More Races,At least five AP courses,pct_students_school_offers,2019,0.79
Kentucky,Two or More Races,At least ten AP courses,pct_students_school_offers,2024,0.56
Kentucky,Two or More Races,At least ten AP courses,pct_students_school_offers,2023,0.55
Kentucky,Two or More Races,At least ten AP courses,pct_students_school_offers,2022,0.54
Kentucky,Two or More Races,At least ten AP courses,pct_students_school_offers,2021,0.56
Kentucky,Two or More Races,At least ten AP courses,pct_students_school_offers,2020,0.54
Kentucky,Two or More Races,At least ten AP courses,pct_students_school_offers,2019,0.58
Kentucky,Two or More Races,At least one AP STEM course,pct_students_school_offers,2024,0.81
Kentucky,Two or More Races,At least one AP STEM course,pct_students_school_offers,2023,0.84
Kentucky,Two or More Races,At least one AP STEM course,pct_students_school_offers,2022,0.86
Kentucky,Two or More Races,At least one AP STEM course,pct_students_school_offers,2021,0.86
Kentucky,Two or More Races,At least one AP STEM course,pct_students_school_offers,2020,0.87
Kentucky,Two or More Races,At least one AP STEM course,pct_students_school_offers,2019,0.9
Louisiana,All,At least five AP courses,Number of public high schools that offer,2024,76
Louisiana,All,At least five AP courses,Number of public high schools that offer,2023,81
Louisiana,All,At least five AP courses,Number of public high schools that offer,2022,75
Louisiana,All,At least five AP courses,Number of public high schools that offer,2021,86
Louisiana,All,At least five AP courses,Number of public high schools that offer,2020,92
Louisiana,All,At least five AP courses,Number of public high schools that offer,2019,90
Louisiana,All,At least ten AP courses,Number of public high schools that offer,2024,34
Louisiana,All,At least ten AP courses,Number of public high schools that offer,2023,39
Louisiana,All,At least ten AP courses,Number of public high schools that offer,2022,33
Louisiana,All,At least ten AP courses,Number of public high schools that offer,2021,33
Louisiana,All,At least ten AP courses,Number of public high schools that offer,2020,35
Louisiana,All,At least ten AP courses,Number of public high schools that offer,2019,33
Louisiana,All,At least one AP STEM course,Number of public high schools that offer,2024,92
Louisiana,All,At least one AP STEM course,Number of public high schools that offer,2023,103
Louisiana,All,At least one AP STEM course,Number of public high schools that offer,2022,110
Louisiana,All,At least one AP STEM course,Number of public high schools that offer,2021,110
Louisiana,All,At least one AP STEM course,Number of public high schools that offer,2020,116
Louisiana,All,At least one AP STEM course,Number of public high schools that offer,2019,115
Louisiana,All,At least five AP courses,Percentage of public high schools that offers,2024,0.22
Louisiana,All,At least five AP courses,Percentage of public high schools that offers,2023,0.26
Louisiana,All,At least five AP courses,Percentage of public high schools that offers,2022,0.25
Louisiana,All,At least five AP courses,Percentage of public high schools that offers,2021,0.28
Louisiana,All,At least five AP courses,Percentage of public high schools that offers,2020,0.31
Louisiana,All,At least five AP courses,Percentage of public high schools that offers,2019,0.3
Louisiana,All,At least ten AP courses,Percentage of public high schools that offers,2024,0.1
Louisiana,All,At least ten AP courses,Percentage of public high schools that offers,2023,0.13
Louisiana,All,At least ten AP courses,Percentage of public high schools that offers,2022,0.11
Louisiana,All,At least ten AP courses,Percentage of public high schools that offers,2021,0.11
Louisiana,All,At least ten AP courses,Percentage of public high schools that offers,2020,0.12
Louisiana,All,At least ten AP courses,Percentage of public high schools that offers,2019,0.11
Louisiana,All,At least one AP STEM course,Percentage of public high schools that offers,2024,0.27
Louisiana,All,At least one AP STEM course,Percentage of public high schools that offers,2023,0.33
Louisiana,All,At least one AP STEM course,Percentage of public high schools that offers,2022,0.36
Louisiana,All,At least one AP STEM course,Percentage of public high schools that offers,2021,0.36
Louisiana,All,At least one AP STEM course,Percentage of public high schools that offers,2020,0.39
Louisiana,All,At least one AP STEM course,Percentage of public high schools that offers,2019,0.38
Louisiana,All,At least five AP courses,Percentage of public high school students whose school offers,2024,0.41
Louisiana,All,At least five AP courses,Percentage of public high school students whose school offers,2023,0.47
Louisiana,All,At least five AP courses,Percentage of public high school students whose school offers,2022,0.44
Louisiana,All,At least five AP courses,Percentage of public high school students whose school offers,2021,0.49
Louisiana,All,At least five AP courses,Percentage of public high school students whose school offers,2020,0.5
Louisiana,All,At least five AP courses,Percentage of public high school students whose school offers,2019,0.51
Louisiana,All,At least ten AP courses,Percentage of public high school students whose school offers,2024,0.25
Louisiana,All,At least ten AP courses,Percentage of public high school students whose school offers,2023,0.29
Louisiana,All,At least ten AP courses,Percentage of public high school students whose school offers,2022,0.26
Louisiana,All,At least ten AP courses,Percentage of public high school students whose school offers,2021,0.25
Louisiana,All,At least ten AP courses,Percentage of public high school students whose school offers,2020,0.25
Louisiana,All,At least ten AP courses,Percentage of public high school students whose school offers,2019,0.24
Louisiana,All,At least one AP STEM course,Percentage of public high school students whose school offers,2024,0.45
Louisiana,All,At least one AP STEM course,Percentage of public high school students whose school offers,2023,0.52
Louisiana,All,At least one AP STEM course,Percentage of public high school students whose school offers,2022,0.58
Louisiana,All,At least one AP STEM course,Percentage of public high school students whose school offers,2021,0.56
Louisiana,All,At least one AP STEM course,Percentage of public high school students whose school offers,2020,0.55
Louisiana,All,At least one AP STEM course,Percentage of public high school students whose school offers,2019,0.58
Louisiana,Asian,At least five AP courses,pct_students_school_offers,2024,0.6
Louisiana,Asian,At least five AP courses,pct_students_school_offers,2023,0.64
Louisiana,Asian,At least five AP courses,pct_students_school_offers,2022,0.63
Louisiana,Asian,At least five AP courses,pct_students_school_offers,2021,0.68
Louisiana,Asian,At least five AP courses,pct_students_school_offers,2020,0.62
Louisiana,Asian,At least five AP courses,pct_students_school_offers,2019,0.66
Louisiana,Asian,At least ten AP courses,pct_students_school_offers,2024,0.48
Louisiana,Asian,At least ten AP courses,pct_students_school_offers,2023,0.51
Louisiana,Asian,At least ten AP courses,pct_students_school_offers,2022,0.45
Louisiana,Asian,At least ten AP courses,pct_students_school_offers,2021,0.47
Louisiana,Asian,At least ten AP courses,pct_students_school_offers,2020,0.43
Louisiana,Asian,At least ten AP courses,pct_students_school_offers,2019,0.43
Louisiana,Asian,At least one AP STEM course,pct_students_school_offers,2024,0.62
Louisiana,Asian,At least one AP STEM course,pct_students_school_offers,2023,0.65
Louisiana,Asian,At least one AP STEM course,pct_students_school_offers,2022,0.74
Louisiana,Asian,At least one AP STEM course,pct_students_school_offers,2021,0.74
Louisiana,Asian,At least one AP STEM course,pct_students_school_offers,2020,0.66
Louisiana,Asian,At least one AP STEM course,pct_students_school_offers,2019,0.71
Louisiana,Hispanic/Latino,At least five AP courses,pct_students_school_offers,2024,0.43
Louisiana,Hispanic/Latino,At least five AP courses,pct_students_school_offers,2023,0.51
Louisiana,Hispanic/Latino,At least five AP courses,pct_students_school_offers,2022,0.52
Louisiana,Hispanic/Latino,At least five AP courses,pct_students_school_offers,2021,0.56
Louisiana,Hispanic/Latino,At least five AP courses,pct_students_school_offers,2020,0.49
Louisiana,Hispanic/Latino,At least five AP courses,pct_students_school_offers,2019,0.55
Louisiana,Hispanic/Latino,At least ten AP courses,pct_students_school_offers,2024,0.22
Louisiana,Hispanic/Latino,At least ten AP courses,pct_students_school_offers,2023,0.31
Louisiana,Hispanic/Latino,At least ten AP courses,pct_students_school_offers,2022,0.24
Louisiana,Hispanic/Latino,At least ten AP courses,pct_students_school_offers,2021,0.23
Louisiana,Hispanic/Latino,At least ten AP courses,pct_students_school_offers,2020,0.3
Louisiana,Hispanic/Latino,At least ten AP courses,pct_students_school_offers,2019,0.3
Louisiana,Hispanic/Latino,At least one AP STEM course,pct_students_school_offers,2024,0.43
Louisiana,Hispanic/Latino,At least one AP STEM course,pct_students_school_offers,2023,0.55
Louisiana,Hispanic/Latino,At least one AP STEM course,pct_students_school_offers,2022,0.68
Louisiana,Hispanic/Latino,At least one AP STEM course,pct_students_school_offers,2021,0.65
Louisiana,Hispanic/Latino,At least one AP STEM course,pct_students_school_offers,2020,0.54
Louisiana,Hispanic/Latino,At least one AP STEM course,pct_students_school_offers,2019,0.62
Louisiana,White,At least five AP courses,pct_students_school_offers,2024,0.46
Louisiana,White,At least five AP courses,pct_students_school_offers,2023,0.51
Louisiana,White,At least five AP courses,pct_students_school_offers,2022,0.49
Louisiana,White,At least five AP courses,pct_students_school_offers,2021,0.54
Louisiana,White,At least five AP courses,pct_students_school_offers,2020,0.52
Louisiana,White,At least five AP courses,pct_students_school_offers,2019,0.56
Louisiana,White,At least ten AP courses,pct_students_school_offers,2024,0.31
Louisiana,White,At least ten AP courses,pct_students_school_offers,2023,0.36
Louisiana,White,At least ten AP courses,pct_students_school_offers,2022,0.31
Louisiana,White,At least ten AP courses,pct_students_school_offers,2021,0.3
Louisiana,White,At least ten AP courses,pct_students_school_offers,2020,0.3
Louisiana,White,At least ten AP courses,pct_students_school_offers,2019,0.27
Louisiana,White,At least one AP STEM course,pct_students_school_offers,2024,0.51
Louisiana,White,At least one AP STEM course,pct_students_school_offers,2023,0.56
Louisiana,White,At least one AP STEM course,pct_students_school_offers,2022,0.59
Louisiana,White,At least one AP STEM course,pct_students_school_offers,2021,0.58
Louisiana,White,At least one AP STEM course,pct_students_school_offers,2020,0.58
Louisiana,White,At least one AP STEM course,pct_students_school_offers,2019,0.65
Louisiana,Black or African American,At least five AP courses,pct_students_school_offers,2024,0.35
Louisiana,Black or African American,At least five AP courses,pct_students_school_offers,2023,0.4
Louisiana,Black or African American,At least five AP courses,pct_students_school_offers,2022,0.36
Louisiana,Black or African American,At least five AP courses,pct_students_school_offers,2021,0.43
Louisiana,Black or African American,At least five AP courses,pct_students_school_offers,2020,0.47
Louisiana,Black or African American,At least five AP courses,pct_students_school_offers,2019,0.44
Louisiana,Black or African American,At least ten AP courses,pct_students_school_offers,2024,0.18
Louisiana,Black or African American,At least ten AP courses,pct_students_school_offers,2023,0.2
Louisiana,Black or African American,At least ten AP courses,pct_students_school_offers,2022,0.19
Louisiana,Black or African American,At least ten AP courses,pct_students_school_offers,2021,0.2
Louisiana,Black or African American,At least ten AP courses,pct_students_school_offers,2020,0.19
Louisiana,Black or African American,At least ten AP courses,pct_students_school_offers,2019,0.19
Louisiana,Black or African American,At least one AP STEM course,pct_students_school_offers,2024,0.38
Louisiana,Black or African American,At least one AP STEM course,pct_students_school_offers,2023,0.47
Louisiana,Black or African American,At least one AP STEM course,pct_students_school_offers,2022,0.54
Louisiana,Black or African American,At least one AP STEM course,pct_students_school_offers,2021,0.52
Louisiana,Black or African American,At least one AP STEM course,pct_students_school_offers,2020,0.52
Louisiana,Black or African American,At least one AP STEM course,pct_students_school_offers,2019,0.51
Louisiana,Native American or Alaska Native,At least five AP courses,pct_students_school_offers,2024,0.19
Louisiana,Native American or Alaska Native,At least five AP courses,pct_students_school_offers,2023,0.2
Louisiana,Native American or Alaska Native,At least five AP courses,pct_students_school_offers,2022,0.18
Louisiana,Native American or Alaska Native,At least five AP courses,pct_students_school_offers,2021,0.21
Louisiana,Native American or Alaska Native,At least five AP courses,pct_students_school_offers,2020,0.27
Louisiana,Native American or Alaska Native,At least five AP courses,pct_students_school_offers,2019,0.28
Louisiana,Native American or Alaska Native,At least ten AP courses,pct_students_school_offers,2024,0.11
Louisiana,Native American or Alaska Native,At least ten AP courses,pct_students_school_offers,2023,0.12
Louisiana,Native American or Alaska Native,At least ten AP courses,pct_students_school_offers,2022,0.11
Louisiana,Native American or Alaska Native,At least ten AP courses,pct_students_school_offers,2021,0.1
Louisiana,Native American or Alaska Native,At least ten AP courses,pct_students_school_offers,2020,0.1
Louisiana,Native American or Alaska Native,At least ten AP courses,pct_students_school_offers,2019,0.09
Louisiana,Native American or Alaska Native,At least one AP STEM course,pct_students_school_offers,2024,0.3
Louisiana,Native American or Alaska Native,At least one AP STEM course,pct_students_school_offers,2023,0.33
Louisiana,Native American or Alaska Native,At least one AP STEM course,pct_students_school_offers,2022,0.36
Louisiana,Native American or Alaska Native,At least one AP STEM course,pct_students_school_offers,2021,0.32
Louisiana,Native American or Alaska Native,At least one AP STEM course,pct_students_school_offers,2020,0.41
Louisiana,Native American or Alaska Native,At least one AP STEM course,pct_students_school_offers,2019,0.43
Louisiana,Native Hawaiian or other Pacific Islander,At least five AP courses,pct_students_school_offers,2024,0.49
Louisiana,Native Hawaiian or other Pacific Islander,At least five AP courses,pct_students_school_offers,2023,0.65
Louisiana,Native Hawaiian or other Pacific Islander,At least five AP courses,pct_students_school_offers,2022,0.66
Louisiana,Native Hawaiian or other Pacific Islander,At least five AP courses,pct_students_school_offers,2021,0.69
Louisiana,Native Hawaiian or other Pacific Islander,At least five AP courses,pct_students_school_offers,2020,0.67
Louisiana,Native Hawaiian or other Pacific Islander,At least five AP courses,pct_students_school_offers,2019,0.74
Louisiana,Native Hawaiian or other Pacific Islander,At least ten AP courses,pct_students_school_offers,2024,0.36
Louisiana,Native Hawaiian or other Pacific Islander,At least ten AP courses,pct_students_school_offers,2023,0.4
Louisiana,Native Hawaiian or other Pacific Islander,At least ten AP courses,pct_students_school_offers,2022,0.39
Louisiana,Native Hawaiian or other Pacific Islander,At least ten AP courses,pct_students_school_offers,2021,0.35
Louisiana,Native Hawaiian or other Pacific Islander,At least ten AP courses,pct_students_school_offers,2020,0.38
Louisiana,Native Hawaiian or other Pacific Islander,At least ten AP courses,pct_students_school_offers,2019,0.4
Louisiana,Native Hawaiian or other Pacific Islander,At least one AP STEM course,pct_students_school_offers,2024,0.59
Louisiana,Native Hawaiian or other Pacific Islander,At least one AP STEM course,pct_students_school_offers,2023,0.73
Louisiana,Native Hawaiian or other Pacific Islander,At least one AP STEM course,pct_students_school_offers,2022,0.75
Louisiana,Native Hawaiian or other Pacific Islander,At least one AP STEM course,pct_students_school_offers,2021,0.77
Louisiana,Native Hawaiian or other Pacific Islander,At least one AP STEM course,pct_students_school_offers,2020,0.7
Louisiana,Native Hawaiian or other Pacific Islander,At least one AP STEM course,pct_students_school_offers,2019,0.78
Louisiana,Two or More Races,At least five AP courses,pct_students_school_offers,2024,0.38
Louisiana,Two or More Races,At least five AP courses,pct_students_school_offers,2023,0.44
Louisiana,Two or More Races,At least five AP courses,pct_students_school_offers,2022,0.4
Louisiana,Two or More Races,At least five AP courses,pct_students_school_offers,2021,0.45
Louisiana,Two or More Races,At least five AP courses,pct_students_school_offers,2020,0.5
Louisiana,Two or More Races,At least five AP courses,pct_students_school_offers,2019,0.52
Louisiana,Two or More Races,At least ten AP courses,pct_students_school_offers,2024,0.24
Louisiana,Two or More Races,At least ten AP courses,pct_students_school_offers,2023,0.27
Louisiana,Two or More Races,At least ten AP courses,pct_students_school_offers,2022,0.25
Louisiana,Two or More Races,At least ten AP courses,pct_students_school_offers,2021,0.23
Louisiana,Two or More Races,At least ten AP courses,pct_students_school_offers,2020,0.29
Louisiana,Two or More Races,At least ten AP courses,pct_students_school_offers,2019,0.28
Louisiana,Two or More Races,At least one AP STEM course,pct_students_school_offers,2024,0.45
Louisiana,Two or More Races,At least one AP STEM course,pct_students_school_offers,2023,0.5
Louisiana,Two or More Races,At least one AP STEM course,pct_students_school_offers,2022,0.52
Louisiana,Two or More Races,At least one AP STEM course,pct_students_school_offers,2021,0.55
Louisiana,Two or More Races,At least one AP STEM course,pct_students_school_offers,2020,0.56
Louisiana,Two or More Races,At least one AP STEM course,pct_students_school_offers,2019,0.59
Maine,All,At least five AP courses,Number of public high schools that offer,2024,67
Maine,All,At least five AP courses,Number of public high schools that offer,2023,65
Maine,All,At least five AP courses,Number of public high schools that offer,2022,65
Maine,All,At least five AP courses,Number of public high schools that offer,2021,62
Maine,All,At least five AP courses,Number of public high schools that offer,2020,62
Maine,All,At least five AP courses,Number of public high schools that offer,2019,65
Maine,All,At least ten AP courses,Number of public high schools that offer,2024,48
Maine,All,At least ten AP courses,Number of public high schools that offer,2023,41
Maine,All,At least ten AP courses,Number of public high schools that offer,2022,36
Maine,All,At least ten AP courses,Number of public high schools that offer,2021,39
Maine,All,At least ten AP courses,Number of public high schools that offer,2020,33
Maine,All,At least ten AP courses,Number of public high schools that offer,2019,38
Maine,All,At least one AP STEM course,Number of public high schools that offer,2024,83
Maine,All,At least one AP STEM course,Number of public high schools that offer,2023,75
Maine,All,At least one AP STEM course,Number of public high schools that offer,2022,78
Maine,All,At least one AP STEM course,Number of public high schools that offer,2021,78
Maine,All,At least one AP STEM course,Number of public high schools that offer,2020,79
Maine,All,At least one AP STEM course,Number of public high schools that offer,2019,77
Maine,All,At least five AP courses,Percentage of public high schools that offers,2024,0.54
Maine,All,At least five AP courses,Percentage of public high schools that offers,2023,0.57
Maine,All,At least five AP courses,Percentage of public high schools that offers,2022,0.58
Maine,All,At least five AP courses,Percentage of public high schools that offers,2021,0.55
Maine,All,At least five AP courses,Percentage of public high schools that offers,2020,0.54
Maine,All,At least five AP courses,Percentage of public high schools that offers,2019,0.57
Maine,All,At least ten AP courses,Percentage of public high schools that offers,2024,0.39
Maine,All,At least ten AP courses,Percentage of public high schools that offers,2023,0.36
Maine,All,At least ten AP courses,Percentage of public high schools that offers,2022,0.32
Maine,All,At least ten AP courses,Percentage of public high schools that offers,2021,0.35
Maine,All,At least ten AP courses,Percentage of public high schools that offers,2020,0.29
Maine,All,At least ten AP courses,Percentage of public high schools that offers,2019,0.33
Maine,All,At least one AP STEM course,Percentage of public high schools that offers,2024,0.67
Maine,All,At least one AP STEM course,Percentage of public high schools that offers,2023,0.66
Maine,All,At least one AP STEM course,Percentage of public high schools that offers,2022,0.69
Maine,All,At least one AP STEM course,Percentage of public high schools that offers,2021,0.69
Maine,All,At least one AP STEM course,Percentage of public high schools that offers,2020,0.69
Maine,All,At least one AP STEM course,Percentage of public high schools that offers,2019,0.68
Maine,All,At least five AP courses,Percentage of public high school students whose school offers,2024,0.81
Maine,All,At least five AP courses,Percentage of public high school students whose school offers,2023,0.82
Maine,All,At least five AP courses,Percentage of public high school students whose school offers,2022,0.83
Maine,All,At least five AP courses,Percentage of public high school students whose school offers,2021,0.81
Maine,All,At least five AP courses,Percentage of public high school students whose school offers,2020,0.8
Maine,All,At least five AP courses,Percentage of public high school students whose school offers,2019,0.82
Maine,All,At least ten AP courses,Percentage of public high school students whose school offers,2024,0.66
Maine,All,At least ten AP courses,Percentage of public high school students whose school offers,2023,0.61
Maine,All,At least ten AP courses,Percentage of public high school students whose school offers,2022,0.55
Maine,All,At least ten AP courses,Percentage of public high school students whose school offers,2021,0.6
Maine,All,At least ten AP courses,Percentage of public high school students whose school offers,2020,0.5
Maine,All,At least ten AP courses,Percentage of public high school students whose school offers,2019,0.57
Maine,All,At least one AP STEM course,Percentage of public high school students whose school offers,2024,0.87
Maine,All,At least one AP STEM course,Percentage of public high school students whose school offers,2023,0.86
Maine,All,At least one AP STEM course,Percentage of public high school students whose school offers,2022,0.89
Maine,All,At least one AP STEM course,Percentage of public high school students whose school offers,2021,0.9
Maine,All,At least one AP STEM course,Percentage of public high school students whose school offers,2020,0.89
Maine,All,At least one AP STEM course,Percentage of public high school students whose school offers,2019,0.89
Maine,Asian,At least five AP courses,pct_students_school_offers,2024,0.91
Maine,Asian,At least five AP courses,pct_students_school_offers,2023,0.88
Maine,Asian,At least five AP courses,pct_students_school_offers,2022,0.93
Maine,Asian,At least five AP courses,pct_students_school_offers,2021,0.88
Maine,Asian,At least five AP courses,pct_students_school_offers,2020,0.93
Maine,Asian,At least five AP courses,pct_students_school_offers,2019,0.92
Maine,Asian,At least ten AP courses,pct_students_school_offers,2024,0.8
Maine,Asian,At least ten AP courses,pct_students_school_offers,2023,0.8
Maine,Asian,At least ten AP courses,pct_students_school_offers,2022,0.74
Maine,Asian,At least ten AP courses,pct_students_school_offers,2021,0.78
Maine,Asian,At least ten AP courses,pct_students_school_offers,2020,0.68
Maine,Asian,At least ten AP courses,pct_students_school_offers,2019,0.76
Maine,Asian,At least one AP STEM course,pct_students_school_offers,2024,0.93
Maine,Asian,At least one AP STEM course,pct_students_school_offers,2023,0.92
Maine,Asian,At least one AP STEM course,pct_students_school_offers,2022,0.95
Maine,Asian,At least one AP STEM course,pct_students_school_offers,2021,0.96
Maine,Asian,At least one AP STEM course,pct_students_school_offers,2020,0.96
Maine,Asian,At least one AP STEM course,pct_students_school_offers,2019,0.97
Maine,Hispanic/Latino,At least five AP courses,pct_students_school_offers,2024,0.85
Maine,Hispanic/Latino,At least five AP courses,pct_students_school_offers,2023,0.83
Maine,Hispanic/Latino,At least five AP courses,pct_students_school_offers,2022,0.88
Maine,Hispanic/Latino,At least five AP courses,pct_students_school_offers,2021,0.85
Maine,Hispanic/Latino,At least five AP courses,pct_students_school_offers,2020,0.86
Maine,Hispanic/Latino,At least five AP courses,pct_students_school_offers,2019,0.85
Maine,Hispanic/Latino,At least ten AP courses,pct_students_school_offers,2024,0.69
Maine,Hispanic/Latino,At least ten AP courses,pct_students_school_offers,2023,0.67
Maine,Hispanic/Latino,At least ten AP courses,pct_students_school_offers,2022,0.62
Maine,Hispanic/Latino,At least ten AP courses,pct_students_school_offers,2021,0.64
Maine,Hispanic/Latino,At least ten AP courses,pct_students_school_offers,2020,0.59
Maine,Hispanic/Latino,At least ten AP courses,pct_students_school_offers,2019,0.64
Maine,Hispanic/Latino,At least one AP STEM course,pct_students_school_offers,2024,0.88
Maine,Hispanic/Latino,At least one AP STEM course,pct_students_school_offers,2023,0.88
Maine,Hispanic/Latino,At least one AP STEM course,pct_students_school_offers,2022,0.9
Maine,Hispanic/Latino,At least one AP STEM course,pct_students_school_offers,2021,0.93
Maine,Hispanic/Latino,At least one AP STEM course,pct_students_school_offers,2020,0.9
Maine,Hispanic/Latino,At least one AP STEM course,pct_students_school_offers,2019,0.92
Maine,White,At least five AP courses,pct_students_school_offers,2024,0.8
Maine,White,At least five AP courses,pct_students_school_offers,2023,0.81
Maine,White,At least five AP courses,pct_students_school_offers,2022,0.83
Maine,White,At least five AP courses,pct_students_school_offers,2021,0.81
Maine,White,At least five AP courses,pct_students_school_offers,2020,0.8
Maine,White,At least five AP courses,pct_students_school_offers,2019,0.81
Maine,White,At least ten AP courses,pct_students_school_offers,2024,0.64
Maine,White,At least ten AP courses,pct_students_school_offers,2023,0.6
Maine,White,At least ten AP courses,pct_students_school_offers,2022,0.53
Maine,White,At least ten AP courses,pct_students_school_offers,2021,0.58
Maine,White,At least ten AP courses,pct_students_school_offers,2020,0.48
Maine,White,At least ten AP courses,pct_students_school_offers,2019,0.56
Maine,White,At least one AP STEM course,pct_students_school_offers,2024,0.86
Maine,White,At least one AP STEM course,pct_students_school_offers,2023,0.85
Maine,White,At least one AP STEM course,pct_students_school_offers,2022,0.88
Maine,White,At least one AP STEM course,pct_students_school_offers,2021,0.9
Maine,White,At least one AP STEM course,pct_students_school_offers,2020,0.88
Maine,White,At least one AP STEM course,pct_students_school_offers,2019,0.89
Maine,Black or African American,At least five AP courses,pct_students_school_offers,2024,0.96
Maine,Black or African American,At least five AP courses,pct_students_school_offers,2023,0.9
Maine,Black or African American,At least five AP courses,pct_students_school_offers,2022,0.96
Maine,Black or African American,At least five AP courses,pct_students_school_offers,2021,0.9
Maine,Black or African American,At least five AP courses,pct_students_school_offers,2020,0.94
Maine,Black or African American,At least five AP courses,pct_students_school_offers,2019,0.9
Maine,Black or African American,At least ten AP courses,pct_students_school_offers,2024,0.85
Maine,Black or African American,At least ten AP courses,pct_students_school_offers,2023,0.84
Maine,Black or African American,At least ten AP courses,pct_students_school_offers,2022,0.8
Maine,Black or African American,At least ten AP courses,pct_students_school_offers,2021,0.82
Maine,Black or African American,At least ten AP courses,pct_students_school_offers,2020,0.7
Maine,Black or African American,At least ten AP courses,pct_students_school_offers,2019,0.77
Maine,Black or African American,At least one AP STEM course,pct_students_school_offers,2024,0.96
Maine,Black or African American,At least one AP STEM course,pct_students_school_offers,2023,0.95
Maine,Black or African American,At least one AP STEM course,pct_students_school_offers,2022,0.97
Maine,Black or African American,At least one AP STEM course,pct_students_school_offers,2021,0.98
Maine,Black or African American,At least one AP STEM course,pct_students_school_offers,2020,0.97
Maine,Black or African American,At least one AP STEM course,pct_students_school_offers,2019,0.97
Maine,Native American or Alaska Native,At least five AP courses,pct_students_school_offers,2024,0.6
Maine,Native American or Alaska Native,At least five AP courses,pct_students_school_offers,2023,0.52
Maine,Native American or Alaska Native,At least five AP courses,pct_students_school_offers,2022,0.47
Maine,Native American or Alaska Native,At least five AP courses,pct_students_school_offers,2021,0.41
Maine,Native American or Alaska Native,At least five AP courses,pct_students_school_offers,2020,0.61
Maine,Native American or Alaska Native,At least five AP courses,pct_students_school_offers,2019,0.69
Maine,Native American or Alaska Native,At least ten AP courses,pct_students_school_offers,2024,0.48
Maine,Native American or Alaska Native,At least ten AP courses,pct_students_school_offers,2023,0.33
Maine,Native American or Alaska Native,At least ten AP courses,pct_students_school_offers,2022,0.25
Maine,Native American or Alaska Native,At least ten AP courses,pct_students_school_offers,2021,0.26
Maine,Native American or Alaska Native,At least ten AP courses,pct_students_school_offers,2020,0.31
Maine,Native American or Alaska Native,At least ten AP courses,pct_students_school_offers,2019,0.39
Maine,Native American or Alaska Native,At least one AP STEM course,pct_students_school_offers,2024,0.65
Maine,Native American or Alaska Native,At least one AP STEM course,pct_students_school_offers,2023,0.53
Maine,Native American or Alaska Native,At least one AP STEM course,pct_students_school_offers,2022,0.68
Maine,Native American or Alaska Native,At least one AP STEM course,pct_students_school_offers,2021,0.57
Maine,Native American or Alaska Native,At least one AP STEM course,pct_students_school_offers,2020,0.75
Maine,Native American or Alaska Native,At least one AP STEM course,pct_students_school_offers,2019,0.76
Maine,Native Hawaiian or other Pacific Islander,At least five AP courses,pct_students_school_offers,2024,0.82
Maine,Native Hawaiian or other Pacific Islander,At least five AP courses,pct_students_school_offers,2023,0.77
Maine,Native Hawaiian or other Pacific Islander,At least five AP courses,pct_students_school_offers,2022,0.58
Maine,Native Hawaiian or other Pacific Islander,At least five AP courses,pct_students_school_offers,2021,0.58
Maine,Native Hawaiian or other Pacific Islander,At least five AP courses,pct_students_school_offers,2020,0.71
Maine,Native Hawaiian or other Pacific Islander,At least five AP courses,pct_students_school_offers,2019,0.79
Maine,Native Hawaiian or other Pacific Islander,At least ten AP courses,pct_students_school_offers,2024,0.73
Maine,Native Hawaiian or other Pacific Islander,At least ten AP courses,pct_students_school_offers,2023,0.64
Maine,Native Hawaiian or other Pacific Islander,At least ten AP courses,pct_students_school_offers,2022,0.45
Maine,Native Hawaiian or other Pacific Islander,At least ten AP courses,pct_students_school_offers,2021,0.45
Maine,Native Hawaiian or other Pacific Islander,At least ten AP courses,pct_students_school_offers,2020,0.48
Maine,Native Hawaiian or other Pacific Islander,At least ten AP courses,pct_students_school_offers,2019,0.54
Maine,Native Hawaiian or other Pacific Islander,At least one AP STEM course,pct_students_school_offers,2024,0.87
Maine,Native Hawaiian or other Pacific Islander,At least one AP STEM course,pct_students_school_offers,2023,0.77
Maine,Native Hawaiian or other Pacific Islander,At least one AP STEM course,pct_students_school_offers,2022,0.79
Maine,Native Hawaiian or other Pacific Islander,At least one AP STEM course,pct_students_school_offers,2021,0.76
Maine,Native Hawaiian or other Pacific Islander,At least one AP STEM course,pct_students_school_offers,2020,0.88
Maine,Native Hawaiian or other Pacific Islander,At least one AP STEM course,pct_students_school_offers,2019,0.88
Maine,Two or More Races,At least five AP courses,pct_students_school_offers,2024,0.85
Maine,Two or More Races,At least five AP courses,pct_students_school_offers,2023,0.84
Maine,Two or More Races,At least five AP courses,pct_students_school_offers,2022,0.88
Maine,Two or More Races,At least five AP courses,pct_students_school_offers,2021,0.86
Maine,Two or More Races,At least five AP courses,pct_students_school_offers,2020,0.91
Maine,Two or More Races,At least five AP courses,pct_students_school_offers,2019,0.9
Maine,Two or More Races,At least ten AP courses,pct_students_school_offers,2024,0.7
Maine,Two or More Races,At least ten AP courses,pct_students_school_offers,2023,0.65
Maine,Two or More Races,At least ten AP courses,pct_students_school_offers,2022,0.6
Maine,Two or More Races,At least ten AP courses,pct_students_school_offers,2021,0.66
Maine,Two or More Races,At least ten AP courses,pct_students_school_offers,2020,0.54
Maine,Two or More Races,At least ten AP courses,pct_students_school_offers,2019,0.73
Maine,Two or More Races,At least one AP STEM course,pct_students_school_offers,2024,0.89
Maine,Two or More Races,At least one AP STEM course,pct_students_school_offers,2023,0.88
Maine,Two or More Races,At least one AP STEM course,pct_students_school_offers,2022,0.93
Maine,Two or More Races,At least one AP STEM course,pct_students_school_offers,2021,0.93
Maine,Two or More Races,At least one AP STEM course,pct_students_school_offers,2020,0.95
Maine,Two or More Races,At least one AP STEM course,pct_students_school_offers,2019,0.94
Maryland,All,At least five AP courses,Number of public high schools that offer,2024,197
Maryland,All,At least five AP courses,Number of public high schools that offer,2023,190
Maryland,All,At least five AP courses,Number of public high schools that offer,2022,186
Maryland,All,At least five AP courses,Number of public high schools that offer,2021,184
Maryland,All,At least five AP courses,Number of public high schools that offer,2020,178
Maryland,All,At least five AP courses,Number of public high schools that offer,2019,173
Maryland,All,At least ten AP courses,Number of public high schools that offer,2024,170
Maryland,All,At least ten AP courses,Number of public high schools that offer,2023,167
Maryland,All,At least ten AP courses,Number of public high schools that offer,2022,155
Maryland,All,At least ten AP courses,Number of public high schools that offer,2021,154
Maryland,All,At least ten AP courses,Number of public high schools that offer,2020,151
Maryland,All,At least ten AP courses,Number of public high schools that offer,2019,149
Maryland,All,At least one AP STEM course,Number of public high schools that offer,2024,202
Maryland,All,At least one AP STEM course,Number of public high schools that offer,2023,204
Maryland,All,At least one AP STEM course,Number of public high schools that offer,2022,197
Maryland,All,At least one AP STEM course,Number of public high schools that offer,2021,193
Maryland,All,At least one AP STEM course,Number of public high schools that offer,2020,186
Maryland,All,At least one AP STEM course,Number of public high schools that offer,2019,182
Maryland,All,At least five AP courses,Percentage of public high schools that offers,2024,0.86
Maryland,All,At least five AP courses,Percentage of public high schools that offers,2023,0.84
Maryland,All,At least five AP courses,Percentage of public high schools that offers,2022,0.81
Maryland,All,At least five AP courses,Percentage of public high schools that offers,2021,0.8
Maryland,All,At least five AP courses,Percentage of public high schools that offers,2020,0.81
Maryland,All,At least five AP courses,Percentage of public high schools that offers,2019,0.79
Maryland,All,At least ten AP courses,Percentage of public high schools that offers,2024,0.74
Maryland,All,At least ten AP courses,Percentage of public high schools that offers,2023,0.74
Maryland,All,At least ten AP courses,Percentage of public high schools that offers,2022,0.67
Maryland,All,At least ten AP courses,Percentage of public high schools that offers,2021,0.67
Maryland,All,At least ten AP courses,Percentage of public high schools that offers,2020,0.69
Maryland,All,At least ten AP courses,Percentage of public high schools that offers,2019,0.68
Maryland,All,At least one AP STEM course,Percentage of public high schools that offers,2024,0.88
Maryland,All,At least one AP STEM course,Percentage of public high schools that offers,2023,0.9
Maryland,All,At least one AP STEM course,Percentage of public high schools that offers,2022,0.85
Maryland,All,At least one AP STEM course,Percentage of public high schools that offers,2021,0.84
Maryland,All,At least one AP STEM course,Percentage of public high schools that offers,2020,0.85
Maryland,All,At least one AP STEM course,Percentage of public high schools that offers,2019,0.83
Maryland,All,At least five AP courses,Percentage of public high school students whose school offers,2024,0.97
Maryland,All,At least five AP courses,Percentage of public high school students whose school offers,2023,0.96
Maryland,All,At least five AP courses,Percentage of public high school students whose school offers,2022,0.95
Maryland,All,At least five AP courses,Percentage of public high school students whose school offers,2021,0.94
Maryland,All,At least five AP courses,Percentage of public high school students whose school offers,2020,0.94
Maryland,All,At least five AP courses,Percentage of public high school students whose school offers,2019,0.92
Maryland,All,At least ten AP courses,Percentage of public high school students whose school offers,2024,0.9
Maryland,All,At least ten AP courses,Percentage of public high school students whose school offers,2023,0.89
Maryland,All,At least ten AP courses,Percentage of public high school students whose school offers,2022,0.85
Maryland,All,At least ten AP courses,Percentage of public high school students whose school offers,2021,0.85
Maryland,All,At least ten AP courses,Percentage of public high school students whose school offers,2020,0.84
Maryland,All,At least ten AP courses,Percentage of public high school students whose school offers,2019,0.85
Maryland,All,At least one AP STEM course,Percentage of public high school students whose school offers,2024,0.98
Maryland,All,At least one AP STEM course,Percentage of public high school students whose school offers,2023,0.98
Maryland,All,At least one AP STEM course,Percentage of public high school students whose school offers,2022,0.96
Maryland,All,At least one AP STEM course,Percentage of public high school students whose school offers,2021,0.96
Maryland,All,At least one AP STEM course,Percentage of public high school students whose school offers,2020,0.95
Maryland,All,At least one AP STEM course,Percentage of public high school students whose school offers,2019,0.95
Maryland,Asian,At least five AP courses,pct_students_school_offers,2024,1
Maryland,Asian,At least five AP courses,pct_students_school_offers,2023,0.99
Maryland,Asian,At least five AP courses,pct_students_school_offers,2022,0.99
Maryland,Asian,At least five AP courses,pct_students_school_offers,2021,0.99
Maryland,Asian,At least five AP courses,pct_students_school_offers,2020,0.99
Maryland,Asian,At least five AP courses,pct_students_school_offers,2019,0.99
Maryland,Asian,At least ten AP courses,pct_students_school_offers,2024,0.98
Maryland,Asian,At least ten AP courses,pct_students_school_offers,2023,0.98
Maryland,Asian,At least ten AP courses,pct_students_school_offers,2022,0.96
Maryland,Asian,At least ten AP courses,pct_students_school_offers,2021,0.96
Maryland,Asian,At least ten AP courses,pct_students_school_offers,2020,0.96
Maryland,Asian,At least ten AP courses,pct_students_school_offers,2019,0.95
Maryland,Asian,At least one AP STEM course,pct_students_school_offers,2024,1
Maryland,Asian,At least one AP STEM course,pct_students_school_offers,2023,>99%
Maryland,Asian,At least one AP STEM course,pct_students_school_offers,2022,0.99
Maryland,Asian,At least one AP STEM course,pct_students_school_offers,2021,0.99
Maryland,Asian,At least one AP STEM course,pct_students_school_offers,2020,0.99
Maryland,Asian,At least one AP STEM course,pct_students_school_offers,2019,0.99
Maryland,Hispanic/Latino,At least five AP courses,pct_students_school_offers,2024,0.98
Maryland,Hispanic/Latino,At least five AP courses,pct_students_school_offers,2023,0.96
Maryland,Hispanic/Latino,At least five AP courses,pct_students_school_offers,2022,0.96
Maryland,Hispanic/Latino,At least five AP courses,pct_students_school_offers,2021,0.94
Maryland,Hispanic/Latino,At least five AP courses,pct_students_school_offers,2020,0.96
Maryland,Hispanic/Latino,At least five AP courses,pct_students_school_offers,2019,0.95
Maryland,Hispanic/Latino,At least ten AP courses,pct_students_school_offers,2024,0.92
Maryland,Hispanic/Latino,At least ten AP courses,pct_students_school_offers,2023,0.88
Maryland,Hispanic/Latino,At least ten AP courses,pct_students_school_offers,2022,0.85
Maryland,Hispanic/Latino,At least ten AP courses,pct_students_school_offers,2021,0.85
Maryland,Hispanic/Latino,At least ten AP courses,pct_students_school_offers,2020,0.86
Maryland,Hispanic/Latino,At least ten AP courses,pct_students_school_offers,2019,0.87
Maryland,Hispanic/Latino,At least one AP STEM course,pct_students_school_offers,2024,0.98
Maryland,Hispanic/Latino,At least one AP STEM course,pct_students_school_offers,2023,0.98
Maryland,Hispanic/Latino,At least one AP STEM course,pct_students_school_offers,2022,0.98
Maryland,Hispanic/Latino,At least one AP STEM course,pct_students_school_offers,2021,0.97
Maryland,Hispanic/Latino,At least one AP STEM course,pct_students_school_offers,2020,0.97
Maryland,Hispanic/Latino,At least one AP STEM course,pct_students_school_offers,2019,0.98
Maryland,White,At least five AP courses,pct_students_school_offers,2024,0.99
Maryland,White,At least five AP courses,pct_students_school_offers,2023,0.99
Maryland,White,At least five AP courses,pct_students_school_offers,2022,0.98
Maryland,White,At least five AP courses,pct_students_school_offers,2021,0.98
Maryland,White,At least five AP courses,pct_students_school_offers,2020,0.99
Maryland,White,At least five AP courses,pct_students_school_offers,2019,0.99
Maryland,White,At least ten AP courses,pct_students_school_offers,2024,0.97
Maryland,White,At least ten AP courses,pct_students_school_offers,2023,0.96
Maryland,White,At least ten AP courses,pct_students_school_offers,2022,0.95
Maryland,White,At least ten AP courses,pct_students_school_offers,2021,0.94
Maryland,White,At least ten AP courses,pct_students_school_offers,2020,0.95
Maryland,White,At least ten AP courses,pct_students_school_offers,2019,0.94
Maryland,White,At least one AP STEM course,pct_students_school_offers,2024,0.99
Maryland,White,At least one AP STEM course,pct_students_school_offers,2023,>99%
Maryland,White,At least one AP STEM course,pct_students_school_offers,2022,0.99
Maryland,White,At least one AP STEM course,pct_students_school_offers,2021,0.98
Maryland,White,At least one AP STEM course,pct_students_school_offers,2020,0.99
Maryland,White,At least one AP STEM course,pct_students_school_offers,2019,0.99
Maryland,Black or African American,At least five AP courses,pct_students_school_offers,2024,0.95
Maryland,Black or African American,At least five AP courses,pct_students_school_offers,2023,0.91
Maryland,Black or African American,At least five AP courses,pct_students_school_offers,2022,0.89
Maryland,Black or African American,At least five AP courses,pct_students_school_offers,2021,0.87
Maryland,Black or African American,At least five AP courses,pct_students_school_offers,2020,0.86
Maryland,Black or African American,At least five AP courses,pct_students_school_offers,2019,0.81
Maryland,Black or African American,At least ten AP courses,pct_students_school_offers,2024,0.79
Maryland,Black or African American,At least ten AP courses,pct_students_school_offers,2023,0.79
Maryland,Black or African American,At least ten AP courses,pct_students_school_offers,2022,0.72
Maryland,Black or African American,At least ten AP courses,pct_students_school_offers,2021,0.7
Maryland,Black or African American,At least ten AP courses,pct_students_school_offers,2020,0.68
Maryland,Black or African American,At least ten AP courses,pct_students_school_offers,2019,0.69
Maryland,Black or African American,At least one AP STEM course,pct_students_school_offers,2024,0.96
Maryland,Black or African American,At least one AP STEM course,pct_students_school_offers,2023,0.95
Maryland,Black or African American,At least one AP STEM course,pct_students_school_offers,2022,0.92
Maryland,Black or African American,At least one AP STEM course,pct_students_school_offers,2021,0.91
Maryland,Black or African American,At least one AP STEM course,pct_students_school_offers,2020,0.89
Maryland,Black or African American,At least one AP STEM course,pct_students_school_offers,2019,0.89
Maryland,Native American or Alaska Native,At least five AP courses,pct_students_school_offers,2024,0.98
Maryland,Native American or Alaska Native,At least five AP courses,pct_students_school_offers,2023,0.97
Maryland,Native American or Alaska Native,At least five AP courses,pct_students_school_offers,2022,0.95
Maryland,Native American or Alaska Native,At least five AP courses,pct_students_school_offers,2021,0.95
Maryland,Native American or Alaska Native,At least five AP courses,pct_students_school_offers,2020,0.94
Maryland,Native American or Alaska Native,At least five AP courses,pct_students_school_offers,2019,0.92
Maryland,Native American or Alaska Native,At least ten AP courses,pct_students_school_offers,2024,0.91
Maryland,Native American or Alaska Native,At least ten AP courses,pct_students_school_offers,2023,0.91
Maryland,Native American or Alaska Native,At least ten AP courses,pct_students_school_offers,2022,0.88
Maryland,Native American or Alaska Native,At least ten AP courses,pct_students_school_offers,2021,0.87
Maryland,Native American or Alaska Native,At least ten AP courses,pct_students_school_offers,2020,0.86
Maryland,Native American or Alaska Native,At least ten AP courses,pct_students_school_offers,2019,0.87
Maryland,Native American or Alaska Native,At least one AP STEM course,pct_students_school_offers,2024,0.98
Maryland,Native American or Alaska Native,At least one AP STEM course,pct_students_school_offers,2023,0.98
Maryland,Native American or Alaska Native,At least one AP STEM course,pct_students_school_offers,2022,0.96
Maryland,Native American or Alaska Native,At least one AP STEM course,pct_students_school_offers,2021,0.95
Maryland,Native American or Alaska Native,At least one AP STEM course,pct_students_school_offers,2020,0.95
Maryland,Native American or Alaska Native,At least one AP STEM course,pct_students_school_offers,2019,0.96
Maryland,Native Hawaiian or other Pacific Islander,At least five AP courses,pct_students_school_offers,2024,0.98
Maryland,Native Hawaiian or other Pacific Islander,At least five AP courses,pct_students_school_offers,2023,0.97
Maryland,Native Hawaiian or other Pacific Islander,At least five AP courses,pct_students_school_offers,2022,0.97
Maryland,Native Hawaiian or other Pacific Islander,At least five AP courses,pct_students_school_offers,2021,0.96
Maryland,Native Hawaiian or other Pacific Islander,At least five AP courses,pct_students_school_offers,2020,0.93
Maryland,Native Hawaiian or other Pacific Islander,At least five AP courses,pct_students_school_offers,2019,0.9
Maryland,Native Hawaiian or other Pacific Islander,At least ten AP courses,pct_students_school_offers,2024,0.89
Maryland,Native Hawaiian or other Pacific Islander,At least ten AP courses,pct_students_school_offers,2023,0.91
Maryland,Native Hawaiian or other Pacific Islander,At least ten AP courses,pct_students_school_offers,2022,0.89
Maryland,Native Hawaiian or other Pacific Islander,At least ten AP courses,pct_students_school_offers,2021,0.89
Maryland,Native Hawaiian or other Pacific Islander,At least ten AP courses,pct_students_school_offers,2020,0.81
Maryland,Native Hawaiian or other Pacific Islander,At least ten AP courses,pct_students_school_offers,2019,0.84
Maryland,Native Hawaiian or other Pacific Islander,At least one AP STEM course,pct_students_school_offers,2024,0.98
Maryland,Native Hawaiian or other Pacific Islander,At least one AP STEM course,pct_students_school_offers,2023,0.98
Maryland,Native Hawaiian or other Pacific Islander,At least one AP STEM course,pct_students_school_offers,2022,0.98
Maryland,Native Hawaiian or other Pacific Islander,At least one AP STEM course,pct_students_school_offers,2021,0.97
Maryland,Native Hawaiian or other Pacific Islander,At least one AP STEM course,pct_students_school_offers,2020,0.96
Maryland,Native Hawaiian or other Pacific Islander,At least one AP STEM course,pct_students_school_offers,2019,0.97
Maryland,Two or More Races,At least five AP courses,pct_students_school_offers,2024,0.99
Maryland,Two or More Races,At least five AP courses,pct_students_school_offers,2023,0.99
Maryland,Two or More Races,At least five AP courses,pct_students_school_offers,2022,0.98
Maryland,Two or More Races,At least five AP courses,pct_students_school_offers,2021,0.98
Maryland,Two or More Races,At least five AP courses,pct_students_school_offers,2020,0.99
Maryland,Two or More Races,At least five AP courses,pct_students_school_offers,2019,0.98
Maryland,Two or More Races,At least ten AP courses,pct_students_school_offers,2024,0.96
Maryland,Two or More Races,At least ten AP courses,pct_students_school_offers,2023,0.96
Maryland,Two or More Races,At least ten AP courses,pct_students_school_offers,2022,0.94
Maryland,Two or More Races,At least ten AP courses,pct_students_school_offers,2021,0.92
Maryland,Two or More Races,At least ten AP courses,pct_students_school_offers,2020,0.93
Maryland,Two or More Races,At least ten AP courses,pct_students_school_offers,2019,0.93
Maryland,Two or More Races,At least one AP STEM course,pct_students_school_offers,2024,0.99
Maryland,Two or More Races,At least one AP STEM course,pct_students_school_offers,2023,0.99
Maryland,Two or More Races,At least one AP STEM course,pct_students_school_offers,2022,0.99
Maryland,Two or More Races,At least one AP STEM course,pct_students_school_offers,2021,0.99
Maryland,Two or More Races,At least one AP STEM course,pct_students_school_offers,2020,0.99
Maryland,Two or More Races,At least one AP STEM course,pct_students_school_offers,2019,0.99
Massachusetts,All,At least five AP courses,Number of public high schools that offer,2024,296
Massachusetts,All,At least five AP courses,Number of public high schools that offer,2023,271
Massachusetts,All,At least five AP courses,Number of public high schools that offer,2022,270
Massachusetts,All,At least five AP courses,Number of public high schools that offer,2021,269
Massachusetts,All,At least five AP courses,Number of public high schools that offer,2020,268
Massachusetts,All,At least five AP courses,Number of public high schools that offer,2019,268
Massachusetts,All,At least ten AP courses,Number of public high schools that offer,2024,238
Massachusetts,All,At least ten AP courses,Number of public high schools that offer,2023,217
Massachusetts,All,At least ten AP courses,Number of public high schools that offer,2022,210
Massachusetts,All,At least ten AP courses,Number of public high schools that offer,2021,211
Massachusetts,All,At least ten AP courses,Number of public high schools that offer,2020,211
Massachusetts,All,At least ten AP courses,Number of public high schools that offer,2019,207
Massachusetts,All,At least one AP STEM course,Number of public high schools that offer,2024,312
Massachusetts,All,At least one AP STEM course,Number of public high schools that offer,2023,289
Massachusetts,All,At least one AP STEM course,Number of public high schools that offer,2022,289
Massachusetts,All,At least one AP STEM course,Number of public high schools that offer,2021,288
Massachusetts,All,At least one AP STEM course,Number of public high schools that offer,2020,295
Massachusetts,All,At least one AP STEM course,Number of public high schools that offer,2019,296
Massachusetts,All,At least five AP courses,Percentage of public high schools that offers,2024,0.78
Massachusetts,All,At least five AP courses,Percentage of public high schools that offers,2023,0.83
Massachusetts,All,At least five AP courses,Percentage of public high schools that offers,2022,0.82
Massachusetts,All,At least five AP courses,Percentage of public high schools that offers,2021,0.82
Massachusetts,All,At least five AP courses,Percentage of public high schools that offers,2020,0.8
Massachusetts,All,At least five AP courses,Percentage of public high schools that offers,2019,0.8
Massachusetts,All,At least ten AP courses,Percentage of public high schools that offers,2024,0.63
Massachusetts,All,At least ten AP courses,Percentage of public high schools that offers,2023,0.66
Massachusetts,All,At least ten AP courses,Percentage of public high schools that offers,2022,0.64
Massachusetts,All,At least ten AP courses,Percentage of public high schools that offers,2021,0.64
Massachusetts,All,At least ten AP courses,Percentage of public high schools that offers,2020,0.63
Massachusetts,All,At least ten AP courses,Percentage of public high schools that offers,2019,0.62
Massachusetts,All,At least one AP STEM course,Percentage of public high schools that offers,2024,0.82
Massachusetts,All,At least one AP STEM course,Percentage of public high schools that offers,2023,0.88
Massachusetts,All,At least one AP STEM course,Percentage of public high schools that offers,2022,0.88
Massachusetts,All,At least one AP STEM course,Percentage of public high schools that offers,2021,0.88
Massachusetts,All,At least one AP STEM course,Percentage of public high schools that offers,2020,0.88
Massachusetts,All,At least one AP STEM course,Percentage of public high schools that offers,2019,0.88
Massachusetts,All,At least five AP courses,Percentage of public high school students whose school offers,2024,0.92
Massachusetts,All,At least five AP courses,Percentage of public high school students whose school offers,2023,0.93
Massachusetts,All,At least five AP courses,Percentage of public high school students whose school offers,2022,0.92
Massachusetts,All,At least five AP courses,Percentage of public high school students whose school offers,2021,0.92
Massachusetts,All,At least five AP courses,Percentage of public high school students whose school offers,2020,0.91
Massachusetts,All,At least five AP courses,Percentage of public high school students whose school offers,2019,0.92
Massachusetts,All,At least ten AP courses,Percentage of public high school students whose school offers,2024,0.81
Massachusetts,All,At least ten AP courses,Percentage of public high school students whose school offers,2023,0.82
Massachusetts,All,At least ten AP courses,Percentage of public high school students whose school offers,2022,0.8
Massachusetts,All,At least ten AP courses,Percentage of public high school students whose school offers,2021,0.79
Massachusetts,All,At least ten AP courses,Percentage of public high school students whose school offers,2020,0.78
Massachusetts,All,At least ten AP courses,Percentage of public high school students whose school offers,2019,0.76
Massachusetts,All,At least one AP STEM course,Percentage of public high school students whose school offers,2024,0.94
Massachusetts,All,At least one AP STEM course,Percentage of public high school students whose school offers,2023,0.96
Massachusetts,All,At least one AP STEM course,Percentage of public high school students whose school offers,2022,0.96
Massachusetts,All,At least one AP STEM course,Percentage of public high school students whose school offers,2021,0.96
Massachusetts,All,At least one AP STEM course,Percentage of public high school students whose school offers,2020,0.96
Massachusetts,All,At least one AP STEM course,Percentage of public high school students whose school offers,2019,0.96
Massachusetts,Asian,At least five AP courses,pct_students_school_offers,2024,0.97
Massachusetts,Asian,At least five AP courses,pct_students_school_offers,2023,0.98
Massachusetts,Asian,At least five AP courses,pct_students_school_offers,2022,0.97
Massachusetts,Asian,At least five AP courses,pct_students_school_offers,2021,0.97
Massachusetts,Asian,At least five AP courses,pct_students_school_offers,2020,0.97
Massachusetts,Asian,At least five AP courses,pct_students_school_offers,2019,0.97
Massachusetts,Asian,At least ten AP courses,pct_students_school_offers,2024,0.93
Massachusetts,Asian,At least ten AP courses,pct_students_school_offers,2023,0.94
Massachusetts,Asian,At least ten AP courses,pct_students_school_offers,2022,0.91
Massachusetts,Asian,At least ten AP courses,pct_students_school_offers,2021,0.93
Massachusetts,Asian,At least ten AP courses,pct_students_school_offers,2020,0.89
Massachusetts,Asian,At least ten AP courses,pct_students_school_offers,2019,0.83
Massachusetts,Asian,At least one AP STEM course,pct_students_school_offers,2024,0.97
Massachusetts,Asian,At least one AP STEM course,pct_students_school_offers,2023,0.98
Massachusetts,Asian,At least one AP STEM course,pct_students_school_offers,2022,0.98
Massachusetts,Asian,At least one AP STEM course,pct_students_school_offers,2021,0.98
Massachusetts,Asian,At least one AP STEM course,pct_students_school_offers,2020,0.98
Massachusetts,Asian,At least one AP STEM course,pct_students_school_offers,2019,0.99
Massachusetts,Hispanic/Latino,At least five AP courses,pct_students_school_offers,2024,0.89
Massachusetts,Hispanic/Latino,At least five AP courses,pct_students_school_offers,2023,0.88
Massachusetts,Hispanic/Latino,At least five AP courses,pct_students_school_offers,2022,0.86
Massachusetts,Hispanic/Latino,At least five AP courses,pct_students_school_offers,2021,0.87
Massachusetts,Hispanic/Latino,At least five AP courses,pct_students_school_offers,2020,0.83
Massachusetts,Hispanic/Latino,At least five AP courses,pct_students_school_offers,2019,0.85
Massachusetts,Hispanic/Latino,At least ten AP courses,pct_students_school_offers,2024,0.75
Massachusetts,Hispanic/Latino,At least ten AP courses,pct_students_school_offers,2023,0.74
Massachusetts,Hispanic/Latino,At least ten AP courses,pct_students_school_offers,2022,0.71
Massachusetts,Hispanic/Latino,At least ten AP courses,pct_students_school_offers,2021,0.72
Massachusetts,Hispanic/Latino,At least ten AP courses,pct_students_school_offers,2020,0.67
Massachusetts,Hispanic/Latino,At least ten AP courses,pct_students_school_offers,2019,0.65
Massachusetts,Hispanic/Latino,At least one AP STEM course,pct_students_school_offers,2024,0.91
Massachusetts,Hispanic/Latino,At least one AP STEM course,pct_students_school_offers,2023,0.92
Massachusetts,Hispanic/Latino,At least one AP STEM course,pct_students_school_offers,2022,0.92
Massachusetts,Hispanic/Latino,At least one AP STEM course,pct_students_school_offers,2021,0.92
Massachusetts,Hispanic/Latino,At least one AP STEM course,pct_students_school_offers,2020,0.91
Massachusetts,Hispanic/Latino,At least one AP STEM course,pct_students_school_offers,2019,0.91
Massachusetts,White,At least five AP courses,pct_students_school_offers,2024,0.94
Massachusetts,White,At least five AP courses,pct_students_school_offers,2023,0.95
Massachusetts,White,At least five AP courses,pct_students_school_offers,2022,0.94
Massachusetts,White,At least five AP courses,pct_students_school_offers,2021,0.94
Massachusetts,White,At least five AP courses,pct_students_school_offers,2020,0.94
Massachusetts,White,At least five AP courses,pct_students_school_offers,2019,0.94
Massachusetts,White,At least ten AP courses,pct_students_school_offers,2024,0.82
Massachusetts,White,At least ten AP courses,pct_students_school_offers,2023,0.84
Massachusetts,White,At least ten AP courses,pct_students_school_offers,2022,0.82
Massachusetts,White,At least ten AP courses,pct_students_school_offers,2021,0.82
Massachusetts,White,At least ten AP courses,pct_students_school_offers,2020,0.81
Massachusetts,White,At least ten AP courses,pct_students_school_offers,2019,0.8
Massachusetts,White,At least one AP STEM course,pct_students_school_offers,2024,0.95
Massachusetts,White,At least one AP STEM course,pct_students_school_offers,2023,0.97
Massachusetts,White,At least one AP STEM course,pct_students_school_offers,2022,0.97
Massachusetts,White,At least one AP STEM course,pct_students_school_offers,2021,0.97
Massachusetts,White,At least one AP STEM course,pct_students_school_offers,2020,0.97
Massachusetts,White,At least one AP STEM course,pct_students_school_offers,2019,0.97
Massachusetts,Black or African American,At least five AP courses,pct_students_school_offers,2024,0.84
Massachusetts,Black or African American,At least five AP courses,pct_students_school_offers,2023,0.89
Massachusetts,Black or African American,At least five AP courses,pct_students_school_offers,2022,0.86
Massachusetts,Black or African American,At least five AP courses,pct_students_school_offers,2021,0.85
Massachusetts,Black or African American,At least five AP courses,pct_students_school_offers,2020,0.82
Massachusetts,Black or African American,At least five AP courses,pct_students_school_offers,2019,0.85
Massachusetts,Black or African American,At least ten AP courses,pct_students_school_offers,2024,0.73
Massachusetts,Black or African American,At least ten AP courses,pct_students_school_offers,2023,0.75
Massachusetts,Black or African American,At least ten AP courses,pct_students_school_offers,2022,0.72
Massachusetts,Black or African American,At least ten AP courses,pct_students_school_offers,2021,0.7
Massachusetts,Black or African American,At least ten AP courses,pct_students_school_offers,2020,0.65
Massachusetts,Black or African American,At least ten AP courses,pct_students_school_offers,2019,0.63
Massachusetts,Black or African American,At least one AP STEM course,pct_students_school_offers,2024,0.88
Massachusetts,Black or African American,At least one AP STEM course,pct_students_school_offers,2023,0.94
Massachusetts,Black or African American,At least one AP STEM course,pct_students_school_offers,2022,0.94
Massachusetts,Black or African American,At least one AP STEM course,pct_students_school_offers,2021,0.94
Massachusetts,Black or African American,At least one AP STEM course,pct_students_school_offers,2020,0.93
Massachusetts,Black or African American,At least one AP STEM course,pct_students_school_offers,2019,0.93
Massachusetts,Native American or Alaska Native,At least five AP courses,pct_students_school_offers,2024,0.88
Massachusetts,Native American or Alaska Native,At least five AP courses,pct_students_school_offers,2023,0.9
Massachusetts,Native American or Alaska Native,At least five AP courses,pct_students_school_offers,2022,0.87
Massachusetts,Native American or Alaska Native,At least five AP courses,pct_students_school_offers,2021,0.87
Massachusetts,Native American or Alaska Native,At least five AP courses,pct_students_school_offers,2020,0.86
Massachusetts,Native American or Alaska Native,At least five AP courses,pct_students_school_offers,2019,0.89
Massachusetts,Native American or Alaska Native,At least ten AP courses,pct_students_school_offers,2024,0.74
Massachusetts,Native American or Alaska Native,At least ten AP courses,pct_students_school_offers,2023,0.77
Massachusetts,Native American or Alaska Native,At least ten AP courses,pct_students_school_offers,2022,0.73
Massachusetts,Native American or Alaska Native,At least ten AP courses,pct_students_school_offers,2021,0.74
Massachusetts,Native American or Alaska Native,At least ten AP courses,pct_students_school_offers,2020,0.7
Massachusetts,Native American or Alaska Native,At least ten AP courses,pct_students_school_offers,2019,0.7
Massachusetts,Native American or Alaska Native,At least one AP STEM course,pct_students_school_offers,2024,0.91
Massachusetts,Native American or Alaska Native,At least one AP STEM course,pct_students_school_offers,2023,0.92
Massachusetts,Native American or Alaska Native,At least one AP STEM course,pct_students_school_offers,2022,0.92
Massachusetts,Native American or Alaska Native,At least one AP STEM course,pct_students_school_offers,2021,0.92
Massachusetts,Native American or Alaska Native,At least one AP STEM course,pct_students_school_offers,2020,0.92
Massachusetts,Native American or Alaska Native,At least one AP STEM course,pct_students_school_offers,2019,0.94
Massachusetts,Native Hawaiian or other Pacific Islander,At least five AP courses,pct_students_school_offers,2024,0.9
Massachusetts,Native Hawaiian or other Pacific Islander,At least five AP courses,pct_students_school_offers,2023,0.89
Massachusetts,Native Hawaiian or other Pacific Islander,At least five AP courses,pct_students_school_offers,2022,0.87
Massachusetts,Native Hawaiian or other Pacific Islander,At least five AP courses,pct_students_school_offers,2021,0.9
Massachusetts,Native Hawaiian or other Pacific Islander,At least five AP courses,pct_students_school_offers,2020,0.91
Massachusetts,Native Hawaiian or other Pacific Islander,At least five AP courses,pct_students_school_offers,2019,0.92
Massachusetts,Native Hawaiian or other Pacific Islander,At least ten AP courses,pct_students_school_offers,2024,0.8
Massachusetts,Native Hawaiian or other Pacific Islander,At least ten AP courses,pct_students_school_offers,2023,0.77
Massachusetts,Native Hawaiian or other Pacific Islander,At least ten AP courses,pct_students_school_offers,2022,0.73
Massachusetts,Native Hawaiian or other Pacific Islander,At least ten AP courses,pct_students_school_offers,2021,0.73
Massachusetts,Native Hawaiian or other Pacific Islander,At least ten AP courses,pct_students_school_offers,2020,0.85
Massachusetts,Native Hawaiian or other Pacific Islander,At least ten AP courses,pct_students_school_offers,2019,0.85
Massachusetts,Native Hawaiian or other Pacific Islander,At least one AP STEM course,pct_students_school_offers,2024,0.91
Massachusetts,Native Hawaiian or other Pacific Islander,At least one AP STEM course,pct_students_school_offers,2023,0.97
Massachusetts,Native Hawaiian or other Pacific Islander,At least one AP STEM course,pct_students_school_offers,2022,0.96
Massachusetts,Native Hawaiian or other Pacific Islander,At least one AP STEM course,pct_students_school_offers,2021,0.97
Massachusetts,Native Hawaiian or other Pacific Islander,At least one AP STEM course,pct_students_school_offers,2020,0.95
Massachusetts,Native Hawaiian or other Pacific Islander,At least one AP STEM course,pct_students_school_offers,2019,0.96
Massachusetts,Two or More Races,At least five AP courses,pct_students_school_offers,2024,0.93
Massachusetts,Two or More Races,At least five AP courses,pct_students_school_offers,2023,0.94
Massachusetts,Two or More Races,At least five AP courses,pct_students_school_offers,2022,0.93
Massachusetts,Two or More Races,At least five AP courses,pct_students_school_offers,2021,0.93
Massachusetts,Two or More Races,At least five AP courses,pct_students_school_offers,2020,0.92
Massachusetts,Two or More Races,At least five AP courses,pct_students_school_offers,2019,0.92
Massachusetts,Two or More Races,At least ten AP courses,pct_students_school_offers,2024,0.82
Massachusetts,Two or More Races,At least ten AP courses,pct_students_school_offers,2023,0.83
Massachusetts,Two or More Races,At least ten AP courses,pct_students_school_offers,2022,0.82
Massachusetts,Two or More Races,At least ten AP courses,pct_students_school_offers,2021,0.81
Massachusetts,Two or More Races,At least ten AP courses,pct_students_school_offers,2020,0.78
Massachusetts,Two or More Races,At least ten AP courses,pct_students_school_offers,2019,0.77
Massachusetts,Two or More Races,At least one AP STEM course,pct_students_school_offers,2024,0.95
Massachusetts,Two or More Races,At least one AP STEM course,pct_students_school_offers,2023,0.96
Massachusetts,Two or More Races,At least one AP STEM course,pct_students_school_offers,2022,0.97
Massachusetts,Two or More Races,At least one AP STEM course,pct_students_school_offers,2021,0.96
Massachusetts,Two or More Races,At least one AP STEM course,pct_students_school_offers,2020,0.96
Massachusetts,Two or More Races,At least one AP STEM course,pct_students_school_offers,2019,0.96
Michigan,All,At least five AP courses,Number of public high schools that offer,2024,354
Michigan,All,At least five AP courses,Number of public high schools that offer,2023,307
Michigan,All,At least five AP courses,Number of public high schools that offer,2022,292
Michigan,All,At least five AP courses,Number of public high schools that offer,2021,286
Michigan,All,At least five AP courses,Number of public high schools that offer,2020,286
Michigan,All,At least five AP courses,Number of public high schools that offer,2019,294
Michigan,All,At least ten AP courses,Number of public high schools that offer,2024,231
Michigan,All,At least ten AP courses,Number of public high schools that offer,2023,193
Michigan,All,At least ten AP courses,Number of public high schools that offer,2022,172
Michigan,All,At least ten AP courses,Number of public high schools that offer,2021,173
Michigan,All,At least ten AP courses,Number of public high schools that offer,2020,165
Michigan,All,At least ten AP courses,Number of public high schools that offer,2019,173
Michigan,All,At least one AP STEM course,Number of public high schools that offer,2024,436
Michigan,All,At least one AP STEM course,Number of public high schools that offer,2023,401
Michigan,All,At least one AP STEM course,Number of public high schools that offer,2022,392
Michigan,All,At least one AP STEM course,Number of public high schools that offer,2021,395
Michigan,All,At least one AP STEM course,Number of public high schools that offer,2020,385
Michigan,All,At least one AP STEM course,Number of public high schools that offer,2019,417
Michigan,All,At least five AP courses,Percentage of public high schools that offers,2024,0.34
Michigan,All,At least five AP courses,Percentage of public high schools that offers,2023,0.34
Michigan,All,At least five AP courses,Percentage of public high schools that offers,2022,0.33
Michigan,All,At least five AP courses,Percentage of public high schools that offers,2021,0.33
Michigan,All,At least five AP courses,Percentage of public high schools that offers,2020,0.33
Michigan,All,At least five AP courses,Percentage of public high schools that offers,2019,0.34
Michigan,All,At least ten AP courses,Percentage of public high schools that offers,2024,0.22
Michigan,All,At least ten AP courses,Percentage of public high schools that offers,2023,0.22
Michigan,All,At least ten AP courses,Percentage of public high schools that offers,2022,0.2
Michigan,All,At least ten AP courses,Percentage of public high schools that offers,2021,0.2
Michigan,All,At least ten AP courses,Percentage of public high schools that offers,2020,0.19
Michigan,All,At least ten AP courses,Percentage of public high schools that offers,2019,0.2
Michigan,All,At least one AP STEM course,Percentage of public high schools that offers,2024,0.42
Michigan,All,At least one AP STEM course,Percentage of public high schools that offers,2023,0.45
Michigan,All,At least one AP STEM course,Percentage of public high schools that offers,2022,0.45
Michigan,All,At least one AP STEM course,Percentage of public high schools that offers,2021,0.45
Michigan,All,At least one AP STEM course,Percentage of public high schools that offers,2020,0.45
Michigan,All,At least one AP STEM course,Percentage of public high schools that offers,2019,0.48
Michigan,All,At least five AP courses,Percentage of public high school students whose school offers,2024,0.72
Michigan,All,At least five AP courses,Percentage of public high school students whose school offers,2023,0.72
Michigan,All,At least five AP courses,Percentage of public high school students whose school offers,2022,0.71
Michigan,All,At least five AP courses,Percentage of public high school students whose school offers,2021,0.7
Michigan,All,At least five AP courses,Percentage of public high school students whose school offers,2020,0.7
Michigan,All,At least five AP courses,Percentage of public high school students whose school offers,2019,0.71
Michigan,All,At least ten AP courses,Percentage of public high school students whose school offers,2024,0.57
Michigan,All,At least ten AP courses,Percentage of public high school students whose school offers,2023,0.56
Michigan,All,At least ten AP courses,Percentage of public high school students whose school offers,2022,0.53
Michigan,All,At least ten AP courses,Percentage of public high school students whose school offers,2021,0.53
Michigan,All,At least ten AP courses,Percentage of public high school students whose school offers,2020,0.5
Michigan,All,At least ten AP courses,Percentage of public high school students whose school offers,2019,0.52
Michigan,All,At least one AP STEM course,Percentage of public high school students whose school offers,2024,0.78
Michigan,All,At least one AP STEM course,Percentage of public high school students whose school offers,2023,0.8
Michigan,All,At least one AP STEM course,Percentage of public high school students whose school offers,2022,0.8
Michigan,All,At least one AP STEM course,Percentage of public high school students whose school offers,2021,0.8
Michigan,All,At least one AP STEM course,Percentage of public high school students whose school offers,2020,0.79
Michigan,All,At least one AP STEM course,Percentage of public high school students whose school offers,2019,0.82
Michigan,Asian,At least five AP courses,pct_students_school_offers,2024,0.9
Michigan,Asian,At least five AP courses,pct_students_school_offers,2023,0.89
Michigan,Asian,At least five AP courses,pct_students_school_offers,2022,0.89
Michigan,Asian,At least five AP courses,pct_students_school_offers,2021,0.89
Michigan,Asian,At least five AP courses,pct_students_school_offers,2020,0.87
Michigan,Asian,At least five AP courses,pct_students_school_offers,2019,0.88
Michigan,Asian,At least ten AP courses,pct_students_school_offers,2024,0.81
Michigan,Asian,At least ten AP courses,pct_students_school_offers,2023,0.81
Michigan,Asian,At least ten AP courses,pct_students_school_offers,2022,0.78
Michigan,Asian,At least ten AP courses,pct_students_school_offers,2021,0.78
Michigan,Asian,At least ten AP courses,pct_students_school_offers,2020,0.75
Michigan,Asian,At least ten AP courses,pct_students_school_offers,2019,0.74
Michigan,Asian,At least one AP STEM course,pct_students_school_offers,2024,0.92
Michigan,Asian,At least one AP STEM course,pct_students_school_offers,2023,0.9
Michigan,Asian,At least one AP STEM course,pct_students_school_offers,2022,0.96
Michigan,Asian,At least one AP STEM course,pct_students_school_offers,2021,0.96
Michigan,Asian,At least one AP STEM course,pct_students_school_offers,2020,0.94
Michigan,Asian,At least one AP STEM course,pct_students_school_offers,2019,0.91
Michigan,Hispanic/Latino,At least five AP courses,pct_students_school_offers,2024,0.71
Michigan,Hispanic/Latino,At least five AP courses,pct_students_school_offers,2023,0.7
Michigan,Hispanic/Latino,At least five AP courses,pct_students_school_offers,2022,0.68
Michigan,Hispanic/Latino,At least five AP courses,pct_students_school_offers,2021,0.68
Michigan,Hispanic/Latino,At least five AP courses,pct_students_school_offers,2020,0.67
Michigan,Hispanic/Latino,At least five AP courses,pct_students_school_offers,2019,0.69
Michigan,Hispanic/Latino,At least ten AP courses,pct_students_school_offers,2024,0.53
Michigan,Hispanic/Latino,At least ten AP courses,pct_students_school_offers,2023,0.53
Michigan,Hispanic/Latino,At least ten AP courses,pct_students_school_offers,2022,0.49
Michigan,Hispanic/Latino,At least ten AP courses,pct_students_school_offers,2021,0.46
Michigan,Hispanic/Latino,At least ten AP courses,pct_students_school_offers,2020,0.43
Michigan,Hispanic/Latino,At least ten AP courses,pct_students_school_offers,2019,0.46
Michigan,Hispanic/Latino,At least one AP STEM course,pct_students_school_offers,2024,0.77
Michigan,Hispanic/Latino,At least one AP STEM course,pct_students_school_offers,2023,0.77
Michigan,Hispanic/Latino,At least one AP STEM course,pct_students_school_offers,2022,0.79
Michigan,Hispanic/Latino,At least one AP STEM course,pct_students_school_offers,2021,0.8
Michigan,Hispanic/Latino,At least one AP STEM course,pct_students_school_offers,2020,0.77
Michigan,Hispanic/Latino,At least one AP STEM course,pct_students_school_offers,2019,0.79
Michigan,White,At least five AP courses,pct_students_school_offers,2024,0.75
Michigan,White,At least five AP courses,pct_students_school_offers,2023,0.75
Michigan,White,At least five AP courses,pct_students_school_offers,2022,0.74
Michigan,White,At least five AP courses,pct_students_school_offers,2021,0.73
Michigan,White,At least five AP courses,pct_students_school_offers,2020,0.74
Michigan,White,At least five AP courses,pct_students_school_offers,2019,0.75
Michigan,White,At least ten AP courses,pct_students_school_offers,2024,0.61
Michigan,White,At least ten AP courses,pct_students_school_offers,2023,0.58
Michigan,White,At least ten AP courses,pct_students_school_offers,2022,0.55
Michigan,White,At least ten AP courses,pct_students_school_offers,2021,0.55
Michigan,White,At least ten AP courses,pct_students_school_offers,2020,0.53
Michigan,White,At least ten AP courses,pct_students_school_offers,2019,0.55
Michigan,White,At least one AP STEM course,pct_students_school_offers,2024,0.81
Michigan,White,At least one AP STEM course,pct_students_school_offers,2023,0.82
Michigan,White,At least one AP STEM course,pct_students_school_offers,2022,0.83
Michigan,White,At least one AP STEM course,pct_students_school_offers,2021,0.83
Michigan,White,At least one AP STEM course,pct_students_school_offers,2020,0.83
Michigan,White,At least one AP STEM course,pct_students_school_offers,2019,0.85
Michigan,Black or African American,At least five AP courses,pct_students_school_offers,2024,0.59
Michigan,Black or African American,At least five AP courses,pct_students_school_offers,2023,0.57
Michigan,Black or African American,At least five AP courses,pct_students_school_offers,2022,0.57
Michigan,Black or African American,At least five AP courses,pct_students_school_offers,2021,0.53
Michigan,Black or African American,At least five AP courses,pct_students_school_offers,2020,0.54
Michigan,Black or African American,At least five AP courses,pct_students_school_offers,2019,0.54
Michigan,Black or African American,At least ten AP courses,pct_students_school_offers,2024,0.38
Michigan,Black or African American,At least ten AP courses,pct_students_school_offers,2023,0.43
Michigan,Black or African American,At least ten AP courses,pct_students_school_offers,2022,0.38
Michigan,Black or African American,At least ten AP courses,pct_students_school_offers,2021,0.38
Michigan,Black or African American,At least ten AP courses,pct_students_school_offers,2020,0.35
Michigan,Black or African American,At least ten AP courses,pct_students_school_offers,2019,0.39
Michigan,Black or African American,At least one AP STEM course,pct_students_school_offers,2024,0.65
Michigan,Black or African American,At least one AP STEM course,pct_students_school_offers,2023,0.68
Michigan,Black or African American,At least one AP STEM course,pct_students_school_offers,2022,0.67
Michigan,Black or African American,At least one AP STEM course,pct_students_school_offers,2021,0.65
Michigan,Black or African American,At least one AP STEM course,pct_students_school_offers,2020,0.64
Michigan,Black or African American,At least one AP STEM course,pct_students_school_offers,2019,0.64
Michigan,Native American or Alaska Native,At least five AP courses,pct_students_school_offers,2024,0.51
Michigan,Native American or Alaska Native,At least five AP courses,pct_students_school_offers,2023,0.52
Michigan,Native American or Alaska Native,At least five AP courses,pct_students_school_offers,2022,0.53
Michigan,Native American or Alaska Native,At least five AP courses,pct_students_school_offers,2021,0.52
Michigan,Native American or Alaska Native,At least five AP courses,pct_students_school_offers,2020,0.51
Michigan,Native American or Alaska Native,At least five AP courses,pct_students_school_offers,2019,0.54
Michigan,Native American or Alaska Native,At least ten AP courses,pct_students_school_offers,2024,0.32
Michigan,Native American or Alaska Native,At least ten AP courses,pct_students_school_offers,2023,0.29
Michigan,Native American or Alaska Native,At least ten AP courses,pct_students_school_offers,2022,0.26
Michigan,Native American or Alaska Native,At least ten AP courses,pct_students_school_offers,2021,0.28
Michigan,Native American or Alaska Native,At least ten AP courses,pct_students_school_offers,2020,0.28
Michigan,Native American or Alaska Native,At least ten AP courses,pct_students_school_offers,2019,0.33
Michigan,Native American or Alaska Native,At least one AP STEM course,pct_students_school_offers,2024,0.56
Michigan,Native American or Alaska Native,At least one AP STEM course,pct_students_school_offers,2023,0.63
Michigan,Native American or Alaska Native,At least one AP STEM course,pct_students_school_offers,2022,0.66
Michigan,Native American or Alaska Native,At least one AP STEM course,pct_students_school_offers,2021,0.59
Michigan,Native American or Alaska Native,At least one AP STEM course,pct_students_school_offers,2020,0.63
Michigan,Native American or Alaska Native,At least one AP STEM course,pct_students_school_offers,2019,0.7
Michigan,Native Hawaiian or other Pacific Islander,At least five AP courses,pct_students_school_offers,2024,0.74
Michigan,Native Hawaiian or other Pacific Islander,At least five AP courses,pct_students_school_offers,2023,0.73
Michigan,Native Hawaiian or other Pacific Islander,At least five AP courses,pct_students_school_offers,2022,0.72
Michigan,Native Hawaiian or other Pacific Islander,At least five AP courses,pct_students_school_offers,2021,0.71
Michigan,Native Hawaiian or other Pacific Islander,At least five AP courses,pct_students_school_offers,2020,0.73
Michigan,Native Hawaiian or other Pacific Islander,At least five AP courses,pct_students_school_offers,2019,0.74
Michigan,Native Hawaiian or other Pacific Islander,At least ten AP courses,pct_students_school_offers,2024,0.63
Michigan,Native Hawaiian or other Pacific Islander,At least ten AP courses,pct_students_school_offers,2023,0.58
Michigan,Native Hawaiian or other Pacific Islander,At least ten AP courses,pct_students_school_offers,2022,0.53
Michigan,Native Hawaiian or other Pacific Islander,At least ten AP courses,pct_students_school_offers,2021,0.55
Michigan,Native Hawaiian or other Pacific Islander,At least ten AP courses,pct_students_school_offers,2020,0.56
Michigan,Native Hawaiian or other Pacific Islander,At least ten AP courses,pct_students_school_offers,2019,0.6
Michigan,Native Hawaiian or other Pacific Islander,At least one AP STEM course,pct_students_school_offers,2024,0.8
Michigan,Native Hawaiian or other Pacific Islander,At least one AP STEM course,pct_students_school_offers,2023,0.81
Michigan,Native Hawaiian or other Pacific Islander,At least one AP STEM course,pct_students_school_offers,2022,0.77
Michigan,Native Hawaiian or other Pacific Islander,At least one AP STEM course,pct_students_school_offers,2021,0.77
Michigan,Native Hawaiian or other Pacific Islander,At least one AP STEM course,pct_students_school_offers,2020,0.81
Michigan,Native Hawaiian or other Pacific Islander,At least one AP STEM course,pct_students_school_offers,2019,0.83
Michigan,Two or More Races,At least five AP courses,pct_students_school_offers,2024,0.74
Michigan,Two or More Races,At least five AP courses,pct_students_school_offers,2023,0.73
Michigan,Two or More Races,At least five AP courses,pct_students_school_offers,2022,0.73
Michigan,Two or More Races,At least five AP courses,pct_students_school_offers,2021,0.72
Michigan,Two or More Races,At least five AP courses,pct_students_school_offers,2020,0.71
Michigan,Two or More Races,At least five AP courses,pct_students_school_offers,2019,0.72
Michigan,Two or More Races,At least ten AP courses,pct_students_school_offers,2024,0.59
Michigan,Two or More Races,At least ten AP courses,pct_students_school_offers,2023,0.58
Michigan,Two or More Races,At least ten AP courses,pct_students_school_offers,2022,0.55
Michigan,Two or More Races,At least ten AP courses,pct_students_school_offers,2021,0.54
Michigan,Two or More Races,At least ten AP courses,pct_students_school_offers,2020,0.51
Michigan,Two or More Races,At least ten AP courses,pct_students_school_offers,2019,0.51
Michigan,Two or More Races,At least one AP STEM course,pct_students_school_offers,2024,0.79
Michigan,Two or More Races,At least one AP STEM course,pct_students_school_offers,2023,0.79
Michigan,Two or More Races,At least one AP STEM course,pct_students_school_offers,2022,0.79
Michigan,Two or More Races,At least one AP STEM course,pct_students_school_offers,2021,0.8
Michigan,Two or More Races,At least one AP STEM course,pct_students_school_offers,2020,0.79
Michigan,Two or More Races,At least one AP STEM course,pct_students_school_offers,2019,0.82
Minnesota,All,At least five AP courses,Number of public high schools that offer,2024,115
Minnesota,All,At least five AP courses,Number of public high schools that offer,2023,103
Minnesota,All,At least five AP courses,Number of public high schools that offer,2022,104
Minnesota,All,At least five AP courses,Number of public high schools that offer,2021,105
Minnesota,All,At least five AP courses,Number of public high schools that offer,2020,104
Minnesota,All,At least five AP courses,Number of public high schools that offer,2019,104
Minnesota,All,At least ten AP courses,Number of public high schools that offer,2024,82
Minnesota,All,At least ten AP courses,Number of public high schools that offer,2023,78
Minnesota,All,At least ten AP courses,Number of public high schools that offer,2022,74
Minnesota,All,At least ten AP courses,Number of public high schools that offer,2021,77
Minnesota,All,At least ten AP courses,Number of public high schools that offer,2020,68
Minnesota,All,At least ten AP courses,Number of public high schools that offer,2019,69
Minnesota,All,At least one AP STEM course,Number of public high schools that offer,2024,161
Minnesota,All,At least one AP STEM course,Number of public high schools that offer,2023,145
Minnesota,All,At least one AP STEM course,Number of public high schools that offer,2022,134
Minnesota,All,At least one AP STEM course,Number of public high schools that offer,2021,146
Minnesota,All,At least one AP STEM course,Number of public high schools that offer,2020,147
Minnesota,All,At least one AP STEM course,Number of public high schools that offer,2019,154
Minnesota,All,At least five AP courses,Percentage of public high schools that offers,2024,0.24
Minnesota,All,At least five AP courses,Percentage of public high schools that offers,2023,0.26
Minnesota,All,At least five AP courses,Percentage of public high schools that offers,2022,0.26
Minnesota,All,At least five AP courses,Percentage of public high schools that offers,2021,0.26
Minnesota,All,At least five AP courses,Percentage of public high schools that offers,2020,0.25
Minnesota,All,At least five AP courses,Percentage of public high schools that offers,2019,0.25
Minnesota,All,At least ten AP courses,Percentage of public high schools that offers,2024,0.17
Minnesota,All,At least ten AP courses,Percentage of public high schools that offers,2023,0.2
Minnesota,All,At least ten AP courses,Percentage of public high schools that offers,2022,0.19
Minnesota,All,At least ten AP courses,Percentage of public high schools that offers,2021,0.19
Minnesota,All,At least ten AP courses,Percentage of public high schools that offers,2020,0.17
Minnesota,All,At least ten AP courses,Percentage of public high schools that offers,2019,0.17
Minnesota,All,At least one AP STEM course,Percentage of public high schools that offers,2024,0.33
Minnesota,All,At least one AP STEM course,Percentage of public high schools that offers,2023,0.37
Minnesota,All,At least one AP STEM course,Percentage of public high schools that offers,2022,0.34
Minnesota,All,At least one AP STEM course,Percentage of public high schools that offers,2021,0.37
Minnesota,All,At least one AP STEM course,Percentage of public high schools that offers,2020,0.36
Minnesota,All,At least one AP STEM course,Percentage of public high schools that offers,2019,0.38
Minnesota,All,At least five AP courses,Percentage of public high school students whose school offers,2024,0.62
Minnesota,All,At least five AP courses,Percentage of public high school students whose school offers,2023,0.65
Minnesota,All,At least five AP courses,Percentage of public high school students whose school offers,2022,0.66
Minnesota,All,At least five AP courses,Percentage of public high school students whose school offers,2021,0.64
Minnesota,All,At least five AP courses,Percentage of public high school students whose school offers,2020,0.63
Minnesota,All,At least five AP courses,Percentage of public high school students whose school offers,2019,0.62
Minnesota,All,At least ten AP courses,Percentage of public high school students whose school offers,2024,0.51
Minnesota,All,At least ten AP courses,Percentage of public high school students whose school offers,2023,0.54
Minnesota,All,At least ten AP courses,Percentage of public high school students whose school offers,2022,0.53
Minnesota,All,At least ten AP courses,Percentage of public high school students whose school offers,2021,0.53
Minnesota,All,At least ten AP courses,Percentage of public high school students whose school offers,2020,0.49
Minnesota,All,At least ten AP courses,Percentage of public high school students whose school offers,2019,0.49
Minnesota,All,At least one AP STEM course,Percentage of public high school students whose school offers,2024,0.71
Minnesota,All,At least one AP STEM course,Percentage of public high school students whose school offers,2023,0.73
Minnesota,All,At least one AP STEM course,Percentage of public high school students whose school offers,2022,0.72
Minnesota,All,At least one AP STEM course,Percentage of public high school students whose school offers,2021,0.73
Minnesota,All,At least one AP STEM course,Percentage of public high school students whose school offers,2020,0.71
Minnesota,All,At least one AP STEM course,Percentage of public high school students whose school offers,2019,0.72
Minnesota,Asian,At least five AP courses,pct_students_school_offers,2024,0.77
Minnesota,Asian,At least five AP courses,pct_students_school_offers,2023,0.78
Minnesota,Asian,At least five AP courses,pct_students_school_offers,2022,0.79
Minnesota,Asian,At least five AP courses,pct_students_school_offers,2021,0.78
Minnesota,Asian,At least five AP courses,pct_students_school_offers,2020,0.73
Minnesota,Asian,At least five AP courses,pct_students_school_offers,2019,0.73
Minnesota,Asian,At least ten AP courses,pct_students_school_offers,2024,0.63
Minnesota,Asian,At least ten AP courses,pct_students_school_offers,2023,0.63
Minnesota,Asian,At least ten AP courses,pct_students_school_offers,2022,0.62
Minnesota,Asian,At least ten AP courses,pct_students_school_offers,2021,0.62
Minnesota,Asian,At least ten AP courses,pct_students_school_offers,2020,0.54
Minnesota,Asian,At least ten AP courses,pct_students_school_offers,2019,0.54
Minnesota,Asian,At least one AP STEM course,pct_students_school_offers,2024,0.83
Minnesota,Asian,At least one AP STEM course,pct_students_school_offers,2023,0.79
Minnesota,Asian,At least one AP STEM course,pct_students_school_offers,2022,0.8
Minnesota,Asian,At least one AP STEM course,pct_students_school_offers,2021,0.81
Minnesota,Asian,At least one AP STEM course,pct_students_school_offers,2020,0.74
Minnesota,Asian,At least one AP STEM course,pct_students_school_offers,2019,0.77
Minnesota,Hispanic/Latino,At least five AP courses,pct_students_school_offers,2024,0.65
Minnesota,Hispanic/Latino,At least five AP courses,pct_students_school_offers,2023,0.68
Minnesota,Hispanic/Latino,At least five AP courses,pct_students_school_offers,2022,0.69
Minnesota,Hispanic/Latino,At least five AP courses,pct_students_school_offers,2021,0.69
Minnesota,Hispanic/Latino,At least five AP courses,pct_students_school_offers,2020,0.68
Minnesota,Hispanic/Latino,At least five AP courses,pct_students_school_offers,2019,0.68
Minnesota,Hispanic/Latino,At least ten AP courses,pct_students_school_offers,2024,0.48
Minnesota,Hispanic/Latino,At least ten AP courses,pct_students_school_offers,2023,0.55
Minnesota,Hispanic/Latino,At least ten AP courses,pct_students_school_offers,2022,0.54
Minnesota,Hispanic/Latino,At least ten AP courses,pct_students_school_offers,2021,0.54
Minnesota,Hispanic/Latino,At least ten AP courses,pct_students_school_offers,2020,0.48
Minnesota,Hispanic/Latino,At least ten AP courses,pct_students_school_offers,2019,0.5
Minnesota,Hispanic/Latino,At least one AP STEM course,pct_students_school_offers,2024,0.76
Minnesota,Hispanic/Latino,At least one AP STEM course,pct_students_school_offers,2023,0.75
Minnesota,Hispanic/Latino,At least one AP STEM course,pct_students_school_offers,2022,0.74
Minnesota,Hispanic/Latino,At least one AP STEM course,pct_students_school_offers,2021,0.77
Minnesota,Hispanic/Latino,At least one AP STEM course,pct_students_school_offers,2020,0.75
Minnesota,Hispanic/Latino,At least one AP STEM course,pct_students_school_offers,2019,0.75
Minnesota,White,At least five AP courses,pct_students_school_offers,2024,0.58
Minnesota,White,At least five AP courses,pct_students_school_offers,2023,0.6
Minnesota,White,At least five AP courses,pct_students_school_offers,2022,0.62
Minnesota,White,At least five AP courses,pct_students_school_offers,2021,0.6
Minnesota,White,At least five AP courses,pct_students_school_offers,2020,0.61
Minnesota,White,At least five AP courses,pct_students_school_offers,2019,0.6
Minnesota,White,At least ten AP courses,pct_students_school_offers,2024,0.48
Minnesota,White,At least ten AP courses,pct_students_school_offers,2023,0.51
Minnesota,White,At least ten AP courses,pct_students_school_offers,2022,0.5
Minnesota,White,At least ten AP courses,pct_students_school_offers,2021,0.5
Minnesota,White,At least ten AP courses,pct_students_school_offers,2020,0.47
Minnesota,White,At least ten AP courses,pct_students_school_offers,2019,0.47
Minnesota,White,At least one AP STEM course,pct_students_school_offers,2024,0.68
Minnesota,White,At least one AP STEM course,pct_students_school_offers,2023,0.71
Minnesota,White,At least one AP STEM course,pct_students_school_offers,2022,0.69
Minnesota,White,At least one AP STEM course,pct_students_school_offers,2021,0.7
Minnesota,White,At least one AP STEM course,pct_students_school_offers,2020,0.7
Minnesota,White,At least one AP STEM course,pct_students_school_offers,2019,0.71
Minnesota,Black or African American,At least five AP courses,pct_students_school_offers,2024,0.75
Minnesota,Black or African American,At least five AP courses,pct_students_school_offers,2023,0.82
Minnesota,Black or African American,At least five AP courses,pct_students_school_offers,2022,0.81
Minnesota,Black or African American,At least five AP courses,pct_students_school_offers,2021,0.78
Minnesota,Black or African American,At least five AP courses,pct_students_school_offers,2020,0.74
Minnesota,Black or African American,At least five AP courses,pct_students_school_offers,2019,0.73
Minnesota,Black or African American,At least ten AP courses,pct_students_school_offers,2024,0.61
Minnesota,Black or African American,At least ten AP courses,pct_students_school_offers,2023,0.68
Minnesota,Black or African American,At least ten AP courses,pct_students_school_offers,2022,0.64
Minnesota,Black or African American,At least ten AP courses,pct_students_school_offers,2021,0.67
Minnesota,Black or African American,At least ten AP courses,pct_students_school_offers,2020,0.57
Minnesota,Black or African American,At least ten AP courses,pct_students_school_offers,2019,0.58
Minnesota,Black or African American,At least one AP STEM course,pct_students_school_offers,2024,0.82
Minnesota,Black or African American,At least one AP STEM course,pct_students_school_offers,2023,0.84
Minnesota,Black or African American,At least one AP STEM course,pct_students_school_offers,2022,0.84
Minnesota,Black or African American,At least one AP STEM course,pct_students_school_offers,2021,0.84
Minnesota,Black or African American,At least one AP STEM course,pct_students_school_offers,2020,0.8
Minnesota,Black or African American,At least one AP STEM course,pct_students_school_offers,2019,0.8
Minnesota,Native American or Alaska Native,At least five AP courses,pct_students_school_offers,2024,0.35
Minnesota,Native American or Alaska Native,At least five AP courses,pct_students_school_offers,2023,0.38
Minnesota,Native American or Alaska Native,At least five AP courses,pct_students_school_offers,2022,0.36
Minnesota,Native American or Alaska Native,At least five AP courses,pct_students_school_offers,2021,0.36
Minnesota,Native American or Alaska Native,At least five AP courses,pct_students_school_offers,2020,0.35
Minnesota,Native American or Alaska Native,At least five AP courses,pct_students_school_offers,2019,0.35
Minnesota,Native American or Alaska Native,At least ten AP courses,pct_students_school_offers,2024,0.23
Minnesota,Native American or Alaska Native,At least ten AP courses,pct_students_school_offers,2023,0.27
Minnesota,Native American or Alaska Native,At least ten AP courses,pct_students_school_offers,2022,0.26
Minnesota,Native American or Alaska Native,At least ten AP courses,pct_students_school_offers,2021,0.27
Minnesota,Native American or Alaska Native,At least ten AP courses,pct_students_school_offers,2020,0.26
Minnesota,Native American or Alaska Native,At least ten AP courses,pct_students_school_offers,2019,0.21
Minnesota,Native American or Alaska Native,At least one AP STEM course,pct_students_school_offers,2024,0.44
Minnesota,Native American or Alaska Native,At least one AP STEM course,pct_students_school_offers,2023,0.49
Minnesota,Native American or Alaska Native,At least one AP STEM course,pct_students_school_offers,2022,0.45
Minnesota,Native American or Alaska Native,At least one AP STEM course,pct_students_school_offers,2021,0.46
Minnesota,Native American or Alaska Native,At least one AP STEM course,pct_students_school_offers,2020,0.49
Minnesota,Native American or Alaska Native,At least one AP STEM course,pct_students_school_offers,2019,0.5
Minnesota,Native Hawaiian or other Pacific Islander,At least five AP courses,pct_students_school_offers,2024,0.54
Minnesota,Native Hawaiian or other Pacific Islander,At least five AP courses,pct_students_school_offers,2023,0.56
Minnesota,Native Hawaiian or other Pacific Islander,At least five AP courses,pct_students_school_offers,2022,0.6
Minnesota,Native Hawaiian or other Pacific Islander,At least five AP courses,pct_students_school_offers,2021,0.6
Minnesota,Native Hawaiian or other Pacific Islander,At least five AP courses,pct_students_school_offers,2020,0.58
Minnesota,Native Hawaiian or other Pacific Islander,At least five AP courses,pct_students_school_offers,2019,0.56
Minnesota,Native Hawaiian or other Pacific Islander,At least ten AP courses,pct_students_school_offers,2024,0.36
Minnesota,Native Hawaiian or other Pacific Islander,At least ten AP courses,pct_students_school_offers,2023,0.51
Minnesota,Native Hawaiian or other Pacific Islander,At least ten AP courses,pct_students_school_offers,2022,0.48
Minnesota,Native Hawaiian or other Pacific Islander,At least ten AP courses,pct_students_school_offers,2021,0.44
Minnesota,Native Hawaiian or other Pacific Islander,At least ten AP courses,pct_students_school_offers,2020,0.49
Minnesota,Native Hawaiian or other Pacific Islander,At least ten AP courses,pct_students_school_offers,2019,0.49
Minnesota,Native Hawaiian or other Pacific Islander,At least one AP STEM course,pct_students_school_offers,2024,0.6
Minnesota,Native Hawaiian or other Pacific Islander,At least one AP STEM course,pct_students_school_offers,2023,0.6
Minnesota,Native Hawaiian or other Pacific Islander,At least one AP STEM course,pct_students_school_offers,2022,0.64
Minnesota,Native Hawaiian or other Pacific Islander,At least one AP STEM course,pct_students_school_offers,2021,0.65
Minnesota,Native Hawaiian or other Pacific Islander,At least one AP STEM course,pct_students_school_offers,2020,0.66
Minnesota,Native Hawaiian or other Pacific Islander,At least one AP STEM course,pct_students_school_offers,2019,0.65
Minnesota,Two or More Races,At least five AP courses,pct_students_school_offers,2024,0.69
Minnesota,Two or More Races,At least five AP courses,pct_students_school_offers,2023,0.73
Minnesota,Two or More Races,At least five AP courses,pct_students_school_offers,2022,0.72
Minnesota,Two or More Races,At least five AP courses,pct_students_school_offers,2021,0.7
Minnesota,Two or More Races,At least five AP courses,pct_students_school_offers,2020,0.67
Minnesota,Two or More Races,At least five AP courses,pct_students_school_offers,2019,0.67
Minnesota,Two or More Races,At least ten AP courses,pct_students_school_offers,2024,0.57
Minnesota,Two or More Races,At least ten AP courses,pct_students_school_offers,2023,0.61
Minnesota,Two or More Races,At least ten AP courses,pct_students_school_offers,2022,0.6
Minnesota,Two or More Races,At least ten AP courses,pct_students_school_offers,2021,0.59
Minnesota,Two or More Races,At least ten AP courses,pct_students_school_offers,2020,0.54
Minnesota,Two or More Races,At least ten AP courses,pct_students_school_offers,2019,0.53
Minnesota,Two or More Races,At least one AP STEM course,pct_students_school_offers,2024,0.76
Minnesota,Two or More Races,At least one AP STEM course,pct_students_school_offers,2023,0.78
Minnesota,Two or More Races,At least one AP STEM course,pct_students_school_offers,2022,0.77
Minnesota,Two or More Races,At least one AP STEM course,pct_students_school_offers,2021,0.78
Minnesota,Two or More Races,At least one AP STEM course,pct_students_school_offers,2020,0.74
Minnesota,Two or More Races,At least one AP STEM course,pct_students_school_offers,2019,0.76
Mississippi,All,At least five AP courses,Number of public high schools that offer,2024,73
Mississippi,All,At least five AP courses,Number of public high schools that offer,2023,67
Mississippi,All,At least five AP courses,Number of public high schools that offer,2022,63
Mississippi,All,At least five AP courses,Number of public high schools that offer,2021,66
Mississippi,All,At least five AP courses,Number of public high schools that offer,2020,52
Mississippi,All,At least five AP courses,Number of public high schools that offer,2019,53
Mississippi,All,At least ten AP courses,Number of public high schools that offer,2024,28
Mississippi,All,At least ten AP courses,Number of public high schools that offer,2023,30
Mississippi,All,At least ten AP courses,Number of public high schools that offer,2022,24
Mississippi,All,At least ten AP courses,Number of public high schools that offer,2021,23
Mississippi,All,At least ten AP courses,Number of public high schools that offer,2020,20
Mississippi,All,At least ten AP courses,Number of public high schools that offer,2019,16
Mississippi,All,At least one AP STEM course,Number of public high schools that offer,2024,127
Mississippi,All,At least one AP STEM course,Number of public high schools that offer,2023,132
Mississippi,All,At least one AP STEM course,Number of public high schools that offer,2022,127
Mississippi,All,At least one AP STEM course,Number of public high schools that offer,2021,115
Mississippi,All,At least one AP STEM course,Number of public high schools that offer,2020,92
Mississippi,All,At least one AP STEM course,Number of public high schools that offer,2019,90
Mississippi,All,At least five AP courses,Percentage of public high schools that offers,2024,0.31
Mississippi,All,At least five AP courses,Percentage of public high schools that offers,2023,0.3
Mississippi,All,At least five AP courses,Percentage of public high schools that offers,2022,0.28
Mississippi,All,At least five AP courses,Percentage of public high schools that offers,2021,0.29
Mississippi,All,At least five AP courses,Percentage of public high schools that offers,2020,0.24
Mississippi,All,At least five AP courses,Percentage of public high schools that offers,2019,0.24
Mississippi,All,At least ten AP courses,Percentage of public high schools that offers,2024,0.12
Mississippi,All,At least ten AP courses,Percentage of public high schools that offers,2023,0.13
Mississippi,All,At least ten AP courses,Percentage of public high schools that offers,2022,0.11
Mississippi,All,At least ten AP courses,Percentage of public high schools that offers,2021,0.1
Mississippi,All,At least ten AP courses,Percentage of public high schools that offers,2020,0.09
Mississippi,All,At least ten AP courses,Percentage of public high schools that offers,2019,0.07
Mississippi,All,At least one AP STEM course,Percentage of public high schools that offers,2024,0.54
Mississippi,All,At least one AP STEM course,Percentage of public high schools that offers,2023,0.58
Mississippi,All,At least one AP STEM course,Percentage of public high schools that offers,2022,0.57
Mississippi,All,At least one AP STEM course,Percentage of public high schools that offers,2021,0.51
Mississippi,All,At least one AP STEM course,Percentage of public high schools that offers,2020,0.42
Mississippi,All,At least one AP STEM course,Percentage of public high schools that offers,2019,0.41
Mississippi,All,At least five AP courses,Percentage of public high school students whose school offers,2024,0.54
Mississippi,All,At least five AP courses,Percentage of public high school students whose school offers,2023,0.51
Mississippi,All,At least five AP courses,Percentage of public high school students whose school offers,2022,0.49
Mississippi,All,At least five AP courses,Percentage of public high school students whose school offers,2021,0.49
Mississippi,All,At least five AP courses,Percentage of public high school students whose school offers,2020,0.4
Mississippi,All,At least five AP courses,Percentage of public high school students whose school offers,2019,0.43
Mississippi,All,At least ten AP courses,Percentage of public high school students whose school offers,2024,0.28
Mississippi,All,At least ten AP courses,Percentage of public high school students whose school offers,2023,0.29
Mississippi,All,At least ten AP courses,Percentage of public high school students whose school offers,2022,0.26
Mississippi,All,At least ten AP courses,Percentage of public high school students whose school offers,2021,0.24
Mississippi,All,At least ten AP courses,Percentage of public high school students whose school offers,2020,0.22
Mississippi,All,At least ten AP courses,Percentage of public high school students whose school offers,2019,0.18
Mississippi,All,At least one AP STEM course,Percentage of public high school students whose school offers,2024,0.71
Mississippi,All,At least one AP STEM course,Percentage of public high school students whose school offers,2023,0.75
Mississippi,All,At least one AP STEM course,Percentage of public high school students whose school offers,2022,0.73
Mississippi,All,At least one AP STEM course,Percentage of public high school students whose school offers,2021,0.68
Mississippi,All,At least one AP STEM course,Percentage of public high school students whose school offers,2020,0.59
Mississippi,All,At least one AP STEM course,Percentage of public high school students whose school offers,2019,0.6
Mississippi,Asian,At least five AP courses,pct_students_school_offers,2024,0.84
Mississippi,Asian,At least five AP courses,pct_students_school_offers,2023,0.81
Mississippi,Asian,At least five AP courses,pct_students_school_offers,2022,0.83
Mississippi,Asian,At least five AP courses,pct_students_school_offers,2021,0.76
Mississippi,Asian,At least five AP courses,pct_students_school_offers,2020,0.68
Mississippi,Asian,At least five AP courses,pct_students_school_offers,2019,0.71
Mississippi,Asian,At least ten AP courses,pct_students_school_offers,2024,0.53
Mississippi,Asian,At least ten AP courses,pct_students_school_offers,2023,0.54
Mississippi,Asian,At least ten AP courses,pct_students_school_offers,2022,0.51
Mississippi,Asian,At least ten AP courses,pct_students_school_offers,2021,0.5
Mississippi,Asian,At least ten AP courses,pct_students_school_offers,2020,0.44
Mississippi,Asian,At least ten AP courses,pct_students_school_offers,2019,0.5
Mississippi,Asian,At least one AP STEM course,pct_students_school_offers,2024,0.85
Mississippi,Asian,At least one AP STEM course,pct_students_school_offers,2023,0.91
Mississippi,Asian,At least one AP STEM course,pct_students_school_offers,2022,0.9
Mississippi,Asian,At least one AP STEM course,pct_students_school_offers,2021,0.87
Mississippi,Asian,At least one AP STEM course,pct_students_school_offers,2020,0.86
Mississippi,Asian,At least one AP STEM course,pct_students_school_offers,2019,0.81
Mississippi,Hispanic/Latino,At least five AP courses,pct_students_school_offers,2024,0.63
Mississippi,Hispanic/Latino,At least five AP courses,pct_students_school_offers,2023,0.63
Mississippi,Hispanic/Latino,At least five AP courses,pct_students_school_offers,2022,0.56
Mississippi,Hispanic/Latino,At least five AP courses,pct_students_school_offers,2021,0.61
Mississippi,Hispanic/Latino,At least five AP courses,pct_students_school_offers,2020,0.53
Mississippi,Hispanic/Latino,At least five AP courses,pct_students_school_offers,2019,0.59
Mississippi,Hispanic/Latino,At least ten AP courses,pct_students_school_offers,2024,0.3
Mississippi,Hispanic/Latino,At least ten AP courses,pct_students_school_offers,2023,0.34
Mississippi,Hispanic/Latino,At least ten AP courses,pct_students_school_offers,2022,0.3
Mississippi,Hispanic/Latino,At least ten AP courses,pct_students_school_offers,2021,0.27
Mississippi,Hispanic/Latino,At least ten AP courses,pct_students_school_offers,2020,0.28
Mississippi,Hispanic/Latino,At least ten AP courses,pct_students_school_offers,2019,0.29
Mississippi,Hispanic/Latino,At least one AP STEM course,pct_students_school_offers,2024,0.81
Mississippi,Hispanic/Latino,At least one AP STEM course,pct_students_school_offers,2023,0.82
Mississippi,Hispanic/Latino,At least one AP STEM course,pct_students_school_offers,2022,0.77
Mississippi,Hispanic/Latino,At least one AP STEM course,pct_students_school_offers,2021,0.72
Mississippi,Hispanic/Latino,At least one AP STEM course,pct_students_school_offers,2020,0.67
Mississippi,Hispanic/Latino,At least one AP STEM course,pct_students_school_offers,2019,0.72
Mississippi,White,At least five AP courses,pct_students_school_offers,2024,0.51
Mississippi,White,At least five AP courses,pct_students_school_offers,2023,0.49
Mississippi,White,At least five AP courses,pct_students_school_offers,2022,0.49
Mississippi,White,At least five AP courses,pct_students_school_offers,2021,0.48
Mississippi,White,At least five AP courses,pct_students_school_offers,2020,0.43
Mississippi,White,At least five AP courses,pct_students_school_offers,2019,0.44
Mississippi,White,At least ten AP courses,pct_students_school_offers,2024,0.28
Mississippi,White,At least ten AP courses,pct_students_school_offers,2023,0.29
Mississippi,White,At least ten AP courses,pct_students_school_offers,2022,0.28
Mississippi,White,At least ten AP courses,pct_students_school_offers,2021,0.27
Mississippi,White,At least ten AP courses,pct_students_school_offers,2020,0.25
Mississippi,White,At least ten AP courses,pct_students_school_offers,2019,0.21
Mississippi,White,At least one AP STEM course,pct_students_school_offers,2024,0.71
Mississippi,White,At least one AP STEM course,pct_students_school_offers,2023,0.77
Mississippi,White,At least one AP STEM course,pct_students_school_offers,2022,0.72
Mississippi,White,At least one AP STEM course,pct_students_school_offers,2021,0.67
Mississippi,White,At least one AP STEM course,pct_students_school_offers,2020,0.63
Mississippi,White,At least one AP STEM course,pct_students_school_offers,2019,0.6
Mississippi,Black or African American,At least five AP courses,pct_students_school_offers,2024,0.54
Mississippi,Black or African American,At least five AP courses,pct_students_school_offers,2023,0.51
Mississippi,Black or African American,At least five AP courses,pct_students_school_offers,2022,0.47
Mississippi,Black or African American,At least five AP courses,pct_students_school_offers,2021,0.49
Mississippi,Black or African American,At least five AP courses,pct_students_school_offers,2020,0.35
Mississippi,Black or African American,At least five AP courses,pct_students_school_offers,2019,0.42
Mississippi,Black or African American,At least ten AP courses,pct_students_school_offers,2024,0.26
Mississippi,Black or African American,At least ten AP courses,pct_students_school_offers,2023,0.27
Mississippi,Black or African American,At least ten AP courses,pct_students_school_offers,2022,0.22
Mississippi,Black or African American,At least ten AP courses,pct_students_school_offers,2021,0.2
Mississippi,Black or African American,At least ten AP courses,pct_students_school_offers,2020,0.18
Mississippi,Black or African American,At least ten AP courses,pct_students_school_offers,2019,0.14
Mississippi,Black or African American,At least one AP STEM course,pct_students_school_offers,2024,0.71
Mississippi,Black or African American,At least one AP STEM course,pct_students_school_offers,2023,0.73
Mississippi,Black or African American,At least one AP STEM course,pct_students_school_offers,2022,0.72
Mississippi,Black or African American,At least one AP STEM course,pct_students_school_offers,2021,0.68
Mississippi,Black or African American,At least one AP STEM course,pct_students_school_offers,2020,0.54
Mississippi,Black or African American,At least one AP STEM course,pct_students_school_offers,2019,0.58
Mississippi,Native American or Alaska Native,At least five AP courses,pct_students_school_offers,2024,0.11
Mississippi,Native American or Alaska Native,At least five AP courses,pct_students_school_offers,2023,0.26
Mississippi,Native American or Alaska Native,At least five AP courses,pct_students_school_offers,2022,0.29
Mississippi,Native American or Alaska Native,At least five AP courses,pct_students_school_offers,2021,0.28
Mississippi,Native American or Alaska Native,At least five AP courses,pct_students_school_offers,2020,0.26
Mississippi,Native American or Alaska Native,At least five AP courses,pct_students_school_offers,2019,0.27
Mississippi,Native American or Alaska Native,At least ten AP courses,pct_students_school_offers,2024,0.06
Mississippi,Native American or Alaska Native,At least ten AP courses,pct_students_school_offers,2023,0.14
Mississippi,Native American or Alaska Native,At least ten AP courses,pct_students_school_offers,2022,0.13
Mississippi,Native American or Alaska Native,At least ten AP courses,pct_students_school_offers,2021,0.12
Mississippi,Native American or Alaska Native,At least ten AP courses,pct_students_school_offers,2020,0.12
Mississippi,Native American or Alaska Native,At least ten AP courses,pct_students_school_offers,2019,0.1
Mississippi,Native American or Alaska Native,At least one AP STEM course,pct_students_school_offers,2024,0.29
Mississippi,Native American or Alaska Native,At least one AP STEM course,pct_students_school_offers,2023,0.79
Mississippi,Native American or Alaska Native,At least one AP STEM course,pct_students_school_offers,2022,0.45
Mississippi,Native American or Alaska Native,At least one AP STEM course,pct_students_school_offers,2021,0.35
Mississippi,Native American or Alaska Native,At least one AP STEM course,pct_students_school_offers,2020,0.32
Mississippi,Native American or Alaska Native,At least one AP STEM course,pct_students_school_offers,2019,0.31
Mississippi,Native Hawaiian or other Pacific Islander,At least five AP courses,pct_students_school_offers,2024,0.75
Mississippi,Native Hawaiian or other Pacific Islander,At least five AP courses,pct_students_school_offers,2023,0.76
Mississippi,Native Hawaiian or other Pacific Islander,At least five AP courses,pct_students_school_offers,2022,0.69
Mississippi,Native Hawaiian or other Pacific Islander,At least five AP courses,pct_students_school_offers,2021,0.63
Mississippi,Native Hawaiian or other Pacific Islander,At least five AP courses,pct_students_school_offers,2020,0.67
Mississippi,Native Hawaiian or other Pacific Islander,At least five AP courses,pct_students_school_offers,2019,0.72
Mississippi,Native Hawaiian or other Pacific Islander,At least ten AP courses,pct_students_school_offers,2024,0.4
Mississippi,Native Hawaiian or other Pacific Islander,At least ten AP courses,pct_students_school_offers,2023,0.43
Mississippi,Native Hawaiian or other Pacific Islander,At least ten AP courses,pct_students_school_offers,2022,0.39
Mississippi,Native Hawaiian or other Pacific Islander,At least ten AP courses,pct_students_school_offers,2021,0.41
Mississippi,Native Hawaiian or other Pacific Islander,At least ten AP courses,pct_students_school_offers,2020,0.49
Mississippi,Native Hawaiian or other Pacific Islander,At least ten AP courses,pct_students_school_offers,2019,0.33
Mississippi,Native Hawaiian or other Pacific Islander,At least one AP STEM course,pct_students_school_offers,2024,0.79
Mississippi,Native Hawaiian or other Pacific Islander,At least one AP STEM course,pct_students_school_offers,2023,0.84
Mississippi,Native Hawaiian or other Pacific Islander,At least one AP STEM course,pct_students_school_offers,2022,0.85
Mississippi,Native Hawaiian or other Pacific Islander,At least one AP STEM course,pct_students_school_offers,2021,0.87
Mississippi,Native Hawaiian or other Pacific Islander,At least one AP STEM course,pct_students_school_offers,2020,0.74
Mississippi,Native Hawaiian or other Pacific Islander,At least one AP STEM course,pct_students_school_offers,2019,0.79
Mississippi,Two or More Races,At least five AP courses,pct_students_school_offers,2024,0.63
Mississippi,Two or More Races,At least five AP courses,pct_students_school_offers,2023,0.57
Mississippi,Two or More Races,At least five AP courses,pct_students_school_offers,2022,0.56
Mississippi,Two or More Races,At least five AP courses,pct_students_school_offers,2021,0.54
Mississippi,Two or More Races,At least five AP courses,pct_students_school_offers,2020,0.51
Mississippi,Two or More Races,At least five AP courses,pct_students_school_offers,2019,0.56
Mississippi,Two or More Races,At least ten AP courses,pct_students_school_offers,2024,0.34
Mississippi,Two or More Races,At least ten AP courses,pct_students_school_offers,2023,0.35
Mississippi,Two or More Races,At least ten AP courses,pct_students_school_offers,2022,0.33
Mississippi,Two or More Races,At least ten AP courses,pct_students_school_offers,2021,0.33
Mississippi,Two or More Races,At least ten AP courses,pct_students_school_offers,2020,0.29
Mississippi,Two or More Races,At least ten AP courses,pct_students_school_offers,2019,0.26
Mississippi,Two or More Races,At least one AP STEM course,pct_students_school_offers,2024,0.81
Mississippi,Two or More Races,At least one AP STEM course,pct_students_school_offers,2023,0.83
Mississippi,Two or More Races,At least one AP STEM course,pct_students_school_offers,2022,0.76
Mississippi,Two or More Races,At least one AP STEM course,pct_students_school_offers,2021,0.68
Mississippi,Two or More Races,At least one AP STEM course,pct_students_school_offers,2020,0.7
Mississippi,Two or More Races,At least one AP STEM course,pct_students_school_offers,2019,0.74
Missouri,All,At least five AP courses,Number of public high schools that offer,2024,137
Missouri,All,At least five AP courses,Number of public high schools that offer,2023,130
Missouri,All,At least five AP courses,Number of public high schools that offer,2022,120
Missouri,All,At least five AP courses,Number of public high schools that offer,2021,125
Missouri,All,At least five AP courses,Number of public high schools that offer,2020,121
Missouri,All,At least five AP courses,Number of public high schools that offer,2019,123
Missouri,All,At least ten AP courses,Number of public high schools that offer,2024,86
Missouri,All,At least ten AP courses,Number of public high schools that offer,2023,78
Missouri,All,At least ten AP courses,Number of public high schools that offer,2022,73
Missouri,All,At least ten AP courses,Number of public high schools that offer,2021,72
Missouri,All,At least ten AP courses,Number of public high schools that offer,2020,73
Missouri,All,At least ten AP courses,Number of public high schools that offer,2019,67
Missouri,All,At least one AP STEM course,Number of public high schools that offer,2024,174
Missouri,All,At least one AP STEM course,Number of public high schools that offer,2023,180
Missouri,All,At least one AP STEM course,Number of public high schools that offer,2022,165
Missouri,All,At least one AP STEM course,Number of public high schools that offer,2021,181
Missouri,All,At least one AP STEM course,Number of public high schools that offer,2020,181
Missouri,All,At least one AP STEM course,Number of public high schools that offer,2019,178
Missouri,All,At least five AP courses,Percentage of public high schools that offers,2024,0.26
Missouri,All,At least five AP courses,Percentage of public high schools that offers,2023,0.26
Missouri,All,At least five AP courses,Percentage of public high schools that offers,2022,0.24
Missouri,All,At least five AP courses,Percentage of public high schools that offers,2021,0.25
Missouri,All,At least five AP courses,Percentage of public high schools that offers,2020,0.24
Missouri,All,At least five AP courses,Percentage of public high schools that offers,2019,0.25
Missouri,All,At least ten AP courses,Percentage of public high schools that offers,2024,0.17
Missouri,All,At least ten AP courses,Percentage of public high schools that offers,2023,0.16
Missouri,All,At least ten AP courses,Percentage of public high schools that offers,2022,0.15
Missouri,All,At least ten AP courses,Percentage of public high schools that offers,2021,0.14
Missouri,All,At least ten AP courses,Percentage of public high schools that offers,2020,0.15
Missouri,All,At least ten AP courses,Percentage of public high schools that offers,2019,0.13
Missouri,All,At least one AP STEM course,Percentage of public high schools that offers,2024,0.34
Missouri,All,At least one AP STEM course,Percentage of public high schools that offers,2023,0.36
Missouri,All,At least one AP STEM course,Percentage of public high schools that offers,2022,0.33
Missouri,All,At least one AP STEM course,Percentage of public high schools that offers,2021,0.36
Missouri,All,At least one AP STEM course,Percentage of public high schools that offers,2020,0.36
Missouri,All,At least one AP STEM course,Percentage of public high schools that offers,2019,0.35
Missouri,All,At least five AP courses,Percentage of public high school students whose school offers,2024,0.63
Missouri,All,At least five AP courses,Percentage of public high school students whose school offers,2023,0.63
Missouri,All,At least five AP courses,Percentage of public high school students whose school offers,2022,0.61
Missouri,All,At least five AP courses,Percentage of public high school students whose school offers,2021,0.61
Missouri,All,At least five AP courses,Percentage of public high school students whose school offers,2020,0.61
Missouri,All,At least five AP courses,Percentage of public high school students whose school offers,2019,0.58
Missouri,All,At least ten AP courses,Percentage of public high school students whose school offers,2024,0.46
Missouri,All,At least ten AP courses,Percentage of public high school students whose school offers,2023,0.44
Missouri,All,At least ten AP courses,Percentage of public high school students whose school offers,2022,0.42
Missouri,All,At least ten AP courses,Percentage of public high school students whose school offers,2021,0.42
Missouri,All,At least ten AP courses,Percentage of public high school students whose school offers,2020,0.43
Missouri,All,At least ten AP courses,Percentage of public high school students whose school offers,2019,0.39
Missouri,All,At least one AP STEM course,Percentage of public high school students whose school offers,2024,0.68
Missouri,All,At least one AP STEM course,Percentage of public high school students whose school offers,2023,0.72
Missouri,All,At least one AP STEM course,Percentage of public high school students whose school offers,2022,0.69
Missouri,All,At least one AP STEM course,Percentage of public high school students whose school offers,2021,0.72
Missouri,All,At least one AP STEM course,Percentage of public high school students whose school offers,2020,0.71
Missouri,All,At least one AP STEM course,Percentage of public high school students whose school offers,2019,0.71
Missouri,Asian,At least five AP courses,pct_students_school_offers,2024,0.88
Missouri,Asian,At least five AP courses,pct_students_school_offers,2023,0.87
Missouri,Asian,At least five AP courses,pct_students_school_offers,2022,0.86
Missouri,Asian,At least five AP courses,pct_students_school_offers,2021,0.85
Missouri,Asian,At least five AP courses,pct_students_school_offers,2020,0.85
Missouri,Asian,At least five AP courses,pct_students_school_offers,2019,0.82
Missouri,Asian,At least ten AP courses,pct_students_school_offers,2024,0.75
Missouri,Asian,At least ten AP courses,pct_students_school_offers,2023,0.74
Missouri,Asian,At least ten AP courses,pct_students_school_offers,2022,0.71
Missouri,Asian,At least ten AP courses,pct_students_school_offers,2021,0.7
Missouri,Asian,At least ten AP courses,pct_students_school_offers,2020,0.67
Missouri,Asian,At least ten AP courses,pct_students_school_offers,2019,0.65
Missouri,Asian,At least one AP STEM course,pct_students_school_offers,2024,0.9
Missouri,Asian,At least one AP STEM course,pct_students_school_offers,2023,0.91
Missouri,Asian,At least one AP STEM course,pct_students_school_offers,2022,0.9
Missouri,Asian,At least one AP STEM course,pct_students_school_offers,2021,0.92
Missouri,Asian,At least one AP STEM course,pct_students_school_offers,2020,0.91
Missouri,Asian,At least one AP STEM course,pct_students_school_offers,2019,0.92
Missouri,Hispanic/Latino,At least five AP courses,pct_students_school_offers,2024,0.75
Missouri,Hispanic/Latino,At least five AP courses,pct_students_school_offers,2023,0.77
Missouri,Hispanic/Latino,At least five AP courses,pct_students_school_offers,2022,0.73
Missouri,Hispanic/Latino,At least five AP courses,pct_students_school_offers,2021,0.74
Missouri,Hispanic/Latino,At least five AP courses,pct_students_school_offers,2020,0.73
Missouri,Hispanic/Latino,At least five AP courses,pct_students_school_offers,2019,0.69
Missouri,Hispanic/Latino,At least ten AP courses,pct_students_school_offers,2024,0.48
Missouri,Hispanic/Latino,At least ten AP courses,pct_students_school_offers,2023,0.49
Missouri,Hispanic/Latino,At least ten AP courses,pct_students_school_offers,2022,0.43
Missouri,Hispanic/Latino,At least ten AP courses,pct_students_school_offers,2021,0.42
Missouri,Hispanic/Latino,At least ten AP courses,pct_students_school_offers,2020,0.44
Missouri,Hispanic/Latino,At least ten AP courses,pct_students_school_offers,2019,0.38
Missouri,Hispanic/Latino,At least one AP STEM course,pct_students_school_offers,2024,0.77
Missouri,Hispanic/Latino,At least one AP STEM course,pct_students_school_offers,2023,0.85
Missouri,Hispanic/Latino,At least one AP STEM course,pct_students_school_offers,2022,0.79
Missouri,Hispanic/Latino,At least one AP STEM course,pct_students_school_offers,2021,0.81
Missouri,Hispanic/Latino,At least one AP STEM course,pct_students_school_offers,2020,0.8
Missouri,Hispanic/Latino,At least one AP STEM course,pct_students_school_offers,2019,0.83
Missouri,White,At least five AP courses,pct_students_school_offers,2024,0.58
Missouri,White,At least five AP courses,pct_students_school_offers,2023,0.58
Missouri,White,At least five AP courses,pct_students_school_offers,2022,0.57
Missouri,White,At least five AP courses,pct_students_school_offers,2021,0.58
Missouri,White,At least five AP courses,pct_students_school_offers,2020,0.57
Missouri,White,At least five AP courses,pct_students_school_offers,2019,0.55
Missouri,White,At least ten AP courses,pct_students_school_offers,2024,0.45
Missouri,White,At least ten AP courses,pct_students_school_offers,2023,0.41
Missouri,White,At least ten AP courses,pct_students_school_offers,2022,0.41
Missouri,White,At least ten AP courses,pct_students_school_offers,2021,0.41
Missouri,White,At least ten AP courses,pct_students_school_offers,2020,0.41
Missouri,White,At least ten AP courses,pct_students_school_offers,2019,0.38
Missouri,White,At least one AP STEM course,pct_students_school_offers,2024,0.65
Missouri,White,At least one AP STEM course,pct_students_school_offers,2023,0.67
Missouri,White,At least one AP STEM course,pct_students_school_offers,2022,0.64
Missouri,White,At least one AP STEM course,pct_students_school_offers,2021,0.68
Missouri,White,At least one AP STEM course,pct_students_school_offers,2020,0.69
Missouri,White,At least one AP STEM course,pct_students_school_offers,2019,0.69
Missouri,Black or African American,At least five AP courses,pct_students_school_offers,2024,0.72
Missouri,Black or African American,At least five AP courses,pct_students_school_offers,2023,0.71
Missouri,Black or African American,At least five AP courses,pct_students_school_offers,2022,0.67
Missouri,Black or African American,At least five AP courses,pct_students_school_offers,2021,0.67
Missouri,Black or African American,At least five AP courses,pct_students_school_offers,2020,0.7
Missouri,Black or African American,At least five AP courses,pct_students_school_offers,2019,0.66
Missouri,Black or African American,At least ten AP courses,pct_students_school_offers,2024,0.42
Missouri,Black or African American,At least ten AP courses,pct_students_school_offers,2023,0.44
Missouri,Black or African American,At least ten AP courses,pct_students_school_offers,2022,0.39
Missouri,Black or African American,At least ten AP courses,pct_students_school_offers,2021,0.41
Missouri,Black or African American,At least ten AP courses,pct_students_school_offers,2020,0.49
Missouri,Black or African American,At least ten AP courses,pct_students_school_offers,2019,0.42
Missouri,Black or African American,At least one AP STEM course,pct_students_school_offers,2024,0.7
Missouri,Black or African American,At least one AP STEM course,pct_students_school_offers,2023,0.87
Missouri,Black or African American,At least one AP STEM course,pct_students_school_offers,2022,0.79
Missouri,Black or African American,At least one AP STEM course,pct_students_school_offers,2021,0.79
Missouri,Black or African American,At least one AP STEM course,pct_students_school_offers,2020,0.77
Missouri,Black or African American,At least one AP STEM course,pct_students_school_offers,2019,0.76
Missouri,Native American or Alaska Native,At least five AP courses,pct_students_school_offers,2024,0.58
Missouri,Native American or Alaska Native,At least five AP courses,pct_students_school_offers,2023,0.58
Missouri,Native American or Alaska Native,At least five AP courses,pct_students_school_offers,2022,0.56
Missouri,Native American or Alaska Native,At least five AP courses,pct_students_school_offers,2021,0.56
Missouri,Native American or Alaska Native,At least five AP courses,pct_students_school_offers,2020,0.58
Missouri,Native American or Alaska Native,At least five AP courses,pct_students_school_offers,2019,0.62
Missouri,Native American or Alaska Native,At least ten AP courses,pct_students_school_offers,2024,0.42
Missouri,Native American or Alaska Native,At least ten AP courses,pct_students_school_offers,2023,0.37
Missouri,Native American or Alaska Native,At least ten AP courses,pct_students_school_offers,2022,0.34
Missouri,Native American or Alaska Native,At least ten AP courses,pct_students_school_offers,2021,0.29
Missouri,Native American or Alaska Native,At least ten AP courses,pct_students_school_offers,2020,0.34
Missouri,Native American or Alaska Native,At least ten AP courses,pct_students_school_offers,2019,0.33
Missouri,Native American or Alaska Native,At least one AP STEM course,pct_students_school_offers,2024,0.7
Missouri,Native American or Alaska Native,At least one AP STEM course,pct_students_school_offers,2023,0.71
Missouri,Native American or Alaska Native,At least one AP STEM course,pct_students_school_offers,2022,0.7
Missouri,Native American or Alaska Native,At least one AP STEM course,pct_students_school_offers,2021,0.72
Missouri,Native American or Alaska Native,At least one AP STEM course,pct_students_school_offers,2020,0.76
Missouri,Native American or Alaska Native,At least one AP STEM course,pct_students_school_offers,2019,0.76
Missouri,Native Hawaiian or other Pacific Islander,At least five AP courses,pct_students_school_offers,2024,0.79
Missouri,Native Hawaiian or other Pacific Islander,At least five AP courses,pct_students_school_offers,2023,0.8
Missouri,Native Hawaiian or other Pacific Islander,At least five AP courses,pct_students_school_offers,2022,0.78
Missouri,Native Hawaiian or other Pacific Islander,At least five AP courses,pct_students_school_offers,2021,0.77
Missouri,Native Hawaiian or other Pacific Islander,At least five AP courses,pct_students_school_offers,2020,0.81
Missouri,Native Hawaiian or other Pacific Islander,At least five AP courses,pct_students_school_offers,2019,0.81
Missouri,Native Hawaiian or other Pacific Islander,At least ten AP courses,pct_students_school_offers,2024,0.6
Missouri,Native Hawaiian or other Pacific Islander,At least ten AP courses,pct_students_school_offers,2023,0.58
Missouri,Native Hawaiian or other Pacific Islander,At least ten AP courses,pct_students_school_offers,2022,0.53
Missouri,Native Hawaiian or other Pacific Islander,At least ten AP courses,pct_students_school_offers,2021,0.45
Missouri,Native Hawaiian or other Pacific Islander,At least ten AP courses,pct_students_school_offers,2020,0.57
Missouri,Native Hawaiian or other Pacific Islander,At least ten AP courses,pct_students_school_offers,2019,0.53
Missouri,Native Hawaiian or other Pacific Islander,At least one AP STEM course,pct_students_school_offers,2024,0.83
Missouri,Native Hawaiian or other Pacific Islander,At least one AP STEM course,pct_students_school_offers,2023,0.9
Missouri,Native Hawaiian or other Pacific Islander,At least one AP STEM course,pct_students_school_offers,2022,0.87
Missouri,Native Hawaiian or other Pacific Islander,At least one AP STEM course,pct_students_school_offers,2021,0.85
Missouri,Native Hawaiian or other Pacific Islander,At least one AP STEM course,pct_students_school_offers,2020,0.89
Missouri,Native Hawaiian or other Pacific Islander,At least one AP STEM course,pct_students_school_offers,2019,0.89
Missouri,Two or More Races,At least five AP courses,pct_students_school_offers,2024,0.77
Missouri,Two or More Races,At least five AP courses,pct_students_school_offers,2023,0.76
Missouri,Two or More Races,At least five AP courses,pct_students_school_offers,2022,0.73
Missouri,Two or More Races,At least five AP courses,pct_students_school_offers,2021,0.73
Missouri,Two or More Races,At least five AP courses,pct_students_school_offers,2020,0.75
Missouri,Two or More Races,At least five AP courses,pct_students_school_offers,2019,0.72
Missouri,Two or More Races,At least ten AP courses,pct_students_school_offers,2024,0.6
Missouri,Two or More Races,At least ten AP courses,pct_students_school_offers,2023,0.56
Missouri,Two or More Races,At least ten AP courses,pct_students_school_offers,2022,0.53
Missouri,Two or More Races,At least ten AP courses,pct_students_school_offers,2021,0.53
Missouri,Two or More Races,At least ten AP courses,pct_students_school_offers,2020,0.59
Missouri,Two or More Races,At least ten AP courses,pct_students_school_offers,2019,0.54
Missouri,Two or More Races,At least one AP STEM course,pct_students_school_offers,2024,0.81
Missouri,Two or More Races,At least one AP STEM course,pct_students_school_offers,2023,0.84
Missouri,Two or More Races,At least one AP STEM course,pct_students_school_offers,2022,0.79
Missouri,Two or More Races,At least one AP STEM course,pct_students_school_offers,2021,0.83
Missouri,Two or More Races,At least one AP STEM course,pct_students_school_offers,2020,0.85
Missouri,Two or More Races,At least one AP STEM course,pct_students_school_offers,2019,0.86
Montana,All,At least five AP courses,Number of public high schools that offer,2024,31
Montana,All,At least five AP courses,Number of public high schools that offer,2023,28
Montana,All,At least five AP courses,Number of public high schools that offer,2022,31
Montana,All,At least five AP courses,Number of public high schools that offer,2021,32
Montana,All,At least five AP courses,Number of public high schools that offer,2020,29
Montana,All,At least five AP courses,Number of public high schools that offer,2019,27
Montana,All,At least ten AP courses,Number of public high schools that offer,2024,15
Montana,All,At least ten AP courses,Number of public high schools that offer,2023,15
Montana,All,At least ten AP courses,Number of public high schools that offer,2022,12
Montana,All,At least ten AP courses,Number of public high schools that offer,2021,14
Montana,All,At least ten AP courses,Number of public high schools that offer,2020,12
Montana,All,At least ten AP courses,Number of public high schools that offer,2019,10
Montana,All,At least one AP STEM course,Number of public high schools that offer,2024,52
Montana,All,At least one AP STEM course,Number of public high schools that offer,2023,56
Montana,All,At least one AP STEM course,Number of public high schools that offer,2022,50
Montana,All,At least one AP STEM course,Number of public high schools that offer,2021,58
Montana,All,At least one AP STEM course,Number of public high schools that offer,2020,59
Montana,All,At least one AP STEM course,Number of public high schools that offer,2019,55
Montana,All,At least five AP courses,Percentage of public high schools that offers,2024,0.23
Montana,All,At least five AP courses,Percentage of public high schools that offers,2023,0.2
Montana,All,At least five AP courses,Percentage of public high schools that offers,2022,0.21
Montana,All,At least five AP courses,Percentage of public high schools that offers,2021,0.21
Montana,All,At least five AP courses,Percentage of public high schools that offers,2020,0.19
Montana,All,At least five AP courses,Percentage of public high schools that offers,2019,0.18
Montana,All,At least ten AP courses,Percentage of public high schools that offers,2024,0.11
Montana,All,At least ten AP courses,Percentage of public high schools that offers,2023,0.11
Montana,All,At least ten AP courses,Percentage of public high schools that offers,2022,0.08
Montana,All,At least ten AP courses,Percentage of public high schools that offers,2021,0.09
Montana,All,At least ten AP courses,Percentage of public high schools that offers,2020,0.08
Montana,All,At least ten AP courses,Percentage of public high schools that offers,2019,0.07
Montana,All,At least one AP STEM course,Percentage of public high schools that offers,2024,0.39
Montana,All,At least one AP STEM course,Percentage of public high schools that offers,2023,0.4
Montana,All,At least one AP STEM course,Percentage of public high schools that offers,2022,0.33
Montana,All,At least one AP STEM course,Percentage of public high schools that offers,2021,0.39
Montana,All,At least one AP STEM course,Percentage of public high schools that offers,2020,0.39
Montana,All,At least one AP STEM course,Percentage of public high schools that offers,2019,0.36
Montana,All,At least five AP courses,Percentage of public high school students whose school offers,2024,0.63
Montana,All,At least five AP courses,Percentage of public high school students whose school offers,2023,0.6
Montana,All,At least five AP courses,Percentage of public high school students whose school offers,2022,0.62
Montana,All,At least five AP courses,Percentage of public high school students whose school offers,2021,0.58
Montana,All,At least five AP courses,Percentage of public high school students whose school offers,2020,0.55
Montana,All,At least five AP courses,Percentage of public high school students whose school offers,2019,0.56
Montana,All,At least ten AP courses,Percentage of public high school students whose school offers,2024,0.44
Montana,All,At least ten AP courses,Percentage of public high school students whose school offers,2023,0.46
Montana,All,At least ten AP courses,Percentage of public high school students whose school offers,2022,0.39
Montana,All,At least ten AP courses,Percentage of public high school students whose school offers,2021,0.4
Montana,All,At least ten AP courses,Percentage of public high school students whose school offers,2020,0.37
Montana,All,At least ten AP courses,Percentage of public high school students whose school offers,2019,0.34
Montana,All,At least one AP STEM course,Percentage of public high school students whose school offers,2024,0.7
Montana,All,At least one AP STEM course,Percentage of public high school students whose school offers,2023,0.71
Montana,All,At least one AP STEM course,Percentage of public high school students whose school offers,2022,0.72
Montana,All,At least one AP STEM course,Percentage of public high school students whose school offers,2021,0.69
Montana,All,At least one AP STEM course,Percentage of public high school students whose school offers,2020,0.7
Montana,All,At least one AP STEM course,Percentage of public high school students whose school offers,2019,0.71
Montana,Asian,At least five AP courses,pct_students_school_offers,2024,0.69
Montana,Asian,At least five AP courses,pct_students_school_offers,2023,0.68
Montana,Asian,At least five AP courses,pct_students_school_offers,2022,0.72
Montana,Asian,At least five AP courses,pct_students_school_offers,2021,0.69
Montana,Asian,At least five AP courses,pct_students_school_offers,2020,0.69
Montana,Asian,At least five AP courses,pct_students_school_offers,2019,0.68
Montana,Asian,At least ten AP courses,pct_students_school_offers,2024,0.54
Montana,Asian,At least ten AP courses,pct_students_school_offers,2023,0.59
Montana,Asian,At least ten AP courses,pct_students_school_offers,2022,0.52
Montana,Asian,At least ten AP courses,pct_students_school_offers,2021,0.54
Montana,Asian,At least ten AP courses,pct_students_school_offers,2020,0.54
Montana,Asian,At least ten AP courses,pct_students_school_offers,2019,0.44
Montana,Asian,At least one AP STEM course,pct_students_school_offers,2024,0.76
Montana,Asian,At least one AP STEM course,pct_students_school_offers,2023,0.77
Montana,Asian,At least one AP STEM course,pct_students_school_offers,2022,0.84
Montana,Asian,At least one AP STEM course,pct_students_school_offers,2021,0.77
Montana,Asian,At least one AP STEM course,pct_students_school_offers,2020,0.76
Montana,Asian,At least one AP STEM course,pct_students_school_offers,2019,0.75
Montana,Hispanic/Latino,At least five AP courses,pct_students_school_offers,2024,0.71
Montana,Hispanic/Latino,At least five AP courses,pct_students_school_offers,2023,0.7
Montana,Hispanic/Latino,At least five AP courses,pct_students_school_offers,2022,0.71
Montana,Hispanic/Latino,At least five AP courses,pct_students_school_offers,2021,0.68
Montana,Hispanic/Latino,At least five AP courses,pct_students_school_offers,2020,0.61
Montana,Hispanic/Latino,At least five AP courses,pct_students_school_offers,2019,0.61
Montana,Hispanic/Latino,At least ten AP courses,pct_students_school_offers,2024,0.53
Montana,Hispanic/Latino,At least ten AP courses,pct_students_school_offers,2023,0.57
Montana,Hispanic/Latino,At least ten AP courses,pct_students_school_offers,2022,0.5
Montana,Hispanic/Latino,At least ten AP courses,pct_students_school_offers,2021,0.51
Montana,Hispanic/Latino,At least ten AP courses,pct_students_school_offers,2020,0.43
Montana,Hispanic/Latino,At least ten AP courses,pct_students_school_offers,2019,0.41
Montana,Hispanic/Latino,At least one AP STEM course,pct_students_school_offers,2024,0.77
Montana,Hispanic/Latino,At least one AP STEM course,pct_students_school_offers,2023,0.78
Montana,Hispanic/Latino,At least one AP STEM course,pct_students_school_offers,2022,0.78
Montana,Hispanic/Latino,At least one AP STEM course,pct_students_school_offers,2021,0.78
Montana,Hispanic/Latino,At least one AP STEM course,pct_students_school_offers,2020,0.71
Montana,Hispanic/Latino,At least one AP STEM course,pct_students_school_offers,2019,0.74
Montana,White,At least five AP courses,pct_students_school_offers,2024,0.66
Montana,White,At least five AP courses,pct_students_school_offers,2023,0.62
Montana,White,At least five AP courses,pct_students_school_offers,2022,0.64
Montana,White,At least five AP courses,pct_students_school_offers,2021,0.6
Montana,White,At least five AP courses,pct_students_school_offers,2020,0.57
Montana,White,At least five AP courses,pct_students_school_offers,2019,0.58
Montana,White,At least ten AP courses,pct_students_school_offers,2024,0.46
Montana,White,At least ten AP courses,pct_students_school_offers,2023,0.48
Montana,White,At least ten AP courses,pct_students_school_offers,2022,0.41
Montana,White,At least ten AP courses,pct_students_school_offers,2021,0.43
Montana,White,At least ten AP courses,pct_students_school_offers,2020,0.4
Montana,White,At least ten AP courses,pct_students_school_offers,2019,0.35
Montana,White,At least one AP STEM course,pct_students_school_offers,2024,0.73
Montana,White,At least one AP STEM course,pct_students_school_offers,2023,0.73
Montana,White,At least one AP STEM course,pct_students_school_offers,2022,0.75
Montana,White,At least one AP STEM course,pct_students_school_offers,2021,0.72
Montana,White,At least one AP STEM course,pct_students_school_offers,2020,0.72
Montana,White,At least one AP STEM course,pct_students_school_offers,2019,0.72
Montana,Black or African American,At least five AP courses,pct_students_school_offers,2024,0.73
Montana,Black or African American,At least five AP courses,pct_students_school_offers,2023,0.72
Montana,Black or African American,At least five AP courses,pct_students_school_offers,2022,0.72
Montana,Black or African American,At least five AP courses,pct_students_school_offers,2021,0.7
Montana,Black or African American,At least five AP courses,pct_students_school_offers,2020,0.69
Montana,Black or African American,At least five AP courses,pct_students_school_offers,2019,0.71
Montana,Black or African American,At least ten AP courses,pct_students_school_offers,2024,0.54
Montana,Black or African American,At least ten AP courses,pct_students_school_offers,2023,0.63
Montana,Black or African American,At least ten AP courses,pct_students_school_offers,2022,0.49
Montana,Black or African American,At least ten AP courses,pct_students_school_offers,2021,0.5
Montana,Black or African American,At least ten AP courses,pct_students_school_offers,2020,0.53
Montana,Black or African American,At least ten AP courses,pct_students_school_offers,2019,0.49
Montana,Black or African American,At least one AP STEM course,pct_students_school_offers,2024,0.78
Montana,Black or African American,At least one AP STEM course,pct_students_school_offers,2023,0.8
Montana,Black or African American,At least one AP STEM course,pct_students_school_offers,2022,0.85
Montana,Black or African American,At least one AP STEM course,pct_students_school_offers,2021,0.78
Montana,Black or African American,At least one AP STEM course,pct_students_school_offers,2020,0.78
Montana,Black or African American,At least one AP STEM course,pct_students_school_offers,2019,0.78
Montana,Native American or Alaska Native,At least five AP courses,pct_students_school_offers,2024,0.27
Montana,Native American or Alaska Native,At least five AP courses,pct_students_school_offers,2023,0.37
Montana,Native American or Alaska Native,At least five AP courses,pct_students_school_offers,2022,0.34
Montana,Native American or Alaska Native,At least five AP courses,pct_students_school_offers,2021,0.35
Montana,Native American or Alaska Native,At least five AP courses,pct_students_school_offers,2020,0.36
Montana,Native American or Alaska Native,At least five AP courses,pct_students_school_offers,2019,0.35
Montana,Native American or Alaska Native,At least ten AP courses,pct_students_school_offers,2024,0.16
Montana,Native American or Alaska Native,At least ten AP courses,pct_students_school_offers,2023,0.21
Montana,Native American or Alaska Native,At least ten AP courses,pct_students_school_offers,2022,0.15
Montana,Native American or Alaska Native,At least ten AP courses,pct_students_school_offers,2021,0.15
Montana,Native American or Alaska Native,At least ten AP courses,pct_students_school_offers,2020,0.16
Montana,Native American or Alaska Native,At least ten AP courses,pct_students_school_offers,2019,0.14
Montana,Native American or Alaska Native,At least one AP STEM course,pct_students_school_offers,2024,0.36
Montana,Native American or Alaska Native,At least one AP STEM course,pct_students_school_offers,2023,0.48
Montana,Native American or Alaska Native,At least one AP STEM course,pct_students_school_offers,2022,0.51
Montana,Native American or Alaska Native,At least one AP STEM course,pct_students_school_offers,2021,0.4
Montana,Native American or Alaska Native,At least one AP STEM course,pct_students_school_offers,2020,0.57
Montana,Native American or Alaska Native,At least one AP STEM course,pct_students_school_offers,2019,0.63
Montana,Native Hawaiian or other Pacific Islander,At least five AP courses,pct_students_school_offers,2024,0.6
Montana,Native Hawaiian or other Pacific Islander,At least five AP courses,pct_students_school_offers,2023,0.64
Montana,Native Hawaiian or other Pacific Islander,At least five AP courses,pct_students_school_offers,2022,0.65
Montana,Native Hawaiian or other Pacific Islander,At least five AP courses,pct_students_school_offers,2021,0.64
Montana,Native Hawaiian or other Pacific Islander,At least five AP courses,pct_students_school_offers,2020,0.62
Montana,Native Hawaiian or other Pacific Islander,At least five AP courses,pct_students_school_offers,2019,0.62
Montana,Native Hawaiian or other Pacific Islander,At least ten AP courses,pct_students_school_offers,2024,0.43
Montana,Native Hawaiian or other Pacific Islander,At least ten AP courses,pct_students_school_offers,2023,0.55
Montana,Native Hawaiian or other Pacific Islander,At least ten AP courses,pct_students_school_offers,2022,0.45
Montana,Native Hawaiian or other Pacific Islander,At least ten AP courses,pct_students_school_offers,2021,0.49
Montana,Native Hawaiian or other Pacific Islander,At least ten AP courses,pct_students_school_offers,2020,0.44
Montana,Native Hawaiian or other Pacific Islander,At least ten AP courses,pct_students_school_offers,2019,0.38
Montana,Native Hawaiian or other Pacific Islander,At least one AP STEM course,pct_students_school_offers,2024,0.72
Montana,Native Hawaiian or other Pacific Islander,At least one AP STEM course,pct_students_school_offers,2023,0.76
Montana,Native Hawaiian or other Pacific Islander,At least one AP STEM course,pct_students_school_offers,2022,0.76
Montana,Native Hawaiian or other Pacific Islander,At least one AP STEM course,pct_students_school_offers,2021,0.7
Montana,Native Hawaiian or other Pacific Islander,At least one AP STEM course,pct_students_school_offers,2020,0.76
Montana,Native Hawaiian or other Pacific Islander,At least one AP STEM course,pct_students_school_offers,2019,0.76
Montana,Two or More Races,At least five AP courses,pct_students_school_offers,2024,0.64
Montana,Two or More Races,At least five AP courses,pct_students_school_offers,2023,0.64
Montana,Two or More Races,At least five AP courses,pct_students_school_offers,2022,0.64
Montana,Two or More Races,At least five AP courses,pct_students_school_offers,2021,0.64
Montana,Two or More Races,At least five AP courses,pct_students_school_offers,2020,0.52
Montana,Two or More Races,At least five AP courses,pct_students_school_offers,2019,0.52
Montana,Two or More Races,At least ten AP courses,pct_students_school_offers,2024,0.48
Montana,Two or More Races,At least ten AP courses,pct_students_school_offers,2023,0.54
Montana,Two or More Races,At least ten AP courses,pct_students_school_offers,2022,0.45
Montana,Two or More Races,At least ten AP courses,pct_students_school_offers,2021,0.45
Montana,Two or More Races,At least ten AP courses,pct_students_school_offers,2020,0.31
Montana,Two or More Races,At least ten AP courses,pct_students_school_offers,2019,0.3
Montana,Two or More Races,At least one AP STEM course,pct_students_school_offers,2024,0.76
Montana,Two or More Races,At least one AP STEM course,pct_students_school_offers,2023,0.76
Montana,Two or More Races,At least one AP STEM course,pct_students_school_offers,2022,0.72
Montana,Two or More Races,At least one AP STEM course,pct_students_school_offers,2021,0.74
Montana,Two or More Races,At least one AP STEM course,pct_students_school_offers,2020,0.63
Montana,Two or More Races,At least one AP STEM course,pct_students_school_offers,2019,0.65
Nebraska,All,At least five AP courses,Number of public high schools that offer,2024,32
Nebraska,All,At least five AP courses,Number of public high schools that offer,2023,34
Nebraska,All,At least five AP courses,Number of public high schools that offer,2022,30
Nebraska,All,At least five AP courses,Number of public high schools that offer,2021,33
Nebraska,All,At least five AP courses,Number of public high schools that offer,2020,34
Nebraska,All,At least five AP courses,Number of public high schools that offer,2019,36
Nebraska,All,At least ten AP courses,Number of public high schools that offer,2024,28
Nebraska,All,At least ten AP courses,Number of public high schools that offer,2023,26
Nebraska,All,At least ten AP courses,Number of public high schools that offer,2022,25
Nebraska,All,At least ten AP courses,Number of public high schools that offer,2021,27
Nebraska,All,At least ten AP courses,Number of public high schools that offer,2020,25
Nebraska,All,At least ten AP courses,Number of public high schools that offer,2019,26
Nebraska,All,At least one AP STEM course,Number of public high schools that offer,2024,44
Nebraska,All,At least one AP STEM course,Number of public high schools that offer,2023,44
Nebraska,All,At least one AP STEM course,Number of public high schools that offer,2022,48
Nebraska,All,At least one AP STEM course,Number of public high schools that offer,2021,45
Nebraska,All,At least one AP STEM course,Number of public high schools that offer,2020,43
Nebraska,All,At least one AP STEM course,Number of public high schools that offer,2019,47
Nebraska,All,At least five AP courses,Percentage of public high schools that offers,2024,0.13
Nebraska,All,At least five AP courses,Percentage of public high schools that offers,2023,0.13
Nebraska,All,At least five AP courses,Percentage of public high schools that offers,2022,0.12
Nebraska,All,At least five AP courses,Percentage of public high schools that offers,2021,0.13
Nebraska,All,At least five AP courses,Percentage of public high schools that offers,2020,0.13
Nebraska,All,At least five AP courses,Percentage of public high schools that offers,2019,0.14
Nebraska,All,At least ten AP courses,Percentage of public high schools that offers,2024,0.11
Nebraska,All,At least ten AP courses,Percentage of public high schools that offers,2023,0.1
Nebraska,All,At least ten AP courses,Percentage of public high schools that offers,2022,0.1
Nebraska,All,At least ten AP courses,Percentage of public high schools that offers,2021,0.11
Nebraska,All,At least ten AP courses,Percentage of public high schools that offers,2020,0.1
Nebraska,All,At least ten AP courses,Percentage of public high schools that offers,2019,0.1
Nebraska,All,At least one AP STEM course,Percentage of public high schools that offers,2024,0.17
Nebraska,All,At least one AP STEM course,Percentage of public high schools that offers,2023,0.17
Nebraska,All,At least one AP STEM course,Percentage of public high schools that offers,2022,0.19
Nebraska,All,At least one AP STEM course,Percentage of public high schools that offers,2021,0.18
Nebraska,All,At least one AP STEM course,Percentage of public high schools that offers,2020,0.16
Nebraska,All,At least one AP STEM course,Percentage of public high schools that offers,2019,0.18
Nebraska,All,At least five AP courses,Percentage of public high school students whose school offers,2024,0.58
Nebraska,All,At least five AP courses,Percentage of public high school students whose school offers,2023,0.61
Nebraska,All,At least five AP courses,Percentage of public high school students whose school offers,2022,0.58
Nebraska,All,At least five AP courses,Percentage of public high school students whose school offers,2021,0.6
Nebraska,All,At least five AP courses,Percentage of public high school students whose school offers,2020,0.6
Nebraska,All,At least five AP courses,Percentage of public high school students whose school offers,2019,0.61
Nebraska,All,At least ten AP courses,Percentage of public high school students whose school offers,2024,0.54
Nebraska,All,At least ten AP courses,Percentage of public high school students whose school offers,2023,0.53
Nebraska,All,At least ten AP courses,Percentage of public high school students whose school offers,2022,0.52
Nebraska,All,At least ten AP courses,Percentage of public high school students whose school offers,2021,0.55
Nebraska,All,At least ten AP courses,Percentage of public high school students whose school offers,2020,0.5
Nebraska,All,At least ten AP courses,Percentage of public high school students whose school offers,2019,0.51
Nebraska,All,At least one AP STEM course,Percentage of public high school students whose school offers,2024,0.65
Nebraska,All,At least one AP STEM course,Percentage of public high school students whose school offers,2023,0.64
Nebraska,All,At least one AP STEM course,Percentage of public high school students whose school offers,2022,0.67
Nebraska,All,At least one AP STEM course,Percentage of public high school students whose school offers,2021,0.64
Nebraska,All,At least one AP STEM course,Percentage of public high school students whose school offers,2020,0.62
Nebraska,All,At least one AP STEM course,Percentage of public high school students whose school offers,2019,0.65
Nebraska,Asian,At least five AP courses,pct_students_school_offers,2024,0.9
Nebraska,Asian,At least five AP courses,pct_students_school_offers,2023,0.91
Nebraska,Asian,At least five AP courses,pct_students_school_offers,2022,0.9
Nebraska,Asian,At least five AP courses,pct_students_school_offers,2021,0.9
Nebraska,Asian,At least five AP courses,pct_students_school_offers,2020,0.88
Nebraska,Asian,At least five AP courses,pct_students_school_offers,2019,0.89
Nebraska,Asian,At least ten AP courses,pct_students_school_offers,2024,0.79
Nebraska,Asian,At least ten AP courses,pct_students_school_offers,2023,0.76
Nebraska,Asian,At least ten AP courses,pct_students_school_offers,2022,0.76
Nebraska,Asian,At least ten AP courses,pct_students_school_offers,2021,0.88
Nebraska,Asian,At least ten AP courses,pct_students_school_offers,2020,0.78
Nebraska,Asian,At least ten AP courses,pct_students_school_offers,2019,0.85
Nebraska,Asian,At least one AP STEM course,pct_students_school_offers,2024,0.92
Nebraska,Asian,At least one AP STEM course,pct_students_school_offers,2023,0.91
Nebraska,Asian,At least one AP STEM course,pct_students_school_offers,2022,0.93
Nebraska,Asian,At least one AP STEM course,pct_students_school_offers,2021,0.91
Nebraska,Asian,At least one AP STEM course,pct_students_school_offers,2020,0.88
Nebraska,Asian,At least one AP STEM course,pct_students_school_offers,2019,0.9
Nebraska,Hispanic/Latino,At least five AP courses,pct_students_school_offers,2024,0.64
Nebraska,Hispanic/Latino,At least five AP courses,pct_students_school_offers,2023,0.69
Nebraska,Hispanic/Latino,At least five AP courses,pct_students_school_offers,2022,0.67
Nebraska,Hispanic/Latino,At least five AP courses,pct_students_school_offers,2021,0.66
Nebraska,Hispanic/Latino,At least five AP courses,pct_students_school_offers,2020,0.68
Nebraska,Hispanic/Latino,At least five AP courses,pct_students_school_offers,2019,0.69
Nebraska,Hispanic/Latino,At least ten AP courses,pct_students_school_offers,2024,0.6
Nebraska,Hispanic/Latino,At least ten AP courses,pct_students_school_offers,2023,0.58
Nebraska,Hispanic/Latino,At least ten AP courses,pct_students_school_offers,2022,0.57
Nebraska,Hispanic/Latino,At least ten AP courses,pct_students_school_offers,2021,0.59
Nebraska,Hispanic/Latino,At least ten AP courses,pct_students_school_offers,2020,0.54
Nebraska,Hispanic/Latino,At least ten AP courses,pct_students_school_offers,2019,0.57
Nebraska,Hispanic/Latino,At least one AP STEM course,pct_students_school_offers,2024,0.7
Nebraska,Hispanic/Latino,At least one AP STEM course,pct_students_school_offers,2023,0.68
Nebraska,Hispanic/Latino,At least one AP STEM course,pct_students_school_offers,2022,0.73
Nebraska,Hispanic/Latino,At least one AP STEM course,pct_students_school_offers,2021,0.68
Nebraska,Hispanic/Latino,At least one AP STEM course,pct_students_school_offers,2020,0.67
Nebraska,Hispanic/Latino,At least one AP STEM course,pct_students_school_offers,2019,0.73
Nebraska,White,At least five AP courses,pct_students_school_offers,2024,0.51
Nebraska,White,At least five AP courses,pct_students_school_offers,2023,0.54
Nebraska,White,At least five AP courses,pct_students_school_offers,2022,0.5
Nebraska,White,At least five AP courses,pct_students_school_offers,2021,0.52
Nebraska,White,At least five AP courses,pct_students_school_offers,2020,0.53
Nebraska,White,At least five AP courses,pct_students_school_offers,2019,0.55
Nebraska,White,At least ten AP courses,pct_students_school_offers,2024,0.48
Nebraska,White,At least ten AP courses,pct_students_school_offers,2023,0.46
Nebraska,White,At least ten AP courses,pct_students_school_offers,2022,0.46
Nebraska,White,At least ten AP courses,pct_students_school_offers,2021,0.48
Nebraska,White,At least ten AP courses,pct_students_school_offers,2020,0.43
Nebraska,White,At least ten AP courses,pct_students_school_offers,2019,0.44
Nebraska,White,At least one AP STEM course,pct_students_school_offers,2024,0.59
Nebraska,White,At least one AP STEM course,pct_students_school_offers,2023,0.58
Nebraska,White,At least one AP STEM course,pct_students_school_offers,2022,0.61
Nebraska,White,At least one AP STEM course,pct_students_school_offers,2021,0.59
Nebraska,White,At least one AP STEM course,pct_students_school_offers,2020,0.56
Nebraska,White,At least one AP STEM course,pct_students_school_offers,2019,0.59
Nebraska,Black or African American,At least five AP courses,pct_students_school_offers,2024,0.91
Nebraska,Black or African American,At least five AP courses,pct_students_school_offers,2023,0.92
Nebraska,Black or African American,At least five AP courses,pct_students_school_offers,2022,0.92
Nebraska,Black or African American,At least five AP courses,pct_students_school_offers,2021,0.91
Nebraska,Black or African American,At least five AP courses,pct_students_school_offers,2020,0.93
Nebraska,Black or African American,At least five AP courses,pct_students_school_offers,2019,0.93
Nebraska,Black or African American,At least ten AP courses,pct_students_school_offers,2024,0.82
Nebraska,Black or African American,At least ten AP courses,pct_students_school_offers,2023,0.81
Nebraska,Black or African American,At least ten AP courses,pct_students_school_offers,2022,0.8
Nebraska,Black or African American,At least ten AP courses,pct_students_school_offers,2021,0.9
Nebraska,Black or African American,At least ten AP courses,pct_students_school_offers,2020,0.87
Nebraska,Black or African American,At least ten AP courses,pct_students_school_offers,2019,0.9
Nebraska,Black or African American,At least one AP STEM course,pct_students_school_offers,2024,0.92
Nebraska,Black or African American,At least one AP STEM course,pct_students_school_offers,2023,0.93
Nebraska,Black or African American,At least one AP STEM course,pct_students_school_offers,2022,0.93
Nebraska,Black or African American,At least one AP STEM course,pct_students_school_offers,2021,0.92
Nebraska,Black or African American,At least one AP STEM course,pct_students_school_offers,2020,0.93
Nebraska,Black or African American,At least one AP STEM course,pct_students_school_offers,2019,0.94
Nebraska,Native American or Alaska Native,At least five AP courses,pct_students_school_offers,2024,0.3
Nebraska,Native American or Alaska Native,At least five AP courses,pct_students_school_offers,2023,0.33
Nebraska,Native American or Alaska Native,At least five AP courses,pct_students_school_offers,2022,0.34
Nebraska,Native American or Alaska Native,At least five AP courses,pct_students_school_offers,2021,0.34
Nebraska,Native American or Alaska Native,At least five AP courses,pct_students_school_offers,2020,0.38
Nebraska,Native American or Alaska Native,At least five AP courses,pct_students_school_offers,2019,0.38
Nebraska,Native American or Alaska Native,At least ten AP courses,pct_students_school_offers,2024,0.25
Nebraska,Native American or Alaska Native,At least ten AP courses,pct_students_school_offers,2023,0.24
Nebraska,Native American or Alaska Native,At least ten AP courses,pct_students_school_offers,2022,0.26
Nebraska,Native American or Alaska Native,At least ten AP courses,pct_students_school_offers,2021,0.28
Nebraska,Native American or Alaska Native,At least ten AP courses,pct_students_school_offers,2020,0.3
Nebraska,Native American or Alaska Native,At least ten AP courses,pct_students_school_offers,2019,0.31
Nebraska,Native American or Alaska Native,At least one AP STEM course,pct_students_school_offers,2024,0.33
Nebraska,Native American or Alaska Native,At least one AP STEM course,pct_students_school_offers,2023,0.34
Nebraska,Native American or Alaska Native,At least one AP STEM course,pct_students_school_offers,2022,0.41
Nebraska,Native American or Alaska Native,At least one AP STEM course,pct_students_school_offers,2021,0.36
Nebraska,Native American or Alaska Native,At least one AP STEM course,pct_students_school_offers,2020,0.4
Nebraska,Native American or Alaska Native,At least one AP STEM course,pct_students_school_offers,2019,0.4
Nebraska,Native Hawaiian or other Pacific Islander,At least five AP courses,pct_students_school_offers,2024,0.64
Nebraska,Native Hawaiian or other Pacific Islander,At least five AP courses,pct_students_school_offers,2023,0.64
Nebraska,Native Hawaiian or other Pacific Islander,At least five AP courses,pct_students_school_offers,2022,0.68
Nebraska,Native Hawaiian or other Pacific Islander,At least five AP courses,pct_students_school_offers,2021,0.65
Nebraska,Native Hawaiian or other Pacific Islander,At least five AP courses,pct_students_school_offers,2020,0.71
Nebraska,Native Hawaiian or other Pacific Islander,At least five AP courses,pct_students_school_offers,2019,0.72
Nebraska,Native Hawaiian or other Pacific Islander,At least ten AP courses,pct_students_school_offers,2024,0.63
Nebraska,Native Hawaiian or other Pacific Islander,At least ten AP courses,pct_students_school_offers,2023,0.57
Nebraska,Native Hawaiian or other Pacific Islander,At least ten AP courses,pct_students_school_offers,2022,0.6
Nebraska,Native Hawaiian or other Pacific Islander,At least ten AP courses,pct_students_school_offers,2021,0.61
Nebraska,Native Hawaiian or other Pacific Islander,At least ten AP courses,pct_students_school_offers,2020,0.6
Nebraska,Native Hawaiian or other Pacific Islander,At least ten AP courses,pct_students_school_offers,2019,0.6
Nebraska,Native Hawaiian or other Pacific Islander,At least one AP STEM course,pct_students_school_offers,2024,0.67
Nebraska,Native Hawaiian or other Pacific Islander,At least one AP STEM course,pct_students_school_offers,2023,0.64
Nebraska,Native Hawaiian or other Pacific Islander,At least one AP STEM course,pct_students_school_offers,2022,0.73
Nebraska,Native Hawaiian or other Pacific Islander,At least one AP STEM course,pct_students_school_offers,2021,0.65
Nebraska,Native Hawaiian or other Pacific Islander,At least one AP STEM course,pct_students_school_offers,2020,0.7
Nebraska,Native Hawaiian or other Pacific Islander,At least one AP STEM course,pct_students_school_offers,2019,0.74
Nebraska,Two or More Races,At least five AP courses,pct_students_school_offers,2024,0.8
Nebraska,Two or More Races,At least five AP courses,pct_students_school_offers,2023,0.82
Nebraska,Two or More Races,At least five AP courses,pct_students_school_offers,2022,0.79
Nebraska,Two or More Races,At least five AP courses,pct_students_school_offers,2021,0.79
Nebraska,Two or More Races,At least five AP courses,pct_students_school_offers,2020,0.8
Nebraska,Two or More Races,At least five AP courses,pct_students_school_offers,2019,0.81
Nebraska,Two or More Races,At least ten AP courses,pct_students_school_offers,2024,0.76
Nebraska,Two or More Races,At least ten AP courses,pct_students_school_offers,2023,0.73
Nebraska,Two or More Races,At least ten AP courses,pct_students_school_offers,2022,0.73
Nebraska,Two or More Races,At least ten AP courses,pct_students_school_offers,2021,0.76
Nebraska,Two or More Races,At least ten AP courses,pct_students_school_offers,2020,0.7
Nebraska,Two or More Races,At least ten AP courses,pct_students_school_offers,2019,0.74
Nebraska,Two or More Races,At least one AP STEM course,pct_students_school_offers,2024,0.84
Nebraska,Two or More Races,At least one AP STEM course,pct_students_school_offers,2023,0.83
Nebraska,Two or More Races,At least one AP STEM course,pct_students_school_offers,2022,0.85
Nebraska,Two or More Races,At least one AP STEM course,pct_students_school_offers,2021,0.82
Nebraska,Two or More Races,At least one AP STEM course,pct_students_school_offers,2020,0.81
Nebraska,Two or More Races,At least one AP STEM course,pct_students_school_offers,2019,0.83
Nevada,All,At least five AP courses,Number of public high schools that offer,2024,76
Nevada,All,At least five AP courses,Number of public high schools that offer,2023,67
Nevada,All,At least five AP courses,Number of public high schools that offer,2022,67
Nevada,All,At least five AP courses,Number of public high schools that offer,2021,70
Nevada,All,At least five AP courses,Number of public high schools that offer,2020,67
Nevada,All,At least five AP courses,Number of public high schools that offer,2019,68
Nevada,All,At least ten AP courses,Number of public high schools that offer,2024,62
Nevada,All,At least ten AP courses,Number of public high schools that offer,2023,52
Nevada,All,At least ten AP courses,Number of public high schools that offer,2022,57
Nevada,All,At least ten AP courses,Number of public high schools that offer,2021,57
Nevada,All,At least ten AP courses,Number of public high schools that offer,2020,57
Nevada,All,At least ten AP courses,Number of public high schools that offer,2019,55
Nevada,All,At least one AP STEM course,Number of public high schools that offer,2024,84
Nevada,All,At least one AP STEM course,Number of public high schools that offer,2023,74
Nevada,All,At least one AP STEM course,Number of public high schools that offer,2022,76
Nevada,All,At least one AP STEM course,Number of public high schools that offer,2021,78
Nevada,All,At least one AP STEM course,Number of public high schools that offer,2020,75
Nevada,All,At least one AP STEM course,Number of public high schools that offer,2019,74
Nevada,All,At least five AP courses,Percentage of public high schools that offers,2024,0.55
Nevada,All,At least five AP courses,Percentage of public high schools that offers,2023,0.59
Nevada,All,At least five AP courses,Percentage of public high schools that offers,2022,0.58
Nevada,All,At least five AP courses,Percentage of public high schools that offers,2021,0.6
Nevada,All,At least five AP courses,Percentage of public high schools that offers,2020,0.6
Nevada,All,At least five AP courses,Percentage of public high schools that offers,2019,0.61
Nevada,All,At least ten AP courses,Percentage of public high schools that offers,2024,0.45
Nevada,All,At least ten AP courses,Percentage of public high schools that offers,2023,0.46
Nevada,All,At least ten AP courses,Percentage of public high schools that offers,2022,0.49
Nevada,All,At least ten AP courses,Percentage of public high schools that offers,2021,0.49
Nevada,All,At least ten AP courses,Percentage of public high schools that offers,2020,0.51
Nevada,All,At least ten AP courses,Percentage of public high schools that offers,2019,0.49
Nevada,All,At least one AP STEM course,Percentage of public high schools that offers,2024,0.61
Nevada,All,At least one AP STEM course,Percentage of public high schools that offers,2023,0.65
Nevada,All,At least one AP STEM course,Percentage of public high schools that offers,2022,0.66
Nevada,All,At least one AP STEM course,Percentage of public high schools that offers,2021,0.67
Nevada,All,At least one AP STEM course,Percentage of public high schools that offers,2020,0.67
Nevada,All,At least one AP STEM course,Percentage of public high schools that offers,2019,0.66
Nevada,All,At least five AP courses,Percentage of public high school students whose school offers,2024,0.91
Nevada,All,At least five AP courses,Percentage of public high school students whose school offers,2023,0.94
Nevada,All,At least five AP courses,Percentage of public high school students whose school offers,2022,0.94
Nevada,All,At least five AP courses,Percentage of public high school students whose school offers,2021,0.95
Nevada,All,At least five AP courses,Percentage of public high school students whose school offers,2020,0.95
Nevada,All,At least five AP courses,Percentage of public high school students whose school offers,2019,0.95
Nevada,All,At least ten AP courses,Percentage of public high school students whose school offers,2024,0.82
Nevada,All,At least ten AP courses,Percentage of public high school students whose school offers,2023,0.79
Nevada,All,At least ten AP courses,Percentage of public high school students whose school offers,2022,0.86
Nevada,All,At least ten AP courses,Percentage of public high school students whose school offers,2021,0.86
Nevada,All,At least ten AP courses,Percentage of public high school students whose school offers,2020,0.87
Nevada,All,At least ten AP courses,Percentage of public high school students whose school offers,2019,0.88
Nevada,All,At least one AP STEM course,Percentage of public high school students whose school offers,2024,0.92
Nevada,All,At least one AP STEM course,Percentage of public high school students whose school offers,2023,0.95
Nevada,All,At least one AP STEM course,Percentage of public high school students whose school offers,2022,0.95
Nevada,All,At least one AP STEM course,Percentage of public high school students whose school offers,2021,0.96
Nevada,All,At least one AP STEM course,Percentage of public high school students whose school offers,2020,0.96
Nevada,All,At least one AP STEM course,Percentage of public high school students whose school offers,2019,0.96
Nevada,Asian,At least five AP courses,pct_students_school_offers,2024,0.96
Nevada,Asian,At least five AP courses,pct_students_school_offers,2023,0.98
Nevada,Asian,At least five AP courses,pct_students_school_offers,2022,0.98
Nevada,Asian,At least five AP courses,pct_students_school_offers,2021,0.98
Nevada,Asian,At least five AP courses,pct_students_school_offers,2020,0.99
Nevada,Asian,At least five AP courses,pct_students_school_offers,2019,0.99
Nevada,Asian,At least ten AP courses,pct_students_school_offers,2024,0.9
Nevada,Asian,At least ten AP courses,pct_students_school_offers,2023,0.9
Nevada,Asian,At least ten AP courses,pct_students_school_offers,2022,0.95
Nevada,Asian,At least ten AP courses,pct_students_school_offers,2021,0.93
Nevada,Asian,At least ten AP courses,pct_students_school_offers,2020,0.96
Nevada,Asian,At least ten AP courses,pct_students_school_offers,2019,0.96
Nevada,Asian,At least one AP STEM course,pct_students_school_offers,2024,0.96
Nevada,Asian,At least one AP STEM course,pct_students_school_offers,2023,0.98
Nevada,Asian,At least one AP STEM course,pct_students_school_offers,2022,0.98
Nevada,Asian,At least one AP STEM course,pct_students_school_offers,2021,0.99
Nevada,Asian,At least one AP STEM course,pct_students_school_offers,2020,>99%
Nevada,Asian,At least one AP STEM course,pct_students_school_offers,2019,0.99
Nevada,Hispanic/Latino,At least five AP courses,pct_students_school_offers,2024,0.93
Nevada,Hispanic/Latino,At least five AP courses,pct_students_school_offers,2023,0.96
Nevada,Hispanic/Latino,At least five AP courses,pct_students_school_offers,2022,0.95
Nevada,Hispanic/Latino,At least five AP courses,pct_students_school_offers,2021,0.96
Nevada,Hispanic/Latino,At least five AP courses,pct_students_school_offers,2020,0.96
Nevada,Hispanic/Latino,At least five AP courses,pct_students_school_offers,2019,0.96
Nevada,Hispanic/Latino,At least ten AP courses,pct_students_school_offers,2024,0.85
Nevada,Hispanic/Latino,At least ten AP courses,pct_students_school_offers,2023,0.8
Nevada,Hispanic/Latino,At least ten AP courses,pct_students_school_offers,2022,0.86
Nevada,Hispanic/Latino,At least ten AP courses,pct_students_school_offers,2021,0.87
Nevada,Hispanic/Latino,At least ten AP courses,pct_students_school_offers,2020,0.89
Nevada,Hispanic/Latino,At least ten AP courses,pct_students_school_offers,2019,0.9
Nevada,Hispanic/Latino,At least one AP STEM course,pct_students_school_offers,2024,0.94
Nevada,Hispanic/Latino,At least one AP STEM course,pct_students_school_offers,2023,0.97
Nevada,Hispanic/Latino,At least one AP STEM course,pct_students_school_offers,2022,0.97
Nevada,Hispanic/Latino,At least one AP STEM course,pct_students_school_offers,2021,0.97
Nevada,Hispanic/Latino,At least one AP STEM course,pct_students_school_offers,2020,0.97
Nevada,Hispanic/Latino,At least one AP STEM course,pct_students_school_offers,2019,0.97
Nevada,White,At least five AP courses,pct_students_school_offers,2024,0.87
Nevada,White,At least five AP courses,pct_students_school_offers,2023,0.9
Nevada,White,At least five AP courses,pct_students_school_offers,2022,0.91
Nevada,White,At least five AP courses,pct_students_school_offers,2021,0.93
Nevada,White,At least five AP courses,pct_students_school_offers,2020,0.92
Nevada,White,At least five AP courses,pct_students_school_offers,2019,0.94
Nevada,White,At least ten AP courses,pct_students_school_offers,2024,0.74
Nevada,White,At least ten AP courses,pct_students_school_offers,2023,0.76
Nevada,White,At least ten AP courses,pct_students_school_offers,2022,0.82
Nevada,White,At least ten AP courses,pct_students_school_offers,2021,0.81
Nevada,White,At least ten AP courses,pct_students_school_offers,2020,0.82
Nevada,White,At least ten AP courses,pct_students_school_offers,2019,0.81
Nevada,White,At least one AP STEM course,pct_students_school_offers,2024,0.9
Nevada,White,At least one AP STEM course,pct_students_school_offers,2023,0.93
Nevada,White,At least one AP STEM course,pct_students_school_offers,2022,0.93
Nevada,White,At least one AP STEM course,pct_students_school_offers,2021,0.94
Nevada,White,At least one AP STEM course,pct_students_school_offers,2020,0.95
Nevada,White,At least one AP STEM course,pct_students_school_offers,2019,0.95
Nevada,Black or African American,At least five AP courses,pct_students_school_offers,2024,0.93
Nevada,Black or African American,At least five AP courses,pct_students_school_offers,2023,0.97
Nevada,Black or African American,At least five AP courses,pct_students_school_offers,2022,0.96
Nevada,Black or African American,At least five AP courses,pct_students_school_offers,2021,0.97
Nevada,Black or African American,At least five AP courses,pct_students_school_offers,2020,0.97
Nevada,Black or African American,At least five AP courses,pct_students_school_offers,2019,0.97
Nevada,Black or African American,At least ten AP courses,pct_students_school_offers,2024,0.85
Nevada,Black or African American,At least ten AP courses,pct_students_school_offers,2023,0.77
Nevada,Black or African American,At least ten AP courses,pct_students_school_offers,2022,0.9
Nevada,Black or African American,At least ten AP courses,pct_students_school_offers,2021,0.92
Nevada,Black or African American,At least ten AP courses,pct_students_school_offers,2020,0.93
Nevada,Black or African American,At least ten AP courses,pct_students_school_offers,2019,0.95
Nevada,Black or African American,At least one AP STEM course,pct_students_school_offers,2024,0.93
Nevada,Black or African American,At least one AP STEM course,pct_students_school_offers,2023,0.97
Nevada,Black or African American,At least one AP STEM course,pct_students_school_offers,2022,0.97
Nevada,Black or African American,At least one AP STEM course,pct_students_school_offers,2021,0.97
Nevada,Black or African American,At least one AP STEM course,pct_students_school_offers,2020,0.98
Nevada,Black or African American,At least one AP STEM course,pct_students_school_offers,2019,0.97
Nevada,Native American or Alaska Native,At least five AP courses,pct_students_school_offers,2024,0.65
Nevada,Native American or Alaska Native,At least five AP courses,pct_students_school_offers,2023,0.72
Nevada,Native American or Alaska Native,At least five AP courses,pct_students_school_offers,2022,0.71
Nevada,Native American or Alaska Native,At least five AP courses,pct_students_school_offers,2021,0.76
Nevada,Native American or Alaska Native,At least five AP courses,pct_students_school_offers,2020,0.74
Nevada,Native American or Alaska Native,At least five AP courses,pct_students_school_offers,2019,0.77
Nevada,Native American or Alaska Native,At least ten AP courses,pct_students_school_offers,2024,0.53
Nevada,Native American or Alaska Native,At least ten AP courses,pct_students_school_offers,2023,0.54
Nevada,Native American or Alaska Native,At least ten AP courses,pct_students_school_offers,2022,0.61
Nevada,Native American or Alaska Native,At least ten AP courses,pct_students_school_offers,2021,0.6
Nevada,Native American or Alaska Native,At least ten AP courses,pct_students_school_offers,2020,0.63
Nevada,Native American or Alaska Native,At least ten AP courses,pct_students_school_offers,2019,0.62
Nevada,Native American or Alaska Native,At least one AP STEM course,pct_students_school_offers,2024,0.66
Nevada,Native American or Alaska Native,At least one AP STEM course,pct_students_school_offers,2023,0.73
Nevada,Native American or Alaska Native,At least one AP STEM course,pct_students_school_offers,2022,0.72
Nevada,Native American or Alaska Native,At least one AP STEM course,pct_students_school_offers,2021,0.77
Nevada,Native American or Alaska Native,At least one AP STEM course,pct_students_school_offers,2020,0.83
Nevada,Native American or Alaska Native,At least one AP STEM course,pct_students_school_offers,2019,0.79
Nevada,Native Hawaiian or other Pacific Islander,At least five AP courses,pct_students_school_offers,2024,0.93
Nevada,Native Hawaiian or other Pacific Islander,At least five AP courses,pct_students_school_offers,2023,0.97
Nevada,Native Hawaiian or other Pacific Islander,At least five AP courses,pct_students_school_offers,2022,0.97
Nevada,Native Hawaiian or other Pacific Islander,At least five AP courses,pct_students_school_offers,2021,0.97
Nevada,Native Hawaiian or other Pacific Islander,At least five AP courses,pct_students_school_offers,2020,0.98
Nevada,Native Hawaiian or other Pacific Islander,At least five AP courses,pct_students_school_offers,2019,0.98
Nevada,Native Hawaiian or other Pacific Islander,At least ten AP courses,pct_students_school_offers,2024,0.85
Nevada,Native Hawaiian or other Pacific Islander,At least ten AP courses,pct_students_school_offers,2023,0.85
Nevada,Native Hawaiian or other Pacific Islander,At least ten AP courses,pct_students_school_offers,2022,0.93
Nevada,Native Hawaiian or other Pacific Islander,At least ten AP courses,pct_students_school_offers,2021,0.93
Nevada,Native Hawaiian or other Pacific Islander,At least ten AP courses,pct_students_school_offers,2020,0.94
Nevada,Native Hawaiian or other Pacific Islander,At least ten AP courses,pct_students_school_offers,2019,0.94
Nevada,Native Hawaiian or other Pacific Islander,At least one AP STEM course,pct_students_school_offers,2024,0.94
Nevada,Native Hawaiian or other Pacific Islander,At least one AP STEM course,pct_students_school_offers,2023,0.98
Nevada,Native Hawaiian or other Pacific Islander,At least one AP STEM course,pct_students_school_offers,2022,0.98
Nevada,Native Hawaiian or other Pacific Islander,At least one AP STEM course,pct_students_school_offers,2021,0.98
Nevada,Native Hawaiian or other Pacific Islander,At least one AP STEM course,pct_students_school_offers,2020,0.99
Nevada,Native Hawaiian or other Pacific Islander,At least one AP STEM course,pct_students_school_offers,2019,0.98
Nevada,Two or More Races,At least five AP courses,pct_students_school_offers,2024,0.92
Nevada,Two or More Races,At least five AP courses,pct_students_school_offers,2023,0.95
Nevada,Two or More Races,At least five AP courses,pct_students_school_offers,2022,0.95
Nevada,Two or More Races,At least five AP courses,pct_students_school_offers,2021,0.96
Nevada,Two or More Races,At least five AP courses,pct_students_school_offers,2020,0.96
Nevada,Two or More Races,At least five AP courses,pct_students_school_offers,2019,0.97
Nevada,Two or More Races,At least ten AP courses,pct_students_school_offers,2024,0.84
Nevada,Two or More Races,At least ten AP courses,pct_students_school_offers,2023,0.83
Nevada,Two or More Races,At least ten AP courses,pct_students_school_offers,2022,0.9
Nevada,Two or More Races,At least ten AP courses,pct_students_school_offers,2021,0.91
Nevada,Two or More Races,At least ten AP courses,pct_students_school_offers,2020,0.92
Nevada,Two or More Races,At least ten AP courses,pct_students_school_offers,2019,0.92
Nevada,Two or More Races,At least one AP STEM course,pct_students_school_offers,2024,0.93
Nevada,Two or More Races,At least one AP STEM course,pct_students_school_offers,2023,0.96
Nevada,Two or More Races,At least one AP STEM course,pct_students_school_offers,2022,0.96
Nevada,Two or More Races,At least one AP STEM course,pct_students_school_offers,2021,0.97
Nevada,Two or More Races,At least one AP STEM course,pct_students_school_offers,2020,0.98
Nevada,Two or More Races,At least one AP STEM course,pct_students_school_offers,2019,0.97
New Hampshire,All,At least five AP courses,Number of public high schools that offer,2024,60
New Hampshire,All,At least five AP courses,Number of public high schools that offer,2023,56
New Hampshire,All,At least five AP courses,Number of public high schools that offer,2022,53
New Hampshire,All,At least five AP courses,Number of public high schools that offer,2021,53
New Hampshire,All,At least five AP courses,Number of public high schools that offer,2020,53
New Hampshire,All,At least five AP courses,Number of public high schools that offer,2019,57
New Hampshire,All,At least ten AP courses,Number of public high schools that offer,2024,41
New Hampshire,All,At least ten AP courses,Number of public high schools that offer,2023,33
New Hampshire,All,At least ten AP courses,Number of public high schools that offer,2022,32
New Hampshire,All,At least ten AP courses,Number of public high schools that offer,2021,34
New Hampshire,All,At least ten AP courses,Number of public high schools that offer,2020,36
New Hampshire,All,At least ten AP courses,Number of public high schools that offer,2019,35
New Hampshire,All,At least one AP STEM course,Number of public high schools that offer,2024,67
New Hampshire,All,At least one AP STEM course,Number of public high schools that offer,2023,65
New Hampshire,All,At least one AP STEM course,Number of public high schools that offer,2022,70
New Hampshire,All,At least one AP STEM course,Number of public high schools that offer,2021,70
New Hampshire,All,At least one AP STEM course,Number of public high schools that offer,2020,69
New Hampshire,All,At least one AP STEM course,Number of public high schools that offer,2019,67
New Hampshire,All,At least five AP courses,Percentage of public high schools that offers,2024,0.64
New Hampshire,All,At least five AP courses,Percentage of public high schools that offers,2023,0.68
New Hampshire,All,At least five AP courses,Percentage of public high schools that offers,2022,0.65
New Hampshire,All,At least five AP courses,Percentage of public high schools that offers,2021,0.65
New Hampshire,All,At least five AP courses,Percentage of public high schools that offers,2020,0.65
New Hampshire,All,At least five AP courses,Percentage of public high schools that offers,2019,0.7
New Hampshire,All,At least ten AP courses,Percentage of public high schools that offers,2024,0.44
New Hampshire,All,At least ten AP courses,Percentage of public high schools that offers,2023,0.4
New Hampshire,All,At least ten AP courses,Percentage of public high schools that offers,2022,0.39
New Hampshire,All,At least ten AP courses,Percentage of public high schools that offers,2021,0.41
New Hampshire,All,At least ten AP courses,Percentage of public high schools that offers,2020,0.44
New Hampshire,All,At least ten AP courses,Percentage of public high schools that offers,2019,0.43
New Hampshire,All,At least one AP STEM course,Percentage of public high schools that offers,2024,0.71
New Hampshire,All,At least one AP STEM course,Percentage of public high schools that offers,2023,0.79
New Hampshire,All,At least one AP STEM course,Percentage of public high schools that offers,2022,0.85
New Hampshire,All,At least one AP STEM course,Percentage of public high schools that offers,2021,0.85
New Hampshire,All,At least one AP STEM course,Percentage of public high schools that offers,2020,0.84
New Hampshire,All,At least one AP STEM course,Percentage of public high schools that offers,2019,0.82
New Hampshire,All,At least five AP courses,Percentage of public high school students whose school offers,2024,0.86
New Hampshire,All,At least five AP courses,Percentage of public high school students whose school offers,2023,0.86
New Hampshire,All,At least five AP courses,Percentage of public high school students whose school offers,2022,0.87
New Hampshire,All,At least five AP courses,Percentage of public high school students whose school offers,2021,0.85
New Hampshire,All,At least five AP courses,Percentage of public high school students whose school offers,2020,0.83
New Hampshire,All,At least five AP courses,Percentage of public high school students whose school offers,2019,0.87
New Hampshire,All,At least ten AP courses,Percentage of public high school students whose school offers,2024,0.71
New Hampshire,All,At least ten AP courses,Percentage of public high school students whose school offers,2023,0.66
New Hampshire,All,At least ten AP courses,Percentage of public high school students whose school offers,2022,0.63
New Hampshire,All,At least ten AP courses,Percentage of public high school students whose school offers,2021,0.66
New Hampshire,All,At least ten AP courses,Percentage of public high school students whose school offers,2020,0.68
New Hampshire,All,At least ten AP courses,Percentage of public high school students whose school offers,2019,0.66
New Hampshire,All,At least one AP STEM course,Percentage of public high school students whose school offers,2024,0.9
New Hampshire,All,At least one AP STEM course,Percentage of public high school students whose school offers,2023,0.92
New Hampshire,All,At least one AP STEM course,Percentage of public high school students whose school offers,2022,0.96
New Hampshire,All,At least one AP STEM course,Percentage of public high school students whose school offers,2021,0.95
New Hampshire,All,At least one AP STEM course,Percentage of public high school students whose school offers,2020,0.95
New Hampshire,All,At least one AP STEM course,Percentage of public high school students whose school offers,2019,0.94
New Hampshire,Asian,At least five AP courses,pct_students_school_offers,2024,0.94
New Hampshire,Asian,At least five AP courses,pct_students_school_offers,2023,0.88
New Hampshire,Asian,At least five AP courses,pct_students_school_offers,2022,0.94
New Hampshire,Asian,At least five AP courses,pct_students_school_offers,2021,0.9
New Hampshire,Asian,At least five AP courses,pct_students_school_offers,2020,0.86
New Hampshire,Asian,At least five AP courses,pct_students_school_offers,2019,0.93
New Hampshire,Asian,At least ten AP courses,pct_students_school_offers,2024,0.85
New Hampshire,Asian,At least ten AP courses,pct_students_school_offers,2023,0.8
New Hampshire,Asian,At least ten AP courses,pct_students_school_offers,2022,0.77
New Hampshire,Asian,At least ten AP courses,pct_students_school_offers,2021,0.81
New Hampshire,Asian,At least ten AP courses,pct_students_school_offers,2020,0.8
New Hampshire,Asian,At least ten AP courses,pct_students_school_offers,2019,0.78
New Hampshire,Asian,At least one AP STEM course,pct_students_school_offers,2024,0.97
New Hampshire,Asian,At least one AP STEM course,pct_students_school_offers,2023,0.94
New Hampshire,Asian,At least one AP STEM course,pct_students_school_offers,2022,0.98
New Hampshire,Asian,At least one AP STEM course,pct_students_school_offers,2021,0.98
New Hampshire,Asian,At least one AP STEM course,pct_students_school_offers,2020,0.98
New Hampshire,Asian,At least one AP STEM course,pct_students_school_offers,2019,0.94
New Hampshire,Hispanic/Latino,At least five AP courses,pct_students_school_offers,2024,0.91
New Hampshire,Hispanic/Latino,At least five AP courses,pct_students_school_offers,2023,0.9
New Hampshire,Hispanic/Latino,At least five AP courses,pct_students_school_offers,2022,0.92
New Hampshire,Hispanic/Latino,At least five AP courses,pct_students_school_offers,2021,0.91
New Hampshire,Hispanic/Latino,At least five AP courses,pct_students_school_offers,2020,0.85
New Hampshire,Hispanic/Latino,At least five AP courses,pct_students_school_offers,2019,0.93
New Hampshire,Hispanic/Latino,At least ten AP courses,pct_students_school_offers,2024,0.83
New Hampshire,Hispanic/Latino,At least ten AP courses,pct_students_school_offers,2023,0.77
New Hampshire,Hispanic/Latino,At least ten AP courses,pct_students_school_offers,2022,0.67
New Hampshire,Hispanic/Latino,At least ten AP courses,pct_students_school_offers,2021,0.77
New Hampshire,Hispanic/Latino,At least ten AP courses,pct_students_school_offers,2020,0.79
New Hampshire,Hispanic/Latino,At least ten AP courses,pct_students_school_offers,2019,0.79
New Hampshire,Hispanic/Latino,At least one AP STEM course,pct_students_school_offers,2024,0.94
New Hampshire,Hispanic/Latino,At least one AP STEM course,pct_students_school_offers,2023,0.94
New Hampshire,Hispanic/Latino,At least one AP STEM course,pct_students_school_offers,2022,0.98
New Hampshire,Hispanic/Latino,At least one AP STEM course,pct_students_school_offers,2021,0.96
New Hampshire,Hispanic/Latino,At least one AP STEM course,pct_students_school_offers,2020,0.96
New Hampshire,Hispanic/Latino,At least one AP STEM course,pct_students_school_offers,2019,0.96
New Hampshire,White,At least five AP courses,pct_students_school_offers,2024,0.85
New Hampshire,White,At least five AP courses,pct_students_school_offers,2023,0.85
New Hampshire,White,At least five AP courses,pct_students_school_offers,2022,0.86
New Hampshire,White,At least five AP courses,pct_students_school_offers,2021,0.85
New Hampshire,White,At least five AP courses,pct_students_school_offers,2020,0.83
New Hampshire,White,At least five AP courses,pct_students_school_offers,2019,0.86
New Hampshire,White,At least ten AP courses,pct_students_school_offers,2024,0.69
New Hampshire,White,At least ten AP courses,pct_students_school_offers,2023,0.64
New Hampshire,White,At least ten AP courses,pct_students_school_offers,2022,0.63
New Hampshire,White,At least ten AP courses,pct_students_school_offers,2021,0.64
New Hampshire,White,At least ten AP courses,pct_students_school_offers,2020,0.67
New Hampshire,White,At least ten AP courses,pct_students_school_offers,2019,0.65
New Hampshire,White,At least one AP STEM course,pct_students_school_offers,2024,0.89
New Hampshire,White,At least one AP STEM course,pct_students_school_offers,2023,0.92
New Hampshire,White,At least one AP STEM course,pct_students_school_offers,2022,0.96
New Hampshire,White,At least one AP STEM course,pct_students_school_offers,2021,0.95
New Hampshire,White,At least one AP STEM course,pct_students_school_offers,2020,0.95
New Hampshire,White,At least one AP STEM course,pct_students_school_offers,2019,0.94
New Hampshire,Black or African American,At least five AP courses,pct_students_school_offers,2024,0.91
New Hampshire,Black or African American,At least five AP courses,pct_students_school_offers,2023,0.92
New Hampshire,Black or African American,At least five AP courses,pct_students_school_offers,2022,0.92
New Hampshire,Black or African American,At least five AP courses,pct_students_school_offers,2021,0.91
New Hampshire,Black or African American,At least five AP courses,pct_students_school_offers,2020,0.84
New Hampshire,Black or African American,At least five AP courses,pct_students_school_offers,2019,0.94
New Hampshire,Black or African American,At least ten AP courses,pct_students_school_offers,2024,0.84
New Hampshire,Black or African American,At least ten AP courses,pct_students_school_offers,2023,0.77
New Hampshire,Black or African American,At least ten AP courses,pct_students_school_offers,2022,0.58
New Hampshire,Black or African American,At least ten AP courses,pct_students_school_offers,2021,0.74
New Hampshire,Black or African American,At least ten AP courses,pct_students_school_offers,2020,0.78
New Hampshire,Black or African American,At least ten AP courses,pct_students_school_offers,2019,0.77
New Hampshire,Black or African American,At least one AP STEM course,pct_students_school_offers,2024,0.94
New Hampshire,Black or African American,At least one AP STEM course,pct_students_school_offers,2023,0.95
New Hampshire,Black or African American,At least one AP STEM course,pct_students_school_offers,2022,0.98
New Hampshire,Black or African American,At least one AP STEM course,pct_students_school_offers,2021,0.97
New Hampshire,Black or African American,At least one AP STEM course,pct_students_school_offers,2020,0.96
New Hampshire,Black or African American,At least one AP STEM course,pct_students_school_offers,2019,0.97
New Hampshire,Native American or Alaska Native,At least five AP courses,pct_students_school_offers,2024,0.84
New Hampshire,Native American or Alaska Native,At least five AP courses,pct_students_school_offers,2023,0.86
New Hampshire,Native American or Alaska Native,At least five AP courses,pct_students_school_offers,2022,0.89
New Hampshire,Native American or Alaska Native,At least five AP courses,pct_students_school_offers,2021,0.86
New Hampshire,Native American or Alaska Native,At least five AP courses,pct_students_school_offers,2020,0.75
New Hampshire,Native American or Alaska Native,At least five AP courses,pct_students_school_offers,2019,0.85
New Hampshire,Native American or Alaska Native,At least ten AP courses,pct_students_school_offers,2024,0.73
New Hampshire,Native American or Alaska Native,At least ten AP courses,pct_students_school_offers,2023,0.61
New Hampshire,Native American or Alaska Native,At least ten AP courses,pct_students_school_offers,2022,0.63
New Hampshire,Native American or Alaska Native,At least ten AP courses,pct_students_school_offers,2021,0.61
New Hampshire,Native American or Alaska Native,At least ten AP courses,pct_students_school_offers,2020,0.52
New Hampshire,Native American or Alaska Native,At least ten AP courses,pct_students_school_offers,2019,0.59
New Hampshire,Native American or Alaska Native,At least one AP STEM course,pct_students_school_offers,2024,0.85
New Hampshire,Native American or Alaska Native,At least one AP STEM course,pct_students_school_offers,2023,0.9
New Hampshire,Native American or Alaska Native,At least one AP STEM course,pct_students_school_offers,2022,0.94
New Hampshire,Native American or Alaska Native,At least one AP STEM course,pct_students_school_offers,2021,0.97
New Hampshire,Native American or Alaska Native,At least one AP STEM course,pct_students_school_offers,2020,0.96
New Hampshire,Native American or Alaska Native,At least one AP STEM course,pct_students_school_offers,2019,0.98
New Hampshire,Native Hawaiian or other Pacific Islander,At least five AP courses,pct_students_school_offers,2024,0.96
New Hampshire,Native Hawaiian or other Pacific Islander,At least five AP courses,pct_students_school_offers,2023,0.95
New Hampshire,Native Hawaiian or other Pacific Islander,At least five AP courses,pct_students_school_offers,2022,0.96
New Hampshire,Native Hawaiian or other Pacific Islander,At least five AP courses,pct_students_school_offers,2021,0.96
New Hampshire,Native Hawaiian or other Pacific Islander,At least five AP courses,pct_students_school_offers,2020,0.73
New Hampshire,Native Hawaiian or other Pacific Islander,At least five AP courses,pct_students_school_offers,2019,0.85
New Hampshire,Native Hawaiian or other Pacific Islander,At least ten AP courses,pct_students_school_offers,2024,0.73
New Hampshire,Native Hawaiian or other Pacific Islander,At least ten AP courses,pct_students_school_offers,2023,0.77
New Hampshire,Native Hawaiian or other Pacific Islander,At least ten AP courses,pct_students_school_offers,2022,0.7
New Hampshire,Native Hawaiian or other Pacific Islander,At least ten AP courses,pct_students_school_offers,2021,0.74
New Hampshire,Native Hawaiian or other Pacific Islander,At least ten AP courses,pct_students_school_offers,2020,0.66
New Hampshire,Native Hawaiian or other Pacific Islander,At least ten AP courses,pct_students_school_offers,2019,0.56
New Hampshire,Native Hawaiian or other Pacific Islander,At least one AP STEM course,pct_students_school_offers,2024,0.98
New Hampshire,Native Hawaiian or other Pacific Islander,At least one AP STEM course,pct_students_school_offers,2023,0.95
New Hampshire,Native Hawaiian or other Pacific Islander,At least one AP STEM course,pct_students_school_offers,2022,0.98
New Hampshire,Native Hawaiian or other Pacific Islander,At least one AP STEM course,pct_students_school_offers,2021,0.98
New Hampshire,Native Hawaiian or other Pacific Islander,At least one AP STEM course,pct_students_school_offers,2020,0.95
New Hampshire,Native Hawaiian or other Pacific Islander,At least one AP STEM course,pct_students_school_offers,2019,0.93
New Hampshire,Two or More Races,At least five AP courses,pct_students_school_offers,2024,0.86
New Hampshire,Two or More Races,At least five AP courses,pct_students_school_offers,2023,0.82
New Hampshire,Two or More Races,At least five AP courses,pct_students_school_offers,2022,0.88
New Hampshire,Two or More Races,At least five AP courses,pct_students_school_offers,2021,0.84
New Hampshire,Two or More Races,At least five AP courses,pct_students_school_offers,2020,0.78
New Hampshire,Two or More Races,At least five AP courses,pct_students_school_offers,2019,0.83
New Hampshire,Two or More Races,At least ten AP courses,pct_students_school_offers,2024,0.74
New Hampshire,Two or More Races,At least ten AP courses,pct_students_school_offers,2023,0.64
New Hampshire,Two or More Races,At least ten AP courses,pct_students_school_offers,2022,0.58
New Hampshire,Two or More Races,At least ten AP courses,pct_students_school_offers,2021,0.64
New Hampshire,Two or More Races,At least ten AP courses,pct_students_school_offers,2020,0.66
New Hampshire,Two or More Races,At least ten AP courses,pct_students_school_offers,2019,0.62
New Hampshire,Two or More Races,At least one AP STEM course,pct_students_school_offers,2024,0.91
New Hampshire,Two or More Races,At least one AP STEM course,pct_students_school_offers,2023,0.9
New Hampshire,Two or More Races,At least one AP STEM course,pct_students_school_offers,2022,0.96
New Hampshire,Two or More Races,At least one AP STEM course,pct_students_school_offers,2021,0.93
New Hampshire,Two or More Races,At least one AP STEM course,pct_students_school_offers,2020,0.93
New Hampshire,Two or More Races,At least one AP STEM course,pct_students_school_offers,2019,0.9
New Jersey,All,At least five AP courses,Number of public high schools that offer,2024,370
New Jersey,All,At least five AP courses,Number of public high schools that offer,2023,346
New Jersey,All,At least five AP courses,Number of public high schools that offer,2022,337
New Jersey,All,At least five AP courses,Number of public high schools that offer,2021,340
New Jersey,All,At least five AP courses,Number of public high schools that offer,2020,327
New Jersey,All,At least five AP courses,Number of public high schools that offer,2019,333
New Jersey,All,At least ten AP courses,Number of public high schools that offer,2024,310
New Jersey,All,At least ten AP courses,Number of public high schools that offer,2023,294
New Jersey,All,At least ten AP courses,Number of public high schools that offer,2022,282
New Jersey,All,At least ten AP courses,Number of public high schools that offer,2021,281
New Jersey,All,At least ten AP courses,Number of public high schools that offer,2020,268
New Jersey,All,At least ten AP courses,Number of public high schools that offer,2019,265
New Jersey,All,At least one AP STEM course,Number of public high schools that offer,2024,383
New Jersey,All,At least one AP STEM course,Number of public high schools that offer,2023,369
New Jersey,All,At least one AP STEM course,Number of public high schools that offer,2022,362
New Jersey,All,At least one AP STEM course,Number of public high schools that offer,2021,362
New Jersey,All,At least one AP STEM course,Number of public high schools that offer,2020,350
New Jersey,All,At least one AP STEM course,Number of public high schools that offer,2019,348
New Jersey,All,At least five AP courses,Percentage of public high schools that offers,2024,0.86
New Jersey,All,At least five AP courses,Percentage of public high schools that offers,2023,0.87
New Jersey,All,At least five AP courses,Percentage of public high schools that offers,2022,0.85
New Jersey,All,At least five AP courses,Percentage of public high schools that offers,2021,0.86
New Jersey,All,At least five AP courses,Percentage of public high schools that offers,2020,0.86
New Jersey,All,At least five AP courses,Percentage of public high schools that offers,2019,0.88
New Jersey,All,At least ten AP courses,Percentage of public high schools that offers,2024,0.72
New Jersey,All,At least ten AP courses,Percentage of public high schools that offers,2023,0.74
New Jersey,All,At least ten AP courses,Percentage of public high schools that offers,2022,0.71
New Jersey,All,At least ten AP courses,Percentage of public high schools that offers,2021,0.71
New Jersey,All,At least ten AP courses,Percentage of public high schools that offers,2020,0.71
New Jersey,All,At least ten AP courses,Percentage of public high schools that offers,2019,0.7
New Jersey,All,At least one AP STEM course,Percentage of public high schools that offers,2024,0.89
New Jersey,All,At least one AP STEM course,Percentage of public high schools that offers,2023,0.93
New Jersey,All,At least one AP STEM course,Percentage of public high schools that offers,2022,0.92
New Jersey,All,At least one AP STEM course,Percentage of public high schools that offers,2021,0.92
New Jersey,All,At least one AP STEM course,Percentage of public high schools that offers,2020,0.92
New Jersey,All,At least one AP STEM course,Percentage of public high schools that offers,2019,0.92
New Jersey,All,At least five AP courses,Percentage of public high school students whose school offers,2024,0.94
New Jersey,All,At least five AP courses,Percentage of public high school students whose school offers,2023,0.94
New Jersey,All,At least five AP courses,Percentage of public high school students whose school offers,2022,0.94
New Jersey,All,At least five AP courses,Percentage of public high school students whose school offers,2021,0.93
New Jersey,All,At least five AP courses,Percentage of public high school students whose school offers,2020,0.94
New Jersey,All,At least five AP courses,Percentage of public high school students whose school offers,2019,0.95
New Jersey,All,At least ten AP courses,Percentage of public high school students whose school offers,2024,0.85
New Jersey,All,At least ten AP courses,Percentage of public high school students whose school offers,2023,0.85
New Jersey,All,At least ten AP courses,Percentage of public high school students whose school offers,2022,0.84
New Jersey,All,At least ten AP courses,Percentage of public high school students whose school offers,2021,0.84
New Jersey,All,At least ten AP courses,Percentage of public high school students whose school offers,2020,0.84
New Jersey,All,At least ten AP courses,Percentage of public high school students whose school offers,2019,0.84
New Jersey,All,At least one AP STEM course,Percentage of public high school students whose school offers,2024,0.95
New Jersey,All,At least one AP STEM course,Percentage of public high school students whose school offers,2023,0.97
New Jersey,All,At least one AP STEM course,Percentage of public high school students whose school offers,2022,0.97
New Jersey,All,At least one AP STEM course,Percentage of public high school students whose school offers,2021,0.97
New Jersey,All,At least one AP STEM course,Percentage of public high school students whose school offers,2020,0.97
New Jersey,All,At least one AP STEM course,Percentage of public high school students whose school offers,2019,0.96
New Jersey,Asian,At least five AP courses,pct_students_school_offers,2024,0.97
New Jersey,Asian,At least five AP courses,pct_students_school_offers,2023,0.97
New Jersey,Asian,At least five AP courses,pct_students_school_offers,2022,0.97
New Jersey,Asian,At least five AP courses,pct_students_school_offers,2021,0.97
New Jersey,Asian,At least five AP courses,pct_students_school_offers,2020,0.98
New Jersey,Asian,At least five AP courses,pct_students_school_offers,2019,0.99
New Jersey,Asian,At least ten AP courses,pct_students_school_offers,2024,0.94
New Jersey,Asian,At least ten AP courses,pct_students_school_offers,2023,0.95
New Jersey,Asian,At least ten AP courses,pct_students_school_offers,2022,0.94
New Jersey,Asian,At least ten AP courses,pct_students_school_offers,2021,0.94
New Jersey,Asian,At least ten AP courses,pct_students_school_offers,2020,0.94
New Jersey,Asian,At least ten AP courses,pct_students_school_offers,2019,0.94
New Jersey,Asian,At least one AP STEM course,pct_students_school_offers,2024,0.98
New Jersey,Asian,At least one AP STEM course,pct_students_school_offers,2023,0.98
New Jersey,Asian,At least one AP STEM course,pct_students_school_offers,2022,0.99
New Jersey,Asian,At least one AP STEM course,pct_students_school_offers,2021,0.99
New Jersey,Asian,At least one AP STEM course,pct_students_school_offers,2020,0.99
New Jersey,Asian,At least one AP STEM course,pct_students_school_offers,2019,0.99
New Jersey,Hispanic/Latino,At least five AP courses,pct_students_school_offers,2024,0.93
New Jersey,Hispanic/Latino,At least five AP courses,pct_students_school_offers,2023,0.93
New Jersey,Hispanic/Latino,At least five AP courses,pct_students_school_offers,2022,0.91
New Jersey,Hispanic/Latino,At least five AP courses,pct_students_school_offers,2021,0.9
New Jersey,Hispanic/Latino,At least five AP courses,pct_students_school_offers,2020,0.93
New Jersey,Hispanic/Latino,At least five AP courses,pct_students_school_offers,2019,0.94
New Jersey,Hispanic/Latino,At least ten AP courses,pct_students_school_offers,2024,0.79
New Jersey,Hispanic/Latino,At least ten AP courses,pct_students_school_offers,2023,0.78
New Jersey,Hispanic/Latino,At least ten AP courses,pct_students_school_offers,2022,0.77
New Jersey,Hispanic/Latino,At least ten AP courses,pct_students_school_offers,2021,0.76
New Jersey,Hispanic/Latino,At least ten AP courses,pct_students_school_offers,2020,0.74
New Jersey,Hispanic/Latino,At least ten AP courses,pct_students_school_offers,2019,0.75
New Jersey,Hispanic/Latino,At least one AP STEM course,pct_students_school_offers,2024,0.94
New Jersey,Hispanic/Latino,At least one AP STEM course,pct_students_school_offers,2023,0.96
New Jersey,Hispanic/Latino,At least one AP STEM course,pct_students_school_offers,2022,0.95
New Jersey,Hispanic/Latino,At least one AP STEM course,pct_students_school_offers,2021,0.95
New Jersey,Hispanic/Latino,At least one AP STEM course,pct_students_school_offers,2020,0.96
New Jersey,Hispanic/Latino,At least one AP STEM course,pct_students_school_offers,2019,0.95
New Jersey,White,At least five AP courses,pct_students_school_offers,2024,0.96
New Jersey,White,At least five AP courses,pct_students_school_offers,2023,0.96
New Jersey,White,At least five AP courses,pct_students_school_offers,2022,0.96
New Jersey,White,At least five AP courses,pct_students_school_offers,2021,0.96
New Jersey,White,At least five AP courses,pct_students_school_offers,2020,0.97
New Jersey,White,At least five AP courses,pct_students_school_offers,2019,0.97
New Jersey,White,At least ten AP courses,pct_students_school_offers,2024,0.92
New Jersey,White,At least ten AP courses,pct_students_school_offers,2023,0.92
New Jersey,White,At least ten AP courses,pct_students_school_offers,2022,0.91
New Jersey,White,At least ten AP courses,pct_students_school_offers,2021,0.92
New Jersey,White,At least ten AP courses,pct_students_school_offers,2020,0.92
New Jersey,White,At least ten AP courses,pct_students_school_offers,2019,0.92
New Jersey,White,At least one AP STEM course,pct_students_school_offers,2024,0.98
New Jersey,White,At least one AP STEM course,pct_students_school_offers,2023,0.98
New Jersey,White,At least one AP STEM course,pct_students_school_offers,2022,0.98
New Jersey,White,At least one AP STEM course,pct_students_school_offers,2021,0.98
New Jersey,White,At least one AP STEM course,pct_students_school_offers,2020,0.98
New Jersey,White,At least one AP STEM course,pct_students_school_offers,2019,0.99
New Jersey,Black or African American,At least five AP courses,pct_students_school_offers,2024,0.91
New Jersey,Black or African American,At least five AP courses,pct_students_school_offers,2023,0.9
New Jersey,Black or African American,At least five AP courses,pct_students_school_offers,2022,0.86
New Jersey,Black or African American,At least five AP courses,pct_students_school_offers,2021,0.88
New Jersey,Black or African American,At least five AP courses,pct_students_school_offers,2020,0.86
New Jersey,Black or African American,At least five AP courses,pct_students_school_offers,2019,0.87
New Jersey,Black or African American,At least ten AP courses,pct_students_school_offers,2024,0.71
New Jersey,Black or African American,At least ten AP courses,pct_students_school_offers,2023,0.67
New Jersey,Black or African American,At least ten AP courses,pct_students_school_offers,2022,0.68
New Jersey,Black or African American,At least ten AP courses,pct_students_school_offers,2021,0.66
New Jersey,Black or African American,At least ten AP courses,pct_students_school_offers,2020,0.62
New Jersey,Black or African American,At least ten AP courses,pct_students_school_offers,2019,0.61
New Jersey,Black or African American,At least one AP STEM course,pct_students_school_offers,2024,0.89
New Jersey,Black or African American,At least one AP STEM course,pct_students_school_offers,2023,0.94
New Jersey,Black or African American,At least one AP STEM course,pct_students_school_offers,2022,0.94
New Jersey,Black or African American,At least one AP STEM course,pct_students_school_offers,2021,0.92
New Jersey,Black or African American,At least one AP STEM course,pct_students_school_offers,2020,0.91
New Jersey,Black or African American,At least one AP STEM course,pct_students_school_offers,2019,0.89
New Jersey,Native American or Alaska Native,At least five AP courses,pct_students_school_offers,2024,0.93
New Jersey,Native American or Alaska Native,At least five AP courses,pct_students_school_offers,2023,0.94
New Jersey,Native American or Alaska Native,At least five AP courses,pct_students_school_offers,2022,0.95
New Jersey,Native American or Alaska Native,At least five AP courses,pct_students_school_offers,2021,0.95
New Jersey,Native American or Alaska Native,At least five AP courses,pct_students_school_offers,2020,0.88
New Jersey,Native American or Alaska Native,At least five AP courses,pct_students_school_offers,2019,0.93
New Jersey,Native American or Alaska Native,At least ten AP courses,pct_students_school_offers,2024,0.84
New Jersey,Native American or Alaska Native,At least ten AP courses,pct_students_school_offers,2023,0.81
New Jersey,Native American or Alaska Native,At least ten AP courses,pct_students_school_offers,2022,0.82
New Jersey,Native American or Alaska Native,At least ten AP courses,pct_students_school_offers,2021,0.81
New Jersey,Native American or Alaska Native,At least ten AP courses,pct_students_school_offers,2020,0.78
New Jersey,Native American or Alaska Native,At least ten AP courses,pct_students_school_offers,2019,0.79
New Jersey,Native American or Alaska Native,At least one AP STEM course,pct_students_school_offers,2024,0.94
New Jersey,Native American or Alaska Native,At least one AP STEM course,pct_students_school_offers,2023,0.97
New Jersey,Native American or Alaska Native,At least one AP STEM course,pct_students_school_offers,2022,0.99
New Jersey,Native American or Alaska Native,At least one AP STEM course,pct_students_school_offers,2021,0.98
New Jersey,Native American or Alaska Native,At least one AP STEM course,pct_students_school_offers,2020,0.96
New Jersey,Native American or Alaska Native,At least one AP STEM course,pct_students_school_offers,2019,0.95
New Jersey,Native Hawaiian or other Pacific Islander,At least five AP courses,pct_students_school_offers,2024,0.95
New Jersey,Native Hawaiian or other Pacific Islander,At least five AP courses,pct_students_school_offers,2023,0.83
New Jersey,Native Hawaiian or other Pacific Islander,At least five AP courses,pct_students_school_offers,2022,0.95
New Jersey,Native Hawaiian or other Pacific Islander,At least five AP courses,pct_students_school_offers,2021,0.95
New Jersey,Native Hawaiian or other Pacific Islander,At least five AP courses,pct_students_school_offers,2020,0.95
New Jersey,Native Hawaiian or other Pacific Islander,At least five AP courses,pct_students_school_offers,2019,0.96
New Jersey,Native Hawaiian or other Pacific Islander,At least ten AP courses,pct_students_school_offers,2024,0.79
New Jersey,Native Hawaiian or other Pacific Islander,At least ten AP courses,pct_students_school_offers,2023,0.76
New Jersey,Native Hawaiian or other Pacific Islander,At least ten AP courses,pct_students_school_offers,2022,0.88
New Jersey,Native Hawaiian or other Pacific Islander,At least ten AP courses,pct_students_school_offers,2021,0.88
New Jersey,Native Hawaiian or other Pacific Islander,At least ten AP courses,pct_students_school_offers,2020,0.87
New Jersey,Native Hawaiian or other Pacific Islander,At least ten AP courses,pct_students_school_offers,2019,0.87
New Jersey,Native Hawaiian or other Pacific Islander,At least one AP STEM course,pct_students_school_offers,2024,0.96
New Jersey,Native Hawaiian or other Pacific Islander,At least one AP STEM course,pct_students_school_offers,2023,0.98
New Jersey,Native Hawaiian or other Pacific Islander,At least one AP STEM course,pct_students_school_offers,2022,0.97
New Jersey,Native Hawaiian or other Pacific Islander,At least one AP STEM course,pct_students_school_offers,2021,0.97
New Jersey,Native Hawaiian or other Pacific Islander,At least one AP STEM course,pct_students_school_offers,2020,0.98
New Jersey,Native Hawaiian or other Pacific Islander,At least one AP STEM course,pct_students_school_offers,2019,0.97
New Jersey,Two or More Races,At least five AP courses,pct_students_school_offers,2024,0.95
New Jersey,Two or More Races,At least five AP courses,pct_students_school_offers,2023,0.94
New Jersey,Two or More Races,At least five AP courses,pct_students_school_offers,2022,0.94
New Jersey,Two or More Races,At least five AP courses,pct_students_school_offers,2021,0.94
New Jersey,Two or More Races,At least five AP courses,pct_students_school_offers,2020,0.92
New Jersey,Two or More Races,At least five AP courses,pct_students_school_offers,2019,0.93
New Jersey,Two or More Races,At least ten AP courses,pct_students_school_offers,2024,0.9
New Jersey,Two or More Races,At least ten AP courses,pct_students_school_offers,2023,0.89
New Jersey,Two or More Races,At least ten AP courses,pct_students_school_offers,2022,0.88
New Jersey,Two or More Races,At least ten AP courses,pct_students_school_offers,2021,0.89
New Jersey,Two or More Races,At least ten AP courses,pct_students_school_offers,2020,0.85
New Jersey,Two or More Races,At least ten AP courses,pct_students_school_offers,2019,0.84
New Jersey,Two or More Races,At least one AP STEM course,pct_students_school_offers,2024,0.97
New Jersey,Two or More Races,At least one AP STEM course,pct_students_school_offers,2023,0.97
New Jersey,Two or More Races,At least one AP STEM course,pct_students_school_offers,2022,0.98
New Jersey,Two or More Races,At least one AP STEM course,pct_students_school_offers,2021,0.97
New Jersey,Two or More Races,At least one AP STEM course,pct_students_school_offers,2020,0.97
New Jersey,Two or More Races,At least one AP STEM course,pct_students_school_offers,2019,0.97
New Mexico,All,At least five AP courses,Number of public high schools that offer,2024,65
New Mexico,All,At least five AP courses,Number of public high schools that offer,2023,57
New Mexico,All,At least five AP courses,Number of public high schools that offer,2022,54
New Mexico,All,At least five AP courses,Number of public high schools that offer,2021,58
New Mexico,All,At least five AP courses,Number of public high schools that offer,2020,55
New Mexico,All,At least five AP courses,Number of public high schools that offer,2019,56
New Mexico,All,At least ten AP courses,Number of public high schools that offer,2024,40
New Mexico,All,At least ten AP courses,Number of public high schools that offer,2023,37
New Mexico,All,At least ten AP courses,Number of public high schools that offer,2022,33
New Mexico,All,At least ten AP courses,Number of public high schools that offer,2021,35
New Mexico,All,At least ten AP courses,Number of public high schools that offer,2020,36
New Mexico,All,At least ten AP courses,Number of public high schools that offer,2019,36
New Mexico,All,At least one AP STEM course,Number of public high schools that offer,2024,77
New Mexico,All,At least one AP STEM course,Number of public high schools that offer,2023,68
New Mexico,All,At least one AP STEM course,Number of public high schools that offer,2022,72
New Mexico,All,At least one AP STEM course,Number of public high schools that offer,2021,70
New Mexico,All,At least one AP STEM course,Number of public high schools that offer,2020,66
New Mexico,All,At least one AP STEM course,Number of public high schools that offer,2019,68
New Mexico,All,At least five AP courses,Percentage of public high schools that offers,2024,0.29
New Mexico,All,At least five AP courses,Percentage of public high schools that offers,2023,0.31
New Mexico,All,At least five AP courses,Percentage of public high schools that offers,2022,0.31
New Mexico,All,At least five AP courses,Percentage of public high schools that offers,2021,0.33
New Mexico,All,At least five AP courses,Percentage of public high schools that offers,2020,0.34
New Mexico,All,At least five AP courses,Percentage of public high schools that offers,2019,0.35
New Mexico,All,At least ten AP courses,Percentage of public high schools that offers,2024,0.18
New Mexico,All,At least ten AP courses,Percentage of public high schools that offers,2023,0.2
New Mexico,All,At least ten AP courses,Percentage of public high schools that offers,2022,0.19
New Mexico,All,At least ten AP courses,Percentage of public high schools that offers,2021,0.2
New Mexico,All,At least ten AP courses,Percentage of public high schools that offers,2020,0.22
New Mexico,All,At least ten AP courses,Percentage of public high schools that offers,2019,0.22
New Mexico,All,At least one AP STEM course,Percentage of public high schools that offers,2024,0.35
New Mexico,All,At least one AP STEM course,Percentage of public high schools that offers,2023,0.37
New Mexico,All,At least one AP STEM course,Percentage of public high schools that offers,2022,0.41
New Mexico,All,At least one AP STEM course,Percentage of public high schools that offers,2021,0.4
New Mexico,All,At least one AP STEM course,Percentage of public high schools that offers,2020,0.41
New Mexico,All,At least one AP STEM course,Percentage of public high schools that offers,2019,0.42
New Mexico,All,At least five AP courses,Percentage of public high school students whose school offers,2024,0.7
New Mexico,All,At least five AP courses,Percentage of public high school students whose school offers,2023,0.74
New Mexico,All,At least five AP courses,Percentage of public high school students whose school offers,2022,0.74
New Mexico,All,At least five AP courses,Percentage of public high school students whose school offers,2021,0.76
New Mexico,All,At least five AP courses,Percentage of public high school students whose school offers,2020,0.75
New Mexico,All,At least five AP courses,Percentage of public high school students whose school offers,2019,0.77
New Mexico,All,At least ten AP courses,Percentage of public high school students whose school offers,2024,0.57
New Mexico,All,At least ten AP courses,Percentage of public high school students whose school offers,2023,0.6
New Mexico,All,At least ten AP courses,Percentage of public high school students whose school offers,2022,0.56
New Mexico,All,At least ten AP courses,Percentage of public high school students whose school offers,2021,0.58
New Mexico,All,At least ten AP courses,Percentage of public high school students whose school offers,2020,0.62
New Mexico,All,At least ten AP courses,Percentage of public high school students whose school offers,2019,0.62
New Mexico,All,At least one AP STEM course,Percentage of public high school students whose school offers,2024,0.74
New Mexico,All,At least one AP STEM course,Percentage of public high school students whose school offers,2023,0.76
New Mexico,All,At least one AP STEM course,Percentage of public high school students whose school offers,2022,0.79
New Mexico,All,At least one AP STEM course,Percentage of public high school students whose school offers,2021,0.81
New Mexico,All,At least one AP STEM course,Percentage of public high school students whose school offers,2020,0.79
New Mexico,All,At least one AP STEM course,Percentage of public high school students whose school offers,2019,0.81
New Mexico,Asian,At least five AP courses,pct_students_school_offers,2024,0.8
New Mexico,Asian,At least five AP courses,pct_students_school_offers,2023,0.82
New Mexico,Asian,At least five AP courses,pct_students_school_offers,2022,0.86
New Mexico,Asian,At least five AP courses,pct_students_school_offers,2021,0.86
New Mexico,Asian,At least five AP courses,pct_students_school_offers,2020,0.9
New Mexico,Asian,At least five AP courses,pct_students_school_offers,2019,0.9
New Mexico,Asian,At least ten AP courses,pct_students_school_offers,2024,0.72
New Mexico,Asian,At least ten AP courses,pct_students_school_offers,2023,0.75
New Mexico,Asian,At least ten AP courses,pct_students_school_offers,2022,0.72
New Mexico,Asian,At least ten AP courses,pct_students_school_offers,2021,0.75
New Mexico,Asian,At least ten AP courses,pct_students_school_offers,2020,0.82
New Mexico,Asian,At least ten AP courses,pct_students_school_offers,2019,0.82
New Mexico,Asian,At least one AP STEM course,pct_students_school_offers,2024,0.82
New Mexico,Asian,At least one AP STEM course,pct_students_school_offers,2023,0.84
New Mexico,Asian,At least one AP STEM course,pct_students_school_offers,2022,0.88
New Mexico,Asian,At least one AP STEM course,pct_students_school_offers,2021,0.91
New Mexico,Asian,At least one AP STEM course,pct_students_school_offers,2020,0.9
New Mexico,Asian,At least one AP STEM course,pct_students_school_offers,2019,0.93
New Mexico,Hispanic/Latino,At least five AP courses,pct_students_school_offers,2024,0.74
New Mexico,Hispanic/Latino,At least five AP courses,pct_students_school_offers,2023,0.78
New Mexico,Hispanic/Latino,At least five AP courses,pct_students_school_offers,2022,0.77
New Mexico,Hispanic/Latino,At least five AP courses,pct_students_school_offers,2021,0.78
New Mexico,Hispanic/Latino,At least five AP courses,pct_students_school_offers,2020,0.77
New Mexico,Hispanic/Latino,At least five AP courses,pct_students_school_offers,2019,0.78
New Mexico,Hispanic/Latino,At least ten AP courses,pct_students_school_offers,2024,0.61
New Mexico,Hispanic/Latino,At least ten AP courses,pct_students_school_offers,2023,0.63
New Mexico,Hispanic/Latino,At least ten AP courses,pct_students_school_offers,2022,0.59
New Mexico,Hispanic/Latino,At least ten AP courses,pct_students_school_offers,2021,0.6
New Mexico,Hispanic/Latino,At least ten AP courses,pct_students_school_offers,2020,0.65
New Mexico,Hispanic/Latino,At least ten AP courses,pct_students_school_offers,2019,0.64
New Mexico,Hispanic/Latino,At least one AP STEM course,pct_students_school_offers,2024,0.78
New Mexico,Hispanic/Latino,At least one AP STEM course,pct_students_school_offers,2023,0.79
New Mexico,Hispanic/Latino,At least one AP STEM course,pct_students_school_offers,2022,0.82
New Mexico,Hispanic/Latino,At least one AP STEM course,pct_students_school_offers,2021,0.82
New Mexico,Hispanic/Latino,At least one AP STEM course,pct_students_school_offers,2020,0.83
New Mexico,Hispanic/Latino,At least one AP STEM course,pct_students_school_offers,2019,0.83
New Mexico,White,At least five AP courses,pct_students_school_offers,2024,0.7
New Mexico,White,At least five AP courses,pct_students_school_offers,2023,0.74
New Mexico,White,At least five AP courses,pct_students_school_offers,2022,0.73
New Mexico,White,At least five AP courses,pct_students_school_offers,2021,0.75
New Mexico,White,At least five AP courses,pct_students_school_offers,2020,0.77
New Mexico,White,At least five AP courses,pct_students_school_offers,2019,0.77
New Mexico,White,At least ten AP courses,pct_students_school_offers,2024,0.61
New Mexico,White,At least ten AP courses,pct_students_school_offers,2023,0.63
New Mexico,White,At least ten AP courses,pct_students_school_offers,2022,0.61
New Mexico,White,At least ten AP courses,pct_students_school_offers,2021,0.61
New Mexico,White,At least ten AP courses,pct_students_school_offers,2020,0.67
New Mexico,White,At least ten AP courses,pct_students_school_offers,2019,0.65
New Mexico,White,At least one AP STEM course,pct_students_school_offers,2024,0.75
New Mexico,White,At least one AP STEM course,pct_students_school_offers,2023,0.76
New Mexico,White,At least one AP STEM course,pct_students_school_offers,2022,0.79
New Mexico,White,At least one AP STEM course,pct_students_school_offers,2021,0.8
New Mexico,White,At least one AP STEM course,pct_students_school_offers,2020,0.81
New Mexico,White,At least one AP STEM course,pct_students_school_offers,2019,0.81
New Mexico,Black or African American,At least five AP courses,pct_students_school_offers,2024,0.77
New Mexico,Black or African American,At least five AP courses,pct_students_school_offers,2023,0.84
New Mexico,Black or African American,At least five AP courses,pct_students_school_offers,2022,0.84
New Mexico,Black or African American,At least five AP courses,pct_students_school_offers,2021,0.84
New Mexico,Black or African American,At least five AP courses,pct_students_school_offers,2020,0.84
New Mexico,Black or African American,At least five AP courses,pct_students_school_offers,2019,0.85
New Mexico,Black or African American,At least ten AP courses,pct_students_school_offers,2024,0.71
New Mexico,Black or African American,At least ten AP courses,pct_students_school_offers,2023,0.78
New Mexico,Black or African American,At least ten AP courses,pct_students_school_offers,2022,0.74
New Mexico,Black or African American,At least ten AP courses,pct_students_school_offers,2021,0.76
New Mexico,Black or African American,At least ten AP courses,pct_students_school_offers,2020,0.8
New Mexico,Black or African American,At least ten AP courses,pct_students_school_offers,2019,0.78
New Mexico,Black or African American,At least one AP STEM course,pct_students_school_offers,2024,0.81
New Mexico,Black or African American,At least one AP STEM course,pct_students_school_offers,2023,0.85
New Mexico,Black or African American,At least one AP STEM course,pct_students_school_offers,2022,0.86
New Mexico,Black or African American,At least one AP STEM course,pct_students_school_offers,2021,0.87
New Mexico,Black or African American,At least one AP STEM course,pct_students_school_offers,2020,0.86
New Mexico,Black or African American,At least one AP STEM course,pct_students_school_offers,2019,0.88
New Mexico,Native American or Alaska Native,At least five AP courses,pct_students_school_offers,2024,0.46
New Mexico,Native American or Alaska Native,At least five AP courses,pct_students_school_offers,2023,0.47
New Mexico,Native American or Alaska Native,At least five AP courses,pct_students_school_offers,2022,0.54
New Mexico,Native American or Alaska Native,At least five AP courses,pct_students_school_offers,2021,0.62
New Mexico,Native American or Alaska Native,At least five AP courses,pct_students_school_offers,2020,0.52
New Mexico,Native American or Alaska Native,At least five AP courses,pct_students_school_offers,2019,0.65
New Mexico,Native American or Alaska Native,At least ten AP courses,pct_students_school_offers,2024,0.26
New Mexico,Native American or Alaska Native,At least ten AP courses,pct_students_school_offers,2023,0.32
New Mexico,Native American or Alaska Native,At least ten AP courses,pct_students_school_offers,2022,0.27
New Mexico,Native American or Alaska Native,At least ten AP courses,pct_students_school_offers,2021,0.33
New Mexico,Native American or Alaska Native,At least ten AP courses,pct_students_school_offers,2020,0.31
New Mexico,Native American or Alaska Native,At least ten AP courses,pct_students_school_offers,2019,0.39
New Mexico,Native American or Alaska Native,At least one AP STEM course,pct_students_school_offers,2024,0.5
New Mexico,Native American or Alaska Native,At least one AP STEM course,pct_students_school_offers,2023,0.55
New Mexico,Native American or Alaska Native,At least one AP STEM course,pct_students_school_offers,2022,0.62
New Mexico,Native American or Alaska Native,At least one AP STEM course,pct_students_school_offers,2021,0.7
New Mexico,Native American or Alaska Native,At least one AP STEM course,pct_students_school_offers,2020,0.52
New Mexico,Native American or Alaska Native,At least one AP STEM course,pct_students_school_offers,2019,0.7
New Mexico,Native Hawaiian or other Pacific Islander,At least five AP courses,pct_students_school_offers,2024,0.75
New Mexico,Native Hawaiian or other Pacific Islander,At least five AP courses,pct_students_school_offers,2023,0.75
New Mexico,Native Hawaiian or other Pacific Islander,At least five AP courses,pct_students_school_offers,2022,0.74
New Mexico,Native Hawaiian or other Pacific Islander,At least five AP courses,pct_students_school_offers,2021,0.77
New Mexico,Native Hawaiian or other Pacific Islander,At least five AP courses,pct_students_school_offers,2020,0.79
New Mexico,Native Hawaiian or other Pacific Islander,At least five AP courses,pct_students_school_offers,2019,0.82
New Mexico,Native Hawaiian or other Pacific Islander,At least ten AP courses,pct_students_school_offers,2024,0.71
New Mexico,Native Hawaiian or other Pacific Islander,At least ten AP courses,pct_students_school_offers,2023,0.69
New Mexico,Native Hawaiian or other Pacific Islander,At least ten AP courses,pct_students_school_offers,2022,0.67
New Mexico,Native Hawaiian or other Pacific Islander,At least ten AP courses,pct_students_school_offers,2021,0.66
New Mexico,Native Hawaiian or other Pacific Islander,At least ten AP courses,pct_students_school_offers,2020,0.77
New Mexico,Native Hawaiian or other Pacific Islander,At least ten AP courses,pct_students_school_offers,2019,0.73
New Mexico,Native Hawaiian or other Pacific Islander,At least one AP STEM course,pct_students_school_offers,2024,0.79
New Mexico,Native Hawaiian or other Pacific Islander,At least one AP STEM course,pct_students_school_offers,2023,0.8
New Mexico,Native Hawaiian or other Pacific Islander,At least one AP STEM course,pct_students_school_offers,2022,0.76
New Mexico,Native Hawaiian or other Pacific Islander,At least one AP STEM course,pct_students_school_offers,2021,0.78
New Mexico,Native Hawaiian or other Pacific Islander,At least one AP STEM course,pct_students_school_offers,2020,0.84
New Mexico,Native Hawaiian or other Pacific Islander,At least one AP STEM course,pct_students_school_offers,2019,0.85
New Mexico,Two or More Races,At least five AP courses,pct_students_school_offers,2024,0.8
New Mexico,Two or More Races,At least five AP courses,pct_students_school_offers,2023,0.82
New Mexico,Two or More Races,At least five AP courses,pct_students_school_offers,2022,0.8
New Mexico,Two or More Races,At least five AP courses,pct_students_school_offers,2021,0.83
New Mexico,Two or More Races,At least five AP courses,pct_students_school_offers,2020,0.85
New Mexico,Two or More Races,At least five AP courses,pct_students_school_offers,2019,0.84
New Mexico,Two or More Races,At least ten AP courses,pct_students_school_offers,2024,0.71
New Mexico,Two or More Races,At least ten AP courses,pct_students_school_offers,2023,0.75
New Mexico,Two or More Races,At least ten AP courses,pct_students_school_offers,2022,0.7
New Mexico,Two or More Races,At least ten AP courses,pct_students_school_offers,2021,0.74
New Mexico,Two or More Races,At least ten AP courses,pct_students_school_offers,2020,0.77
New Mexico,Two or More Races,At least ten AP courses,pct_students_school_offers,2019,0.77
New Mexico,Two or More Races,At least one AP STEM course,pct_students_school_offers,2024,0.82
New Mexico,Two or More Races,At least one AP STEM course,pct_students_school_offers,2023,0.85
New Mexico,Two or More Races,At least one AP STEM course,pct_students_school_offers,2022,0.85
New Mexico,Two or More Races,At least one AP STEM course,pct_students_school_offers,2021,0.87
New Mexico,Two or More Races,At least one AP STEM course,pct_students_school_offers,2020,0.87
New Mexico,Two or More Races,At least one AP STEM course,pct_students_school_offers,2019,0.87
New York,All,At least five AP courses,Number of public high schools that offer,2024,768
New York,All,At least five AP courses,Number of public high schools that offer,2023,728
New York,All,At least five AP courses,Number of public high schools that offer,2022,700
New York,All,At least five AP courses,Number of public high schools that offer,2021,696
New York,All,At least five AP courses,Number of public high schools that offer,2020,665
New York,All,At least five AP courses,Number of public high schools that offer,2019,721
New York,All,At least ten AP courses,Number of public high schools that offer,2024,410
New York,All,At least ten AP courses,Number of public high schools that offer,2023,380
New York,All,At least ten AP courses,Number of public high schools that offer,2022,359
New York,All,At least ten AP courses,Number of public high schools that offer,2021,345
New York,All,At least ten AP courses,Number of public high schools that offer,2020,327
New York,All,At least ten AP courses,Number of public high schools that offer,2019,339
New York,All,At least one AP STEM course,Number of public high schools that offer,2024,849
New York,All,At least one AP STEM course,Number of public high schools that offer,2023,851
New York,All,At least one AP STEM course,Number of public high schools that offer,2022,860
New York,All,At least one AP STEM course,Number of public high schools that offer,2021,867
New York,All,At least one AP STEM course,Number of public high schools that offer,2020,841
New York,All,At least one AP STEM course,Number of public high schools that offer,2019,883
New York,All,At least five AP courses,Percentage of public high schools that offers,2024,0.6
New York,All,At least five AP courses,Percentage of public high schools that offers,2023,0.6
New York,All,At least five AP courses,Percentage of public high schools that offers,2022,0.58
New York,All,At least five AP courses,Percentage of public high schools that offers,2021,0.58
New York,All,At least five AP courses,Percentage of public high schools that offers,2020,0.55
New York,All,At least five AP courses,Percentage of public high schools that offers,2019,0.6
New York,All,At least ten AP courses,Percentage of public high schools that offers,2024,0.32
New York,All,At least ten AP courses,Percentage of public high schools that offers,2023,0.31
New York,All,At least ten AP courses,Percentage of public high schools that offers,2022,0.3
New York,All,At least ten AP courses,Percentage of public high schools that offers,2021,0.29
New York,All,At least ten AP courses,Percentage of public high schools that offers,2020,0.27
New York,All,At least ten AP courses,Percentage of public high schools that offers,2019,0.28
New York,All,At least one AP STEM course,Percentage of public high schools that offers,2024,0.66
New York,All,At least one AP STEM course,Percentage of public high schools that offers,2023,0.7
New York,All,At least one AP STEM course,Percentage of public high schools that offers,2022,0.71
New York,All,At least one AP STEM course,Percentage of public high schools that offers,2021,0.72
New York,All,At least one AP STEM course,Percentage of public high schools that offers,2020,0.7
New York,All,At least one AP STEM course,Percentage of public high schools that offers,2019,0.73
New York,All,At least five AP courses,Percentage of public high school students whose school offers,2024,0.81
New York,All,At least five AP courses,Percentage of public high school students whose school offers,2023,0.82
New York,All,At least five AP courses,Percentage of public high school students whose school offers,2022,0.8
New York,All,At least five AP courses,Percentage of public high school students whose school offers,2021,0.8
New York,All,At least five AP courses,Percentage of public high school students whose school offers,2020,0.77
New York,All,At least five AP courses,Percentage of public high school students whose school offers,2019,0.8
New York,All,At least ten AP courses,Percentage of public high school students whose school offers,2024,0.59
New York,All,At least ten AP courses,Percentage of public high school students whose school offers,2023,0.6
New York,All,At least ten AP courses,Percentage of public high school students whose school offers,2022,0.58
New York,All,At least ten AP courses,Percentage of public high school students whose school offers,2021,0.57
New York,All,At least ten AP courses,Percentage of public high school students whose school offers,2020,0.54
New York,All,At least ten AP courses,Percentage of public high school students whose school offers,2019,0.55
New York,All,At least one AP STEM course,Percentage of public high school students whose school offers,2024,0.84
New York,All,At least one AP STEM course,Percentage of public high school students whose school offers,2023,0.87
New York,All,At least one AP STEM course,Percentage of public high school students whose school offers,2022,0.87
New York,All,At least one AP STEM course,Percentage of public high school students whose school offers,2021,0.87
New York,All,At least one AP STEM course,Percentage of public high school students whose school offers,2020,0.85
New York,All,At least one AP STEM course,Percentage of public high school students whose school offers,2019,0.88
New York,Asian,At least five AP courses,pct_students_school_offers,2024,0.93
New York,Asian,At least five AP courses,pct_students_school_offers,2023,0.92
New York,Asian,At least five AP courses,pct_students_school_offers,2022,0.91
New York,Asian,At least five AP courses,pct_students_school_offers,2021,0.91
New York,Asian,At least five AP courses,pct_students_school_offers,2020,0.89
New York,Asian,At least five AP courses,pct_students_school_offers,2019,0.91
New York,Asian,At least ten AP courses,pct_students_school_offers,2024,0.8
New York,Asian,At least ten AP courses,pct_students_school_offers,2023,0.8
New York,Asian,At least ten AP courses,pct_students_school_offers,2022,0.78
New York,Asian,At least ten AP courses,pct_students_school_offers,2021,0.77
New York,Asian,At least ten AP courses,pct_students_school_offers,2020,0.74
New York,Asian,At least ten AP courses,pct_students_school_offers,2019,0.75
New York,Asian,At least one AP STEM course,pct_students_school_offers,2024,0.93
New York,Asian,At least one AP STEM course,pct_students_school_offers,2023,0.94
New York,Asian,At least one AP STEM course,pct_students_school_offers,2022,0.94
New York,Asian,At least one AP STEM course,pct_students_school_offers,2021,0.94
New York,Asian,At least one AP STEM course,pct_students_school_offers,2020,0.93
New York,Asian,At least one AP STEM course,pct_students_school_offers,2019,0.94
New York,Hispanic/Latino,At least five AP courses,pct_students_school_offers,2024,0.82
New York,Hispanic/Latino,At least five AP courses,pct_students_school_offers,2023,0.81
New York,Hispanic/Latino,At least five AP courses,pct_students_school_offers,2022,0.78
New York,Hispanic/Latino,At least five AP courses,pct_students_school_offers,2021,0.78
New York,Hispanic/Latino,At least five AP courses,pct_students_school_offers,2020,0.73
New York,Hispanic/Latino,At least five AP courses,pct_students_school_offers,2019,0.79
New York,Hispanic/Latino,At least ten AP courses,pct_students_school_offers,2024,0.57
New York,Hispanic/Latino,At least ten AP courses,pct_students_school_offers,2023,0.56
New York,Hispanic/Latino,At least ten AP courses,pct_students_school_offers,2022,0.53
New York,Hispanic/Latino,At least ten AP courses,pct_students_school_offers,2021,0.52
New York,Hispanic/Latino,At least ten AP courses,pct_students_school_offers,2020,0.47
New York,Hispanic/Latino,At least ten AP courses,pct_students_school_offers,2019,0.49
New York,Hispanic/Latino,At least one AP STEM course,pct_students_school_offers,2024,0.83
New York,Hispanic/Latino,At least one AP STEM course,pct_students_school_offers,2023,0.87
New York,Hispanic/Latino,At least one AP STEM course,pct_students_school_offers,2022,0.86
New York,Hispanic/Latino,At least one AP STEM course,pct_students_school_offers,2021,0.86
New York,Hispanic/Latino,At least one AP STEM course,pct_students_school_offers,2020,0.82
New York,Hispanic/Latino,At least one AP STEM course,pct_students_school_offers,2019,0.87
New York,White,At least five AP courses,pct_students_school_offers,2024,0.81
New York,White,At least five AP courses,pct_students_school_offers,2023,0.83
New York,White,At least five AP courses,pct_students_school_offers,2022,0.81
New York,White,At least five AP courses,pct_students_school_offers,2021,0.82
New York,White,At least five AP courses,pct_students_school_offers,2020,0.81
New York,White,At least five AP courses,pct_students_school_offers,2019,0.82
New York,White,At least ten AP courses,pct_students_school_offers,2024,0.61
New York,White,At least ten AP courses,pct_students_school_offers,2023,0.63
New York,White,At least ten AP courses,pct_students_school_offers,2022,0.62
New York,White,At least ten AP courses,pct_students_school_offers,2021,0.61
New York,White,At least ten AP courses,pct_students_school_offers,2020,0.6
New York,White,At least ten AP courses,pct_students_school_offers,2019,0.62
New York,White,At least one AP STEM course,pct_students_school_offers,2024,0.86
New York,White,At least one AP STEM course,pct_students_school_offers,2023,0.87
New York,White,At least one AP STEM course,pct_students_school_offers,2022,0.88
New York,White,At least one AP STEM course,pct_students_school_offers,2021,0.88
New York,White,At least one AP STEM course,pct_students_school_offers,2020,0.89
New York,White,At least one AP STEM course,pct_students_school_offers,2019,0.89
New York,Black or African American,At least five AP courses,pct_students_school_offers,2024,0.72
New York,Black or African American,At least five AP courses,pct_students_school_offers,2023,0.74
New York,Black or African American,At least five AP courses,pct_students_school_offers,2022,0.71
New York,Black or African American,At least five AP courses,pct_students_school_offers,2021,0.7
New York,Black or African American,At least five AP courses,pct_students_school_offers,2020,0.66
New York,Black or African American,At least five AP courses,pct_students_school_offers,2019,0.72
New York,Black or African American,At least ten AP courses,pct_students_school_offers,2024,0.42
New York,Black or African American,At least ten AP courses,pct_students_school_offers,2023,0.43
New York,Black or African American,At least ten AP courses,pct_students_school_offers,2022,0.41
New York,Black or African American,At least ten AP courses,pct_students_school_offers,2021,0.4
New York,Black or African American,At least ten AP courses,pct_students_school_offers,2020,0.36
New York,Black or African American,At least ten AP courses,pct_students_school_offers,2019,0.37
New York,Black or African American,At least one AP STEM course,pct_students_school_offers,2024,0.73
New York,Black or African American,At least one AP STEM course,pct_students_school_offers,2023,0.8
New York,Black or African American,At least one AP STEM course,pct_students_school_offers,2022,0.81
New York,Black or African American,At least one AP STEM course,pct_students_school_offers,2021,0.81
New York,Black or African American,At least one AP STEM course,pct_students_school_offers,2020,0.77
New York,Black or African American,At least one AP STEM course,pct_students_school_offers,2019,0.83
New York,Native American or Alaska Native,At least five AP courses,pct_students_school_offers,2024,0.69
New York,Native American or Alaska Native,At least five AP courses,pct_students_school_offers,2023,0.71
New York,Native American or Alaska Native,At least five AP courses,pct_students_school_offers,2022,0.71
New York,Native American or Alaska Native,At least five AP courses,pct_students_school_offers,2021,0.69
New York,Native American or Alaska Native,At least five AP courses,pct_students_school_offers,2020,0.66
New York,Native American or Alaska Native,At least five AP courses,pct_students_school_offers,2019,0.71
New York,Native American or Alaska Native,At least ten AP courses,pct_students_school_offers,2024,0.43
New York,Native American or Alaska Native,At least ten AP courses,pct_students_school_offers,2023,0.44
New York,Native American or Alaska Native,At least ten AP courses,pct_students_school_offers,2022,0.41
New York,Native American or Alaska Native,At least ten AP courses,pct_students_school_offers,2021,0.4
New York,Native American or Alaska Native,At least ten AP courses,pct_students_school_offers,2020,0.35
New York,Native American or Alaska Native,At least ten AP courses,pct_students_school_offers,2019,0.38
New York,Native American or Alaska Native,At least one AP STEM course,pct_students_school_offers,2024,0.78
New York,Native American or Alaska Native,At least one AP STEM course,pct_students_school_offers,2023,0.81
New York,Native American or Alaska Native,At least one AP STEM course,pct_students_school_offers,2022,0.82
New York,Native American or Alaska Native,At least one AP STEM course,pct_students_school_offers,2021,0.8
New York,Native American or Alaska Native,At least one AP STEM course,pct_students_school_offers,2020,0.8
New York,Native American or Alaska Native,At least one AP STEM course,pct_students_school_offers,2019,0.83
New York,Native Hawaiian or other Pacific Islander,At least five AP courses,pct_students_school_offers,2024,0.84
New York,Native Hawaiian or other Pacific Islander,At least five AP courses,pct_students_school_offers,2023,0.84
New York,Native Hawaiian or other Pacific Islander,At least five AP courses,pct_students_school_offers,2022,0.82
New York,Native Hawaiian or other Pacific Islander,At least five AP courses,pct_students_school_offers,2021,0.81
New York,Native Hawaiian or other Pacific Islander,At least ten AP courses,pct_students_school_offers,2024,0.58
New York,Native Hawaiian or other Pacific Islander,At least ten AP courses,pct_students_school_offers,2023,0.58
New York,Native Hawaiian or other Pacific Islander,At least ten AP courses,pct_students_school_offers,2022,0.57
New York,Native Hawaiian or other Pacific Islander,At least ten AP courses,pct_students_school_offers,2021,0.56
New York,Native Hawaiian or other Pacific Islander,At least one AP STEM course,pct_students_school_offers,2024,0.86
New York,Native Hawaiian or other Pacific Islander,At least one AP STEM course,pct_students_school_offers,2023,0.9
New York,Native Hawaiian or other Pacific Islander,At least one AP STEM course,pct_students_school_offers,2022,0.9
New York,Native Hawaiian or other Pacific Islander,At least one AP STEM course,pct_students_school_offers,2021,0.9
New York,Two or More Races,At least five AP courses,pct_students_school_offers,2024,0.83
New York,Two or More Races,At least five AP courses,pct_students_school_offers,2023,0.84
New York,Two or More Races,At least five AP courses,pct_students_school_offers,2022,0.83
New York,Two or More Races,At least five AP courses,pct_students_school_offers,2021,0.83
New York,Two or More Races,At least five AP courses,pct_students_school_offers,2020,0.8
New York,Two or More Races,At least five AP courses,pct_students_school_offers,2019,0.81
New York,Two or More Races,At least ten AP courses,pct_students_school_offers,2024,0.59
New York,Two or More Races,At least ten AP courses,pct_students_school_offers,2023,0.63
New York,Two or More Races,At least ten AP courses,pct_students_school_offers,2022,0.62
New York,Two or More Races,At least ten AP courses,pct_students_school_offers,2021,0.59
New York,Two or More Races,At least ten AP courses,pct_students_school_offers,2020,0.54
New York,Two or More Races,At least ten AP courses,pct_students_school_offers,2019,0.56
New York,Two or More Races,At least one AP STEM course,pct_students_school_offers,2024,0.85
New York,Two or More Races,At least one AP STEM course,pct_students_school_offers,2023,0.88
New York,Two or More Races,At least one AP STEM course,pct_students_school_offers,2022,0.89
New York,Two or More Races,At least one AP STEM course,pct_students_school_offers,2021,0.88
New York,Two or More Races,At least one AP STEM course,pct_students_school_offers,2020,0.86
New York,Two or More Races,At least one AP STEM course,pct_students_school_offers,2019,0.88
North Carolina,All,At least five AP courses,Number of public high schools that offer,2024,360
North Carolina,All,At least five AP courses,Number of public high schools that offer,2023,313
North Carolina,All,At least five AP courses,Number of public high schools that offer,2022,296
North Carolina,All,At least five AP courses,Number of public high schools that offer,2021,306
North Carolina,All,At least five AP courses,Number of public high schools that offer,2020,300
North Carolina,All,At least five AP courses,Number of public high schools that offer,2019,310
North Carolina,All,At least ten AP courses,Number of public high schools that offer,2024,253
North Carolina,All,At least ten AP courses,Number of public high schools that offer,2023,204
North Carolina,All,At least ten AP courses,Number of public high schools that offer,2022,197
North Carolina,All,At least ten AP courses,Number of public high schools that offer,2021,208
North Carolina,All,At least ten AP courses,Number of public high schools that offer,2020,215
North Carolina,All,At least ten AP courses,Number of public high schools that offer,2019,212
North Carolina,All,At least one AP STEM course,Number of public high schools that offer,2024,399
North Carolina,All,At least one AP STEM course,Number of public high schools that offer,2023,368
North Carolina,All,At least one AP STEM course,Number of public high schools that offer,2022,352
North Carolina,All,At least one AP STEM course,Number of public high schools that offer,2021,352
North Carolina,All,At least one AP STEM course,Number of public high schools that offer,2020,345
North Carolina,All,At least one AP STEM course,Number of public high schools that offer,2019,349
North Carolina,All,At least five AP courses,Percentage of public high schools that offers,2024,0.54
North Carolina,All,At least five AP courses,Percentage of public high schools that offers,2023,0.56
North Carolina,All,At least five AP courses,Percentage of public high schools that offers,2022,0.53
North Carolina,All,At least five AP courses,Percentage of public high schools that offers,2021,0.55
North Carolina,All,At least five AP courses,Percentage of public high schools that offers,2020,0.58
North Carolina,All,At least five AP courses,Percentage of public high schools that offers,2019,0.6
North Carolina,All,At least ten AP courses,Percentage of public high schools that offers,2024,0.38
North Carolina,All,At least ten AP courses,Percentage of public high schools that offers,2023,0.36
North Carolina,All,At least ten AP courses,Percentage of public high schools that offers,2022,0.35
North Carolina,All,At least ten AP courses,Percentage of public high schools that offers,2021,0.37
North Carolina,All,At least ten AP courses,Percentage of public high schools that offers,2020,0.41
North Carolina,All,At least ten AP courses,Percentage of public high schools that offers,2019,0.41
North Carolina,All,At least one AP STEM course,Percentage of public high schools that offers,2024,0.6
North Carolina,All,At least one AP STEM course,Percentage of public high schools that offers,2023,0.65
North Carolina,All,At least one AP STEM course,Percentage of public high schools that offers,2022,0.63
North Carolina,All,At least one AP STEM course,Percentage of public high schools that offers,2021,0.63
North Carolina,All,At least one AP STEM course,Percentage of public high schools that offers,2020,0.66
North Carolina,All,At least one AP STEM course,Percentage of public high schools that offers,2019,0.67
North Carolina,All,At least five AP courses,Percentage of public high school students whose school offers,2024,0.81
North Carolina,All,At least five AP courses,Percentage of public high school students whose school offers,2023,0.82
North Carolina,All,At least five AP courses,Percentage of public high school students whose school offers,2022,0.81
North Carolina,All,At least five AP courses,Percentage of public high school students whose school offers,2021,0.82
North Carolina,All,At least five AP courses,Percentage of public high school students whose school offers,2020,0.84
North Carolina,All,At least five AP courses,Percentage of public high school students whose school offers,2019,0.86
North Carolina,All,At least ten AP courses,Percentage of public high school students whose school offers,2024,0.66
North Carolina,All,At least ten AP courses,Percentage of public high school students whose school offers,2023,0.64
North Carolina,All,At least ten AP courses,Percentage of public high school students whose school offers,2022,0.62
North Carolina,All,At least ten AP courses,Percentage of public high school students whose school offers,2021,0.65
North Carolina,All,At least ten AP courses,Percentage of public high school students whose school offers,2020,0.68
North Carolina,All,At least ten AP courses,Percentage of public high school students whose school offers,2019,0.67
North Carolina,All,At least one AP STEM course,Percentage of public high school students whose school offers,2024,0.84
North Carolina,All,At least one AP STEM course,Percentage of public high school students whose school offers,2023,0.88
North Carolina,All,At least one AP STEM course,Percentage of public high school students whose school offers,2022,0.87
North Carolina,All,At least one AP STEM course,Percentage of public high school students whose school offers,2021,0.87
North Carolina,All,At least one AP STEM course,Percentage of public high school students whose school offers,2020,0.89
North Carolina,All,At least one AP STEM course,Percentage of public high school students whose school offers,2019,0.91
North Carolina,Asian,At least five AP courses,pct_students_school_offers,2024,0.92
North Carolina,Asian,At least five AP courses,pct_students_school_offers,2023,0.93
North Carolina,Asian,At least five AP courses,pct_students_school_offers,2022,0.92
North Carolina,Asian,At least five AP courses,pct_students_school_offers,2021,0.93
North Carolina,Asian,At least five AP courses,pct_students_school_offers,2020,0.93
North Carolina,Asian,At least five AP courses,pct_students_school_offers,2019,0.93
North Carolina,Asian,At least ten AP courses,pct_students_school_offers,2024,0.86
North Carolina,Asian,At least ten AP courses,pct_students_school_offers,2023,0.84
North Carolina,Asian,At least ten AP courses,pct_students_school_offers,2022,0.83
North Carolina,Asian,At least ten AP courses,pct_students_school_offers,2021,0.85
North Carolina,Asian,At least ten AP courses,pct_students_school_offers,2020,0.85
North Carolina,Asian,At least ten AP courses,pct_students_school_offers,2019,0.84
North Carolina,Asian,At least one AP STEM course,pct_students_school_offers,2024,0.94
North Carolina,Asian,At least one AP STEM course,pct_students_school_offers,2023,0.95
North Carolina,Asian,At least one AP STEM course,pct_students_school_offers,2022,0.94
North Carolina,Asian,At least one AP STEM course,pct_students_school_offers,2021,0.94
North Carolina,Asian,At least one AP STEM course,pct_students_school_offers,2020,0.95
North Carolina,Asian,At least one AP STEM course,pct_students_school_offers,2019,0.95
North Carolina,Hispanic/Latino,At least five AP courses,pct_students_school_offers,2024,0.8
North Carolina,Hispanic/Latino,At least five AP courses,pct_students_school_offers,2023,0.79
North Carolina,Hispanic/Latino,At least five AP courses,pct_students_school_offers,2022,0.79
North Carolina,Hispanic/Latino,At least five AP courses,pct_students_school_offers,2021,0.8
North Carolina,Hispanic/Latino,At least five AP courses,pct_students_school_offers,2020,0.82
North Carolina,Hispanic/Latino,At least five AP courses,pct_students_school_offers,2019,0.86
North Carolina,Hispanic/Latino,At least ten AP courses,pct_students_school_offers,2024,0.64
North Carolina,Hispanic/Latino,At least ten AP courses,pct_students_school_offers,2023,0.63
North Carolina,Hispanic/Latino,At least ten AP courses,pct_students_school_offers,2022,0.61
North Carolina,Hispanic/Latino,At least ten AP courses,pct_students_school_offers,2021,0.62
North Carolina,Hispanic/Latino,At least ten AP courses,pct_students_school_offers,2020,0.65
North Carolina,Hispanic/Latino,At least ten AP courses,pct_students_school_offers,2019,0.65
North Carolina,Hispanic/Latino,At least one AP STEM course,pct_students_school_offers,2024,0.84
North Carolina,Hispanic/Latino,At least one AP STEM course,pct_students_school_offers,2023,0.87
North Carolina,Hispanic/Latino,At least one AP STEM course,pct_students_school_offers,2022,0.87
North Carolina,Hispanic/Latino,At least one AP STEM course,pct_students_school_offers,2021,0.87
North Carolina,Hispanic/Latino,At least one AP STEM course,pct_students_school_offers,2020,0.9
North Carolina,Hispanic/Latino,At least one AP STEM course,pct_students_school_offers,2019,0.92
North Carolina,White,At least five AP courses,pct_students_school_offers,2024,0.83
North Carolina,White,At least five AP courses,pct_students_school_offers,2023,0.84
North Carolina,White,At least five AP courses,pct_students_school_offers,2022,0.83
North Carolina,White,At least five AP courses,pct_students_school_offers,2021,0.84
North Carolina,White,At least five AP courses,pct_students_school_offers,2020,0.86
North Carolina,White,At least five AP courses,pct_students_school_offers,2019,0.88
North Carolina,White,At least ten AP courses,pct_students_school_offers,2024,0.7
North Carolina,White,At least ten AP courses,pct_students_school_offers,2023,0.66
North Carolina,White,At least ten AP courses,pct_students_school_offers,2022,0.65
North Carolina,White,At least ten AP courses,pct_students_school_offers,2021,0.68
North Carolina,White,At least ten AP courses,pct_students_school_offers,2020,0.71
North Carolina,White,At least ten AP courses,pct_students_school_offers,2019,0.7
North Carolina,White,At least one AP STEM course,pct_students_school_offers,2024,0.86
North Carolina,White,At least one AP STEM course,pct_students_school_offers,2023,0.9
North Carolina,White,At least one AP STEM course,pct_students_school_offers,2022,0.89
North Carolina,White,At least one AP STEM course,pct_students_school_offers,2021,0.89
North Carolina,White,At least one AP STEM course,pct_students_school_offers,2020,0.91
North Carolina,White,At least one AP STEM course,pct_students_school_offers,2019,0.92
North Carolina,Black or African American,At least five AP courses,pct_students_school_offers,2024,0.78
North Carolina,Black or African American,At least five AP courses,pct_students_school_offers,2023,0.78
North Carolina,Black or African American,At least five AP courses,pct_students_school_offers,2022,0.78
North Carolina,Black or African American,At least five AP courses,pct_students_school_offers,2021,0.79
North Carolina,Black or African American,At least five AP courses,pct_students_school_offers,2020,0.79
North Carolina,Black or African American,At least five AP courses,pct_students_school_offers,2019,0.82
North Carolina,Black or African American,At least ten AP courses,pct_students_school_offers,2024,0.61
North Carolina,Black or African American,At least ten AP courses,pct_students_school_offers,2023,0.59
North Carolina,Black or African American,At least ten AP courses,pct_students_school_offers,2022,0.57
North Carolina,Black or African American,At least ten AP courses,pct_students_school_offers,2021,0.6
North Carolina,Black or African American,At least ten AP courses,pct_students_school_offers,2020,0.62
North Carolina,Black or African American,At least ten AP courses,pct_students_school_offers,2019,0.63
North Carolina,Black or African American,At least one AP STEM course,pct_students_school_offers,2024,0.79
North Carolina,Black or African American,At least one AP STEM course,pct_students_school_offers,2023,0.86
North Carolina,Black or African American,At least one AP STEM course,pct_students_school_offers,2022,0.82
North Carolina,Black or African American,At least one AP STEM course,pct_students_school_offers,2021,0.82
North Carolina,Black or African American,At least one AP STEM course,pct_students_school_offers,2020,0.84
North Carolina,Black or African American,At least one AP STEM course,pct_students_school_offers,2019,0.87
North Carolina,Native American or Alaska Native,At least five AP courses,pct_students_school_offers,2024,0.42
North Carolina,Native American or Alaska Native,At least five AP courses,pct_students_school_offers,2023,0.44
North Carolina,Native American or Alaska Native,At least five AP courses,pct_students_school_offers,2022,0.45
North Carolina,Native American or Alaska Native,At least five AP courses,pct_students_school_offers,2021,0.45
North Carolina,Native American or Alaska Native,At least five AP courses,pct_students_school_offers,2020,0.48
North Carolina,Native American or Alaska Native,At least five AP courses,pct_students_school_offers,2019,0.52
North Carolina,Native American or Alaska Native,At least ten AP courses,pct_students_school_offers,2024,0.27
North Carolina,Native American or Alaska Native,At least ten AP courses,pct_students_school_offers,2023,0.31
North Carolina,Native American or Alaska Native,At least ten AP courses,pct_students_school_offers,2022,0.28
North Carolina,Native American or Alaska Native,At least ten AP courses,pct_students_school_offers,2021,0.31
North Carolina,Native American or Alaska Native,At least ten AP courses,pct_students_school_offers,2020,0.41
North Carolina,Native American or Alaska Native,At least ten AP courses,pct_students_school_offers,2019,0.39
North Carolina,Native American or Alaska Native,At least one AP STEM course,pct_students_school_offers,2024,0.62
North Carolina,Native American or Alaska Native,At least one AP STEM course,pct_students_school_offers,2023,0.84
North Carolina,Native American or Alaska Native,At least one AP STEM course,pct_students_school_offers,2022,0.47
North Carolina,Native American or Alaska Native,At least one AP STEM course,pct_students_school_offers,2021,0.51
North Carolina,Native American or Alaska Native,At least one AP STEM course,pct_students_school_offers,2020,0.56
North Carolina,Native American or Alaska Native,At least one AP STEM course,pct_students_school_offers,2019,0.82
North Carolina,Native Hawaiian or other Pacific Islander,At least five AP courses,pct_students_school_offers,2024,0.86
North Carolina,Native Hawaiian or other Pacific Islander,At least five AP courses,pct_students_school_offers,2023,0.85
North Carolina,Native Hawaiian or other Pacific Islander,At least five AP courses,pct_students_school_offers,2022,0.87
North Carolina,Native Hawaiian or other Pacific Islander,At least five AP courses,pct_students_school_offers,2021,0.89
North Carolina,Native Hawaiian or other Pacific Islander,At least five AP courses,pct_students_school_offers,2020,0.85
North Carolina,Native Hawaiian or other Pacific Islander,At least five AP courses,pct_students_school_offers,2019,0.84
North Carolina,Native Hawaiian or other Pacific Islander,At least ten AP courses,pct_students_school_offers,2024,0.67
North Carolina,Native Hawaiian or other Pacific Islander,At least ten AP courses,pct_students_school_offers,2023,0.63
North Carolina,Native Hawaiian or other Pacific Islander,At least ten AP courses,pct_students_school_offers,2022,0.6
North Carolina,Native Hawaiian or other Pacific Islander,At least ten AP courses,pct_students_school_offers,2021,0.68
North Carolina,Native Hawaiian or other Pacific Islander,At least ten AP courses,pct_students_school_offers,2020,0.7
North Carolina,Native Hawaiian or other Pacific Islander,At least ten AP courses,pct_students_school_offers,2019,0.65
North Carolina,Native Hawaiian or other Pacific Islander,At least one AP STEM course,pct_students_school_offers,2024,0.86
North Carolina,Native Hawaiian or other Pacific Islander,At least one AP STEM course,pct_students_school_offers,2023,0.9
North Carolina,Native Hawaiian or other Pacific Islander,At least one AP STEM course,pct_students_school_offers,2022,0.86
North Carolina,Native Hawaiian or other Pacific Islander,At least one AP STEM course,pct_students_school_offers,2021,0.91
North Carolina,Native Hawaiian or other Pacific Islander,At least one AP STEM course,pct_students_school_offers,2020,0.87
North Carolina,Native Hawaiian or other Pacific Islander,At least one AP STEM course,pct_students_school_offers,2019,0.91
North Carolina,Two or More Races,At least five AP courses,pct_students_school_offers,2024,0.82
North Carolina,Two or More Races,At least five AP courses,pct_students_school_offers,2023,0.82
North Carolina,Two or More Races,At least five AP courses,pct_students_school_offers,2022,0.82
North Carolina,Two or More Races,At least five AP courses,pct_students_school_offers,2021,0.83
North Carolina,Two or More Races,At least five AP courses,pct_students_school_offers,2020,0.85
North Carolina,Two or More Races,At least five AP courses,pct_students_school_offers,2019,0.87
North Carolina,Two or More Races,At least ten AP courses,pct_students_school_offers,2024,0.67
North Carolina,Two or More Races,At least ten AP courses,pct_students_school_offers,2023,0.64
North Carolina,Two or More Races,At least ten AP courses,pct_students_school_offers,2022,0.62
North Carolina,Two or More Races,At least ten AP courses,pct_students_school_offers,2021,0.66
North Carolina,Two or More Races,At least ten AP courses,pct_students_school_offers,2020,0.7
North Carolina,Two or More Races,At least ten AP courses,pct_students_school_offers,2019,0.69
North Carolina,Two or More Races,At least one AP STEM course,pct_students_school_offers,2024,0.84
North Carolina,Two or More Races,At least one AP STEM course,pct_students_school_offers,2023,0.88
North Carolina,Two or More Races,At least one AP STEM course,pct_students_school_offers,2022,0.87
North Carolina,Two or More Races,At least one AP STEM course,pct_students_school_offers,2021,0.87
North Carolina,Two or More Races,At least one AP STEM course,pct_students_school_offers,2020,0.89
North Carolina,Two or More Races,At least one AP STEM course,pct_students_school_offers,2019,0.92
North Dakota,All,At least five AP courses,Number of public high schools that offer,2024,18
North Dakota,All,At least five AP courses,Number of public high schools that offer,2023,18
North Dakota,All,At least five AP courses,Number of public high schools that offer,2022,18
North Dakota,All,At least five AP courses,Number of public high schools that offer,2021,20
North Dakota,All,At least five AP courses,Number of public high schools that offer,2020,16
North Dakota,All,At least five AP courses,Number of public high schools that offer,2019,18
North Dakota,All,At least ten AP courses,Number of public high schools that offer,2024,12
North Dakota,All,At least ten AP courses,Number of public high schools that offer,2023,12
North Dakota,All,At least ten AP courses,Number of public high schools that offer,2022,10
North Dakota,All,At least ten AP courses,Number of public high schools that offer,2021,10
North Dakota,All,At least ten AP courses,Number of public high schools that offer,2020,9
North Dakota,All,At least ten AP courses,Number of public high schools that offer,2019,9
North Dakota,All,At least one AP STEM course,Number of public high schools that offer,2024,32
North Dakota,All,At least one AP STEM course,Number of public high schools that offer,2023,31
North Dakota,All,At least one AP STEM course,Number of public high schools that offer,2022,31
North Dakota,All,At least one AP STEM course,Number of public high schools that offer,2021,36
North Dakota,All,At least one AP STEM course,Number of public high schools that offer,2020,32
North Dakota,All,At least one AP STEM course,Number of public high schools that offer,2019,33
North Dakota,All,At least five AP courses,Percentage of public high schools that offers,2024,0.12
North Dakota,All,At least five AP courses,Percentage of public high schools that offers,2023,0.12
North Dakota,All,At least five AP courses,Percentage of public high schools that offers,2022,0.12
North Dakota,All,At least five AP courses,Percentage of public high schools that offers,2021,0.13
North Dakota,All,At least five AP courses,Percentage of public high schools that offers,2020,0.11
North Dakota,All,At least five AP courses,Percentage of public high schools that offers,2019,0.12
North Dakota,All,At least ten AP courses,Percentage of public high schools that offers,2024,0.08
North Dakota,All,At least ten AP courses,Percentage of public high schools that offers,2023,0.08
North Dakota,All,At least ten AP courses,Percentage of public high schools that offers,2022,0.07
North Dakota,All,At least ten AP courses,Percentage of public high schools that offers,2021,0.07
North Dakota,All,At least ten AP courses,Percentage of public high schools that offers,2020,0.06
North Dakota,All,At least ten AP courses,Percentage of public high schools that offers,2019,0.06
North Dakota,All,At least one AP STEM course,Percentage of public high schools that offers,2024,0.21
North Dakota,All,At least one AP STEM course,Percentage of public high schools that offers,2023,0.21
North Dakota,All,At least one AP STEM course,Percentage of public high schools that offers,2022,0.21
North Dakota,All,At least one AP STEM course,Percentage of public high schools that offers,2021,0.24
North Dakota,All,At least one AP STEM course,Percentage of public high schools that offers,2020,0.22
North Dakota,All,At least one AP STEM course,Percentage of public high schools that offers,2019,0.23
North Dakota,All,At least five AP courses,Percentage of public high school students whose school offers,2024,0.58
North Dakota,All,At least five AP courses,Percentage of public high school students whose school offers,2023,0.58
North Dakota,All,At least five AP courses,Percentage of public high school students whose school offers,2022,0.61
North Dakota,All,At least five AP courses,Percentage of public high school students whose school offers,2021,0.62
North Dakota,All,At least five AP courses,Percentage of public high school students whose school offers,2020,0.57
North Dakota,All,At least five AP courses,Percentage of public high school students whose school offers,2019,0.58
North Dakota,All,At least ten AP courses,Percentage of public high school students whose school offers,2024,0.43
North Dakota,All,At least ten AP courses,Percentage of public high school students whose school offers,2023,0.44
North Dakota,All,At least ten AP courses,Percentage of public high school students whose school offers,2022,0.4
North Dakota,All,At least ten AP courses,Percentage of public high school students whose school offers,2021,0.4
North Dakota,All,At least ten AP courses,Percentage of public high school students whose school offers,2020,0.39
North Dakota,All,At least ten AP courses,Percentage of public high school students whose school offers,2019,0.39
North Dakota,All,At least one AP STEM course,Percentage of public high school students whose school offers,2024,0.66
North Dakota,All,At least one AP STEM course,Percentage of public high school students whose school offers,2023,0.66
North Dakota,All,At least one AP STEM course,Percentage of public high school students whose school offers,2022,0.67
North Dakota,All,At least one AP STEM course,Percentage of public high school students whose school offers,2021,0.69
North Dakota,All,At least one AP STEM course,Percentage of public high school students whose school offers,2020,0.66
North Dakota,All,At least one AP STEM course,Percentage of public high school students whose school offers,2019,0.68
North Dakota,Asian,At least five AP courses,pct_students_school_offers,2024,0.83
North Dakota,Asian,At least five AP courses,pct_students_school_offers,2023,0.87
North Dakota,Asian,At least five AP courses,pct_students_school_offers,2022,0.9
North Dakota,Asian,At least five AP courses,pct_students_school_offers,2021,0.91
North Dakota,Asian,At least five AP courses,pct_students_school_offers,2020,0.89
North Dakota,Asian,At least five AP courses,pct_students_school_offers,2019,0.89
North Dakota,Asian,At least ten AP courses,pct_students_school_offers,2024,0.71
North Dakota,Asian,At least ten AP courses,pct_students_school_offers,2023,0.76
North Dakota,Asian,At least ten AP courses,pct_students_school_offers,2022,0.74
North Dakota,Asian,At least ten AP courses,pct_students_school_offers,2021,0.74
North Dakota,Asian,At least ten AP courses,pct_students_school_offers,2020,0.79
North Dakota,Asian,At least ten AP courses,pct_students_school_offers,2019,0.81
North Dakota,Asian,At least one AP STEM course,pct_students_school_offers,2024,0.87
North Dakota,Asian,At least one AP STEM course,pct_students_school_offers,2023,0.89
North Dakota,Asian,At least one AP STEM course,pct_students_school_offers,2022,0.91
North Dakota,Asian,At least one AP STEM course,pct_students_school_offers,2021,0.92
North Dakota,Asian,At least one AP STEM course,pct_students_school_offers,2020,0.9
North Dakota,Asian,At least one AP STEM course,pct_students_school_offers,2019,0.91
North Dakota,Hispanic/Latino,At least five AP courses,pct_students_school_offers,2024,0.63
North Dakota,Hispanic/Latino,At least five AP courses,pct_students_school_offers,2023,0.68
North Dakota,Hispanic/Latino,At least five AP courses,pct_students_school_offers,2022,0.64
North Dakota,Hispanic/Latino,At least five AP courses,pct_students_school_offers,2021,0.69
North Dakota,Hispanic/Latino,At least five AP courses,pct_students_school_offers,2020,0.56
North Dakota,Hispanic/Latino,At least five AP courses,pct_students_school_offers,2019,0.57
North Dakota,Hispanic/Latino,At least ten AP courses,pct_students_school_offers,2024,0.38
North Dakota,Hispanic/Latino,At least ten AP courses,pct_students_school_offers,2023,0.42
North Dakota,Hispanic/Latino,At least ten AP courses,pct_students_school_offers,2022,0.35
North Dakota,Hispanic/Latino,At least ten AP courses,pct_students_school_offers,2021,0.35
North Dakota,Hispanic/Latino,At least ten AP courses,pct_students_school_offers,2020,0.36
North Dakota,Hispanic/Latino,At least ten AP courses,pct_students_school_offers,2019,0.32
North Dakota,Hispanic/Latino,At least one AP STEM course,pct_students_school_offers,2024,0.73
North Dakota,Hispanic/Latino,At least one AP STEM course,pct_students_school_offers,2023,0.73
North Dakota,Hispanic/Latino,At least one AP STEM course,pct_students_school_offers,2022,0.71
North Dakota,Hispanic/Latino,At least one AP STEM course,pct_students_school_offers,2021,0.72
North Dakota,Hispanic/Latino,At least one AP STEM course,pct_students_school_offers,2020,0.61
North Dakota,Hispanic/Latino,At least one AP STEM course,pct_students_school_offers,2019,0.7
North Dakota,White,At least five AP courses,pct_students_school_offers,2024,0.58
North Dakota,White,At least five AP courses,pct_students_school_offers,2023,0.58
North Dakota,White,At least five AP courses,pct_students_school_offers,2022,0.6
North Dakota,White,At least five AP courses,pct_students_school_offers,2021,0.61
North Dakota,White,At least five AP courses,pct_students_school_offers,2020,0.57
North Dakota,White,At least five AP courses,pct_students_school_offers,2019,0.58
North Dakota,White,At least ten AP courses,pct_students_school_offers,2024,0.43
North Dakota,White,At least ten AP courses,pct_students_school_offers,2023,0.44
North Dakota,White,At least ten AP courses,pct_students_school_offers,2022,0.39
North Dakota,White,At least ten AP courses,pct_students_school_offers,2021,0.39
North Dakota,White,At least ten AP courses,pct_students_school_offers,2020,0.4
North Dakota,White,At least ten AP courses,pct_students_school_offers,2019,0.39
North Dakota,White,At least one AP STEM course,pct_students_school_offers,2024,0.67
North Dakota,White,At least one AP STEM course,pct_students_school_offers,2023,0.67
North Dakota,White,At least one AP STEM course,pct_students_school_offers,2022,0.66
North Dakota,White,At least one AP STEM course,pct_students_school_offers,2021,0.69
North Dakota,White,At least one AP STEM course,pct_students_school_offers,2020,0.65
North Dakota,White,At least one AP STEM course,pct_students_school_offers,2019,0.68
North Dakota,Black or African American,At least five AP courses,pct_students_school_offers,2024,0.9
North Dakota,Black or African American,At least five AP courses,pct_students_school_offers,2023,0.88
North Dakota,Black or African American,At least five AP courses,pct_students_school_offers,2022,0.9
North Dakota,Black or African American,At least five AP courses,pct_students_school_offers,2021,0.9
North Dakota,Black or African American,At least five AP courses,pct_students_school_offers,2020,0.86
North Dakota,Black or African American,At least five AP courses,pct_students_school_offers,2019,0.86
North Dakota,Black or African American,At least ten AP courses,pct_students_school_offers,2024,0.76
North Dakota,Black or African American,At least ten AP courses,pct_students_school_offers,2023,0.78
North Dakota,Black or African American,At least ten AP courses,pct_students_school_offers,2022,0.73
North Dakota,Black or African American,At least ten AP courses,pct_students_school_offers,2021,0.73
North Dakota,Black or African American,At least ten AP courses,pct_students_school_offers,2020,0.72
North Dakota,Black or African American,At least ten AP courses,pct_students_school_offers,2019,0.75
North Dakota,Black or African American,At least one AP STEM course,pct_students_school_offers,2024,0.92
North Dakota,Black or African American,At least one AP STEM course,pct_students_school_offers,2023,0.91
North Dakota,Black or African American,At least one AP STEM course,pct_students_school_offers,2022,0.92
North Dakota,Black or African American,At least one AP STEM course,pct_students_school_offers,2021,0.92
North Dakota,Black or African American,At least one AP STEM course,pct_students_school_offers,2020,0.87
North Dakota,Black or African American,At least one AP STEM course,pct_students_school_offers,2019,0.9
North Dakota,Native American or Alaska Native,At least five AP courses,pct_students_school_offers,2024,0.3
North Dakota,Native American or Alaska Native,At least five AP courses,pct_students_school_offers,2023,0.29
North Dakota,Native American or Alaska Native,At least five AP courses,pct_students_school_offers,2022,0.35
North Dakota,Native American or Alaska Native,At least five AP courses,pct_students_school_offers,2021,0.36
North Dakota,Native American or Alaska Native,At least five AP courses,pct_students_school_offers,2020,0.3
North Dakota,Native American or Alaska Native,At least five AP courses,pct_students_school_offers,2019,0.3
North Dakota,Native American or Alaska Native,At least ten AP courses,pct_students_school_offers,2024,0.19
North Dakota,Native American or Alaska Native,At least ten AP courses,pct_students_school_offers,2023,0.18
North Dakota,Native American or Alaska Native,At least ten AP courses,pct_students_school_offers,2022,0.22
North Dakota,Native American or Alaska Native,At least ten AP courses,pct_students_school_offers,2021,0.22
North Dakota,Native American or Alaska Native,At least ten AP courses,pct_students_school_offers,2020,0.18
North Dakota,Native American or Alaska Native,At least ten AP courses,pct_students_school_offers,2019,0.18
North Dakota,Native American or Alaska Native,At least one AP STEM course,pct_students_school_offers,2024,0.33
North Dakota,Native American or Alaska Native,At least one AP STEM course,pct_students_school_offers,2023,0.31
North Dakota,Native American or Alaska Native,At least one AP STEM course,pct_students_school_offers,2022,0.37
North Dakota,Native American or Alaska Native,At least one AP STEM course,pct_students_school_offers,2021,0.38
North Dakota,Native American or Alaska Native,At least one AP STEM course,pct_students_school_offers,2020,0.53
North Dakota,Native American or Alaska Native,At least one AP STEM course,pct_students_school_offers,2019,0.54
North Dakota,Native Hawaiian or other Pacific Islander,At least five AP courses,pct_students_school_offers,2024,0.73
North Dakota,Native Hawaiian or other Pacific Islander,At least five AP courses,pct_students_school_offers,2023,0.74
North Dakota,Native Hawaiian or other Pacific Islander,At least five AP courses,pct_students_school_offers,2022,0.67
North Dakota,Native Hawaiian or other Pacific Islander,At least five AP courses,pct_students_school_offers,2021,0.71
North Dakota,Native Hawaiian or other Pacific Islander,At least five AP courses,pct_students_school_offers,2020,0.63
North Dakota,Native Hawaiian or other Pacific Islander,At least five AP courses,pct_students_school_offers,2019,0.63
North Dakota,Native Hawaiian or other Pacific Islander,At least ten AP courses,pct_students_school_offers,2024,0.56
North Dakota,Native Hawaiian or other Pacific Islander,At least ten AP courses,pct_students_school_offers,2023,0.63
North Dakota,Native Hawaiian or other Pacific Islander,At least ten AP courses,pct_students_school_offers,2022,0.55
North Dakota,Native Hawaiian or other Pacific Islander,At least ten AP courses,pct_students_school_offers,2021,0.55
North Dakota,Native Hawaiian or other Pacific Islander,At least ten AP courses,pct_students_school_offers,2020,0.29
North Dakota,Native Hawaiian or other Pacific Islander,At least ten AP courses,pct_students_school_offers,2019,0.41
North Dakota,Native Hawaiian or other Pacific Islander,At least one AP STEM course,pct_students_school_offers,2024,0.78
North Dakota,Native Hawaiian or other Pacific Islander,At least one AP STEM course,pct_students_school_offers,2023,0.78
North Dakota,Native Hawaiian or other Pacific Islander,At least one AP STEM course,pct_students_school_offers,2022,0.75
North Dakota,Native Hawaiian or other Pacific Islander,At least one AP STEM course,pct_students_school_offers,2021,0.74
North Dakota,Native Hawaiian or other Pacific Islander,At least one AP STEM course,pct_students_school_offers,2020,0.71
North Dakota,Native Hawaiian or other Pacific Islander,At least one AP STEM course,pct_students_school_offers,2019,0.71
North Dakota,Two or More Races,At least five AP courses,pct_students_school_offers,2024,0.77
North Dakota,Two or More Races,At least five AP courses,pct_students_school_offers,2023,0.75
North Dakota,Two or More Races,At least five AP courses,pct_students_school_offers,2022,0.77
North Dakota,Two or More Races,At least five AP courses,pct_students_school_offers,2021,0.79
North Dakota,Two or More Races,At least five AP courses,pct_students_school_offers,2020,0.67
North Dakota,Two or More Races,At least five AP courses,pct_students_school_offers,2019,0.68
North Dakota,Two or More Races,At least ten AP courses,pct_students_school_offers,2024,0.58
North Dakota,Two or More Races,At least ten AP courses,pct_students_school_offers,2023,0.64
North Dakota,Two or More Races,At least ten AP courses,pct_students_school_offers,2022,0.53
North Dakota,Two or More Races,At least ten AP courses,pct_students_school_offers,2021,0.53
North Dakota,Two or More Races,At least ten AP courses,pct_students_school_offers,2020,0.52
North Dakota,Two or More Races,At least ten AP courses,pct_students_school_offers,2019,0.48
North Dakota,Two or More Races,At least one AP STEM course,pct_students_school_offers,2024,0.82
North Dakota,Two or More Races,At least one AP STEM course,pct_students_school_offers,2023,0.79
North Dakota,Two or More Races,At least one AP STEM course,pct_students_school_offers,2022,0.82
North Dakota,Two or More Races,At least one AP STEM course,pct_students_school_offers,2021,0.83
North Dakota,Two or More Races,At least one AP STEM course,pct_students_school_offers,2020,0.7
North Dakota,Two or More Races,At least one AP STEM course,pct_students_school_offers,2019,0.73
Ohio,All,At least five AP courses,Number of public high schools that offer,2024,295
Ohio,All,At least five AP courses,Number of public high schools that offer,2023,283
Ohio,All,At least five AP courses,Number of public high schools that offer,2022,297
Ohio,All,At least five AP courses,Number of public high schools that offer,2021,312
Ohio,All,At least five AP courses,Number of public high schools that offer,2020,298
Ohio,All,At least five AP courses,Number of public high schools that offer,2019,303
Ohio,All,At least ten AP courses,Number of public high schools that offer,2024,166
Ohio,All,At least ten AP courses,Number of public high schools that offer,2023,156
Ohio,All,At least ten AP courses,Number of public high schools that offer,2022,160
Ohio,All,At least ten AP courses,Number of public high schools that offer,2021,161
Ohio,All,At least ten AP courses,Number of public high schools that offer,2020,157
Ohio,All,At least ten AP courses,Number of public high schools that offer,2019,157
Ohio,All,At least one AP STEM course,Number of public high schools that offer,2024,399
Ohio,All,At least one AP STEM course,Number of public high schools that offer,2023,414
Ohio,All,At least one AP STEM course,Number of public high schools that offer,2022,421
Ohio,All,At least one AP STEM course,Number of public high schools that offer,2021,428
Ohio,All,At least one AP STEM course,Number of public high schools that offer,2020,429
Ohio,All,At least one AP STEM course,Number of public high schools that offer,2019,446
Ohio,All,At least five AP courses,Percentage of public high schools that offers,2024,0.33
Ohio,All,At least five AP courses,Percentage of public high schools that offers,2023,0.36
Ohio,All,At least five AP courses,Percentage of public high schools that offers,2022,0.4
Ohio,All,At least five AP courses,Percentage of public high schools that offers,2021,0.42
Ohio,All,At least five AP courses,Percentage of public high schools that offers,2020,0.39
Ohio,All,At least five AP courses,Percentage of public high schools that offers,2019,0.4
Ohio,All,At least ten AP courses,Percentage of public high schools that offers,2024,0.19
Ohio,All,At least ten AP courses,Percentage of public high schools that offers,2023,0.2
Ohio,All,At least ten AP courses,Percentage of public high schools that offers,2022,0.22
Ohio,All,At least ten AP courses,Percentage of public high schools that offers,2021,0.22
Ohio,All,At least ten AP courses,Percentage of public high schools that offers,2020,0.21
Ohio,All,At least ten AP courses,Percentage of public high schools that offers,2019,0.21
Ohio,All,At least one AP STEM course,Percentage of public high schools that offers,2024,0.45
Ohio,All,At least one AP STEM course,Percentage of public high schools that offers,2023,0.52
Ohio,All,At least one AP STEM course,Percentage of public high schools that offers,2022,0.57
Ohio,All,At least one AP STEM course,Percentage of public high schools that offers,2021,0.58
Ohio,All,At least one AP STEM course,Percentage of public high schools that offers,2020,0.57
Ohio,All,At least one AP STEM course,Percentage of public high schools that offers,2019,0.59
Ohio,All,At least five AP courses,Percentage of public high school students whose school offers,2024,0.57
Ohio,All,At least five AP courses,Percentage of public high school students whose school offers,2023,0.6
Ohio,All,At least five AP courses,Percentage of public high school students whose school offers,2022,0.64
Ohio,All,At least five AP courses,Percentage of public high school students whose school offers,2021,0.65
Ohio,All,At least five AP courses,Percentage of public high school students whose school offers,2020,0.63
Ohio,All,At least five AP courses,Percentage of public high school students whose school offers,2019,0.63
Ohio,All,At least ten AP courses,Percentage of public high school students whose school offers,2024,0.4
Ohio,All,At least ten AP courses,Percentage of public high school students whose school offers,2023,0.41
Ohio,All,At least ten AP courses,Percentage of public high school students whose school offers,2022,0.44
Ohio,All,At least ten AP courses,Percentage of public high school students whose school offers,2021,0.44
Ohio,All,At least ten AP courses,Percentage of public high school students whose school offers,2020,0.42
Ohio,All,At least ten AP courses,Percentage of public high school students whose school offers,2019,0.42
Ohio,All,At least one AP STEM course,Percentage of public high school students whose school offers,2024,0.65
Ohio,All,At least one AP STEM course,Percentage of public high school students whose school offers,2023,0.7
Ohio,All,At least one AP STEM course,Percentage of public high school students whose school offers,2022,0.75
Ohio,All,At least one AP STEM course,Percentage of public high school students whose school offers,2021,0.76
Ohio,All,At least one AP STEM course,Percentage of public high school students whose school offers,2020,0.75
Ohio,All,At least one AP STEM course,Percentage of public high school students whose school offers,2019,0.78
Ohio,Asian,At least five AP courses,pct_students_school_offers,2024,0.85
Ohio,Asian,At least five AP courses,pct_students_school_offers,2023,0.86
Ohio,Asian,At least five AP courses,pct_students_school_offers,2022,0.85
Ohio,Asian,At least five AP courses,pct_students_school_offers,2021,0.85
Ohio,Asian,At least five AP courses,pct_students_school_offers,2020,0.81
Ohio,Asian,At least five AP courses,pct_students_school_offers,2019,0.83
Ohio,Asian,At least ten AP courses,pct_students_school_offers,2024,0.76
Ohio,Asian,At least ten AP courses,pct_students_school_offers,2023,0.75
Ohio,Asian,At least ten AP courses,pct_students_school_offers,2022,0.75
Ohio,Asian,At least ten AP courses,pct_students_school_offers,2021,0.74
Ohio,Asian,At least ten AP courses,pct_students_school_offers,2020,0.71
Ohio,Asian,At least ten AP courses,pct_students_school_offers,2019,0.71
Ohio,Asian,At least one AP STEM course,pct_students_school_offers,2024,0.9
Ohio,Asian,At least one AP STEM course,pct_students_school_offers,2023,0.92
Ohio,Asian,At least one AP STEM course,pct_students_school_offers,2022,0.92
Ohio,Asian,At least one AP STEM course,pct_students_school_offers,2021,0.93
Ohio,Asian,At least one AP STEM course,pct_students_school_offers,2020,0.91
Ohio,Asian,At least one AP STEM course,pct_students_school_offers,2019,0.91
Ohio,Hispanic/Latino,At least five AP courses,pct_students_school_offers,2024,0.59
Ohio,Hispanic/Latino,At least five AP courses,pct_students_school_offers,2023,0.58
Ohio,Hispanic/Latino,At least five AP courses,pct_students_school_offers,2022,0.63
Ohio,Hispanic/Latino,At least five AP courses,pct_students_school_offers,2021,0.65
Ohio,Hispanic/Latino,At least five AP courses,pct_students_school_offers,2020,0.58
Ohio,Hispanic/Latino,At least five AP courses,pct_students_school_offers,2019,0.59
Ohio,Hispanic/Latino,At least ten AP courses,pct_students_school_offers,2024,0.36
Ohio,Hispanic/Latino,At least ten AP courses,pct_students_school_offers,2023,0.37
Ohio,Hispanic/Latino,At least ten AP courses,pct_students_school_offers,2022,0.37
Ohio,Hispanic/Latino,At least ten AP courses,pct_students_school_offers,2021,0.37
Ohio,Hispanic/Latino,At least ten AP courses,pct_students_school_offers,2020,0.34
Ohio,Hispanic/Latino,At least ten AP courses,pct_students_school_offers,2019,0.33
Ohio,Hispanic/Latino,At least one AP STEM course,pct_students_school_offers,2024,0.63
Ohio,Hispanic/Latino,At least one AP STEM course,pct_students_school_offers,2023,0.68
Ohio,Hispanic/Latino,At least one AP STEM course,pct_students_school_offers,2022,0.72
Ohio,Hispanic/Latino,At least one AP STEM course,pct_students_school_offers,2021,0.76
Ohio,Hispanic/Latino,At least one AP STEM course,pct_students_school_offers,2020,0.73
Ohio,Hispanic/Latino,At least one AP STEM course,pct_students_school_offers,2019,0.77
Ohio,White,At least five AP courses,pct_students_school_offers,2024,0.58
Ohio,White,At least five AP courses,pct_students_school_offers,2023,0.6
Ohio,White,At least five AP courses,pct_students_school_offers,2022,0.65
Ohio,White,At least five AP courses,pct_students_school_offers,2021,0.67
Ohio,White,At least five AP courses,pct_students_school_offers,2020,0.65
Ohio,White,At least five AP courses,pct_students_school_offers,2019,0.65
Ohio,White,At least ten AP courses,pct_students_school_offers,2024,0.42
Ohio,White,At least ten AP courses,pct_students_school_offers,2023,0.42
Ohio,White,At least ten AP courses,pct_students_school_offers,2022,0.46
Ohio,White,At least ten AP courses,pct_students_school_offers,2021,0.46
Ohio,White,At least ten AP courses,pct_students_school_offers,2020,0.45
Ohio,White,At least ten AP courses,pct_students_school_offers,2019,0.45
Ohio,White,At least one AP STEM course,pct_students_school_offers,2024,0.67
Ohio,White,At least one AP STEM course,pct_students_school_offers,2023,0.71
Ohio,White,At least one AP STEM course,pct_students_school_offers,2022,0.77
Ohio,White,At least one AP STEM course,pct_students_school_offers,2021,0.78
Ohio,White,At least one AP STEM course,pct_students_school_offers,2020,0.78
Ohio,White,At least one AP STEM course,pct_students_school_offers,2019,0.79
Ohio,Black or African American,At least five AP courses,pct_students_school_offers,2024,0.51
Ohio,Black or African American,At least five AP courses,pct_students_school_offers,2023,0.54
Ohio,Black or African American,At least five AP courses,pct_students_school_offers,2022,0.55
Ohio,Black or African American,At least five AP courses,pct_students_school_offers,2021,0.53
Ohio,Black or African American,At least five AP courses,pct_students_school_offers,2020,0.49
Ohio,Black or African American,At least five AP courses,pct_students_school_offers,2019,0.52
Ohio,Black or African American,At least ten AP courses,pct_students_school_offers,2024,0.28
Ohio,Black or African American,At least ten AP courses,pct_students_school_offers,2023,0.28
Ohio,Black or African American,At least ten AP courses,pct_students_school_offers,2022,0.31
Ohio,Black or African American,At least ten AP courses,pct_students_school_offers,2021,0.31
Ohio,Black or African American,At least ten AP courses,pct_students_school_offers,2020,0.28
Ohio,Black or African American,At least ten AP courses,pct_students_school_offers,2019,0.27
Ohio,Black or African American,At least one AP STEM course,pct_students_school_offers,2024,0.52
Ohio,Black or African American,At least one AP STEM course,pct_students_school_offers,2023,0.63
Ohio,Black or African American,At least one AP STEM course,pct_students_school_offers,2022,0.65
Ohio,Black or African American,At least one AP STEM course,pct_students_school_offers,2021,0.66
Ohio,Black or African American,At least one AP STEM course,pct_students_school_offers,2020,0.63
Ohio,Black or African American,At least one AP STEM course,pct_students_school_offers,2019,0.7
Ohio,Native American or Alaska Native,At least five AP courses,pct_students_school_offers,2024,0.54
Ohio,Native American or Alaska Native,At least five AP courses,pct_students_school_offers,2023,0.58
Ohio,Native American or Alaska Native,At least five AP courses,pct_students_school_offers,2022,0.62
Ohio,Native American or Alaska Native,At least five AP courses,pct_students_school_offers,2021,0.62
Ohio,Native American or Alaska Native,At least five AP courses,pct_students_school_offers,2020,0.65
Ohio,Native American or Alaska Native,At least five AP courses,pct_students_school_offers,2019,0.66
Ohio,Native American or Alaska Native,At least ten AP courses,pct_students_school_offers,2024,0.36
Ohio,Native American or Alaska Native,At least ten AP courses,pct_students_school_offers,2023,0.35
Ohio,Native American or Alaska Native,At least ten AP courses,pct_students_school_offers,2022,0.41
Ohio,Native American or Alaska Native,At least ten AP courses,pct_students_school_offers,2021,0.38
Ohio,Native American or Alaska Native,At least ten AP courses,pct_students_school_offers,2020,0.4
Ohio,Native American or Alaska Native,At least ten AP courses,pct_students_school_offers,2019,0.4
Ohio,Native American or Alaska Native,At least one AP STEM course,pct_students_school_offers,2024,0.61
Ohio,Native American or Alaska Native,At least one AP STEM course,pct_students_school_offers,2023,0.67
Ohio,Native American or Alaska Native,At least one AP STEM course,pct_students_school_offers,2022,0.73
Ohio,Native American or Alaska Native,At least one AP STEM course,pct_students_school_offers,2021,0.75
Ohio,Native American or Alaska Native,At least one AP STEM course,pct_students_school_offers,2020,0.76
Ohio,Native American or Alaska Native,At least one AP STEM course,pct_students_school_offers,2019,0.79
Ohio,Native Hawaiian or other Pacific Islander,At least five AP courses,pct_students_school_offers,2024,0.69
Ohio,Native Hawaiian or other Pacific Islander,At least five AP courses,pct_students_school_offers,2023,0.72
Ohio,Native Hawaiian or other Pacific Islander,At least five AP courses,pct_students_school_offers,2022,0.74
Ohio,Native Hawaiian or other Pacific Islander,At least five AP courses,pct_students_school_offers,2021,0.74
Ohio,Native Hawaiian or other Pacific Islander,At least five AP courses,pct_students_school_offers,2020,0.64
Ohio,Native Hawaiian or other Pacific Islander,At least five AP courses,pct_students_school_offers,2019,0.65
Ohio,Native Hawaiian or other Pacific Islander,At least ten AP courses,pct_students_school_offers,2024,0.39
Ohio,Native Hawaiian or other Pacific Islander,At least ten AP courses,pct_students_school_offers,2023,0.41
Ohio,Native Hawaiian or other Pacific Islander,At least ten AP courses,pct_students_school_offers,2022,0.44
Ohio,Native Hawaiian or other Pacific Islander,At least ten AP courses,pct_students_school_offers,2021,0.45
Ohio,Native Hawaiian or other Pacific Islander,At least ten AP courses,pct_students_school_offers,2020,0.41
Ohio,Native Hawaiian or other Pacific Islander,At least ten AP courses,pct_students_school_offers,2019,0.41
Ohio,Native Hawaiian or other Pacific Islander,At least one AP STEM course,pct_students_school_offers,2024,0.75
Ohio,Native Hawaiian or other Pacific Islander,At least one AP STEM course,pct_students_school_offers,2023,0.79
Ohio,Native Hawaiian or other Pacific Islander,At least one AP STEM course,pct_students_school_offers,2022,0.81
Ohio,Native Hawaiian or other Pacific Islander,At least one AP STEM course,pct_students_school_offers,2021,0.84
Ohio,Native Hawaiian or other Pacific Islander,At least one AP STEM course,pct_students_school_offers,2020,0.81
Ohio,Native Hawaiian or other Pacific Islander,At least one AP STEM course,pct_students_school_offers,2019,0.81
Ohio,Two or More Races,At least five AP courses,pct_students_school_offers,2024,0.62
Ohio,Two or More Races,At least five AP courses,pct_students_school_offers,2023,0.66
Ohio,Two or More Races,At least five AP courses,pct_students_school_offers,2022,0.69
Ohio,Two or More Races,At least five AP courses,pct_students_school_offers,2021,0.7
Ohio,Two or More Races,At least five AP courses,pct_students_school_offers,2020,0.69
Ohio,Two or More Races,At least five AP courses,pct_students_school_offers,2019,0.7
Ohio,Two or More Races,At least ten AP courses,pct_students_school_offers,2024,0.43
Ohio,Two or More Races,At least ten AP courses,pct_students_school_offers,2023,0.42
Ohio,Two or More Races,At least ten AP courses,pct_students_school_offers,2022,0.45
Ohio,Two or More Races,At least ten AP courses,pct_students_school_offers,2021,0.45
Ohio,Two or More Races,At least ten AP courses,pct_students_school_offers,2020,0.43
Ohio,Two or More Races,At least ten AP courses,pct_students_school_offers,2019,0.43
Ohio,Two or More Races,At least one AP STEM course,pct_students_school_offers,2024,0.67
Ohio,Two or More Races,At least one AP STEM course,pct_students_school_offers,2023,0.73
Ohio,Two or More Races,At least one AP STEM course,pct_students_school_offers,2022,0.76
Ohio,Two or More Races,At least one AP STEM course,pct_students_school_offers,2021,0.77
Ohio,Two or More Races,At least one AP STEM course,pct_students_school_offers,2020,0.79
Ohio,Two or More Races,At least one AP STEM course,pct_students_school_offers,2019,0.79
Oklahoma,All,At least five AP courses,Number of public high schools that offer,2024,118
Oklahoma,All,At least five AP courses,Number of public high schools that offer,2023,102
Oklahoma,All,At least five AP courses,Number of public high schools that offer,2022,86
Oklahoma,All,At least five AP courses,Number of public high schools that offer,2021,99
Oklahoma,All,At least five AP courses,Number of public high schools that offer,2020,92
Oklahoma,All,At least five AP courses,Number of public high schools that offer,2019,92
Oklahoma,All,At least ten AP courses,Number of public high schools that offer,2024,52
Oklahoma,All,At least ten AP courses,Number of public high schools that offer,2023,48
Oklahoma,All,At least ten AP courses,Number of public high schools that offer,2022,48
Oklahoma,All,At least ten AP courses,Number of public high schools that offer,2021,52
Oklahoma,All,At least ten AP courses,Number of public high schools that offer,2020,41
Oklahoma,All,At least ten AP courses,Number of public high schools that offer,2019,46
Oklahoma,All,At least one AP STEM course,Number of public high schools that offer,2024,201
Oklahoma,All,At least one AP STEM course,Number of public high schools that offer,2023,179
Oklahoma,All,At least one AP STEM course,Number of public high schools that offer,2022,176
Oklahoma,All,At least one AP STEM course,Number of public high schools that offer,2021,176
Oklahoma,All,At least one AP STEM course,Number of public high schools that offer,2020,148
Oklahoma,All,At least one AP STEM course,Number of public high schools that offer,2019,169
Oklahoma,All,At least five AP courses,Percentage of public high schools that offers,2024,0.25
Oklahoma,All,At least five AP courses,Percentage of public high schools that offers,2023,0.23
Oklahoma,All,At least five AP courses,Percentage of public high schools that offers,2022,0.19
Oklahoma,All,At least five AP courses,Percentage of public high schools that offers,2021,0.22
Oklahoma,All,At least five AP courses,Percentage of public high schools that offers,2020,0.22
Oklahoma,All,At least five AP courses,Percentage of public high schools that offers,2019,0.22
Oklahoma,All,At least ten AP courses,Percentage of public high schools that offers,2024,0.11
Oklahoma,All,At least ten AP courses,Percentage of public high schools that offers,2023,0.11
Oklahoma,All,At least ten AP courses,Percentage of public high schools that offers,2022,0.11
Oklahoma,All,At least ten AP courses,Percentage of public high schools that offers,2021,0.12
Oklahoma,All,At least ten AP courses,Percentage of public high schools that offers,2020,0.1
Oklahoma,All,At least ten AP courses,Percentage of public high schools that offers,2019,0.11
Oklahoma,All,At least one AP STEM course,Percentage of public high schools that offers,2024,0.43
Oklahoma,All,At least one AP STEM course,Percentage of public high schools that offers,2023,0.4
Oklahoma,All,At least one AP STEM course,Percentage of public high schools that offers,2022,0.39
Oklahoma,All,At least one AP STEM course,Percentage of public high schools that offers,2021,0.39
Oklahoma,All,At least one AP STEM course,Percentage of public high schools that offers,2020,0.35
Oklahoma,All,At least one AP STEM course,Percentage of public high schools that offers,2019,0.4
Oklahoma,All,At least five AP courses,Percentage of public high school students whose school offers,2024,0.68
Oklahoma,All,At least five AP courses,Percentage of public high school students whose school offers,2023,0.62
Oklahoma,All,At least five AP courses,Percentage of public high school students whose school offers,2022,0.6
Oklahoma,All,At least five AP courses,Percentage of public high school students whose school offers,2021,0.63
Oklahoma,All,At least five AP courses,Percentage of public high school students whose school offers,2020,0.6
Oklahoma,All,At least five AP courses,Percentage of public high school students whose school offers,2019,0.63
Oklahoma,All,At least ten AP courses,Percentage of public high school students whose school offers,2024,0.48
Oklahoma,All,At least ten AP courses,Percentage of public high school students whose school offers,2023,0.44
Oklahoma,All,At least ten AP courses,Percentage of public high school students whose school offers,2022,0.47
Oklahoma,All,At least ten AP courses,Percentage of public high school students whose school offers,2021,0.48
Oklahoma,All,At least ten AP courses,Percentage of public high school students whose school offers,2020,0.41
Oklahoma,All,At least ten AP courses,Percentage of public high school students whose school offers,2019,0.44
Oklahoma,All,At least one AP STEM course,Percentage of public high school students whose school offers,2024,0.78
Oklahoma,All,At least one AP STEM course,Percentage of public high school students whose school offers,2023,0.74
Oklahoma,All,At least one AP STEM course,Percentage of public high school students whose school offers,2022,0.74
Oklahoma,All,At least one AP STEM course,Percentage of public high school students whose school offers,2021,0.74
Oklahoma,All,At least one AP STEM course,Percentage of public high school students whose school offers,2020,0.71
Oklahoma,All,At least one AP STEM course,Percentage of public high school students whose school offers,2019,0.74
Oklahoma,Asian,At least five AP courses,pct_students_school_offers,2024,0.87
Oklahoma,Asian,At least five AP courses,pct_students_school_offers,2023,0.84
Oklahoma,Asian,At least five AP courses,pct_students_school_offers,2022,0.88
Oklahoma,Asian,At least five AP courses,pct_students_school_offers,2021,0.89
Oklahoma,Asian,At least five AP courses,pct_students_school_offers,2020,0.87
Oklahoma,Asian,At least five AP courses,pct_students_school_offers,2019,0.88
Oklahoma,Asian,At least ten AP courses,pct_students_school_offers,2024,0.77
Oklahoma,Asian,At least ten AP courses,pct_students_school_offers,2023,0.76
Oklahoma,Asian,At least ten AP courses,pct_students_school_offers,2022,0.81
Oklahoma,Asian,At least ten AP courses,pct_students_school_offers,2021,0.82
Oklahoma,Asian,At least ten AP courses,pct_students_school_offers,2020,0.77
Oklahoma,Asian,At least ten AP courses,pct_students_school_offers,2019,0.8
Oklahoma,Asian,At least one AP STEM course,pct_students_school_offers,2024,0.91
Oklahoma,Asian,At least one AP STEM course,pct_students_school_offers,2023,0.89
Oklahoma,Asian,At least one AP STEM course,pct_students_school_offers,2022,0.92
Oklahoma,Asian,At least one AP STEM course,pct_students_school_offers,2021,0.92
Oklahoma,Asian,At least one AP STEM course,pct_students_school_offers,2020,0.9
Oklahoma,Asian,At least one AP STEM course,pct_students_school_offers,2019,0.92
Oklahoma,Hispanic/Latino,At least five AP courses,pct_students_school_offers,2024,0.78
Oklahoma,Hispanic/Latino,At least five AP courses,pct_students_school_offers,2023,0.73
Oklahoma,Hispanic/Latino,At least five AP courses,pct_students_school_offers,2022,0.68
Oklahoma,Hispanic/Latino,At least five AP courses,pct_students_school_offers,2021,0.71
Oklahoma,Hispanic/Latino,At least five AP courses,pct_students_school_offers,2020,0.68
Oklahoma,Hispanic/Latino,At least five AP courses,pct_students_school_offers,2019,0.71
Oklahoma,Hispanic/Latino,At least ten AP courses,pct_students_school_offers,2024,0.59
Oklahoma,Hispanic/Latino,At least ten AP courses,pct_students_school_offers,2023,0.56
Oklahoma,Hispanic/Latino,At least ten AP courses,pct_students_school_offers,2022,0.58
Oklahoma,Hispanic/Latino,At least ten AP courses,pct_students_school_offers,2021,0.58
Oklahoma,Hispanic/Latino,At least ten AP courses,pct_students_school_offers,2020,0.49
Oklahoma,Hispanic/Latino,At least ten AP courses,pct_students_school_offers,2019,0.51
Oklahoma,Hispanic/Latino,At least one AP STEM course,pct_students_school_offers,2024,0.84
Oklahoma,Hispanic/Latino,At least one AP STEM course,pct_students_school_offers,2023,0.83
Oklahoma,Hispanic/Latino,At least one AP STEM course,pct_students_school_offers,2022,0.81
Oklahoma,Hispanic/Latino,At least one AP STEM course,pct_students_school_offers,2021,0.78
Oklahoma,Hispanic/Latino,At least one AP STEM course,pct_students_school_offers,2020,0.74
Oklahoma,Hispanic/Latino,At least one AP STEM course,pct_students_school_offers,2019,0.78
Oklahoma,White,At least five AP courses,pct_students_school_offers,2024,0.65
Oklahoma,White,At least five AP courses,pct_students_school_offers,2023,0.59
Oklahoma,White,At least five AP courses,pct_students_school_offers,2022,0.58
Oklahoma,White,At least five AP courses,pct_students_school_offers,2021,0.61
Oklahoma,White,At least five AP courses,pct_students_school_offers,2020,0.6
Oklahoma,White,At least five AP courses,pct_students_school_offers,2019,0.63
Oklahoma,White,At least ten AP courses,pct_students_school_offers,2024,0.47
Oklahoma,White,At least ten AP courses,pct_students_school_offers,2023,0.42
Oklahoma,White,At least ten AP courses,pct_students_school_offers,2022,0.44
Oklahoma,White,At least ten AP courses,pct_students_school_offers,2021,0.46
Oklahoma,White,At least ten AP courses,pct_students_school_offers,2020,0.41
Oklahoma,White,At least ten AP courses,pct_students_school_offers,2019,0.44
Oklahoma,White,At least one AP STEM course,pct_students_school_offers,2024,0.76
Oklahoma,White,At least one AP STEM course,pct_students_school_offers,2023,0.71
Oklahoma,White,At least one AP STEM course,pct_students_school_offers,2022,0.72
Oklahoma,White,At least one AP STEM course,pct_students_school_offers,2021,0.74
Oklahoma,White,At least one AP STEM course,pct_students_school_offers,2020,0.72
Oklahoma,White,At least one AP STEM course,pct_students_school_offers,2019,0.74
Oklahoma,Black or African American,At least five AP courses,pct_students_school_offers,2024,0.83
Oklahoma,Black or African American,At least five AP courses,pct_students_school_offers,2023,0.76
Oklahoma,Black or African American,At least five AP courses,pct_students_school_offers,2022,0.78
Oklahoma,Black or African American,At least five AP courses,pct_students_school_offers,2021,0.81
Oklahoma,Black or African American,At least five AP courses,pct_students_school_offers,2020,0.75
Oklahoma,Black or African American,At least five AP courses,pct_students_school_offers,2019,0.76
Oklahoma,Black or African American,At least ten AP courses,pct_students_school_offers,2024,0.59
Oklahoma,Black or African American,At least ten AP courses,pct_students_school_offers,2023,0.56
Oklahoma,Black or African American,At least ten AP courses,pct_students_school_offers,2022,0.64
Oklahoma,Black or African American,At least ten AP courses,pct_students_school_offers,2021,0.64
Oklahoma,Black or African American,At least ten AP courses,pct_students_school_offers,2020,0.56
Oklahoma,Black or African American,At least ten AP courses,pct_students_school_offers,2019,0.62
Oklahoma,Black or African American,At least one AP STEM course,pct_students_school_offers,2024,0.86
Oklahoma,Black or African American,At least one AP STEM course,pct_students_school_offers,2023,0.84
Oklahoma,Black or African American,At least one AP STEM course,pct_students_school_offers,2022,0.85
Oklahoma,Black or African American,At least one AP STEM course,pct_students_school_offers,2021,0.84
Oklahoma,Black or African American,At least one AP STEM course,pct_students_school_offers,2020,0.8
Oklahoma,Black or African American,At least one AP STEM course,pct_students_school_offers,2019,0.86
Oklahoma,Native American or Alaska Native,At least five AP courses,pct_students_school_offers,2024,0.47
Oklahoma,Native American or Alaska Native,At least five AP courses,pct_students_school_offers,2023,0.42
Oklahoma,Native American or Alaska Native,At least five AP courses,pct_students_school_offers,2022,0.38
Oklahoma,Native American or Alaska Native,At least five AP courses,pct_students_school_offers,2021,0.4
Oklahoma,Native American or Alaska Native,At least five AP courses,pct_students_school_offers,2020,0.4
Oklahoma,Native American or Alaska Native,At least five AP courses,pct_students_school_offers,2019,0.44
Oklahoma,Native American or Alaska Native,At least ten AP courses,pct_students_school_offers,2024,0.24
Oklahoma,Native American or Alaska Native,At least ten AP courses,pct_students_school_offers,2023,0.21
Oklahoma,Native American or Alaska Native,At least ten AP courses,pct_students_school_offers,2022,0.21
Oklahoma,Native American or Alaska Native,At least ten AP courses,pct_students_school_offers,2021,0.22
Oklahoma,Native American or Alaska Native,At least ten AP courses,pct_students_school_offers,2020,0.19
Oklahoma,Native American or Alaska Native,At least ten AP courses,pct_students_school_offers,2019,0.2
Oklahoma,Native American or Alaska Native,At least one AP STEM course,pct_students_school_offers,2024,0.61
Oklahoma,Native American or Alaska Native,At least one AP STEM course,pct_students_school_offers,2023,0.6
Oklahoma,Native American or Alaska Native,At least one AP STEM course,pct_students_school_offers,2022,0.58
Oklahoma,Native American or Alaska Native,At least one AP STEM course,pct_students_school_offers,2021,0.59
Oklahoma,Native American or Alaska Native,At least one AP STEM course,pct_students_school_offers,2020,0.58
Oklahoma,Native American or Alaska Native,At least one AP STEM course,pct_students_school_offers,2019,0.61
Oklahoma,Native Hawaiian or other Pacific Islander,At least five AP courses,pct_students_school_offers,2024,0.81
Oklahoma,Native Hawaiian or other Pacific Islander,At least five AP courses,pct_students_school_offers,2023,0.79
Oklahoma,Native Hawaiian or other Pacific Islander,At least five AP courses,pct_students_school_offers,2022,0.8
Oklahoma,Native Hawaiian or other Pacific Islander,At least five AP courses,pct_students_school_offers,2021,0.81
Oklahoma,Native Hawaiian or other Pacific Islander,At least five AP courses,pct_students_school_offers,2020,0.8
Oklahoma,Native Hawaiian or other Pacific Islander,At least five AP courses,pct_students_school_offers,2019,0.78
Oklahoma,Native Hawaiian or other Pacific Islander,At least ten AP courses,pct_students_school_offers,2024,0.66
Oklahoma,Native Hawaiian or other Pacific Islander,At least ten AP courses,pct_students_school_offers,2023,0.66
Oklahoma,Native Hawaiian or other Pacific Islander,At least ten AP courses,pct_students_school_offers,2022,0.7
Oklahoma,Native Hawaiian or other Pacific Islander,At least ten AP courses,pct_students_school_offers,2021,0.67
Oklahoma,Native Hawaiian or other Pacific Islander,At least ten AP courses,pct_students_school_offers,2020,0.58
Oklahoma,Native Hawaiian or other Pacific Islander,At least ten AP courses,pct_students_school_offers,2019,0.62
Oklahoma,Native Hawaiian or other Pacific Islander,At least one AP STEM course,pct_students_school_offers,2024,0.84
Oklahoma,Native Hawaiian or other Pacific Islander,At least one AP STEM course,pct_students_school_offers,2023,0.85
Oklahoma,Native Hawaiian or other Pacific Islander,At least one AP STEM course,pct_students_school_offers,2022,0.86
Oklahoma,Native Hawaiian or other Pacific Islander,At least one AP STEM course,pct_students_school_offers,2021,0.87
Oklahoma,Native Hawaiian or other Pacific Islander,At least one AP STEM course,pct_students_school_offers,2020,0.85
Oklahoma,Native Hawaiian or other Pacific Islander,At least one AP STEM course,pct_students_school_offers,2019,0.83
Oklahoma,Two or More Races,At least five AP courses,pct_students_school_offers,2024,0.71
Oklahoma,Two or More Races,At least five AP courses,pct_students_school_offers,2023,0.64
Oklahoma,Two or More Races,At least five AP courses,pct_students_school_offers,2022,0.64
Oklahoma,Two or More Races,At least five AP courses,pct_students_school_offers,2021,0.68
Oklahoma,Two or More Races,At least five AP courses,pct_students_school_offers,2020,0.69
Oklahoma,Two or More Races,At least five AP courses,pct_students_school_offers,2019,0.7
Oklahoma,Two or More Races,At least ten AP courses,pct_students_school_offers,2024,0.5
Oklahoma,Two or More Races,At least ten AP courses,pct_students_school_offers,2023,0.42
Oklahoma,Two or More Races,At least ten AP courses,pct_students_school_offers,2022,0.49
Oklahoma,Two or More Races,At least ten AP courses,pct_students_school_offers,2021,0.5
Oklahoma,Two or More Races,At least ten AP courses,pct_students_school_offers,2020,0.47
Oklahoma,Two or More Races,At least ten AP courses,pct_students_school_offers,2019,0.49
Oklahoma,Two or More Races,At least one AP STEM course,pct_students_school_offers,2024,0.8
Oklahoma,Two or More Races,At least one AP STEM course,pct_students_school_offers,2023,0.75
Oklahoma,Two or More Races,At least one AP STEM course,pct_students_school_offers,2022,0.75
Oklahoma,Two or More Races,At least one AP STEM course,pct_students_school_offers,2021,0.77
Oklahoma,Two or More Races,At least one AP STEM course,pct_students_school_offers,2020,0.76
Oklahoma,Two or More Races,At least one AP STEM course,pct_students_school_offers,2019,0.78
Oregon,All,At least five AP courses,Number of public high schools that offer,2024,88
Oregon,All,At least five AP courses,Number of public high schools that offer,2023,86
Oregon,All,At least five AP courses,Number of public high schools that offer,2022,80
Oregon,All,At least five AP courses,Number of public high schools that offer,2021,85
Oregon,All,At least five AP courses,Number of public high schools that offer,2020,83
Oregon,All,At least five AP courses,Number of public high schools that offer,2019,85
Oregon,All,At least ten AP courses,Number of public high schools that offer,2024,58
Oregon,All,At least ten AP courses,Number of public high schools that offer,2023,55
Oregon,All,At least ten AP courses,Number of public high schools that offer,2022,50
Oregon,All,At least ten AP courses,Number of public high schools that offer,2021,50
Oregon,All,At least ten AP courses,Number of public high schools that offer,2020,51
Oregon,All,At least ten AP courses,Number of public high schools that offer,2019,50
Oregon,All,At least one AP STEM course,Number of public high schools that offer,2024,118
Oregon,All,At least one AP STEM course,Number of public high schools that offer,2023,122
Oregon,All,At least one AP STEM course,Number of public high schools that offer,2022,120
Oregon,All,At least one AP STEM course,Number of public high schools that offer,2021,121
Oregon,All,At least one AP STEM course,Number of public high schools that offer,2020,115
Oregon,All,At least one AP STEM course,Number of public high schools that offer,2019,118
Oregon,All,At least five AP courses,Percentage of public high schools that offers,2024,0.29
Oregon,All,At least five AP courses,Percentage of public high schools that offers,2023,0.29
Oregon,All,At least five AP courses,Percentage of public high schools that offers,2022,0.27
Oregon,All,At least five AP courses,Percentage of public high schools that offers,2021,0.29
Oregon,All,At least five AP courses,Percentage of public high schools that offers,2020,0.28
Oregon,All,At least five AP courses,Percentage of public high schools that offers,2019,0.29
Oregon,All,At least ten AP courses,Percentage of public high schools that offers,2024,0.19
Oregon,All,At least ten AP courses,Percentage of public high schools that offers,2023,0.19
Oregon,All,At least ten AP courses,Percentage of public high schools that offers,2022,0.17
Oregon,All,At least ten AP courses,Percentage of public high schools that offers,2021,0.17
Oregon,All,At least ten AP courses,Percentage of public high schools that offers,2020,0.17
Oregon,All,At least ten AP courses,Percentage of public high schools that offers,2019,0.17
Oregon,All,At least one AP STEM course,Percentage of public high schools that offers,2024,0.39
Oregon,All,At least one AP STEM course,Percentage of public high schools that offers,2023,0.41
Oregon,All,At least one AP STEM course,Percentage of public high schools that offers,2022,0.41
Oregon,All,At least one AP STEM course,Percentage of public high schools that offers,2021,0.41
Oregon,All,At least one AP STEM course,Percentage of public high schools that offers,2020,0.39
Oregon,All,At least one AP STEM course,Percentage of public high schools that offers,2019,0.4
Oregon,All,At least five AP courses,Percentage of public high school students whose school offers,2024,0.61
Oregon,All,At least five AP courses,Percentage of public high school students whose school offers,2023,0.6
Oregon,All,At least five AP courses,Percentage of public high school students whose school offers,2022,0.6
Oregon,All,At least five AP courses,Percentage of public high school students whose school offers,2021,0.6
Oregon,All,At least five AP courses,Percentage of public high school students whose school offers,2020,0.6
Oregon,All,At least five AP courses,Percentage of public high school students whose school offers,2019,0.61
Oregon,All,At least ten AP courses,Percentage of public high school students whose school offers,2024,0.48
Oregon,All,At least ten AP courses,Percentage of public high school students whose school offers,2023,0.47
Oregon,All,At least ten AP courses,Percentage of public high school students whose school offers,2022,0.45
Oregon,All,At least ten AP courses,Percentage of public high school students whose school offers,2021,0.44
Oregon,All,At least ten AP courses,Percentage of public high school students whose school offers,2020,0.44
Oregon,All,At least ten AP courses,Percentage of public high school students whose school offers,2019,0.44
Oregon,All,At least one AP STEM course,Percentage of public high school students whose school offers,2024,0.73
Oregon,All,At least one AP STEM course,Percentage of public high school students whose school offers,2023,0.74
Oregon,All,At least one AP STEM course,Percentage of public high school students whose school offers,2022,0.74
Oregon,All,At least one AP STEM course,Percentage of public high school students whose school offers,2021,0.72
Oregon,All,At least one AP STEM course,Percentage of public high school students whose school offers,2020,0.71
Oregon,All,At least one AP STEM course,Percentage of public high school students whose school offers,2019,0.71
Oregon,Asian,At least five AP courses,pct_students_school_offers,2024,0.7
Oregon,Asian,At least five AP courses,pct_students_school_offers,2023,0.68
Oregon,Asian,At least five AP courses,pct_students_school_offers,2022,0.69
Oregon,Asian,At least five AP courses,pct_students_school_offers,2021,0.69
Oregon,Asian,At least five AP courses,pct_students_school_offers,2020,0.73
Oregon,Asian,At least five AP courses,pct_students_school_offers,2019,0.77
Oregon,Asian,At least ten AP courses,pct_students_school_offers,2024,0.66
Oregon,Asian,At least ten AP courses,pct_students_school_offers,2023,0.64
Oregon,Asian,At least ten AP courses,pct_students_school_offers,2022,0.64
Oregon,Asian,At least ten AP courses,pct_students_school_offers,2021,0.64
Oregon,Asian,At least ten AP courses,pct_students_school_offers,2020,0.67
Oregon,Asian,At least ten AP courses,pct_students_school_offers,2019,0.62
Oregon,Asian,At least one AP STEM course,pct_students_school_offers,2024,0.87
Oregon,Asian,At least one AP STEM course,pct_students_school_offers,2023,0.9
Oregon,Asian,At least one AP STEM course,pct_students_school_offers,2022,0.9
Oregon,Asian,At least one AP STEM course,pct_students_school_offers,2021,0.88
Oregon,Asian,At least one AP STEM course,pct_students_school_offers,2020,0.82
Oregon,Asian,At least one AP STEM course,pct_students_school_offers,2019,0.8
Oregon,Hispanic/Latino,At least five AP courses,pct_students_school_offers,2024,0.63
Oregon,Hispanic/Latino,At least five AP courses,pct_students_school_offers,2023,0.63
Oregon,Hispanic/Latino,At least five AP courses,pct_students_school_offers,2022,0.65
Oregon,Hispanic/Latino,At least five AP courses,pct_students_school_offers,2021,0.62
Oregon,Hispanic/Latino,At least five AP courses,pct_students_school_offers,2020,0.64
Oregon,Hispanic/Latino,At least five AP courses,pct_students_school_offers,2019,0.63
Oregon,Hispanic/Latino,At least ten AP courses,pct_students_school_offers,2024,0.54
Oregon,Hispanic/Latino,At least ten AP courses,pct_students_school_offers,2023,0.53
Oregon,Hispanic/Latino,At least ten AP courses,pct_students_school_offers,2022,0.5
Oregon,Hispanic/Latino,At least ten AP courses,pct_students_school_offers,2021,0.49
Oregon,Hispanic/Latino,At least ten AP courses,pct_students_school_offers,2020,0.49
Oregon,Hispanic/Latino,At least ten AP courses,pct_students_school_offers,2019,0.47
Oregon,Hispanic/Latino,At least one AP STEM course,pct_students_school_offers,2024,0.73
Oregon,Hispanic/Latino,At least one AP STEM course,pct_students_school_offers,2023,0.74
Oregon,Hispanic/Latino,At least one AP STEM course,pct_students_school_offers,2022,0.74
Oregon,Hispanic/Latino,At least one AP STEM course,pct_students_school_offers,2021,0.72
Oregon,Hispanic/Latino,At least one AP STEM course,pct_students_school_offers,2020,0.72
Oregon,Hispanic/Latino,At least one AP STEM course,pct_students_school_offers,2019,0.72
Oregon,White,At least five AP courses,pct_students_school_offers,2024,0.6
Oregon,White,At least five AP courses,pct_students_school_offers,2023,0.59
Oregon,White,At least five AP courses,pct_students_school_offers,2022,0.57
Oregon,White,At least five AP courses,pct_students_school_offers,2021,0.58
Oregon,White,At least five AP courses,pct_students_school_offers,2020,0.58
Oregon,White,At least five AP courses,pct_students_school_offers,2019,0.6
Oregon,White,At least ten AP courses,pct_students_school_offers,2024,0.44
Oregon,White,At least ten AP courses,pct_students_school_offers,2023,0.43
Oregon,White,At least ten AP courses,pct_students_school_offers,2022,0.41
Oregon,White,At least ten AP courses,pct_students_school_offers,2021,0.4
Oregon,White,At least ten AP courses,pct_students_school_offers,2020,0.41
Oregon,White,At least ten AP courses,pct_students_school_offers,2019,0.42
Oregon,White,At least one AP STEM course,pct_students_school_offers,2024,0.71
Oregon,White,At least one AP STEM course,pct_students_school_offers,2023,0.73
Oregon,White,At least one AP STEM course,pct_students_school_offers,2022,0.72
Oregon,White,At least one AP STEM course,pct_students_school_offers,2021,0.71
Oregon,White,At least one AP STEM course,pct_students_school_offers,2020,0.7
Oregon,White,At least one AP STEM course,pct_students_school_offers,2019,0.71
Oregon,Black or African American,At least five AP courses,pct_students_school_offers,2024,0.7
Oregon,Black or African American,At least five AP courses,pct_students_school_offers,2023,0.71
Oregon,Black or African American,At least five AP courses,pct_students_school_offers,2022,0.73
Oregon,Black or African American,At least five AP courses,pct_students_school_offers,2021,0.71
Oregon,Black or African American,At least five AP courses,pct_students_school_offers,2020,0.7
Oregon,Black or African American,At least five AP courses,pct_students_school_offers,2019,0.71
Oregon,Black or African American,At least ten AP courses,pct_students_school_offers,2024,0.66
Oregon,Black or African American,At least ten AP courses,pct_students_school_offers,2023,0.66
Oregon,Black or African American,At least ten AP courses,pct_students_school_offers,2022,0.66
Oregon,Black or African American,At least ten AP courses,pct_students_school_offers,2021,0.65
Oregon,Black or African American,At least ten AP courses,pct_students_school_offers,2020,0.65
Oregon,Black or African American,At least ten AP courses,pct_students_school_offers,2019,0.51
Oregon,Black or African American,At least one AP STEM course,pct_students_school_offers,2024,0.85
Oregon,Black or African American,At least one AP STEM course,pct_students_school_offers,2023,0.86
Oregon,Black or African American,At least one AP STEM course,pct_students_school_offers,2022,0.81
Oregon,Black or African American,At least one AP STEM course,pct_students_school_offers,2021,0.79
Oregon,Black or African American,At least one AP STEM course,pct_students_school_offers,2020,0.76
Oregon,Black or African American,At least one AP STEM course,pct_students_school_offers,2019,0.75
Oregon,Native American or Alaska Native,At least five AP courses,pct_students_school_offers,2024,0.39
Oregon,Native American or Alaska Native,At least five AP courses,pct_students_school_offers,2023,0.38
Oregon,Native American or Alaska Native,At least five AP courses,pct_students_school_offers,2022,0.48
Oregon,Native American or Alaska Native,At least five AP courses,pct_students_school_offers,2021,0.51
Oregon,Native American or Alaska Native,At least five AP courses,pct_students_school_offers,2020,0.39
Oregon,Native American or Alaska Native,At least five AP courses,pct_students_school_offers,2019,0.4
Oregon,Native American or Alaska Native,At least ten AP courses,pct_students_school_offers,2024,0.21
Oregon,Native American or Alaska Native,At least ten AP courses,pct_students_school_offers,2023,0.25
Oregon,Native American or Alaska Native,At least ten AP courses,pct_students_school_offers,2022,0.24
Oregon,Native American or Alaska Native,At least ten AP courses,pct_students_school_offers,2021,0.24
Oregon,Native American or Alaska Native,At least ten AP courses,pct_students_school_offers,2020,0.22
Oregon,Native American or Alaska Native,At least ten AP courses,pct_students_school_offers,2019,0.24
Oregon,Native American or Alaska Native,At least one AP STEM course,pct_students_school_offers,2024,0.56
Oregon,Native American or Alaska Native,At least one AP STEM course,pct_students_school_offers,2023,0.52
Oregon,Native American or Alaska Native,At least one AP STEM course,pct_students_school_offers,2022,0.66
Oregon,Native American or Alaska Native,At least one AP STEM course,pct_students_school_offers,2021,0.64
Oregon,Native American or Alaska Native,At least one AP STEM course,pct_students_school_offers,2020,0.61
Oregon,Native American or Alaska Native,At least one AP STEM course,pct_students_school_offers,2019,0.62
Oregon,Native Hawaiian or other Pacific Islander,At least five AP courses,pct_students_school_offers,2024,0.66
Oregon,Native Hawaiian or other Pacific Islander,At least five AP courses,pct_students_school_offers,2023,0.68
Oregon,Native Hawaiian or other Pacific Islander,At least five AP courses,pct_students_school_offers,2022,0.73
Oregon,Native Hawaiian or other Pacific Islander,At least five AP courses,pct_students_school_offers,2021,0.68
Oregon,Native Hawaiian or other Pacific Islander,At least five AP courses,pct_students_school_offers,2020,0.69
Oregon,Native Hawaiian or other Pacific Islander,At least five AP courses,pct_students_school_offers,2019,0.7
Oregon,Native Hawaiian or other Pacific Islander,At least ten AP courses,pct_students_school_offers,2024,0.6
Oregon,Native Hawaiian or other Pacific Islander,At least ten AP courses,pct_students_school_offers,2023,0.62
Oregon,Native Hawaiian or other Pacific Islander,At least ten AP courses,pct_students_school_offers,2022,0.59
Oregon,Native Hawaiian or other Pacific Islander,At least ten AP courses,pct_students_school_offers,2021,0.59
Oregon,Native Hawaiian or other Pacific Islander,At least ten AP courses,pct_students_school_offers,2020,0.6
Oregon,Native Hawaiian or other Pacific Islander,At least ten AP courses,pct_students_school_offers,2019,0.56
Oregon,Native Hawaiian or other Pacific Islander,At least one AP STEM course,pct_students_school_offers,2024,0.76
Oregon,Native Hawaiian or other Pacific Islander,At least one AP STEM course,pct_students_school_offers,2023,0.79
Oregon,Native Hawaiian or other Pacific Islander,At least one AP STEM course,pct_students_school_offers,2022,0.8
Oregon,Native Hawaiian or other Pacific Islander,At least one AP STEM course,pct_students_school_offers,2021,0.74
Oregon,Native Hawaiian or other Pacific Islander,At least one AP STEM course,pct_students_school_offers,2020,0.77
Oregon,Native Hawaiian or other Pacific Islander,At least one AP STEM course,pct_students_school_offers,2019,0.76
Oregon,Two or More Races,At least five AP courses,pct_students_school_offers,2024,0.62
Oregon,Two or More Races,At least five AP courses,pct_students_school_offers,2023,0.6
Oregon,Two or More Races,At least five AP courses,pct_students_school_offers,2022,0.59
Oregon,Two or More Races,At least five AP courses,pct_students_school_offers,2021,0.59
Oregon,Two or More Races,At least five AP courses,pct_students_school_offers,2020,0.59
Oregon,Two or More Races,At least five AP courses,pct_students_school_offers,2019,0.61
Oregon,Two or More Races,At least ten AP courses,pct_students_school_offers,2024,0.51
Oregon,Two or More Races,At least ten AP courses,pct_students_school_offers,2023,0.48
Oregon,Two or More Races,At least ten AP courses,pct_students_school_offers,2022,0.45
Oregon,Two or More Races,At least ten AP courses,pct_students_school_offers,2021,0.45
Oregon,Two or More Races,At least ten AP courses,pct_students_school_offers,2020,0.44
Oregon,Two or More Races,At least ten AP courses,pct_students_school_offers,2019,0.43
Oregon,Two or More Races,At least one AP STEM course,pct_students_school_offers,2024,0.75
Oregon,Two or More Races,At least one AP STEM course,pct_students_school_offers,2023,0.77
Oregon,Two or More Races,At least one AP STEM course,pct_students_school_offers,2022,0.74
Oregon,Two or More Races,At least one AP STEM course,pct_students_school_offers,2021,0.73
Oregon,Two or More Races,At least one AP STEM course,pct_students_school_offers,2020,0.72
Oregon,Two or More Races,At least one AP STEM course,pct_students_school_offers,2019,0.69
Pennsylvania,All,At least five AP courses,Number of public high schools that offer,2024,448
Pennsylvania,All,At least five AP courses,Number of public high schools that offer,2023,412
Pennsylvania,All,At least five AP courses,Number of public high schools that offer,2022,416
Pennsylvania,All,At least five AP courses,Number of public high schools that offer,2021,414
Pennsylvania,All,At least five AP courses,Number of public high schools that offer,2020,405
Pennsylvania,All,At least five AP courses,Number of public high schools that offer,2019,398
Pennsylvania,All,At least ten AP courses,Number of public high schools that offer,2024,297
Pennsylvania,All,At least ten AP courses,Number of public high schools that offer,2023,272
Pennsylvania,All,At least ten AP courses,Number of public high schools that offer,2022,260
Pennsylvania,All,At least ten AP courses,Number of public high schools that offer,2021,265
Pennsylvania,All,At least ten AP courses,Number of public high schools that offer,2020,244
Pennsylvania,All,At least ten AP courses,Number of public high schools that offer,2019,245
Pennsylvania,All,At least one AP STEM course,Number of public high schools that offer,2024,522
Pennsylvania,All,At least one AP STEM course,Number of public high schools that offer,2023,496
Pennsylvania,All,At least one AP STEM course,Number of public high schools that offer,2022,503
Pennsylvania,All,At least one AP STEM course,Number of public high schools that offer,2021,505
Pennsylvania,All,At least one AP STEM course,Number of public high schools that offer,2020,482
Pennsylvania,All,At least one AP STEM course,Number of public high schools that offer,2019,487
Pennsylvania,All,At least five AP courses,Percentage of public high schools that offers,2024,0.65
Pennsylvania,All,At least five AP courses,Percentage of public high schools that offers,2023,0.64
Pennsylvania,All,At least five AP courses,Percentage of public high schools that offers,2022,0.65
Pennsylvania,All,At least five AP courses,Percentage of public high schools that offers,2021,0.64
Pennsylvania,All,At least five AP courses,Percentage of public high schools that offers,2020,0.66
Pennsylvania,All,At least five AP courses,Percentage of public high schools that offers,2019,0.65
Pennsylvania,All,At least ten AP courses,Percentage of public high schools that offers,2024,0.43
Pennsylvania,All,At least ten AP courses,Percentage of public high schools that offers,2023,0.43
Pennsylvania,All,At least ten AP courses,Percentage of public high schools that offers,2022,0.4
Pennsylvania,All,At least ten AP courses,Percentage of public high schools that offers,2021,0.41
Pennsylvania,All,At least ten AP courses,Percentage of public high schools that offers,2020,0.4
Pennsylvania,All,At least ten AP courses,Percentage of public high schools that offers,2019,0.4
Pennsylvania,All,At least one AP STEM course,Percentage of public high schools that offers,2024,0.76
Pennsylvania,All,At least one AP STEM course,Percentage of public high schools that offers,2023,0.78
Pennsylvania,All,At least one AP STEM course,Percentage of public high schools that offers,2022,0.78
Pennsylvania,All,At least one AP STEM course,Percentage of public high schools that offers,2021,0.79
Pennsylvania,All,At least one AP STEM course,Percentage of public high schools that offers,2020,0.78
Pennsylvania,All,At least one AP STEM course,Percentage of public high schools that offers,2019,0.79
Pennsylvania,All,At least five AP courses,Percentage of public high school students whose school offers,2024,0.85
Pennsylvania,All,At least five AP courses,Percentage of public high school students whose school offers,2023,0.83
Pennsylvania,All,At least five AP courses,Percentage of public high school students whose school offers,2022,0.84
Pennsylvania,All,At least five AP courses,Percentage of public high school students whose school offers,2021,0.83
Pennsylvania,All,At least five AP courses,Percentage of public high school students whose school offers,2020,0.84
Pennsylvania,All,At least five AP courses,Percentage of public high school students whose school offers,2019,0.83
Pennsylvania,All,At least ten AP courses,Percentage of public high school students whose school offers,2024,0.69
Pennsylvania,All,At least ten AP courses,Percentage of public high school students whose school offers,2023,0.68
Pennsylvania,All,At least ten AP courses,Percentage of public high school students whose school offers,2022,0.66
Pennsylvania,All,At least ten AP courses,Percentage of public high school students whose school offers,2021,0.68
Pennsylvania,All,At least ten AP courses,Percentage of public high school students whose school offers,2020,0.63
Pennsylvania,All,At least ten AP courses,Percentage of public high school students whose school offers,2019,0.63
Pennsylvania,All,At least one AP STEM course,Percentage of public high school students whose school offers,2024,0.9
Pennsylvania,All,At least one AP STEM course,Percentage of public high school students whose school offers,2023,0.89
Pennsylvania,All,At least one AP STEM course,Percentage of public high school students whose school offers,2022,0.9
Pennsylvania,All,At least one AP STEM course,Percentage of public high school students whose school offers,2021,0.91
Pennsylvania,All,At least one AP STEM course,Percentage of public high school students whose school offers,2020,0.9
Pennsylvania,All,At least one AP STEM course,Percentage of public high school students whose school offers,2019,0.9
Pennsylvania,Asian,At least five AP courses,pct_students_school_offers,2024,0.93
Pennsylvania,Asian,At least five AP courses,pct_students_school_offers,2023,0.94
Pennsylvania,Asian,At least five AP courses,pct_students_school_offers,2022,0.94
Pennsylvania,Asian,At least five AP courses,pct_students_school_offers,2021,0.94
Pennsylvania,Asian,At least five AP courses,pct_students_school_offers,2020,0.93
Pennsylvania,Asian,At least five AP courses,pct_students_school_offers,2019,0.93
Pennsylvania,Asian,At least ten AP courses,pct_students_school_offers,2024,0.87
Pennsylvania,Asian,At least ten AP courses,pct_students_school_offers,2023,0.89
Pennsylvania,Asian,At least ten AP courses,pct_students_school_offers,2022,0.87
Pennsylvania,Asian,At least ten AP courses,pct_students_school_offers,2021,0.87
Pennsylvania,Asian,At least ten AP courses,pct_students_school_offers,2020,0.84
Pennsylvania,Asian,At least ten AP courses,pct_students_school_offers,2019,0.83
Pennsylvania,Asian,At least one AP STEM course,pct_students_school_offers,2024,0.97
Pennsylvania,Asian,At least one AP STEM course,pct_students_school_offers,2023,0.97
Pennsylvania,Asian,At least one AP STEM course,pct_students_school_offers,2022,0.97
Pennsylvania,Asian,At least one AP STEM course,pct_students_school_offers,2021,0.97
Pennsylvania,Asian,At least one AP STEM course,pct_students_school_offers,2020,0.96
Pennsylvania,Asian,At least one AP STEM course,pct_students_school_offers,2019,0.97
Pennsylvania,Hispanic/Latino,At least five AP courses,pct_students_school_offers,2024,0.85
Pennsylvania,Hispanic/Latino,At least five AP courses,pct_students_school_offers,2023,0.83
Pennsylvania,Hispanic/Latino,At least five AP courses,pct_students_school_offers,2022,0.85
Pennsylvania,Hispanic/Latino,At least five AP courses,pct_students_school_offers,2021,0.82
Pennsylvania,Hispanic/Latino,At least five AP courses,pct_students_school_offers,2020,0.82
Pennsylvania,Hispanic/Latino,At least five AP courses,pct_students_school_offers,2019,0.81
Pennsylvania,Hispanic/Latino,At least ten AP courses,pct_students_school_offers,2024,0.73
Pennsylvania,Hispanic/Latino,At least ten AP courses,pct_students_school_offers,2023,0.73
Pennsylvania,Hispanic/Latino,At least ten AP courses,pct_students_school_offers,2022,0.71
Pennsylvania,Hispanic/Latino,At least ten AP courses,pct_students_school_offers,2021,0.73
Pennsylvania,Hispanic/Latino,At least ten AP courses,pct_students_school_offers,2020,0.66
Pennsylvania,Hispanic/Latino,At least ten AP courses,pct_students_school_offers,2019,0.64
Pennsylvania,Hispanic/Latino,At least one AP STEM course,pct_students_school_offers,2024,0.9
Pennsylvania,Hispanic/Latino,At least one AP STEM course,pct_students_school_offers,2023,0.87
Pennsylvania,Hispanic/Latino,At least one AP STEM course,pct_students_school_offers,2022,0.89
Pennsylvania,Hispanic/Latino,At least one AP STEM course,pct_students_school_offers,2021,0.88
Pennsylvania,Hispanic/Latino,At least one AP STEM course,pct_students_school_offers,2020,0.89
Pennsylvania,Hispanic/Latino,At least one AP STEM course,pct_students_school_offers,2019,0.87
Pennsylvania,White,At least five AP courses,pct_students_school_offers,2024,0.88
Pennsylvania,White,At least five AP courses,pct_students_school_offers,2023,0.86
Pennsylvania,White,At least five AP courses,pct_students_school_offers,2022,0.86
Pennsylvania,White,At least five AP courses,pct_students_school_offers,2021,0.87
Pennsylvania,White,At least five AP courses,pct_students_school_offers,2020,0.86
Pennsylvania,White,At least five AP courses,pct_students_school_offers,2019,0.86
Pennsylvania,White,At least ten AP courses,pct_students_school_offers,2024,0.71
Pennsylvania,White,At least ten AP courses,pct_students_school_offers,2023,0.7
Pennsylvania,White,At least ten AP courses,pct_students_school_offers,2022,0.68
Pennsylvania,White,At least ten AP courses,pct_students_school_offers,2021,0.69
Pennsylvania,White,At least ten AP courses,pct_students_school_offers,2020,0.65
Pennsylvania,White,At least ten AP courses,pct_students_school_offers,2019,0.64
Pennsylvania,White,At least one AP STEM course,pct_students_school_offers,2024,0.93
Pennsylvania,White,At least one AP STEM course,pct_students_school_offers,2023,0.93
Pennsylvania,White,At least one AP STEM course,pct_students_school_offers,2022,0.94
Pennsylvania,White,At least one AP STEM course,pct_students_school_offers,2021,0.94
Pennsylvania,White,At least one AP STEM course,pct_students_school_offers,2020,0.93
Pennsylvania,White,At least one AP STEM course,pct_students_school_offers,2019,0.93
Pennsylvania,Black or African American,At least five AP courses,pct_students_school_offers,2024,0.66
Pennsylvania,Black or African American,At least five AP courses,pct_students_school_offers,2023,0.62
Pennsylvania,Black or African American,At least five AP courses,pct_students_school_offers,2022,0.65
Pennsylvania,Black or African American,At least five AP courses,pct_students_school_offers,2021,0.63
Pennsylvania,Black or African American,At least five AP courses,pct_students_school_offers,2020,0.67
Pennsylvania,Black or African American,At least five AP courses,pct_students_school_offers,2019,0.64
Pennsylvania,Black or African American,At least ten AP courses,pct_students_school_offers,2024,0.49
Pennsylvania,Black or African American,At least ten AP courses,pct_students_school_offers,2023,0.47
Pennsylvania,Black or African American,At least ten AP courses,pct_students_school_offers,2022,0.45
Pennsylvania,Black or African American,At least ten AP courses,pct_students_school_offers,2021,0.48
Pennsylvania,Black or African American,At least ten AP courses,pct_students_school_offers,2020,0.49
Pennsylvania,Black or African American,At least ten AP courses,pct_students_school_offers,2019,0.46
Pennsylvania,Black or African American,At least one AP STEM course,pct_students_school_offers,2024,0.73
Pennsylvania,Black or African American,At least one AP STEM course,pct_students_school_offers,2023,0.71
Pennsylvania,Black or African American,At least one AP STEM course,pct_students_school_offers,2022,0.73
Pennsylvania,Black or African American,At least one AP STEM course,pct_students_school_offers,2021,0.74
Pennsylvania,Black or African American,At least one AP STEM course,pct_students_school_offers,2020,0.75
Pennsylvania,Black or African American,At least one AP STEM course,pct_students_school_offers,2019,0.75
Pennsylvania,Native American or Alaska Native,At least five AP courses,pct_students_school_offers,2024,0.84
Pennsylvania,Native American or Alaska Native,At least five AP courses,pct_students_school_offers,2023,0.83
Pennsylvania,Native American or Alaska Native,At least five AP courses,pct_students_school_offers,2022,0.82
Pennsylvania,Native American or Alaska Native,At least five AP courses,pct_students_school_offers,2021,0.81
Pennsylvania,Native American or Alaska Native,At least five AP courses,pct_students_school_offers,2020,0.83
Pennsylvania,Native American or Alaska Native,At least five AP courses,pct_students_school_offers,2019,0.81
Pennsylvania,Native American or Alaska Native,At least ten AP courses,pct_students_school_offers,2024,0.63
Pennsylvania,Native American or Alaska Native,At least ten AP courses,pct_students_school_offers,2023,0.68
Pennsylvania,Native American or Alaska Native,At least ten AP courses,pct_students_school_offers,2022,0.68
Pennsylvania,Native American or Alaska Native,At least ten AP courses,pct_students_school_offers,2021,0.67
Pennsylvania,Native American or Alaska Native,At least ten AP courses,pct_students_school_offers,2020,0.63
Pennsylvania,Native American or Alaska Native,At least ten AP courses,pct_students_school_offers,2019,0.6
Pennsylvania,Native American or Alaska Native,At least one AP STEM course,pct_students_school_offers,2024,0.9
Pennsylvania,Native American or Alaska Native,At least one AP STEM course,pct_students_school_offers,2023,0.9
Pennsylvania,Native American or Alaska Native,At least one AP STEM course,pct_students_school_offers,2022,0.89
Pennsylvania,Native American or Alaska Native,At least one AP STEM course,pct_students_school_offers,2021,0.89
Pennsylvania,Native American or Alaska Native,At least one AP STEM course,pct_students_school_offers,2020,0.89
Pennsylvania,Native American or Alaska Native,At least one AP STEM course,pct_students_school_offers,2019,0.9
Pennsylvania,Native Hawaiian or other Pacific Islander,At least five AP courses,pct_students_school_offers,2024,0.89
Pennsylvania,Native Hawaiian or other Pacific Islander,At least five AP courses,pct_students_school_offers,2023,0.87
Pennsylvania,Native Hawaiian or other Pacific Islander,At least five AP courses,pct_students_school_offers,2022,0.88
Pennsylvania,Native Hawaiian or other Pacific Islander,At least five AP courses,pct_students_school_offers,2021,0.87
Pennsylvania,Native Hawaiian or other Pacific Islander,At least five AP courses,pct_students_school_offers,2020,0.88
Pennsylvania,Native Hawaiian or other Pacific Islander,At least five AP courses,pct_students_school_offers,2019,0.89
Pennsylvania,Native Hawaiian or other Pacific Islander,At least ten AP courses,pct_students_school_offers,2024,0.7
Pennsylvania,Native Hawaiian or other Pacific Islander,At least ten AP courses,pct_students_school_offers,2023,0.71
Pennsylvania,Native Hawaiian or other Pacific Islander,At least ten AP courses,pct_students_school_offers,2022,0.68
Pennsylvania,Native Hawaiian or other Pacific Islander,At least ten AP courses,pct_students_school_offers,2021,0.69
Pennsylvania,Native Hawaiian or other Pacific Islander,At least ten AP courses,pct_students_school_offers,2020,0.73
Pennsylvania,Native Hawaiian or other Pacific Islander,At least ten AP courses,pct_students_school_offers,2019,0.72
Pennsylvania,Native Hawaiian or other Pacific Islander,At least one AP STEM course,pct_students_school_offers,2024,0.91
Pennsylvania,Native Hawaiian or other Pacific Islander,At least one AP STEM course,pct_students_school_offers,2023,0.93
Pennsylvania,Native Hawaiian or other Pacific Islander,At least one AP STEM course,pct_students_school_offers,2022,0.93
Pennsylvania,Native Hawaiian or other Pacific Islander,At least one AP STEM course,pct_students_school_offers,2021,0.95
Pennsylvania,Native Hawaiian or other Pacific Islander,At least one AP STEM course,pct_students_school_offers,2020,0.92
Pennsylvania,Native Hawaiian or other Pacific Islander,At least one AP STEM course,pct_students_school_offers,2019,0.93
Pennsylvania,Two or More Races,At least five AP courses,pct_students_school_offers,2024,0.88
Pennsylvania,Two or More Races,At least five AP courses,pct_students_school_offers,2023,0.84
Pennsylvania,Two or More Races,At least five AP courses,pct_students_school_offers,2022,0.85
Pennsylvania,Two or More Races,At least five AP courses,pct_students_school_offers,2021,0.85
Pennsylvania,Two or More Races,At least five AP courses,pct_students_school_offers,2020,0.84
Pennsylvania,Two or More Races,At least five AP courses,pct_students_school_offers,2019,0.85
Pennsylvania,Two or More Races,At least ten AP courses,pct_students_school_offers,2024,0.71
Pennsylvania,Two or More Races,At least ten AP courses,pct_students_school_offers,2023,0.69
Pennsylvania,Two or More Races,At least ten AP courses,pct_students_school_offers,2022,0.67
Pennsylvania,Two or More Races,At least ten AP courses,pct_students_school_offers,2021,0.68
Pennsylvania,Two or More Races,At least ten AP courses,pct_students_school_offers,2020,0.63
Pennsylvania,Two or More Races,At least ten AP courses,pct_students_school_offers,2019,0.61
Pennsylvania,Two or More Races,At least one AP STEM course,pct_students_school_offers,2024,0.92
Pennsylvania,Two or More Races,At least one AP STEM course,pct_students_school_offers,2023,0.9
Pennsylvania,Two or More Races,At least one AP STEM course,pct_students_school_offers,2022,0.9
Pennsylvania,Two or More Races,At least one AP STEM course,pct_students_school_offers,2021,0.92
Pennsylvania,Two or More Races,At least one AP STEM course,pct_students_school_offers,2020,0.91
Pennsylvania,Two or More Races,At least one AP STEM course,pct_students_school_offers,2019,0.91
Rhode Island,All,At least five AP courses,Number of public high schools that offer,2024,45
Rhode Island,All,At least five AP courses,Number of public high schools that offer,2023,41
Rhode Island,All,At least five AP courses,Number of public high schools that offer,2022,38
Rhode Island,All,At least five AP courses,Number of public high schools that offer,2021,38
Rhode Island,All,At least five AP courses,Number of public high schools that offer,2020,41
Rhode Island,All,At least five AP courses,Number of public high schools that offer,2019,42
Rhode Island,All,At least ten AP courses,Number of public high schools that offer,2024,37
Rhode Island,All,At least ten AP courses,Number of public high schools that offer,2023,30
Rhode Island,All,At least ten AP courses,Number of public high schools that offer,2022,28
Rhode Island,All,At least ten AP courses,Number of public high schools that offer,2021,28
Rhode Island,All,At least ten AP courses,Number of public high schools that offer,2020,28
Rhode Island,All,At least ten AP courses,Number of public high schools that offer,2019,29
Rhode Island,All,At least one AP STEM course,Number of public high schools that offer,2024,48
Rhode Island,All,At least one AP STEM course,Number of public high schools that offer,2023,42
Rhode Island,All,At least one AP STEM course,Number of public high schools that offer,2022,42
Rhode Island,All,At least one AP STEM course,Number of public high schools that offer,2021,41
Rhode Island,All,At least one AP STEM course,Number of public high schools that offer,2020,45
Rhode Island,All,At least one AP STEM course,Number of public high schools that offer,2019,45
Rhode Island,All,At least five AP courses,Percentage of public high schools that offers,2024,0.73
Rhode Island,All,At least five AP courses,Percentage of public high schools that offers,2023,0.82
Rhode Island,All,At least five AP courses,Percentage of public high schools that offers,2022,0.81
Rhode Island,All,At least five AP courses,Percentage of public high schools that offers,2021,0.81
Rhode Island,All,At least five AP courses,Percentage of public high schools that offers,2020,0.76
Rhode Island,All,At least five AP courses,Percentage of public high schools that offers,2019,0.78
Rhode Island,All,At least ten AP courses,Percentage of public high schools that offers,2024,0.6
Rhode Island,All,At least ten AP courses,Percentage of public high schools that offers,2023,0.6
Rhode Island,All,At least ten AP courses,Percentage of public high schools that offers,2022,0.6
Rhode Island,All,At least ten AP courses,Percentage of public high schools that offers,2021,0.6
Rhode Island,All,At least ten AP courses,Percentage of public high schools that offers,2020,0.52
Rhode Island,All,At least ten AP courses,Percentage of public high schools that offers,2019,0.54
Rhode Island,All,At least one AP STEM course,Percentage of public high schools that offers,2024,0.77
Rhode Island,All,At least one AP STEM course,Percentage of public high schools that offers,2023,0.84
Rhode Island,All,At least one AP STEM course,Percentage of public high schools that offers,2022,0.89
Rhode Island,All,At least one AP STEM course,Percentage of public high schools that offers,2021,0.87
Rhode Island,All,At least one AP STEM course,Percentage of public high schools that offers,2020,0.83
Rhode Island,All,At least one AP STEM course,Percentage of public high schools that offers,2019,0.83
Rhode Island,All,At least five AP courses,Percentage of public high school students whose school offers,2024,0.91
Rhode Island,All,At least five AP courses,Percentage of public high school students whose school offers,2023,0.96
Rhode Island,All,At least five AP courses,Percentage of public high school students whose school offers,2022,0.93
Rhode Island,All,At least five AP courses,Percentage of public high school students whose school offers,2021,0.93
Rhode Island,All,At least five AP courses,Percentage of public high school students whose school offers,2020,0.92
Rhode Island,All,At least five AP courses,Percentage of public high school students whose school offers,2019,0.93
Rhode Island,All,At least ten AP courses,Percentage of public high school students whose school offers,2024,0.79
Rhode Island,All,At least ten AP courses,Percentage of public high school students whose school offers,2023,0.74
Rhode Island,All,At least ten AP courses,Percentage of public high school students whose school offers,2022,0.73
Rhode Island,All,At least ten AP courses,Percentage of public high school students whose school offers,2021,0.69
Rhode Island,All,At least ten AP courses,Percentage of public high school students whose school offers,2020,0.69
Rhode Island,All,At least ten AP courses,Percentage of public high school students whose school offers,2019,0.71
Rhode Island,All,At least one AP STEM course,Percentage of public high school students whose school offers,2024,0.92
Rhode Island,All,At least one AP STEM course,Percentage of public high school students whose school offers,2023,0.96
Rhode Island,All,At least one AP STEM course,Percentage of public high school students whose school offers,2022,0.98
Rhode Island,All,At least one AP STEM course,Percentage of public high school students whose school offers,2021,0.95
Rhode Island,All,At least one AP STEM course,Percentage of public high school students whose school offers,2020,0.95
Rhode Island,All,At least one AP STEM course,Percentage of public high school students whose school offers,2019,0.95
Rhode Island,Asian,At least five AP courses,pct_students_school_offers,2024,0.95
Rhode Island,Asian,At least five AP courses,pct_students_school_offers,2023,0.97
Rhode Island,Asian,At least five AP courses,pct_students_school_offers,2022,0.94
Rhode Island,Asian,At least five AP courses,pct_students_school_offers,2021,0.94
Rhode Island,Asian,At least five AP courses,pct_students_school_offers,2020,0.94
Rhode Island,Asian,At least five AP courses,pct_students_school_offers,2019,0.97
Rhode Island,Asian,At least ten AP courses,pct_students_school_offers,2024,0.9
Rhode Island,Asian,At least ten AP courses,pct_students_school_offers,2023,0.81
Rhode Island,Asian,At least ten AP courses,pct_students_school_offers,2022,0.8
Rhode Island,Asian,At least ten AP courses,pct_students_school_offers,2021,0.7
Rhode Island,Asian,At least ten AP courses,pct_students_school_offers,2020,0.75
Rhode Island,Asian,At least ten AP courses,pct_students_school_offers,2019,0.76
Rhode Island,Asian,At least one AP STEM course,pct_students_school_offers,2024,0.96
Rhode Island,Asian,At least one AP STEM course,pct_students_school_offers,2023,0.97
Rhode Island,Asian,At least one AP STEM course,pct_students_school_offers,2022,0.99
Rhode Island,Asian,At least one AP STEM course,pct_students_school_offers,2021,0.96
Rhode Island,Asian,At least one AP STEM course,pct_students_school_offers,2020,0.96
Rhode Island,Asian,At least one AP STEM course,pct_students_school_offers,2019,0.96
Rhode Island,Hispanic/Latino,At least five AP courses,pct_students_school_offers,2024,0.8
Rhode Island,Hispanic/Latino,At least five AP courses,pct_students_school_offers,2023,0.88
Rhode Island,Hispanic/Latino,At least five AP courses,pct_students_school_offers,2022,0.81
Rhode Island,Hispanic/Latino,At least five AP courses,pct_students_school_offers,2021,0.81
Rhode Island,Hispanic/Latino,At least five AP courses,pct_students_school_offers,2020,0.79
Rhode Island,Hispanic/Latino,At least five AP courses,pct_students_school_offers,2019,0.85
Rhode Island,Hispanic/Latino,At least ten AP courses,pct_students_school_offers,2024,0.67
Rhode Island,Hispanic/Latino,At least ten AP courses,pct_students_school_offers,2023,0.49
Rhode Island,Hispanic/Latino,At least ten AP courses,pct_students_school_offers,2022,0.48
Rhode Island,Hispanic/Latino,At least ten AP courses,pct_students_school_offers,2021,0.39
Rhode Island,Hispanic/Latino,At least ten AP courses,pct_students_school_offers,2020,0.36
Rhode Island,Hispanic/Latino,At least ten AP courses,pct_students_school_offers,2019,0.42
Rhode Island,Hispanic/Latino,At least one AP STEM course,pct_students_school_offers,2024,0.83
Rhode Island,Hispanic/Latino,At least one AP STEM course,pct_students_school_offers,2023,0.88
Rhode Island,Hispanic/Latino,At least one AP STEM course,pct_students_school_offers,2022,0.95
Rhode Island,Hispanic/Latino,At least one AP STEM course,pct_students_school_offers,2021,0.89
Rhode Island,Hispanic/Latino,At least one AP STEM course,pct_students_school_offers,2020,0.88
Rhode Island,Hispanic/Latino,At least one AP STEM course,pct_students_school_offers,2019,0.88
Rhode Island,White,At least five AP courses,pct_students_school_offers,2024,0.97
Rhode Island,White,At least five AP courses,pct_students_school_offers,2023,0.99
Rhode Island,White,At least five AP courses,pct_students_school_offers,2022,0.98
Rhode Island,White,At least five AP courses,pct_students_school_offers,2021,0.98
Rhode Island,White,At least five AP courses,pct_students_school_offers,2020,0.97
Rhode Island,White,At least five AP courses,pct_students_school_offers,2019,0.97
Rhode Island,White,At least ten AP courses,pct_students_school_offers,2024,0.89
Rhode Island,White,At least ten AP courses,pct_students_school_offers,2023,0.88
Rhode Island,White,At least ten AP courses,pct_students_school_offers,2022,0.87
Rhode Island,White,At least ten AP courses,pct_students_school_offers,2021,0.86
Rhode Island,White,At least ten AP courses,pct_students_school_offers,2020,0.85
Rhode Island,White,At least ten AP courses,pct_students_school_offers,2019,0.85
Rhode Island,White,At least one AP STEM course,pct_students_school_offers,2024,0.98
Rhode Island,White,At least one AP STEM course,pct_students_school_offers,2023,0.99
Rhode Island,White,At least one AP STEM course,pct_students_school_offers,2022,0.99
Rhode Island,White,At least one AP STEM course,pct_students_school_offers,2021,0.99
Rhode Island,White,At least one AP STEM course,pct_students_school_offers,2020,0.98
Rhode Island,White,At least one AP STEM course,pct_students_school_offers,2019,0.98
Rhode Island,Black or African American,At least five AP courses,pct_students_school_offers,2024,0.82
Rhode Island,Black or African American,At least five AP courses,pct_students_school_offers,2023,0.92
Rhode Island,Black or African American,At least five AP courses,pct_students_school_offers,2022,0.87
Rhode Island,Black or African American,At least five AP courses,pct_students_school_offers,2021,0.87
Rhode Island,Black or African American,At least five AP courses,pct_students_school_offers,2020,0.85
Rhode Island,Black or African American,At least five AP courses,pct_students_school_offers,2019,0.88
Rhode Island,Black or African American,At least ten AP courses,pct_students_school_offers,2024,0.63
Rhode Island,Black or African American,At least ten AP courses,pct_students_school_offers,2023,0.47
Rhode Island,Black or African American,At least ten AP courses,pct_students_school_offers,2022,0.47
Rhode Island,Black or African American,At least ten AP courses,pct_students_school_offers,2021,0.39
Rhode Island,Black or African American,At least ten AP courses,pct_students_school_offers,2020,0.43
Rhode Island,Black or African American,At least ten AP courses,pct_students_school_offers,2019,0.47
Rhode Island,Black or African American,At least one AP STEM course,pct_students_school_offers,2024,0.84
Rhode Island,Black or African American,At least one AP STEM course,pct_students_school_offers,2023,0.92
Rhode Island,Black or African American,At least one AP STEM course,pct_students_school_offers,2022,0.97
Rhode Island,Black or African American,At least one AP STEM course,pct_students_school_offers,2021,0.91
Rhode Island,Black or African American,At least one AP STEM course,pct_students_school_offers,2020,0.91
Rhode Island,Black or African American,At least one AP STEM course,pct_students_school_offers,2019,0.91
Rhode Island,Native American or Alaska Native,At least five AP courses,pct_students_school_offers,2024,0.93
Rhode Island,Native American or Alaska Native,At least five AP courses,pct_students_school_offers,2023,0.97
Rhode Island,Native American or Alaska Native,At least five AP courses,pct_students_school_offers,2022,0.92
Rhode Island,Native American or Alaska Native,At least five AP courses,pct_students_school_offers,2021,0.92
Rhode Island,Native American or Alaska Native,At least five AP courses,pct_students_school_offers,2020,0.88
Rhode Island,Native American or Alaska Native,At least five AP courses,pct_students_school_offers,2019,0.89
Rhode Island,Native American or Alaska Native,At least ten AP courses,pct_students_school_offers,2024,0.67
Rhode Island,Native American or Alaska Native,At least ten AP courses,pct_students_school_offers,2023,0.56
Rhode Island,Native American or Alaska Native,At least ten AP courses,pct_students_school_offers,2022,0.55
Rhode Island,Native American or Alaska Native,At least ten AP courses,pct_students_school_offers,2021,0.71
Rhode Island,Native American or Alaska Native,At least ten AP courses,pct_students_school_offers,2020,0.66
Rhode Island,Native American or Alaska Native,At least ten AP courses,pct_students_school_offers,2019,0.69
Rhode Island,Native American or Alaska Native,At least one AP STEM course,pct_students_school_offers,2024,0.93
Rhode Island,Native American or Alaska Native,At least one AP STEM course,pct_students_school_offers,2023,0.97
Rhode Island,Native American or Alaska Native,At least one AP STEM course,pct_students_school_offers,2022,0.97
Rhode Island,Native American or Alaska Native,At least one AP STEM course,pct_students_school_offers,2021,0.92
Rhode Island,Native American or Alaska Native,At least one AP STEM course,pct_students_school_offers,2020,0.92
Rhode Island,Native American or Alaska Native,At least one AP STEM course,pct_students_school_offers,2019,0.92
Rhode Island,Native Hawaiian or other Pacific Islander,At least five AP courses,pct_students_school_offers,2024,0.87
Rhode Island,Native Hawaiian or other Pacific Islander,At least five AP courses,pct_students_school_offers,2023,0.93
Rhode Island,Native Hawaiian or other Pacific Islander,At least five AP courses,pct_students_school_offers,2022,0.9
Rhode Island,Native Hawaiian or other Pacific Islander,At least five AP courses,pct_students_school_offers,2021,0.9
Rhode Island,Native Hawaiian or other Pacific Islander,At least five AP courses,pct_students_school_offers,2020,0.9
Rhode Island,Native Hawaiian or other Pacific Islander,At least five AP courses,pct_students_school_offers,2019,0.9
Rhode Island,Native Hawaiian or other Pacific Islander,At least ten AP courses,pct_students_school_offers,2024,0.69
Rhode Island,Native Hawaiian or other Pacific Islander,At least ten AP courses,pct_students_school_offers,2023,0.66
Rhode Island,Native Hawaiian or other Pacific Islander,At least ten AP courses,pct_students_school_offers,2022,0.64
Rhode Island,Native Hawaiian or other Pacific Islander,At least ten AP courses,pct_students_school_offers,2021,0.56
Rhode Island,Native Hawaiian or other Pacific Islander,At least ten AP courses,pct_students_school_offers,2020,0.56
Rhode Island,Native Hawaiian or other Pacific Islander,At least ten AP courses,pct_students_school_offers,2019,0.59
Rhode Island,Native Hawaiian or other Pacific Islander,At least one AP STEM course,pct_students_school_offers,2024,0.87
Rhode Island,Native Hawaiian or other Pacific Islander,At least one AP STEM course,pct_students_school_offers,2023,0.93
Rhode Island,Native Hawaiian or other Pacific Islander,At least one AP STEM course,pct_students_school_offers,2022,0.98
Rhode Island,Native Hawaiian or other Pacific Islander,At least one AP STEM course,pct_students_school_offers,2021,0.97
Rhode Island,Native Hawaiian or other Pacific Islander,At least one AP STEM course,pct_students_school_offers,2020,0.9
Rhode Island,Native Hawaiian or other Pacific Islander,At least one AP STEM course,pct_students_school_offers,2019,0.9
Rhode Island,Two or More Races,At least five AP courses,pct_students_school_offers,2024,0.93
Rhode Island,Two or More Races,At least five AP courses,pct_students_school_offers,2023,0.97
Rhode Island,Two or More Races,At least five AP courses,pct_students_school_offers,2022,0.92
Rhode Island,Two or More Races,At least five AP courses,pct_students_school_offers,2021,0.92
Rhode Island,Two or More Races,At least five AP courses,pct_students_school_offers,2020,0.9
Rhode Island,Two or More Races,At least five AP courses,pct_students_school_offers,2019,0.92
Rhode Island,Two or More Races,At least ten AP courses,pct_students_school_offers,2024,0.82
Rhode Island,Two or More Races,At least ten AP courses,pct_students_school_offers,2023,0.76
Rhode Island,Two or More Races,At least ten AP courses,pct_students_school_offers,2022,0.75
Rhode Island,Two or More Races,At least ten AP courses,pct_students_school_offers,2021,0.67
Rhode Island,Two or More Races,At least ten AP courses,pct_students_school_offers,2020,0.7
Rhode Island,Two or More Races,At least ten AP courses,pct_students_school_offers,2019,0.73
Rhode Island,Two or More Races,At least one AP STEM course,pct_students_school_offers,2024,0.95
Rhode Island,Two or More Races,At least one AP STEM course,pct_students_school_offers,2023,0.97
Rhode Island,Two or More Races,At least one AP STEM course,pct_students_school_offers,2022,0.96
Rhode Island,Two or More Races,At least one AP STEM course,pct_students_school_offers,2021,0.94
Rhode Island,Two or More Races,At least one AP STEM course,pct_students_school_offers,2020,0.93
Rhode Island,Two or More Races,At least one AP STEM course,pct_students_school_offers,2019,0.93
South Carolina,All,At least five AP courses,Number of public high schools that offer,2024,132
South Carolina,All,At least five AP courses,Number of public high schools that offer,2023,121
South Carolina,All,At least five AP courses,Number of public high schools that offer,2022,124
South Carolina,All,At least five AP courses,Number of public high schools that offer,2021,125
South Carolina,All,At least five AP courses,Number of public high schools that offer,2020,123
South Carolina,All,At least five AP courses,Number of public high schools that offer,2019,121
South Carolina,All,At least ten AP courses,Number of public high schools that offer,2024,93
South Carolina,All,At least ten AP courses,Number of public high schools that offer,2023,88
South Carolina,All,At least ten AP courses,Number of public high schools that offer,2022,87
South Carolina,All,At least ten AP courses,Number of public high schools that offer,2021,92
South Carolina,All,At least ten AP courses,Number of public high schools that offer,2020,84
South Carolina,All,At least ten AP courses,Number of public high schools that offer,2019,91
South Carolina,All,At least one AP STEM course,Number of public high schools that offer,2024,156
South Carolina,All,At least one AP STEM course,Number of public high schools that offer,2023,151
South Carolina,All,At least one AP STEM course,Number of public high schools that offer,2022,146
South Carolina,All,At least one AP STEM course,Number of public high schools that offer,2021,155
South Carolina,All,At least one AP STEM course,Number of public high schools that offer,2020,155
South Carolina,All,At least one AP STEM course,Number of public high schools that offer,2019,145
South Carolina,All,At least five AP courses,Percentage of public high schools that offers,2024,0.55
South Carolina,All,At least five AP courses,Percentage of public high schools that offers,2023,0.56
South Carolina,All,At least five AP courses,Percentage of public high schools that offers,2022,0.58
South Carolina,All,At least five AP courses,Percentage of public high schools that offers,2021,0.58
South Carolina,All,At least five AP courses,Percentage of public high schools that offers,2020,0.6
South Carolina,All,At least five AP courses,Percentage of public high schools that offers,2019,0.59
South Carolina,All,At least ten AP courses,Percentage of public high schools that offers,2024,0.39
South Carolina,All,At least ten AP courses,Percentage of public high schools that offers,2023,0.41
South Carolina,All,At least ten AP courses,Percentage of public high schools that offers,2022,0.4
South Carolina,All,At least ten AP courses,Percentage of public high schools that offers,2021,0.43
South Carolina,All,At least ten AP courses,Percentage of public high schools that offers,2020,0.41
South Carolina,All,At least ten AP courses,Percentage of public high schools that offers,2019,0.44
South Carolina,All,At least one AP STEM course,Percentage of public high schools that offers,2024,0.65
South Carolina,All,At least one AP STEM course,Percentage of public high schools that offers,2023,0.7
South Carolina,All,At least one AP STEM course,Percentage of public high schools that offers,2022,0.68
South Carolina,All,At least one AP STEM course,Percentage of public high schools that offers,2021,0.72
South Carolina,All,At least one AP STEM course,Percentage of public high schools that offers,2020,0.76
South Carolina,All,At least one AP STEM course,Percentage of public high schools that offers,2019,0.71
South Carolina,All,At least five AP courses,Percentage of public high school students whose school offers,2024,0.78
South Carolina,All,At least five AP courses,Percentage of public high school students whose school offers,2023,0.79
South Carolina,All,At least five AP courses,Percentage of public high school students whose school offers,2022,0.81
South Carolina,All,At least five AP courses,Percentage of public high school students whose school offers,2021,0.8
South Carolina,All,At least five AP courses,Percentage of public high school students whose school offers,2020,0.8
South Carolina,All,At least five AP courses,Percentage of public high school students whose school offers,2019,0.78
South Carolina,All,At least ten AP courses,Percentage of public high school students whose school offers,2024,0.64
South Carolina,All,At least ten AP courses,Percentage of public high school students whose school offers,2023,0.65
South Carolina,All,At least ten AP courses,Percentage of public high school students whose school offers,2022,0.64
South Carolina,All,At least ten AP courses,Percentage of public high school students whose school offers,2021,0.66
South Carolina,All,At least ten AP courses,Percentage of public high school students whose school offers,2020,0.62
South Carolina,All,At least ten AP courses,Percentage of public high school students whose school offers,2019,0.66
South Carolina,All,At least one AP STEM course,Percentage of public high school students whose school offers,2024,0.85
South Carolina,All,At least one AP STEM course,Percentage of public high school students whose school offers,2023,0.87
South Carolina,All,At least one AP STEM course,Percentage of public high school students whose school offers,2022,0.85
South Carolina,All,At least one AP STEM course,Percentage of public high school students whose school offers,2021,0.86
South Carolina,All,At least one AP STEM course,Percentage of public high school students whose school offers,2020,0.88
South Carolina,All,At least one AP STEM course,Percentage of public high school students whose school offers,2019,0.85
South Carolina,Asian,At least five AP courses,pct_students_school_offers,2024,0.93
South Carolina,Asian,At least five AP courses,pct_students_school_offers,2023,0.91
South Carolina,Asian,At least five AP courses,pct_students_school_offers,2022,0.94
South Carolina,Asian,At least five AP courses,pct_students_school_offers,2021,0.92
South Carolina,Asian,At least five AP courses,pct_students_school_offers,2020,0.95
South Carolina,Asian,At least five AP courses,pct_students_school_offers,2019,0.94
South Carolina,Asian,At least ten AP courses,pct_students_school_offers,2024,0.83
South Carolina,Asian,At least ten AP courses,pct_students_school_offers,2023,0.84
South Carolina,Asian,At least ten AP courses,pct_students_school_offers,2022,0.82
South Carolina,Asian,At least ten AP courses,pct_students_school_offers,2021,0.83
South Carolina,Asian,At least ten AP courses,pct_students_school_offers,2020,0.83
South Carolina,Asian,At least ten AP courses,pct_students_school_offers,2019,0.85
South Carolina,Asian,At least one AP STEM course,pct_students_school_offers,2024,0.95
South Carolina,Asian,At least one AP STEM course,pct_students_school_offers,2023,0.95
South Carolina,Asian,At least one AP STEM course,pct_students_school_offers,2022,0.95
South Carolina,Asian,At least one AP STEM course,pct_students_school_offers,2021,0.94
South Carolina,Asian,At least one AP STEM course,pct_students_school_offers,2020,0.97
South Carolina,Asian,At least one AP STEM course,pct_students_school_offers,2019,0.96
South Carolina,Hispanic/Latino,At least five AP courses,pct_students_school_offers,2024,0.83
South Carolina,Hispanic/Latino,At least five AP courses,pct_students_school_offers,2023,0.82
South Carolina,Hispanic/Latino,At least five AP courses,pct_students_school_offers,2022,0.85
South Carolina,Hispanic/Latino,At least five AP courses,pct_students_school_offers,2021,0.85
South Carolina,Hispanic/Latino,At least five AP courses,pct_students_school_offers,2020,0.86
South Carolina,Hispanic/Latino,At least five AP courses,pct_students_school_offers,2019,0.85
South Carolina,Hispanic/Latino,At least ten AP courses,pct_students_school_offers,2024,0.67
South Carolina,Hispanic/Latino,At least ten AP courses,pct_students_school_offers,2023,0.68
South Carolina,Hispanic/Latino,At least ten AP courses,pct_students_school_offers,2022,0.66
South Carolina,Hispanic/Latino,At least ten AP courses,pct_students_school_offers,2021,0.68
South Carolina,Hispanic/Latino,At least ten AP courses,pct_students_school_offers,2020,0.68
South Carolina,Hispanic/Latino,At least ten AP courses,pct_students_school_offers,2019,0.72
South Carolina,Hispanic/Latino,At least one AP STEM course,pct_students_school_offers,2024,0.88
South Carolina,Hispanic/Latino,At least one AP STEM course,pct_students_school_offers,2023,0.88
South Carolina,Hispanic/Latino,At least one AP STEM course,pct_students_school_offers,2022,0.86
South Carolina,Hispanic/Latino,At least one AP STEM course,pct_students_school_offers,2021,0.9
South Carolina,Hispanic/Latino,At least one AP STEM course,pct_students_school_offers,2020,0.92
South Carolina,Hispanic/Latino,At least one AP STEM course,pct_students_school_offers,2019,0.9
South Carolina,White,At least five AP courses,pct_students_school_offers,2024,0.83
South Carolina,White,At least five AP courses,pct_students_school_offers,2023,0.86
South Carolina,White,At least five AP courses,pct_students_school_offers,2022,0.86
South Carolina,White,At least five AP courses,pct_students_school_offers,2021,0.84
South Carolina,White,At least five AP courses,pct_students_school_offers,2020,0.87
South Carolina,White,At least five AP courses,pct_students_school_offers,2019,0.85
South Carolina,White,At least ten AP courses,pct_students_school_offers,2024,0.69
South Carolina,White,At least ten AP courses,pct_students_school_offers,2023,0.72
South Carolina,White,At least ten AP courses,pct_students_school_offers,2022,0.71
South Carolina,White,At least ten AP courses,pct_students_school_offers,2021,0.72
South Carolina,White,At least ten AP courses,pct_students_school_offers,2020,0.69
South Carolina,White,At least ten AP courses,pct_students_school_offers,2019,0.74
South Carolina,White,At least one AP STEM course,pct_students_school_offers,2024,0.88
South Carolina,White,At least one AP STEM course,pct_students_school_offers,2023,0.92
South Carolina,White,At least one AP STEM course,pct_students_school_offers,2022,0.9
South Carolina,White,At least one AP STEM course,pct_students_school_offers,2021,0.9
South Carolina,White,At least one AP STEM course,pct_students_school_offers,2020,0.93
South Carolina,White,At least one AP STEM course,pct_students_school_offers,2019,0.91
South Carolina,Black or African American,At least five AP courses,pct_students_school_offers,2024,0.68
South Carolina,Black or African American,At least five AP courses,pct_students_school_offers,2023,0.67
South Carolina,Black or African American,At least five AP courses,pct_students_school_offers,2022,0.7
South Carolina,Black or African American,At least five AP courses,pct_students_school_offers,2021,0.7
South Carolina,Black or African American,At least five AP courses,pct_students_school_offers,2020,0.67
South Carolina,Black or African American,At least five AP courses,pct_students_school_offers,2019,0.66
South Carolina,Black or African American,At least ten AP courses,pct_students_school_offers,2024,0.53
South Carolina,Black or African American,At least ten AP courses,pct_students_school_offers,2023,0.53
South Carolina,Black or African American,At least ten AP courses,pct_students_school_offers,2022,0.51
South Carolina,Black or African American,At least ten AP courses,pct_students_school_offers,2021,0.52
South Carolina,Black or African American,At least ten AP courses,pct_students_school_offers,2020,0.49
South Carolina,Black or African American,At least ten AP courses,pct_students_school_offers,2019,0.52
South Carolina,Black or African American,At least one AP STEM course,pct_students_school_offers,2024,0.78
South Carolina,Black or African American,At least one AP STEM course,pct_students_school_offers,2023,0.78
South Carolina,Black or African American,At least one AP STEM course,pct_students_school_offers,2022,0.76
South Carolina,Black or African American,At least one AP STEM course,pct_students_school_offers,2021,0.78
South Carolina,Black or African American,At least one AP STEM course,pct_students_school_offers,2020,0.8
South Carolina,Black or African American,At least one AP STEM course,pct_students_school_offers,2019,0.73
South Carolina,Native American or Alaska Native,At least five AP courses,pct_students_school_offers,2024,0.69
South Carolina,Native American or Alaska Native,At least five AP courses,pct_students_school_offers,2023,0.7
South Carolina,Native American or Alaska Native,At least five AP courses,pct_students_school_offers,2022,0.71
South Carolina,Native American or Alaska Native,At least five AP courses,pct_students_school_offers,2021,0.71
South Carolina,Native American or Alaska Native,At least five AP courses,pct_students_school_offers,2020,0.72
South Carolina,Native American or Alaska Native,At least five AP courses,pct_students_school_offers,2019,0.7
South Carolina,Native American or Alaska Native,At least ten AP courses,pct_students_school_offers,2024,0.59
South Carolina,Native American or Alaska Native,At least ten AP courses,pct_students_school_offers,2023,0.6
South Carolina,Native American or Alaska Native,At least ten AP courses,pct_students_school_offers,2022,0.59
South Carolina,Native American or Alaska Native,At least ten AP courses,pct_students_school_offers,2021,0.62
South Carolina,Native American or Alaska Native,At least ten AP courses,pct_students_school_offers,2020,0.55
South Carolina,Native American or Alaska Native,At least ten AP courses,pct_students_school_offers,2019,0.58
South Carolina,Native American or Alaska Native,At least one AP STEM course,pct_students_school_offers,2024,0.73
South Carolina,Native American or Alaska Native,At least one AP STEM course,pct_students_school_offers,2023,0.77
South Carolina,Native American or Alaska Native,At least one AP STEM course,pct_students_school_offers,2022,0.73
South Carolina,Native American or Alaska Native,At least one AP STEM course,pct_students_school_offers,2021,0.76
South Carolina,Native American or Alaska Native,At least one AP STEM course,pct_students_school_offers,2020,0.83
South Carolina,Native American or Alaska Native,At least one AP STEM course,pct_students_school_offers,2019,0.81
South Carolina,Native Hawaiian or other Pacific Islander,At least five AP courses,pct_students_school_offers,2024,0.87
South Carolina,Native Hawaiian or other Pacific Islander,At least five AP courses,pct_students_school_offers,2023,0.85
South Carolina,Native Hawaiian or other Pacific Islander,At least five AP courses,pct_students_school_offers,2022,0.87
South Carolina,Native Hawaiian or other Pacific Islander,At least five AP courses,pct_students_school_offers,2021,0.86
South Carolina,Native Hawaiian or other Pacific Islander,At least five AP courses,pct_students_school_offers,2020,0.9
South Carolina,Native Hawaiian or other Pacific Islander,At least five AP courses,pct_students_school_offers,2019,0.86
South Carolina,Native Hawaiian or other Pacific Islander,At least ten AP courses,pct_students_school_offers,2024,0.73
South Carolina,Native Hawaiian or other Pacific Islander,At least ten AP courses,pct_students_school_offers,2023,0.75
South Carolina,Native Hawaiian or other Pacific Islander,At least ten AP courses,pct_students_school_offers,2022,0.74
South Carolina,Native Hawaiian or other Pacific Islander,At least ten AP courses,pct_students_school_offers,2021,0.74
South Carolina,Native Hawaiian or other Pacific Islander,At least ten AP courses,pct_students_school_offers,2020,0.78
South Carolina,Native Hawaiian or other Pacific Islander,At least ten AP courses,pct_students_school_offers,2019,0.8
South Carolina,Native Hawaiian or other Pacific Islander,At least one AP STEM course,pct_students_school_offers,2024,0.91
South Carolina,Native Hawaiian or other Pacific Islander,At least one AP STEM course,pct_students_school_offers,2023,0.89
South Carolina,Native Hawaiian or other Pacific Islander,At least one AP STEM course,pct_students_school_offers,2022,0.86
South Carolina,Native Hawaiian or other Pacific Islander,At least one AP STEM course,pct_students_school_offers,2021,0.87
South Carolina,Native Hawaiian or other Pacific Islander,At least one AP STEM course,pct_students_school_offers,2020,0.93
South Carolina,Native Hawaiian or other Pacific Islander,At least one AP STEM course,pct_students_school_offers,2019,0.89
South Carolina,Two or More Races,At least five AP courses,pct_students_school_offers,2024,0.82
South Carolina,Two or More Races,At least five AP courses,pct_students_school_offers,2023,0.83
South Carolina,Two or More Races,At least five AP courses,pct_students_school_offers,2022,0.85
South Carolina,Two or More Races,At least five AP courses,pct_students_school_offers,2021,0.83
South Carolina,Two or More Races,At least five AP courses,pct_students_school_offers,2020,0.87
South Carolina,Two or More Races,At least five AP courses,pct_students_school_offers,2019,0.86
South Carolina,Two or More Races,At least ten AP courses,pct_students_school_offers,2024,0.69
South Carolina,Two or More Races,At least ten AP courses,pct_students_school_offers,2023,0.72
South Carolina,Two or More Races,At least ten AP courses,pct_students_school_offers,2022,0.69
South Carolina,Two or More Races,At least ten AP courses,pct_students_school_offers,2021,0.71
South Carolina,Two or More Races,At least ten AP courses,pct_students_school_offers,2020,0.72
South Carolina,Two or More Races,At least ten AP courses,pct_students_school_offers,2019,0.76
South Carolina,Two or More Races,At least one AP STEM course,pct_students_school_offers,2024,0.87
South Carolina,Two or More Races,At least one AP STEM course,pct_students_school_offers,2023,0.92
South Carolina,Two or More Races,At least one AP STEM course,pct_students_school_offers,2022,0.89
South Carolina,Two or More Races,At least one AP STEM course,pct_students_school_offers,2021,0.9
South Carolina,Two or More Races,At least one AP STEM course,pct_students_school_offers,2020,0.93
South Carolina,Two or More Races,At least one AP STEM course,pct_students_school_offers,2019,0.9
South Dakota,All,At least five AP courses,Number of public high schools that offer,2024,15
South Dakota,All,At least five AP courses,Number of public high schools that offer,2023,12
South Dakota,All,At least five AP courses,Number of public high schools that offer,2022,10
South Dakota,All,At least five AP courses,Number of public high schools that offer,2021,15
South Dakota,All,At least five AP courses,Number of public high schools that offer,2020,15
South Dakota,All,At least five AP courses,Number of public high schools that offer,2019,13
South Dakota,All,At least ten AP courses,Number of public high schools that offer,2024,8
South Dakota,All,At least ten AP courses,Number of public high schools that offer,2023,7
South Dakota,All,At least ten AP courses,Number of public high schools that offer,2022,5
South Dakota,All,At least ten AP courses,Number of public high schools that offer,2021,6
South Dakota,All,At least ten AP courses,Number of public high schools that offer,2020,7
South Dakota,All,At least ten AP courses,Number of public high schools that offer,2019,5
South Dakota,All,At least one AP STEM course,Number of public high schools that offer,2024,34
South Dakota,All,At least one AP STEM course,Number of public high schools that offer,2023,36
South Dakota,All,At least one AP STEM course,Number of public high schools that offer,2022,33
South Dakota,All,At least one AP STEM course,Number of public high schools that offer,2021,45
South Dakota,All,At least one AP STEM course,Number of public high schools that offer,2020,35
South Dakota,All,At least one AP STEM course,Number of public high schools that offer,2019,30
South Dakota,All,At least five AP courses,Percentage of public high schools that offers,2024,0.11
South Dakota,All,At least five AP courses,Percentage of public high schools that offers,2023,0.09
South Dakota,All,At least five AP courses,Percentage of public high schools that offers,2022,0.08
South Dakota,All,At least five AP courses,Percentage of public high schools that offers,2021,0.12
South Dakota,All,At least five AP courses,Percentage of public high schools that offers,2020,0.1
South Dakota,All,At least five AP courses,Percentage of public high schools that offers,2019,0.09
South Dakota,All,At least ten AP courses,Percentage of public high schools that offers,2024,0.06
South Dakota,All,At least ten AP courses,Percentage of public high schools that offers,2023,0.05
South Dakota,All,At least ten AP courses,Percentage of public high schools that offers,2022,0.04
South Dakota,All,At least ten AP courses,Percentage of public high schools that offers,2021,0.05
South Dakota,All,At least ten AP courses,Percentage of public high schools that offers,2020,0.05
South Dakota,All,At least ten AP courses,Percentage of public high schools that offers,2019,0.03
South Dakota,All,At least one AP STEM course,Percentage of public high schools that offers,2024,0.24
South Dakota,All,At least one AP STEM course,Percentage of public high schools that offers,2023,0.27
South Dakota,All,At least one AP STEM course,Percentage of public high schools that offers,2022,0.25
South Dakota,All,At least one AP STEM course,Percentage of public high schools that offers,2021,0.35
South Dakota,All,At least one AP STEM course,Percentage of public high schools that offers,2020,0.24
South Dakota,All,At least one AP STEM course,Percentage of public high schools that offers,2019,0.2
South Dakota,All,At least five AP courses,Percentage of public high school students whose school offers,2024,0.42
South Dakota,All,At least five AP courses,Percentage of public high school students whose school offers,2023,0.4
South Dakota,All,At least five AP courses,Percentage of public high school students whose school offers,2022,0.41
South Dakota,All,At least five AP courses,Percentage of public high school students whose school offers,2021,0.48
South Dakota,All,At least five AP courses,Percentage of public high school students whose school offers,2020,0.47
South Dakota,All,At least five AP courses,Percentage of public high school students whose school offers,2019,0.45
South Dakota,All,At least ten AP courses,Percentage of public high school students whose school offers,2024,0.3
South Dakota,All,At least ten AP courses,Percentage of public high school students whose school offers,2023,0.31
South Dakota,All,At least ten AP courses,Percentage of public high school students whose school offers,2022,0.26
South Dakota,All,At least ten AP courses,Percentage of public high school students whose school offers,2021,0.26
South Dakota,All,At least ten AP courses,Percentage of public high school students whose school offers,2020,0.31
South Dakota,All,At least ten AP courses,Percentage of public high school students whose school offers,2019,0.24
South Dakota,All,At least one AP STEM course,Percentage of public high school students whose school offers,2024,0.6
South Dakota,All,At least one AP STEM course,Percentage of public high school students whose school offers,2023,0.62
South Dakota,All,At least one AP STEM course,Percentage of public high school students whose school offers,2022,0.6
South Dakota,All,At least one AP STEM course,Percentage of public high school students whose school offers,2021,0.66
South Dakota,All,At least one AP STEM course,Percentage of public high school students whose school offers,2020,0.59
South Dakota,All,At least one AP STEM course,Percentage of public high school students whose school offers,2019,0.54
South Dakota,Asian,At least five AP courses,pct_students_school_offers,2024,0.56
South Dakota,Asian,At least five AP courses,pct_students_school_offers,2023,0.56
South Dakota,Asian,At least five AP courses,pct_students_school_offers,2022,0.57
South Dakota,Asian,At least five AP courses,pct_students_school_offers,2021,0.62
South Dakota,Asian,At least five AP courses,pct_students_school_offers,2020,0.58
South Dakota,Asian,At least five AP courses,pct_students_school_offers,2019,0.58
South Dakota,Asian,At least ten AP courses,pct_students_school_offers,2024,0.43
South Dakota,Asian,At least ten AP courses,pct_students_school_offers,2023,0.47
South Dakota,Asian,At least ten AP courses,pct_students_school_offers,2022,0.41
South Dakota,Asian,At least ten AP courses,pct_students_school_offers,2021,0.41
South Dakota,Asian,At least ten AP courses,pct_students_school_offers,2020,0.48
South Dakota,Asian,At least ten AP courses,pct_students_school_offers,2019,0.41
South Dakota,Asian,At least one AP STEM course,pct_students_school_offers,2024,0.65
South Dakota,Asian,At least one AP STEM course,pct_students_school_offers,2023,0.68
South Dakota,Asian,At least one AP STEM course,pct_students_school_offers,2022,0.64
South Dakota,Asian,At least one AP STEM course,pct_students_school_offers,2021,0.69
South Dakota,Asian,At least one AP STEM course,pct_students_school_offers,2020,0.64
South Dakota,Asian,At least one AP STEM course,pct_students_school_offers,2019,0.61
South Dakota,Hispanic/Latino,At least five AP courses,pct_students_school_offers,2024,0.58
South Dakota,Hispanic/Latino,At least five AP courses,pct_students_school_offers,2023,0.52
South Dakota,Hispanic/Latino,At least five AP courses,pct_students_school_offers,2022,0.53
South Dakota,Hispanic/Latino,At least five AP courses,pct_students_school_offers,2021,0.61
South Dakota,Hispanic/Latino,At least five AP courses,pct_students_school_offers,2020,0.59
South Dakota,Hispanic/Latino,At least five AP courses,pct_students_school_offers,2019,0.58
South Dakota,Hispanic/Latino,At least ten AP courses,pct_students_school_offers,2024,0.44
South Dakota,Hispanic/Latino,At least ten AP courses,pct_students_school_offers,2023,0.44
South Dakota,Hispanic/Latino,At least ten AP courses,pct_students_school_offers,2022,0.4
South Dakota,Hispanic/Latino,At least ten AP courses,pct_students_school_offers,2021,0.4
South Dakota,Hispanic/Latino,At least ten AP courses,pct_students_school_offers,2020,0.45
South Dakota,Hispanic/Latino,At least ten AP courses,pct_students_school_offers,2019,0.37
South Dakota,Hispanic/Latino,At least one AP STEM course,pct_students_school_offers,2024,0.7
South Dakota,Hispanic/Latino,At least one AP STEM course,pct_students_school_offers,2023,0.67
South Dakota,Hispanic/Latino,At least one AP STEM course,pct_students_school_offers,2022,0.69
South Dakota,Hispanic/Latino,At least one AP STEM course,pct_students_school_offers,2021,0.71
South Dakota,Hispanic/Latino,At least one AP STEM course,pct_students_school_offers,2020,0.67
South Dakota,Hispanic/Latino,At least one AP STEM course,pct_students_school_offers,2019,0.62
South Dakota,White,At least five AP courses,pct_students_school_offers,2024,0.41
South Dakota,White,At least five AP courses,pct_students_school_offers,2023,0.38
South Dakota,White,At least five AP courses,pct_students_school_offers,2022,0.39
South Dakota,White,At least five AP courses,pct_students_school_offers,2021,0.46
South Dakota,White,At least five AP courses,pct_students_school_offers,2020,0.46
South Dakota,White,At least five AP courses,pct_students_school_offers,2019,0.44
South Dakota,White,At least ten AP courses,pct_students_school_offers,2024,0.29
South Dakota,White,At least ten AP courses,pct_students_school_offers,2023,0.29
South Dakota,White,At least ten AP courses,pct_students_school_offers,2022,0.24
South Dakota,White,At least ten AP courses,pct_students_school_offers,2021,0.24
South Dakota,White,At least ten AP courses,pct_students_school_offers,2020,0.29
South Dakota,White,At least ten AP courses,pct_students_school_offers,2019,0.22
South Dakota,White,At least one AP STEM course,pct_students_school_offers,2024,0.63
South Dakota,White,At least one AP STEM course,pct_students_school_offers,2023,0.63
South Dakota,White,At least one AP STEM course,pct_students_school_offers,2022,0.61
South Dakota,White,At least one AP STEM course,pct_students_school_offers,2021,0.66
South Dakota,White,At least one AP STEM course,pct_students_school_offers,2020,0.59
South Dakota,White,At least one AP STEM course,pct_students_school_offers,2019,0.53
South Dakota,Black or African American,At least five AP courses,pct_students_school_offers,2024,0.83
South Dakota,Black or African American,At least five AP courses,pct_students_school_offers,2023,0.81
South Dakota,Black or African American,At least five AP courses,pct_students_school_offers,2022,0.79
South Dakota,Black or African American,At least five AP courses,pct_students_school_offers,2021,0.82
South Dakota,Black or African American,At least five AP courses,pct_students_school_offers,2020,0.8
South Dakota,Black or African American,At least five AP courses,pct_students_school_offers,2019,0.79
South Dakota,Black or African American,At least ten AP courses,pct_students_school_offers,2024,0.78
South Dakota,Black or African American,At least ten AP courses,pct_students_school_offers,2023,0.76
South Dakota,Black or African American,At least ten AP courses,pct_students_school_offers,2022,0.72
South Dakota,Black or African American,At least ten AP courses,pct_students_school_offers,2021,0.73
South Dakota,Black or African American,At least ten AP courses,pct_students_school_offers,2020,0.73
South Dakota,Black or African American,At least ten AP courses,pct_students_school_offers,2019,0.68
South Dakota,Black or African American,At least one AP STEM course,pct_students_school_offers,2024,0.91
South Dakota,Black or African American,At least one AP STEM course,pct_students_school_offers,2023,0.9
South Dakota,Black or African American,At least one AP STEM course,pct_students_school_offers,2022,0.85
South Dakota,Black or African American,At least one AP STEM course,pct_students_school_offers,2021,0.91
South Dakota,Black or African American,At least one AP STEM course,pct_students_school_offers,2020,0.87
South Dakota,Black or African American,At least one AP STEM course,pct_students_school_offers,2019,0.83
South Dakota,Native American or Alaska Native,At least five AP courses,pct_students_school_offers,2024,0.18
South Dakota,Native American or Alaska Native,At least five AP courses,pct_students_school_offers,2023,0.25
South Dakota,Native American or Alaska Native,At least five AP courses,pct_students_school_offers,2022,0.29
South Dakota,Native American or Alaska Native,At least five AP courses,pct_students_school_offers,2021,0.35
South Dakota,Native American or Alaska Native,At least five AP courses,pct_students_school_offers,2020,0.31
South Dakota,Native American or Alaska Native,At least five AP courses,pct_students_school_offers,2019,0.31
South Dakota,Native American or Alaska Native,At least ten AP courses,pct_students_school_offers,2024,0.08
South Dakota,Native American or Alaska Native,At least ten AP courses,pct_students_school_offers,2023,0.2
South Dakota,Native American or Alaska Native,At least ten AP courses,pct_students_school_offers,2022,0.11
South Dakota,Native American or Alaska Native,At least ten AP courses,pct_students_school_offers,2021,0.11
South Dakota,Native American or Alaska Native,At least ten AP courses,pct_students_school_offers,2020,0.23
South Dakota,Native American or Alaska Native,At least ten AP courses,pct_students_school_offers,2019,0.12
South Dakota,Native American or Alaska Native,At least one AP STEM course,pct_students_school_offers,2024,0.22
South Dakota,Native American or Alaska Native,At least one AP STEM course,pct_students_school_offers,2023,0.36
South Dakota,Native American or Alaska Native,At least one AP STEM course,pct_students_school_offers,2022,0.37
South Dakota,Native American or Alaska Native,At least one AP STEM course,pct_students_school_offers,2021,0.41
South Dakota,Native American or Alaska Native,At least one AP STEM course,pct_students_school_offers,2020,0.41
South Dakota,Native American or Alaska Native,At least one AP STEM course,pct_students_school_offers,2019,0.47
South Dakota,Native Hawaiian or other Pacific Islander,At least five AP courses,pct_students_school_offers,2024,0.43
South Dakota,Native Hawaiian or other Pacific Islander,At least five AP courses,pct_students_school_offers,2023,0.45
South Dakota,Native Hawaiian or other Pacific Islander,At least five AP courses,pct_students_school_offers,2022,0.28
South Dakota,Native Hawaiian or other Pacific Islander,At least five AP courses,pct_students_school_offers,2021,0.53
South Dakota,Native Hawaiian or other Pacific Islander,At least five AP courses,pct_students_school_offers,2020,0.36
South Dakota,Native Hawaiian or other Pacific Islander,At least five AP courses,pct_students_school_offers,2019,0.36
South Dakota,Native Hawaiian or other Pacific Islander,At least ten AP courses,pct_students_school_offers,2024,0.24
South Dakota,Native Hawaiian or other Pacific Islander,At least ten AP courses,pct_students_school_offers,2023,0.31
South Dakota,Native Hawaiian or other Pacific Islander,At least ten AP courses,pct_students_school_offers,2022,0.2
South Dakota,Native Hawaiian or other Pacific Islander,At least ten AP courses,pct_students_school_offers,2021,0.2
South Dakota,Native Hawaiian or other Pacific Islander,At least ten AP courses,pct_students_school_offers,2020,0.15
South Dakota,Native Hawaiian or other Pacific Islander,At least ten AP courses,pct_students_school_offers,2019,0.06
South Dakota,Native Hawaiian or other Pacific Islander,At least one AP STEM course,pct_students_school_offers,2024,0.5
South Dakota,Native Hawaiian or other Pacific Islander,At least one AP STEM course,pct_students_school_offers,2023,0.65
South Dakota,Native Hawaiian or other Pacific Islander,At least one AP STEM course,pct_students_school_offers,2022,0.53
South Dakota,Native Hawaiian or other Pacific Islander,At least one AP STEM course,pct_students_school_offers,2021,0.65
South Dakota,Native Hawaiian or other Pacific Islander,At least one AP STEM course,pct_students_school_offers,2020,0.64
South Dakota,Native Hawaiian or other Pacific Islander,At least one AP STEM course,pct_students_school_offers,2019,0.61
South Dakota,Two or More Races,At least five AP courses,pct_students_school_offers,2024,0.59
South Dakota,Two or More Races,At least five AP courses,pct_students_school_offers,2023,0.56
South Dakota,Two or More Races,At least five AP courses,pct_students_school_offers,2022,0.55
South Dakota,Two or More Races,At least five AP courses,pct_students_school_offers,2021,0.63
South Dakota,Two or More Races,At least five AP courses,pct_students_school_offers,2020,0.53
South Dakota,Two or More Races,At least five AP courses,pct_students_school_offers,2019,0.52
South Dakota,Two or More Races,At least ten AP courses,pct_students_school_offers,2024,0.35
South Dakota,Two or More Races,At least ten AP courses,pct_students_school_offers,2023,0.46
South Dakota,Two or More Races,At least ten AP courses,pct_students_school_offers,2022,0.3
South Dakota,Two or More Races,At least ten AP courses,pct_students_school_offers,2021,0.3
South Dakota,Two or More Races,At least ten AP courses,pct_students_school_offers,2020,0.42
South Dakota,Two or More Races,At least ten AP courses,pct_students_school_offers,2019,0.3
South Dakota,Two or More Races,At least one AP STEM course,pct_students_school_offers,2024,0.73
South Dakota,Two or More Races,At least one AP STEM course,pct_students_school_offers,2023,0.75
South Dakota,Two or More Races,At least one AP STEM course,pct_students_school_offers,2022,0.69
South Dakota,Two or More Races,At least one AP STEM course,pct_students_school_offers,2021,0.76
South Dakota,Two or More Races,At least one AP STEM course,pct_students_school_offers,2020,0.67
South Dakota,Two or More Races,At least one AP STEM course,pct_students_school_offers,2019,0.58
Tennessee,All,At least five AP courses,Number of public high schools that offer,2024,212
Tennessee,All,At least five AP courses,Number of public high schools that offer,2023,210
Tennessee,All,At least five AP courses,Number of public high schools that offer,2022,176
Tennessee,All,At least five AP courses,Number of public high schools that offer,2021,182
Tennessee,All,At least five AP courses,Number of public high schools that offer,2020,144
Tennessee,All,At least five AP courses,Number of public high schools that offer,2019,143
Tennessee,All,At least ten AP courses,Number of public high schools that offer,2024,116
Tennessee,All,At least ten AP courses,Number of public high schools that offer,2023,114
Tennessee,All,At least ten AP courses,Number of public high schools that offer,2022,102
Tennessee,All,At least ten AP courses,Number of public high schools that offer,2021,104
Tennessee,All,At least ten AP courses,Number of public high schools that offer,2020,74
Tennessee,All,At least ten AP courses,Number of public high schools that offer,2019,77
Tennessee,All,At least one AP STEM course,Number of public high schools that offer,2024,245
Tennessee,All,At least one AP STEM course,Number of public high schools that offer,2023,251
Tennessee,All,At least one AP STEM course,Number of public high schools that offer,2022,236
Tennessee,All,At least one AP STEM course,Number of public high schools that offer,2021,236
Tennessee,All,At least one AP STEM course,Number of public high schools that offer,2020,193
Tennessee,All,At least one AP STEM course,Number of public high schools that offer,2019,190
Tennessee,All,At least five AP courses,Percentage of public high schools that offers,2024,0.53
Tennessee,All,At least five AP courses,Percentage of public high schools that offers,2023,0.56
Tennessee,All,At least five AP courses,Percentage of public high schools that offers,2022,0.49
Tennessee,All,At least five AP courses,Percentage of public high schools that offers,2021,0.51
Tennessee,All,At least five AP courses,Percentage of public high schools that offers,2020,0.43
Tennessee,All,At least five AP courses,Percentage of public high schools that offers,2019,0.43
Tennessee,All,At least ten AP courses,Percentage of public high schools that offers,2024,0.29
Tennessee,All,At least ten AP courses,Percentage of public high schools that offers,2023,0.3
Tennessee,All,At least ten AP courses,Percentage of public high schools that offers,2022,0.28
Tennessee,All,At least ten AP courses,Percentage of public high schools that offers,2021,0.29
Tennessee,All,At least ten AP courses,Percentage of public high schools that offers,2020,0.22
Tennessee,All,At least ten AP courses,Percentage of public high schools that offers,2019,0.23
Tennessee,All,At least one AP STEM course,Percentage of public high schools that offers,2024,0.62
Tennessee,All,At least one AP STEM course,Percentage of public high schools that offers,2023,0.67
Tennessee,All,At least one AP STEM course,Percentage of public high schools that offers,2022,0.66
Tennessee,All,At least one AP STEM course,Percentage of public high schools that offers,2021,0.66
Tennessee,All,At least one AP STEM course,Percentage of public high schools that offers,2020,0.58
Tennessee,All,At least one AP STEM course,Percentage of public high schools that offers,2019,0.57
Tennessee,All,At least five AP courses,Percentage of public high school students whose school offers,2024,0.75
Tennessee,All,At least five AP courses,Percentage of public high school students whose school offers,2023,0.75
Tennessee,All,At least five AP courses,Percentage of public high school students whose school offers,2022,0.7
Tennessee,All,At least five AP courses,Percentage of public high school students whose school offers,2021,0.72
Tennessee,All,At least five AP courses,Percentage of public high school students whose school offers,2020,0.63
Tennessee,All,At least five AP courses,Percentage of public high school students whose school offers,2019,0.63
Tennessee,All,At least ten AP courses,Percentage of public high school students whose school offers,2024,0.52
Tennessee,All,At least ten AP courses,Percentage of public high school students whose school offers,2023,0.52
Tennessee,All,At least ten AP courses,Percentage of public high school students whose school offers,2022,0.48
Tennessee,All,At least ten AP courses,Percentage of public high school students whose school offers,2021,0.49
Tennessee,All,At least ten AP courses,Percentage of public high school students whose school offers,2020,0.38
Tennessee,All,At least ten AP courses,Percentage of public high school students whose school offers,2019,0.4
Tennessee,All,At least one AP STEM course,Percentage of public high school students whose school offers,2024,0.81
Tennessee,All,At least one AP STEM course,Percentage of public high school students whose school offers,2023,0.82
Tennessee,All,At least one AP STEM course,Percentage of public high school students whose school offers,2022,0.81
Tennessee,All,At least one AP STEM course,Percentage of public high school students whose school offers,2021,0.83
Tennessee,All,At least one AP STEM course,Percentage of public high school students whose school offers,2020,0.74
Tennessee,All,At least one AP STEM course,Percentage of public high school students whose school offers,2019,0.74
Tennessee,Asian,At least five AP courses,pct_students_school_offers,2024,0.92
Tennessee,Asian,At least five AP courses,pct_students_school_offers,2023,0.89
Tennessee,Asian,At least five AP courses,pct_students_school_offers,2022,0.88
Tennessee,Asian,At least five AP courses,pct_students_school_offers,2021,0.9
Tennessee,Asian,At least five AP courses,pct_students_school_offers,2020,0.84
Tennessee,Asian,At least five AP courses,pct_students_school_offers,2019,0.85
Tennessee,Asian,At least ten AP courses,pct_students_school_offers,2024,0.78
Tennessee,Asian,At least ten AP courses,pct_students_school_offers,2023,0.77
Tennessee,Asian,At least ten AP courses,pct_students_school_offers,2022,0.74
Tennessee,Asian,At least ten AP courses,pct_students_school_offers,2021,0.75
Tennessee,Asian,At least ten AP courses,pct_students_school_offers,2020,0.65
Tennessee,Asian,At least ten AP courses,pct_students_school_offers,2019,0.61
Tennessee,Asian,At least one AP STEM course,pct_students_school_offers,2024,0.94
Tennessee,Asian,At least one AP STEM course,pct_students_school_offers,2023,0.92
Tennessee,Asian,At least one AP STEM course,pct_students_school_offers,2022,0.93
Tennessee,Asian,At least one AP STEM course,pct_students_school_offers,2021,0.93
Tennessee,Asian,At least one AP STEM course,pct_students_school_offers,2020,0.89
Tennessee,Asian,At least one AP STEM course,pct_students_school_offers,2019,0.89
Tennessee,Hispanic/Latino,At least five AP courses,pct_students_school_offers,2024,0.83
Tennessee,Hispanic/Latino,At least five AP courses,pct_students_school_offers,2023,0.81
Tennessee,Hispanic/Latino,At least five AP courses,pct_students_school_offers,2022,0.76
Tennessee,Hispanic/Latino,At least five AP courses,pct_students_school_offers,2021,0.8
Tennessee,Hispanic/Latino,At least five AP courses,pct_students_school_offers,2020,0.72
Tennessee,Hispanic/Latino,At least five AP courses,pct_students_school_offers,2019,0.72
Tennessee,Hispanic/Latino,At least ten AP courses,pct_students_school_offers,2024,0.54
Tennessee,Hispanic/Latino,At least ten AP courses,pct_students_school_offers,2023,0.52
Tennessee,Hispanic/Latino,At least ten AP courses,pct_students_school_offers,2022,0.48
Tennessee,Hispanic/Latino,At least ten AP courses,pct_students_school_offers,2021,0.56
Tennessee,Hispanic/Latino,At least ten AP courses,pct_students_school_offers,2020,0.42
Tennessee,Hispanic/Latino,At least ten AP courses,pct_students_school_offers,2019,0.39
Tennessee,Hispanic/Latino,At least one AP STEM course,pct_students_school_offers,2024,0.85
Tennessee,Hispanic/Latino,At least one AP STEM course,pct_students_school_offers,2023,0.87
Tennessee,Hispanic/Latino,At least one AP STEM course,pct_students_school_offers,2022,0.88
Tennessee,Hispanic/Latino,At least one AP STEM course,pct_students_school_offers,2021,0.88
Tennessee,Hispanic/Latino,At least one AP STEM course,pct_students_school_offers,2020,0.82
Tennessee,Hispanic/Latino,At least one AP STEM course,pct_students_school_offers,2019,0.81
Tennessee,White,At least five AP courses,pct_students_school_offers,2024,0.75
Tennessee,White,At least five AP courses,pct_students_school_offers,2023,0.75
Tennessee,White,At least five AP courses,pct_students_school_offers,2022,0.71
Tennessee,White,At least five AP courses,pct_students_school_offers,2021,0.72
Tennessee,White,At least five AP courses,pct_students_school_offers,2020,0.64
Tennessee,White,At least five AP courses,pct_students_school_offers,2019,0.64
Tennessee,White,At least ten AP courses,pct_students_school_offers,2024,0.56
Tennessee,White,At least ten AP courses,pct_students_school_offers,2023,0.55
Tennessee,White,At least ten AP courses,pct_students_school_offers,2022,0.51
Tennessee,White,At least ten AP courses,pct_students_school_offers,2021,0.52
Tennessee,White,At least ten AP courses,pct_students_school_offers,2020,0.4
Tennessee,White,At least ten AP courses,pct_students_school_offers,2019,0.42
Tennessee,White,At least one AP STEM course,pct_students_school_offers,2024,0.81
Tennessee,White,At least one AP STEM course,pct_students_school_offers,2023,0.81
Tennessee,White,At least one AP STEM course,pct_students_school_offers,2022,0.79
Tennessee,White,At least one AP STEM course,pct_students_school_offers,2021,0.81
Tennessee,White,At least one AP STEM course,pct_students_school_offers,2020,0.74
Tennessee,White,At least one AP STEM course,pct_students_school_offers,2019,0.75
Tennessee,Black or African American,At least five AP courses,pct_students_school_offers,2024,0.69
Tennessee,Black or African American,At least five AP courses,pct_students_school_offers,2023,0.68
Tennessee,Black or African American,At least five AP courses,pct_students_school_offers,2022,0.62
Tennessee,Black or African American,At least five AP courses,pct_students_school_offers,2021,0.66
Tennessee,Black or African American,At least five AP courses,pct_students_school_offers,2020,0.55
Tennessee,Black or African American,At least five AP courses,pct_students_school_offers,2019,0.55
Tennessee,Black or African American,At least ten AP courses,pct_students_school_offers,2024,0.37
Tennessee,Black or African American,At least ten AP courses,pct_students_school_offers,2023,0.39
Tennessee,Black or African American,At least ten AP courses,pct_students_school_offers,2022,0.35
Tennessee,Black or African American,At least ten AP courses,pct_students_school_offers,2021,0.35
Tennessee,Black or African American,At least ten AP courses,pct_students_school_offers,2020,0.29
Tennessee,Black or African American,At least ten AP courses,pct_students_school_offers,2019,0.3
Tennessee,Black or African American,At least one AP STEM course,pct_students_school_offers,2024,0.76
Tennessee,Black or African American,At least one AP STEM course,pct_students_school_offers,2023,0.8
Tennessee,Black or African American,At least one AP STEM course,pct_students_school_offers,2022,0.83
Tennessee,Black or African American,At least one AP STEM course,pct_students_school_offers,2021,0.83
Tennessee,Black or African American,At least one AP STEM course,pct_students_school_offers,2020,0.69
Tennessee,Black or African American,At least one AP STEM course,pct_students_school_offers,2019,0.67
Tennessee,Native American or Alaska Native,At least five AP courses,pct_students_school_offers,2024,0.78
Tennessee,Native American or Alaska Native,At least five AP courses,pct_students_school_offers,2023,0.78
Tennessee,Native American or Alaska Native,At least five AP courses,pct_students_school_offers,2022,0.74
Tennessee,Native American or Alaska Native,At least five AP courses,pct_students_school_offers,2021,0.71
Tennessee,Native American or Alaska Native,At least five AP courses,pct_students_school_offers,2020,0.64
Tennessee,Native American or Alaska Native,At least five AP courses,pct_students_school_offers,2019,0.64
Tennessee,Native American or Alaska Native,At least ten AP courses,pct_students_school_offers,2024,0.56
Tennessee,Native American or Alaska Native,At least ten AP courses,pct_students_school_offers,2023,0.53
Tennessee,Native American or Alaska Native,At least ten AP courses,pct_students_school_offers,2022,0.5
Tennessee,Native American or Alaska Native,At least ten AP courses,pct_students_school_offers,2021,0.51
Tennessee,Native American or Alaska Native,At least ten AP courses,pct_students_school_offers,2020,0.37
Tennessee,Native American or Alaska Native,At least ten AP courses,pct_students_school_offers,2019,0.41
Tennessee,Native American or Alaska Native,At least one AP STEM course,pct_students_school_offers,2024,0.86
Tennessee,Native American or Alaska Native,At least one AP STEM course,pct_students_school_offers,2023,0.85
Tennessee,Native American or Alaska Native,At least one AP STEM course,pct_students_school_offers,2022,0.84
Tennessee,Native American or Alaska Native,At least one AP STEM course,pct_students_school_offers,2021,0.85
Tennessee,Native American or Alaska Native,At least one AP STEM course,pct_students_school_offers,2020,0.75
Tennessee,Native American or Alaska Native,At least one AP STEM course,pct_students_school_offers,2019,0.78
Tennessee,Native Hawaiian or other Pacific Islander,At least five AP courses,pct_students_school_offers,2024,0.88
Tennessee,Native Hawaiian or other Pacific Islander,At least five AP courses,pct_students_school_offers,2023,0.84
Tennessee,Native Hawaiian or other Pacific Islander,At least five AP courses,pct_students_school_offers,2022,0.8
Tennessee,Native Hawaiian or other Pacific Islander,At least five AP courses,pct_students_school_offers,2021,0.85
Tennessee,Native Hawaiian or other Pacific Islander,At least five AP courses,pct_students_school_offers,2020,0.81
Tennessee,Native Hawaiian or other Pacific Islander,At least five AP courses,pct_students_school_offers,2019,0.81
Tennessee,Native Hawaiian or other Pacific Islander,At least ten AP courses,pct_students_school_offers,2024,0.69
Tennessee,Native Hawaiian or other Pacific Islander,At least ten AP courses,pct_students_school_offers,2023,0.63
Tennessee,Native Hawaiian or other Pacific Islander,At least ten AP courses,pct_students_school_offers,2022,0.66
Tennessee,Native Hawaiian or other Pacific Islander,At least ten AP courses,pct_students_school_offers,2021,0.65
Tennessee,Native Hawaiian or other Pacific Islander,At least ten AP courses,pct_students_school_offers,2020,0.55
Tennessee,Native Hawaiian or other Pacific Islander,At least ten AP courses,pct_students_school_offers,2019,0.61
Tennessee,Native Hawaiian or other Pacific Islander,At least one AP STEM course,pct_students_school_offers,2024,0.92
Tennessee,Native Hawaiian or other Pacific Islander,At least one AP STEM course,pct_students_school_offers,2023,0.88
Tennessee,Native Hawaiian or other Pacific Islander,At least one AP STEM course,pct_students_school_offers,2022,0.87
Tennessee,Native Hawaiian or other Pacific Islander,At least one AP STEM course,pct_students_school_offers,2021,0.88
Tennessee,Native Hawaiian or other Pacific Islander,At least one AP STEM course,pct_students_school_offers,2020,0.86
Tennessee,Native Hawaiian or other Pacific Islander,At least one AP STEM course,pct_students_school_offers,2019,0.88
Tennessee,Two or More Races,At least five AP courses,pct_students_school_offers,2024,0.82
Tennessee,Two or More Races,At least five AP courses,pct_students_school_offers,2023,0.82
Tennessee,Two or More Races,At least five AP courses,pct_students_school_offers,2022,0.79
Tennessee,Two or More Races,At least five AP courses,pct_students_school_offers,2021,0.8
Tennessee,Two or More Races,At least five AP courses,pct_students_school_offers,2020,0.79
Tennessee,Two or More Races,At least five AP courses,pct_students_school_offers,2019,0.78
Tennessee,Two or More Races,At least ten AP courses,pct_students_school_offers,2024,0.6
Tennessee,Two or More Races,At least ten AP courses,pct_students_school_offers,2023,0.59
Tennessee,Two or More Races,At least ten AP courses,pct_students_school_offers,2022,0.59
Tennessee,Two or More Races,At least ten AP courses,pct_students_school_offers,2021,0.6
Tennessee,Two or More Races,At least ten AP courses,pct_students_school_offers,2020,0.56
Tennessee,Two or More Races,At least ten AP courses,pct_students_school_offers,2019,0.62
Tennessee,Two or More Races,At least one AP STEM course,pct_students_school_offers,2024,0.86
Tennessee,Two or More Races,At least one AP STEM course,pct_students_school_offers,2023,0.88
Tennessee,Two or More Races,At least one AP STEM course,pct_students_school_offers,2022,0.87
Tennessee,Two or More Races,At least one AP STEM course,pct_students_school_offers,2021,0.88
Tennessee,Two or More Races,At least one AP STEM course,pct_students_school_offers,2020,0.86
Tennessee,Two or More Races,At least one AP STEM course,pct_students_school_offers,2019,0.85
Texas,All,At least five AP courses,Number of public high schools that offer,2024,922
Texas,All,At least five AP courses,Number of public high schools that offer,2023,786
Texas,All,At least five AP courses,Number of public high schools that offer,2022,767
Texas,All,At least five AP courses,Number of public high schools that offer,2021,777
Texas,All,At least five AP courses,Number of public high schools that offer,2020,740
Texas,All,At least five AP courses,Number of public high schools that offer,2019,738
Texas,All,At least ten AP courses,Number of public high schools that offer,2024,730
Texas,All,At least ten AP courses,Number of public high schools that offer,2023,614
Texas,All,At least ten AP courses,Number of public high schools that offer,2022,614
Texas,All,At least ten AP courses,Number of public high schools that offer,2021,614
Texas,All,At least ten AP courses,Number of public high schools that offer,2020,559
Texas,All,At least ten AP courses,Number of public high schools that offer,2019,573
Texas,All,At least one AP STEM course,Number of public high schools that offer,2024,1066
Texas,All,At least one AP STEM course,Number of public high schools that offer,2023,935
Texas,All,At least one AP STEM course,Number of public high schools that offer,2022,923
Texas,All,At least one AP STEM course,Number of public high schools that offer,2021,942
Texas,All,At least one AP STEM course,Number of public high schools that offer,2020,902
Texas,All,At least one AP STEM course,Number of public high schools that offer,2019,895
Texas,All,At least five AP courses,Percentage of public high schools that offers,2024,0.49
Texas,All,At least five AP courses,Percentage of public high schools that offers,2023,0.5
Texas,All,At least five AP courses,Percentage of public high schools that offers,2022,0.5
Texas,All,At least five AP courses,Percentage of public high schools that offers,2021,0.51
Texas,All,At least five AP courses,Percentage of public high schools that offers,2020,0.48
Texas,All,At least five AP courses,Percentage of public high schools that offers,2019,0.48
Texas,All,At least ten AP courses,Percentage of public high schools that offers,2024,0.39
Texas,All,At least ten AP courses,Percentage of public high schools that offers,2023,0.39
Texas,All,At least ten AP courses,Percentage of public high schools that offers,2022,0.4
Texas,All,At least ten AP courses,Percentage of public high schools that offers,2021,0.4
Texas,All,At least ten AP courses,Percentage of public high schools that offers,2020,0.37
Texas,All,At least ten AP courses,Percentage of public high schools that offers,2019,0.37
Texas,All,At least one AP STEM course,Percentage of public high schools that offers,2024,0.56
Texas,All,At least one AP STEM course,Percentage of public high schools that offers,2023,0.59
Texas,All,At least one AP STEM course,Percentage of public high schools that offers,2022,0.61
Texas,All,At least one AP STEM course,Percentage of public high schools that offers,2021,0.62
Texas,All,At least one AP STEM course,Percentage of public high schools that offers,2020,0.59
Texas,All,At least one AP STEM course,Percentage of public high schools that offers,2019,0.58
Texas,All,At least five AP courses,Percentage of public high school students whose school offers,2024,0.86
Texas,All,At least five AP courses,Percentage of public high school students whose school offers,2023,0.88
Texas,All,At least five AP courses,Percentage of public high school students whose school offers,2022,0.87
Texas,All,At least five AP courses,Percentage of public high school students whose school offers,2021,0.88
Texas,All,At least five AP courses,Percentage of public high school students whose school offers,2020,0.87
Texas,All,At least five AP courses,Percentage of public high school students whose school offers,2019,0.87
Texas,All,At least ten AP courses,Percentage of public high school students whose school offers,2024,0.78
Texas,All,At least ten AP courses,Percentage of public high school students whose school offers,2023,0.78
Texas,All,At least ten AP courses,Percentage of public high school students whose school offers,2022,0.79
Texas,All,At least ten AP courses,Percentage of public high school students whose school offers,2021,0.8
Texas,All,At least ten AP courses,Percentage of public high school students whose school offers,2020,0.77
Texas,All,At least ten AP courses,Percentage of public high school students whose school offers,2019,0.78
Texas,All,At least one AP STEM course,Percentage of public high school students whose school offers,2024,0.89
Texas,All,At least one AP STEM course,Percentage of public high school students whose school offers,2023,0.91
Texas,All,At least one AP STEM course,Percentage of public high school students whose school offers,2022,0.92
Texas,All,At least one AP STEM course,Percentage of public high school students whose school offers,2021,0.92
Texas,All,At least one AP STEM course,Percentage of public high school students whose school offers,2020,0.91
Texas,All,At least one AP STEM course,Percentage of public high school students whose school offers,2019,0.91
Texas,Asian,At least five AP courses,pct_students_school_offers,2024,0.96
Texas,Asian,At least five AP courses,pct_students_school_offers,2023,0.98
Texas,Asian,At least five AP courses,pct_students_school_offers,2022,0.98
Texas,Asian,At least five AP courses,pct_students_school_offers,2021,0.98
Texas,Asian,At least five AP courses,pct_students_school_offers,2020,0.97
Texas,Asian,At least five AP courses,pct_students_school_offers,2019,0.97
Texas,Asian,At least ten AP courses,pct_students_school_offers,2024,0.94
Texas,Asian,At least ten AP courses,pct_students_school_offers,2023,0.95
Texas,Asian,At least ten AP courses,pct_students_school_offers,2022,0.95
Texas,Asian,At least ten AP courses,pct_students_school_offers,2021,0.95
Texas,Asian,At least ten AP courses,pct_students_school_offers,2020,0.94
Texas,Asian,At least ten AP courses,pct_students_school_offers,2019,0.94
Texas,Asian,At least one AP STEM course,pct_students_school_offers,2024,0.98
Texas,Asian,At least one AP STEM course,pct_students_school_offers,2023,0.99
Texas,Asian,At least one AP STEM course,pct_students_school_offers,2022,0.99
Texas,Asian,At least one AP STEM course,pct_students_school_offers,2021,0.99
Texas,Asian,At least one AP STEM course,pct_students_school_offers,2020,0.98
Texas,Asian,At least one AP STEM course,pct_students_school_offers,2019,0.98
Texas,Hispanic/Latino,At least five AP courses,pct_students_school_offers,2024,0.87
Texas,Hispanic/Latino,At least five AP courses,pct_students_school_offers,2023,0.89
Texas,Hispanic/Latino,At least five AP courses,pct_students_school_offers,2022,0.89
Texas,Hispanic/Latino,At least five AP courses,pct_students_school_offers,2021,0.9
Texas,Hispanic/Latino,At least five AP courses,pct_students_school_offers,2020,0.9
Texas,Hispanic/Latino,At least five AP courses,pct_students_school_offers,2019,0.89
Texas,Hispanic/Latino,At least ten AP courses,pct_students_school_offers,2024,0.78
Texas,Hispanic/Latino,At least ten AP courses,pct_students_school_offers,2023,0.79
Texas,Hispanic/Latino,At least ten AP courses,pct_students_school_offers,2022,0.8
Texas,Hispanic/Latino,At least ten AP courses,pct_students_school_offers,2021,0.81
Texas,Hispanic/Latino,At least ten AP courses,pct_students_school_offers,2020,0.79
Texas,Hispanic/Latino,At least ten AP courses,pct_students_school_offers,2019,0.8
Texas,Hispanic/Latino,At least one AP STEM course,pct_students_school_offers,2024,0.89
Texas,Hispanic/Latino,At least one AP STEM course,pct_students_school_offers,2023,0.92
Texas,Hispanic/Latino,At least one AP STEM course,pct_students_school_offers,2022,0.93
Texas,Hispanic/Latino,At least one AP STEM course,pct_students_school_offers,2021,0.93
Texas,Hispanic/Latino,At least one AP STEM course,pct_students_school_offers,2020,0.93
Texas,Hispanic/Latino,At least one AP STEM course,pct_students_school_offers,2019,0.92
Texas,White,At least five AP courses,pct_students_school_offers,2024,0.8
Texas,White,At least five AP courses,pct_students_school_offers,2023,0.81
Texas,White,At least five AP courses,pct_students_school_offers,2022,0.81
Texas,White,At least five AP courses,pct_students_school_offers,2021,0.81
Texas,White,At least five AP courses,pct_students_school_offers,2020,0.8
Texas,White,At least five AP courses,pct_students_school_offers,2019,0.81
Texas,White,At least ten AP courses,pct_students_school_offers,2024,0.73
Texas,White,At least ten AP courses,pct_students_school_offers,2023,0.73
Texas,White,At least ten AP courses,pct_students_school_offers,2022,0.73
Texas,White,At least ten AP courses,pct_students_school_offers,2021,0.73
Texas,White,At least ten AP courses,pct_students_school_offers,2020,0.71
Texas,White,At least ten AP courses,pct_students_school_offers,2019,0.72
Texas,White,At least one AP STEM course,pct_students_school_offers,2024,0.86
Texas,White,At least one AP STEM course,pct_students_school_offers,2023,0.87
Texas,White,At least one AP STEM course,pct_students_school_offers,2022,0.87
Texas,White,At least one AP STEM course,pct_students_school_offers,2021,0.88
Texas,White,At least one AP STEM course,pct_students_school_offers,2020,0.87
Texas,White,At least one AP STEM course,pct_students_school_offers,2019,0.87
Texas,Black or African American,At least five AP courses,pct_students_school_offers,2024,0.89
Texas,Black or African American,At least five AP courses,pct_students_school_offers,2023,0.91
Texas,Black or African American,At least five AP courses,pct_students_school_offers,2022,0.9
Texas,Black or African American,At least five AP courses,pct_students_school_offers,2021,0.92
Texas,Black or African American,At least five AP courses,pct_students_school_offers,2020,0.91
Texas,Black or African American,At least five AP courses,pct_students_school_offers,2019,0.91
Texas,Black or African American,At least ten AP courses,pct_students_school_offers,2024,0.81
Texas,Black or African American,At least ten AP courses,pct_students_school_offers,2023,0.81
Texas,Black or African American,At least ten AP courses,pct_students_school_offers,2022,0.82
Texas,Black or African American,At least ten AP courses,pct_students_school_offers,2021,0.81
Texas,Black or African American,At least ten AP courses,pct_students_school_offers,2020,0.8
Texas,Black or African American,At least ten AP courses,pct_students_school_offers,2019,0.81
Texas,Black or African American,At least one AP STEM course,pct_students_school_offers,2024,0.9
Texas,Black or African American,At least one AP STEM course,pct_students_school_offers,2023,0.93
Texas,Black or African American,At least one AP STEM course,pct_students_school_offers,2022,0.93
Texas,Black or African American,At least one AP STEM course,pct_students_school_offers,2021,0.93
Texas,Black or African American,At least one AP STEM course,pct_students_school_offers,2020,0.93
Texas,Black or African American,At least one AP STEM course,pct_students_school_offers,2019,0.93
Texas,Native American or Alaska Native,At least five AP courses,pct_students_school_offers,2024,0.85
Texas,Native American or Alaska Native,At least five AP courses,pct_students_school_offers,2023,0.86
Texas,Native American or Alaska Native,At least five AP courses,pct_students_school_offers,2022,0.85
Texas,Native American or Alaska Native,At least five AP courses,pct_students_school_offers,2021,0.85
Texas,Native American or Alaska Native,At least five AP courses,pct_students_school_offers,2020,0.84
Texas,Native American or Alaska Native,At least five AP courses,pct_students_school_offers,2019,0.85
Texas,Native American or Alaska Native,At least ten AP courses,pct_students_school_offers,2024,0.78
Texas,Native American or Alaska Native,At least ten AP courses,pct_students_school_offers,2023,0.77
Texas,Native American or Alaska Native,At least ten AP courses,pct_students_school_offers,2022,0.78
Texas,Native American or Alaska Native,At least ten AP courses,pct_students_school_offers,2021,0.78
Texas,Native American or Alaska Native,At least ten AP courses,pct_students_school_offers,2020,0.76
Texas,Native American or Alaska Native,At least ten AP courses,pct_students_school_offers,2019,0.77
Texas,Native American or Alaska Native,At least one AP STEM course,pct_students_school_offers,2024,0.88
Texas,Native American or Alaska Native,At least one AP STEM course,pct_students_school_offers,2023,0.9
Texas,Native American or Alaska Native,At least one AP STEM course,pct_students_school_offers,2022,0.9
Texas,Native American or Alaska Native,At least one AP STEM course,pct_students_school_offers,2021,0.9
Texas,Native American or Alaska Native,At least one AP STEM course,pct_students_school_offers,2020,0.89
Texas,Native American or Alaska Native,At least one AP STEM course,pct_students_school_offers,2019,0.89
Texas,Native Hawaiian or other Pacific Islander,At least five AP courses,pct_students_school_offers,2024,0.89
Texas,Native Hawaiian or other Pacific Islander,At least five AP courses,pct_students_school_offers,2023,0.9
Texas,Native Hawaiian or other Pacific Islander,At least five AP courses,pct_students_school_offers,2022,0.91
Texas,Native Hawaiian or other Pacific Islander,At least five AP courses,pct_students_school_offers,2021,0.92
Texas,Native Hawaiian or other Pacific Islander,At least five AP courses,pct_students_school_offers,2020,0.89
Texas,Native Hawaiian or other Pacific Islander,At least five AP courses,pct_students_school_offers,2019,0.9
Texas,Native Hawaiian or other Pacific Islander,At least ten AP courses,pct_students_school_offers,2024,0.84
Texas,Native Hawaiian or other Pacific Islander,At least ten AP courses,pct_students_school_offers,2023,0.84
Texas,Native Hawaiian or other Pacific Islander,At least ten AP courses,pct_students_school_offers,2022,0.84
Texas,Native Hawaiian or other Pacific Islander,At least ten AP courses,pct_students_school_offers,2021,0.82
Texas,Native Hawaiian or other Pacific Islander,At least ten AP courses,pct_students_school_offers,2020,0.82
Texas,Native Hawaiian or other Pacific Islander,At least ten AP courses,pct_students_school_offers,2019,0.84
Texas,Native Hawaiian or other Pacific Islander,At least one AP STEM course,pct_students_school_offers,2024,0.9
Texas,Native Hawaiian or other Pacific Islander,At least one AP STEM course,pct_students_school_offers,2023,0.92
Texas,Native Hawaiian or other Pacific Islander,At least one AP STEM course,pct_students_school_offers,2022,0.93
Texas,Native Hawaiian or other Pacific Islander,At least one AP STEM course,pct_students_school_offers,2021,0.96
Texas,Native Hawaiian or other Pacific Islander,At least one AP STEM course,pct_students_school_offers,2020,0.95
Texas,Native Hawaiian or other Pacific Islander,At least one AP STEM course,pct_students_school_offers,2019,0.94
Texas,Two or More Races,At least five AP courses,pct_students_school_offers,2024,0.87
Texas,Two or More Races,At least five AP courses,pct_students_school_offers,2023,0.88
Texas,Two or More Races,At least five AP courses,pct_students_school_offers,2022,0.88
Texas,Two or More Races,At least five AP courses,pct_students_school_offers,2021,0.89
Texas,Two or More Races,At least five AP courses,pct_students_school_offers,2020,0.88
Texas,Two or More Races,At least five AP courses,pct_students_school_offers,2019,0.88
Texas,Two or More Races,At least ten AP courses,pct_students_school_offers,2024,0.81
Texas,Two or More Races,At least ten AP courses,pct_students_school_offers,2023,0.82
Texas,Two or More Races,At least ten AP courses,pct_students_school_offers,2022,0.82
Texas,Two or More Races,At least ten AP courses,pct_students_school_offers,2021,0.82
Texas,Two or More Races,At least ten AP courses,pct_students_school_offers,2020,0.81
Texas,Two or More Races,At least ten AP courses,pct_students_school_offers,2019,0.82
Texas,Two or More Races,At least one AP STEM course,pct_students_school_offers,2024,0.9
Texas,Two or More Races,At least one AP STEM course,pct_students_school_offers,2023,0.92
Texas,Two or More Races,At least one AP STEM course,pct_students_school_offers,2022,0.92
Texas,Two or More Races,At least one AP STEM course,pct_students_school_offers,2021,0.93
Texas,Two or More Races,At least one AP STEM course,pct_students_school_offers,2020,0.92
Texas,Two or More Races,At least one AP STEM course,pct_students_school_offers,2019,0.92
Utah,All,At least five AP courses,Number of public high schools that offer,2024,118
Utah,All,At least five AP courses,Number of public high schools that offer,2023,104
Utah,All,At least five AP courses,Number of public high schools that offer,2022,86
Utah,All,At least five AP courses,Number of public high schools that offer,2021,84
Utah,All,At least five AP courses,Number of public high schools that offer,2020,76
Utah,All,At least five AP courses,Number of public high schools that offer,2019,79
Utah,All,At least ten AP courses,Number of public high schools that offer,2024,86
Utah,All,At least ten AP courses,Number of public high schools that offer,2023,73
Utah,All,At least ten AP courses,Number of public high schools that offer,2022,71
Utah,All,At least ten AP courses,Number of public high schools that offer,2021,67
Utah,All,At least ten AP courses,Number of public high schools that offer,2020,61
Utah,All,At least ten AP courses,Number of public high schools that offer,2019,63
Utah,All,At least one AP STEM course,Number of public high schools that offer,2024,135
Utah,All,At least one AP STEM course,Number of public high schools that offer,2023,111
Utah,All,At least one AP STEM course,Number of public high schools that offer,2022,88
Utah,All,At least one AP STEM course,Number of public high schools that offer,2021,90
Utah,All,At least one AP STEM course,Number of public high schools that offer,2020,84
Utah,All,At least one AP STEM course,Number of public high schools that offer,2019,89
Utah,All,At least five AP courses,Percentage of public high schools that offers,2024,0.49
Utah,All,At least five AP courses,Percentage of public high schools that offers,2023,0.57
Utah,All,At least five AP courses,Percentage of public high schools that offers,2022,0.6
Utah,All,At least five AP courses,Percentage of public high schools that offers,2021,0.58
Utah,All,At least five AP courses,Percentage of public high schools that offers,2020,0.53
Utah,All,At least five AP courses,Percentage of public high schools that offers,2019,0.55
Utah,All,At least ten AP courses,Percentage of public high schools that offers,2024,0.36
Utah,All,At least ten AP courses,Percentage of public high schools that offers,2023,0.4
Utah,All,At least ten AP courses,Percentage of public high schools that offers,2022,0.49
Utah,All,At least ten AP courses,Percentage of public high schools that offers,2021,0.47
Utah,All,At least ten AP courses,Percentage of public high schools that offers,2020,0.42
Utah,All,At least ten AP courses,Percentage of public high schools that offers,2019,0.44
Utah,All,At least one AP STEM course,Percentage of public high schools that offers,2024,0.56
Utah,All,At least one AP STEM course,Percentage of public high schools that offers,2023,0.61
Utah,All,At least one AP STEM course,Percentage of public high schools that offers,2022,0.61
Utah,All,At least one AP STEM course,Percentage of public high schools that offers,2021,0.63
Utah,All,At least one AP STEM course,Percentage of public high schools that offers,2020,0.58
Utah,All,At least one AP STEM course,Percentage of public high schools that offers,2019,0.62
Utah,All,At least five AP courses,Percentage of public high school students whose school offers,2024,0.81
Utah,All,At least five AP courses,Percentage of public high school students whose school offers,2023,0.86
Utah,All,At least five AP courses,Percentage of public high school students whose school offers,2022,0.9
Utah,All,At least five AP courses,Percentage of public high school students whose school offers,2021,0.88
Utah,All,At least five AP courses,Percentage of public high school students whose school offers,2020,0.86
Utah,All,At least five AP courses,Percentage of public high school students whose school offers,2019,0.88
Utah,All,At least ten AP courses,Percentage of public high school students whose school offers,2024,0.72
Utah,All,At least ten AP courses,Percentage of public high school students whose school offers,2023,0.74
Utah,All,At least ten AP courses,Percentage of public high school students whose school offers,2022,0.82
Utah,All,At least ten AP courses,Percentage of public high school students whose school offers,2021,0.78
Utah,All,At least ten AP courses,Percentage of public high school students whose school offers,2020,0.77
Utah,All,At least ten AP courses,Percentage of public high school students whose school offers,2019,0.78
Utah,All,At least one AP STEM course,Percentage of public high school students whose school offers,2024,0.85
Utah,All,At least one AP STEM course,Percentage of public high school students whose school offers,2023,0.88
Utah,All,At least one AP STEM course,Percentage of public high school students whose school offers,2022,0.9
Utah,All,At least one AP STEM course,Percentage of public high school students whose school offers,2021,0.91
Utah,All,At least one AP STEM course,Percentage of public high school students whose school offers,2020,0.9
Utah,All,At least one AP STEM course,Percentage of public high school students whose school offers,2019,0.89
Utah,Asian,At least five AP courses,pct_students_school_offers,2024,0.89
Utah,Asian,At least five AP courses,pct_students_school_offers,2023,0.93
Utah,Asian,At least five AP courses,pct_students_school_offers,2022,0.96
Utah,Asian,At least five AP courses,pct_students_school_offers,2021,0.95
Utah,Asian,At least five AP courses,pct_students_school_offers,2020,0.94
Utah,Asian,At least five AP courses,pct_students_school_offers,2019,0.95
Utah,Asian,At least ten AP courses,pct_students_school_offers,2024,0.84
Utah,Asian,At least ten AP courses,pct_students_school_offers,2023,0.88
Utah,Asian,At least ten AP courses,pct_students_school_offers,2022,0.94
Utah,Asian,At least ten AP courses,pct_students_school_offers,2021,0.92
Utah,Asian,At least ten AP courses,pct_students_school_offers,2020,0.86
Utah,Asian,At least ten AP courses,pct_students_school_offers,2019,0.9
Utah,Asian,At least one AP STEM course,pct_students_school_offers,2024,0.91
Utah,Asian,At least one AP STEM course,pct_students_school_offers,2023,0.94
Utah,Asian,At least one AP STEM course,pct_students_school_offers,2022,0.96
Utah,Asian,At least one AP STEM course,pct_students_school_offers,2021,0.96
Utah,Asian,At least one AP STEM course,pct_students_school_offers,2020,0.96
Utah,Asian,At least one AP STEM course,pct_students_school_offers,2019,0.95
Utah,Hispanic/Latino,At least five AP courses,pct_students_school_offers,2024,0.84
Utah,Hispanic/Latino,At least five AP courses,pct_students_school_offers,2023,0.88
Utah,Hispanic/Latino,At least five AP courses,pct_students_school_offers,2022,0.91
Utah,Hispanic/Latino,At least five AP courses,pct_students_school_offers,2021,0.91
Utah,Hispanic/Latino,At least five AP courses,pct_students_school_offers,2020,0.88
Utah,Hispanic/Latino,At least five AP courses,pct_students_school_offers,2019,0.89
Utah,Hispanic/Latino,At least ten AP courses,pct_students_school_offers,2024,0.77
Utah,Hispanic/Latino,At least ten AP courses,pct_students_school_offers,2023,0.79
Utah,Hispanic/Latino,At least ten AP courses,pct_students_school_offers,2022,0.86
Utah,Hispanic/Latino,At least ten AP courses,pct_students_school_offers,2021,0.83
Utah,Hispanic/Latino,At least ten AP courses,pct_students_school_offers,2020,0.81
Utah,Hispanic/Latino,At least ten AP courses,pct_students_school_offers,2019,0.83
Utah,Hispanic/Latino,At least one AP STEM course,pct_students_school_offers,2024,0.87
Utah,Hispanic/Latino,At least one AP STEM course,pct_students_school_offers,2023,0.89
Utah,Hispanic/Latino,At least one AP STEM course,pct_students_school_offers,2022,0.92
Utah,Hispanic/Latino,At least one AP STEM course,pct_students_school_offers,2021,0.92
Utah,Hispanic/Latino,At least one AP STEM course,pct_students_school_offers,2020,0.9
Utah,Hispanic/Latino,At least one AP STEM course,pct_students_school_offers,2019,0.9
Utah,White,At least five AP courses,pct_students_school_offers,2024,0.8
Utah,White,At least five AP courses,pct_students_school_offers,2023,0.86
Utah,White,At least five AP courses,pct_students_school_offers,2022,0.91
Utah,White,At least five AP courses,pct_students_school_offers,2021,0.9
Utah,White,At least five AP courses,pct_students_school_offers,2020,0.86
Utah,White,At least five AP courses,pct_students_school_offers,2019,0.87
Utah,White,At least ten AP courses,pct_students_school_offers,2024,0.7
Utah,White,At least ten AP courses,pct_students_school_offers,2023,0.72
Utah,White,At least ten AP courses,pct_students_school_offers,2022,0.82
Utah,White,At least ten AP courses,pct_students_school_offers,2021,0.78
Utah,White,At least ten AP courses,pct_students_school_offers,2020,0.76
Utah,White,At least ten AP courses,pct_students_school_offers,2019,0.76
Utah,White,At least one AP STEM course,pct_students_school_offers,2024,0.84
Utah,White,At least one AP STEM course,pct_students_school_offers,2023,0.88
Utah,White,At least one AP STEM course,pct_students_school_offers,2022,0.92
Utah,White,At least one AP STEM course,pct_students_school_offers,2021,0.92
Utah,White,At least one AP STEM course,pct_students_school_offers,2020,0.9
Utah,White,At least one AP STEM course,pct_students_school_offers,2019,0.89
Utah,Black or African American,At least five AP courses,pct_students_school_offers,2024,0.86
Utah,Black or African American,At least five AP courses,pct_students_school_offers,2023,0.86
Utah,Black or African American,At least five AP courses,pct_students_school_offers,2022,0.88
Utah,Black or African American,At least five AP courses,pct_students_school_offers,2021,0.88
Utah,Black or African American,At least five AP courses,pct_students_school_offers,2020,0.88
Utah,Black or African American,At least five AP courses,pct_students_school_offers,2019,0.88
Utah,Black or African American,At least ten AP courses,pct_students_school_offers,2024,0.81
Utah,Black or African American,At least ten AP courses,pct_students_school_offers,2023,0.8
Utah,Black or African American,At least ten AP courses,pct_students_school_offers,2022,0.85
Utah,Black or African American,At least ten AP courses,pct_students_school_offers,2021,0.83
Utah,Black or African American,At least ten AP courses,pct_students_school_offers,2020,0.81
Utah,Black or African American,At least ten AP courses,pct_students_school_offers,2019,0.84
Utah,Black or African American,At least one AP STEM course,pct_students_school_offers,2024,0.88
Utah,Black or African American,At least one AP STEM course,pct_students_school_offers,2023,0.88
Utah,Black or African American,At least one AP STEM course,pct_students_school_offers,2022,0.89
Utah,Black or African American,At least one AP STEM course,pct_students_school_offers,2021,0.89
Utah,Black or African American,At least one AP STEM course,pct_students_school_offers,2020,0.9
Utah,Black or African American,At least one AP STEM course,pct_students_school_offers,2019,0.89
Utah,Native American or Alaska Native,At least five AP courses,pct_students_school_offers,2024,0.48
Utah,Native American or Alaska Native,At least five AP courses,pct_students_school_offers,2023,0.58
Utah,Native American or Alaska Native,At least five AP courses,pct_students_school_offers,2022,0.58
Utah,Native American or Alaska Native,At least five AP courses,pct_students_school_offers,2021,0.54
Utah,Native American or Alaska Native,At least five AP courses,pct_students_school_offers,2020,0.53
Utah,Native American or Alaska Native,At least five AP courses,pct_students_school_offers,2019,0.55
Utah,Native American or Alaska Native,At least ten AP courses,pct_students_school_offers,2024,0.4
Utah,Native American or Alaska Native,At least ten AP courses,pct_students_school_offers,2023,0.42
Utah,Native American or Alaska Native,At least ten AP courses,pct_students_school_offers,2022,0.43
Utah,Native American or Alaska Native,At least ten AP courses,pct_students_school_offers,2021,0.4
Utah,Native American or Alaska Native,At least ten AP courses,pct_students_school_offers,2020,0.41
Utah,Native American or Alaska Native,At least ten AP courses,pct_students_school_offers,2019,0.42
Utah,Native American or Alaska Native,At least one AP STEM course,pct_students_school_offers,2024,0.57
Utah,Native American or Alaska Native,At least one AP STEM course,pct_students_school_offers,2023,0.59
Utah,Native American or Alaska Native,At least one AP STEM course,pct_students_school_offers,2022,0.59
Utah,Native American or Alaska Native,At least one AP STEM course,pct_students_school_offers,2021,0.59
Utah,Native American or Alaska Native,At least one AP STEM course,pct_students_school_offers,2020,0.59
Utah,Native American or Alaska Native,At least one AP STEM course,pct_students_school_offers,2019,0.63
Utah,Native Hawaiian or other Pacific Islander,At least five AP courses,pct_students_school_offers,2024,0.88
Utah,Native Hawaiian or other Pacific Islander,At least five AP courses,pct_students_school_offers,2023,0.91
Utah,Native Hawaiian or other Pacific Islander,At least five AP courses,pct_students_school_offers,2022,0.95
Utah,Native Hawaiian or other Pacific Islander,At least five AP courses,pct_students_school_offers,2021,0.95
Utah,Native Hawaiian or other Pacific Islander,At least five AP courses,pct_students_school_offers,2020,0.93
Utah,Native Hawaiian or other Pacific Islander,At least five AP courses,pct_students_school_offers,2019,0.93
Utah,Native Hawaiian or other Pacific Islander,At least ten AP courses,pct_students_school_offers,2024,0.84
Utah,Native Hawaiian or other Pacific Islander,At least ten AP courses,pct_students_school_offers,2023,0.86
Utah,Native Hawaiian or other Pacific Islander,At least ten AP courses,pct_students_school_offers,2022,0.94
Utah,Native Hawaiian or other Pacific Islander,At least ten AP courses,pct_students_school_offers,2021,0.91
Utah,Native Hawaiian or other Pacific Islander,At least ten AP courses,pct_students_school_offers,2020,0.87
Utah,Native Hawaiian or other Pacific Islander,At least ten AP courses,pct_students_school_offers,2019,0.89
Utah,Native Hawaiian or other Pacific Islander,At least one AP STEM course,pct_students_school_offers,2024,0.9
Utah,Native Hawaiian or other Pacific Islander,At least one AP STEM course,pct_students_school_offers,2023,0.92
Utah,Native Hawaiian or other Pacific Islander,At least one AP STEM course,pct_students_school_offers,2022,0.96
Utah,Native Hawaiian or other Pacific Islander,At least one AP STEM course,pct_students_school_offers,2021,0.96
Utah,Native Hawaiian or other Pacific Islander,At least one AP STEM course,pct_students_school_offers,2020,0.94
Utah,Native Hawaiian or other Pacific Islander,At least one AP STEM course,pct_students_school_offers,2019,0.94
Utah,Two or More Races,At least five AP courses,pct_students_school_offers,2024,0.83
Utah,Two or More Races,At least five AP courses,pct_students_school_offers,2023,0.88
Utah,Two or More Races,At least five AP courses,pct_students_school_offers,2022,0.94
Utah,Two or More Races,At least five AP courses,pct_students_school_offers,2021,0.93
Utah,Two or More Races,At least five AP courses,pct_students_school_offers,2020,0.91
Utah,Two or More Races,At least five AP courses,pct_students_school_offers,2019,0.91
Utah,Two or More Races,At least ten AP courses,pct_students_school_offers,2024,0.76
Utah,Two or More Races,At least ten AP courses,pct_students_school_offers,2023,0.78
Utah,Two or More Races,At least ten AP courses,pct_students_school_offers,2022,0.89
Utah,Two or More Races,At least ten AP courses,pct_students_school_offers,2021,0.86
Utah,Two or More Races,At least ten AP courses,pct_students_school_offers,2020,0.84
Utah,Two or More Races,At least ten AP courses,pct_students_school_offers,2019,0.84
Utah,Two or More Races,At least one AP STEM course,pct_students_school_offers,2024,0.87
Utah,Two or More Races,At least one AP STEM course,pct_students_school_offers,2023,0.9
Utah,Two or More Races,At least one AP STEM course,pct_students_school_offers,2022,0.95
Utah,Two or More Races,At least one AP STEM course,pct_students_school_offers,2021,0.95
Utah,Two or More Races,At least one AP STEM course,pct_students_school_offers,2020,0.93
Utah,Two or More Races,At least one AP STEM course,pct_students_school_offers,2019,0.92
Vermont,All,At least five AP courses,Number of public high schools that offer,2024,37
Vermont,All,At least five AP courses,Number of public high schools that offer,2023,32
Vermont,All,At least five AP courses,Number of public high schools that offer,2022,27
Vermont,All,At least five AP courses,Number of public high schools that offer,2021,29
Vermont,All,At least five AP courses,Number of public high schools that offer,2020,29
Vermont,All,At least five AP courses,Number of public high schools that offer,2019,36
Vermont,All,At least ten AP courses,Number of public high schools that offer,2024,17
Vermont,All,At least ten AP courses,Number of public high schools that offer,2023,16
Vermont,All,At least ten AP courses,Number of public high schools that offer,2022,14
Vermont,All,At least ten AP courses,Number of public high schools that offer,2021,14
Vermont,All,At least ten AP courses,Number of public high schools that offer,2020,12
Vermont,All,At least ten AP courses,Number of public high schools that offer,2019,15
Vermont,All,At least one AP STEM course,Number of public high schools that offer,2024,40
Vermont,All,At least one AP STEM course,Number of public high schools that offer,2023,42
Vermont,All,At least one AP STEM course,Number of public high schools that offer,2022,43
Vermont,All,At least one AP STEM course,Number of public high schools that offer,2021,42
Vermont,All,At least one AP STEM course,Number of public high schools that offer,2020,41
Vermont,All,At least one AP STEM course,Number of public high schools that offer,2019,45
Vermont,All,At least five AP courses,Percentage of public high schools that offers,2024,0.67
Vermont,All,At least five AP courses,Percentage of public high schools that offers,2023,0.58
Vermont,All,At least five AP courses,Percentage of public high schools that offers,2022,0.52
Vermont,All,At least five AP courses,Percentage of public high schools that offers,2021,0.56
Vermont,All,At least five AP courses,Percentage of public high schools that offers,2020,0.53
Vermont,All,At least five AP courses,Percentage of public high schools that offers,2019,0.65
Vermont,All,At least ten AP courses,Percentage of public high schools that offers,2024,0.31
Vermont,All,At least ten AP courses,Percentage of public high schools that offers,2023,0.29
Vermont,All,At least ten AP courses,Percentage of public high schools that offers,2022,0.27
Vermont,All,At least ten AP courses,Percentage of public high schools that offers,2021,0.27
Vermont,All,At least ten AP courses,Percentage of public high schools that offers,2020,0.22
Vermont,All,At least ten AP courses,Percentage of public high schools that offers,2019,0.27
Vermont,All,At least one AP STEM course,Percentage of public high schools that offers,2024,0.73
Vermont,All,At least one AP STEM course,Percentage of public high schools that offers,2023,0.76
Vermont,All,At least one AP STEM course,Percentage of public high schools that offers,2022,0.83
Vermont,All,At least one AP STEM course,Percentage of public high schools that offers,2021,0.81
Vermont,All,At least one AP STEM course,Percentage of public high schools that offers,2020,0.75
Vermont,All,At least one AP STEM course,Percentage of public high schools that offers,2019,0.82
Vermont,All,At least five AP courses,Percentage of public high school students whose school offers,2024,0.85
Vermont,All,At least five AP courses,Percentage of public high school students whose school offers,2023,0.8
Vermont,All,At least five AP courses,Percentage of public high school students whose school offers,2022,0.74
Vermont,All,At least five AP courses,Percentage of public high school students whose school offers,2021,0.78
Vermont,All,At least five AP courses,Percentage of public high school students whose school offers,2020,0.75
Vermont,All,At least five AP courses,Percentage of public high school students whose school offers,2019,0.85
Vermont,All,At least ten AP courses,Percentage of public high school students whose school offers,2024,0.53
Vermont,All,At least ten AP courses,Percentage of public high school students whose school offers,2023,0.55
Vermont,All,At least ten AP courses,Percentage of public high school students whose school offers,2022,0.49
Vermont,All,At least ten AP courses,Percentage of public high school students whose school offers,2021,0.48
Vermont,All,At least ten AP courses,Percentage of public high school students whose school offers,2020,0.43
Vermont,All,At least ten AP courses,Percentage of public high school students whose school offers,2019,0.52
Vermont,All,At least one AP STEM course,Percentage of public high school students whose school offers,2024,0.88
Vermont,All,At least one AP STEM course,Percentage of public high school students whose school offers,2023,0.88
Vermont,All,At least one AP STEM course,Percentage of public high school students whose school offers,2022,0.92
Vermont,All,At least one AP STEM course,Percentage of public high school students whose school offers,2021,0.92
Vermont,All,At least one AP STEM course,Percentage of public high school students whose school offers,2020,0.88
Vermont,All,At least one AP STEM course,Percentage of public high school students whose school offers,2019,0.94
Vermont,Asian,At least five AP courses,pct_students_school_offers,2024,0.85
Vermont,Asian,At least five AP courses,pct_students_school_offers,2023,0.85
Vermont,Asian,At least five AP courses,pct_students_school_offers,2022,0.8
Vermont,Asian,At least five AP courses,pct_students_school_offers,2021,0.85
Vermont,Asian,At least five AP courses,pct_students_school_offers,2020,0.83
Vermont,Asian,At least five AP courses,pct_students_school_offers,2019,0.86
Vermont,Asian,At least ten AP courses,pct_students_school_offers,2024,0.71
Vermont,Asian,At least ten AP courses,pct_students_school_offers,2023,0.74
Vermont,Asian,At least ten AP courses,pct_students_school_offers,2022,0.71
Vermont,Asian,At least ten AP courses,pct_students_school_offers,2021,0.71
Vermont,Asian,At least ten AP courses,pct_students_school_offers,2020,0.69
Vermont,Asian,At least ten AP courses,pct_students_school_offers,2019,0.71
Vermont,Asian,At least one AP STEM course,pct_students_school_offers,2024,0.86
Vermont,Asian,At least one AP STEM course,pct_students_school_offers,2023,0.94
Vermont,Asian,At least one AP STEM course,pct_students_school_offers,2022,0.96
Vermont,Asian,At least one AP STEM course,pct_students_school_offers,2021,0.9
Vermont,Asian,At least one AP STEM course,pct_students_school_offers,2020,0.86
Vermont,Asian,At least one AP STEM course,pct_students_school_offers,2019,0.88
Vermont,Hispanic/Latino,At least five AP courses,pct_students_school_offers,2024,0.92
Vermont,Hispanic/Latino,At least five AP courses,pct_students_school_offers,2023,0.9
Vermont,Hispanic/Latino,At least five AP courses,pct_students_school_offers,2022,0.8
Vermont,Hispanic/Latino,At least five AP courses,pct_students_school_offers,2021,0.89
Vermont,Hispanic/Latino,At least five AP courses,pct_students_school_offers,2020,0.81
Vermont,Hispanic/Latino,At least five AP courses,pct_students_school_offers,2019,0.89
Vermont,Hispanic/Latino,At least ten AP courses,pct_students_school_offers,2024,0.59
Vermont,Hispanic/Latino,At least ten AP courses,pct_students_school_offers,2023,0.7
Vermont,Hispanic/Latino,At least ten AP courses,pct_students_school_offers,2022,0.59
Vermont,Hispanic/Latino,At least ten AP courses,pct_students_school_offers,2021,0.56
Vermont,Hispanic/Latino,At least ten AP courses,pct_students_school_offers,2020,0.46
Vermont,Hispanic/Latino,At least ten AP courses,pct_students_school_offers,2019,0.58
Vermont,Hispanic/Latino,At least one AP STEM course,pct_students_school_offers,2024,0.95
Vermont,Hispanic/Latino,At least one AP STEM course,pct_students_school_offers,2023,0.94
Vermont,Hispanic/Latino,At least one AP STEM course,pct_students_school_offers,2022,0.99
Vermont,Hispanic/Latino,At least one AP STEM course,pct_students_school_offers,2021,0.97
Vermont,Hispanic/Latino,At least one AP STEM course,pct_students_school_offers,2020,0.92
Vermont,Hispanic/Latino,At least one AP STEM course,pct_students_school_offers,2019,0.95
Vermont,White,At least five AP courses,pct_students_school_offers,2024,0.85
Vermont,White,At least five AP courses,pct_students_school_offers,2023,0.79
Vermont,White,At least five AP courses,pct_students_school_offers,2022,0.73
Vermont,White,At least five AP courses,pct_students_school_offers,2021,0.77
Vermont,White,At least five AP courses,pct_students_school_offers,2020,0.74
Vermont,White,At least five AP courses,pct_students_school_offers,2019,0.85
Vermont,White,At least ten AP courses,pct_students_school_offers,2024,0.52
Vermont,White,At least ten AP courses,pct_students_school_offers,2023,0.53
Vermont,White,At least ten AP courses,pct_students_school_offers,2022,0.48
Vermont,White,At least ten AP courses,pct_students_school_offers,2021,0.47
Vermont,White,At least ten AP courses,pct_students_school_offers,2020,0.42
Vermont,White,At least ten AP courses,pct_students_school_offers,2019,0.51
Vermont,White,At least one AP STEM course,pct_students_school_offers,2024,0.88
Vermont,White,At least one AP STEM course,pct_students_school_offers,2023,0.88
Vermont,White,At least one AP STEM course,pct_students_school_offers,2022,0.92
Vermont,White,At least one AP STEM course,pct_students_school_offers,2021,0.92
Vermont,White,At least one AP STEM course,pct_students_school_offers,2020,0.88
Vermont,White,At least one AP STEM course,pct_students_school_offers,2019,0.94
Vermont,Black or African American,At least five AP courses,pct_students_school_offers,2024,0.79
Vermont,Black or African American,At least five AP courses,pct_students_school_offers,2023,0.77
Vermont,Black or African American,At least five AP courses,pct_students_school_offers,2022,0.76
Vermont,Black or African American,At least five AP courses,pct_students_school_offers,2021,0.77
Vermont,Black or African American,At least five AP courses,pct_students_school_offers,2020,0.76
Vermont,Black or African American,At least five AP courses,pct_students_school_offers,2019,0.83
Vermont,Black or African American,At least ten AP courses,pct_students_school_offers,2024,0.64
Vermont,Black or African American,At least ten AP courses,pct_students_school_offers,2023,0.66
Vermont,Black or African American,At least ten AP courses,pct_students_school_offers,2022,0.63
Vermont,Black or African American,At least ten AP courses,pct_students_school_offers,2021,0.62
Vermont,Black or African American,At least ten AP courses,pct_students_school_offers,2020,0.58
Vermont,Black or African American,At least ten AP courses,pct_students_school_offers,2019,0.64
Vermont,Black or African American,At least one AP STEM course,pct_students_school_offers,2024,0.8
Vermont,Black or African American,At least one AP STEM course,pct_students_school_offers,2023,0.91
Vermont,Black or African American,At least one AP STEM course,pct_students_school_offers,2022,0.97
Vermont,Black or African American,At least one AP STEM course,pct_students_school_offers,2021,0.85
Vermont,Black or African American,At least one AP STEM course,pct_students_school_offers,2020,0.85
Vermont,Black or African American,At least one AP STEM course,pct_students_school_offers,2019,0.88
Vermont,Native American or Alaska Native,At least five AP courses,pct_students_school_offers,2024,0.8
Vermont,Native American or Alaska Native,At least five AP courses,pct_students_school_offers,2023,0.78
Vermont,Native American or Alaska Native,At least five AP courses,pct_students_school_offers,2022,0.67
Vermont,Native American or Alaska Native,At least five AP courses,pct_students_school_offers,2021,0.71
Vermont,Native American or Alaska Native,At least five AP courses,pct_students_school_offers,2020,0.94
Vermont,Native American or Alaska Native,At least five AP courses,pct_students_school_offers,2019,0.95
Vermont,Native American or Alaska Native,At least ten AP courses,pct_students_school_offers,2024,0.44
Vermont,Native American or Alaska Native,At least ten AP courses,pct_students_school_offers,2023,0.44
Vermont,Native American or Alaska Native,At least ten AP courses,pct_students_school_offers,2022,0.4
Vermont,Native American or Alaska Native,At least ten AP courses,pct_students_school_offers,2021,0.4
Vermont,Native American or Alaska Native,At least ten AP courses,pct_students_school_offers,2020,0.31
Vermont,Native American or Alaska Native,At least ten AP courses,pct_students_school_offers,2019,0.29
Vermont,Native American or Alaska Native,At least one AP STEM course,pct_students_school_offers,2024,0.87
Vermont,Native American or Alaska Native,At least one AP STEM course,pct_students_school_offers,2023,0.8
Vermont,Native American or Alaska Native,At least one AP STEM course,pct_students_school_offers,2022,0.93
Vermont,Native American or Alaska Native,At least one AP STEM course,pct_students_school_offers,2021,0.92
Vermont,Native American or Alaska Native,At least one AP STEM course,pct_students_school_offers,2020,0.98
Vermont,Native American or Alaska Native,At least one AP STEM course,pct_students_school_offers,2019,0.98
Vermont,Native Hawaiian or other Pacific Islander,At least five AP courses,pct_students_school_offers,2024,0.8
Vermont,Native Hawaiian or other Pacific Islander,At least five AP courses,pct_students_school_offers,2023,0.76
Vermont,Native Hawaiian or other Pacific Islander,At least five AP courses,pct_students_school_offers,2022,0.68
Vermont,Native Hawaiian or other Pacific Islander,At least five AP courses,pct_students_school_offers,2021,0.68
Vermont,Native Hawaiian or other Pacific Islander,At least five AP courses,pct_students_school_offers,2020,0.25
Vermont,Native Hawaiian or other Pacific Islander,At least five AP courses,pct_students_school_offers,2019,0.5
Vermont,Native Hawaiian or other Pacific Islander,At least ten AP courses,pct_students_school_offers,2024,0.63
Vermont,Native Hawaiian or other Pacific Islander,At least ten AP courses,pct_students_school_offers,2023,0.58
Vermont,Native Hawaiian or other Pacific Islander,At least ten AP courses,pct_students_school_offers,2022,0.5
Vermont,Native Hawaiian or other Pacific Islander,At least ten AP courses,pct_students_school_offers,2021,0.47
Vermont,Native Hawaiian or other Pacific Islander,At least ten AP courses,pct_students_school_offers,2020,0.25
Vermont,Native Hawaiian or other Pacific Islander,At least ten AP courses,pct_students_school_offers,2019,0.25
Vermont,Native Hawaiian or other Pacific Islander,At least one AP STEM course,pct_students_school_offers,2024,0.86
Vermont,Native Hawaiian or other Pacific Islander,At least one AP STEM course,pct_students_school_offers,2023,0.79
Vermont,Native Hawaiian or other Pacific Islander,At least one AP STEM course,pct_students_school_offers,2022,0.87
Vermont,Native Hawaiian or other Pacific Islander,At least one AP STEM course,pct_students_school_offers,2021,0.92
Vermont,Native Hawaiian or other Pacific Islander,At least one AP STEM course,pct_students_school_offers,2020,>99%
Vermont,Native Hawaiian or other Pacific Islander,At least one AP STEM course,pct_students_school_offers,2019,>99%
Vermont,Two or More Races,At least five AP courses,pct_students_school_offers,2024,0.9
Vermont,Two or More Races,At least five AP courses,pct_students_school_offers,2023,0.92
Vermont,Two or More Races,At least five AP courses,pct_students_school_offers,2022,0.86
Vermont,Two or More Races,At least five AP courses,pct_students_school_offers,2021,0.9
Vermont,Two or More Races,At least five AP courses,pct_students_school_offers,2020,0.83
Vermont,Two or More Races,At least five AP courses,pct_students_school_offers,2019,0.91
Vermont,Two or More Races,At least ten AP courses,pct_students_school_offers,2024,0.59
Vermont,Two or More Races,At least ten AP courses,pct_students_school_offers,2023,0.65
Vermont,Two or More Races,At least ten AP courses,pct_students_school_offers,2022,0.57
Vermont,Two or More Races,At least ten AP courses,pct_students_school_offers,2021,0.57
Vermont,Two or More Races,At least ten AP courses,pct_students_school_offers,2020,0.41
Vermont,Two or More Races,At least ten AP courses,pct_students_school_offers,2019,0.48
Vermont,Two or More Races,At least one AP STEM course,pct_students_school_offers,2024,0.95
Vermont,Two or More Races,At least one AP STEM course,pct_students_school_offers,2023,0.95
Vermont,Two or More Races,At least one AP STEM course,pct_students_school_offers,2022,0.97
Vermont,Two or More Races,At least one AP STEM course,pct_students_school_offers,2021,0.94
Vermont,Two or More Races,At least one AP STEM course,pct_students_school_offers,2020,0.92
Vermont,Two or More Races,At least one AP STEM course,pct_students_school_offers,2019,0.97
Virginia,All,At least five AP courses,Number of public high schools that offer,2024,231
Virginia,All,At least five AP courses,Number of public high schools that offer,2023,221
Virginia,All,At least five AP courses,Number of public high schools that offer,2022,220
Virginia,All,At least five AP courses,Number of public high schools that offer,2021,225
Virginia,All,At least five AP courses,Number of public high schools that offer,2020,236
Virginia,All,At least five AP courses,Number of public high schools that offer,2019,238
Virginia,All,At least ten AP courses,Number of public high schools that offer,2024,201
Virginia,All,At least ten AP courses,Number of public high schools that offer,2023,184
Virginia,All,At least ten AP courses,Number of public high schools that offer,2022,183
Virginia,All,At least ten AP courses,Number of public high schools that offer,2021,182
Virginia,All,At least ten AP courses,Number of public high schools that offer,2020,193
Virginia,All,At least ten AP courses,Number of public high schools that offer,2019,181
Virginia,All,At least one AP STEM course,Number of public high schools that offer,2024,245
Virginia,All,At least one AP STEM course,Number of public high schools that offer,2023,246
Virginia,All,At least one AP STEM course,Number of public high schools that offer,2022,246
Virginia,All,At least one AP STEM course,Number of public high schools that offer,2021,261
Virginia,All,At least one AP STEM course,Number of public high schools that offer,2020,258
Virginia,All,At least one AP STEM course,Number of public high schools that offer,2019,257
Virginia,All,At least five AP courses,Percentage of public high schools that offers,2024,0.71
Virginia,All,At least five AP courses,Percentage of public high schools that offers,2023,0.68
Virginia,All,At least five AP courses,Percentage of public high schools that offers,2022,0.68
Virginia,All,At least five AP courses,Percentage of public high schools that offers,2021,0.69
Virginia,All,At least five AP courses,Percentage of public high schools that offers,2020,0.74
Virginia,All,At least five AP courses,Percentage of public high schools that offers,2019,0.74
Virginia,All,At least ten AP courses,Percentage of public high schools that offers,2024,0.61
Virginia,All,At least ten AP courses,Percentage of public high schools that offers,2023,0.56
Virginia,All,At least ten AP courses,Percentage of public high schools that offers,2022,0.56
Virginia,All,At least ten AP courses,Percentage of public high schools that offers,2021,0.56
Virginia,All,At least ten AP courses,Percentage of public high schools that offers,2020,0.6
Virginia,All,At least ten AP courses,Percentage of public high schools that offers,2019,0.56
Virginia,All,At least one AP STEM course,Percentage of public high schools that offers,2024,0.75
Virginia,All,At least one AP STEM course,Percentage of public high schools that offers,2023,0.75
Virginia,All,At least one AP STEM course,Percentage of public high schools that offers,2022,0.76
Virginia,All,At least one AP STEM course,Percentage of public high schools that offers,2021,0.8
Virginia,All,At least one AP STEM course,Percentage of public high schools that offers,2020,0.8
Virginia,All,At least one AP STEM course,Percentage of public high schools that offers,2019,0.8
Virginia,All,At least five AP courses,Percentage of public high school students whose school offers,2024,0.89
Virginia,All,At least five AP courses,Percentage of public high school students whose school offers,2023,0.85
Virginia,All,At least five AP courses,Percentage of public high school students whose school offers,2022,0.85
Virginia,All,At least five AP courses,Percentage of public high school students whose school offers,2021,0.85
Virginia,All,At least five AP courses,Percentage of public high school students whose school offers,2020,0.87
Virginia,All,At least five AP courses,Percentage of public high school students whose school offers,2019,0.88
Virginia,All,At least ten AP courses,Percentage of public high school students whose school offers,2024,0.81
Virginia,All,At least ten AP courses,Percentage of public high school students whose school offers,2023,0.75
Virginia,All,At least ten AP courses,Percentage of public high school students whose school offers,2022,0.75
Virginia,All,At least ten AP courses,Percentage of public high school students whose school offers,2021,0.75
Virginia,All,At least ten AP courses,Percentage of public high school students whose school offers,2020,0.77
Virginia,All,At least ten AP courses,Percentage of public high school students whose school offers,2019,0.74
Virginia,All,At least one AP STEM course,Percentage of public high school students whose school offers,2024,0.9
Virginia,All,At least one AP STEM course,Percentage of public high school students whose school offers,2023,0.91
Virginia,All,At least one AP STEM course,Percentage of public high school students whose school offers,2022,0.91
Virginia,All,At least one AP STEM course,Percentage of public high school students whose school offers,2021,0.93
Virginia,All,At least one AP STEM course,Percentage of public high school students whose school offers,2020,0.91
Virginia,All,At least one AP STEM course,Percentage of public high school students whose school offers,2019,0.93
Virginia,Asian,At least five AP courses,pct_students_school_offers,2024,0.99
Virginia,Asian,At least five AP courses,pct_students_school_offers,2023,0.94
Virginia,Asian,At least five AP courses,pct_students_school_offers,2022,0.93
Virginia,Asian,At least five AP courses,pct_students_school_offers,2021,0.92
Virginia,Asian,At least five AP courses,pct_students_school_offers,2020,0.92
Virginia,Asian,At least five AP courses,pct_students_school_offers,2019,0.94
Virginia,Asian,At least ten AP courses,pct_students_school_offers,2024,0.94
Virginia,Asian,At least ten AP courses,pct_students_school_offers,2023,0.88
Virginia,Asian,At least ten AP courses,pct_students_school_offers,2022,0.87
Virginia,Asian,At least ten AP courses,pct_students_school_offers,2021,0.9
Virginia,Asian,At least ten AP courses,pct_students_school_offers,2020,0.88
Virginia,Asian,At least ten AP courses,pct_students_school_offers,2019,0.86
Virginia,Asian,At least one AP STEM course,pct_students_school_offers,2024,0.99
Virginia,Asian,At least one AP STEM course,pct_students_school_offers,2023,0.99
Virginia,Asian,At least one AP STEM course,pct_students_school_offers,2022,0.99
Virginia,Asian,At least one AP STEM course,pct_students_school_offers,2021,0.98
Virginia,Asian,At least one AP STEM course,pct_students_school_offers,2020,0.98
Virginia,Asian,At least one AP STEM course,pct_students_school_offers,2019,0.99
Virginia,Hispanic/Latino,At least five AP courses,pct_students_school_offers,2024,0.94
Virginia,Hispanic/Latino,At least five AP courses,pct_students_school_offers,2023,0.84
Virginia,Hispanic/Latino,At least five AP courses,pct_students_school_offers,2022,0.88
Virginia,Hispanic/Latino,At least five AP courses,pct_students_school_offers,2021,0.85
Virginia,Hispanic/Latino,At least five AP courses,pct_students_school_offers,2020,0.84
Virginia,Hispanic/Latino,At least five AP courses,pct_students_school_offers,2019,0.86
Virginia,Hispanic/Latino,At least ten AP courses,pct_students_school_offers,2024,0.82
Virginia,Hispanic/Latino,At least ten AP courses,pct_students_school_offers,2023,0.76
Virginia,Hispanic/Latino,At least ten AP courses,pct_students_school_offers,2022,0.76
Virginia,Hispanic/Latino,At least ten AP courses,pct_students_school_offers,2021,0.78
Virginia,Hispanic/Latino,At least ten AP courses,pct_students_school_offers,2020,0.77
Virginia,Hispanic/Latino,At least ten AP courses,pct_students_school_offers,2019,0.75
Virginia,Hispanic/Latino,At least one AP STEM course,pct_students_school_offers,2024,0.95
Virginia,Hispanic/Latino,At least one AP STEM course,pct_students_school_offers,2023,0.96
Virginia,Hispanic/Latino,At least one AP STEM course,pct_students_school_offers,2022,0.96
Virginia,Hispanic/Latino,At least one AP STEM course,pct_students_school_offers,2021,0.96
Virginia,Hispanic/Latino,At least one AP STEM course,pct_students_school_offers,2020,0.96
Virginia,Hispanic/Latino,At least one AP STEM course,pct_students_school_offers,2019,0.97
Virginia,White,At least five AP courses,pct_students_school_offers,2024,0.85
Virginia,White,At least five AP courses,pct_students_school_offers,2023,0.83
Virginia,White,At least five AP courses,pct_students_school_offers,2022,0.82
Virginia,White,At least five AP courses,pct_students_school_offers,2021,0.83
Virginia,White,At least five AP courses,pct_students_school_offers,2020,0.87
Virginia,White,At least five AP courses,pct_students_school_offers,2019,0.87
Virginia,White,At least ten AP courses,pct_students_school_offers,2024,0.78
Virginia,White,At least ten AP courses,pct_students_school_offers,2023,0.73
Virginia,White,At least ten AP courses,pct_students_school_offers,2022,0.73
Virginia,White,At least ten AP courses,pct_students_school_offers,2021,0.73
Virginia,White,At least ten AP courses,pct_students_school_offers,2020,0.76
Virginia,White,At least ten AP courses,pct_students_school_offers,2019,0.73
Virginia,White,At least one AP STEM course,pct_students_school_offers,2024,0.88
Virginia,White,At least one AP STEM course,pct_students_school_offers,2023,0.88
Virginia,White,At least one AP STEM course,pct_students_school_offers,2022,0.88
Virginia,White,At least one AP STEM course,pct_students_school_offers,2021,0.91
Virginia,White,At least one AP STEM course,pct_students_school_offers,2020,0.9
Virginia,White,At least one AP STEM course,pct_students_school_offers,2019,0.91
Virginia,Black or African American,At least five AP courses,pct_students_school_offers,2024,0.87
Virginia,Black or African American,At least five AP courses,pct_students_school_offers,2023,0.84
Virginia,Black or African American,At least five AP courses,pct_students_school_offers,2022,0.84
Virginia,Black or African American,At least five AP courses,pct_students_school_offers,2021,0.83
Virginia,Black or African American,At least five AP courses,pct_students_school_offers,2020,0.86
Virginia,Black or African American,At least five AP courses,pct_students_school_offers,2019,0.89
Virginia,Black or African American,At least ten AP courses,pct_students_school_offers,2024,0.79
Virginia,Black or African American,At least ten AP courses,pct_students_school_offers,2023,0.72
Virginia,Black or African American,At least ten AP courses,pct_students_school_offers,2022,0.72
Virginia,Black or African American,At least ten AP courses,pct_students_school_offers,2021,0.72
Virginia,Black or African American,At least ten AP courses,pct_students_school_offers,2020,0.74
Virginia,Black or African American,At least ten AP courses,pct_students_school_offers,2019,0.71
Virginia,Black or African American,At least one AP STEM course,pct_students_school_offers,2024,0.87
Virginia,Black or African American,At least one AP STEM course,pct_students_school_offers,2023,0.89
Virginia,Black or African American,At least one AP STEM course,pct_students_school_offers,2022,0.91
Virginia,Black or African American,At least one AP STEM course,pct_students_school_offers,2021,0.92
Virginia,Black or African American,At least one AP STEM course,pct_students_school_offers,2020,0.88
Virginia,Black or African American,At least one AP STEM course,pct_students_school_offers,2019,0.92
Virginia,Native American or Alaska Native,At least five AP courses,pct_students_school_offers,2024,0.89
Virginia,Native American or Alaska Native,At least five AP courses,pct_students_school_offers,2023,0.85
Virginia,Native American or Alaska Native,At least five AP courses,pct_students_school_offers,2022,0.84
Virginia,Native American or Alaska Native,At least five AP courses,pct_students_school_offers,2021,0.84
Virginia,Native American or Alaska Native,At least five AP courses,pct_students_school_offers,2020,0.88
Virginia,Native American or Alaska Native,At least five AP courses,pct_students_school_offers,2019,0.88
Virginia,Native American or Alaska Native,At least ten AP courses,pct_students_school_offers,2024,0.83
Virginia,Native American or Alaska Native,At least ten AP courses,pct_students_school_offers,2023,0.77
Virginia,Native American or Alaska Native,At least ten AP courses,pct_students_school_offers,2022,0.73
Virginia,Native American or Alaska Native,At least ten AP courses,pct_students_school_offers,2021,0.76
Virginia,Native American or Alaska Native,At least ten AP courses,pct_students_school_offers,2020,0.78
Virginia,Native American or Alaska Native,At least ten AP courses,pct_students_school_offers,2019,0.76
Virginia,Native American or Alaska Native,At least one AP STEM course,pct_students_school_offers,2024,0.91
Virginia,Native American or Alaska Native,At least one AP STEM course,pct_students_school_offers,2023,0.9
Virginia,Native American or Alaska Native,At least one AP STEM course,pct_students_school_offers,2022,0.9
Virginia,Native American or Alaska Native,At least one AP STEM course,pct_students_school_offers,2021,0.91
Virginia,Native American or Alaska Native,At least one AP STEM course,pct_students_school_offers,2020,0.94
Virginia,Native American or Alaska Native,At least one AP STEM course,pct_students_school_offers,2019,0.94
Virginia,Native Hawaiian or other Pacific Islander,At least five AP courses,pct_students_school_offers,2024,0.94
Virginia,Native Hawaiian or other Pacific Islander,At least five AP courses,pct_students_school_offers,2023,0.91
Virginia,Native Hawaiian or other Pacific Islander,At least five AP courses,pct_students_school_offers,2022,0.93
Virginia,Native Hawaiian or other Pacific Islander,At least five AP courses,pct_students_school_offers,2021,0.92
Virginia,Native Hawaiian or other Pacific Islander,At least five AP courses,pct_students_school_offers,2020,0.94
Virginia,Native Hawaiian or other Pacific Islander,At least five AP courses,pct_students_school_offers,2019,0.96
Virginia,Native Hawaiian or other Pacific Islander,At least ten AP courses,pct_students_school_offers,2024,0.88
Virginia,Native Hawaiian or other Pacific Islander,At least ten AP courses,pct_students_school_offers,2023,0.85
Virginia,Native Hawaiian or other Pacific Islander,At least ten AP courses,pct_students_school_offers,2022,0.86
Virginia,Native Hawaiian or other Pacific Islander,At least ten AP courses,pct_students_school_offers,2021,0.88
Virginia,Native Hawaiian or other Pacific Islander,At least ten AP courses,pct_students_school_offers,2020,0.88
Virginia,Native Hawaiian or other Pacific Islander,At least ten AP courses,pct_students_school_offers,2019,0.87
Virginia,Native Hawaiian or other Pacific Islander,At least one AP STEM course,pct_students_school_offers,2024,0.96
Virginia,Native Hawaiian or other Pacific Islander,At least one AP STEM course,pct_students_school_offers,2023,0.96
Virginia,Native Hawaiian or other Pacific Islander,At least one AP STEM course,pct_students_school_offers,2022,0.97
Virginia,Native Hawaiian or other Pacific Islander,At least one AP STEM course,pct_students_school_offers,2021,0.98
Virginia,Native Hawaiian or other Pacific Islander,At least one AP STEM course,pct_students_school_offers,2020,0.97
Virginia,Native Hawaiian or other Pacific Islander,At least one AP STEM course,pct_students_school_offers,2019,0.98
Virginia,Two or More Races,At least five AP courses,pct_students_school_offers,2024,0.93
Virginia,Two or More Races,At least five AP courses,pct_students_school_offers,2023,0.9
Virginia,Two or More Races,At least five AP courses,pct_students_school_offers,2022,0.9
Virginia,Two or More Races,At least five AP courses,pct_students_school_offers,2021,0.9
Virginia,Two or More Races,At least five AP courses,pct_students_school_offers,2020,0.91
Virginia,Two or More Races,At least five AP courses,pct_students_school_offers,2019,0.92
Virginia,Two or More Races,At least ten AP courses,pct_students_school_offers,2024,0.87
Virginia,Two or More Races,At least ten AP courses,pct_students_school_offers,2023,0.8
Virginia,Two or More Races,At least ten AP courses,pct_students_school_offers,2022,0.81
Virginia,Two or More Races,At least ten AP courses,pct_students_school_offers,2021,0.81
Virginia,Two or More Races,At least ten AP courses,pct_students_school_offers,2020,0.83
Virginia,Two or More Races,At least ten AP courses,pct_students_school_offers,2019,0.82
Virginia,Two or More Races,At least one AP STEM course,pct_students_school_offers,2024,0.94
Virginia,Two or More Races,At least one AP STEM course,pct_students_school_offers,2023,0.95
Virginia,Two or More Races,At least one AP STEM course,pct_students_school_offers,2022,0.95
Virginia,Two or More Races,At least one AP STEM course,pct_students_school_offers,2021,0.96
Virginia,Two or More Races,At least one AP STEM course,pct_students_school_offers,2020,0.95
Virginia,Two or More Races,At least one AP STEM course,pct_students_school_offers,2019,0.96
Washington,All,At least five AP courses,Number of public high schools that offer,2024,197
Washington,All,At least five AP courses,Number of public high schools that offer,2023,198
Washington,All,At least five AP courses,Number of public high schools that offer,2022,183
Washington,All,At least five AP courses,Number of public high schools that offer,2021,194
Washington,All,At least five AP courses,Number of public high schools that offer,2020,177
Washington,All,At least five AP courses,Number of public high schools that offer,2019,184
Washington,All,At least ten AP courses,Number of public high schools that offer,2024,138
Washington,All,At least ten AP courses,Number of public high schools that offer,2023,134
Washington,All,At least ten AP courses,Number of public high schools that offer,2022,131
Washington,All,At least ten AP courses,Number of public high schools that offer,2021,132
Washington,All,At least ten AP courses,Number of public high schools that offer,2020,118
Washington,All,At least ten AP courses,Number of public high schools that offer,2019,131
Washington,All,At least one AP STEM course,Number of public high schools that offer,2024,242
Washington,All,At least one AP STEM course,Number of public high schools that offer,2023,249
Washington,All,At least one AP STEM course,Number of public high schools that offer,2022,236
Washington,All,At least one AP STEM course,Number of public high schools that offer,2021,247
Washington,All,At least one AP STEM course,Number of public high schools that offer,2020,233
Washington,All,At least one AP STEM course,Number of public high schools that offer,2019,226
Washington,All,At least five AP courses,Percentage of public high schools that offers,2024,0.4
Washington,All,At least five AP courses,Percentage of public high schools that offers,2023,0.43
Washington,All,At least five AP courses,Percentage of public high schools that offers,2022,0.41
Washington,All,At least five AP courses,Percentage of public high schools that offers,2021,0.43
Washington,All,At least five AP courses,Percentage of public high schools that offers,2020,0.42
Washington,All,At least five AP courses,Percentage of public high schools that offers,2019,0.44
Washington,All,At least ten AP courses,Percentage of public high schools that offers,2024,0.28
Washington,All,At least ten AP courses,Percentage of public high schools that offers,2023,0.29
Washington,All,At least ten AP courses,Percentage of public high schools that offers,2022,0.29
Washington,All,At least ten AP courses,Percentage of public high schools that offers,2021,0.3
Washington,All,At least ten AP courses,Percentage of public high schools that offers,2020,0.28
Washington,All,At least ten AP courses,Percentage of public high schools that offers,2019,0.31
Washington,All,At least one AP STEM course,Percentage of public high schools that offers,2024,0.49
Washington,All,At least one AP STEM course,Percentage of public high schools that offers,2023,0.54
Washington,All,At least one AP STEM course,Percentage of public high schools that offers,2022,0.53
Washington,All,At least one AP STEM course,Percentage of public high schools that offers,2021,0.55
Washington,All,At least one AP STEM course,Percentage of public high schools that offers,2020,0.53
Washington,All,At least one AP STEM course,Percentage of public high schools that offers,2019,0.54
Washington,All,At least five AP courses,Percentage of public high school students whose school offers,2024,0.72
Washington,All,At least five AP courses,Percentage of public high school students whose school offers,2023,0.73
Washington,All,At least five AP courses,Percentage of public high school students whose school offers,2022,0.73
Washington,All,At least five AP courses,Percentage of public high school students whose school offers,2021,0.76
Washington,All,At least five AP courses,Percentage of public high school students whose school offers,2020,0.75
Washington,All,At least five AP courses,Percentage of public high school students whose school offers,2019,0.77
Washington,All,At least ten AP courses,Percentage of public high school students whose school offers,2024,0.59
Washington,All,At least ten AP courses,Percentage of public high school students whose school offers,2023,0.6
Washington,All,At least ten AP courses,Percentage of public high school students whose school offers,2022,0.6
Washington,All,At least ten AP courses,Percentage of public high school students whose school offers,2021,0.6
Washington,All,At least ten AP courses,Percentage of public high school students whose school offers,2020,0.59
Washington,All,At least ten AP courses,Percentage of public high school students whose school offers,2019,0.63
Washington,All,At least one AP STEM course,Percentage of public high school students whose school offers,2024,0.81
Washington,All,At least one AP STEM course,Percentage of public high school students whose school offers,2023,0.82
Washington,All,At least one AP STEM course,Percentage of public high school students whose school offers,2022,0.82
Washington,All,At least one AP STEM course,Percentage of public high school students whose school offers,2021,0.84
Washington,All,At least one AP STEM course,Percentage of public high school students whose school offers,2020,0.84
Washington,All,At least one AP STEM course,Percentage of public high school students whose school offers,2019,0.83
Washington,Asian,At least five AP courses,pct_students_school_offers,2024,0.85
Washington,Asian,At least five AP courses,pct_students_school_offers,2023,0.87
Washington,Asian,At least five AP courses,pct_students_school_offers,2022,0.84
Washington,Asian,At least five AP courses,pct_students_school_offers,2021,0.86
Washington,Asian,At least five AP courses,pct_students_school_offers,2020,0.83
Washington,Asian,At least five AP courses,pct_students_school_offers,2019,0.87
Washington,Asian,At least ten AP courses,pct_students_school_offers,2024,0.75
Washington,Asian,At least ten AP courses,pct_students_school_offers,2023,0.74
Washington,Asian,At least ten AP courses,pct_students_school_offers,2022,0.73
Washington,Asian,At least ten AP courses,pct_students_school_offers,2021,0.74
Washington,Asian,At least ten AP courses,pct_students_school_offers,2020,0.74
Washington,Asian,At least ten AP courses,pct_students_school_offers,2019,0.75
Washington,Asian,At least one AP STEM course,pct_students_school_offers,2024,0.9
Washington,Asian,At least one AP STEM course,pct_students_school_offers,2023,0.92
Washington,Asian,At least one AP STEM course,pct_students_school_offers,2022,0.91
Washington,Asian,At least one AP STEM course,pct_students_school_offers,2021,0.92
Washington,Asian,At least one AP STEM course,pct_students_school_offers,2020,0.92
Washington,Asian,At least one AP STEM course,pct_students_school_offers,2019,0.91
Washington,Hispanic/Latino,At least five AP courses,pct_students_school_offers,2024,0.6
Washington,Hispanic/Latino,At least five AP courses,pct_students_school_offers,2023,0.62
Washington,Hispanic/Latino,At least five AP courses,pct_students_school_offers,2022,0.63
Washington,Hispanic/Latino,At least five AP courses,pct_students_school_offers,2021,0.68
Washington,Hispanic/Latino,At least five AP courses,pct_students_school_offers,2020,0.65
Washington,Hispanic/Latino,At least five AP courses,pct_students_school_offers,2019,0.67
Washington,Hispanic/Latino,At least ten AP courses,pct_students_school_offers,2024,0.47
Washington,Hispanic/Latino,At least ten AP courses,pct_students_school_offers,2023,0.47
Washington,Hispanic/Latino,At least ten AP courses,pct_students_school_offers,2022,0.47
Washington,Hispanic/Latino,At least ten AP courses,pct_students_school_offers,2021,0.48
Washington,Hispanic/Latino,At least ten AP courses,pct_students_school_offers,2020,0.46
Washington,Hispanic/Latino,At least ten AP courses,pct_students_school_offers,2019,0.49
Washington,Hispanic/Latino,At least one AP STEM course,pct_students_school_offers,2024,0.74
Washington,Hispanic/Latino,At least one AP STEM course,pct_students_school_offers,2023,0.76
Washington,Hispanic/Latino,At least one AP STEM course,pct_students_school_offers,2022,0.75
Washington,Hispanic/Latino,At least one AP STEM course,pct_students_school_offers,2021,0.78
Washington,Hispanic/Latino,At least one AP STEM course,pct_students_school_offers,2020,0.77
Washington,Hispanic/Latino,At least one AP STEM course,pct_students_school_offers,2019,0.77
Washington,White,At least five AP courses,pct_students_school_offers,2024,0.75
Washington,White,At least five AP courses,pct_students_school_offers,2023,0.76
Washington,White,At least five AP courses,pct_students_school_offers,2022,0.75
Washington,White,At least five AP courses,pct_students_school_offers,2021,0.77
Washington,White,At least five AP courses,pct_students_school_offers,2020,0.76
Washington,White,At least five AP courses,pct_students_school_offers,2019,0.79
Washington,White,At least ten AP courses,pct_students_school_offers,2024,0.62
Washington,White,At least ten AP courses,pct_students_school_offers,2023,0.62
Washington,White,At least ten AP courses,pct_students_school_offers,2022,0.64
Washington,White,At least ten AP courses,pct_students_school_offers,2021,0.64
Washington,White,At least ten AP courses,pct_students_school_offers,2020,0.6
Washington,White,At least ten AP courses,pct_students_school_offers,2019,0.65
Washington,White,At least one AP STEM course,pct_students_school_offers,2024,0.83
Washington,White,At least one AP STEM course,pct_students_school_offers,2023,0.84
Washington,White,At least one AP STEM course,pct_students_school_offers,2022,0.84
Washington,White,At least one AP STEM course,pct_students_school_offers,2021,0.85
Washington,White,At least one AP STEM course,pct_students_school_offers,2020,0.85
Washington,White,At least one AP STEM course,pct_students_school_offers,2019,0.85
Washington,Black or African American,At least five AP courses,pct_students_school_offers,2024,0.75
Washington,Black or African American,At least five AP courses,pct_students_school_offers,2023,0.75
Washington,Black or African American,At least five AP courses,pct_students_school_offers,2022,0.76
Washington,Black or African American,At least five AP courses,pct_students_school_offers,2021,0.79
Washington,Black or African American,At least five AP courses,pct_students_school_offers,2020,0.77
Washington,Black or African American,At least five AP courses,pct_students_school_offers,2019,0.77
Washington,Black or African American,At least ten AP courses,pct_students_school_offers,2024,0.59
Washington,Black or African American,At least ten AP courses,pct_students_school_offers,2023,0.61
Washington,Black or African American,At least ten AP courses,pct_students_school_offers,2022,0.6
Washington,Black or African American,At least ten AP courses,pct_students_school_offers,2021,0.62
Washington,Black or African American,At least ten AP courses,pct_students_school_offers,2020,0.62
Washington,Black or African American,At least ten AP courses,pct_students_school_offers,2019,0.64
Washington,Black or African American,At least one AP STEM course,pct_students_school_offers,2024,0.79
Washington,Black or African American,At least one AP STEM course,pct_students_school_offers,2023,0.83
Washington,Black or African American,At least one AP STEM course,pct_students_school_offers,2022,0.82
Washington,Black or African American,At least one AP STEM course,pct_students_school_offers,2021,0.88
Washington,Black or African American,At least one AP STEM course,pct_students_school_offers,2020,0.84
Washington,Black or African American,At least one AP STEM course,pct_students_school_offers,2019,0.84
Washington,Native American or Alaska Native,At least five AP courses,pct_students_school_offers,2024,0.42
Washington,Native American or Alaska Native,At least five AP courses,pct_students_school_offers,2023,0.5
Washington,Native American or Alaska Native,At least five AP courses,pct_students_school_offers,2022,0.53
Washington,Native American or Alaska Native,At least five AP courses,pct_students_school_offers,2021,0.56
Washington,Native American or Alaska Native,At least five AP courses,pct_students_school_offers,2020,0.54
Washington,Native American or Alaska Native,At least five AP courses,pct_students_school_offers,2019,0.56
Washington,Native American or Alaska Native,At least ten AP courses,pct_students_school_offers,2024,0.28
Washington,Native American or Alaska Native,At least ten AP courses,pct_students_school_offers,2023,0.34
Washington,Native American or Alaska Native,At least ten AP courses,pct_students_school_offers,2022,0.34
Washington,Native American or Alaska Native,At least ten AP courses,pct_students_school_offers,2021,0.32
Washington,Native American or Alaska Native,At least ten AP courses,pct_students_school_offers,2020,0.35
Washington,Native American or Alaska Native,At least ten AP courses,pct_students_school_offers,2019,0.41
Washington,Native American or Alaska Native,At least one AP STEM course,pct_students_school_offers,2024,0.5
Washington,Native American or Alaska Native,At least one AP STEM course,pct_students_school_offers,2023,0.56
Washington,Native American or Alaska Native,At least one AP STEM course,pct_students_school_offers,2022,0.61
Washington,Native American or Alaska Native,At least one AP STEM course,pct_students_school_offers,2021,0.6
Washington,Native American or Alaska Native,At least one AP STEM course,pct_students_school_offers,2020,0.64
Washington,Native American or Alaska Native,At least one AP STEM course,pct_students_school_offers,2019,0.65
Washington,Native Hawaiian or other Pacific Islander,At least five AP courses,pct_students_school_offers,2024,0.81
Washington,Native Hawaiian or other Pacific Islander,At least five AP courses,pct_students_school_offers,2023,0.81
Washington,Native Hawaiian or other Pacific Islander,At least five AP courses,pct_students_school_offers,2022,0.84
Washington,Native Hawaiian or other Pacific Islander,At least five AP courses,pct_students_school_offers,2021,0.86
Washington,Native Hawaiian or other Pacific Islander,At least five AP courses,pct_students_school_offers,2020,0.84
Washington,Native Hawaiian or other Pacific Islander,At least five AP courses,pct_students_school_offers,2019,0.85
Washington,Native Hawaiian or other Pacific Islander,At least ten AP courses,pct_students_school_offers,2024,0.62
Washington,Native Hawaiian or other Pacific Islander,At least ten AP courses,pct_students_school_offers,2023,0.69
Washington,Native Hawaiian or other Pacific Islander,At least ten AP courses,pct_students_school_offers,2022,0.67
Washington,Native Hawaiian or other Pacific Islander,At least ten AP courses,pct_students_school_offers,2021,0.68
Washington,Native Hawaiian or other Pacific Islander,At least ten AP courses,pct_students_school_offers,2020,0.68
Washington,Native Hawaiian or other Pacific Islander,At least ten AP courses,pct_students_school_offers,2019,0.72
Washington,Native Hawaiian or other Pacific Islander,At least one AP STEM course,pct_students_school_offers,2024,0.85
Washington,Native Hawaiian or other Pacific Islander,At least one AP STEM course,pct_students_school_offers,2023,0.87
Washington,Native Hawaiian or other Pacific Islander,At least one AP STEM course,pct_students_school_offers,2022,0.88
Washington,Native Hawaiian or other Pacific Islander,At least one AP STEM course,pct_students_school_offers,2021,0.93
Washington,Native Hawaiian or other Pacific Islander,At least one AP STEM course,pct_students_school_offers,2020,0.87
Washington,Native Hawaiian or other Pacific Islander,At least one AP STEM course,pct_students_school_offers,2019,0.88
Washington,Two or More Races,At least five AP courses,pct_students_school_offers,2024,0.79
Washington,Two or More Races,At least five AP courses,pct_students_school_offers,2023,0.79
Washington,Two or More Races,At least five AP courses,pct_students_school_offers,2022,0.79
Washington,Two or More Races,At least five AP courses,pct_students_school_offers,2021,0.81
Washington,Two or More Races,At least five AP courses,pct_students_school_offers,2020,0.8
Washington,Two or More Races,At least five AP courses,pct_students_school_offers,2019,0.81
Washington,Two or More Races,At least ten AP courses,pct_students_school_offers,2024,0.65
Washington,Two or More Races,At least ten AP courses,pct_students_school_offers,2023,0.67
Washington,Two or More Races,At least ten AP courses,pct_students_school_offers,2022,0.67
Washington,Two or More Races,At least ten AP courses,pct_students_school_offers,2021,0.67
Washington,Two or More Races,At least ten AP courses,pct_students_school_offers,2020,0.67
Washington,Two or More Races,At least ten AP courses,pct_students_school_offers,2019,0.7
Washington,Two or More Races,At least one AP STEM course,pct_students_school_offers,2024,0.85
Washington,Two or More Races,At least one AP STEM course,pct_students_school_offers,2023,0.86
Washington,Two or More Races,At least one AP STEM course,pct_students_school_offers,2022,0.86
Washington,Two or More Races,At least one AP STEM course,pct_students_school_offers,2021,0.87
Washington,Two or More Races,At least one AP STEM course,pct_students_school_offers,2020,0.87
Washington,Two or More Races,At least one AP STEM course,pct_students_school_offers,2019,0.86
West Virginia,All,At least five AP courses,Number of public high schools that offer,2024,64
West Virginia,All,At least five AP courses,Number of public high schools that offer,2023,66
West Virginia,All,At least five AP courses,Number of public high schools that offer,2022,68
West Virginia,All,At least five AP courses,Number of public high schools that offer,2021,67
West Virginia,All,At least five AP courses,Number of public high schools that offer,2020,67
West Virginia,All,At least five AP courses,Number of public high schools that offer,2019,74
West Virginia,All,At least ten AP courses,Number of public high schools that offer,2024,33
West Virginia,All,At least ten AP courses,Number of public high schools that offer,2023,31
West Virginia,All,At least ten AP courses,Number of public high schools that offer,2022,32
West Virginia,All,At least ten AP courses,Number of public high schools that offer,2021,28
West Virginia,All,At least ten AP courses,Number of public high schools that offer,2020,29
West Virginia,All,At least ten AP courses,Number of public high schools that offer,2019,29
West Virginia,All,At least one AP STEM course,Number of public high schools that offer,2024,84
West Virginia,All,At least one AP STEM course,Number of public high schools that offer,2023,79
West Virginia,All,At least one AP STEM course,Number of public high schools that offer,2022,83
West Virginia,All,At least one AP STEM course,Number of public high schools that offer,2021,89
West Virginia,All,At least one AP STEM course,Number of public high schools that offer,2020,90
West Virginia,All,At least one AP STEM course,Number of public high schools that offer,2019,86
West Virginia,All,At least five AP courses,Percentage of public high schools that offers,2024,0.54
West Virginia,All,At least five AP courses,Percentage of public high schools that offers,2023,0.57
West Virginia,All,At least five AP courses,Percentage of public high schools that offers,2022,0.59
West Virginia,All,At least five AP courses,Percentage of public high schools that offers,2021,0.58
West Virginia,All,At least five AP courses,Percentage of public high schools that offers,2020,0.57
West Virginia,All,At least five AP courses,Percentage of public high schools that offers,2019,0.63
West Virginia,All,At least ten AP courses,Percentage of public high schools that offers,2024,0.28
West Virginia,All,At least ten AP courses,Percentage of public high schools that offers,2023,0.27
West Virginia,All,At least ten AP courses,Percentage of public high schools that offers,2022,0.28
West Virginia,All,At least ten AP courses,Percentage of public high schools that offers,2021,0.24
West Virginia,All,At least ten AP courses,Percentage of public high schools that offers,2020,0.25
West Virginia,All,At least ten AP courses,Percentage of public high schools that offers,2019,0.25
West Virginia,All,At least one AP STEM course,Percentage of public high schools that offers,2024,0.71
West Virginia,All,At least one AP STEM course,Percentage of public high schools that offers,2023,0.69
West Virginia,All,At least one AP STEM course,Percentage of public high schools that offers,2022,0.72
West Virginia,All,At least one AP STEM course,Percentage of public high schools that offers,2021,0.77
West Virginia,All,At least one AP STEM course,Percentage of public high schools that offers,2020,0.76
West Virginia,All,At least one AP STEM course,Percentage of public high schools that offers,2019,0.73
West Virginia,All,At least five AP courses,Percentage of public high school students whose school offers,2024,0.76
West Virginia,All,At least five AP courses,Percentage of public high school students whose school offers,2023,0.77
West Virginia,All,At least five AP courses,Percentage of public high school students whose school offers,2022,0.77
West Virginia,All,At least five AP courses,Percentage of public high school students whose school offers,2021,0.77
West Virginia,All,At least five AP courses,Percentage of public high school students whose school offers,2020,0.75
West Virginia,All,At least five AP courses,Percentage of public high school students whose school offers,2019,0.8
West Virginia,All,At least ten AP courses,Percentage of public high school students whose school offers,2024,0.5
West Virginia,All,At least ten AP courses,Percentage of public high school students whose school offers,2023,0.49
West Virginia,All,At least ten AP courses,Percentage of public high school students whose school offers,2022,0.5
West Virginia,All,At least ten AP courses,Percentage of public high school students whose school offers,2021,0.44
West Virginia,All,At least ten AP courses,Percentage of public high school students whose school offers,2020,0.43
West Virginia,All,At least ten AP courses,Percentage of public high school students whose school offers,2019,0.43
West Virginia,All,At least one AP STEM course,Percentage of public high school students whose school offers,2024,0.86
West Virginia,All,At least one AP STEM course,Percentage of public high school students whose school offers,2023,0.83
West Virginia,All,At least one AP STEM course,Percentage of public high school students whose school offers,2022,0.85
West Virginia,All,At least one AP STEM course,Percentage of public high school students whose school offers,2021,0.88
West Virginia,All,At least one AP STEM course,Percentage of public high school students whose school offers,2020,0.89
West Virginia,All,At least one AP STEM course,Percentage of public high school students whose school offers,2019,0.87
West Virginia,Asian,At least five AP courses,pct_students_school_offers,2024,0.93
West Virginia,Asian,At least five AP courses,pct_students_school_offers,2023,0.94
West Virginia,Asian,At least five AP courses,pct_students_school_offers,2022,0.94
West Virginia,Asian,At least five AP courses,pct_students_school_offers,2021,0.94
West Virginia,Asian,At least five AP courses,pct_students_school_offers,2020,0.91
West Virginia,Asian,At least five AP courses,pct_students_school_offers,2019,0.93
West Virginia,Asian,At least ten AP courses,pct_students_school_offers,2024,0.8
West Virginia,Asian,At least ten AP courses,pct_students_school_offers,2023,0.78
West Virginia,Asian,At least ten AP courses,pct_students_school_offers,2022,0.83
West Virginia,Asian,At least ten AP courses,pct_students_school_offers,2021,0.78
West Virginia,Asian,At least ten AP courses,pct_students_school_offers,2020,0.74
West Virginia,Asian,At least ten AP courses,pct_students_school_offers,2019,0.75
West Virginia,Asian,At least one AP STEM course,pct_students_school_offers,2024,0.94
West Virginia,Asian,At least one AP STEM course,pct_students_school_offers,2023,0.96
West Virginia,Asian,At least one AP STEM course,pct_students_school_offers,2022,0.96
West Virginia,Asian,At least one AP STEM course,pct_students_school_offers,2021,0.96
West Virginia,Asian,At least one AP STEM course,pct_students_school_offers,2020,0.96
West Virginia,Asian,At least one AP STEM course,pct_students_school_offers,2019,0.97
West Virginia,Hispanic/Latino,At least five AP courses,pct_students_school_offers,2024,0.91
West Virginia,Hispanic/Latino,At least five AP courses,pct_students_school_offers,2023,0.91
West Virginia,Hispanic/Latino,At least five AP courses,pct_students_school_offers,2022,0.92
West Virginia,Hispanic/Latino,At least five AP courses,pct_students_school_offers,2021,0.88
West Virginia,Hispanic/Latino,At least five AP courses,pct_students_school_offers,2020,0.89
West Virginia,Hispanic/Latino,At least five AP courses,pct_students_school_offers,2019,0.93
West Virginia,Hispanic/Latino,At least ten AP courses,pct_students_school_offers,2024,0.76
West Virginia,Hispanic/Latino,At least ten AP courses,pct_students_school_offers,2023,0.74
West Virginia,Hispanic/Latino,At least ten AP courses,pct_students_school_offers,2022,0.77
West Virginia,Hispanic/Latino,At least ten AP courses,pct_students_school_offers,2021,0.73
West Virginia,Hispanic/Latino,At least ten AP courses,pct_students_school_offers,2020,0.55
West Virginia,Hispanic/Latino,At least ten AP courses,pct_students_school_offers,2019,0.72
West Virginia,Hispanic/Latino,At least one AP STEM course,pct_students_school_offers,2024,0.95
West Virginia,Hispanic/Latino,At least one AP STEM course,pct_students_school_offers,2023,0.94
West Virginia,Hispanic/Latino,At least one AP STEM course,pct_students_school_offers,2022,0.94
West Virginia,Hispanic/Latino,At least one AP STEM course,pct_students_school_offers,2021,0.95
West Virginia,Hispanic/Latino,At least one AP STEM course,pct_students_school_offers,2020,0.96
West Virginia,Hispanic/Latino,At least one AP STEM course,pct_students_school_offers,2019,0.95
West Virginia,White,At least five AP courses,pct_students_school_offers,2024,0.75
West Virginia,White,At least five AP courses,pct_students_school_offers,2023,0.76
West Virginia,White,At least five AP courses,pct_students_school_offers,2022,0.75
West Virginia,White,At least five AP courses,pct_students_school_offers,2021,0.76
West Virginia,White,At least five AP courses,pct_students_school_offers,2020,0.74
West Virginia,White,At least five AP courses,pct_students_school_offers,2019,0.79
West Virginia,White,At least ten AP courses,pct_students_school_offers,2024,0.48
West Virginia,White,At least ten AP courses,pct_students_school_offers,2023,0.47
West Virginia,White,At least ten AP courses,pct_students_school_offers,2022,0.47
West Virginia,White,At least ten AP courses,pct_students_school_offers,2021,0.42
West Virginia,White,At least ten AP courses,pct_students_school_offers,2020,0.42
West Virginia,White,At least ten AP courses,pct_students_school_offers,2019,0.41
West Virginia,White,At least one AP STEM course,pct_students_school_offers,2024,0.85
West Virginia,White,At least one AP STEM course,pct_students_school_offers,2023,0.82
West Virginia,White,At least one AP STEM course,pct_students_school_offers,2022,0.85
West Virginia,White,At least one AP STEM course,pct_students_school_offers,2021,0.88
West Virginia,White,At least one AP STEM course,pct_students_school_offers,2020,0.88
West Virginia,White,At least one AP STEM course,pct_students_school_offers,2019,0.87
West Virginia,Black or African American,At least five AP courses,pct_students_school_offers,2024,0.83
West Virginia,Black or African American,At least five AP courses,pct_students_school_offers,2023,0.87
West Virginia,Black or African American,At least five AP courses,pct_students_school_offers,2022,0.87
West Virginia,Black or African American,At least five AP courses,pct_students_school_offers,2021,0.83
West Virginia,Black or African American,At least five AP courses,pct_students_school_offers,2020,0.8
West Virginia,Black or African American,At least five AP courses,pct_students_school_offers,2019,0.86
West Virginia,Black or African American,At least ten AP courses,pct_students_school_offers,2024,0.59
West Virginia,Black or African American,At least ten AP courses,pct_students_school_offers,2023,0.59
West Virginia,Black or African American,At least ten AP courses,pct_students_school_offers,2022,0.69
West Virginia,Black or African American,At least ten AP courses,pct_students_school_offers,2021,0.64
West Virginia,Black or African American,At least ten AP courses,pct_students_school_offers,2020,0.53
West Virginia,Black or African American,At least ten AP courses,pct_students_school_offers,2019,0.6
West Virginia,Black or African American,At least one AP STEM course,pct_students_school_offers,2024,0.91
West Virginia,Black or African American,At least one AP STEM course,pct_students_school_offers,2023,0.88
West Virginia,Black or African American,At least one AP STEM course,pct_students_school_offers,2022,0.89
West Virginia,Black or African American,At least one AP STEM course,pct_students_school_offers,2021,0.91
West Virginia,Black or African American,At least one AP STEM course,pct_students_school_offers,2020,0.9
West Virginia,Black or African American,At least one AP STEM course,pct_students_school_offers,2019,0.94
West Virginia,Native American or Alaska Native,At least five AP courses,pct_students_school_offers,2024,0.85
West Virginia,Native American or Alaska Native,At least five AP courses,pct_students_school_offers,2023,0.89
West Virginia,Native American or Alaska Native,At least five AP courses,pct_students_school_offers,2022,0.74
West Virginia,Native American or Alaska Native,At least five AP courses,pct_students_school_offers,2021,0.73
West Virginia,Native American or Alaska Native,At least five AP courses,pct_students_school_offers,2020,0.81
West Virginia,Native American or Alaska Native,At least five AP courses,pct_students_school_offers,2019,0.91
West Virginia,Native American or Alaska Native,At least ten AP courses,pct_students_school_offers,2024,0.6
West Virginia,Native American or Alaska Native,At least ten AP courses,pct_students_school_offers,2023,0.6
West Virginia,Native American or Alaska Native,At least ten AP courses,pct_students_school_offers,2022,0.57
West Virginia,Native American or Alaska Native,At least ten AP courses,pct_students_school_offers,2021,0.55
West Virginia,Native American or Alaska Native,At least ten AP courses,pct_students_school_offers,2020,0.52
West Virginia,Native American or Alaska Native,At least ten AP courses,pct_students_school_offers,2019,0.55
West Virginia,Native American or Alaska Native,At least one AP STEM course,pct_students_school_offers,2024,0.91
West Virginia,Native American or Alaska Native,At least one AP STEM course,pct_students_school_offers,2023,0.92
West Virginia,Native American or Alaska Native,At least one AP STEM course,pct_students_school_offers,2022,0.81
West Virginia,Native American or Alaska Native,At least one AP STEM course,pct_students_school_offers,2021,0.82
West Virginia,Native American or Alaska Native,At least one AP STEM course,pct_students_school_offers,2020,0.95
West Virginia,Native American or Alaska Native,At least one AP STEM course,pct_students_school_offers,2019,0.88
West Virginia,Native Hawaiian or other Pacific Islander,At least five AP courses,pct_students_school_offers,2024,0.92
West Virginia,Native Hawaiian or other Pacific Islander,At least five AP courses,pct_students_school_offers,2023,0.92
West Virginia,Native Hawaiian or other Pacific Islander,At least five AP courses,pct_students_school_offers,2022,0.98
West Virginia,Native Hawaiian or other Pacific Islander,At least five AP courses,pct_students_school_offers,2021,0.93
West Virginia,Native Hawaiian or other Pacific Islander,At least five AP courses,pct_students_school_offers,2020,0.89
West Virginia,Native Hawaiian or other Pacific Islander,At least five AP courses,pct_students_school_offers,2019,0.96
West Virginia,Native Hawaiian or other Pacific Islander,At least ten AP courses,pct_students_school_offers,2024,0.72
West Virginia,Native Hawaiian or other Pacific Islander,At least ten AP courses,pct_students_school_offers,2023,0.68
West Virginia,Native Hawaiian or other Pacific Islander,At least ten AP courses,pct_students_school_offers,2022,0.77
West Virginia,Native Hawaiian or other Pacific Islander,At least ten AP courses,pct_students_school_offers,2021,0.66
West Virginia,Native Hawaiian or other Pacific Islander,At least ten AP courses,pct_students_school_offers,2020,0.39
West Virginia,Native Hawaiian or other Pacific Islander,At least ten AP courses,pct_students_school_offers,2019,0.57
West Virginia,Native Hawaiian or other Pacific Islander,At least one AP STEM course,pct_students_school_offers,2024,0.97
West Virginia,Native Hawaiian or other Pacific Islander,At least one AP STEM course,pct_students_school_offers,2023,0.97
West Virginia,Native Hawaiian or other Pacific Islander,At least one AP STEM course,pct_students_school_offers,2022,0.98
West Virginia,Native Hawaiian or other Pacific Islander,At least one AP STEM course,pct_students_school_offers,2021,0.95
West Virginia,Native Hawaiian or other Pacific Islander,At least one AP STEM course,pct_students_school_offers,2020,0.93
West Virginia,Native Hawaiian or other Pacific Islander,At least one AP STEM course,pct_students_school_offers,2019,0.93
West Virginia,Two or More Races,At least five AP courses,pct_students_school_offers,2024,0.86
West Virginia,Two or More Races,At least five AP courses,pct_students_school_offers,2023,0.88
West Virginia,Two or More Races,At least five AP courses,pct_students_school_offers,2022,0.87
West Virginia,Two or More Races,At least five AP courses,pct_students_school_offers,2021,0.86
West Virginia,Two or More Races,At least five AP courses,pct_students_school_offers,2020,0.89
West Virginia,Two or More Races,At least five AP courses,pct_students_school_offers,2019,0.93
West Virginia,Two or More Races,At least ten AP courses,pct_students_school_offers,2024,0.68
West Virginia,Two or More Races,At least ten AP courses,pct_students_school_offers,2023,0.67
West Virginia,Two or More Races,At least ten AP courses,pct_students_school_offers,2022,0.69
West Virginia,Two or More Races,At least ten AP courses,pct_students_school_offers,2021,0.66
West Virginia,Two or More Races,At least ten AP courses,pct_students_school_offers,2020,0.6
West Virginia,Two or More Races,At least ten AP courses,pct_students_school_offers,2019,0.72
West Virginia,Two or More Races,At least one AP STEM course,pct_students_school_offers,2024,0.92
West Virginia,Two or More Races,At least one AP STEM course,pct_students_school_offers,2023,0.92
West Virginia,Two or More Races,At least one AP STEM course,pct_students_school_offers,2022,0.91
West Virginia,Two or More Races,At least one AP STEM course,pct_students_school_offers,2021,0.92
West Virginia,Two or More Races,At least one AP STEM course,pct_students_school_offers,2020,0.95
West Virginia,Two or More Races,At least one AP STEM course,pct_students_school_offers,2019,0.96
Wisconsin,All,At least five AP courses,Number of public high schools that offer,2024,271
Wisconsin,All,At least five AP courses,Number of public high schools that offer,2023,266
Wisconsin,All,At least five AP courses,Number of public high schools that offer,2022,255
Wisconsin,All,At least five AP courses,Number of public high schools that offer,2021,254
Wisconsin,All,At least five AP courses,Number of public high schools that offer,2020,251
Wisconsin,All,At least five AP courses,Number of public high schools that offer,2019,240
Wisconsin,All,At least ten AP courses,Number of public high schools that offer,2024,169
Wisconsin,All,At least ten AP courses,Number of public high schools that offer,2023,167
Wisconsin,All,At least ten AP courses,Number of public high schools that offer,2022,151
Wisconsin,All,At least ten AP courses,Number of public high schools that offer,2021,157
Wisconsin,All,At least ten AP courses,Number of public high schools that offer,2020,147
Wisconsin,All,At least ten AP courses,Number of public high schools that offer,2019,145
Wisconsin,All,At least one AP STEM course,Number of public high schools that offer,2024,348
Wisconsin,All,At least one AP STEM course,Number of public high schools that offer,2023,355
Wisconsin,All,At least one AP STEM course,Number of public high schools that offer,2022,358
Wisconsin,All,At least one AP STEM course,Number of public high schools that offer,2021,358
Wisconsin,All,At least one AP STEM course,Number of public high schools that offer,2020,349
Wisconsin,All,At least one AP STEM course,Number of public high schools that offer,2019,347
Wisconsin,All,At least five AP courses,Percentage of public high schools that offers,2024,0.55
Wisconsin,All,At least five AP courses,Percentage of public high schools that offers,2023,0.57
Wisconsin,All,At least five AP courses,Percentage of public high schools that offers,2022,0.55
Wisconsin,All,At least five AP courses,Percentage of public high schools that offers,2021,0.54
Wisconsin,All,At least five AP courses,Percentage of public high schools that offers,2020,0.54
Wisconsin,All,At least five AP courses,Percentage of public high schools that offers,2019,0.52
Wisconsin,All,At least ten AP courses,Percentage of public high schools that offers,2024,0.34
Wisconsin,All,At least ten AP courses,Percentage of public high schools that offers,2023,0.36
Wisconsin,All,At least ten AP courses,Percentage of public high schools that offers,2022,0.32
Wisconsin,All,At least ten AP courses,Percentage of public high schools that offers,2021,0.34
Wisconsin,All,At least ten AP courses,Percentage of public high schools that offers,2020,0.32
Wisconsin,All,At least ten AP courses,Percentage of public high schools that offers,2019,0.31
Wisconsin,All,At least one AP STEM course,Percentage of public high schools that offers,2024,0.71
Wisconsin,All,At least one AP STEM course,Percentage of public high schools that offers,2023,0.76
Wisconsin,All,At least one AP STEM course,Percentage of public high schools that offers,2022,0.77
Wisconsin,All,At least one AP STEM course,Percentage of public high schools that offers,2021,0.77
Wisconsin,All,At least one AP STEM course,Percentage of public high schools that offers,2020,0.75
Wisconsin,All,At least one AP STEM course,Percentage of public high schools that offers,2019,0.74
Wisconsin,All,At least five AP courses,Percentage of public high school students whose school offers,2024,0.79
Wisconsin,All,At least five AP courses,Percentage of public high school students whose school offers,2023,0.81
Wisconsin,All,At least five AP courses,Percentage of public high school students whose school offers,2022,0.81
Wisconsin,All,At least five AP courses,Percentage of public high school students whose school offers,2021,0.81
Wisconsin,All,At least five AP courses,Percentage of public high school students whose school offers,2020,0.8
Wisconsin,All,At least five AP courses,Percentage of public high school students whose school offers,2019,0.79
Wisconsin,All,At least ten AP courses,Percentage of public high school students whose school offers,2024,0.64
Wisconsin,All,At least ten AP courses,Percentage of public high school students whose school offers,2023,0.66
Wisconsin,All,At least ten AP courses,Percentage of public high school students whose school offers,2022,0.63
Wisconsin,All,At least ten AP courses,Percentage of public high school students whose school offers,2021,0.65
Wisconsin,All,At least ten AP courses,Percentage of public high school students whose school offers,2020,0.64
Wisconsin,All,At least ten AP courses,Percentage of public high school students whose school offers,2019,0.63
Wisconsin,All,At least one AP STEM course,Percentage of public high school students whose school offers,2024,0.86
Wisconsin,All,At least one AP STEM course,Percentage of public high school students whose school offers,2023,0.89
Wisconsin,All,At least one AP STEM course,Percentage of public high school students whose school offers,2022,0.9
Wisconsin,All,At least one AP STEM course,Percentage of public high school students whose school offers,2021,0.9
Wisconsin,All,At least one AP STEM course,Percentage of public high school students whose school offers,2020,0.89
Wisconsin,All,At least one AP STEM course,Percentage of public high school students whose school offers,2019,0.89
Wisconsin,Asian,At least five AP courses,pct_students_school_offers,2024,0.85
Wisconsin,Asian,At least five AP courses,pct_students_school_offers,2023,0.87
Wisconsin,Asian,At least five AP courses,pct_students_school_offers,2022,0.88
Wisconsin,Asian,At least five AP courses,pct_students_school_offers,2021,0.9
Wisconsin,Asian,At least five AP courses,pct_students_school_offers,2020,0.85
Wisconsin,Asian,At least five AP courses,pct_students_school_offers,2019,0.86
Wisconsin,Asian,At least ten AP courses,pct_students_school_offers,2024,0.73
Wisconsin,Asian,At least ten AP courses,pct_students_school_offers,2023,0.76
Wisconsin,Asian,At least ten AP courses,pct_students_school_offers,2022,0.74
Wisconsin,Asian,At least ten AP courses,pct_students_school_offers,2021,0.76
Wisconsin,Asian,At least ten AP courses,pct_students_school_offers,2020,0.75
Wisconsin,Asian,At least ten AP courses,pct_students_school_offers,2019,0.75
Wisconsin,Asian,At least one AP STEM course,pct_students_school_offers,2024,0.88
Wisconsin,Asian,At least one AP STEM course,pct_students_school_offers,2023,0.89
Wisconsin,Asian,At least one AP STEM course,pct_students_school_offers,2022,0.92
Wisconsin,Asian,At least one AP STEM course,pct_students_school_offers,2021,0.92
Wisconsin,Asian,At least one AP STEM course,pct_students_school_offers,2020,0.89
Wisconsin,Asian,At least one AP STEM course,pct_students_school_offers,2019,0.9
Wisconsin,Hispanic/Latino,At least five AP courses,pct_students_school_offers,2024,0.8
Wisconsin,Hispanic/Latino,At least five AP courses,pct_students_school_offers,2023,0.82
Wisconsin,Hispanic/Latino,At least five AP courses,pct_students_school_offers,2022,0.82
Wisconsin,Hispanic/Latino,At least five AP courses,pct_students_school_offers,2021,0.83
Wisconsin,Hispanic/Latino,At least five AP courses,pct_students_school_offers,2020,0.81
Wisconsin,Hispanic/Latino,At least five AP courses,pct_students_school_offers,2019,0.83
Wisconsin,Hispanic/Latino,At least ten AP courses,pct_students_school_offers,2024,0.65
Wisconsin,Hispanic/Latino,At least ten AP courses,pct_students_school_offers,2023,0.71
Wisconsin,Hispanic/Latino,At least ten AP courses,pct_students_school_offers,2022,0.65
Wisconsin,Hispanic/Latino,At least ten AP courses,pct_students_school_offers,2021,0.69
Wisconsin,Hispanic/Latino,At least ten AP courses,pct_students_school_offers,2020,0.68
Wisconsin,Hispanic/Latino,At least ten AP courses,pct_students_school_offers,2019,0.68
Wisconsin,Hispanic/Latino,At least one AP STEM course,pct_students_school_offers,2024,0.83
Wisconsin,Hispanic/Latino,At least one AP STEM course,pct_students_school_offers,2023,0.87
Wisconsin,Hispanic/Latino,At least one AP STEM course,pct_students_school_offers,2022,0.88
Wisconsin,Hispanic/Latino,At least one AP STEM course,pct_students_school_offers,2021,0.88
Wisconsin,Hispanic/Latino,At least one AP STEM course,pct_students_school_offers,2020,0.85
Wisconsin,Hispanic/Latino,At least one AP STEM course,pct_students_school_offers,2019,0.87
Wisconsin,White,At least five AP courses,pct_students_school_offers,2024,0.82
Wisconsin,White,At least five AP courses,pct_students_school_offers,2023,0.82
Wisconsin,White,At least five AP courses,pct_students_school_offers,2022,0.82
Wisconsin,White,At least five AP courses,pct_students_school_offers,2021,0.82
Wisconsin,White,At least five AP courses,pct_students_school_offers,2020,0.82
Wisconsin,White,At least five AP courses,pct_students_school_offers,2019,0.8
Wisconsin,White,At least ten AP courses,pct_students_school_offers,2024,0.65
Wisconsin,White,At least ten AP courses,pct_students_school_offers,2023,0.66
Wisconsin,White,At least ten AP courses,pct_students_school_offers,2022,0.64
Wisconsin,White,At least ten AP courses,pct_students_school_offers,2021,0.65
Wisconsin,White,At least ten AP courses,pct_students_school_offers,2020,0.65
Wisconsin,White,At least ten AP courses,pct_students_school_offers,2019,0.63
Wisconsin,White,At least one AP STEM course,pct_students_school_offers,2024,0.9
Wisconsin,White,At least one AP STEM course,pct_students_school_offers,2023,0.91
Wisconsin,White,At least one AP STEM course,pct_students_school_offers,2022,0.92
Wisconsin,White,At least one AP STEM course,pct_students_school_offers,2021,0.92
Wisconsin,White,At least one AP STEM course,pct_students_school_offers,2020,0.92
Wisconsin,White,At least one AP STEM course,pct_students_school_offers,2019,0.92
Wisconsin,Black or African American,At least five AP courses,pct_students_school_offers,2024,0.55
Wisconsin,Black or African American,At least five AP courses,pct_students_school_offers,2023,0.63
Wisconsin,Black or African American,At least five AP courses,pct_students_school_offers,2022,0.67
Wisconsin,Black or African American,At least five AP courses,pct_students_school_offers,2021,0.69
Wisconsin,Black or African American,At least five AP courses,pct_students_school_offers,2020,0.61
Wisconsin,Black or African American,At least five AP courses,pct_students_school_offers,2019,0.62
Wisconsin,Black or African American,At least ten AP courses,pct_students_school_offers,2024,0.5
Wisconsin,Black or African American,At least ten AP courses,pct_students_school_offers,2023,0.55
Wisconsin,Black or African American,At least ten AP courses,pct_students_school_offers,2022,0.52
Wisconsin,Black or African American,At least ten AP courses,pct_students_school_offers,2021,0.53
Wisconsin,Black or African American,At least ten AP courses,pct_students_school_offers,2020,0.51
Wisconsin,Black or African American,At least ten AP courses,pct_students_school_offers,2019,0.52
Wisconsin,Black or African American,At least one AP STEM course,pct_students_school_offers,2024,0.64
Wisconsin,Black or African American,At least one AP STEM course,pct_students_school_offers,2023,0.69
Wisconsin,Black or African American,At least one AP STEM course,pct_students_school_offers,2022,0.73
Wisconsin,Black or African American,At least one AP STEM course,pct_students_school_offers,2021,0.75
Wisconsin,Black or African American,At least one AP STEM course,pct_students_school_offers,2020,0.65
Wisconsin,Black or African American,At least one AP STEM course,pct_students_school_offers,2019,0.64
Wisconsin,Native American or Alaska Native,At least five AP courses,pct_students_school_offers,2024,0.57
Wisconsin,Native American or Alaska Native,At least five AP courses,pct_students_school_offers,2023,0.59
Wisconsin,Native American or Alaska Native,At least five AP courses,pct_students_school_offers,2022,0.63
Wisconsin,Native American or Alaska Native,At least five AP courses,pct_students_school_offers,2021,0.68
Wisconsin,Native American or Alaska Native,At least five AP courses,pct_students_school_offers,2020,0.65
Wisconsin,Native American or Alaska Native,At least five AP courses,pct_students_school_offers,2019,0.61
Wisconsin,Native American or Alaska Native,At least ten AP courses,pct_students_school_offers,2024,0.34
Wisconsin,Native American or Alaska Native,At least ten AP courses,pct_students_school_offers,2023,0.41
Wisconsin,Native American or Alaska Native,At least ten AP courses,pct_students_school_offers,2022,0.39
Wisconsin,Native American or Alaska Native,At least ten AP courses,pct_students_school_offers,2021,0.38
Wisconsin,Native American or Alaska Native,At least ten AP courses,pct_students_school_offers,2020,0.43
Wisconsin,Native American or Alaska Native,At least ten AP courses,pct_students_school_offers,2019,0.42
Wisconsin,Native American or Alaska Native,At least one AP STEM course,pct_students_school_offers,2024,0.66
Wisconsin,Native American or Alaska Native,At least one AP STEM course,pct_students_school_offers,2023,0.78
Wisconsin,Native American or Alaska Native,At least one AP STEM course,pct_students_school_offers,2022,0.76
Wisconsin,Native American or Alaska Native,At least one AP STEM course,pct_students_school_offers,2021,0.74
Wisconsin,Native American or Alaska Native,At least one AP STEM course,pct_students_school_offers,2020,0.8
Wisconsin,Native American or Alaska Native,At least one AP STEM course,pct_students_school_offers,2019,0.84
Wisconsin,Native Hawaiian or other Pacific Islander,At least five AP courses,pct_students_school_offers,2024,0.73
Wisconsin,Native Hawaiian or other Pacific Islander,At least five AP courses,pct_students_school_offers,2023,0.82
Wisconsin,Native Hawaiian or other Pacific Islander,At least five AP courses,pct_students_school_offers,2022,0.83
Wisconsin,Native Hawaiian or other Pacific Islander,At least five AP courses,pct_students_school_offers,2021,0.81
Wisconsin,Native Hawaiian or other Pacific Islander,At least five AP courses,pct_students_school_offers,2020,0.84
Wisconsin,Native Hawaiian or other Pacific Islander,At least five AP courses,pct_students_school_offers,2019,0.81
Wisconsin,Native Hawaiian or other Pacific Islander,At least ten AP courses,pct_students_school_offers,2024,0.61
Wisconsin,Native Hawaiian or other Pacific Islander,At least ten AP courses,pct_students_school_offers,2023,0.69
Wisconsin,Native Hawaiian or other Pacific Islander,At least ten AP courses,pct_students_school_offers,2022,0.7
Wisconsin,Native Hawaiian or other Pacific Islander,At least ten AP courses,pct_students_school_offers,2021,0.69
Wisconsin,Native Hawaiian or other Pacific Islander,At least ten AP courses,pct_students_school_offers,2020,0.7
Wisconsin,Native Hawaiian or other Pacific Islander,At least ten AP courses,pct_students_school_offers,2019,0.63
Wisconsin,Native Hawaiian or other Pacific Islander,At least one AP STEM course,pct_students_school_offers,2024,0.89
Wisconsin,Native Hawaiian or other Pacific Islander,At least one AP STEM course,pct_students_school_offers,2023,0.9
Wisconsin,Native Hawaiian or other Pacific Islander,At least one AP STEM course,pct_students_school_offers,2022,0.93
Wisconsin,Native Hawaiian or other Pacific Islander,At least one AP STEM course,pct_students_school_offers,2021,0.91
Wisconsin,Native Hawaiian or other Pacific Islander,At least one AP STEM course,pct_students_school_offers,2020,0.93
Wisconsin,Native Hawaiian or other Pacific Islander,At least one AP STEM course,pct_students_school_offers,2019,0.92
Wisconsin,Two or More Races,At least five AP courses,pct_students_school_offers,2024,0.82
Wisconsin,Two or More Races,At least five AP courses,pct_students_school_offers,2023,0.84
Wisconsin,Two or More Races,At least five AP courses,pct_students_school_offers,2022,0.85
Wisconsin,Two or More Races,At least five AP courses,pct_students_school_offers,2021,0.85
Wisconsin,Two or More Races,At least five AP courses,pct_students_school_offers,2020,0.86
Wisconsin,Two or More Races,At least five AP courses,pct_students_school_offers,2019,0.84
Wisconsin,Two or More Races,At least ten AP courses,pct_students_school_offers,2024,0.7
Wisconsin,Two or More Races,At least ten AP courses,pct_students_school_offers,2023,0.71
Wisconsin,Two or More Races,At least ten AP courses,pct_students_school_offers,2022,0.7
Wisconsin,Two or More Races,At least ten AP courses,pct_students_school_offers,2021,0.71
Wisconsin,Two or More Races,At least ten AP courses,pct_students_school_offers,2020,0.73
Wisconsin,Two or More Races,At least ten AP courses,pct_students_school_offers,2019,0.72
Wisconsin,Two or More Races,At least one AP STEM course,pct_students_school_offers,2024,0.88
Wisconsin,Two or More Races,At least one AP STEM course,pct_students_school_offers,2023,0.89
Wisconsin,Two or More Races,At least one AP STEM course,pct_students_school_offers,2022,0.92
Wisconsin,Two or More Races,At least one AP STEM course,pct_students_school_offers,2021,0.92
Wisconsin,Two or More Races,At least one AP STEM course,pct_students_school_offers,2020,0.92
Wisconsin,Two or More Races,At least one AP STEM course,pct_students_school_offers,2019,0.92
Wyoming,All,At least five AP courses,Number of public high schools that offer,2024,13
Wyoming,All,At least five AP courses,Number of public high schools that offer,2023,14
Wyoming,All,At least five AP courses,Number of public high schools that offer,2022,14
Wyoming,All,At least five AP courses,Number of public high schools that offer,2021,18
Wyoming,All,At least five AP courses,Number of public high schools that offer,2020,14
Wyoming,All,At least five AP courses,Number of public high schools that offer,2019,12
Wyoming,All,At least ten AP courses,Number of public high schools that offer,2024,10
Wyoming,All,At least ten AP courses,Number of public high schools that offer,2023,12
Wyoming,All,At least ten AP courses,Number of public high schools that offer,2022,8
Wyoming,All,At least ten AP courses,Number of public high schools that offer,2021,9
Wyoming,All,At least ten AP courses,Number of public high schools that offer,2020,8
Wyoming,All,At least ten AP courses,Number of public high schools that offer,2019,7
Wyoming,All,At least one AP STEM course,Number of public high schools that offer,2024,27
Wyoming,All,At least one AP STEM course,Number of public high schools that offer,2023,30
Wyoming,All,At least one AP STEM course,Number of public high schools that offer,2022,28
Wyoming,All,At least one AP STEM course,Number of public high schools that offer,2021,32
Wyoming,All,At least one AP STEM course,Number of public high schools that offer,2020,27
Wyoming,All,At least one AP STEM course,Number of public high schools that offer,2019,26
Wyoming,All,At least five AP courses,Percentage of public high schools that offers,2024,0.16
Wyoming,All,At least five AP courses,Percentage of public high schools that offers,2023,0.18
Wyoming,All,At least five AP courses,Percentage of public high schools that offers,2022,0.18
Wyoming,All,At least five AP courses,Percentage of public high schools that offers,2021,0.24
Wyoming,All,At least five AP courses,Percentage of public high schools that offers,2020,0.2
Wyoming,All,At least five AP courses,Percentage of public high schools that offers,2019,0.17
Wyoming,All,At least ten AP courses,Percentage of public high schools that offers,2024,0.13
Wyoming,All,At least ten AP courses,Percentage of public high schools that offers,2023,0.15
Wyoming,All,At least ten AP courses,Percentage of public high schools that offers,2022,0.11
Wyoming,All,At least ten AP courses,Percentage of public high schools that offers,2021,0.12
Wyoming,All,At least ten AP courses,Percentage of public high schools that offers,2020,0.11
Wyoming,All,At least ten AP courses,Percentage of public high schools that offers,2019,0.1
Wyoming,All,At least one AP STEM course,Percentage of public high schools that offers,2024,0.34
Wyoming,All,At least one AP STEM course,Percentage of public high schools that offers,2023,0.38
Wyoming,All,At least one AP STEM course,Percentage of public high schools that offers,2022,0.37
Wyoming,All,At least one AP STEM course,Percentage of public high schools that offers,2021,0.42
Wyoming,All,At least one AP STEM course,Percentage of public high schools that offers,2020,0.38
Wyoming,All,At least one AP STEM course,Percentage of public high schools that offers,2019,0.37
Wyoming,All,At least five AP courses,Percentage of public high school students whose school offers,2024,0.47
Wyoming,All,At least five AP courses,Percentage of public high school students whose school offers,2023,0.49
Wyoming,All,At least five AP courses,Percentage of public high school students whose school offers,2022,0.53
Wyoming,All,At least five AP courses,Percentage of public high school students whose school offers,2021,0.58
Wyoming,All,At least five AP courses,Percentage of public high school students whose school offers,2020,0.52
Wyoming,All,At least five AP courses,Percentage of public high school students whose school offers,2019,0.48
Wyoming,All,At least ten AP courses,Percentage of public high school students whose school offers,2024,0.42
Wyoming,All,At least ten AP courses,Percentage of public high school students whose school offers,2023,0.46
Wyoming,All,At least ten AP courses,Percentage of public high school students whose school offers,2022,0.33
Wyoming,All,At least ten AP courses,Percentage of public high school students whose school offers,2021,0.37
Wyoming,All,At least ten AP courses,Percentage of public high school students whose school offers,2020,0.37
Wyoming,All,At least ten AP courses,Percentage of public high school students whose school offers,2019,0.34
Wyoming,All,At least one AP STEM course,Percentage of public high school students whose school offers,2024,0.71
Wyoming,All,At least one AP STEM course,Percentage of public high school students whose school offers,2023,0.72
Wyoming,All,At least one AP STEM course,Percentage of public high school students whose school offers,2022,0.74
Wyoming,All,At least one AP STEM course,Percentage of public high school students whose school offers,2021,0.77
Wyoming,All,At least one AP STEM course,Percentage of public high school students whose school offers,2020,0.74
Wyoming,All,At least one AP STEM course,Percentage of public high school students whose school offers,2019,0.73
Wyoming,Asian,At least five AP courses,pct_students_school_offers,2024,0.71
Wyoming,Asian,At least five AP courses,pct_students_school_offers,2023,0.69
Wyoming,Asian,At least five AP courses,pct_students_school_offers,2022,0.77
Wyoming,Asian,At least five AP courses,pct_students_school_offers,2021,0.8
Wyoming,Asian,At least five AP courses,pct_students_school_offers,2020,0.7
Wyoming,Asian,At least five AP courses,pct_students_school_offers,2019,0.68
Wyoming,Asian,At least ten AP courses,pct_students_school_offers,2024,0.66
Wyoming,Asian,At least ten AP courses,pct_students_school_offers,2023,0.67
Wyoming,Asian,At least ten AP courses,pct_students_school_offers,2022,0.6
Wyoming,Asian,At least ten AP courses,pct_students_school_offers,2021,0.66
Wyoming,Asian,At least ten AP courses,pct_students_school_offers,2020,0.53
Wyoming,Asian,At least ten AP courses,pct_students_school_offers,2019,0.51
Wyoming,Asian,At least one AP STEM course,pct_students_school_offers,2024,0.86
Wyoming,Asian,At least one AP STEM course,pct_students_school_offers,2023,0.86
Wyoming,Asian,At least one AP STEM course,pct_students_school_offers,2022,0.88
Wyoming,Asian,At least one AP STEM course,pct_students_school_offers,2021,0.9
Wyoming,Asian,At least one AP STEM course,pct_students_school_offers,2020,0.88
Wyoming,Asian,At least one AP STEM course,pct_students_school_offers,2019,0.88
Wyoming,Hispanic/Latino,At least five AP courses,pct_students_school_offers,2024,0.52
Wyoming,Hispanic/Latino,At least five AP courses,pct_students_school_offers,2023,0.52
Wyoming,Hispanic/Latino,At least five AP courses,pct_students_school_offers,2022,0.64
Wyoming,Hispanic/Latino,At least five AP courses,pct_students_school_offers,2021,0.68
Wyoming,Hispanic/Latino,At least five AP courses,pct_students_school_offers,2020,0.63
Wyoming,Hispanic/Latino,At least five AP courses,pct_students_school_offers,2019,0.58
Wyoming,Hispanic/Latino,At least ten AP courses,pct_students_school_offers,2024,0.49
Wyoming,Hispanic/Latino,At least ten AP courses,pct_students_school_offers,2023,0.51
Wyoming,Hispanic/Latino,At least ten AP courses,pct_students_school_offers,2022,0.35
Wyoming,Hispanic/Latino,At least ten AP courses,pct_students_school_offers,2021,0.45
Wyoming,Hispanic/Latino,At least ten AP courses,pct_students_school_offers,2020,0.43
Wyoming,Hispanic/Latino,At least ten AP courses,pct_students_school_offers,2019,0.4
Wyoming,Hispanic/Latino,At least one AP STEM course,pct_students_school_offers,2024,0.76
Wyoming,Hispanic/Latino,At least one AP STEM course,pct_students_school_offers,2023,0.77
Wyoming,Hispanic/Latino,At least one AP STEM course,pct_students_school_offers,2022,0.83
Wyoming,Hispanic/Latino,At least one AP STEM course,pct_students_school_offers,2021,0.86
Wyoming,Hispanic/Latino,At least one AP STEM course,pct_students_school_offers,2020,0.81
Wyoming,Hispanic/Latino,At least one AP STEM course,pct_students_school_offers,2019,0.8
Wyoming,White,At least five AP courses,pct_students_school_offers,2024,0.47
Wyoming,White,At least five AP courses,pct_students_school_offers,2023,0.49
Wyoming,White,At least five AP courses,pct_students_school_offers,2022,0.52
Wyoming,White,At least five AP courses,pct_students_school_offers,2021,0.58
Wyoming,White,At least five AP courses,pct_students_school_offers,2020,0.5
Wyoming,White,At least five AP courses,pct_students_school_offers,2019,0.46
Wyoming,White,At least ten AP courses,pct_students_school_offers,2024,0.41
Wyoming,White,At least ten AP courses,pct_students_school_offers,2023,0.45
Wyoming,White,At least ten AP courses,pct_students_school_offers,2022,0.32
Wyoming,White,At least ten AP courses,pct_students_school_offers,2021,0.36
Wyoming,White,At least ten AP courses,pct_students_school_offers,2020,0.36
Wyoming,White,At least ten AP courses,pct_students_school_offers,2019,0.33
Wyoming,White,At least one AP STEM course,pct_students_school_offers,2024,0.71
Wyoming,White,At least one AP STEM course,pct_students_school_offers,2023,0.72
Wyoming,White,At least one AP STEM course,pct_students_school_offers,2022,0.73
Wyoming,White,At least one AP STEM course,pct_students_school_offers,2021,0.77
Wyoming,White,At least one AP STEM course,pct_students_school_offers,2020,0.74
Wyoming,White,At least one AP STEM course,pct_students_school_offers,2019,0.72
Wyoming,Black or African American,At least five AP courses,pct_students_school_offers,2024,0.56
Wyoming,Black or African American,At least five AP courses,pct_students_school_offers,2023,0.63
Wyoming,Black or African American,At least five AP courses,pct_students_school_offers,2022,0.68
Wyoming,Black or African American,At least five AP courses,pct_students_school_offers,2021,0.71
Wyoming,Black or African American,At least five AP courses,pct_students_school_offers,2020,0.72
Wyoming,Black or African American,At least five AP courses,pct_students_school_offers,2019,0.69
Wyoming,Black or African American,At least ten AP courses,pct_students_school_offers,2024,0.53
Wyoming,Black or African American,At least ten AP courses,pct_students_school_offers,2023,0.61
Wyoming,Black or African American,At least ten AP courses,pct_students_school_offers,2022,0.4
Wyoming,Black or African American,At least ten AP courses,pct_students_school_offers,2021,0.56
Wyoming,Black or African American,At least ten AP courses,pct_students_school_offers,2020,0.65
Wyoming,Black or African American,At least ten AP courses,pct_students_school_offers,2019,0.61
Wyoming,Black or African American,At least one AP STEM course,pct_students_school_offers,2024,0.81
Wyoming,Black or African American,At least one AP STEM course,pct_students_school_offers,2023,0.81
Wyoming,Black or African American,At least one AP STEM course,pct_students_school_offers,2022,0.87
Wyoming,Black or African American,At least one AP STEM course,pct_students_school_offers,2021,0.87
Wyoming,Black or African American,At least one AP STEM course,pct_students_school_offers,2020,0.85
Wyoming,Black or African American,At least one AP STEM course,pct_students_school_offers,2019,0.85
Wyoming,Native American or Alaska Native,At least five AP courses,pct_students_school_offers,2024,0.2
Wyoming,Native American or Alaska Native,At least five AP courses,pct_students_school_offers,2023,0.24
Wyoming,Native American or Alaska Native,At least five AP courses,pct_students_school_offers,2022,0.23
Wyoming,Native American or Alaska Native,At least five AP courses,pct_students_school_offers,2021,0.24
Wyoming,Native American or Alaska Native,At least five AP courses,pct_students_school_offers,2020,0.29
Wyoming,Native American or Alaska Native,At least five AP courses,pct_students_school_offers,2019,0.28
Wyoming,Native American or Alaska Native,At least ten AP courses,pct_students_school_offers,2024,0.19
Wyoming,Native American or Alaska Native,At least ten AP courses,pct_students_school_offers,2023,0.24
Wyoming,Native American or Alaska Native,At least ten AP courses,pct_students_school_offers,2022,0.18
Wyoming,Native American or Alaska Native,At least ten AP courses,pct_students_school_offers,2021,0.19
Wyoming,Native American or Alaska Native,At least ten AP courses,pct_students_school_offers,2020,0.14
Wyoming,Native American or Alaska Native,At least ten AP courses,pct_students_school_offers,2019,0.12
Wyoming,Native American or Alaska Native,At least one AP STEM course,pct_students_school_offers,2024,0.44
Wyoming,Native American or Alaska Native,At least one AP STEM course,pct_students_school_offers,2023,0.54
Wyoming,Native American or Alaska Native,At least one AP STEM course,pct_students_school_offers,2022,0.53
Wyoming,Native American or Alaska Native,At least one AP STEM course,pct_students_school_offers,2021,0.47
Wyoming,Native American or Alaska Native,At least one AP STEM course,pct_students_school_offers,2020,0.34
Wyoming,Native American or Alaska Native,At least one AP STEM course,pct_students_school_offers,2019,0.33
Wyoming,Native Hawaiian or other Pacific Islander,At least five AP courses,pct_students_school_offers,2024,0.58
Wyoming,Native Hawaiian or other Pacific Islander,At least five AP courses,pct_students_school_offers,2023,0.55
Wyoming,Native Hawaiian or other Pacific Islander,At least five AP courses,pct_students_school_offers,2022,0.65
Wyoming,Native Hawaiian or other Pacific Islander,At least five AP courses,pct_students_school_offers,2021,0.67
Wyoming,Native Hawaiian or other Pacific Islander,At least five AP courses,pct_students_school_offers,2020,0.45
Wyoming,Native Hawaiian or other Pacific Islander,At least five AP courses,pct_students_school_offers,2019,0.36
Wyoming,Native Hawaiian or other Pacific Islander,At least ten AP courses,pct_students_school_offers,2024,0.5
Wyoming,Native Hawaiian or other Pacific Islander,At least ten AP courses,pct_students_school_offers,2023,0.52
Wyoming,Native Hawaiian or other Pacific Islander,At least ten AP courses,pct_students_school_offers,2022,0.3
Wyoming,Native Hawaiian or other Pacific Islander,At least ten AP courses,pct_students_school_offers,2021,0.47
Wyoming,Native Hawaiian or other Pacific Islander,At least ten AP courses,pct_students_school_offers,2020,0.21
Wyoming,Native Hawaiian or other Pacific Islander,At least ten AP courses,pct_students_school_offers,2019,0.19
Wyoming,Native Hawaiian or other Pacific Islander,At least one AP STEM course,pct_students_school_offers,2024,0.82
Wyoming,Native Hawaiian or other Pacific Islander,At least one AP STEM course,pct_students_school_offers,2023,0.83
Wyoming,Native Hawaiian or other Pacific Islander,At least one AP STEM course,pct_students_school_offers,2022,0.81
Wyoming,Native Hawaiian or other Pacific Islander,At least one AP STEM course,pct_students_school_offers,2021,0.84
Wyoming,Native Hawaiian or other Pacific Islander,At least one AP STEM course,pct_students_school_offers,2020,0.67
Wyoming,Native Hawaiian or other Pacific Islander,At least one AP STEM course,pct_students_school_offers,2019,0.64
Wyoming,Two or More Races,At least five AP courses,pct_students_school_offers,2024,0.5
Wyoming,Two or More Races,At least five AP courses,pct_students_school_offers,2023,0.47
Wyoming,Two or More Races,At least five AP courses,pct_students_school_offers,2022,0.54
Wyoming,Two or More Races,At least five AP courses,pct_students_school_offers,2021,0.59
Wyoming,Two or More Races,At least five AP courses,pct_students_school_offers,2020,0.6
Wyoming,Two or More Races,At least five AP courses,pct_students_school_offers,2019,0.56
Wyoming,Two or More Races,At least ten AP courses,pct_students_school_offers,2024,0.45
Wyoming,Two or More Races,At least ten AP courses,pct_students_school_offers,2023,0.44
Wyoming,Two or More Races,At least ten AP courses,pct_students_school_offers,2022,0.35
Wyoming,Two or More Races,At least ten AP courses,pct_students_school_offers,2021,0.4
Wyoming,Two or More Races,At least ten AP courses,pct_students_school_offers,2020,0.38
Wyoming,Two or More Races,At least ten AP courses,pct_students_school_offers,2019,0.38
Wyoming,Two or More Races,At least one AP STEM course,pct_students_school_offers,2024,0.73
Wyoming,Two or More Races,At least one AP STEM course,pct_students_school_offers,2023,0.69
Wyoming,Two or More Races,At least one AP STEM course,pct_students_school_offers,2022,0.73
Wyoming,Two or More Races,At least one AP STEM course,pct_students_school_offers,2021,0.78
Wyoming,Two or More Races,At least one AP STEM course,pct_students_school_offers,2020,0.76
Wyoming,Two or More Races,At least one AP STEM course,pct_students_school_offers,2019,0.75
