state,subgroup,metric,year,value
National,Overall,score_5,2025,876776
National,Overall,score_5,2024,760766
National,Overall,score_5,2020,600082
National,Overall,score_5,2015,467404
National,Overall,score_4,2025,1405669
National,Overall,score_4,2024,1203224
National,Overall,score_4,2020,865681
National,Overall,score_4,2015,721524
National,Overall,score_3,2025,1378066
National,Overall,score_3,2024,1196541
National,Overall,score_3,2020,1083833
National,Overall,score_3,2015,964767
National,Overall,score_2,2025,979541
National,Overall,score_2,2024,991692
National,Overall,score_2,2020,872732
National,Overall,score_2,2015,885864
National,Overall,score_1,2025,579719
National,Overall,score_1,2024,712921
National,Overall,score_1,2020,655469
National,Overall,score_1,2015,816790
National,Overall,total_exams,2025,5219771
National,Overall,total_exams,2024,4865144
National,Overall,total_exams,2020,4077797
National,Overall,total_exams,2015,3856349
National,Overall,mean_score,2025,3.2
National,Overall,mean_score,2024,3.0631475656219016
National,Overall,mean_score,2020,2.97
National,Overall,mean_score,2015,2.78
National,Asian,score_5,2025,269160
National,Asian,score_5,2024,239807
National,Asian,score_5,2020,162746
National,Asian,score_5,2015,116197
National,Asian,score_4,2025,302405
National,Asian,score_4,2024,264740
National,Asian,score_4,2020,173196
National,Asian,score_4,2015,129818
National,Asian,score_3,2025,221428
National,Asian,score_3,2024,198316
National,Asian,score_3,2020,170429
National,Asian,score_3,2015,143901
National,Asian,score_2,2025,119272
National,Asian,score_2,2024,125427
National,Asian,score_2,2020,105983
National,Asian,score_2,2015,108257
National,Asian,score_1,2025,49204
National,Asian,score_1,2024,62742
National,Asian,score_1,2020,58357
National,Asian,score_1,2015,80737
National,Asian,total_exams,2025,961469
National,Asian,total_exams,2024,891032
National,Asian,total_exams,2020,670711
National,Asian,total_exams,2015,578910
National,Asian,mean_score,2025,3.65
National,Asian,mean_score,2024,3.55
National,Asian,mean_score,2020,3.41
National,Asian,mean_score,2015,3.16
National,Hispanic/Latino,score_5,2025,109681
National,Hispanic/Latino,score_5,2024,93473
National,Hispanic/Latino,score_5,2020,90420
National,Hispanic/Latino,score_5,2015,52361
National,Hispanic/Latino,score_4,2025,245865
National,Hispanic/Latino,score_4,2024,203699
National,Hispanic/Latino,score_4,2020,145916
National,Hispanic/Latino,score_4,2015,93369
National,Hispanic/Latino,score_3,2025,330052
National,Hispanic/Latino,score_3,2024,271166
National,Hispanic/Latino,score_3,2020,212860
National,Hispanic/Latino,score_3,2015,140557
National,Hispanic/Latino,score_2,2025,319052
National,Hispanic/Latino,score_2,2024,301144
National,Hispanic/Latino,score_2,2020,215041
National,Hispanic/Latino,score_2,2015,178554
National,Hispanic/Latino,score_1,2025,260400
National,Hispanic/Latino,score_1,2024,300223
National,Hispanic/Latino,score_1,2020,221948
National,Hispanic/Latino,score_1,2015,243776
National,Hispanic/Latino,total_exams,2025,1265050
National,Hispanic/Latino,total_exams,2024,1169705
National,Hispanic/Latino,total_exams,2020,886185
National,Hispanic/Latino,total_exams,2015,708617
National,Hispanic/Latino,mean_score,2025,2.7
National,Hispanic/Latino,mean_score,2024,2.56
National,Hispanic/Latino,mean_score,2020,2.63
National,Hispanic/Latino,mean_score,2015,2.34
National,White,score_5,2025,371755
National,White,score_5,2024,328928
National,White,score_5,2020,282109
National,White,score_5,2015,266137
National,White,score_4,2025,643780
National,White,score_4,2024,568409
National,White,score_4,2020,445415
National,White,score_4,2015,435902
National,White,score_3,2025,592642
National,White,score_3,2024,543361
National,White,score_3,2020,557098
National,White,score_3,2015,574604
National,White,score_2,2025,348027
National,White,score_2,2024,384876
National,White,score_2,2020,414405
National,White,score_2,2015,463022
National,White,score_1,2025,129377
National,White,score_1,2024,181002
National,White,score_1,2020,241930
National,White,score_1,2015,306413
National,White,total_exams,2025,2085581
National,White,total_exams,2024,2006576
National,White,total_exams,2020,1940957
National,White,total_exams,2015,2046078
National,White,mean_score,2025,3.37
National,White,mean_score,2024,3.24
National,White,mean_score,2020,3.06
National,White,mean_score,2015,2.95
National,Black or African American,score_5,2025,21233
National,Black or African American,score_5,2024,16995
National,Black or African American,score_5,2020,11779
National,Black or African American,score_5,2015,9170
National,Black or African American,score_4,2025,62229
National,Black or African American,score_4,2024,47578
National,Black or African American,score_4,2020,28078
National,Black or African American,score_4,2015,24088
National,Black or African American,score_3,2025,96028
National,Black or African American,score_3,2024,72909
National,Black or African American,score_3,2020,53702
National,Black or African American,score_3,2015,49367
National,Black or African American,score_2,2025,101127
National,Black or African American,score_2,2024,92536
National,Black or African American,score_2,2020,65554
National,Black or African American,score_2,2015,77397
National,Black or African American,score_1,2025,90802
National,Black or African American,score_1,2024,111009
National,Black or African American,score_1,2020,78462
National,Black or African American,score_1,2015,124276
National,Black or African American,total_exams,2025,371419
National,Black or African American,total_exams,2024,341027
National,Black or African American,total_exams,2020,237575
National,Black or African American,total_exams,2015,284298
National,Black or African American,mean_score,2025,2.52
National,Black or African American,mean_score,2024,2.32
National,Black or African American,mean_score,2020,2.28
National,Black or African American,mean_score,2015,2
National,Native American or Alaska Native,score_5,2025,748
National,Native American or Alaska Native,score_5,2024,765
National,Native American or Alaska Native,score_5,2020,1414
National,Native American or Alaska Native,score_5,2015,1216
National,Native American or Alaska Native,score_4,2025,2179
National,Native American or Alaska Native,score_4,2024,2130
National,Native American or Alaska Native,score_4,2020,2904
National,Native American or Alaska Native,score_4,2015,2691
National,Native American or Alaska Native,score_3,2025,3479
National,Native American or Alaska Native,score_3,2024,3236
National,Native American or Alaska Native,score_3,2020,4713
National,Native American or Alaska Native,score_3,2015,4643
National,Native American or Alaska Native,score_2,2025,3358
National,Native American or Alaska Native,score_2,2024,3910
National,Native American or Alaska Native,score_2,2020,4849
National,Native American or Alaska Native,score_2,2015,5506
National,Native American or Alaska Native,score_1,2025,2404
National,Native American or Alaska Native,score_1,2024,3179
National,Native American or Alaska Native,score_1,2020,4799
National,Native American or Alaska Native,score_1,2015,5728
National,Native American or Alaska Native,total_exams,2025,12168
National,Native American or Alaska Native,total_exams,2024,13220
National,Native American or Alaska Native,total_exams,2020,18679
National,Native American or Alaska Native,total_exams,2015,19784
National,Native American or Alaska Native,mean_score,2025,2.63
National,Native American or Alaska Native,mean_score,2024,2.5
National,Native American or Alaska Native,mean_score,2020,2.53
National,Native American or Alaska Native,mean_score,2015,2.4
National,Native Hawaiian or other Pacific Islander,score_5,2025,486
National,Native Hawaiian or other Pacific Islander,score_5,2024,409
National,Native Hawaiian or other Pacific Islander,score_5,2020,456
National,Native Hawaiian or other Pacific Islander,score_5,2015,15762
National,Native Hawaiian or other Pacific Islander,score_4,2025,1140
National,Native Hawaiian or other Pacific Islander,score_4,2024,997
National,Native Hawaiian or other Pacific Islander,score_4,2020,941
National,Native Hawaiian or other Pacific Islander,score_4,2015,22805
National,Native Hawaiian or other Pacific Islander,score_3,2025,1777
National,Native Hawaiian or other Pacific Islander,score_3,2024,1382
National,Native Hawaiian or other Pacific Islander,score_3,2020,1461
National,Native Hawaiian or other Pacific Islander,score_3,2015,30094
National,Native Hawaiian or other Pacific Islander,score_2,2025,1666
National,Native Hawaiian or other Pacific Islander,score_2,2024,1573
National,Native Hawaiian or other Pacific Islander,score_2,2020,1532
National,Native Hawaiian or other Pacific Islander,score_2,2015,27402
National,Native Hawaiian or other Pacific Islander,score_1,2025,1229
National,Native Hawaiian or other Pacific Islander,score_1,2024,1515
National,Native Hawaiian or other Pacific Islander,score_1,2020,1405
National,Native Hawaiian or other Pacific Islander,score_1,2015,24982
National,Native Hawaiian or other Pacific Islander,total_exams,2025,6298
National,Native Hawaiian or other Pacific Islander,total_exams,2024,5876
National,Native Hawaiian or other Pacific Islander,total_exams,2020,5795
National,Native Hawaiian or other Pacific Islander,total_exams,2015,121045
National,Native Hawaiian or other Pacific Islander,mean_score,2025,2.68
National,Native Hawaiian or other Pacific Islander,mean_score,2024,2.53
National,Native Hawaiian or other Pacific Islander,mean_score,2020,2.57
National,Native Hawaiian or other Pacific Islander,mean_score,2015,2.81
National,Two or More Races,score_5,2025,48232
National,Two or More Races,score_5,2024,41096
National,Two or More Races,score_5,2020,28799
National,Two or More Races,score_4,2025,72185
National,Two or More Races,score_4,2024,61846
National,Two or More Races,score_4,2020,41672
National,Two or More Races,score_3,2025,65185
National,Two or More Races,score_3,2024,56195
National,Two or More Races,score_3,2020,51937
National,Two or More Races,score_2,2025,41015
National,Two or More Races,score_2,2024,42323
National,Two or More Races,score_2,2020,40522
National,Two or More Races,score_1,2025,19067
National,Two or More Races,score_1,2024,24339
National,Two or More Races,score_1,2020,28051
National,Two or More Races,total_exams,2025,245684
National,Two or More Races,total_exams,2024,225799
National,Two or More Races,total_exams,2020,190981
National,Two or More Races,mean_score,2025,3.36
National,Two or More Races,mean_score,2024,3.23
National,Two or More Races,mean_score,2020,3.01
National,No Response,total_exams,2025,272102
National,No Response,total_exams,2024,211909
National,No Response,total_exams,2020,126914
National,No Response,total_exams,2015,97617
Alabama,Overall,score_5,2025,5902
Alabama,Overall,score_5,2024,4972
Alabama,Overall,score_5,2020,2996
Alabama,Overall,score_5,2015,2327
Alabama,Overall,score_4,2025,11959
Alabama,Overall,score_4,2024,10184
Alabama,Overall,score_4,2020,5633
Alabama,Overall,score_4,2015,4547
Alabama,Overall,score_3,2025,15451
Alabama,Overall,score_3,2024,13657
Alabama,Overall,score_3,2020,9801
Alabama,Overall,score_3,2015,8807
Alabama,Overall,score_2,2025,12222
Alabama,Overall,score_2,2024,13384
Alabama,Overall,score_2,2020,10727
Alabama,Overall,score_2,2015,12471
Alabama,Overall,score_1,2025,8406
Alabama,Overall,score_1,2024,10164
Alabama,Overall,score_1,2020,9674
Alabama,Overall,score_1,2015,15461
Alabama,Overall,total_exams,2025,53940
Alabama,Overall,total_exams,2024,52361
Alabama,Overall,total_exams,2020,38831
Alabama,Overall,total_exams,2015,43613
Alabama,Overall,mean_score,2025,2.9
Alabama,Overall,mean_score,2024,2.74
Alabama,Overall,mean_score,2020,2.52
Alabama,Overall,mean_score,2015,2.22
Alabama,Asian,score_5,2025,1040
Alabama,Asian,score_5,2024,866
Alabama,Asian,score_5,2020,548
Alabama,Asian,score_5,2015,390
Alabama,Asian,score_4,2025,1306
Alabama,Asian,score_4,2024,1166
Alabama,Asian,score_4,2020,659
Alabama,Asian,score_4,2015,445
Alabama,Asian,score_3,2025,1030
Alabama,Asian,score_3,2024,1029
Alabama,Asian,score_3,2020,728
Alabama,Asian,score_3,2015,648
Alabama,Asian,score_2,2025,541
Alabama,Asian,score_2,2024,698
Alabama,Asian,score_2,2020,558
Alabama,Asian,score_2,2015,550
Alabama,Asian,score_1,2025,276
Alabama,Asian,score_1,2024,314
Alabama,Asian,score_1,2020,380
Alabama,Asian,score_1,2015,534
Alabama,Asian,total_exams,2025,4193
Alabama,Asian,total_exams,2024,4073
Alabama,Asian,total_exams,2020,2873
Alabama,Asian,total_exams,2015,2567
Alabama,Asian,mean_score,2025,3.55
Alabama,Asian,mean_score,2024,3.39
Alabama,Asian,mean_score,2020,3.15
Alabama,Asian,mean_score,2015,2.85
Alabama,Hispanic/Latino,score_5,2025,345
Alabama,Hispanic/Latino,score_5,2024,275
Alabama,Hispanic/Latino,score_5,2020,156
Alabama,Hispanic/Latino,score_5,2015,60
Alabama,Hispanic/Latino,score_4,2025,957
Alabama,Hispanic/Latino,score_4,2024,738
Alabama,Hispanic/Latino,score_4,2020,332
Alabama,Hispanic/Latino,score_4,2015,130
Alabama,Hispanic/Latino,score_3,2025,1616
Alabama,Hispanic/Latino,score_3,2024,1227
Alabama,Hispanic/Latino,score_3,2020,626
Alabama,Hispanic/Latino,score_3,2015,323
Alabama,Hispanic/Latino,score_2,2025,1595
Alabama,Hispanic/Latino,score_2,2024,1508
Alabama,Hispanic/Latino,score_2,2020,810
Alabama,Hispanic/Latino,score_2,2015,423
Alabama,Hispanic/Latino,score_1,2025,1209
Alabama,Hispanic/Latino,score_1,2024,1336
Alabama,Hispanic/Latino,score_1,2020,936
Alabama,Hispanic/Latino,score_1,2015,630
Alabama,Hispanic/Latino,total_exams,2025,5722
Alabama,Hispanic/Latino,total_exams,2024,5084
Alabama,Hispanic/Latino,total_exams,2020,2860
Alabama,Hispanic/Latino,total_exams,2015,1566
Alabama,Hispanic/Latino,mean_score,2025,2.59
Alabama,Hispanic/Latino,mean_score,2024,2.43
Alabama,Hispanic/Latino,mean_score,2020,2.29
Alabama,Hispanic/Latino,mean_score,2015,2.08
Alabama,White,score_5,2025,3810
Alabama,White,score_5,2024,3266
Alabama,White,score_5,2020,1966
Alabama,White,score_5,2015,1688
Alabama,White,score_4,2025,7882
Alabama,White,score_4,2024,6862
Alabama,White,score_4,2020,3869
Alabama,White,score_4,2015,3528
Alabama,White,score_3,2025,9734
Alabama,White,score_3,2024,8931
Alabama,White,score_3,2020,6776
Alabama,White,score_3,2015,6650
Alabama,White,score_2,2025,6782
Alabama,White,score_2,2024,8000
Alabama,White,score_2,2020,7019
Alabama,White,score_2,2015,8804
Alabama,White,score_1,2025,3786
Alabama,White,score_1,2024,5053
Alabama,White,score_1,2020,5430
Alabama,White,score_1,2015,8958
Alabama,White,total_exams,2025,31994
Alabama,White,total_exams,2024,32112
Alabama,White,total_exams,2020,25060
Alabama,White,total_exams,2015,29628
Alabama,White,mean_score,2025,3.04
Alabama,White,mean_score,2024,2.85
Alabama,White,mean_score,2020,2.6
Alabama,White,mean_score,2015,2.33
Alabama,Black or African American,score_5,2025,250
Alabama,Black or African American,score_5,2024,215
Alabama,Black or African American,score_5,2020,105
Alabama,Black or African American,score_5,2015,95
Alabama,Black or African American,score_4,2025,833
Alabama,Black or African American,score_4,2024,664
Alabama,Black or African American,score_4,2020,358
Alabama,Black or African American,score_4,2015,284
Alabama,Black or African American,score_3,2025,1767
Alabama,Black or African American,score_3,2024,1446
Alabama,Black or African American,score_3,2020,932
Alabama,Black or African American,score_3,2015,767
Alabama,Black or African American,score_2,2025,2226
Alabama,Black or African American,score_2,2024,2066
Alabama,Black or African American,score_2,2020,1446
Alabama,Black or African American,score_2,2015,2017
Alabama,Black or African American,score_1,2025,2475
Alabama,Black or African American,score_1,2024,2708
Alabama,Black or African American,score_1,2020,2091
Alabama,Black or African American,score_1,2015,4549
Alabama,Black or African American,total_exams,2025,7551
Alabama,Black or African American,total_exams,2024,7099
Alabama,Black or African American,total_exams,2020,4932
Alabama,Black or African American,total_exams,2015,7712
Alabama,Black or African American,mean_score,2025,2.23
Alabama,Black or African American,mean_score,2024,2.1
Alabama,Black or African American,mean_score,2020,1.97
Alabama,Black or African American,mean_score,2015,1.62
Alabama,Native American or Alaska Native,score_5,2025,13
Alabama,Native American or Alaska Native,score_5,2024,11
Alabama,Native American or Alaska Native,score_5,2020,10
Alabama,Native American or Alaska Native,score_5,2015,**
Alabama,Native American or Alaska Native,score_4,2025,44
Alabama,Native American or Alaska Native,score_4,2024,45
Alabama,Native American or Alaska Native,score_4,2020,28
Alabama,Native American or Alaska Native,score_4,2015,**
Alabama,Native American or Alaska Native,score_3,2025,87
Alabama,Native American or Alaska Native,score_3,2024,67
Alabama,Native American or Alaska Native,score_3,2020,78
Alabama,Native American or Alaska Native,score_3,2015,**
Alabama,Native American or Alaska Native,score_2,2025,64
Alabama,Native American or Alaska Native,score_2,2024,72
Alabama,Native American or Alaska Native,score_2,2020,105
Alabama,Native American or Alaska Native,score_2,2015,**
Alabama,Native American or Alaska Native,score_1,2025,44
Alabama,Native American or Alaska Native,score_1,2024,54
Alabama,Native American or Alaska Native,score_1,2020,117
Alabama,Native American or Alaska Native,score_1,2015,**
Alabama,Native American or Alaska Native,total_exams,2025,252
Alabama,Native American or Alaska Native,total_exams,2024,249
Alabama,Native American or Alaska Native,total_exams,2020,338
Alabama,Native American or Alaska Native,total_exams,2015,374
Alabama,Native American or Alaska Native,mean_score,2025,2.67
Alabama,Native American or Alaska Native,mean_score,2024,2.55
Alabama,Native American or Alaska Native,mean_score,2020,2.14
Alabama,Native American or Alaska Native,mean_score,2015,2.03
Alabama,Native Hawaiian or other Pacific Islander,score_5,2025,**
Alabama,Native Hawaiian or other Pacific Islander,score_5,2024,**
Alabama,Native Hawaiian or other Pacific Islander,score_5,2020,**
Alabama,Native Hawaiian or other Pacific Islander,score_5,2015,67
Alabama,Native Hawaiian or other Pacific Islander,score_4,2025,**
Alabama,Native Hawaiian or other Pacific Islander,score_4,2024,**
Alabama,Native Hawaiian or other Pacific Islander,score_4,2020,**
Alabama,Native Hawaiian or other Pacific Islander,score_4,2015,89
Alabama,Native Hawaiian or other Pacific Islander,score_3,2025,**
Alabama,Native Hawaiian or other Pacific Islander,score_3,2024,**
Alabama,Native Hawaiian or other Pacific Islander,score_3,2020,**
Alabama,Native Hawaiian or other Pacific Islander,score_3,2015,184
Alabama,Native Hawaiian or other Pacific Islander,score_2,2025,**
Alabama,Native Hawaiian or other Pacific Islander,score_2,2024,**
Alabama,Native Hawaiian or other Pacific Islander,score_2,2020,**
Alabama,Native Hawaiian or other Pacific Islander,score_2,2015,260
Alabama,Native Hawaiian or other Pacific Islander,score_1,2025,**
Alabama,Native Hawaiian or other Pacific Islander,score_1,2024,**
Alabama,Native Hawaiian or other Pacific Islander,score_1,2020,**
Alabama,Native Hawaiian or other Pacific Islander,score_1,2015,278
Alabama,Native Hawaiian or other Pacific Islander,total_exams,2025,37
Alabama,Native Hawaiian or other Pacific Islander,total_exams,2024,36
Alabama,Native Hawaiian or other Pacific Islander,total_exams,2020,32
Alabama,Native Hawaiian or other Pacific Islander,total_exams,2015,878
Alabama,Native Hawaiian or other Pacific Islander,mean_score,2025,2.62
Alabama,Native Hawaiian or other Pacific Islander,mean_score,2024,2.03
Alabama,Native Hawaiian or other Pacific Islander,mean_score,2020,2.28
Alabama,Native Hawaiian or other Pacific Islander,mean_score,2015,2.32
Alabama,Two or More Races,score_5,2025,233
Alabama,Two or More Races,score_5,2024,223
Alabama,Two or More Races,score_5,2020,127
Alabama,Two or More Races,score_4,2025,521
Alabama,Two or More Races,score_4,2024,474
Alabama,Two or More Races,score_4,2020,249
Alabama,Two or More Races,score_3,2025,717
Alabama,Two or More Races,score_3,2024,685
Alabama,Two or More Races,score_3,2020,439
Alabama,Two or More Races,score_2,2025,584
Alabama,Two or More Races,score_2,2024,669
Alabama,Two or More Races,score_2,2020,529
Alabama,Two or More Races,score_1,2025,361
Alabama,Two or More Races,score_1,2024,454
Alabama,Two or More Races,score_1,2020,450
Alabama,Two or More Races,total_exams,2025,2416
Alabama,Two or More Races,total_exams,2024,2505
Alabama,Two or More Races,total_exams,2020,1794
Alabama,Two or More Races,mean_score,2025,2.87
Alabama,Two or More Races,mean_score,2024,2.74
Alabama,Two or More Races,mean_score,2020,2.48
Alabama,No Response,total_exams,2025,1775
Alabama,No Response,total_exams,2024,1203
Alabama,No Response,total_exams,2020,942
Alabama,No Response,total_exams,2015,888
Alaska,Overall,score_5,2025,784
Alaska,Overall,score_5,2024,679
Alaska,Overall,score_5,2020,513
Alaska,Overall,score_5,2015,682
Alaska,Overall,score_4,2025,1827
Alaska,Overall,score_4,2024,1482
Alaska,Overall,score_4,2020,897
Alaska,Overall,score_4,2015,1057
Alaska,Overall,score_3,2025,2530
Alaska,Overall,score_3,2024,2053
Alaska,Overall,score_3,2020,1366
Alaska,Overall,score_3,2015,1598
Alaska,Overall,score_2,2025,1758
Alaska,Overall,score_2,2024,1696
Alaska,Overall,score_2,2020,1194
Alaska,Overall,score_2,2015,1464
Alaska,Overall,score_1,2025,714
Alaska,Overall,score_1,2024,763
Alaska,Overall,score_1,2020,707
Alaska,Overall,score_1,2015,853
Alaska,Overall,total_exams,2025,7613
Alaska,Overall,total_exams,2024,6673
Alaska,Overall,total_exams,2020,4677
Alaska,Overall,total_exams,2015,5654
Alaska,Overall,mean_score,2025,3.03
Alaska,Overall,mean_score,2024,2.94
Alaska,Overall,mean_score,2020,2.85
Alaska,Overall,mean_score,2015,2.87
Alaska,Asian,score_5,2025,101
Alaska,Asian,score_5,2024,72
Alaska,Asian,score_5,2020,69
Alaska,Asian,score_5,2015,57
Alaska,Asian,score_4,2025,163
Alaska,Asian,score_4,2024,116
Alaska,Asian,score_4,2020,106
Alaska,Asian,score_4,2015,103
Alaska,Asian,score_3,2025,230
Alaska,Asian,score_3,2024,180
Alaska,Asian,score_3,2020,135
Alaska,Asian,score_3,2015,188
Alaska,Asian,score_2,2025,157
Alaska,Asian,score_2,2024,171
Alaska,Asian,score_2,2020,147
Alaska,Asian,score_2,2015,191
Alaska,Asian,score_1,2025,74
Alaska,Asian,score_1,2024,87
Alaska,Asian,score_1,2020,115
Alaska,Asian,score_1,2015,192
Alaska,Asian,total_exams,2025,725
Alaska,Asian,total_exams,2024,626
Alaska,Asian,total_exams,2020,572
Alaska,Asian,total_exams,2015,731
Alaska,Asian,mean_score,2025,3.08
Alaska,Asian,mean_score,2024,2.86
Alaska,Asian,mean_score,2020,2.77
Alaska,Asian,mean_score,2015,2.51
Alaska,Hispanic/Latino,score_5,2025,41
Alaska,Hispanic/Latino,score_5,2024,39
Alaska,Hispanic/Latino,score_5,2020,41
Alaska,Hispanic/Latino,score_5,2015,28
Alaska,Hispanic/Latino,score_4,2025,133
Alaska,Hispanic/Latino,score_4,2024,110
Alaska,Hispanic/Latino,score_4,2020,70
Alaska,Hispanic/Latino,score_4,2015,45
Alaska,Hispanic/Latino,score_3,2025,237
Alaska,Hispanic/Latino,score_3,2024,195
Alaska,Hispanic/Latino,score_3,2020,116
Alaska,Hispanic/Latino,score_3,2015,66
Alaska,Hispanic/Latino,score_2,2025,212
Alaska,Hispanic/Latino,score_2,2024,147
Alaska,Hispanic/Latino,score_2,2020,92
Alaska,Hispanic/Latino,score_2,2015,70
Alaska,Hispanic/Latino,score_1,2025,75
Alaska,Hispanic/Latino,score_1,2024,85
Alaska,Hispanic/Latino,score_1,2020,68
Alaska,Hispanic/Latino,score_1,2015,35
Alaska,Hispanic/Latino,total_exams,2025,698
Alaska,Hispanic/Latino,total_exams,2024,576
Alaska,Hispanic/Latino,total_exams,2020,387
Alaska,Hispanic/Latino,total_exams,2015,244
Alaska,Hispanic/Latino,mean_score,2025,2.79
Alaska,Hispanic/Latino,mean_score,2024,2.78
Alaska,Hispanic/Latino,mean_score,2020,2.8
Alaska,Hispanic/Latino,mean_score,2015,2.84
Alaska,White,score_5,2025,550
Alaska,White,score_5,2024,469
Alaska,White,score_5,2020,323
Alaska,White,score_5,2015,534
Alaska,White,score_4,2025,1223
Alaska,White,score_4,2024,988
Alaska,White,score_4,2020,600
Alaska,White,score_4,2015,804
Alaska,White,score_3,2025,1541
Alaska,White,score_3,2024,1301
Alaska,White,score_3,2020,843
Alaska,White,score_3,2015,1139
Alaska,White,score_2,2025,974
Alaska,White,score_2,2024,977
Alaska,White,score_2,2020,695
Alaska,White,score_2,2015,943
Alaska,White,score_1,2025,343
Alaska,White,score_1,2024,386
Alaska,White,score_1,2020,348
Alaska,White,score_1,2015,484
Alaska,White,total_exams,2025,4631
Alaska,White,total_exams,2024,4121
Alaska,White,total_exams,2020,2809
Alaska,White,total_exams,2015,3904
Alaska,White,mean_score,2025,3.14
Alaska,White,mean_score,2024,3.04
Alaska,White,mean_score,2020,2.95
Alaska,White,mean_score,2015,2.99
Alaska,Black or African American,score_5,2025,**
Alaska,Black or African American,score_5,2024,**
Alaska,Black or African American,score_5,2020,**
Alaska,Black or African American,score_5,2015,14
Alaska,Black or African American,score_4,2025,**
Alaska,Black or African American,score_4,2024,**
Alaska,Black or African American,score_4,2020,**
Alaska,Black or African American,score_4,2015,14
Alaska,Black or African American,score_3,2025,**
Alaska,Black or African American,score_3,2024,**
Alaska,Black or African American,score_3,2020,**
Alaska,Black or African American,score_3,2015,29
Alaska,Black or African American,score_2,2025,**
Alaska,Black or African American,score_2,2024,**
Alaska,Black or African American,score_2,2020,**
Alaska,Black or African American,score_2,2015,44
Alaska,Black or African American,score_1,2025,**
Alaska,Black or African American,score_1,2024,**
Alaska,Black or African American,score_1,2020,**
Alaska,Black or African American,score_1,2015,22
Alaska,Black or African American,total_exams,2025,141
Alaska,Black or African American,total_exams,2024,101
Alaska,Black or African American,total_exams,2020,82
Alaska,Black or African American,total_exams,2015,123
Alaska,Black or African American,mean_score,2025,2.77
Alaska,Black or African American,mean_score,2024,2.76
Alaska,Black or African American,mean_score,2020,2.29
Alaska,Black or African American,mean_score,2015,2.63
Alaska,Native American or Alaska Native,score_5,2025,**
Alaska,Native American or Alaska Native,score_5,2024,**
Alaska,Native American or Alaska Native,score_5,2020,**
Alaska,Native American or Alaska Native,score_5,2015,**
Alaska,Native American or Alaska Native,score_4,2025,**
Alaska,Native American or Alaska Native,score_4,2024,**
Alaska,Native American or Alaska Native,score_4,2020,**
Alaska,Native American or Alaska Native,score_4,2015,**
Alaska,Native American or Alaska Native,score_3,2025,**
Alaska,Native American or Alaska Native,score_3,2024,**
Alaska,Native American or Alaska Native,score_3,2020,**
Alaska,Native American or Alaska Native,score_3,2015,**
Alaska,Native American or Alaska Native,score_2,2025,**
Alaska,Native American or Alaska Native,score_2,2024,**
Alaska,Native American or Alaska Native,score_2,2020,**
Alaska,Native American or Alaska Native,score_2,2015,**
Alaska,Native American or Alaska Native,score_1,2025,**
Alaska,Native American or Alaska Native,score_1,2024,**
Alaska,Native American or Alaska Native,score_1,2020,**
Alaska,Native American or Alaska Native,score_1,2015,**
Alaska,Native American or Alaska Native,total_exams,2025,287
Alaska,Native American or Alaska Native,total_exams,2024,225
Alaska,Native American or Alaska Native,total_exams,2020,87
Alaska,Native American or Alaska Native,total_exams,2015,214
Alaska,Native American or Alaska Native,mean_score,2025,2.34
Alaska,Native American or Alaska Native,mean_score,2024,2.28
Alaska,Native American or Alaska Native,mean_score,2020,2.34
Alaska,Native American or Alaska Native,mean_score,2015,2.44
Alaska,Native Hawaiian or other Pacific Islander,score_5,2025,**
Alaska,Native Hawaiian or other Pacific Islander,score_5,2024,**
Alaska,Native Hawaiian or other Pacific Islander,score_5,2020,**
Alaska,Native Hawaiian or other Pacific Islander,score_5,2015,29
Alaska,Native Hawaiian or other Pacific Islander,score_4,2025,**
Alaska,Native Hawaiian or other Pacific Islander,score_4,2024,**
Alaska,Native Hawaiian or other Pacific Islander,score_4,2020,**
Alaska,Native Hawaiian or other Pacific Islander,score_4,2015,27
Alaska,Native Hawaiian or other Pacific Islander,score_3,2025,**
Alaska,Native Hawaiian or other Pacific Islander,score_3,2024,**
Alaska,Native Hawaiian or other Pacific Islander,score_3,2020,**
Alaska,Native Hawaiian or other Pacific Islander,score_3,2015,48
Alaska,Native Hawaiian or other Pacific Islander,score_2,2025,**
Alaska,Native Hawaiian or other Pacific Islander,score_2,2024,**
Alaska,Native Hawaiian or other Pacific Islander,score_2,2020,**
Alaska,Native Hawaiian or other Pacific Islander,score_2,2015,49
Alaska,Native Hawaiian or other Pacific Islander,score_1,2025,**
Alaska,Native Hawaiian or other Pacific Islander,score_1,2024,**
Alaska,Native Hawaiian or other Pacific Islander,score_1,2020,**
Alaska,Native Hawaiian or other Pacific Islander,score_1,2015,23
Alaska,Native Hawaiian or other Pacific Islander,total_exams,2025,48
Alaska,Native Hawaiian or other Pacific Islander,total_exams,2024,41
Alaska,Native Hawaiian or other Pacific Islander,total_exams,2020,28
Alaska,Native Hawaiian or other Pacific Islander,total_exams,2015,176
Alaska,Native Hawaiian or other Pacific Islander,mean_score,2025,2.42
Alaska,Native Hawaiian or other Pacific Islander,mean_score,2024,2.27
Alaska,Native Hawaiian or other Pacific Islander,mean_score,2020,2
Alaska,Native Hawaiian or other Pacific Islander,mean_score,2015,2.94
Alaska,Two or More Races,score_5,2025,56
Alaska,Two or More Races,score_5,2024,57
Alaska,Two or More Races,score_5,2020,49
Alaska,Two or More Races,score_4,2025,191
Alaska,Two or More Races,score_4,2024,183
Alaska,Two or More Races,score_4,2020,79
Alaska,Two or More Races,score_3,2025,304
Alaska,Two or More Races,score_3,2024,222
Alaska,Two or More Races,score_3,2020,165
Alaska,Two or More Races,score_2,2025,209
Alaska,Two or More Races,score_2,2024,228
Alaska,Two or More Races,score_2,2020,167
Alaska,Two or More Races,score_1,2025,76
Alaska,Two or More Races,score_1,2024,95
Alaska,Two or More Races,score_1,2020,98
Alaska,Two or More Races,total_exams,2025,836
Alaska,Two or More Races,total_exams,2024,785
Alaska,Two or More Races,total_exams,2020,558
Alaska,Two or More Races,mean_score,2025,2.93
Alaska,Two or More Races,mean_score,2024,2.85
Alaska,Two or More Races,mean_score,2020,2.67
Alaska,No Response,total_exams,2025,247
Alaska,No Response,total_exams,2024,198
Alaska,No Response,total_exams,2020,154
Alaska,No Response,total_exams,2015,262
Arizona,Overall,score_5,2025,14456
Arizona,Overall,score_5,2024,12738
Arizona,Overall,score_5,2020,8745
Arizona,Overall,score_5,2015,6951
Arizona,Overall,score_4,2025,23605
Arizona,Overall,score_4,2024,19638
Arizona,Overall,score_4,2020,12342
Arizona,Overall,score_4,2015,10630
Arizona,Overall,score_3,2025,22629
Arizona,Overall,score_3,2024,19629
Arizona,Overall,score_3,2020,16824
Arizona,Overall,score_3,2015,14978
Arizona,Overall,score_2,2025,16477
Arizona,Overall,score_2,2024,16812
Arizona,Overall,score_2,2020,13666
Arizona,Overall,score_2,2015,13836
Arizona,Overall,score_1,2025,8979
Arizona,Overall,score_1,2024,10777
Arizona,Overall,score_1,2020,9465
Arizona,Overall,score_1,2015,11862
Arizona,Overall,total_exams,2025,86146
Arizona,Overall,total_exams,2024,79594
Arizona,Overall,total_exams,2020,61042
Arizona,Overall,total_exams,2015,58257
Arizona,Overall,mean_score,2025,3.21
Arizona,Overall,mean_score,2024,3.08
Arizona,Overall,mean_score,2020,2.95
Arizona,Overall,mean_score,2015,2.78
Arizona,Asian,score_5,2025,4894
Arizona,Asian,score_5,2024,4348
Arizona,Asian,score_5,2020,2463
Arizona,Asian,score_5,2015,1751
Arizona,Asian,score_4,2025,4868
Arizona,Asian,score_4,2024,4115
Arizona,Asian,score_4,2020,2424
Arizona,Asian,score_4,2015,1877
Arizona,Asian,score_3,2025,3067
Arizona,Asian,score_3,2024,2671
Arizona,Asian,score_3,2020,2311
Arizona,Asian,score_3,2015,2093
Arizona,Asian,score_2,2025,1453
Arizona,Asian,score_2,2024,1474
Arizona,Asian,score_2,2020,1366
Arizona,Asian,score_2,2015,1401
Arizona,Asian,score_1,2025,513
Arizona,Asian,score_1,2024,585
Arizona,Asian,score_1,2020,641
Arizona,Asian,score_1,2015,900
Arizona,Asian,total_exams,2025,14795
Arizona,Asian,total_exams,2024,13193
Arizona,Asian,total_exams,2020,9205
Arizona,Asian,total_exams,2015,8022
Arizona,Asian,mean_score,2025,3.82
Arizona,Asian,mean_score,2024,3.77
Arizona,Asian,mean_score,2020,3.51
Arizona,Asian,mean_score,2015,3.27
Arizona,Hispanic/Latino,score_5,2025,2193
Arizona,Hispanic/Latino,score_5,2024,1866
Arizona,Hispanic/Latino,score_5,2020,1663
Arizona,Hispanic/Latino,score_5,2015,1054
Arizona,Hispanic/Latino,score_4,2025,5464
Arizona,Hispanic/Latino,score_4,2024,4499
Arizona,Hispanic/Latino,score_4,2020,2716
Arizona,Hispanic/Latino,score_4,2015,1864
Arizona,Hispanic/Latino,score_3,2025,7819
Arizona,Hispanic/Latino,score_3,2024,6308
Arizona,Hispanic/Latino,score_3,2020,4477
Arizona,Hispanic/Latino,score_3,2015,3147
Arizona,Hispanic/Latino,score_2,2025,7604
Arizona,Hispanic/Latino,score_2,2024,7495
Arizona,Hispanic/Latino,score_2,2020,4721
Arizona,Hispanic/Latino,score_2,2015,4147
Arizona,Hispanic/Latino,score_1,2025,5440
Arizona,Hispanic/Latino,score_1,2024,6530
Arizona,Hispanic/Latino,score_1,2020,4426
Arizona,Hispanic/Latino,score_1,2015,5220
Arizona,Hispanic/Latino,total_exams,2025,28520
Arizona,Hispanic/Latino,total_exams,2024,26698
Arizona,Hispanic/Latino,total_exams,2020,18003
Arizona,Hispanic/Latino,total_exams,2015,15432
Arizona,Hispanic/Latino,mean_score,2025,2.7
Arizona,Hispanic/Latino,mean_score,2024,2.54
Arizona,Hispanic/Latino,mean_score,2020,2.58
Arizona,Hispanic/Latino,mean_score,2015,2.31
Arizona,White,score_5,2025,5496
Arizona,White,score_5,2024,5091
Arizona,White,score_5,2020,3642
Arizona,White,score_5,2015,3722
Arizona,White,score_4,2025,10190
Arizona,White,score_4,2024,8795
Arizona,White,score_4,2020,5812
Arizona,White,score_4,2015,6111
Arizona,White,score_3,2025,8848
Arizona,White,score_3,2024,8275
Arizona,White,score_3,2020,7978
Arizona,White,score_3,2015,8372
Arizona,White,score_2,2025,5072
Arizona,White,score_2,2024,5644
Arizona,White,score_2,2020,5766
Arizona,White,score_2,2015,6641
Arizona,White,score_1,2025,1645
Arizona,White,score_1,2024,2155
Arizona,White,score_1,2020,3090
Arizona,White,score_1,2015,3945
Arizona,White,total_exams,2025,31251
Arizona,White,total_exams,2024,29960
Arizona,White,total_exams,2020,26288
Arizona,White,total_exams,2015,28791
Arizona,White,mean_score,2025,3.41
Arizona,White,mean_score,2024,3.3
Arizona,White,mean_score,2020,3.04
Arizona,White,mean_score,2015,2.97
Arizona,Black or African American,score_5,2025,266
Arizona,Black or African American,score_5,2024,240
Arizona,Black or African American,score_5,2020,125
Arizona,Black or African American,score_5,2015,87
Arizona,Black or African American,score_4,2025,610
Arizona,Black or African American,score_4,2024,444
Arizona,Black or African American,score_4,2020,215
Arizona,Black or African American,score_4,2015,230
Arizona,Black or African American,score_3,2025,784
Arizona,Black or African American,score_3,2024,636
Arizona,Black or African American,score_3,2020,416
Arizona,Black or African American,score_3,2015,438
Arizona,Black or African American,score_2,2025,844
Arizona,Black or African American,score_2,2024,734
Arizona,Black or African American,score_2,2020,396
Arizona,Black or African American,score_2,2015,516
Arizona,Black or African American,score_1,2025,600
Arizona,Black or African American,score_1,2024,648
Arizona,Black or African American,score_1,2020,367
Arizona,Black or African American,score_1,2015,604
Arizona,Black or African American,total_exams,2025,3104
Arizona,Black or African American,total_exams,2024,2702
Arizona,Black or African American,total_exams,2020,1519
Arizona,Black or African American,total_exams,2015,1875
Arizona,Black or African American,mean_score,2025,2.71
Arizona,Black or African American,mean_score,2024,2.59
Arizona,Black or African American,mean_score,2020,2.56
Arizona,Black or African American,mean_score,2015,2.3
Arizona,Native American or Alaska Native,score_5,2025,33
Arizona,Native American or Alaska Native,score_5,2024,20
Arizona,Native American or Alaska Native,score_5,2020,29
Arizona,Native American or Alaska Native,score_5,2015,38
Arizona,Native American or Alaska Native,score_4,2025,116
Arizona,Native American or Alaska Native,score_4,2024,72
Arizona,Native American or Alaska Native,score_4,2020,77
Arizona,Native American or Alaska Native,score_4,2015,67
Arizona,Native American or Alaska Native,score_3,2025,205
Arizona,Native American or Alaska Native,score_3,2024,156
Arizona,Native American or Alaska Native,score_3,2020,145
Arizona,Native American or Alaska Native,score_3,2015,142
Arizona,Native American or Alaska Native,score_2,2025,286
Arizona,Native American or Alaska Native,score_2,2024,304
Arizona,Native American or Alaska Native,score_2,2020,186
Arizona,Native American or Alaska Native,score_2,2015,266
Arizona,Native American or Alaska Native,score_1,2025,225
Arizona,Native American or Alaska Native,score_1,2024,260
Arizona,Native American or Alaska Native,score_1,2020,170
Arizona,Native American or Alaska Native,score_1,2015,325
Arizona,Native American or Alaska Native,total_exams,2025,865
Arizona,Native American or Alaska Native,total_exams,2024,812
Arizona,Native American or Alaska Native,total_exams,2020,607
Arizona,Native American or Alaska Native,total_exams,2015,838
Arizona,Native American or Alaska Native,mean_score,2025,2.36
Arizona,Native American or Alaska Native,mean_score,2024,2.12
Arizona,Native American or Alaska Native,mean_score,2020,2.36
Arizona,Native American or Alaska Native,mean_score,2015,2.08
Arizona,Native Hawaiian or other Pacific Islander,score_5,2025,**
Arizona,Native Hawaiian or other Pacific Islander,score_5,2024,**
Arizona,Native Hawaiian or other Pacific Islander,score_5,2020,**
Arizona,Native Hawaiian or other Pacific Islander,score_5,2015,199
Arizona,Native Hawaiian or other Pacific Islander,score_4,2025,**
Arizona,Native Hawaiian or other Pacific Islander,score_4,2024,**
Arizona,Native Hawaiian or other Pacific Islander,score_4,2020,**
Arizona,Native Hawaiian or other Pacific Islander,score_4,2015,275
Arizona,Native Hawaiian or other Pacific Islander,score_3,2025,**
Arizona,Native Hawaiian or other Pacific Islander,score_3,2024,**
Arizona,Native Hawaiian or other Pacific Islander,score_3,2020,**
Arizona,Native Hawaiian or other Pacific Islander,score_3,2015,353
Arizona,Native Hawaiian or other Pacific Islander,score_2,2025,**
Arizona,Native Hawaiian or other Pacific Islander,score_2,2024,**
Arizona,Native Hawaiian or other Pacific Islander,score_2,2020,**
Arizona,Native Hawaiian or other Pacific Islander,score_2,2015,297
Arizona,Native Hawaiian or other Pacific Islander,score_1,2025,**
Arizona,Native Hawaiian or other Pacific Islander,score_1,2024,**
Arizona,Native Hawaiian or other Pacific Islander,score_1,2020,**
Arizona,Native Hawaiian or other Pacific Islander,score_1,2015,238
Arizona,Native Hawaiian or other Pacific Islander,total_exams,2025,130
Arizona,Native Hawaiian or other Pacific Islander,total_exams,2024,134
Arizona,Native Hawaiian or other Pacific Islander,total_exams,2020,83
Arizona,Native Hawaiian or other Pacific Islander,total_exams,2015,1362
Arizona,Native Hawaiian or other Pacific Islander,mean_score,2025,2.89
Arizona,Native Hawaiian or other Pacific Islander,mean_score,2024,2.45
Arizona,Native Hawaiian or other Pacific Islander,mean_score,2020,2.61
Arizona,Native Hawaiian or other Pacific Islander,mean_score,2015,2.93
Arizona,Two or More Races,score_5,2025,932
Arizona,Two or More Races,score_5,2024,758
Arizona,Two or More Races,score_5,2020,497
Arizona,Two or More Races,score_4,2025,1501
Arizona,Two or More Races,score_4,2024,1209
Arizona,Two or More Races,score_4,2020,677
Arizona,Two or More Races,score_3,2025,1258
Arizona,Two or More Races,score_3,2024,1146
Arizona,Two or More Races,score_3,2020,981
Arizona,Two or More Races,score_2,2025,778
Arizona,Two or More Races,score_2,2024,773
Arizona,Two or More Races,score_2,2020,751
Arizona,Two or More Races,score_1,2025,323
Arizona,Two or More Races,score_1,2024,377
Arizona,Two or More Races,score_1,2020,405
Arizona,Two or More Races,total_exams,2025,4792
Arizona,Two or More Races,total_exams,2024,4263
Arizona,Two or More Races,total_exams,2020,3311
Arizona,Two or More Races,mean_score,2025,3.41
Arizona,Two or More Races,mean_score,2024,3.28
Arizona,Two or More Races,mean_score,2020,3.03
Arizona,No Response,total_exams,2025,2689
Arizona,No Response,total_exams,2024,1832
Arizona,No Response,total_exams,2020,2026
Arizona,No Response,total_exams,2015,1937
Arkansas,Overall,score_5,2025,3949
Arkansas,Overall,score_5,2024,3241
Arkansas,Overall,score_5,2020,2626
Arkansas,Overall,score_5,2015,1850
Arkansas,Overall,score_4,2025,9842
Arkansas,Overall,score_4,2024,8490
Arkansas,Overall,score_4,2020,5101
Arkansas,Overall,score_4,2015,4068
Arkansas,Overall,score_3,2025,13779
Arkansas,Overall,score_3,2024,11515
Arkansas,Overall,score_3,2020,9062
Arkansas,Overall,score_3,2015,8499
Arkansas,Overall,score_2,2025,13269
Arkansas,Overall,score_2,2024,13146
Arkansas,Overall,score_2,2020,10143
Arkansas,Overall,score_2,2015,13225
Arkansas,Overall,score_1,2025,10744
Arkansas,Overall,score_1,2024,12316
Arkansas,Overall,score_1,2020,9833
Arkansas,Overall,score_1,2015,17366
Arkansas,Overall,total_exams,2025,51583
Arkansas,Overall,total_exams,2024,48708
Arkansas,Overall,total_exams,2020,36765
Arkansas,Overall,total_exams,2015,45008
Arkansas,Overall,mean_score,2025,2.67
Arkansas,Overall,mean_score,2024,2.53
Arkansas,Overall,mean_score,2020,2.47
Arkansas,Overall,mean_score,2015,2.11
Arkansas,Asian,score_5,2025,725
Arkansas,Asian,score_5,2024,585
Arkansas,Asian,score_5,2020,421
Arkansas,Asian,score_5,2015,306
Arkansas,Asian,score_4,2025,1073
Arkansas,Asian,score_4,2024,853
Arkansas,Asian,score_4,2020,552
Arkansas,Asian,score_4,2015,424
Arkansas,Asian,score_3,2025,998
Arkansas,Asian,score_3,2024,881
Arkansas,Asian,score_3,2020,590
Arkansas,Asian,score_3,2015,602
Arkansas,Asian,score_2,2025,610
Arkansas,Asian,score_2,2024,619
Arkansas,Asian,score_2,2020,445
Arkansas,Asian,score_2,2015,616
Arkansas,Asian,score_1,2025,313
Arkansas,Asian,score_1,2024,336
Arkansas,Asian,score_1,2020,341
Arkansas,Asian,score_1,2015,575
Arkansas,Asian,total_exams,2025,3719
Arkansas,Asian,total_exams,2024,3274
Arkansas,Asian,total_exams,2020,2349
Arkansas,Asian,total_exams,2015,2523
Arkansas,Asian,mean_score,2025,3.35
Arkansas,Asian,mean_score,2024,3.22
Arkansas,Asian,mean_score,2020,3.11
Arkansas,Asian,mean_score,2015,2.71
Arkansas,Hispanic/Latino,score_5,2025,430
Arkansas,Hispanic/Latino,score_5,2024,340
Arkansas,Hispanic/Latino,score_5,2020,288
Arkansas,Hispanic/Latino,score_5,2015,162
Arkansas,Hispanic/Latino,score_4,2025,1300
Arkansas,Hispanic/Latino,score_4,2024,1093
Arkansas,Hispanic/Latino,score_4,2020,580
Arkansas,Hispanic/Latino,score_4,2015,347
Arkansas,Hispanic/Latino,score_3,2025,2285
Arkansas,Hispanic/Latino,score_3,2024,1835
Arkansas,Hispanic/Latino,score_3,2020,1069
Arkansas,Hispanic/Latino,score_3,2015,742
Arkansas,Hispanic/Latino,score_2,2025,2508
Arkansas,Hispanic/Latino,score_2,2024,2384
Arkansas,Hispanic/Latino,score_2,2020,1328
Arkansas,Hispanic/Latino,score_2,2015,1206
Arkansas,Hispanic/Latino,score_1,2025,1951
Arkansas,Hispanic/Latino,score_1,2024,2306
Arkansas,Hispanic/Latino,score_1,2020,1485
Arkansas,Hispanic/Latino,score_1,2015,1494
Arkansas,Hispanic/Latino,total_exams,2025,8474
Arkansas,Hispanic/Latino,total_exams,2024,7958
Arkansas,Hispanic/Latino,total_exams,2020,4750
Arkansas,Hispanic/Latino,total_exams,2015,3951
Arkansas,Hispanic/Latino,mean_score,2025,2.5
Arkansas,Hispanic/Latino,mean_score,2024,2.34
Arkansas,Hispanic/Latino,mean_score,2020,2.34
Arkansas,Hispanic/Latino,mean_score,2015,2.11
Arkansas,White,score_5,2025,2347
Arkansas,White,score_5,2024,1992
Arkansas,White,score_5,2020,1662
Arkansas,White,score_5,2015,1279
Arkansas,White,score_4,2025,6157
Arkansas,White,score_4,2024,5564
Arkansas,White,score_4,2020,3440
Arkansas,White,score_4,2015,3011
Arkansas,White,score_3,2025,8264
Arkansas,White,score_3,2024,7096
Arkansas,White,score_3,2020,6147
Arkansas,White,score_3,2015,6299
Arkansas,White,score_2,2025,7212
Arkansas,White,score_2,2024,7582
Arkansas,White,score_2,2020,6561
Arkansas,White,score_2,2015,9315
Arkansas,White,score_1,2025,4931
Arkansas,White,score_1,2024,5966
Arkansas,White,score_1,2020,5500
Arkansas,White,score_1,2015,10376
Arkansas,White,total_exams,2025,28911
Arkansas,White,total_exams,2024,28200
Arkansas,White,total_exams,2020,23310
Arkansas,White,total_exams,2015,30280
Arkansas,White,mean_score,2025,2.78
Arkansas,White,mean_score,2024,2.65
Arkansas,White,mean_score,2020,2.54
Arkansas,White,mean_score,2015,2.19
Arkansas,Black or African American,score_5,2025,101
Arkansas,Black or African American,score_5,2024,82
Arkansas,Black or African American,score_5,2020,48
Arkansas,Black or African American,score_5,2015,31
Arkansas,Black or African American,score_4,2025,448
Arkansas,Black or African American,score_4,2024,368
Arkansas,Black or African American,score_4,2020,169
Arkansas,Black or African American,score_4,2015,128
Arkansas,Black or African American,score_3,2025,990
Arkansas,Black or African American,score_3,2024,785
Arkansas,Black or African American,score_3,2020,466
Arkansas,Black or African American,score_3,2015,456
Arkansas,Black or African American,score_2,2025,1654
Arkansas,Black or African American,score_2,2024,1449
Arkansas,Black or African American,score_2,2020,930
Arkansas,Black or African American,score_2,2015,1347
Arkansas,Black or African American,score_1,2025,2603
Arkansas,Black or African American,score_1,2024,2651
Arkansas,Black or African American,score_1,2020,1633
Arkansas,Black or African American,score_1,2015,3788
Arkansas,Black or African American,total_exams,2025,5796
Arkansas,Black or African American,total_exams,2024,5335
Arkansas,Black or African American,total_exams,2020,3246
Arkansas,Black or African American,total_exams,2015,5750
Arkansas,Black or African American,mean_score,2025,1.93
Arkansas,Black or African American,mean_score,2024,1.83
Arkansas,Black or African American,mean_score,2020,1.79
Arkansas,Black or African American,mean_score,2015,1.48
Arkansas,Native American or Alaska Native,score_5,2025,22
Arkansas,Native American or Alaska Native,score_5,2024,16
Arkansas,Native American or Alaska Native,score_5,2020,13
Arkansas,Native American or Alaska Native,score_5,2015,10
Arkansas,Native American or Alaska Native,score_4,2025,52
Arkansas,Native American or Alaska Native,score_4,2024,50
Arkansas,Native American or Alaska Native,score_4,2020,32
Arkansas,Native American or Alaska Native,score_4,2015,31
Arkansas,Native American or Alaska Native,score_3,2025,80
Arkansas,Native American or Alaska Native,score_3,2024,94
Arkansas,Native American or Alaska Native,score_3,2020,85
Arkansas,Native American or Alaska Native,score_3,2015,76
Arkansas,Native American or Alaska Native,score_2,2025,95
Arkansas,Native American or Alaska Native,score_2,2024,111
Arkansas,Native American or Alaska Native,score_2,2020,94
Arkansas,Native American or Alaska Native,score_2,2015,125
Arkansas,Native American or Alaska Native,score_1,2025,63
Arkansas,Native American or Alaska Native,score_1,2024,69
Arkansas,Native American or Alaska Native,score_1,2020,101
Arkansas,Native American or Alaska Native,score_1,2015,152
Arkansas,Native American or Alaska Native,total_exams,2025,312
Arkansas,Native American or Alaska Native,total_exams,2024,340
Arkansas,Native American or Alaska Native,total_exams,2020,325
Arkansas,Native American or Alaska Native,total_exams,2015,394
Arkansas,Native American or Alaska Native,mean_score,2025,2.6
Arkansas,Native American or Alaska Native,mean_score,2024,2.51
Arkansas,Native American or Alaska Native,mean_score,2020,2.27
Arkansas,Native American or Alaska Native,mean_score,2015,2.04
Arkansas,Native Hawaiian or other Pacific Islander,score_5,2025,**
Arkansas,Native Hawaiian or other Pacific Islander,score_5,2024,**
Arkansas,Native Hawaiian or other Pacific Islander,score_5,2020,**
Arkansas,Native Hawaiian or other Pacific Islander,score_5,2015,35
Arkansas,Native Hawaiian or other Pacific Islander,score_4,2025,**
Arkansas,Native Hawaiian or other Pacific Islander,score_4,2024,**
Arkansas,Native Hawaiian or other Pacific Islander,score_4,2020,**
Arkansas,Native Hawaiian or other Pacific Islander,score_4,2015,61
Arkansas,Native Hawaiian or other Pacific Islander,score_3,2025,**
Arkansas,Native Hawaiian or other Pacific Islander,score_3,2024,**
Arkansas,Native Hawaiian or other Pacific Islander,score_3,2020,**
Arkansas,Native Hawaiian or other Pacific Islander,score_3,2015,131
Arkansas,Native Hawaiian or other Pacific Islander,score_2,2025,**
Arkansas,Native Hawaiian or other Pacific Islander,score_2,2024,**
Arkansas,Native Hawaiian or other Pacific Islander,score_2,2020,**
Arkansas,Native Hawaiian or other Pacific Islander,score_2,2015,216
Arkansas,Native Hawaiian or other Pacific Islander,score_1,2025,**
Arkansas,Native Hawaiian or other Pacific Islander,score_1,2024,**
Arkansas,Native Hawaiian or other Pacific Islander,score_1,2020,**
Arkansas,Native Hawaiian or other Pacific Islander,score_1,2015,317
Arkansas,Native Hawaiian or other Pacific Islander,total_exams,2025,188
Arkansas,Native Hawaiian or other Pacific Islander,total_exams,2024,161
Arkansas,Native Hawaiian or other Pacific Islander,total_exams,2020,61
Arkansas,Native Hawaiian or other Pacific Islander,total_exams,2015,760
Arkansas,Native Hawaiian or other Pacific Islander,mean_score,2025,1.97
Arkansas,Native Hawaiian or other Pacific Islander,mean_score,2024,1.71
Arkansas,Native Hawaiian or other Pacific Islander,mean_score,2020,2.07
Arkansas,Native Hawaiian or other Pacific Islander,mean_score,2015,2.05
Arkansas,Two or More Races,score_5,2025,207
Arkansas,Two or More Races,score_5,2024,161
Arkansas,Two or More Races,score_5,2020,135
Arkansas,Two or More Races,score_4,2025,509
Arkansas,Two or More Races,score_4,2024,402
Arkansas,Two or More Races,score_4,2020,228
Arkansas,Two or More Races,score_3,2025,694
Arkansas,Two or More Races,score_3,2024,588
Arkansas,Two or More Races,score_3,2020,509
Arkansas,Two or More Races,score_2,2025,644
Arkansas,Two or More Races,score_2,2024,648
Arkansas,Two or More Races,score_2,2020,558
Arkansas,Two or More Races,score_1,2025,444
Arkansas,Two or More Races,score_1,2024,536
Arkansas,Two or More Races,score_1,2020,509
Arkansas,Two or More Races,total_exams,2025,2498
Arkansas,Two or More Races,total_exams,2024,2335
Arkansas,Two or More Races,total_exams,2020,1939
Arkansas,Two or More Races,mean_score,2025,2.76
Arkansas,Two or More Races,mean_score,2024,2.57
Arkansas,Two or More Races,mean_score,2020,2.44
Arkansas,No Response,total_exams,2025,1685
Arkansas,No Response,total_exams,2024,1105
Arkansas,No Response,total_exams,2020,785
Arkansas,No Response,total_exams,2015,1350
California,Overall,score_5,2025,151990
California,Overall,score_5,2024,136142
California,Overall,score_5,2020,110734
California,Overall,score_5,2015,83337
California,Overall,score_4,2025,218410
California,Overall,score_4,2024,192390
California,Overall,score_4,2020,143731
California,Overall,score_4,2015,118117
California,Overall,score_3,2025,203879
California,Overall,score_3,2024,179614
California,Overall,score_3,2020,167477
California,Overall,score_3,2015,150330
California,Overall,score_2,2025,148207
California,Overall,score_2,2024,152341
California,Overall,score_2,2020,135649
California,Overall,score_2,2015,137148
California,Overall,score_1,2025,89798
California,Overall,score_1,2024,102956
California,Overall,score_1,2020,99988
California,Overall,score_1,2015,130232
California,Overall,total_exams,2025,812284
California,Overall,total_exams,2024,763443
California,Overall,total_exams,2020,657579
California,Overall,total_exams,2015,619164
California,Overall,mean_score,2025,3.24
California,Overall,mean_score,2024,3.14
California,Overall,mean_score,2020,3.04
California,Overall,mean_score,2015,2.82
California,Asian,score_5,2025,70892
California,Asian,score_5,2024,65421
California,Asian,score_5,2020,45482
California,Asian,score_5,2015,35353
California,Asian,score_4,2025,76502
California,Asian,score_4,2024,69048
California,Asian,score_4,2020,47586
California,Asian,score_4,2015,38385
California,Asian,score_3,2025,55062
California,Asian,score_3,2024,49895
California,Asian,score_3,2020,46265
California,Asian,score_3,2015,43216
California,Asian,score_2,2025,29748
California,Asian,score_2,2024,32315
California,Asian,score_2,2020,29070
California,Asian,score_2,2015,32958
California,Asian,score_1,2025,11934
California,Asian,score_1,2024,14626
California,Asian,score_1,2020,15814
California,Asian,score_1,2015,24823
California,Asian,total_exams,2025,244138
California,Asian,total_exams,2024,231305
California,Asian,total_exams,2020,184217
California,Asian,total_exams,2015,174735
California,Asian,mean_score,2025,3.67
California,Asian,mean_score,2024,3.6
California,Asian,mean_score,2020,3.42
California,Asian,mean_score,2015,3.15
California,Hispanic/Latino,score_5,2025,25509
California,Hispanic/Latino,score_5,2024,22119
California,Hispanic/Latino,score_5,2020,25479
California,Hispanic/Latino,score_5,2015,15682
California,Hispanic/Latino,score_4,2025,62072
California,Hispanic/Latino,score_4,2024,52712
California,Hispanic/Latino,score_4,2020,41315
California,Hispanic/Latino,score_4,2015,29494
California,Hispanic/Latino,score_3,2025,84263
California,Hispanic/Latino,score_3,2024,71038
California,Hispanic/Latino,score_3,2020,58864
California,Hispanic/Latino,score_3,2015,43610
California,Hispanic/Latino,score_2,2025,80866
California,Hispanic/Latino,score_2,2024,79306
California,Hispanic/Latino,score_2,2020,61114
California,Hispanic/Latino,score_2,2015,55160
California,Hispanic/Latino,score_1,2025,60627
California,Hispanic/Latino,score_1,2024,67948
California,Hispanic/Latino,score_1,2020,57961
California,Hispanic/Latino,score_1,2015,70520
California,Hispanic/Latino,total_exams,2025,313337
California,Hispanic/Latino,total_exams,2024,293123
California,Hispanic/Latino,total_exams,2020,244733
California,Hispanic/Latino,total_exams,2015,214466
California,Hispanic/Latino,mean_score,2025,2.72
California,Hispanic/Latino,mean_score,2024,2.6
California,Hispanic/Latino,mean_score,2020,2.65
California,Hispanic/Latino,mean_score,2015,2.37
California,White,score_5,2025,36090
California,White,score_5,2024,32715
California,White,score_5,2020,26898
California,White,score_5,2015,25696
California,White,score_4,2025,54532
California,White,score_4,2024,49828
California,White,score_4,2020,38445
California,White,score_4,2015,39466
California,White,score_3,2025,43213
California,White,score_3,2024,40911
California,White,score_3,2020,43181
California,White,score_3,2015,47702
California,White,score_2,2025,23168
California,White,score_2,2024,26417
California,White,score_2,2020,29893
California,White,score_2,2015,32676
California,White,score_1,2025,8015
California,White,score_1,2024,10635
California,White,score_1,2020,14686
California,White,score_1,2015,18176
California,White,total_exams,2025,165018
California,White,total_exams,2024,160506
California,White,total_exams,2020,153103
California,White,total_exams,2015,163716
California,White,mean_score,2025,3.53
California,White,mean_score,2024,3.42
California,White,mean_score,2020,3.22
California,White,mean_score,2015,3.13
California,Black or African American,score_5,2025,1200
California,Black or African American,score_5,2024,1054
California,Black or African American,score_5,2020,876
California,Black or African American,score_5,2015,895
California,Black or African American,score_4,2025,3374
California,Black or African American,score_4,2024,2849
California,Black or African American,score_4,2020,1846
California,Black or African American,score_4,2015,2137
California,Black or African American,score_3,2025,4743
California,Black or African American,score_3,2024,3863
California,Black or African American,score_3,2020,3290
California,Black or African American,score_3,2015,4007
California,Black or African American,score_2,2025,4894
California,Black or African American,score_2,2024,4485
California,Black or African American,score_2,2020,3900
California,Black or African American,score_2,2015,5343
California,Black or African American,score_1,2025,4395
California,Black or African American,score_1,2024,4688
California,Black or African American,score_1,2020,4176
California,Black or African American,score_1,2015,6433
California,Black or African American,total_exams,2025,18606
California,Black or African American,total_exams,2024,16939
California,Black or African American,total_exams,2020,14088
California,Black or African American,total_exams,2015,18815
California,Black or African American,mean_score,2025,2.57
California,Black or African American,mean_score,2024,2.47
California,Black or African American,mean_score,2020,2.39
California,Black or African American,mean_score,2015,2.24
California,Native American or Alaska Native,score_5,2025,75
California,Native American or Alaska Native,score_5,2024,66
California,Native American or Alaska Native,score_5,2020,211
California,Native American or Alaska Native,score_5,2015,252
California,Native American or Alaska Native,score_4,2025,210
California,Native American or Alaska Native,score_4,2024,213
California,Native American or Alaska Native,score_4,2020,308
California,Native American or Alaska Native,score_4,2015,486
California,Native American or Alaska Native,score_3,2025,308
California,Native American or Alaska Native,score_3,2024,299
California,Native American or Alaska Native,score_3,2020,480
California,Native American or Alaska Native,score_3,2015,715
California,Native American or Alaska Native,score_2,2025,252
California,Native American or Alaska Native,score_2,2024,336
California,Native American or Alaska Native,score_2,2020,452
California,Native American or Alaska Native,score_2,2015,698
California,Native American or Alaska Native,score_1,2025,220
California,Native American or Alaska Native,score_1,2024,263
California,Native American or Alaska Native,score_1,2020,384
California,Native American or Alaska Native,score_1,2015,576
California,Native American or Alaska Native,total_exams,2025,1065
California,Native American or Alaska Native,total_exams,2024,1177
California,Native American or Alaska Native,total_exams,2020,1835
California,Native American or Alaska Native,total_exams,2015,2727
California,Native American or Alaska Native,mean_score,2025,2.69
California,Native American or Alaska Native,mean_score,2024,2.56
California,Native American or Alaska Native,mean_score,2020,2.73
California,Native American or Alaska Native,mean_score,2015,2.68
California,Native Hawaiian or other Pacific Islander,score_5,2025,174
California,Native Hawaiian or other Pacific Islander,score_5,2024,142
California,Native Hawaiian or other Pacific Islander,score_5,2020,178
California,Native Hawaiian or other Pacific Islander,score_5,2015,3879
California,Native Hawaiian or other Pacific Islander,score_4,2025,321
California,Native Hawaiian or other Pacific Islander,score_4,2024,328
California,Native Hawaiian or other Pacific Islander,score_4,2020,307
California,Native Hawaiian or other Pacific Islander,score_4,2015,5220
California,Native Hawaiian or other Pacific Islander,score_3,2025,494
California,Native Hawaiian or other Pacific Islander,score_3,2024,346
California,Native Hawaiian or other Pacific Islander,score_3,2020,458
California,Native Hawaiian or other Pacific Islander,score_3,2015,6343
California,Native Hawaiian or other Pacific Islander,score_2,2025,433
California,Native Hawaiian or other Pacific Islander,score_2,2024,413
California,Native Hawaiian or other Pacific Islander,score_2,2020,454
California,Native Hawaiian or other Pacific Islander,score_2,2015,5272
California,Native Hawaiian or other Pacific Islander,score_1,2025,294
California,Native Hawaiian or other Pacific Islander,score_1,2024,314
California,Native Hawaiian or other Pacific Islander,score_1,2020,366
California,Native Hawaiian or other Pacific Islander,score_1,2015,4190
California,Native Hawaiian or other Pacific Islander,total_exams,2025,1716
California,Native Hawaiian or other Pacific Islander,total_exams,2024,1543
California,Native Hawaiian or other Pacific Islander,total_exams,2020,1763
California,Native Hawaiian or other Pacific Islander,total_exams,2015,24904
California,Native Hawaiian or other Pacific Islander,mean_score,2025,2.79
California,Native Hawaiian or other Pacific Islander,mean_score,2024,2.72
California,Native Hawaiian or other Pacific Islander,mean_score,2020,2.7
California,Native Hawaiian or other Pacific Islander,mean_score,2015,2.97
California,Two or More Races,score_5,2025,10967
California,Two or More Races,score_5,2024,9652
California,Two or More Races,score_5,2020,6427
California,Two or More Races,score_4,2025,14543
California,Two or More Races,score_4,2024,12886
California,Two or More Races,score_4,2020,8425
California,Two or More Races,score_3,2025,10914
California,Two or More Races,score_3,2024,9960
California,Two or More Races,score_3,2020,9438
California,Two or More Races,score_2,2025,5745
California,Two or More Races,score_2,2024,6509
California,Two or More Races,score_2,2020,6494
California,Two or More Races,score_1,2025,2341
California,Two or More Races,score_1,2024,2812
California,Two or More Races,score_1,2020,3454
California,Two or More Races,total_exams,2025,44510
California,Two or More Races,total_exams,2024,41819
California,Two or More Races,total_exams,2020,34238
California,Two or More Races,mean_score,2025,3.59
California,Two or More Races,mean_score,2024,3.48
California,Two or More Races,mean_score,2020,3.23
California,No Response,total_exams,2025,23894
California,No Response,total_exams,2024,17031
California,No Response,total_exams,2020,23602
California,No Response,total_exams,2015,19801
Colorado,Overall,score_5,2025,15873
Colorado,Overall,score_5,2024,14519
Colorado,Overall,score_5,2020,12061
Colorado,Overall,score_5,2015,9077
Colorado,Overall,score_4,2025,27935
Colorado,Overall,score_4,2024,24411
Colorado,Overall,score_4,2020,18503
Colorado,Overall,score_4,2015,14171
Colorado,Overall,score_3,2025,27052
Colorado,Overall,score_3,2024,24091
Colorado,Overall,score_3,2020,22932
Colorado,Overall,score_3,2015,19268
Colorado,Overall,score_2,2025,17765
Colorado,Overall,score_2,2024,18440
Colorado,Overall,score_2,2020,17446
Colorado,Overall,score_2,2015,16797
Colorado,Overall,score_1,2025,9162
Colorado,Overall,score_1,2024,11016
Colorado,Overall,score_1,2020,11235
Colorado,Overall,score_1,2015,12669
Colorado,Overall,total_exams,2025,97787
Colorado,Overall,total_exams,2024,92477
Colorado,Overall,total_exams,2020,82177
Colorado,Overall,total_exams,2015,71982
Colorado,Overall,mean_score,2025,3.24
Colorado,Overall,mean_score,2024,3.14
Colorado,Overall,mean_score,2020,3.03
Colorado,Overall,mean_score,2015,2.86
Colorado,Asian,score_5,2025,**
Colorado,Asian,score_5,2024,**
Colorado,Asian,score_5,2020,1437
Colorado,Asian,score_5,2015,1126
Colorado,Asian,score_4,2025,**
Colorado,Asian,score_4,2024,**
Colorado,Asian,score_4,2020,1752
Colorado,Asian,score_4,2015,1333
Colorado,Asian,score_3,2025,**
Colorado,Asian,score_3,2024,**
Colorado,Asian,score_3,2020,1828
Colorado,Asian,score_3,2015,1641
Colorado,Asian,score_2,2025,**
Colorado,Asian,score_2,2024,**
Colorado,Asian,score_2,2020,1106
Colorado,Asian,score_2,2015,1272
Colorado,Asian,score_1,2025,**
Colorado,Asian,score_1,2024,**
Colorado,Asian,score_1,2020,578
Colorado,Asian,score_1,2015,863
Colorado,Asian,total_exams,2025,**
Colorado,Asian,total_exams,2024,**
Colorado,Asian,total_exams,2020,6701
Colorado,Asian,total_exams,2015,6235
Colorado,Asian,mean_score,2025,**
Colorado,Asian,mean_score,2024,**
Colorado,Asian,mean_score,2020,3.35
Colorado,Asian,mean_score,2015,3.09
Colorado,Hispanic/Latino,score_5,2025,**
Colorado,Hispanic/Latino,score_5,2024,**
Colorado,Hispanic/Latino,score_5,2020,1589
Colorado,Hispanic/Latino,score_5,2015,753
Colorado,Hispanic/Latino,score_4,2025,**
Colorado,Hispanic/Latino,score_4,2024,**
Colorado,Hispanic/Latino,score_4,2020,2583
Colorado,Hispanic/Latino,score_4,2015,1360
Colorado,Hispanic/Latino,score_3,2025,**
Colorado,Hispanic/Latino,score_3,2024,**
Colorado,Hispanic/Latino,score_3,2020,3773
Colorado,Hispanic/Latino,score_3,2015,2028
Colorado,Hispanic/Latino,score_2,2025,**
Colorado,Hispanic/Latino,score_2,2024,**
Colorado,Hispanic/Latino,score_2,2020,3987
Colorado,Hispanic/Latino,score_2,2015,2669
Colorado,Hispanic/Latino,score_1,2025,**
Colorado,Hispanic/Latino,score_1,2024,**
Colorado,Hispanic/Latino,score_1,2020,3632
Colorado,Hispanic/Latino,score_1,2015,3404
Colorado,Hispanic/Latino,total_exams,2025,**
Colorado,Hispanic/Latino,total_exams,2024,**
Colorado,Hispanic/Latino,total_exams,2020,15564
Colorado,Hispanic/Latino,total_exams,2015,10214
Colorado,Hispanic/Latino,mean_score,2025,**
Colorado,Hispanic/Latino,mean_score,2024,**
Colorado,Hispanic/Latino,mean_score,2020,2.65
Colorado,Hispanic/Latino,mean_score,2015,2.35
Colorado,White,score_5,2025,**
Colorado,White,score_5,2024,**
Colorado,White,score_5,2020,8026
Colorado,White,score_5,2015,6651
Colorado,White,score_4,2025,**
Colorado,White,score_4,2024,**
Colorado,White,score_4,2020,12668
Colorado,White,score_4,2015,10444
Colorado,White,score_3,2025,**
Colorado,White,score_3,2024,**
Colorado,White,score_3,2020,15314
Colorado,White,score_3,2015,13983
Colorado,White,score_2,2025,**
Colorado,White,score_2,2024,**
Colorado,White,score_2,2020,10775
Colorado,White,score_2,2015,10895
Colorado,White,score_1,2025,**
Colorado,White,score_1,2024,**
Colorado,White,score_1,2020,5795
Colorado,White,score_1,2015,6504
Colorado,White,total_exams,2025,**
Colorado,White,total_exams,2024,**
Colorado,White,total_exams,2020,52578
Colorado,White,total_exams,2015,48477
Colorado,White,mean_score,2025,**
Colorado,White,mean_score,2024,**
Colorado,White,mean_score,2020,3.12
Colorado,White,mean_score,2015,3
Colorado,Black or African American,score_5,2025,**
Colorado,Black or African American,score_5,2024,**
Colorado,Black or African American,score_5,2020,114
Colorado,Black or African American,score_5,2015,132
Colorado,Black or African American,score_4,2025,**
Colorado,Black or African American,score_4,2024,**
Colorado,Black or African American,score_4,2020,295
Colorado,Black or African American,score_4,2015,258
Colorado,Black or African American,score_3,2025,**
Colorado,Black or African American,score_3,2024,**
Colorado,Black or African American,score_3,2020,493
Colorado,Black or African American,score_3,2015,499
Colorado,Black or African American,score_2,2025,**
Colorado,Black or African American,score_2,2024,**
Colorado,Black or African American,score_2,2020,552
Colorado,Black or African American,score_2,2015,704
Colorado,Black or African American,score_1,2025,**
Colorado,Black or African American,score_1,2024,**
Colorado,Black or African American,score_1,2020,557
Colorado,Black or African American,score_1,2015,784
Colorado,Black or African American,total_exams,2025,**
Colorado,Black or African American,total_exams,2024,**
Colorado,Black or African American,total_exams,2020,2011
Colorado,Black or African American,total_exams,2015,2377
Colorado,Black or African American,mean_score,2025,**
Colorado,Black or African American,mean_score,2024,**
Colorado,Black or African American,mean_score,2020,2.43
Colorado,Black or African American,mean_score,2015,2.26
Colorado,Native American or Alaska Native,score_5,2025,**
Colorado,Native American or Alaska Native,score_5,2024,**
Colorado,Native American or Alaska Native,score_5,2020,14
Colorado,Native American or Alaska Native,score_5,2015,26
Colorado,Native American or Alaska Native,score_4,2025,**
Colorado,Native American or Alaska Native,score_4,2024,**
Colorado,Native American or Alaska Native,score_4,2020,45
Colorado,Native American or Alaska Native,score_4,2015,76
Colorado,Native American or Alaska Native,score_3,2025,**
Colorado,Native American or Alaska Native,score_3,2024,**
Colorado,Native American or Alaska Native,score_3,2020,56
Colorado,Native American or Alaska Native,score_3,2015,109
Colorado,Native American or Alaska Native,score_2,2025,**
Colorado,Native American or Alaska Native,score_2,2024,**
Colorado,Native American or Alaska Native,score_2,2020,69
Colorado,Native American or Alaska Native,score_2,2015,106
Colorado,Native American or Alaska Native,score_1,2025,**
Colorado,Native American or Alaska Native,score_1,2024,**
Colorado,Native American or Alaska Native,score_1,2020,65
Colorado,Native American or Alaska Native,score_1,2015,119
Colorado,Native American or Alaska Native,total_exams,2025,**
Colorado,Native American or Alaska Native,total_exams,2024,**
Colorado,Native American or Alaska Native,total_exams,2020,249
Colorado,Native American or Alaska Native,total_exams,2015,436
Colorado,Native American or Alaska Native,mean_score,2025,**
Colorado,Native American or Alaska Native,mean_score,2024,**
Colorado,Native American or Alaska Native,mean_score,2020,2.49
Colorado,Native American or Alaska Native,mean_score,2015,2.5
Colorado,Native Hawaiian or other Pacific Islander,score_5,2025,**
Colorado,Native Hawaiian or other Pacific Islander,score_5,2024,**
Colorado,Native Hawaiian or other Pacific Islander,score_5,2020,**
Colorado,Native Hawaiian or other Pacific Islander,score_5,2015,225
Colorado,Native Hawaiian or other Pacific Islander,score_4,2025,**
Colorado,Native Hawaiian or other Pacific Islander,score_4,2024,**
Colorado,Native Hawaiian or other Pacific Islander,score_4,2020,**
Colorado,Native Hawaiian or other Pacific Islander,score_4,2015,331
Colorado,Native Hawaiian or other Pacific Islander,score_3,2025,**
Colorado,Native Hawaiian or other Pacific Islander,score_3,2024,**
Colorado,Native Hawaiian or other Pacific Islander,score_3,2020,**
Colorado,Native Hawaiian or other Pacific Islander,score_3,2015,421
Colorado,Native Hawaiian or other Pacific Islander,score_2,2025,**
Colorado,Native Hawaiian or other Pacific Islander,score_2,2024,**
Colorado,Native Hawaiian or other Pacific Islander,score_2,2020,**
Colorado,Native Hawaiian or other Pacific Islander,score_2,2015,420
Colorado,Native Hawaiian or other Pacific Islander,score_1,2025,**
Colorado,Native Hawaiian or other Pacific Islander,score_1,2024,**
Colorado,Native Hawaiian or other Pacific Islander,score_1,2020,**
Colorado,Native Hawaiian or other Pacific Islander,score_1,2015,319
Colorado,Native Hawaiian or other Pacific Islander,total_exams,2025,**
Colorado,Native Hawaiian or other Pacific Islander,total_exams,2024,**
Colorado,Native Hawaiian or other Pacific Islander,total_exams,2020,131
Colorado,Native Hawaiian or other Pacific Islander,total_exams,2015,1716
Colorado,Native Hawaiian or other Pacific Islander,mean_score,2025,**
Colorado,Native Hawaiian or other Pacific Islander,mean_score,2024,**
Colorado,Native Hawaiian or other Pacific Islander,mean_score,2020,2.6
Colorado,Native Hawaiian or other Pacific Islander,mean_score,2015,2.84
Colorado,Two or More Races,score_5,2025,**
Colorado,Two or More Races,score_5,2024,**
Colorado,Two or More Races,score_5,2020,703
Colorado,Two or More Races,score_4,2025,**
Colorado,Two or More Races,score_4,2024,**
Colorado,Two or More Races,score_4,2020,942
Colorado,Two or More Races,score_3,2025,**
Colorado,Two or More Races,score_3,2024,**
Colorado,Two or More Races,score_3,2020,1189
Colorado,Two or More Races,score_2,2025,**
Colorado,Two or More Races,score_2,2024,**
Colorado,Two or More Races,score_2,2020,785
Colorado,Two or More Races,score_1,2025,**
Colorado,Two or More Races,score_1,2024,**
Colorado,Two or More Races,score_1,2020,501
Colorado,Two or More Races,total_exams,2025,**
Colorado,Two or More Races,total_exams,2024,**
Colorado,Two or More Races,total_exams,2020,4120
Colorado,Two or More Races,mean_score,2025,**
Colorado,Two or More Races,mean_score,2024,**
Colorado,Two or More Races,mean_score,2020,3.14
Colorado,No Response,total_exams,2025,**
Colorado,No Response,total_exams,2024,**
Colorado,No Response,total_exams,2020,823
Colorado,No Response,total_exams,2015,2527
Connecticut,Overall,score_5,2025,14242
Connecticut,Overall,score_5,2024,12143
Connecticut,Overall,score_5,2020,11470
Connecticut,Overall,score_5,2015,8831
Connecticut,Overall,score_4,2025,19087
Connecticut,Overall,score_4,2024,16634
Connecticut,Overall,score_4,2020,14345
Connecticut,Overall,score_4,2015,12124
Connecticut,Overall,score_3,2025,15356
Connecticut,Overall,score_3,2024,14479
Connecticut,Overall,score_3,2020,14295
Connecticut,Overall,score_3,2015,12807
Connecticut,Overall,score_2,2025,8666
Connecticut,Overall,score_2,2024,9997
Connecticut,Overall,score_2,2020,9137
Connecticut,Overall,score_2,2015,9058
Connecticut,Overall,score_1,2025,4520
Connecticut,Overall,score_1,2024,6611
Connecticut,Overall,score_1,2020,5477
Connecticut,Overall,score_1,2015,6391
Connecticut,Overall,total_exams,2025,61871
Connecticut,Overall,total_exams,2024,59864
Connecticut,Overall,total_exams,2020,54724
Connecticut,Overall,total_exams,2015,49211
Connecticut,Overall,mean_score,2025,3.48
Connecticut,Overall,mean_score,2024,3.3
Connecticut,Overall,mean_score,2020,3.31
Connecticut,Overall,mean_score,2015,3.16
Connecticut,Asian,score_5,2025,2816
Connecticut,Asian,score_5,2024,2570
Connecticut,Asian,score_5,2020,1908
Connecticut,Asian,score_5,2015,1221
Connecticut,Asian,score_4,2025,2896
Connecticut,Asian,score_4,2024,2593
Connecticut,Asian,score_4,2020,1912
Connecticut,Asian,score_4,2015,1359
Connecticut,Asian,score_3,2025,2016
Connecticut,Asian,score_3,2024,1902
Connecticut,Asian,score_3,2020,1670
Connecticut,Asian,score_3,2015,1318
Connecticut,Asian,score_2,2025,1057
Connecticut,Asian,score_2,2024,1095
Connecticut,Asian,score_2,2020,945
Connecticut,Asian,score_2,2015,914
Connecticut,Asian,score_1,2025,463
Connecticut,Asian,score_1,2024,589
Connecticut,Asian,score_1,2020,434
Connecticut,Asian,score_1,2015,560
Connecticut,Asian,total_exams,2025,9248
Connecticut,Asian,total_exams,2024,8749
Connecticut,Asian,total_exams,2020,6869
Connecticut,Asian,total_exams,2015,5372
Connecticut,Asian,mean_score,2025,3.71
Connecticut,Asian,mean_score,2024,3.62
Connecticut,Asian,mean_score,2020,3.57
Connecticut,Asian,mean_score,2015,3.33
Connecticut,Hispanic/Latino,score_5,2025,1467
Connecticut,Hispanic/Latino,score_5,2024,1184
Connecticut,Hispanic/Latino,score_5,2020,948
Connecticut,Hispanic/Latino,score_5,2015,493
Connecticut,Hispanic/Latino,score_4,2025,2527
Connecticut,Hispanic/Latino,score_4,2024,1963
Connecticut,Hispanic/Latino,score_4,2020,1395
Connecticut,Hispanic/Latino,score_4,2015,749
Connecticut,Hispanic/Latino,score_3,2025,2630
Connecticut,Hispanic/Latino,score_3,2024,2272
Connecticut,Hispanic/Latino,score_3,2020,1758
Connecticut,Hispanic/Latino,score_3,2015,919
Connecticut,Hispanic/Latino,score_2,2025,2055
Connecticut,Hispanic/Latino,score_2,2024,2213
Connecticut,Hispanic/Latino,score_2,2020,1399
Connecticut,Hispanic/Latino,score_2,2015,949
Connecticut,Hispanic/Latino,score_1,2025,1516
Connecticut,Hispanic/Latino,score_1,2024,2107
Connecticut,Hispanic/Latino,score_1,2020,1250
Connecticut,Hispanic/Latino,score_1,2015,1037
Connecticut,Hispanic/Latino,total_exams,2025,10195
Connecticut,Hispanic/Latino,total_exams,2024,9739
Connecticut,Hispanic/Latino,total_exams,2020,6750
Connecticut,Hispanic/Latino,total_exams,2015,4147
Connecticut,Hispanic/Latino,mean_score,2025,3.04
Connecticut,Hispanic/Latino,mean_score,2024,2.78
Connecticut,Hispanic/Latino,mean_score,2020,2.91
Connecticut,Hispanic/Latino,mean_score,2015,2.69
Connecticut,White,score_5,2025,7960
Connecticut,White,score_5,2024,6982
Connecticut,White,score_5,2020,7506
Connecticut,White,score_5,2015,6587
Connecticut,White,score_4,2025,11208
Connecticut,White,score_4,2024,10202
Connecticut,White,score_4,2020,9678
Connecticut,White,score_4,2015,9173
Connecticut,White,score_3,2025,8446
Connecticut,White,score_3,2024,8477
Connecticut,White,score_3,2020,9247
Connecticut,White,score_3,2015,9412
Connecticut,White,score_2,2025,3933
Connecticut,White,score_2,2024,5057
Connecticut,White,score_2,2020,5396
Connecticut,White,score_2,2015,5893
Connecticut,White,score_1,2025,1356
Connecticut,White,score_1,2024,2275
Connecticut,White,score_1,2020,2579
Connecticut,White,score_1,2015,3217
Connecticut,White,total_exams,2025,32903
Connecticut,White,total_exams,2024,32993
Connecticut,White,total_exams,2020,34406
Connecticut,White,total_exams,2015,34282
Connecticut,White,mean_score,2025,3.62
Connecticut,White,mean_score,2024,3.44
Connecticut,White,mean_score,2020,3.41
Connecticut,White,mean_score,2015,3.29
Connecticut,Black or African American,score_5,2025,263
Connecticut,Black or African American,score_5,2024,191
Connecticut,Black or African American,score_5,2020,185
Connecticut,Black or African American,score_5,2015,86
Connecticut,Black or African American,score_4,2025,629
Connecticut,Black or African American,score_4,2024,471
Connecticut,Black or African American,score_4,2020,400
Connecticut,Black or African American,score_4,2015,270
Connecticut,Black or African American,score_3,2025,930
Connecticut,Black or African American,score_3,2024,698
Connecticut,Black or African American,score_3,2020,684
Connecticut,Black or African American,score_3,2015,522
Connecticut,Black or African American,score_2,2025,922
Connecticut,Black or African American,score_2,2024,949
Connecticut,Black or African American,score_2,2020,812
Connecticut,Black or African American,score_2,2015,791
Connecticut,Black or African American,score_1,2025,818
Connecticut,Black or African American,score_1,2024,1226
Connecticut,Black or African American,score_1,2020,875
Connecticut,Black or African American,score_1,2015,1015
Connecticut,Black or African American,total_exams,2025,3562
Connecticut,Black or African American,total_exams,2024,3535
Connecticut,Black or African American,total_exams,2020,2956
Connecticut,Black or African American,total_exams,2015,2684
Connecticut,Black or African American,mean_score,2025,2.61
Connecticut,Black or African American,mean_score,2024,2.28
Connecticut,Black or African American,mean_score,2020,2.39
Connecticut,Black or African American,mean_score,2015,2.11
Connecticut,Native American or Alaska Native,score_5,2025,**
Connecticut,Native American or Alaska Native,score_5,2024,11
Connecticut,Native American or Alaska Native,score_5,2020,13
Connecticut,Native American or Alaska Native,score_5,2015,18
Connecticut,Native American or Alaska Native,score_4,2025,**
Connecticut,Native American or Alaska Native,score_4,2024,19
Connecticut,Native American or Alaska Native,score_4,2020,14
Connecticut,Native American or Alaska Native,score_4,2015,27
Connecticut,Native American or Alaska Native,score_3,2025,**
Connecticut,Native American or Alaska Native,score_3,2024,26
Connecticut,Native American or Alaska Native,score_3,2020,29
Connecticut,Native American or Alaska Native,score_3,2015,23
Connecticut,Native American or Alaska Native,score_2,2025,**
Connecticut,Native American or Alaska Native,score_2,2024,30
Connecticut,Native American or Alaska Native,score_2,2020,29
Connecticut,Native American or Alaska Native,score_2,2015,22
Connecticut,Native American or Alaska Native,score_1,2025,**
Connecticut,Native American or Alaska Native,score_1,2024,18
Connecticut,Native American or Alaska Native,score_1,2020,16
Connecticut,Native American or Alaska Native,score_1,2015,18
Connecticut,Native American or Alaska Native,total_exams,2025,109
Connecticut,Native American or Alaska Native,total_exams,2024,104
Connecticut,Native American or Alaska Native,total_exams,2020,101
Connecticut,Native American or Alaska Native,total_exams,2015,108
Connecticut,Native American or Alaska Native,mean_score,2025,2.77
Connecticut,Native American or Alaska Native,mean_score,2024,2.76
Connecticut,Native American or Alaska Native,mean_score,2020,2.79
Connecticut,Native American or Alaska Native,mean_score,2015,3.05
Connecticut,Native Hawaiian or other Pacific Islander,score_5,2025,**
Connecticut,Native Hawaiian or other Pacific Islander,score_5,2024,**
Connecticut,Native Hawaiian or other Pacific Islander,score_5,2020,**
Connecticut,Native Hawaiian or other Pacific Islander,score_5,2015,297
Connecticut,Native Hawaiian or other Pacific Islander,score_4,2025,**
Connecticut,Native Hawaiian or other Pacific Islander,score_4,2024,**
Connecticut,Native Hawaiian or other Pacific Islander,score_4,2020,**
Connecticut,Native Hawaiian or other Pacific Islander,score_4,2015,353
Connecticut,Native Hawaiian or other Pacific Islander,score_3,2025,**
Connecticut,Native Hawaiian or other Pacific Islander,score_3,2024,**
Connecticut,Native Hawaiian or other Pacific Islander,score_3,2020,**
Connecticut,Native Hawaiian or other Pacific Islander,score_3,2015,390
Connecticut,Native Hawaiian or other Pacific Islander,score_2,2025,**
Connecticut,Native Hawaiian or other Pacific Islander,score_2,2024,**
Connecticut,Native Hawaiian or other Pacific Islander,score_2,2020,**
Connecticut,Native Hawaiian or other Pacific Islander,score_2,2015,276
Connecticut,Native Hawaiian or other Pacific Islander,score_1,2025,**
Connecticut,Native Hawaiian or other Pacific Islander,score_1,2024,**
Connecticut,Native Hawaiian or other Pacific Islander,score_1,2020,**
Connecticut,Native Hawaiian or other Pacific Islander,score_1,2015,288
Connecticut,Native Hawaiian or other Pacific Islander,total_exams,2025,25
Connecticut,Native Hawaiian or other Pacific Islander,total_exams,2024,31
Connecticut,Native Hawaiian or other Pacific Islander,total_exams,2020,43
Connecticut,Native Hawaiian or other Pacific Islander,total_exams,2015,1604
Connecticut,Native Hawaiian or other Pacific Islander,mean_score,2025,2.92
Connecticut,Native Hawaiian or other Pacific Islander,mean_score,2024,2.87
Connecticut,Native Hawaiian or other Pacific Islander,mean_score,2020,3.37
Connecticut,Native Hawaiian or other Pacific Islander,mean_score,2015,3.06
Connecticut,Two or More Races,score_5,2025,857
Connecticut,Two or More Races,score_5,2024,702
Connecticut,Two or More Races,score_5,2020,531
Connecticut,Two or More Races,score_4,2025,984
Connecticut,Two or More Races,score_4,2024,808
Connecticut,Two or More Races,score_4,2020,583
Connecticut,Two or More Races,score_3,2025,728
Connecticut,Two or More Races,score_3,2024,682
Connecticut,Two or More Races,score_3,2020,566
Connecticut,Two or More Races,score_2,2025,376
Connecticut,Two or More Races,score_2,2024,425
Connecticut,Two or More Races,score_2,2020,358
Connecticut,Two or More Races,score_1,2025,200
Connecticut,Two or More Races,score_1,2024,262
Connecticut,Two or More Races,score_1,2020,230
Connecticut,Two or More Races,total_exams,2025,3145
Connecticut,Two or More Races,total_exams,2024,2879
Connecticut,Two or More Races,total_exams,2020,2268
Connecticut,Two or More Races,mean_score,2025,3.61
Connecticut,Two or More Races,mean_score,2024,3.44
Connecticut,Two or More Races,mean_score,2020,3.36
Connecticut,No Response,total_exams,2025,2684
Connecticut,No Response,total_exams,2024,1834
Connecticut,No Response,total_exams,2020,1331
Connecticut,No Response,total_exams,2015,1014
Delaware,Overall,score_5,2025,1671
Delaware,Overall,score_5,2024,1460
Delaware,Overall,score_5,2020,1320
Delaware,Overall,score_5,2015,947
Delaware,Overall,score_4,2025,3080
Delaware,Overall,score_4,2024,2643
Delaware,Overall,score_4,2020,1923
Delaware,Overall,score_4,2015,1378
Delaware,Overall,score_3,2025,3739
Delaware,Overall,score_3,2024,3335
Delaware,Overall,score_3,2020,2733
Delaware,Overall,score_3,2015,2087
Delaware,Overall,score_2,2025,2986
Delaware,Overall,score_2,2024,3025
Delaware,Overall,score_2,2020,2172
Delaware,Overall,score_2,2015,2160
Delaware,Overall,score_1,2025,1601
Delaware,Overall,score_1,2024,2268
Delaware,Overall,score_1,2020,1690
Delaware,Overall,score_1,2015,2158
Delaware,Overall,total_exams,2025,13077
Delaware,Overall,total_exams,2024,12731
Delaware,Overall,total_exams,2020,9838
Delaware,Overall,total_exams,2015,8730
Delaware,Overall,mean_score,2025,3.02
Delaware,Overall,mean_score,2024,2.84
Delaware,Overall,mean_score,2020,2.9
Delaware,Overall,mean_score,2015,2.63
Delaware,Asian,score_5,2025,497
Delaware,Asian,score_5,2024,483
Delaware,Asian,score_5,2020,443
Delaware,Asian,score_5,2015,282
Delaware,Asian,score_4,2025,597
Delaware,Asian,score_4,2024,537
Delaware,Asian,score_4,2020,382
Delaware,Asian,score_4,2015,234
Delaware,Asian,score_3,2025,527
Delaware,Asian,score_3,2024,482
Delaware,Asian,score_3,2020,374
Delaware,Asian,score_3,2015,254
Delaware,Asian,score_2,2025,332
Delaware,Asian,score_2,2024,353
Delaware,Asian,score_2,2020,199
Delaware,Asian,score_2,2015,235
Delaware,Asian,score_1,2025,172
Delaware,Asian,score_1,2024,221
Delaware,Asian,score_1,2020,131
Delaware,Asian,score_1,2015,210
Delaware,Asian,total_exams,2025,2125
Delaware,Asian,total_exams,2024,2076
Delaware,Asian,total_exams,2020,1529
Delaware,Asian,total_exams,2015,1215
Delaware,Asian,mean_score,2025,3.43
Delaware,Asian,mean_score,2024,3.34
Delaware,Asian,mean_score,2020,3.53
Delaware,Asian,mean_score,2015,3.12
Delaware,Hispanic/Latino,score_5,2025,131
Delaware,Hispanic/Latino,score_5,2024,122
Delaware,Hispanic/Latino,score_5,2020,79
Delaware,Hispanic/Latino,score_5,2015,48
Delaware,Hispanic/Latino,score_4,2025,305
Delaware,Hispanic/Latino,score_4,2024,276
Delaware,Hispanic/Latino,score_4,2020,163
Delaware,Hispanic/Latino,score_4,2015,73
Delaware,Hispanic/Latino,score_3,2025,467
Delaware,Hispanic/Latino,score_3,2024,425
Delaware,Hispanic/Latino,score_3,2020,270
Delaware,Hispanic/Latino,score_3,2015,129
Delaware,Hispanic/Latino,score_2,2025,436
Delaware,Hispanic/Latino,score_2,2024,437
Delaware,Hispanic/Latino,score_2,2020,287
Delaware,Hispanic/Latino,score_2,2015,153
Delaware,Hispanic/Latino,score_1,2025,290
Delaware,Hispanic/Latino,score_1,2024,441
Delaware,Hispanic/Latino,score_1,2020,242
Delaware,Hispanic/Latino,score_1,2015,195
Delaware,Hispanic/Latino,total_exams,2025,1629
Delaware,Hispanic/Latino,total_exams,2024,1701
Delaware,Hispanic/Latino,total_exams,2020,1041
Delaware,Hispanic/Latino,total_exams,2015,598
Delaware,Hispanic/Latino,mean_score,2025,2.72
Delaware,Hispanic/Latino,mean_score,2024,2.53
Delaware,Hispanic/Latino,mean_score,2020,2.57
Delaware,Hispanic/Latino,mean_score,2015,2.37
Delaware,White,score_5,2025,706
Delaware,White,score_5,2024,660
Delaware,White,score_5,2020,612
Delaware,White,score_5,2015,550
Delaware,White,score_4,2025,1461
Delaware,White,score_4,2024,1400
Delaware,White,score_4,2020,1081
Delaware,White,score_4,2015,931
Delaware,White,score_3,2025,1700
Delaware,White,score_3,2024,1780
Delaware,White,score_3,2020,1565
Delaware,White,score_3,2015,1406
Delaware,White,score_2,2025,1235
Delaware,White,score_2,2024,1515
Delaware,White,score_2,2020,1178
Delaware,White,score_2,2015,1283
Delaware,White,score_1,2025,586
Delaware,White,score_1,2024,882
Delaware,White,score_1,2020,806
Delaware,White,score_1,2015,1018
Delaware,White,total_exams,2025,5688
Delaware,White,total_exams,2024,6237
Delaware,White,total_exams,2020,5242
Delaware,White,total_exams,2015,5188
Delaware,White,mean_score,2025,3.08
Delaware,White,mean_score,2024,2.91
Delaware,White,mean_score,2020,2.91
Delaware,White,mean_score,2015,2.75
Delaware,Black or African American,score_5,2025,93
Delaware,Black or African American,score_5,2024,68
Delaware,Black or African American,score_5,2020,58
Delaware,Black or African American,score_5,2015,28
Delaware,Black or African American,score_4,2025,275
Delaware,Black or African American,score_4,2024,231
Delaware,Black or African American,score_4,2020,137
Delaware,Black or African American,score_4,2015,83
Delaware,Black or African American,score_3,2025,460
Delaware,Black or African American,score_3,2024,392
Delaware,Black or African American,score_3,2020,276
Delaware,Black or African American,score_3,2015,206
Delaware,Black or African American,score_2,2025,491
Delaware,Black or African American,score_2,2024,507
Delaware,Black or African American,score_2,2020,289
Delaware,Black or African American,score_2,2015,367
Delaware,Black or African American,score_1,2025,296
Delaware,Black or African American,score_1,2024,547
Delaware,Black or African American,score_1,2020,344
Delaware,Black or African American,score_1,2015,528
Delaware,Black or African American,total_exams,2025,1615
Delaware,Black or African American,total_exams,2024,1745
Delaware,Black or African American,total_exams,2020,1104
Delaware,Black or African American,total_exams,2015,1212
Delaware,Black or African American,mean_score,2025,2.61
Delaware,Black or African American,mean_score,2024,2.29
Delaware,Black or African American,mean_score,2020,2.34
Delaware,Black or African American,mean_score,2015,1.94
Delaware,Native American or Alaska Native,score_5,2025,**
Delaware,Native American or Alaska Native,score_5,2024,**
Delaware,Native American or Alaska Native,score_5,2020,**
Delaware,Native American or Alaska Native,score_5,2015,**
Delaware,Native American or Alaska Native,score_4,2025,**
Delaware,Native American or Alaska Native,score_4,2024,**
Delaware,Native American or Alaska Native,score_4,2020,**
Delaware,Native American or Alaska Native,score_4,2015,**
Delaware,Native American or Alaska Native,score_3,2025,**
Delaware,Native American or Alaska Native,score_3,2024,**
Delaware,Native American or Alaska Native,score_3,2020,**
Delaware,Native American or Alaska Native,score_3,2015,**
Delaware,Native American or Alaska Native,score_2,2025,**
Delaware,Native American or Alaska Native,score_2,2024,**
Delaware,Native American or Alaska Native,score_2,2020,**
Delaware,Native American or Alaska Native,score_2,2015,**
Delaware,Native American or Alaska Native,score_1,2025,**
Delaware,Native American or Alaska Native,score_1,2024,**
Delaware,Native American or Alaska Native,score_1,2020,**
Delaware,Native American or Alaska Native,score_1,2015,**
Delaware,Native American or Alaska Native,total_exams,2025,18
Delaware,Native American or Alaska Native,total_exams,2024,12
Delaware,Native American or Alaska Native,total_exams,2020,43
Delaware,Native American or Alaska Native,total_exams,2015,22
Delaware,Native American or Alaska Native,mean_score,2025,2.11
Delaware,Native American or Alaska Native,mean_score,2024,2.17
Delaware,Native American or Alaska Native,mean_score,2020,2.37
Delaware,Native American or Alaska Native,mean_score,2015,2.23
Delaware,Native Hawaiian or other Pacific Islander,score_5,2025,**
Delaware,Native Hawaiian or other Pacific Islander,score_5,2024,**
Delaware,Native Hawaiian or other Pacific Islander,score_5,2020,**
Delaware,Native Hawaiian or other Pacific Islander,score_5,2015,34
Delaware,Native Hawaiian or other Pacific Islander,score_4,2025,**
Delaware,Native Hawaiian or other Pacific Islander,score_4,2024,**
Delaware,Native Hawaiian or other Pacific Islander,score_4,2020,**
Delaware,Native Hawaiian or other Pacific Islander,score_4,2015,48
Delaware,Native Hawaiian or other Pacific Islander,score_3,2025,**
Delaware,Native Hawaiian or other Pacific Islander,score_3,2024,**
Delaware,Native Hawaiian or other Pacific Islander,score_3,2020,**
Delaware,Native Hawaiian or other Pacific Islander,score_3,2015,62
Delaware,Native Hawaiian or other Pacific Islander,score_2,2025,**
Delaware,Native Hawaiian or other Pacific Islander,score_2,2024,**
Delaware,Native Hawaiian or other Pacific Islander,score_2,2020,**
Delaware,Native Hawaiian or other Pacific Islander,score_2,2015,79
Delaware,Native Hawaiian or other Pacific Islander,score_1,2025,**
Delaware,Native Hawaiian or other Pacific Islander,score_1,2024,**
Delaware,Native Hawaiian or other Pacific Islander,score_1,2020,**
Delaware,Native Hawaiian or other Pacific Islander,score_1,2015,113
Delaware,Native Hawaiian or other Pacific Islander,total_exams,2025,**
Delaware,Native Hawaiian or other Pacific Islander,total_exams,2024,**
Delaware,Native Hawaiian or other Pacific Islander,total_exams,2020,**
Delaware,Native Hawaiian or other Pacific Islander,total_exams,2015,336
Delaware,Native Hawaiian or other Pacific Islander,mean_score,2025,**
Delaware,Native Hawaiian or other Pacific Islander,mean_score,2024,**
Delaware,Native Hawaiian or other Pacific Islander,mean_score,2020,**
Delaware,Native Hawaiian or other Pacific Islander,mean_score,2015,2.44
Delaware,Two or More Races,score_5,2025,84
Delaware,Two or More Races,score_5,2024,69
Delaware,Two or More Races,score_5,2020,78
Delaware,Two or More Races,score_4,2025,143
Delaware,Two or More Races,score_4,2024,146
Delaware,Two or More Races,score_4,2020,108
Delaware,Two or More Races,score_3,2025,199
Delaware,Two or More Races,score_3,2024,196
Delaware,Two or More Races,score_3,2020,182
Delaware,Two or More Races,score_2,2025,170
Delaware,Two or More Races,score_2,2024,172
Delaware,Two or More Races,score_2,2020,151
Delaware,Two or More Races,score_1,2025,79
Delaware,Two or More Races,score_1,2024,130
Delaware,Two or More Races,score_1,2020,113
Delaware,Two or More Races,total_exams,2025,675
Delaware,Two or More Races,total_exams,2024,713
Delaware,Two or More Races,total_exams,2020,632
Delaware,Two or More Races,mean_score,2025,2.97
Delaware,Two or More Races,mean_score,2024,2.79
Delaware,Two or More Races,mean_score,2020,2.82
Delaware,No Response,total_exams,2025,1325
Delaware,No Response,total_exams,2024,240
Delaware,No Response,total_exams,2020,244
Delaware,No Response,total_exams,2015,159
District of Columbia,Overall,score_5,2025,1494
District of Columbia,Overall,score_5,2024,1102
District of Columbia,Overall,score_5,2020,790
District of Columbia,Overall,score_5,2015,359
District of Columbia,Overall,score_4,2025,2063
District of Columbia,Overall,score_4,2024,1735
District of Columbia,Overall,score_4,2020,1080
District of Columbia,Overall,score_4,2015,527
District of Columbia,Overall,score_3,2025,2158
District of Columbia,Overall,score_3,2024,1743
District of Columbia,Overall,score_3,2020,1489
District of Columbia,Overall,score_3,2015,854
District of Columbia,Overall,score_2,2025,2054
District of Columbia,Overall,score_2,2024,1889
District of Columbia,Overall,score_2,2020,1449
District of Columbia,Overall,score_2,2015,1333
District of Columbia,Overall,score_1,2025,2581
District of Columbia,Overall,score_1,2024,2527
District of Columbia,Overall,score_1,2020,1690
District of Columbia,Overall,score_1,2015,3169
District of Columbia,Overall,total_exams,2025,10350
District of Columbia,Overall,total_exams,2024,8996
District of Columbia,Overall,total_exams,2020,6498
District of Columbia,Overall,total_exams,2015,6242
District of Columbia,Overall,mean_score,2025,2.79
District of Columbia,Overall,mean_score,2024,2.67
District of Columbia,Overall,mean_score,2020,2.67
District of Columbia,Overall,mean_score,2015,1.97
District of Columbia,Asian,score_5,2025,117
District of Columbia,Asian,score_5,2024,71
District of Columbia,Asian,score_5,2020,52
District of Columbia,Asian,score_5,2015,17
District of Columbia,Asian,score_4,2025,109
District of Columbia,Asian,score_4,2024,81
District of Columbia,Asian,score_4,2020,72
District of Columbia,Asian,score_4,2015,29
District of Columbia,Asian,score_3,2025,99
District of Columbia,Asian,score_3,2024,94
District of Columbia,Asian,score_3,2020,66
District of Columbia,Asian,score_3,2015,44
District of Columbia,Asian,score_2,2025,67
District of Columbia,Asian,score_2,2024,48
District of Columbia,Asian,score_2,2020,63
District of Columbia,Asian,score_2,2015,67
District of Columbia,Asian,score_1,2025,45
District of Columbia,Asian,score_1,2024,47
District of Columbia,Asian,score_1,2020,42
District of Columbia,Asian,score_1,2015,97
District of Columbia,Asian,total_exams,2025,437
District of Columbia,Asian,total_exams,2024,341
District of Columbia,Asian,total_exams,2020,295
District of Columbia,Asian,total_exams,2015,254
District of Columbia,Asian,mean_score,2025,3.43
District of Columbia,Asian,mean_score,2024,3.24
District of Columbia,Asian,mean_score,2020,3.1
District of Columbia,Asian,mean_score,2015,2.22
District of Columbia,Hispanic/Latino,score_5,2025,188
District of Columbia,Hispanic/Latino,score_5,2024,135
District of Columbia,Hispanic/Latino,score_5,2020,123
District of Columbia,Hispanic/Latino,score_5,2015,60
District of Columbia,Hispanic/Latino,score_4,2025,360
District of Columbia,Hispanic/Latino,score_4,2024,300
District of Columbia,Hispanic/Latino,score_4,2020,157
District of Columbia,Hispanic/Latino,score_4,2015,107
District of Columbia,Hispanic/Latino,score_3,2025,511
District of Columbia,Hispanic/Latino,score_3,2024,361
District of Columbia,Hispanic/Latino,score_3,2020,238
District of Columbia,Hispanic/Latino,score_3,2015,162
District of Columbia,Hispanic/Latino,score_2,2025,524
District of Columbia,Hispanic/Latino,score_2,2024,461
District of Columbia,Hispanic/Latino,score_2,2020,244
District of Columbia,Hispanic/Latino,score_2,2015,252
District of Columbia,Hispanic/Latino,score_1,2025,610
District of Columbia,Hispanic/Latino,score_1,2024,643
District of Columbia,Hispanic/Latino,score_1,2020,270
District of Columbia,Hispanic/Latino,score_1,2015,575
District of Columbia,Hispanic/Latino,total_exams,2025,2193
District of Columbia,Hispanic/Latino,total_exams,2024,1900
District of Columbia,Hispanic/Latino,total_exams,2020,1032
District of Columbia,Hispanic/Latino,total_exams,2015,1156
District of Columbia,Hispanic/Latino,mean_score,2025,2.54
District of Columbia,Hispanic/Latino,mean_score,2024,2.38
District of Columbia,Hispanic/Latino,mean_score,2020,2.63
District of Columbia,Hispanic/Latino,mean_score,2015,1.98
District of Columbia,White,score_5,2025,856
District of Columbia,White,score_5,2024,662
District of Columbia,White,score_5,2020,469
District of Columbia,White,score_5,2015,229
District of Columbia,White,score_4,2025,961
District of Columbia,White,score_4,2024,826
District of Columbia,White,score_4,2020,557
District of Columbia,White,score_4,2015,264
District of Columbia,White,score_3,2025,589
District of Columbia,White,score_3,2024,565
District of Columbia,White,score_3,2020,573
District of Columbia,White,score_3,2015,290
District of Columbia,White,score_2,2025,230
District of Columbia,White,score_2,2024,321
District of Columbia,White,score_2,2020,331
District of Columbia,White,score_2,2015,219
District of Columbia,White,score_1,2025,149
District of Columbia,White,score_1,2024,210
District of Columbia,White,score_1,2020,156
District of Columbia,White,score_1,2015,170
District of Columbia,White,total_exams,2025,2785
District of Columbia,White,total_exams,2024,2584
District of Columbia,White,total_exams,2020,2086
District of Columbia,White,total_exams,2015,1172
District of Columbia,White,mean_score,2025,3.77
District of Columbia,White,mean_score,2024,3.55
District of Columbia,White,mean_score,2020,3.41
District of Columbia,White,mean_score,2015,3.14
District of Columbia,Black or African American,score_5,2025,116
District of Columbia,Black or African American,score_5,2024,95
District of Columbia,Black or African American,score_5,2020,68
District of Columbia,Black or African American,score_5,2015,25
District of Columbia,Black or African American,score_4,2025,414
District of Columbia,Black or African American,score_4,2024,371
District of Columbia,Black or African American,score_4,2020,174
District of Columbia,Black or African American,score_4,2015,89
District of Columbia,Black or African American,score_3,2025,782
District of Columbia,Black or African American,score_3,2024,585
District of Columbia,Black or African American,score_3,2020,469
District of Columbia,Black or African American,score_3,2015,290
District of Columbia,Black or African American,score_2,2025,1079
District of Columbia,Black or African American,score_2,2024,942
District of Columbia,Black or African American,score_2,2020,677
District of Columbia,Black or African American,score_2,2015,696
District of Columbia,Black or African American,score_1,2025,1561
District of Columbia,Black or African American,score_1,2024,1447
District of Columbia,Black or African American,score_1,2020,1072
District of Columbia,Black or African American,score_1,2015,2045
District of Columbia,Black or African American,total_exams,2025,3952
District of Columbia,Black or African American,total_exams,2024,3440
District of Columbia,Black or African American,total_exams,2020,2460
District of Columbia,Black or African American,total_exams,2015,3145
District of Columbia,Black or African American,mean_score,2025,2.1
District of Columbia,Black or African American,mean_score,2024,2.05
District of Columbia,Black or African American,mean_score,2020,1.98
District of Columbia,Black or African American,mean_score,2015,1.52
District of Columbia,Native American or Alaska Native,score_5,2025,**
District of Columbia,Native American or Alaska Native,score_5,2024,**
District of Columbia,Native American or Alaska Native,score_5,2020,**
District of Columbia,Native American or Alaska Native,score_5,2015,**
District of Columbia,Native American or Alaska Native,score_4,2025,**
District of Columbia,Native American or Alaska Native,score_4,2024,**
District of Columbia,Native American or Alaska Native,score_4,2020,**
District of Columbia,Native American or Alaska Native,score_4,2015,**
District of Columbia,Native American or Alaska Native,score_3,2025,**
District of Columbia,Native American or Alaska Native,score_3,2024,**
District of Columbia,Native American or Alaska Native,score_3,2020,**
District of Columbia,Native American or Alaska Native,score_3,2015,**
District of Columbia,Native American or Alaska Native,score_2,2025,**
District of Columbia,Native American or Alaska Native,score_2,2024,**
District of Columbia,Native American or Alaska Native,score_2,2020,**
District of Columbia,Native American or Alaska Native,score_2,2015,**
District of Columbia,Native American or Alaska Native,score_1,2025,**
District of Columbia,Native American or Alaska Native,score_1,2024,**
District of Columbia,Native American or Alaska Native,score_1,2020,**
District of Columbia,Native American or Alaska Native,score_1,2015,**
District of Columbia,Native American or Alaska Native,total_exams,2025,20
District of Columbia,Native American or Alaska Native,total_exams,2024,15
District of Columbia,Native American or Alaska Native,total_exams,2020,20
District of Columbia,Native American or Alaska Native,total_exams,2015,25
District of Columbia,Native American or Alaska Native,mean_score,2025,1.6
District of Columbia,Native American or Alaska Native,mean_score,2024,2
District of Columbia,Native American or Alaska Native,mean_score,2020,2.05
District of Columbia,Native American or Alaska Native,mean_score,2015,1.32
District of Columbia,Native Hawaiian or other Pacific Islander,score_5,2025,**
District of Columbia,Native Hawaiian or other Pacific Islander,score_5,2024,**
District of Columbia,Native Hawaiian or other Pacific Islander,score_5,2020,**
District of Columbia,Native Hawaiian or other Pacific Islander,score_5,2015,18
District of Columbia,Native Hawaiian or other Pacific Islander,score_4,2025,**
District of Columbia,Native Hawaiian or other Pacific Islander,score_4,2024,**
District of Columbia,Native Hawaiian or other Pacific Islander,score_4,2020,**
District of Columbia,Native Hawaiian or other Pacific Islander,score_4,2015,22
District of Columbia,Native Hawaiian or other Pacific Islander,score_3,2025,**
District of Columbia,Native Hawaiian or other Pacific Islander,score_3,2024,**
District of Columbia,Native Hawaiian or other Pacific Islander,score_3,2020,**
District of Columbia,Native Hawaiian or other Pacific Islander,score_3,2015,44
District of Columbia,Native Hawaiian or other Pacific Islander,score_2,2025,**
District of Columbia,Native Hawaiian or other Pacific Islander,score_2,2024,**
District of Columbia,Native Hawaiian or other Pacific Islander,score_2,2020,**
District of Columbia,Native Hawaiian or other Pacific Islander,score_2,2015,44
District of Columbia,Native Hawaiian or other Pacific Islander,score_1,2025,**
District of Columbia,Native Hawaiian or other Pacific Islander,score_1,2024,**
District of Columbia,Native Hawaiian or other Pacific Islander,score_1,2020,**
District of Columbia,Native Hawaiian or other Pacific Islander,score_1,2015,115
District of Columbia,Native Hawaiian or other Pacific Islander,total_exams,2025,**
District of Columbia,Native Hawaiian or other Pacific Islander,total_exams,2024,**
District of Columbia,Native Hawaiian or other Pacific Islander,total_exams,2020,12
District of Columbia,Native Hawaiian or other Pacific Islander,total_exams,2015,243
District of Columbia,Native Hawaiian or other Pacific Islander,mean_score,2025,**
District of Columbia,Native Hawaiian or other Pacific Islander,mean_score,2024,**
District of Columbia,Native Hawaiian or other Pacific Islander,mean_score,2020,1.75
District of Columbia,Native Hawaiian or other Pacific Islander,mean_score,2015,2.11
District of Columbia,Two or More Races,score_5,2025,177
District of Columbia,Two or More Races,score_5,2024,125
District of Columbia,Two or More Races,score_5,2020,36
District of Columbia,Two or More Races,score_4,2025,185
District of Columbia,Two or More Races,score_4,2024,141
District of Columbia,Two or More Races,score_4,2020,58
District of Columbia,Two or More Races,score_3,2025,137
District of Columbia,Two or More Races,score_3,2024,104
District of Columbia,Two or More Races,score_3,2020,76
District of Columbia,Two or More Races,score_2,2025,95
District of Columbia,Two or More Races,score_2,2024,76
District of Columbia,Two or More Races,score_2,2020,65
District of Columbia,Two or More Races,score_1,2025,95
District of Columbia,Two or More Races,score_1,2024,76
District of Columbia,Two or More Races,score_1,2020,60
District of Columbia,Two or More Races,total_exams,2025,689
District of Columbia,Two or More Races,total_exams,2024,522
District of Columbia,Two or More Races,total_exams,2020,295
District of Columbia,Two or More Races,mean_score,2025,3.37
District of Columbia,Two or More Races,mean_score,2024,3.31
District of Columbia,Two or More Races,mean_score,2020,2.81
District of Columbia,No Response,total_exams,2025,268
District of Columbia,No Response,total_exams,2024,187
District of Columbia,No Response,total_exams,2020,298
District of Columbia,No Response,total_exams,2015,247
Florida,Overall,score_5,2025,50158
Florida,Overall,score_5,2024,44293
Florida,Overall,score_5,2020,40920
Florida,Overall,score_5,2015,27503
Florida,Overall,score_4,2025,97354
Florida,Overall,score_4,2024,83395
Florida,Overall,score_4,2020,65473
Florida,Overall,score_4,2015,51712
Florida,Overall,score_3,2025,109990
Florida,Overall,score_3,2024,96085
Florida,Overall,score_3,2020,89454
Florida,Overall,score_3,2015,78167
Florida,Overall,score_2,2025,81647
Florida,Overall,score_2,2024,80510
Florida,Overall,score_2,2020,72694
Florida,Overall,score_2,2015,81273
Florida,Overall,score_1,2025,45078
Florida,Overall,score_1,2024,53443
Florida,Overall,score_1,2020,59249
Florida,Overall,score_1,2015,87729
Florida,Overall,total_exams,2025,384227
Florida,Overall,total_exams,2024,357726
Florida,Overall,total_exams,2020,327790
Florida,Overall,total_exams,2015,326384
Florida,Overall,mean_score,2025,3.07
Florida,Overall,mean_score,2024,2.96
Florida,Overall,mean_score,2020,2.87
Florida,Overall,mean_score,2015,2.54
Florida,Asian,score_5,2025,7957
Florida,Asian,score_5,2024,7068
Florida,Asian,score_5,2020,5449
Florida,Asian,score_5,2015,3479
Florida,Asian,score_4,2025,11599
Florida,Asian,score_4,2024,10002
Florida,Asian,score_4,2020,7097
Florida,Asian,score_4,2015,5089
Florida,Asian,score_3,2025,10137
Florida,Asian,score_3,2024,8797
Florida,Asian,score_3,2020,7674
Florida,Asian,score_3,2015,6802
Florida,Asian,score_2,2025,6014
Florida,Asian,score_2,2024,5888
Florida,Asian,score_2,2020,5257
Florida,Asian,score_2,2015,5999
Florida,Asian,score_1,2025,2772
Florida,Asian,score_1,2024,3188
Florida,Asian,score_1,2020,3158
Florida,Asian,score_1,2015,5225
Florida,Asian,total_exams,2025,38479
Florida,Asian,total_exams,2024,34943
Florida,Asian,total_exams,2020,28635
Florida,Asian,total_exams,2015,26594
Florida,Asian,mean_score,2025,3.41
Florida,Asian,mean_score,2024,3.34
Florida,Asian,mean_score,2020,3.22
Florida,Asian,mean_score,2015,2.83
Florida,Hispanic/Latino,score_5,2025,18555
Florida,Hispanic/Latino,score_5,2024,16531
Florida,Hispanic/Latino,score_5,2020,15748
Florida,Hispanic/Latino,score_5,2015,8912
Florida,Hispanic/Latino,score_4,2025,34926
Florida,Hispanic/Latino,score_4,2024,29693
Florida,Hispanic/Latino,score_4,2020,21727
Florida,Hispanic/Latino,score_4,2015,13722
Florida,Hispanic/Latino,score_3,2025,40601
Florida,Hispanic/Latino,score_3,2024,34827
Florida,Hispanic/Latino,score_3,2020,29427
Florida,Hispanic/Latino,score_3,2015,19519
Florida,Hispanic/Latino,score_2,2025,30908
Florida,Hispanic/Latino,score_2,2024,29988
Florida,Hispanic/Latino,score_2,2020,23705
Florida,Hispanic/Latino,score_2,2015,21029
Florida,Hispanic/Latino,score_1,2025,17775
Florida,Hispanic/Latino,score_1,2024,20833
Florida,Hispanic/Latino,score_1,2020,19834
Florida,Hispanic/Latino,score_1,2015,24914
Florida,Hispanic/Latino,total_exams,2025,142765
Florida,Hispanic/Latino,total_exams,2024,131872
Florida,Hispanic/Latino,total_exams,2020,110441
Florida,Hispanic/Latino,total_exams,2015,88096
Florida,Hispanic/Latino,mean_score,2025,3.04
Florida,Hispanic/Latino,mean_score,2024,2.93
Florida,Hispanic/Latino,mean_score,2020,2.91
Florida,Hispanic/Latino,mean_score,2015,2.55
Florida,White,score_5,2025,18640
Florida,White,score_5,2024,16638
Florida,White,score_5,2020,15921
Florida,White,score_5,2015,12895
Florida,White,score_4,2025,39221
Florida,White,score_4,2024,34535
Florida,White,score_4,2020,29073
Florida,White,score_4,2015,27137
Florida,White,score_3,2025,43355
Florida,White,score_3,2024,39446
Florida,White,score_3,2020,39921
Florida,White,score_3,2015,40998
Florida,White,score_2,2025,29755
Florida,White,score_2,2024,30652
Florida,White,score_2,2020,31112
Florida,White,score_2,2015,39115
Florida,White,score_1,2025,13287
Florida,White,score_1,2024,16696
Florida,White,score_1,2020,22769
Florida,White,score_1,2015,34815
Florida,White,total_exams,2025,144258
Florida,White,total_exams,2024,137967
Florida,White,total_exams,2020,138796
Florida,White,total_exams,2015,154960
Florida,White,mean_score,2025,3.14
Florida,White,mean_score,2024,3.03
Florida,White,mean_score,2020,2.89
Florida,White,mean_score,2015,2.64
Florida,Black or African American,score_5,2025,1495
Florida,Black or African American,score_5,2024,1321
Florida,Black or African American,score_5,2020,1285
Florida,Black or African American,score_5,2015,945
Florida,Black or African American,score_4,2025,4973
Florida,Black or African American,score_4,2024,3954
Florida,Black or African American,score_4,2020,3139
Florida,Black or African American,score_4,2015,2886
Florida,Black or African American,score_3,2025,8644
Florida,Black or African American,score_3,2024,7034
Florida,Black or African American,score_3,2020,6131
Florida,Black or African American,score_3,2015,5985
Florida,Black or African American,score_2,2025,9422
Florida,Black or African American,score_2,2024,8819
Florida,Black or African American,score_2,2020,7453
Florida,Black or African American,score_2,2015,9279
Florida,Black or African American,score_1,2025,8339
Florida,Black or African American,score_1,2024,9305
Florida,Black or African American,score_1,2020,8769
Florida,Black or African American,score_1,2015,15469
Florida,Black or African American,total_exams,2025,32873
Florida,Black or African American,total_exams,2024,30433
Florida,Black or African American,total_exams,2020,26777
Florida,Black or African American,total_exams,2015,34564
Florida,Black or African American,mean_score,2025,2.45
Florida,Black or African American,mean_score,2024,2.32
Florida,Black or African American,mean_score,2020,2.28
Florida,Black or African American,mean_score,2015,1.97
Florida,Native American or Alaska Native,score_5,2025,50
Florida,Native American or Alaska Native,score_5,2024,31
Florida,Native American or Alaska Native,score_5,2020,179
Florida,Native American or Alaska Native,score_5,2015,61
Florida,Native American or Alaska Native,score_4,2025,134
Florida,Native American or Alaska Native,score_4,2024,162
Florida,Native American or Alaska Native,score_4,2020,341
Florida,Native American or Alaska Native,score_4,2015,151
Florida,Native American or Alaska Native,score_3,2025,213
Florida,Native American or Alaska Native,score_3,2024,207
Florida,Native American or Alaska Native,score_3,2020,533
Florida,Native American or Alaska Native,score_3,2015,278
Florida,Native American or Alaska Native,score_2,2025,204
Florida,Native American or Alaska Native,score_2,2024,250
Florida,Native American or Alaska Native,score_2,2020,449
Florida,Native American or Alaska Native,score_2,2015,299
Florida,Native American or Alaska Native,score_1,2025,120
Florida,Native American or Alaska Native,score_1,2024,178
Florida,Native American or Alaska Native,score_1,2020,461
Florida,Native American or Alaska Native,score_1,2015,342
Florida,Native American or Alaska Native,total_exams,2025,721
Florida,Native American or Alaska Native,total_exams,2024,828
Florida,Native American or Alaska Native,total_exams,2020,1963
Florida,Native American or Alaska Native,total_exams,2015,1131
Florida,Native American or Alaska Native,mean_score,2025,2.71
Florida,Native American or Alaska Native,mean_score,2024,2.54
Florida,Native American or Alaska Native,mean_score,2020,2.66
Florida,Native American or Alaska Native,mean_score,2015,2.37
Florida,Native Hawaiian or other Pacific Islander,score_5,2025,31
Florida,Native Hawaiian or other Pacific Islander,score_5,2024,23
Florida,Native Hawaiian or other Pacific Islander,score_5,2020,18
Florida,Native Hawaiian or other Pacific Islander,score_5,2015,800
Florida,Native Hawaiian or other Pacific Islander,score_4,2025,81
Florida,Native Hawaiian or other Pacific Islander,score_4,2024,71
Florida,Native Hawaiian or other Pacific Islander,score_4,2020,81
Florida,Native Hawaiian or other Pacific Islander,score_4,2015,1697
Florida,Native Hawaiian or other Pacific Islander,score_3,2025,122
Florida,Native Hawaiian or other Pacific Islander,score_3,2024,116
Florida,Native Hawaiian or other Pacific Islander,score_3,2020,111
Florida,Native Hawaiian or other Pacific Islander,score_3,2015,2842
Florida,Native Hawaiian or other Pacific Islander,score_2,2025,102
Florida,Native Hawaiian or other Pacific Islander,score_2,2024,93
Florida,Native Hawaiian or other Pacific Islander,score_2,2020,99
Florida,Native Hawaiian or other Pacific Islander,score_2,2015,3230
Florida,Native Hawaiian or other Pacific Islander,score_1,2025,87
Florida,Native Hawaiian or other Pacific Islander,score_1,2024,87
Florida,Native Hawaiian or other Pacific Islander,score_1,2020,127
Florida,Native Hawaiian or other Pacific Islander,score_1,2015,3726
Florida,Native Hawaiian or other Pacific Islander,total_exams,2025,423
Florida,Native Hawaiian or other Pacific Islander,total_exams,2024,390
Florida,Native Hawaiian or other Pacific Islander,total_exams,2020,436
Florida,Native Hawaiian or other Pacific Islander,total_exams,2015,12295
Florida,Native Hawaiian or other Pacific Islander,mean_score,2025,2.69
Florida,Native Hawaiian or other Pacific Islander,mean_score,2024,2.62
Florida,Native Hawaiian or other Pacific Islander,mean_score,2020,2.46
Florida,Native Hawaiian or other Pacific Islander,mean_score,2015,2.4
Florida,Two or More Races,score_5,2025,2360
Florida,Two or More Races,score_5,2024,1923
Florida,Two or More Races,score_5,2020,1504
Florida,Two or More Races,score_4,2025,4552
Florida,Two or More Races,score_4,2024,3870
Florida,Two or More Races,score_4,2020,2772
Florida,Two or More Races,score_3,2025,5099
Florida,Two or More Races,score_3,2024,4486
Florida,Two or More Races,score_3,2020,3992
Florida,Two or More Races,score_2,2025,3701
Florida,Two or More Races,score_2,2024,3783
Florida,Two or More Races,score_2,2020,3221
Florida,Two or More Races,score_1,2025,1893
Florida,Two or More Races,score_1,2024,2254
Florida,Two or More Races,score_1,2020,2834
Florida,Two or More Races,total_exams,2025,17605
Florida,Two or More Races,total_exams,2024,16316
Florida,Two or More Races,total_exams,2020,14323
Florida,Two or More Races,mean_score,2025,3.1
Florida,Two or More Races,mean_score,2024,2.96
Florida,Two or More Races,mean_score,2020,2.78
Florida,No Response,total_exams,2025,7103
Florida,No Response,total_exams,2024,4977
Florida,No Response,total_exams,2020,6419
Florida,No Response,total_exams,2015,8744
Georgia,Overall,score_5,2025,36370
Georgia,Overall,score_5,2024,32648
Georgia,Overall,score_5,2020,19019
Georgia,Overall,score_5,2015,15329
Georgia,Overall,score_4,2025,59093
Georgia,Overall,score_4,2024,51494
Georgia,Overall,score_4,2020,30613
Georgia,Overall,score_4,2015,26406
Georgia,Overall,score_3,2025,54778
Georgia,Overall,score_3,2024,47861
Georgia,Overall,score_3,2020,37700
Georgia,Overall,score_3,2015,36257
Georgia,Overall,score_2,2025,35021
Georgia,Overall,score_2,2024,36420
Georgia,Overall,score_2,2020,29828
Georgia,Overall,score_2,2015,33574
Georgia,Overall,score_1,2025,18478
Georgia,Overall,score_1,2024,23214
Georgia,Overall,score_1,2020,21995
Georgia,Overall,score_1,2015,31161
Georgia,Overall,total_exams,2025,203740
Georgia,Overall,total_exams,2024,191637
Georgia,Overall,total_exams,2020,139155
Georgia,Overall,total_exams,2015,142727
Georgia,Overall,mean_score,2025,3.29
Georgia,Overall,mean_score,2024,3.18
Georgia,Overall,mean_score,2020,2.96
Georgia,Overall,mean_score,2015,2.73
Georgia,Asian,score_5,2025,12749
Georgia,Asian,score_5,2024,11805
Georgia,Asian,score_5,2020,6158
Georgia,Asian,score_5,2015,4007
Georgia,Asian,score_4,2025,14108
Georgia,Asian,score_4,2024,12571
Georgia,Asian,score_4,2020,7197
Georgia,Asian,score_4,2015,4772
Georgia,Asian,score_3,2025,9750
Georgia,Asian,score_3,2024,8695
Georgia,Asian,score_3,2020,7056
Georgia,Asian,score_3,2015,5257
Georgia,Asian,score_2,2025,4608
Georgia,Asian,score_2,2024,4911
Georgia,Asian,score_2,2020,4095
Georgia,Asian,score_2,2015,3846
Georgia,Asian,score_1,2025,1733
Georgia,Asian,score_1,2024,2294
Georgia,Asian,score_1,2020,2272
Georgia,Asian,score_1,2015,2742
Georgia,Asian,total_exams,2025,42948
Georgia,Asian,total_exams,2024,40276
Georgia,Asian,total_exams,2020,26778
Georgia,Asian,total_exams,2015,20624
Georgia,Asian,mean_score,2025,3.73
Georgia,Asian,mean_score,2024,3.66
Georgia,Asian,mean_score,2020,3.41
Georgia,Asian,mean_score,2015,3.17
Georgia,Hispanic/Latino,score_5,2025,3447
Georgia,Hispanic/Latino,score_5,2024,3038
Georgia,Hispanic/Latino,score_5,2020,1750
Georgia,Hispanic/Latino,score_5,2015,1023
Georgia,Hispanic/Latino,score_4,2025,7661
Georgia,Hispanic/Latino,score_4,2024,6331
Georgia,Hispanic/Latino,score_4,2020,3095
Georgia,Hispanic/Latino,score_4,2015,1877
Georgia,Hispanic/Latino,score_3,2025,8543
Georgia,Hispanic/Latino,score_3,2024,7181
Georgia,Hispanic/Latino,score_3,2020,4380
Georgia,Hispanic/Latino,score_3,2015,2775
Georgia,Hispanic/Latino,score_2,2025,6513
Georgia,Hispanic/Latino,score_2,2024,6510
Georgia,Hispanic/Latino,score_2,2020,4007
Georgia,Hispanic/Latino,score_2,2015,3193
Georgia,Hispanic/Latino,score_1,2025,3382
Georgia,Hispanic/Latino,score_1,2024,4318
Georgia,Hispanic/Latino,score_1,2020,3455
Georgia,Hispanic/Latino,score_1,2015,3879
Georgia,Hispanic/Latino,total_exams,2025,29546
Georgia,Hispanic/Latino,total_exams,2024,27378
Georgia,Hispanic/Latino,total_exams,2020,16687
Georgia,Hispanic/Latino,total_exams,2015,12747
Georgia,Hispanic/Latino,mean_score,2025,3.04
Georgia,Hispanic/Latino,mean_score,2024,2.9
Georgia,Hispanic/Latino,mean_score,2020,2.74
Georgia,Hispanic/Latino,mean_score,2015,2.45
Georgia,White,score_5,2025,14976
Georgia,White,score_5,2024,13649
Georgia,White,score_5,2020,8667
Georgia,White,score_5,2015,8833
Georgia,White,score_4,2025,26017
Georgia,White,score_4,2024,23729
Georgia,White,score_4,2020,15437
Georgia,White,score_4,2015,16202
Georgia,White,score_3,2025,23060
Georgia,White,score_3,2024,21473
Georgia,White,score_3,2020,19050
Georgia,White,score_3,2015,21574
Georgia,White,score_2,2025,12213
Georgia,White,score_2,2024,13967
Georgia,White,score_2,2020,14286
Georgia,White,score_2,2015,17210
Georgia,White,score_1,2025,3950
Georgia,White,score_1,2024,5664
Georgia,White,score_1,2020,8323
Georgia,White,score_1,2015,10486
Georgia,White,total_exams,2025,80216
Georgia,White,total_exams,2024,78482
Georgia,White,total_exams,2020,65763
Georgia,White,total_exams,2015,74305
Georgia,White,mean_score,2025,3.45
Georgia,White,mean_score,2024,3.33
Georgia,White,mean_score,2020,3.03
Georgia,White,mean_score,2015,2.94
Georgia,Black or African American,score_5,2025,2439
Georgia,Black or African American,score_5,2024,2090
Georgia,Black or African American,score_5,2020,1089
Georgia,Black or African American,score_5,2015,811
Georgia,Black or African American,score_4,2025,7138
Georgia,Black or African American,score_4,2024,5630
Georgia,Black or African American,score_4,2020,2640
Georgia,Black or African American,score_4,2015,2344
Georgia,Black or African American,score_3,2025,9797
Georgia,Black or African American,score_3,2024,7564
Georgia,Black or African American,score_3,2020,4455
Georgia,Black or African American,score_3,2015,4875
Georgia,Black or African American,score_2,2025,9508
Georgia,Black or African American,score_2,2024,8844
Georgia,Black or African American,score_2,2020,5211
Georgia,Black or African American,score_2,2015,7490
Georgia,Black or African American,score_1,2025,8322
Georgia,Black or African American,score_1,2024,9690
Georgia,Black or African American,score_1,2020,6218
Georgia,Black or African American,score_1,2015,12059
Georgia,Black or African American,total_exams,2025,37204
Georgia,Black or African American,total_exams,2024,33818
Georgia,Black or African American,total_exams,2020,19613
Georgia,Black or African American,total_exams,2015,27579
Georgia,Black or African American,mean_score,2025,2.62
Georgia,Black or African American,mean_score,2024,2.46
Georgia,Black or African American,mean_score,2020,2.35
Georgia,Black or African American,mean_score,2015,2
Georgia,Native American or Alaska Native,score_5,2025,28
Georgia,Native American or Alaska Native,score_5,2024,50
Georgia,Native American or Alaska Native,score_5,2020,40
Georgia,Native American or Alaska Native,score_5,2015,33
Georgia,Native American or Alaska Native,score_4,2025,85
Georgia,Native American or Alaska Native,score_4,2024,94
Georgia,Native American or Alaska Native,score_4,2020,84
Georgia,Native American or Alaska Native,score_4,2015,87
Georgia,Native American or Alaska Native,score_3,2025,84
Georgia,Native American or Alaska Native,score_3,2024,96
Georgia,Native American or Alaska Native,score_3,2020,123
Georgia,Native American or Alaska Native,score_3,2015,105
Georgia,Native American or Alaska Native,score_2,2025,62
Georgia,Native American or Alaska Native,score_2,2024,85
Georgia,Native American or Alaska Native,score_2,2020,117
Georgia,Native American or Alaska Native,score_2,2015,114
Georgia,Native American or Alaska Native,score_1,2025,44
Georgia,Native American or Alaska Native,score_1,2024,64
Georgia,Native American or Alaska Native,score_1,2020,88
Georgia,Native American or Alaska Native,score_1,2015,106
Georgia,Native American or Alaska Native,total_exams,2025,303
Georgia,Native American or Alaska Native,total_exams,2024,389
Georgia,Native American or Alaska Native,total_exams,2020,452
Georgia,Native American or Alaska Native,total_exams,2015,445
Georgia,Native American or Alaska Native,mean_score,2025,2.97
Georgia,Native American or Alaska Native,mean_score,2024,2.95
Georgia,Native American or Alaska Native,mean_score,2020,2.71
Georgia,Native American or Alaska Native,mean_score,2015,2.61
Georgia,Native Hawaiian or other Pacific Islander,score_5,2025,11
Georgia,Native Hawaiian or other Pacific Islander,score_5,2024,19
Georgia,Native Hawaiian or other Pacific Islander,score_5,2020,**
Georgia,Native Hawaiian or other Pacific Islander,score_5,2015,509
Georgia,Native Hawaiian or other Pacific Islander,score_4,2025,32
Georgia,Native Hawaiian or other Pacific Islander,score_4,2024,27
Georgia,Native Hawaiian or other Pacific Islander,score_4,2020,**
Georgia,Native Hawaiian or other Pacific Islander,score_4,2015,816
Georgia,Native Hawaiian or other Pacific Islander,score_3,2025,30
Georgia,Native Hawaiian or other Pacific Islander,score_3,2024,29
Georgia,Native Hawaiian or other Pacific Islander,score_3,2020,**
Georgia,Native Hawaiian or other Pacific Islander,score_3,2015,1111
Georgia,Native Hawaiian or other Pacific Islander,score_2,2025,23
Georgia,Native Hawaiian or other Pacific Islander,score_2,2024,37
Georgia,Native Hawaiian or other Pacific Islander,score_2,2020,**
Georgia,Native Hawaiian or other Pacific Islander,score_2,2015,1077
Georgia,Native Hawaiian or other Pacific Islander,score_1,2025,24
Georgia,Native Hawaiian or other Pacific Islander,score_1,2024,26
Georgia,Native Hawaiian or other Pacific Islander,score_1,2020,**
Georgia,Native Hawaiian or other Pacific Islander,score_1,2015,1038
Georgia,Native Hawaiian or other Pacific Islander,total_exams,2025,120
Georgia,Native Hawaiian or other Pacific Islander,total_exams,2024,138
Georgia,Native Hawaiian or other Pacific Islander,total_exams,2020,101
Georgia,Native Hawaiian or other Pacific Islander,total_exams,2015,4551
Georgia,Native Hawaiian or other Pacific Islander,mean_score,2025,2.86
Georgia,Native Hawaiian or other Pacific Islander,mean_score,2024,2.83
Georgia,Native Hawaiian or other Pacific Islander,mean_score,2020,2.51
Georgia,Native Hawaiian or other Pacific Islander,mean_score,2015,2.71
Georgia,Two or More Races,score_5,2025,1785
Georgia,Two or More Races,score_5,2024,1487
Georgia,Two or More Races,score_5,2020,870
Georgia,Two or More Races,score_4,2025,2984
Georgia,Two or More Races,score_4,2024,2556
Georgia,Two or More Races,score_4,2020,1459
Georgia,Two or More Races,score_3,2025,2662
Georgia,Two or More Races,score_3,2024,2377
Georgia,Two or More Races,score_3,2020,1846
Georgia,Two or More Races,score_2,2025,1592
Georgia,Two or More Races,score_2,2024,1687
Georgia,Two or More Races,score_2,2020,1486
Georgia,Two or More Races,score_1,2025,802
Georgia,Two or More Races,score_1,2024,928
Georgia,Two or More Races,score_1,2020,1136
Georgia,Two or More Races,total_exams,2025,9825
Georgia,Two or More Races,total_exams,2024,9035
Georgia,Two or More Races,total_exams,2020,6797
Georgia,Two or More Races,mean_score,2025,3.34
Georgia,Two or More Races,mean_score,2024,3.22
Georgia,Two or More Races,mean_score,2020,2.92
Georgia,No Response,total_exams,2025,3578
Georgia,No Response,total_exams,2024,2121
Georgia,No Response,total_exams,2020,2964
Georgia,No Response,total_exams,2015,2476
Hawaii,Overall,score_5,2025,1157
Hawaii,Overall,score_5,2024,1029
Hawaii,Overall,score_5,2020,807
Hawaii,Overall,score_5,2015,543
Hawaii,Overall,score_4,2025,2504
Hawaii,Overall,score_4,2024,2249
Hawaii,Overall,score_4,2020,1542
Hawaii,Overall,score_4,2015,1003
Hawaii,Overall,score_3,2025,3242
Hawaii,Overall,score_3,2024,2768
Hawaii,Overall,score_3,2020,2342
Hawaii,Overall,score_3,2015,1835
Hawaii,Overall,score_2,2025,2544
Hawaii,Overall,score_2,2024,2601
Hawaii,Overall,score_2,2020,2364
Hawaii,Overall,score_2,2015,2532
Hawaii,Overall,score_1,2025,1456
Hawaii,Overall,score_1,2024,1910
Hawaii,Overall,score_1,2020,2060
Hawaii,Overall,score_1,2015,2355
Hawaii,Overall,total_exams,2025,10903
Hawaii,Overall,total_exams,2024,10557
Hawaii,Overall,total_exams,2020,9115
Hawaii,Overall,total_exams,2015,8268
Hawaii,Overall,mean_score,2025,2.94
Hawaii,Overall,mean_score,2024,2.8
Hawaii,Overall,mean_score,2020,2.63
Hawaii,Overall,mean_score,2015,2.38
Hawaii,Asian,score_5,2025,601
Hawaii,Asian,score_5,2024,544
Hawaii,Asian,score_5,2020,417
Hawaii,Asian,score_5,2015,327
Hawaii,Asian,score_4,2025,1147
Hawaii,Asian,score_4,2024,1057
Hawaii,Asian,score_4,2020,691
Hawaii,Asian,score_4,2015,626
Hawaii,Asian,score_3,2025,1443
Hawaii,Asian,score_3,2024,1185
Hawaii,Asian,score_3,2020,1054
Hawaii,Asian,score_3,2015,1128
Hawaii,Asian,score_2,2025,1055
Hawaii,Asian,score_2,2024,1135
Hawaii,Asian,score_2,2020,1012
Hawaii,Asian,score_2,2015,1644
Hawaii,Asian,score_1,2025,619
Hawaii,Asian,score_1,2024,821
Hawaii,Asian,score_1,2020,862
Hawaii,Asian,score_1,2015,1521
Hawaii,Asian,total_exams,2025,4865
Hawaii,Asian,total_exams,2024,4742
Hawaii,Asian,total_exams,2020,4036
Hawaii,Asian,total_exams,2015,5246
Hawaii,Asian,mean_score,2025,3.01
Hawaii,Asian,mean_score,2024,2.87
Hawaii,Asian,mean_score,2020,2.7
Hawaii,Asian,mean_score,2015,2.35
Hawaii,Hispanic/Latino,score_5,2025,95
Hawaii,Hispanic/Latino,score_5,2024,76
Hawaii,Hispanic/Latino,score_5,2020,55
Hawaii,Hispanic/Latino,score_5,2015,17
Hawaii,Hispanic/Latino,score_4,2025,257
Hawaii,Hispanic/Latino,score_4,2024,225
Hawaii,Hispanic/Latino,score_4,2020,208
Hawaii,Hispanic/Latino,score_4,2015,23
Hawaii,Hispanic/Latino,score_3,2025,437
Hawaii,Hispanic/Latino,score_3,2024,392
Hawaii,Hispanic/Latino,score_3,2020,319
Hawaii,Hispanic/Latino,score_3,2015,70
Hawaii,Hispanic/Latino,score_2,2025,406
Hawaii,Hispanic/Latino,score_2,2024,439
Hawaii,Hispanic/Latino,score_2,2020,368
Hawaii,Hispanic/Latino,score_2,2015,91
Hawaii,Hispanic/Latino,score_1,2025,254
Hawaii,Hispanic/Latino,score_1,2024,311
Hawaii,Hispanic/Latino,score_1,2020,338
Hawaii,Hispanic/Latino,score_1,2015,77
Hawaii,Hispanic/Latino,total_exams,2025,1449
Hawaii,Hispanic/Latino,total_exams,2024,1443
Hawaii,Hispanic/Latino,total_exams,2020,1288
Hawaii,Hispanic/Latino,total_exams,2015,278
Hawaii,Hispanic/Latino,mean_score,2025,2.68
Hawaii,Hispanic/Latino,mean_score,2024,2.53
Hawaii,Hispanic/Latino,mean_score,2020,2.44
Hawaii,Hispanic/Latino,mean_score,2015,2.32
Hawaii,White,score_5,2025,168
Hawaii,White,score_5,2024,141
Hawaii,White,score_5,2020,125
Hawaii,White,score_5,2015,150
Hawaii,White,score_4,2025,401
Hawaii,White,score_4,2024,367
Hawaii,White,score_4,2020,213
Hawaii,White,score_4,2015,234
Hawaii,White,score_3,2025,394
Hawaii,White,score_3,2024,365
Hawaii,White,score_3,2020,322
Hawaii,White,score_3,2015,392
Hawaii,White,score_2,2025,277
Hawaii,White,score_2,2024,254
Hawaii,White,score_2,2020,268
Hawaii,White,score_2,2015,381
Hawaii,White,score_1,2025,100
Hawaii,White,score_1,2024,136
Hawaii,White,score_1,2020,164
Hawaii,White,score_1,2015,289
Hawaii,White,total_exams,2025,1340
Hawaii,White,total_exams,2024,1263
Hawaii,White,total_exams,2020,1092
Hawaii,White,total_exams,2015,1446
Hawaii,White,mean_score,2025,3.19
Hawaii,White,mean_score,2024,3.1
Hawaii,White,mean_score,2020,2.88
Hawaii,White,mean_score,2015,2.71
Hawaii,Black or African American,score_5,2025,15
Hawaii,Black or African American,score_5,2024,**
Hawaii,Black or African American,score_5,2020,**
Hawaii,Black or African American,score_5,2015,**
Hawaii,Black or African American,score_4,2025,32
Hawaii,Black or African American,score_4,2024,**
Hawaii,Black or African American,score_4,2020,**
Hawaii,Black or African American,score_4,2015,**
Hawaii,Black or African American,score_3,2025,53
Hawaii,Black or African American,score_3,2024,**
Hawaii,Black or African American,score_3,2020,**
Hawaii,Black or African American,score_3,2015,**
Hawaii,Black or African American,score_2,2025,32
Hawaii,Black or African American,score_2,2024,**
Hawaii,Black or African American,score_2,2020,**
Hawaii,Black or African American,score_2,2015,**
Hawaii,Black or African American,score_1,2025,22
Hawaii,Black or African American,score_1,2024,**
Hawaii,Black or African American,score_1,2020,**
Hawaii,Black or African American,score_1,2015,**
Hawaii,Black or African American,total_exams,2025,154
Hawaii,Black or African American,total_exams,2024,121
Hawaii,Black or African American,total_exams,2020,97
Hawaii,Black or African American,total_exams,2015,199
Hawaii,Black or African American,mean_score,2025,2.91
Hawaii,Black or African American,mean_score,2024,2.55
Hawaii,Black or African American,mean_score,2020,2.54
Hawaii,Black or African American,mean_score,2015,2.12
Hawaii,Native American or Alaska Native,score_5,2025,**
Hawaii,Native American or Alaska Native,score_5,2024,**
Hawaii,Native American or Alaska Native,score_5,2020,**
Hawaii,Native American or Alaska Native,score_5,2015,**
Hawaii,Native American or Alaska Native,score_4,2025,**
Hawaii,Native American or Alaska Native,score_4,2024,**
Hawaii,Native American or Alaska Native,score_4,2020,**
Hawaii,Native American or Alaska Native,score_4,2015,**
Hawaii,Native American or Alaska Native,score_3,2025,**
Hawaii,Native American or Alaska Native,score_3,2024,**
Hawaii,Native American or Alaska Native,score_3,2020,**
Hawaii,Native American or Alaska Native,score_3,2015,**
Hawaii,Native American or Alaska Native,score_2,2025,**
Hawaii,Native American or Alaska Native,score_2,2024,**
Hawaii,Native American or Alaska Native,score_2,2020,**
Hawaii,Native American or Alaska Native,score_2,2015,**
Hawaii,Native American or Alaska Native,score_1,2025,**
Hawaii,Native American or Alaska Native,score_1,2024,**
Hawaii,Native American or Alaska Native,score_1,2020,**
Hawaii,Native American or Alaska Native,score_1,2015,**
Hawaii,Native American or Alaska Native,total_exams,2025,15
Hawaii,Native American or Alaska Native,total_exams,2024,10
Hawaii,Native American or Alaska Native,total_exams,2020,19
Hawaii,Native American or Alaska Native,total_exams,2015,39
Hawaii,Native American or Alaska Native,mean_score,2025,3.07
Hawaii,Native American or Alaska Native,mean_score,2024,3
Hawaii,Native American or Alaska Native,mean_score,2020,2.47
Hawaii,Native American or Alaska Native,mean_score,2015,2.36
Hawaii,Native Hawaiian or other Pacific Islander,score_5,2025,**
Hawaii,Native Hawaiian or other Pacific Islander,score_5,2024,**
Hawaii,Native Hawaiian or other Pacific Islander,score_5,2020,**
Hawaii,Native Hawaiian or other Pacific Islander,score_5,2015,18
Hawaii,Native Hawaiian or other Pacific Islander,score_4,2025,**
Hawaii,Native Hawaiian or other Pacific Islander,score_4,2024,**
Hawaii,Native Hawaiian or other Pacific Islander,score_4,2020,**
Hawaii,Native Hawaiian or other Pacific Islander,score_4,2015,35
Hawaii,Native Hawaiian or other Pacific Islander,score_3,2025,**
Hawaii,Native Hawaiian or other Pacific Islander,score_3,2024,**
Hawaii,Native Hawaiian or other Pacific Islander,score_3,2020,**
Hawaii,Native Hawaiian or other Pacific Islander,score_3,2015,46
Hawaii,Native Hawaiian or other Pacific Islander,score_2,2025,**
Hawaii,Native Hawaiian or other Pacific Islander,score_2,2024,**
Hawaii,Native Hawaiian or other Pacific Islander,score_2,2020,**
Hawaii,Native Hawaiian or other Pacific Islander,score_2,2015,62
Hawaii,Native Hawaiian or other Pacific Islander,score_1,2025,**
Hawaii,Native Hawaiian or other Pacific Islander,score_1,2024,**
Hawaii,Native Hawaiian or other Pacific Islander,score_1,2020,**
Hawaii,Native Hawaiian or other Pacific Islander,score_1,2015,60
Hawaii,Native Hawaiian or other Pacific Islander,total_exams,2025,323
Hawaii,Native Hawaiian or other Pacific Islander,total_exams,2024,346
Hawaii,Native Hawaiian or other Pacific Islander,total_exams,2020,207
Hawaii,Native Hawaiian or other Pacific Islander,total_exams,2015,221
Hawaii,Native Hawaiian or other Pacific Islander,mean_score,2025,2.12
Hawaii,Native Hawaiian or other Pacific Islander,mean_score,2024,1.88
Hawaii,Native Hawaiian or other Pacific Islander,mean_score,2020,1.88
Hawaii,Native Hawaiian or other Pacific Islander,mean_score,2015,2.5
Hawaii,Two or More Races,score_5,2025,253
Hawaii,Two or More Races,score_5,2024,242
Hawaii,Two or More Races,score_5,2020,191
Hawaii,Two or More Races,score_4,2025,577
Hawaii,Two or More Races,score_4,2024,532
Hawaii,Two or More Races,score_4,2020,368
Hawaii,Two or More Races,score_3,2025,766
Hawaii,Two or More Races,score_3,2024,678
Hawaii,Two or More Races,score_3,2020,558
Hawaii,Two or More Races,score_2,2025,606
Hawaii,Two or More Races,score_2,2024,590
Hawaii,Two or More Races,score_2,2020,592
Hawaii,Two or More Races,score_1,2025,321
Hawaii,Two or More Races,score_1,2024,416
Hawaii,Two or More Races,score_1,2020,520
Hawaii,Two or More Races,total_exams,2025,2523
Hawaii,Two or More Races,total_exams,2024,2458
Hawaii,Two or More Races,total_exams,2020,2229
Hawaii,Two or More Races,mean_score,2025,2.93
Hawaii,Two or More Races,mean_score,2024,2.83
Hawaii,Two or More Races,mean_score,2020,2.6
Hawaii,No Response,total_exams,2025,234
Hawaii,No Response,total_exams,2024,174
Hawaii,No Response,total_exams,2020,147
Hawaii,No Response,total_exams,2015,839
Idaho,Overall,score_5,2025,2031
Idaho,Overall,score_5,2024,1839
Idaho,Overall,score_5,2020,1341
Idaho,Overall,score_5,2015,1064
Idaho,Overall,score_4,2025,3945
Idaho,Overall,score_4,2024,3604
Idaho,Overall,score_4,2020,2355
Idaho,Overall,score_4,2015,2003
Idaho,Overall,score_3,2025,3694
Idaho,Overall,score_3,2024,3795
Idaho,Overall,score_3,2020,3764
Idaho,Overall,score_3,2015,3050
Idaho,Overall,score_2,2025,2182
Idaho,Overall,score_2,2024,3036
Idaho,Overall,score_2,2020,3410
Idaho,Overall,score_2,2015,2437
Idaho,Overall,score_1,2025,720
Idaho,Overall,score_1,2024,1336
Idaho,Overall,score_1,2020,2179
Idaho,Overall,score_1,2015,1411
Idaho,Overall,total_exams,2025,12572
Idaho,Overall,total_exams,2024,13610
Idaho,Overall,total_exams,2020,13049
Idaho,Overall,total_exams,2015,9965
Idaho,Overall,mean_score,2025,3.35
Idaho,Overall,mean_score,2024,3.12
Idaho,Overall,mean_score,2020,2.79
Idaho,Overall,mean_score,2015,2.89
Idaho,Asian,score_5,2025,201
Idaho,Asian,score_5,2024,196
Idaho,Asian,score_5,2020,132
Idaho,Asian,score_5,2015,122
Idaho,Asian,score_4,2025,230
Idaho,Asian,score_4,2024,208
Idaho,Asian,score_4,2020,157
Idaho,Asian,score_4,2015,151
Idaho,Asian,score_3,2025,173
Idaho,Asian,score_3,2024,188
Idaho,Asian,score_3,2020,194
Idaho,Asian,score_3,2015,183
Idaho,Asian,score_2,2025,108
Idaho,Asian,score_2,2024,118
Idaho,Asian,score_2,2020,127
Idaho,Asian,score_2,2015,132
Idaho,Asian,score_1,2025,40
Idaho,Asian,score_1,2024,60
Idaho,Asian,score_1,2020,68
Idaho,Asian,score_1,2015,91
Idaho,Asian,total_exams,2025,752
Idaho,Asian,total_exams,2024,770
Idaho,Asian,total_exams,2020,678
Idaho,Asian,total_exams,2015,679
Idaho,Asian,mean_score,2025,3.59
Idaho,Asian,mean_score,2024,3.47
Idaho,Asian,mean_score,2020,3.23
Idaho,Asian,mean_score,2015,3.12
Idaho,Hispanic/Latino,score_5,2025,129
Idaho,Hispanic/Latino,score_5,2024,114
Idaho,Hispanic/Latino,score_5,2020,109
Idaho,Hispanic/Latino,score_5,2015,41
Idaho,Hispanic/Latino,score_4,2025,296
Idaho,Hispanic/Latino,score_4,2024,289
Idaho,Hispanic/Latino,score_4,2020,203
Idaho,Hispanic/Latino,score_4,2015,89
Idaho,Hispanic/Latino,score_3,2025,458
Idaho,Hispanic/Latino,score_3,2024,387
Idaho,Hispanic/Latino,score_3,2020,325
Idaho,Hispanic/Latino,score_3,2015,179
Idaho,Hispanic/Latino,score_2,2025,323
Idaho,Hispanic/Latino,score_2,2024,524
Idaho,Hispanic/Latino,score_2,2020,378
Idaho,Hispanic/Latino,score_2,2015,221
Idaho,Hispanic/Latino,score_1,2025,161
Idaho,Hispanic/Latino,score_1,2024,327
Idaho,Hispanic/Latino,score_1,2020,327
Idaho,Hispanic/Latino,score_1,2015,210
Idaho,Hispanic/Latino,total_exams,2025,1367
Idaho,Hispanic/Latino,total_exams,2024,1641
Idaho,Hispanic/Latino,total_exams,2020,1342
Idaho,Hispanic/Latino,total_exams,2015,740
Idaho,Hispanic/Latino,mean_score,2025,2.93
Idaho,Hispanic/Latino,mean_score,2024,2.6
Idaho,Hispanic/Latino,mean_score,2020,2.54
Idaho,Hispanic/Latino,mean_score,2015,2.36
Idaho,White,score_5,2025,1454
Idaho,White,score_5,2024,1357
Idaho,White,score_5,2020,999
Idaho,White,score_5,2015,861
Idaho,White,score_4,2025,2984
Idaho,White,score_4,2024,2761
Idaho,White,score_4,2020,1788
Idaho,White,score_4,2015,1666
Idaho,White,score_3,2025,2640
Idaho,White,score_3,2024,2827
Idaho,White,score_3,2020,2860
Idaho,White,score_3,2015,2499
Idaho,White,score_2,2025,1444
Idaho,White,score_2,2024,2031
Idaho,White,score_2,2020,2502
Idaho,White,score_2,2015,1901
Idaho,White,score_1,2025,423
Idaho,White,score_1,2024,790
Idaho,White,score_1,2020,1505
Idaho,White,score_1,2015,965
Idaho,White,total_exams,2025,8945
Idaho,White,total_exams,2024,9766
Idaho,White,total_exams,2020,9654
Idaho,White,total_exams,2015,7892
Idaho,White,mean_score,2025,3.4
Idaho,White,mean_score,2024,3.19
Idaho,White,mean_score,2020,2.82
Idaho,White,mean_score,2015,2.94
Idaho,Black or African American,score_5,2025,**
Idaho,Black or African American,score_5,2024,11
Idaho,Black or African American,score_5,2020,**
Idaho,Black or African American,score_5,2015,**
Idaho,Black or African American,score_4,2025,**
Idaho,Black or African American,score_4,2024,20
Idaho,Black or African American,score_4,2020,**
Idaho,Black or African American,score_4,2015,**
Idaho,Black or African American,score_3,2025,**
Idaho,Black or African American,score_3,2024,28
Idaho,Black or African American,score_3,2020,**
Idaho,Black or African American,score_3,2015,**
Idaho,Black or African American,score_2,2025,**
Idaho,Black or African American,score_2,2024,37
Idaho,Black or African American,score_2,2020,**
Idaho,Black or African American,score_2,2015,**
Idaho,Black or African American,score_1,2025,**
Idaho,Black or African American,score_1,2024,24
Idaho,Black or African American,score_1,2020,**
Idaho,Black or African American,score_1,2015,**
Idaho,Black or African American,total_exams,2025,140
Idaho,Black or African American,total_exams,2024,120
Idaho,Black or African American,total_exams,2020,107
Idaho,Black or African American,total_exams,2015,117
Idaho,Black or African American,mean_score,2025,2.71
Idaho,Black or African American,mean_score,2024,2.64
Idaho,Black or African American,mean_score,2020,2.15
Idaho,Black or African American,mean_score,2015,2.32
Idaho,Native American or Alaska Native,score_5,2025,**
Idaho,Native American or Alaska Native,score_5,2024,**
Idaho,Native American or Alaska Native,score_5,2020,**
Idaho,Native American or Alaska Native,score_5,2015,**
Idaho,Native American or Alaska Native,score_4,2025,**
Idaho,Native American or Alaska Native,score_4,2024,**
Idaho,Native American or Alaska Native,score_4,2020,**
Idaho,Native American or Alaska Native,score_4,2015,**
Idaho,Native American or Alaska Native,score_3,2025,**
Idaho,Native American or Alaska Native,score_3,2024,**
Idaho,Native American or Alaska Native,score_3,2020,**
Idaho,Native American or Alaska Native,score_3,2015,**
Idaho,Native American or Alaska Native,score_2,2025,**
Idaho,Native American or Alaska Native,score_2,2024,**
Idaho,Native American or Alaska Native,score_2,2020,**
Idaho,Native American or Alaska Native,score_2,2015,**
Idaho,Native American or Alaska Native,score_1,2025,**
Idaho,Native American or Alaska Native,score_1,2024,**
Idaho,Native American or Alaska Native,score_1,2020,**
Idaho,Native American or Alaska Native,score_1,2015,**
Idaho,Native American or Alaska Native,total_exams,2025,71
Idaho,Native American or Alaska Native,total_exams,2024,85
Idaho,Native American or Alaska Native,total_exams,2020,122
Idaho,Native American or Alaska Native,total_exams,2015,57
Idaho,Native American or Alaska Native,mean_score,2025,2.76
Idaho,Native American or Alaska Native,mean_score,2024,2.47
Idaho,Native American or Alaska Native,mean_score,2020,2.45
Idaho,Native American or Alaska Native,mean_score,2015,2.26
Idaho,Native Hawaiian or other Pacific Islander,score_5,2025,**
Idaho,Native Hawaiian or other Pacific Islander,score_5,2024,**
Idaho,Native Hawaiian or other Pacific Islander,score_5,2020,**
Idaho,Native Hawaiian or other Pacific Islander,score_5,2015,17
Idaho,Native Hawaiian or other Pacific Islander,score_4,2025,**
Idaho,Native Hawaiian or other Pacific Islander,score_4,2024,**
Idaho,Native Hawaiian or other Pacific Islander,score_4,2020,**
Idaho,Native Hawaiian or other Pacific Islander,score_4,2015,36
Idaho,Native Hawaiian or other Pacific Islander,score_3,2025,**
Idaho,Native Hawaiian or other Pacific Islander,score_3,2024,**
Idaho,Native Hawaiian or other Pacific Islander,score_3,2020,**
Idaho,Native Hawaiian or other Pacific Islander,score_3,2015,73
Idaho,Native Hawaiian or other Pacific Islander,score_2,2025,**
Idaho,Native Hawaiian or other Pacific Islander,score_2,2024,**
Idaho,Native Hawaiian or other Pacific Islander,score_2,2020,**
Idaho,Native Hawaiian or other Pacific Islander,score_2,2015,60
Idaho,Native Hawaiian or other Pacific Islander,score_1,2025,**
Idaho,Native Hawaiian or other Pacific Islander,score_1,2024,**
Idaho,Native Hawaiian or other Pacific Islander,score_1,2020,**
Idaho,Native Hawaiian or other Pacific Islander,score_1,2015,45
Idaho,Native Hawaiian or other Pacific Islander,total_exams,2025,35
Idaho,Native Hawaiian or other Pacific Islander,total_exams,2024,26
Idaho,Native Hawaiian or other Pacific Islander,total_exams,2020,39
Idaho,Native Hawaiian or other Pacific Islander,total_exams,2015,231
Idaho,Native Hawaiian or other Pacific Islander,mean_score,2025,3.14
Idaho,Native Hawaiian or other Pacific Islander,mean_score,2024,2.35
Idaho,Native Hawaiian or other Pacific Islander,mean_score,2020,2.41
Idaho,Native Hawaiian or other Pacific Islander,mean_score,2015,2.65
Idaho,Two or More Races,score_5,2025,131
Idaho,Two or More Races,score_5,2024,92
Idaho,Two or More Races,score_5,2020,43
Idaho,Two or More Races,score_4,2025,183
Idaho,Two or More Races,score_4,2024,158
Idaho,Two or More Races,score_4,2020,83
Idaho,Two or More Races,score_3,2025,175
Idaho,Two or More Races,score_3,2024,154
Idaho,Two or More Races,score_3,2020,140
Idaho,Two or More Races,score_2,2025,119
Idaho,Two or More Races,score_2,2024,153
Idaho,Two or More Races,score_2,2020,157
Idaho,Two or More Races,score_1,2025,31
Idaho,Two or More Races,score_1,2024,52
Idaho,Two or More Races,score_1,2020,90
Idaho,Two or More Races,total_exams,2025,639
Idaho,Two or More Races,total_exams,2024,609
Idaho,Two or More Races,total_exams,2020,513
Idaho,Two or More Races,mean_score,2025,3.41
Idaho,Two or More Races,mean_score,2024,3.14
Idaho,Two or More Races,mean_score,2020,2.67
Idaho,No Response,total_exams,2025,623
Idaho,No Response,total_exams,2024,593
Idaho,No Response,total_exams,2020,594
Idaho,No Response,total_exams,2015,249
Illinois,Overall,score_5,2025,45569
Illinois,Overall,score_5,2024,39296
Illinois,Overall,score_5,2020,34278
Illinois,Overall,score_5,2015,27832
Illinois,Overall,score_4,2025,71479
Illinois,Overall,score_4,2024,60187
Illinois,Overall,score_4,2020,47022
Illinois,Overall,score_4,2015,38645
Illinois,Overall,score_3,2025,67472
Illinois,Overall,score_3,2024,56548
Illinois,Overall,score_3,2020,54277
Illinois,Overall,score_3,2015,44022
Illinois,Overall,score_2,2025,43762
Illinois,Overall,score_2,2024,43586
Illinois,Overall,score_2,2020,39766
Illinois,Overall,score_2,2015,34907
Illinois,Overall,score_1,2025,23532
Illinois,Overall,score_1,2024,31238
Illinois,Overall,score_1,2020,28178
Illinois,Overall,score_1,2015,30534
Illinois,Overall,total_exams,2025,251814
Illinois,Overall,total_exams,2024,230855
Illinois,Overall,total_exams,2020,203521
Illinois,Overall,total_exams,2015,175940
Illinois,Overall,mean_score,2025,3.29
Illinois,Overall,mean_score,2024,3.14
Illinois,Overall,mean_score,2020,3.1
Illinois,Overall,mean_score,2015,2.99
Illinois,Asian,score_5,2025,12182
Illinois,Asian,score_5,2024,10836
Illinois,Asian,score_5,2020,7970
Illinois,Asian,score_5,2015,5714
Illinois,Asian,score_4,2025,14336
Illinois,Asian,score_4,2024,12249
Illinois,Asian,score_4,2020,8517
Illinois,Asian,score_4,2015,6526
Illinois,Asian,score_3,2025,10104
Illinois,Asian,score_3,2024,9054
Illinois,Asian,score_3,2020,7971
Illinois,Asian,score_3,2015,6638
Illinois,Asian,score_2,2025,4839
Illinois,Asian,score_2,2024,5268
Illinois,Asian,score_2,2020,4695
Illinois,Asian,score_2,2015,4050
Illinois,Asian,score_1,2025,1654
Illinois,Asian,score_1,2024,2336
Illinois,Asian,score_1,2020,2223
Illinois,Asian,score_1,2015,2450
Illinois,Asian,total_exams,2025,43115
Illinois,Asian,total_exams,2024,39743
Illinois,Asian,total_exams,2020,31376
Illinois,Asian,total_exams,2015,25378
Illinois,Asian,mean_score,2025,3.71
Illinois,Asian,mean_score,2024,3.6
Illinois,Asian,mean_score,2020,3.49
Illinois,Asian,mean_score,2015,3.35
Illinois,Hispanic/Latino,score_5,2025,5606
Illinois,Hispanic/Latino,score_5,2024,4700
Illinois,Hispanic/Latino,score_5,2020,4870
Illinois,Hispanic/Latino,score_5,2015,2725
Illinois,Hispanic/Latino,score_4,2025,12523
Illinois,Hispanic/Latino,score_4,2024,10230
Illinois,Hispanic/Latino,score_4,2020,7757
Illinois,Hispanic/Latino,score_4,2015,4475
Illinois,Hispanic/Latino,score_3,2025,17660
Illinois,Hispanic/Latino,score_3,2024,13741
Illinois,Hispanic/Latino,score_3,2020,11361
Illinois,Hispanic/Latino,score_3,2015,6639
Illinois,Hispanic/Latino,score_2,2025,15907
Illinois,Hispanic/Latino,score_2,2024,14490
Illinois,Hispanic/Latino,score_2,2020,11011
Illinois,Hispanic/Latino,score_2,2015,8424
Illinois,Hispanic/Latino,score_1,2025,10946
Illinois,Hispanic/Latino,score_1,2024,13990
Illinois,Hispanic/Latino,score_1,2020,10370
Illinois,Hispanic/Latino,score_1,2015,10377
Illinois,Hispanic/Latino,total_exams,2025,62642
Illinois,Hispanic/Latino,total_exams,2024,57151
Illinois,Hispanic/Latino,total_exams,2020,45369
Illinois,Hispanic/Latino,total_exams,2015,32640
Illinois,Hispanic/Latino,mean_score,2025,2.78
Illinois,Hispanic/Latino,mean_score,2024,2.6
Illinois,Hispanic/Latino,mean_score,2020,2.69
Illinois,Hispanic/Latino,mean_score,2015,2.41
Illinois,White,score_5,2025,22273
Illinois,White,score_5,2024,19678
Illinois,White,score_5,2020,18022
Illinois,White,score_5,2015,17703
Illinois,White,score_4,2025,35685
Illinois,White,score_4,2024,31138
Illinois,White,score_4,2020,25627
Illinois,White,score_4,2015,24683
Illinois,White,score_3,2025,29976
Illinois,White,score_3,2024,26552
Illinois,White,score_3,2020,28223
Illinois,White,score_3,2015,26240
Illinois,White,score_2,2025,15054
Illinois,White,score_2,2024,16482
Illinois,White,score_2,2020,18122
Illinois,White,score_2,2015,16818
Illinois,White,score_1,2025,4473
Illinois,White,score_1,2024,6646
Illinois,White,score_1,2020,9636
Illinois,White,score_1,2015,8888
Illinois,White,total_exams,2025,107461
Illinois,White,total_exams,2024,100496
Illinois,White,total_exams,2020,99630
Illinois,White,total_exams,2015,94332
Illinois,White,mean_score,2025,3.52
Illinois,White,mean_score,2024,3.41
Illinois,White,mean_score,2020,3.24
Illinois,White,mean_score,2015,3.27
Illinois,Black or African American,score_5,2025,874
Illinois,Black or African American,score_5,2024,700
Illinois,Black or African American,score_5,2020,529
Illinois,Black or African American,score_5,2015,486
Illinois,Black or African American,score_4,2025,2686
Illinois,Black or African American,score_4,2024,2007
Illinois,Black or African American,score_4,2020,1293
Illinois,Black or African American,score_4,2015,1146
Illinois,Black or African American,score_3,2025,4496
Illinois,Black or African American,score_3,2024,3230
Illinois,Black or African American,score_3,2020,2396
Illinois,Black or African American,score_3,2015,2192
Illinois,Black or African American,score_2,2025,4946
Illinois,Black or African American,score_2,2024,4205
Illinois,Black or African American,score_2,2020,2846
Illinois,Black or African American,score_2,2015,3387
Illinois,Black or African American,score_1,2025,4927
Illinois,Black or African American,score_1,2024,6301
Illinois,Black or African American,score_1,2020,3712
Illinois,Black or African American,score_1,2015,6513
Illinois,Black or African American,total_exams,2025,17929
Illinois,Black or African American,total_exams,2024,16443
Illinois,Black or African American,total_exams,2020,10776
Illinois,Black or African American,total_exams,2015,13724
Illinois,Black or African American,mean_score,2025,2.42
Illinois,Black or African American,mean_score,2024,2.19
Illinois,Black or African American,mean_score,2020,2.27
Illinois,Black or African American,mean_score,2015,1.96
Illinois,Native American or Alaska Native,score_5,2025,34
Illinois,Native American or Alaska Native,score_5,2024,21
Illinois,Native American or Alaska Native,score_5,2020,47
Illinois,Native American or Alaska Native,score_5,2015,49
Illinois,Native American or Alaska Native,score_4,2025,97
Illinois,Native American or Alaska Native,score_4,2024,63
Illinois,Native American or Alaska Native,score_4,2020,118
Illinois,Native American or Alaska Native,score_4,2015,66
Illinois,Native American or Alaska Native,score_3,2025,133
Illinois,Native American or Alaska Native,score_3,2024,121
Illinois,Native American or Alaska Native,score_3,2020,156
Illinois,Native American or Alaska Native,score_3,2015,88
Illinois,Native American or Alaska Native,score_2,2025,116
Illinois,Native American or Alaska Native,score_2,2024,110
Illinois,Native American or Alaska Native,score_2,2020,114
Illinois,Native American or Alaska Native,score_2,2015,87
Illinois,Native American or Alaska Native,score_1,2025,63
Illinois,Native American or Alaska Native,score_1,2024,95
Illinois,Native American or Alaska Native,score_1,2020,93
Illinois,Native American or Alaska Native,score_1,2015,60
Illinois,Native American or Alaska Native,total_exams,2025,443
Illinois,Native American or Alaska Native,total_exams,2024,410
Illinois,Native American or Alaska Native,total_exams,2020,528
Illinois,Native American or Alaska Native,total_exams,2015,350
Illinois,Native American or Alaska Native,mean_score,2025,2.83
Illinois,Native American or Alaska Native,mean_score,2024,2.52
Illinois,Native American or Alaska Native,mean_score,2020,2.83
Illinois,Native American or Alaska Native,mean_score,2015,2.88
Illinois,Native Hawaiian or other Pacific Islander,score_5,2025,19
Illinois,Native Hawaiian or other Pacific Islander,score_5,2024,**
Illinois,Native Hawaiian or other Pacific Islander,score_5,2020,15
Illinois,Native Hawaiian or other Pacific Islander,score_5,2015,778
Illinois,Native Hawaiian or other Pacific Islander,score_4,2025,25
Illinois,Native Hawaiian or other Pacific Islander,score_4,2024,**
Illinois,Native Hawaiian or other Pacific Islander,score_4,2020,49
Illinois,Native Hawaiian or other Pacific Islander,score_4,2015,1053
Illinois,Native Hawaiian or other Pacific Islander,score_3,2025,31
Illinois,Native Hawaiian or other Pacific Islander,score_3,2024,**
Illinois,Native Hawaiian or other Pacific Islander,score_3,2020,73
Illinois,Native Hawaiian or other Pacific Islander,score_3,2015,1179
Illinois,Native Hawaiian or other Pacific Islander,score_2,2025,18
Illinois,Native Hawaiian or other Pacific Islander,score_2,2024,**
Illinois,Native Hawaiian or other Pacific Islander,score_2,2020,57
Illinois,Native Hawaiian or other Pacific Islander,score_2,2015,983
Illinois,Native Hawaiian or other Pacific Islander,score_1,2025,12
Illinois,Native Hawaiian or other Pacific Islander,score_1,2024,**
Illinois,Native Hawaiian or other Pacific Islander,score_1,2020,43
Illinois,Native Hawaiian or other Pacific Islander,score_1,2015,822
Illinois,Native Hawaiian or other Pacific Islander,total_exams,2025,105
Illinois,Native Hawaiian or other Pacific Islander,total_exams,2024,81
Illinois,Native Hawaiian or other Pacific Islander,total_exams,2020,237
Illinois,Native Hawaiian or other Pacific Islander,total_exams,2015,4815
Illinois,Native Hawaiian or other Pacific Islander,mean_score,2025,3.2
Illinois,Native Hawaiian or other Pacific Islander,mean_score,2024,3.2
Illinois,Native Hawaiian or other Pacific Islander,mean_score,2020,2.73
Illinois,Native Hawaiian or other Pacific Islander,mean_score,2015,3
Illinois,Two or More Races,score_5,2025,2424
Illinois,Two or More Races,score_5,2024,2038
Illinois,Two or More Races,score_5,2020,1457
Illinois,Two or More Races,score_4,2025,3387
Illinois,Two or More Races,score_4,2024,2764
Illinois,Two or More Races,score_4,2020,1915
Illinois,Two or More Races,score_3,2025,2713
Illinois,Two or More Races,score_3,2024,2265
Illinois,Two or More Races,score_3,2020,2095
Illinois,Two or More Races,score_2,2025,1478
Illinois,Two or More Races,score_2,2024,1594
Illinois,Two or More Races,score_2,2020,1414
Illinois,Two or More Races,score_1,2025,669
Illinois,Two or More Races,score_1,2024,882
Illinois,Two or More Races,score_1,2020,965
Illinois,Two or More Races,total_exams,2025,10671
Illinois,Two or More Races,total_exams,2024,9543
Illinois,Two or More Races,total_exams,2020,7846
Illinois,Two or More Races,mean_score,2025,3.51
Illinois,Two or More Races,mean_score,2024,3.36
Illinois,Two or More Races,mean_score,2020,3.19
Illinois,No Response,total_exams,2025,9448
Illinois,No Response,total_exams,2024,6988
Illinois,No Response,total_exams,2020,7759
Illinois,No Response,total_exams,2015,4701
Indiana,Overall,score_5,2025,12111
Indiana,Overall,score_5,2024,10040
Indiana,Overall,score_5,2020,7632
Indiana,Overall,score_5,2015,6202
Indiana,Overall,score_4,2025,22601
Indiana,Overall,score_4,2024,19010
Indiana,Overall,score_4,2020,13528
Indiana,Overall,score_4,2015,10678
Indiana,Overall,score_3,2025,25119
Indiana,Overall,score_3,2024,21558
Indiana,Overall,score_3,2020,20099
Indiana,Overall,score_3,2015,16906
Indiana,Overall,score_2,2025,18254
Indiana,Overall,score_2,2024,19376
Indiana,Overall,score_2,2020,18822
Indiana,Overall,score_2,2015,18226
Indiana,Overall,score_1,2025,9046
Indiana,Overall,score_1,2024,11879
Indiana,Overall,score_1,2020,13823
Indiana,Overall,score_1,2015,16996
Indiana,Overall,total_exams,2025,87131
Indiana,Overall,total_exams,2024,81863
Indiana,Overall,total_exams,2020,73904
Indiana,Overall,total_exams,2015,69008
Indiana,Overall,mean_score,2025,3.12
Indiana,Overall,mean_score,2024,2.95
Indiana,Overall,mean_score,2020,2.76
Indiana,Overall,mean_score,2015,2.58
Indiana,Asian,score_5,2025,2383
Indiana,Asian,score_5,2024,1967
Indiana,Asian,score_5,2020,1385
Indiana,Asian,score_5,2015,982
Indiana,Asian,score_4,2025,2578
Indiana,Asian,score_4,2024,2215
Indiana,Asian,score_4,2020,1454
Indiana,Asian,score_4,2015,1065
Indiana,Asian,score_3,2025,2129
Indiana,Asian,score_3,2024,1829
Indiana,Asian,score_3,2020,1494
Indiana,Asian,score_3,2015,1247
Indiana,Asian,score_2,2025,1130
Indiana,Asian,score_2,2024,1097
Indiana,Asian,score_2,2020,1066
Indiana,Asian,score_2,2015,870
Indiana,Asian,score_1,2025,490
Indiana,Asian,score_1,2024,572
Indiana,Asian,score_1,2020,646
Indiana,Asian,score_1,2015,663
Indiana,Asian,total_exams,2025,8710
Indiana,Asian,total_exams,2024,7680
Indiana,Asian,total_exams,2020,6045
Indiana,Asian,total_exams,2015,4827
Indiana,Asian,mean_score,2025,3.6
Indiana,Asian,mean_score,2024,3.51
Indiana,Asian,mean_score,2020,3.31
Indiana,Asian,mean_score,2015,3.17
Indiana,Hispanic/Latino,score_5,2025,792
Indiana,Hispanic/Latino,score_5,2024,616
Indiana,Hispanic/Latino,score_5,2020,423
Indiana,Hispanic/Latino,score_5,2015,235
Indiana,Hispanic/Latino,score_4,2025,1966
Indiana,Hispanic/Latino,score_4,2024,1576
Indiana,Hispanic/Latino,score_4,2020,937
Indiana,Hispanic/Latino,score_4,2015,453
Indiana,Hispanic/Latino,score_3,2025,2724
Indiana,Hispanic/Latino,score_3,2024,2179
Indiana,Hispanic/Latino,score_3,2020,1554
Indiana,Hispanic/Latino,score_3,2015,792
Indiana,Hispanic/Latino,score_2,2025,2494
Indiana,Hispanic/Latino,score_2,2024,2528
Indiana,Hispanic/Latino,score_2,2020,1766
Indiana,Hispanic/Latino,score_2,2015,1140
Indiana,Hispanic/Latino,score_1,2025,1636
Indiana,Hispanic/Latino,score_1,2024,2174
Indiana,Hispanic/Latino,score_1,2020,1708
Indiana,Hispanic/Latino,score_1,2015,1490
Indiana,Hispanic/Latino,total_exams,2025,9612
Indiana,Hispanic/Latino,total_exams,2024,9073
Indiana,Hispanic/Latino,total_exams,2020,6388
Indiana,Hispanic/Latino,total_exams,2015,4110
Indiana,Hispanic/Latino,mean_score,2025,2.77
Indiana,Hispanic/Latino,mean_score,2024,2.55
Indiana,Hispanic/Latino,mean_score,2020,2.47
Indiana,Hispanic/Latino,mean_score,2015,2.22
Indiana,White,score_5,2025,7503
Indiana,White,score_5,2024,6475
Indiana,White,score_5,2020,5138
Indiana,White,score_5,2015,4637
Indiana,White,score_4,2025,15292
Indiana,White,score_4,2024,13180
Indiana,White,score_4,2020,9862
Indiana,White,score_4,2015,8484
Indiana,White,score_3,2025,16765
Indiana,White,score_3,2024,14922
Indiana,White,score_3,2020,14939
Indiana,White,score_3,2015,13585
Indiana,White,score_2,2025,11544
Indiana,White,score_2,2024,12747
Indiana,White,score_2,2020,13654
Indiana,White,score_2,2015,14244
Indiana,White,score_1,2025,4812
Indiana,White,score_1,2024,6473
Indiana,White,score_1,2020,9183
Indiana,White,score_1,2015,12045
Indiana,White,total_exams,2025,55916
Indiana,White,total_exams,2024,53797
Indiana,White,total_exams,2020,52776
Indiana,White,total_exams,2015,52995
Indiana,White,mean_score,2025,3.16
Indiana,White,mean_score,2024,3.01
Indiana,White,mean_score,2020,2.77
Indiana,White,mean_score,2015,2.61
Indiana,Black or African American,score_5,2025,276
Indiana,Black or African American,score_5,2024,243
Indiana,Black or African American,score_5,2020,132
Indiana,Black or African American,score_5,2015,83
Indiana,Black or African American,score_4,2025,941
Indiana,Black or African American,score_4,2024,725
Indiana,Black or African American,score_4,2020,337
Indiana,Black or African American,score_4,2015,261
Indiana,Black or African American,score_3,2025,1498
Indiana,Black or African American,score_3,2024,1149
Indiana,Black or African American,score_3,2020,651
Indiana,Black or African American,score_3,2015,565
Indiana,Black or African American,score_2,2025,1504
Indiana,Black or African American,score_2,2024,1505
Indiana,Black or African American,score_2,2020,960
Indiana,Black or African American,score_2,2015,1094
Indiana,Black or African American,score_1,2025,1247
Indiana,Black or African American,score_1,2024,1622
Indiana,Black or African American,score_1,2020,1174
Indiana,Black or African American,score_1,2015,1811
Indiana,Black or African American,total_exams,2025,5466
Indiana,Black or African American,total_exams,2024,5244
Indiana,Black or African American,total_exams,2020,3254
Indiana,Black or African American,total_exams,2015,3814
Indiana,Black or African American,mean_score,2025,2.54
Indiana,Black or African American,mean_score,2024,2.33
Indiana,Black or African American,mean_score,2020,2.17
Indiana,Black or African American,mean_score,2015,1.88
Indiana,Native American or Alaska Native,score_5,2025,**
Indiana,Native American or Alaska Native,score_5,2024,18
Indiana,Native American or Alaska Native,score_5,2020,12
Indiana,Native American or Alaska Native,score_5,2015,12
Indiana,Native American or Alaska Native,score_4,2025,**
Indiana,Native American or Alaska Native,score_4,2024,38
Indiana,Native American or Alaska Native,score_4,2020,49
Indiana,Native American or Alaska Native,score_4,2015,21
Indiana,Native American or Alaska Native,score_3,2025,**
Indiana,Native American or Alaska Native,score_3,2024,62
Indiana,Native American or Alaska Native,score_3,2020,101
Indiana,Native American or Alaska Native,score_3,2015,54
Indiana,Native American or Alaska Native,score_2,2025,**
Indiana,Native American or Alaska Native,score_2,2024,94
Indiana,Native American or Alaska Native,score_2,2020,119
Indiana,Native American or Alaska Native,score_2,2015,68
Indiana,Native American or Alaska Native,score_1,2025,**
Indiana,Native American or Alaska Native,score_1,2024,68
Indiana,Native American or Alaska Native,score_1,2020,108
Indiana,Native American or Alaska Native,score_1,2015,69
Indiana,Native American or Alaska Native,total_exams,2025,224
Indiana,Native American or Alaska Native,total_exams,2024,280
Indiana,Native American or Alaska Native,total_exams,2020,389
Indiana,Native American or Alaska Native,total_exams,2015,224
Indiana,Native American or Alaska Native,mean_score,2025,2.58
Indiana,Native American or Alaska Native,mean_score,2024,2.44
Indiana,Native American or Alaska Native,mean_score,2020,2.33
Indiana,Native American or Alaska Native,mean_score,2015,2.28
Indiana,Native Hawaiian or other Pacific Islander,score_5,2025,**
Indiana,Native Hawaiian or other Pacific Islander,score_5,2024,**
Indiana,Native Hawaiian or other Pacific Islander,score_5,2020,**
Indiana,Native Hawaiian or other Pacific Islander,score_5,2015,191
Indiana,Native Hawaiian or other Pacific Islander,score_4,2025,**
Indiana,Native Hawaiian or other Pacific Islander,score_4,2024,**
Indiana,Native Hawaiian or other Pacific Islander,score_4,2020,**
Indiana,Native Hawaiian or other Pacific Islander,score_4,2015,251
Indiana,Native Hawaiian or other Pacific Islander,score_3,2025,**
Indiana,Native Hawaiian or other Pacific Islander,score_3,2024,**
Indiana,Native Hawaiian or other Pacific Islander,score_3,2020,**
Indiana,Native Hawaiian or other Pacific Islander,score_3,2015,443
Indiana,Native Hawaiian or other Pacific Islander,score_2,2025,**
Indiana,Native Hawaiian or other Pacific Islander,score_2,2024,**
Indiana,Native Hawaiian or other Pacific Islander,score_2,2020,**
Indiana,Native Hawaiian or other Pacific Islander,score_2,2015,477
Indiana,Native Hawaiian or other Pacific Islander,score_1,2025,**
Indiana,Native Hawaiian or other Pacific Islander,score_1,2024,**
Indiana,Native Hawaiian or other Pacific Islander,score_1,2020,**
Indiana,Native Hawaiian or other Pacific Islander,score_1,2015,497
Indiana,Native Hawaiian or other Pacific Islander,total_exams,2025,52
Indiana,Native Hawaiian or other Pacific Islander,total_exams,2024,49
Indiana,Native Hawaiian or other Pacific Islander,total_exams,2020,30
Indiana,Native Hawaiian or other Pacific Islander,total_exams,2015,1859
Indiana,Native Hawaiian or other Pacific Islander,mean_score,2025,2.58
Indiana,Native Hawaiian or other Pacific Islander,mean_score,2024,2.92
Indiana,Native Hawaiian or other Pacific Islander,mean_score,2020,2.27
Indiana,Native Hawaiian or other Pacific Islander,mean_score,2015,2.55
Indiana,Two or More Races,score_5,2025,676
Indiana,Two or More Races,score_5,2024,486
Indiana,Two or More Races,score_5,2020,328
Indiana,Two or More Races,score_4,2025,1083
Indiana,Two or More Races,score_4,2024,892
Indiana,Two or More Races,score_4,2020,573
Indiana,Two or More Races,score_3,2025,1147
Indiana,Two or More Races,score_3,2024,996
Indiana,Two or More Races,score_3,2020,921
Indiana,Two or More Races,score_2,2025,859
Indiana,Two or More Races,score_2,2024,931
Indiana,Two or More Races,score_2,2020,856
Indiana,Two or More Races,score_1,2025,480
Indiana,Two or More Races,score_1,2024,636
Indiana,Two or More Races,score_1,2020,643
Indiana,Two or More Races,total_exams,2025,4245
Indiana,Two or More Races,total_exams,2024,3941
Indiana,Two or More Races,total_exams,2020,3321
Indiana,Two or More Races,mean_score,2025,3.15
Indiana,Two or More Races,mean_score,2024,2.91
Indiana,Two or More Races,mean_score,2020,2.73
Indiana,No Response,total_exams,2025,2906
Indiana,No Response,total_exams,2024,1799
Indiana,No Response,total_exams,2020,1701
Indiana,No Response,total_exams,2015,1179
Iowa,Overall,score_5,2025,3469
Iowa,Overall,score_5,2024,3129
Iowa,Overall,score_5,2020,2395
Iowa,Overall,score_5,2015,2522
Iowa,Overall,score_4,2025,6267
Iowa,Overall,score_4,2024,5283
Iowa,Overall,score_4,2020,3670
Iowa,Overall,score_4,2015,3888
Iowa,Overall,score_3,2025,5976
Iowa,Overall,score_3,2024,5277
Iowa,Overall,score_3,2020,4755
Iowa,Overall,score_3,2015,5250
Iowa,Overall,score_2,2025,3822
Iowa,Overall,score_2,2024,3921
Iowa,Overall,score_2,2020,4033
Iowa,Overall,score_2,2015,4176
Iowa,Overall,score_1,2025,1251
Iowa,Overall,score_1,2024,1824
Iowa,Overall,score_1,2020,2707
Iowa,Overall,score_1,2015,2724
Iowa,Overall,total_exams,2025,20785
Iowa,Overall,total_exams,2024,19434
Iowa,Overall,total_exams,2020,17560
Iowa,Overall,total_exams,2015,18560
Iowa,Overall,mean_score,2025,3.33
Iowa,Overall,mean_score,2024,3.2
Iowa,Overall,mean_score,2020,2.94
Iowa,Overall,mean_score,2015,2.96
Iowa,Asian,score_5,2025,564
Iowa,Asian,score_5,2024,534
Iowa,Asian,score_5,2020,428
Iowa,Asian,score_5,2015,281
Iowa,Asian,score_4,2025,709
Iowa,Asian,score_4,2024,640
Iowa,Asian,score_4,2020,443
Iowa,Asian,score_4,2015,351
Iowa,Asian,score_3,2025,517
Iowa,Asian,score_3,2024,487
Iowa,Asian,score_3,2020,453
Iowa,Asian,score_3,2015,375
Iowa,Asian,score_2,2025,281
Iowa,Asian,score_2,2024,303
Iowa,Asian,score_2,2020,303
Iowa,Asian,score_2,2015,292
Iowa,Asian,score_1,2025,107
Iowa,Asian,score_1,2024,191
Iowa,Asian,score_1,2020,210
Iowa,Asian,score_1,2015,225
Iowa,Asian,total_exams,2025,2178
Iowa,Asian,total_exams,2024,2155
Iowa,Asian,total_exams,2020,1837
Iowa,Asian,total_exams,2015,1524
Iowa,Asian,mean_score,2025,3.62
Iowa,Asian,mean_score,2024,3.47
Iowa,Asian,mean_score,2020,3.31
Iowa,Asian,mean_score,2015,3.11
Iowa,Hispanic/Latino,score_5,2025,165
Iowa,Hispanic/Latino,score_5,2024,162
Iowa,Hispanic/Latino,score_5,2020,152
Iowa,Hispanic/Latino,score_5,2015,75
Iowa,Hispanic/Latino,score_4,2025,412
Iowa,Hispanic/Latino,score_4,2024,357
Iowa,Hispanic/Latino,score_4,2020,246
Iowa,Hispanic/Latino,score_4,2015,151
Iowa,Hispanic/Latino,score_3,2025,596
Iowa,Hispanic/Latino,score_3,2024,484
Iowa,Hispanic/Latino,score_3,2020,382
Iowa,Hispanic/Latino,score_3,2015,206
Iowa,Hispanic/Latino,score_2,2025,542
Iowa,Hispanic/Latino,score_2,2024,535
Iowa,Hispanic/Latino,score_2,2020,357
Iowa,Hispanic/Latino,score_2,2015,260
Iowa,Hispanic/Latino,score_1,2025,228
Iowa,Hispanic/Latino,score_1,2024,368
Iowa,Hispanic/Latino,score_1,2020,354
Iowa,Hispanic/Latino,score_1,2015,309
Iowa,Hispanic/Latino,total_exams,2025,1943
Iowa,Hispanic/Latino,total_exams,2024,1906
Iowa,Hispanic/Latino,total_exams,2020,1491
Iowa,Hispanic/Latino,total_exams,2015,1001
Iowa,Hispanic/Latino,mean_score,2025,2.87
Iowa,Hispanic/Latino,mean_score,2024,2.69
Iowa,Hispanic/Latino,mean_score,2020,2.65
Iowa,Hispanic/Latino,mean_score,2015,2.42
Iowa,White,score_5,2025,2315
Iowa,White,score_5,2024,2082
Iowa,White,score_5,2020,1609
Iowa,White,score_5,2015,2049
Iowa,White,score_4,2025,4296
Iowa,White,score_4,2024,3682
Iowa,White,score_4,2020,2639
Iowa,White,score_4,2015,3159
Iowa,White,score_3,2025,4012
Iowa,White,score_3,2024,3667
Iowa,White,score_3,2020,3451
Iowa,White,score_3,2015,4341
Iowa,White,score_2,2025,2340
Iowa,White,score_2,2024,2518
Iowa,White,score_2,2020,2911
Iowa,White,score_2,2015,3246
Iowa,White,score_1,2025,670
Iowa,White,score_1,2024,969
Iowa,White,score_1,2020,1744
Iowa,White,score_1,2015,1750
Iowa,White,total_exams,2025,13633
Iowa,White,total_exams,2024,12918
Iowa,White,total_exams,2020,12354
Iowa,White,total_exams,2015,14545
Iowa,White,mean_score,2025,3.38
Iowa,White,mean_score,2024,3.26
Iowa,White,mean_score,2020,2.96
Iowa,White,mean_score,2015,3.04
Iowa,Black or African American,score_5,2025,66
Iowa,Black or African American,score_5,2024,48
Iowa,Black or African American,score_5,2020,26
Iowa,Black or African American,score_5,2015,29
Iowa,Black or African American,score_4,2025,227
Iowa,Black or African American,score_4,2024,144
Iowa,Black or African American,score_4,2020,62
Iowa,Black or African American,score_4,2015,72
Iowa,Black or African American,score_3,2025,289
Iowa,Black or African American,score_3,2024,188
Iowa,Black or African American,score_3,2020,119
Iowa,Black or African American,score_3,2015,110
Iowa,Black or African American,score_2,2025,283
Iowa,Black or African American,score_2,2024,246
Iowa,Black or African American,score_2,2020,149
Iowa,Black or African American,score_2,2015,148
Iowa,Black or African American,score_1,2025,124
Iowa,Black or African American,score_1,2024,146
Iowa,Black or African American,score_1,2020,161
Iowa,Black or African American,score_1,2015,214
Iowa,Black or African American,total_exams,2025,989
Iowa,Black or African American,total_exams,2024,772
Iowa,Black or African American,total_exams,2020,517
Iowa,Black or African American,total_exams,2015,573
Iowa,Black or African American,mean_score,2025,2.83
Iowa,Black or African American,mean_score,2024,2.61
Iowa,Black or African American,mean_score,2020,2.31
Iowa,Black or African American,mean_score,2015,2.22
Iowa,Native American or Alaska Native,score_5,2025,**
Iowa,Native American or Alaska Native,score_5,2024,**
Iowa,Native American or Alaska Native,score_5,2020,**
Iowa,Native American or Alaska Native,score_5,2015,**
Iowa,Native American or Alaska Native,score_4,2025,**
Iowa,Native American or Alaska Native,score_4,2024,**
Iowa,Native American or Alaska Native,score_4,2020,**
Iowa,Native American or Alaska Native,score_4,2015,**
Iowa,Native American or Alaska Native,score_3,2025,**
Iowa,Native American or Alaska Native,score_3,2024,**
Iowa,Native American or Alaska Native,score_3,2020,**
Iowa,Native American or Alaska Native,score_3,2015,**
Iowa,Native American or Alaska Native,score_2,2025,**
Iowa,Native American or Alaska Native,score_2,2024,**
Iowa,Native American or Alaska Native,score_2,2020,**
Iowa,Native American or Alaska Native,score_2,2015,**
Iowa,Native American or Alaska Native,score_1,2025,**
Iowa,Native American or Alaska Native,score_1,2024,**
Iowa,Native American or Alaska Native,score_1,2020,**
Iowa,Native American or Alaska Native,score_1,2015,**
Iowa,Native American or Alaska Native,total_exams,2025,31
Iowa,Native American or Alaska Native,total_exams,2024,39
Iowa,Native American or Alaska Native,total_exams,2020,92
Iowa,Native American or Alaska Native,total_exams,2015,57
Iowa,Native American or Alaska Native,mean_score,2025,2.87
Iowa,Native American or Alaska Native,mean_score,2024,2.51
Iowa,Native American or Alaska Native,mean_score,2020,2.42
Iowa,Native American or Alaska Native,mean_score,2015,2.16
Iowa,Native Hawaiian or other Pacific Islander,score_5,2025,**
Iowa,Native Hawaiian or other Pacific Islander,score_5,2024,**
Iowa,Native Hawaiian or other Pacific Islander,score_5,2020,**
Iowa,Native Hawaiian or other Pacific Islander,score_5,2015,55
Iowa,Native Hawaiian or other Pacific Islander,score_4,2025,**
Iowa,Native Hawaiian or other Pacific Islander,score_4,2024,**
Iowa,Native Hawaiian or other Pacific Islander,score_4,2020,**
Iowa,Native Hawaiian or other Pacific Islander,score_4,2015,78
Iowa,Native Hawaiian or other Pacific Islander,score_3,2025,**
Iowa,Native Hawaiian or other Pacific Islander,score_3,2024,**
Iowa,Native Hawaiian or other Pacific Islander,score_3,2020,**
Iowa,Native Hawaiian or other Pacific Islander,score_3,2015,108
Iowa,Native Hawaiian or other Pacific Islander,score_2,2025,**
Iowa,Native Hawaiian or other Pacific Islander,score_2,2024,**
Iowa,Native Hawaiian or other Pacific Islander,score_2,2020,**
Iowa,Native Hawaiian or other Pacific Islander,score_2,2015,90
Iowa,Native Hawaiian or other Pacific Islander,score_1,2025,**
Iowa,Native Hawaiian or other Pacific Islander,score_1,2024,**
Iowa,Native Hawaiian or other Pacific Islander,score_1,2020,**
Iowa,Native Hawaiian or other Pacific Islander,score_1,2015,61
Iowa,Native Hawaiian or other Pacific Islander,total_exams,2025,12
Iowa,Native Hawaiian or other Pacific Islander,total_exams,2024,14
Iowa,Native Hawaiian or other Pacific Islander,total_exams,2020,14
Iowa,Native Hawaiian or other Pacific Islander,total_exams,2015,392
Iowa,Native Hawaiian or other Pacific Islander,mean_score,2025,2
Iowa,Native Hawaiian or other Pacific Islander,mean_score,2024,2.07
Iowa,Native Hawaiian or other Pacific Islander,mean_score,2020,2.29
Iowa,Native Hawaiian or other Pacific Islander,mean_score,2015,2.94
Iowa,Two or More Races,score_5,2025,156
Iowa,Two or More Races,score_5,2024,153
Iowa,Two or More Races,score_5,2020,122
Iowa,Two or More Races,score_4,2025,287
Iowa,Two or More Races,score_4,2024,238
Iowa,Two or More Races,score_4,2020,161
Iowa,Two or More Races,score_3,2025,255
Iowa,Two or More Races,score_3,2024,220
Iowa,Two or More Races,score_3,2020,228
Iowa,Two or More Races,score_2,2025,150
Iowa,Two or More Races,score_2,2024,161
Iowa,Two or More Races,score_2,2020,191
Iowa,Two or More Races,score_1,2025,62
Iowa,Two or More Races,score_1,2024,69
Iowa,Two or More Races,score_1,2020,141
Iowa,Two or More Races,total_exams,2025,910
Iowa,Two or More Races,total_exams,2024,841
Iowa,Two or More Races,total_exams,2020,843
Iowa,Two or More Races,mean_score,2025,3.36
Iowa,Two or More Races,mean_score,2024,3.29
Iowa,Two or More Races,mean_score,2020,2.92
Iowa,No Response,total_exams,2025,1089
Iowa,No Response,total_exams,2024,789
Iowa,No Response,total_exams,2020,412
Iowa,No Response,total_exams,2015,468
Kansas,Overall,score_5,2025,3216
Kansas,Overall,score_5,2024,2621
Kansas,Overall,score_5,2020,2134
Kansas,Overall,score_5,2015,1976
Kansas,Overall,score_4,2025,5897
Kansas,Overall,score_4,2024,5001
Kansas,Overall,score_4,2020,3214
Kansas,Overall,score_4,2015,3166
Kansas,Overall,score_3,2025,5153
Kansas,Overall,score_3,2024,4618
Kansas,Overall,score_3,2020,4114
Kansas,Overall,score_3,2015,4234
Kansas,Overall,score_2,2025,2749
Kansas,Overall,score_2,2024,3320
Kansas,Overall,score_2,2020,3090
Kansas,Overall,score_2,2015,3268
Kansas,Overall,score_1,2025,718
Kansas,Overall,score_1,2024,1092
Kansas,Overall,score_1,2020,1743
Kansas,Overall,score_1,2015,2611
Kansas,Overall,total_exams,2025,17733
Kansas,Overall,total_exams,2024,16652
Kansas,Overall,total_exams,2020,14295
Kansas,Overall,total_exams,2015,15255
Kansas,Overall,mean_score,2025,3.46
Kansas,Overall,mean_score,2024,3.28
Kansas,Overall,mean_score,2020,3.06
Kansas,Overall,mean_score,2015,2.91
Kansas,Asian,score_5,2025,765
Kansas,Asian,score_5,2024,648
Kansas,Asian,score_5,2020,518
Kansas,Asian,score_5,2015,393
Kansas,Asian,score_4,2025,1038
Kansas,Asian,score_4,2024,902
Kansas,Asian,score_4,2020,582
Kansas,Asian,score_4,2015,444
Kansas,Asian,score_3,2025,684
Kansas,Asian,score_3,2024,670
Kansas,Asian,score_3,2020,571
Kansas,Asian,score_3,2015,505
Kansas,Asian,score_2,2025,332
Kansas,Asian,score_2,2024,361
Kansas,Asian,score_2,2020,349
Kansas,Asian,score_2,2015,314
Kansas,Asian,score_1,2025,90
Kansas,Asian,score_1,2024,104
Kansas,Asian,score_1,2020,167
Kansas,Asian,score_1,2015,251
Kansas,Asian,total_exams,2025,2909
Kansas,Asian,total_exams,2024,2685
Kansas,Asian,total_exams,2020,2187
Kansas,Asian,total_exams,2015,1907
Kansas,Asian,mean_score,2025,3.71
Kansas,Asian,mean_score,2024,3.61
Kansas,Asian,mean_score,2020,3.43
Kansas,Asian,mean_score,2015,3.22
Kansas,Hispanic/Latino,score_5,2025,195
Kansas,Hispanic/Latino,score_5,2024,167
Kansas,Hispanic/Latino,score_5,2020,132
Kansas,Hispanic/Latino,score_5,2015,89
Kansas,Hispanic/Latino,score_4,2025,445
Kansas,Hispanic/Latino,score_4,2024,358
Kansas,Hispanic/Latino,score_4,2020,269
Kansas,Hispanic/Latino,score_4,2015,158
Kansas,Hispanic/Latino,score_3,2025,541
Kansas,Hispanic/Latino,score_3,2024,460
Kansas,Hispanic/Latino,score_3,2020,359
Kansas,Hispanic/Latino,score_3,2015,260
Kansas,Hispanic/Latino,score_2,2025,414
Kansas,Hispanic/Latino,score_2,2024,410
Kansas,Hispanic/Latino,score_2,2020,321
Kansas,Hispanic/Latino,score_2,2015,329
Kansas,Hispanic/Latino,score_1,2025,145
Kansas,Hispanic/Latino,score_1,2024,222
Kansas,Hispanic/Latino,score_1,2020,277
Kansas,Hispanic/Latino,score_1,2015,537
Kansas,Hispanic/Latino,total_exams,2025,1740
Kansas,Hispanic/Latino,total_exams,2024,1617
Kansas,Hispanic/Latino,total_exams,2020,1358
Kansas,Hispanic/Latino,total_exams,2015,1373
Kansas,Hispanic/Latino,mean_score,2025,3.08
Kansas,Hispanic/Latino,mean_score,2024,2.9
Kansas,Hispanic/Latino,mean_score,2020,2.75
Kansas,Hispanic/Latino,mean_score,2015,2.22
Kansas,White,score_5,2025,1896
Kansas,White,score_5,2024,1560
Kansas,White,score_5,2020,1272
Kansas,White,score_5,2015,1385
Kansas,White,score_4,2025,3735
Kansas,White,score_4,2024,3220
Kansas,White,score_4,2020,2069
Kansas,White,score_4,2015,2368
Kansas,White,score_3,2025,3203
Kansas,White,score_3,2024,2961
Kansas,White,score_3,2020,2754
Kansas,White,score_3,2015,3158
Kansas,White,score_2,2025,1591
Kansas,White,score_2,2024,2152
Kansas,White,score_2,2020,2061
Kansas,White,score_2,2015,2247
Kansas,White,score_1,2025,356
Kansas,White,score_1,2024,594
Kansas,White,score_1,2020,1044
Kansas,White,score_1,2015,1380
Kansas,White,total_exams,2025,10781
Kansas,White,total_exams,2024,10487
Kansas,White,total_exams,2020,9200
Kansas,White,total_exams,2015,10538
Kansas,White,mean_score,2025,3.48
Kansas,White,mean_score,2024,3.29
Kansas,White,mean_score,2020,3.05
Kansas,White,mean_score,2015,3.01
Kansas,Black or African American,score_5,2025,55
Kansas,Black or African American,score_5,2024,28
Kansas,Black or African American,score_5,2020,18
Kansas,Black or African American,score_5,2015,34
Kansas,Black or African American,score_4,2025,137
Kansas,Black or African American,score_4,2024,112
Kansas,Black or African American,score_4,2020,48
Kansas,Black or African American,score_4,2015,64
Kansas,Black or African American,score_3,2025,197
Kansas,Black or African American,score_3,2024,125
Kansas,Black or African American,score_3,2020,79
Kansas,Black or African American,score_3,2015,108
Kansas,Black or African American,score_2,2025,143
Kansas,Black or African American,score_2,2024,133
Kansas,Black or African American,score_2,2020,82
Kansas,Black or African American,score_2,2015,153
Kansas,Black or African American,score_1,2025,54
Kansas,Black or African American,score_1,2024,71
Kansas,Black or African American,score_1,2020,85
Kansas,Black or African American,score_1,2015,202
Kansas,Black or African American,total_exams,2025,586
Kansas,Black or African American,total_exams,2024,469
Kansas,Black or African American,total_exams,2020,312
Kansas,Black or African American,total_exams,2015,561
Kansas,Black or African American,mean_score,2025,2.99
Kansas,Black or African American,mean_score,2024,2.77
Kansas,Black or African American,mean_score,2020,2.46
Kansas,Black or African American,mean_score,2015,2.24
Kansas,Native American or Alaska Native,score_5,2025,**
Kansas,Native American or Alaska Native,score_5,2024,**
Kansas,Native American or Alaska Native,score_5,2020,**
Kansas,Native American or Alaska Native,score_5,2015,**
Kansas,Native American or Alaska Native,score_4,2025,**
Kansas,Native American or Alaska Native,score_4,2024,**
Kansas,Native American or Alaska Native,score_4,2020,**
Kansas,Native American or Alaska Native,score_4,2015,**
Kansas,Native American or Alaska Native,score_3,2025,**
Kansas,Native American or Alaska Native,score_3,2024,**
Kansas,Native American or Alaska Native,score_3,2020,**
Kansas,Native American or Alaska Native,score_3,2015,**
Kansas,Native American or Alaska Native,score_2,2025,**
Kansas,Native American or Alaska Native,score_2,2024,**
Kansas,Native American or Alaska Native,score_2,2020,**
Kansas,Native American or Alaska Native,score_2,2015,**
Kansas,Native American or Alaska Native,score_1,2025,**
Kansas,Native American or Alaska Native,score_1,2024,**
Kansas,Native American or Alaska Native,score_1,2020,**
Kansas,Native American or Alaska Native,score_1,2015,**
Kansas,Native American or Alaska Native,total_exams,2025,75
Kansas,Native American or Alaska Native,total_exams,2024,64
Kansas,Native American or Alaska Native,total_exams,2020,87
Kansas,Native American or Alaska Native,total_exams,2015,116
Kansas,Native American or Alaska Native,mean_score,2025,3.16
Kansas,Native American or Alaska Native,mean_score,2024,3.02
Kansas,Native American or Alaska Native,mean_score,2020,2.54
Kansas,Native American or Alaska Native,mean_score,2015,2.47
Kansas,Native Hawaiian or other Pacific Islander,score_5,2025,**
Kansas,Native Hawaiian or other Pacific Islander,score_5,2024,**
Kansas,Native Hawaiian or other Pacific Islander,score_5,2020,**
Kansas,Native Hawaiian or other Pacific Islander,score_5,2015,49
Kansas,Native Hawaiian or other Pacific Islander,score_4,2025,**
Kansas,Native Hawaiian or other Pacific Islander,score_4,2024,**
Kansas,Native Hawaiian or other Pacific Islander,score_4,2020,**
Kansas,Native Hawaiian or other Pacific Islander,score_4,2015,86
Kansas,Native Hawaiian or other Pacific Islander,score_3,2025,**
Kansas,Native Hawaiian or other Pacific Islander,score_3,2024,**
Kansas,Native Hawaiian or other Pacific Islander,score_3,2020,**
Kansas,Native Hawaiian or other Pacific Islander,score_3,2015,102
Kansas,Native Hawaiian or other Pacific Islander,score_2,2025,**
Kansas,Native Hawaiian or other Pacific Islander,score_2,2024,**
Kansas,Native Hawaiian or other Pacific Islander,score_2,2020,**
Kansas,Native Hawaiian or other Pacific Islander,score_2,2015,86
Kansas,Native Hawaiian or other Pacific Islander,score_1,2025,**
Kansas,Native Hawaiian or other Pacific Islander,score_1,2024,**
Kansas,Native Hawaiian or other Pacific Islander,score_1,2020,**
Kansas,Native Hawaiian or other Pacific Islander,score_1,2015,73
Kansas,Native Hawaiian or other Pacific Islander,total_exams,2025,10
Kansas,Native Hawaiian or other Pacific Islander,total_exams,2024,14
Kansas,Native Hawaiian or other Pacific Islander,total_exams,2020,16
Kansas,Native Hawaiian or other Pacific Islander,total_exams,2015,396
Kansas,Native Hawaiian or other Pacific Islander,mean_score,2025,3.7
Kansas,Native Hawaiian or other Pacific Islander,mean_score,2024,2.07
Kansas,Native Hawaiian or other Pacific Islander,mean_score,2020,2.31
Kansas,Native Hawaiian or other Pacific Islander,mean_score,2015,2.88
Kansas,Two or More Races,score_5,2025,181
Kansas,Two or More Races,score_5,2024,160
Kansas,Two or More Races,score_5,2020,120
Kansas,Two or More Races,score_4,2025,355
Kansas,Two or More Races,score_4,2024,294
Kansas,Two or More Races,score_4,2020,157
Kansas,Two or More Races,score_3,2025,328
Kansas,Two or More Races,score_3,2024,286
Kansas,Two or More Races,score_3,2020,229
Kansas,Two or More Races,score_2,2025,158
Kansas,Two or More Races,score_2,2024,187
Kansas,Two or More Races,score_2,2020,185
Kansas,Two or More Races,score_1,2025,48
Kansas,Two or More Races,score_1,2024,65
Kansas,Two or More Races,score_1,2020,98
Kansas,Two or More Races,total_exams,2025,1070
Kansas,Two or More Races,total_exams,2024,992
Kansas,Two or More Races,total_exams,2020,789
Kansas,Two or More Races,mean_score,2025,3.43
Kansas,Two or More Races,mean_score,2024,3.3
Kansas,Two or More Races,mean_score,2020,3.02
Kansas,No Response,total_exams,2025,562
Kansas,No Response,total_exams,2024,324
Kansas,No Response,total_exams,2020,346
Kansas,No Response,total_exams,2015,364
Kentucky,Overall,score_5,2025,5159
Kentucky,Overall,score_5,2024,4466
Kentucky,Overall,score_5,2020,3989
Kentucky,Overall,score_5,2015,3840
Kentucky,Overall,score_4,2025,11530
Kentucky,Overall,score_4,2024,9653
Kentucky,Overall,score_4,2020,7442
Kentucky,Overall,score_4,2015,7186
Kentucky,Overall,score_3,2025,14481
Kentucky,Overall,score_3,2024,12692
Kentucky,Overall,score_3,2020,12263
Kentucky,Overall,score_3,2015,13285
Kentucky,Overall,score_2,2025,11768
Kentucky,Overall,score_2,2024,11403
Kentucky,Overall,score_2,2020,11004
Kentucky,Overall,score_2,2015,14526
Kentucky,Overall,score_1,2025,5050
Kentucky,Overall,score_1,2024,7195
Kentucky,Overall,score_1,2020,7588
Kentucky,Overall,score_1,2015,11756
Kentucky,Overall,total_exams,2025,47988
Kentucky,Overall,total_exams,2024,45409
Kentucky,Overall,total_exams,2020,42286
Kentucky,Overall,total_exams,2015,50593
Kentucky,Overall,mean_score,2025,3
Kentucky,Overall,mean_score,2024,2.84
Kentucky,Overall,mean_score,2020,2.75
Kentucky,Overall,mean_score,2015,2.54
Kentucky,Asian,score_5,2025,875
Kentucky,Asian,score_5,2024,722
Kentucky,Asian,score_5,2020,555
Kentucky,Asian,score_5,2015,459
Kentucky,Asian,score_4,2025,1202
Kentucky,Asian,score_4,2024,1014
Kentucky,Asian,score_4,2020,730
Kentucky,Asian,score_4,2015,543
Kentucky,Asian,score_3,2025,1001
Kentucky,Asian,score_3,2024,909
Kentucky,Asian,score_3,2020,864
Kentucky,Asian,score_3,2015,659
Kentucky,Asian,score_2,2025,626
Kentucky,Asian,score_2,2024,637
Kentucky,Asian,score_2,2020,567
Kentucky,Asian,score_2,2015,489
Kentucky,Asian,score_1,2025,254
Kentucky,Asian,score_1,2024,308
Kentucky,Asian,score_1,2020,319
Kentucky,Asian,score_1,2015,337
Kentucky,Asian,total_exams,2025,3958
Kentucky,Asian,total_exams,2024,3590
Kentucky,Asian,total_exams,2020,3035
Kentucky,Asian,total_exams,2015,2487
Kentucky,Asian,mean_score,2025,3.46
Kentucky,Asian,mean_score,2024,3.34
Kentucky,Asian,mean_score,2020,3.21
Kentucky,Asian,mean_score,2015,3.12
Kentucky,Hispanic/Latino,score_5,2025,263
Kentucky,Hispanic/Latino,score_5,2024,231
Kentucky,Hispanic/Latino,score_5,2020,160
Kentucky,Hispanic/Latino,score_5,2015,137
Kentucky,Hispanic/Latino,score_4,2025,718
Kentucky,Hispanic/Latino,score_4,2024,526
Kentucky,Hispanic/Latino,score_4,2020,346
Kentucky,Hispanic/Latino,score_4,2015,216
Kentucky,Hispanic/Latino,score_3,2025,1131
Kentucky,Hispanic/Latino,score_3,2024,882
Kentucky,Hispanic/Latino,score_3,2020,608
Kentucky,Hispanic/Latino,score_3,2015,397
Kentucky,Hispanic/Latino,score_2,2025,1082
Kentucky,Hispanic/Latino,score_2,2024,955
Kentucky,Hispanic/Latino,score_2,2020,658
Kentucky,Hispanic/Latino,score_2,2015,488
Kentucky,Hispanic/Latino,score_1,2025,586
Kentucky,Hispanic/Latino,score_1,2024,743
Kentucky,Hispanic/Latino,score_1,2020,530
Kentucky,Hispanic/Latino,score_1,2015,544
Kentucky,Hispanic/Latino,total_exams,2025,3780
Kentucky,Hispanic/Latino,total_exams,2024,3337
Kentucky,Hispanic/Latino,total_exams,2020,2302
Kentucky,Hispanic/Latino,total_exams,2015,1782
Kentucky,Hispanic/Latino,mean_score,2025,2.73
Kentucky,Hispanic/Latino,mean_score,2024,2.56
Kentucky,Hispanic/Latino,mean_score,2020,2.54
Kentucky,Hispanic/Latino,mean_score,2015,2.39
Kentucky,White,score_5,2025,3494
Kentucky,White,score_5,2024,3098
Kentucky,White,score_5,2020,2886
Kentucky,White,score_5,2015,3056
Kentucky,White,score_4,2025,8243
Kentucky,White,score_4,2024,7139
Kentucky,White,score_4,2020,5601
Kentucky,White,score_4,2015,6018
Kentucky,White,score_3,2025,10362
Kentucky,White,score_3,2024,9354
Kentucky,White,score_3,2020,9406
Kentucky,White,score_3,2015,11266
Kentucky,White,score_2,2025,8136
Kentucky,White,score_2,2024,8184
Kentucky,White,score_2,2020,8332
Kentucky,White,score_2,2015,12122
Kentucky,White,score_1,2025,3229
Kentucky,White,score_1,2024,4650
Kentucky,White,score_1,2020,5507
Kentucky,White,score_1,2015,9112
Kentucky,White,total_exams,2025,33464
Kentucky,White,total_exams,2024,32425
Kentucky,White,total_exams,2020,31732
Kentucky,White,total_exams,2015,41574
Kentucky,White,mean_score,2025,3.02
Kentucky,White,mean_score,2024,2.87
Kentucky,White,mean_score,2020,2.75
Kentucky,White,mean_score,2015,2.56
Kentucky,Black or African American,score_5,2025,109
Kentucky,Black or African American,score_5,2024,93
Kentucky,Black or African American,score_5,2020,82
Kentucky,Black or African American,score_5,2015,67
Kentucky,Black or African American,score_4,2025,428
Kentucky,Black or African American,score_4,2024,297
Kentucky,Black or African American,score_4,2020,206
Kentucky,Black or African American,score_4,2015,158
Kentucky,Black or African American,score_3,2025,749
Kentucky,Black or African American,score_3,2024,615
Kentucky,Black or African American,score_3,2020,447
Kentucky,Black or African American,score_3,2015,446
Kentucky,Black or African American,score_2,2025,908
Kentucky,Black or African American,score_2,2024,739
Kentucky,Black or African American,score_2,2020,558
Kentucky,Black or African American,score_2,2015,748
Kentucky,Black or African American,score_1,2025,552
Kentucky,Black or African American,score_1,2024,858
Kentucky,Black or African American,score_1,2020,568
Kentucky,Black or African American,score_1,2015,1035
Kentucky,Black or African American,total_exams,2025,2746
Kentucky,Black or African American,total_exams,2024,2602
Kentucky,Black or African American,total_exams,2020,1861
Kentucky,Black or African American,total_exams,2015,2454
Kentucky,Black or African American,mean_score,2025,2.5
Kentucky,Black or African American,mean_score,2024,2.24
Kentucky,Black or African American,mean_score,2020,2.29
Kentucky,Black or African American,mean_score,2015,1.97
Kentucky,Native American or Alaska Native,score_5,2025,**
Kentucky,Native American or Alaska Native,score_5,2024,**
Kentucky,Native American or Alaska Native,score_5,2020,19
Kentucky,Native American or Alaska Native,score_5,2015,**
Kentucky,Native American or Alaska Native,score_4,2025,**
Kentucky,Native American or Alaska Native,score_4,2024,**
Kentucky,Native American or Alaska Native,score_4,2020,38
Kentucky,Native American or Alaska Native,score_4,2015,**
Kentucky,Native American or Alaska Native,score_3,2025,**
Kentucky,Native American or Alaska Native,score_3,2024,**
Kentucky,Native American or Alaska Native,score_3,2020,80
Kentucky,Native American or Alaska Native,score_3,2015,**
Kentucky,Native American or Alaska Native,score_2,2025,**
Kentucky,Native American or Alaska Native,score_2,2024,**
Kentucky,Native American or Alaska Native,score_2,2020,103
Kentucky,Native American or Alaska Native,score_2,2015,**
Kentucky,Native American or Alaska Native,score_1,2025,**
Kentucky,Native American or Alaska Native,score_1,2024,**
Kentucky,Native American or Alaska Native,score_1,2020,89
Kentucky,Native American or Alaska Native,score_1,2015,**
Kentucky,Native American or Alaska Native,total_exams,2025,72
Kentucky,Native American or Alaska Native,total_exams,2024,104
Kentucky,Native American or Alaska Native,total_exams,2020,329
Kentucky,Native American or Alaska Native,total_exams,2015,165
Kentucky,Native American or Alaska Native,mean_score,2025,2.5
Kentucky,Native American or Alaska Native,mean_score,2024,2.5
Kentucky,Native American or Alaska Native,mean_score,2020,2.38
Kentucky,Native American or Alaska Native,mean_score,2015,2.22
Kentucky,Native Hawaiian or other Pacific Islander,score_5,2025,**
Kentucky,Native Hawaiian or other Pacific Islander,score_5,2024,**
Kentucky,Native Hawaiian or other Pacific Islander,score_5,2020,**
Kentucky,Native Hawaiian or other Pacific Islander,score_5,2015,85
Kentucky,Native Hawaiian or other Pacific Islander,score_4,2025,**
Kentucky,Native Hawaiian or other Pacific Islander,score_4,2024,**
Kentucky,Native Hawaiian or other Pacific Islander,score_4,2020,**
Kentucky,Native Hawaiian or other Pacific Islander,score_4,2015,151
Kentucky,Native Hawaiian or other Pacific Islander,score_3,2025,**
Kentucky,Native Hawaiian or other Pacific Islander,score_3,2024,**
Kentucky,Native Hawaiian or other Pacific Islander,score_3,2020,**
Kentucky,Native Hawaiian or other Pacific Islander,score_3,2015,287
Kentucky,Native Hawaiian or other Pacific Islander,score_2,2025,**
Kentucky,Native Hawaiian or other Pacific Islander,score_2,2024,**
Kentucky,Native Hawaiian or other Pacific Islander,score_2,2020,**
Kentucky,Native Hawaiian or other Pacific Islander,score_2,2015,314
Kentucky,Native Hawaiian or other Pacific Islander,score_1,2025,**
Kentucky,Native Hawaiian or other Pacific Islander,score_1,2024,**
Kentucky,Native Hawaiian or other Pacific Islander,score_1,2020,**
Kentucky,Native Hawaiian or other Pacific Islander,score_1,2015,319
Kentucky,Native Hawaiian or other Pacific Islander,total_exams,2025,38
Kentucky,Native Hawaiian or other Pacific Islander,total_exams,2024,37
Kentucky,Native Hawaiian or other Pacific Islander,total_exams,2020,24
Kentucky,Native Hawaiian or other Pacific Islander,total_exams,2015,1156
Kentucky,Native Hawaiian or other Pacific Islander,mean_score,2025,2.55
Kentucky,Native Hawaiian or other Pacific Islander,mean_score,2024,2.16
Kentucky,Native Hawaiian or other Pacific Islander,mean_score,2020,2.17
Kentucky,Native Hawaiian or other Pacific Islander,mean_score,2015,2.45
Kentucky,Two or More Races,score_5,2025,227
Kentucky,Two or More Races,score_5,2024,203
Kentucky,Two or More Races,score_5,2020,167
Kentucky,Two or More Races,score_4,2025,537
Kentucky,Two or More Races,score_4,2024,442
Kentucky,Two or More Races,score_4,2020,345
Kentucky,Two or More Races,score_3,2025,704
Kentucky,Two or More Races,score_3,2024,570
Kentucky,Two or More Races,score_3,2020,556
Kentucky,Two or More Races,score_2,2025,515
Kentucky,Two or More Races,score_2,2024,573
Kentucky,Two or More Races,score_2,2020,510
Kentucky,Two or More Races,score_1,2025,229
Kentucky,Two or More Races,score_1,2024,338
Kentucky,Two or More Races,score_1,2020,355
Kentucky,Two or More Races,total_exams,2025,2212
Kentucky,Two or More Races,total_exams,2024,2126
Kentucky,Two or More Races,total_exams,2020,1933
Kentucky,Two or More Races,mean_score,2025,3.01
Kentucky,Two or More Races,mean_score,2024,2.81
Kentucky,Two or More Races,mean_score,2020,2.72
Kentucky,No Response,total_exams,2025,1718
Kentucky,No Response,total_exams,2024,1188
Kentucky,No Response,total_exams,2020,1070
Kentucky,No Response,total_exams,2015,975
Louisiana,Overall,score_5,2025,3273
Louisiana,Overall,score_5,2024,2926
Louisiana,Overall,score_5,2020,1819
Louisiana,Overall,score_5,2015,1188
Louisiana,Overall,score_4,2025,7511
Louisiana,Overall,score_4,2024,6052
Louisiana,Overall,score_4,2020,3566
Louisiana,Overall,score_4,2015,2335
Louisiana,Overall,score_3,2025,8871
Louisiana,Overall,score_3,2024,7458
Louisiana,Overall,score_3,2020,6067
Louisiana,Overall,score_3,2015,4282
Louisiana,Overall,score_2,2025,7248
Louisiana,Overall,score_2,2024,7281
Louisiana,Overall,score_2,2020,6583
Louisiana,Overall,score_2,2015,6526
Louisiana,Overall,score_1,2025,4439
Louisiana,Overall,score_1,2024,8182
Louisiana,Overall,score_1,2020,7323
Louisiana,Overall,score_1,2015,10268
Louisiana,Overall,total_exams,2025,31342
Louisiana,Overall,total_exams,2024,31899
Louisiana,Overall,total_exams,2020,25358
Louisiana,Overall,total_exams,2015,24599
Louisiana,Overall,mean_score,2025,2.93
Louisiana,Overall,mean_score,2024,2.63
Louisiana,Overall,mean_score,2020,2.45
Louisiana,Overall,mean_score,2015,2.09
Louisiana,Asian,score_5,2025,628
Louisiana,Asian,score_5,2024,645
Louisiana,Asian,score_5,2020,402
Louisiana,Asian,score_5,2015,229
Louisiana,Asian,score_4,2025,858
Louisiana,Asian,score_4,2024,765
Louisiana,Asian,score_4,2020,476
Louisiana,Asian,score_4,2015,325
Louisiana,Asian,score_3,2025,755
Louisiana,Asian,score_3,2024,695
Louisiana,Asian,score_3,2020,543
Louisiana,Asian,score_3,2015,385
Louisiana,Asian,score_2,2025,410
Louisiana,Asian,score_2,2024,401
Louisiana,Asian,score_2,2020,404
Louisiana,Asian,score_2,2015,406
Louisiana,Asian,score_1,2025,170
Louisiana,Asian,score_1,2024,218
Louisiana,Asian,score_1,2020,291
Louisiana,Asian,score_1,2015,434
Louisiana,Asian,total_exams,2025,2821
Louisiana,Asian,total_exams,2024,2724
Louisiana,Asian,total_exams,2020,2116
Louisiana,Asian,total_exams,2015,1779
Louisiana,Asian,mean_score,2025,3.48
Louisiana,Asian,mean_score,2024,3.45
Louisiana,Asian,mean_score,2020,3.14
Louisiana,Asian,mean_score,2015,2.72
Louisiana,Hispanic/Latino,score_5,2025,257
Louisiana,Hispanic/Latino,score_5,2024,216
Louisiana,Hispanic/Latino,score_5,2020,124
Louisiana,Hispanic/Latino,score_5,2015,71
Louisiana,Hispanic/Latino,score_4,2025,720
Louisiana,Hispanic/Latino,score_4,2024,543
Louisiana,Hispanic/Latino,score_4,2020,288
Louisiana,Hispanic/Latino,score_4,2015,108
Louisiana,Hispanic/Latino,score_3,2025,957
Louisiana,Hispanic/Latino,score_3,2024,779
Louisiana,Hispanic/Latino,score_3,2020,498
Louisiana,Hispanic/Latino,score_3,2015,211
Louisiana,Hispanic/Latino,score_2,2025,900
Louisiana,Hispanic/Latino,score_2,2024,823
Louisiana,Hispanic/Latino,score_2,2020,569
Louisiana,Hispanic/Latino,score_2,2015,296
Louisiana,Hispanic/Latino,score_1,2025,693
Louisiana,Hispanic/Latino,score_1,2024,1072
Louisiana,Hispanic/Latino,score_1,2020,609
Louisiana,Hispanic/Latino,score_1,2015,514
Louisiana,Hispanic/Latino,total_exams,2025,3527
Louisiana,Hispanic/Latino,total_exams,2024,3433
Louisiana,Hispanic/Latino,total_exams,2020,2088
Louisiana,Hispanic/Latino,total_exams,2015,1200
Louisiana,Hispanic/Latino,mean_score,2025,2.7
Louisiana,Hispanic/Latino,mean_score,2024,2.42
Louisiana,Hispanic/Latino,mean_score,2020,2.4
Louisiana,Hispanic/Latino,mean_score,2015,2.11
Louisiana,White,score_5,2025,1882
Louisiana,White,score_5,2024,1622
Louisiana,White,score_5,2020,1033
Louisiana,White,score_5,2015,729
Louisiana,White,score_4,2025,4460
Louisiana,White,score_4,2024,3620
Louisiana,White,score_4,2020,2183
Louisiana,White,score_4,2015,1546
Louisiana,White,score_3,2025,4955
Louisiana,White,score_3,2024,4298
Louisiana,White,score_3,2020,3717
Louisiana,White,score_3,2015,2885
Louisiana,White,score_2,2025,3415
Louisiana,White,score_2,2024,3764
Louisiana,White,score_2,2020,3843
Louisiana,White,score_2,2015,4080
Louisiana,White,score_1,2025,1451
Louisiana,White,score_1,2024,2651
Louisiana,White,score_1,2020,3531
Louisiana,White,score_1,2015,4966
Louisiana,White,total_exams,2025,16163
Louisiana,White,total_exams,2024,15955
Louisiana,White,total_exams,2020,14307
Louisiana,White,total_exams,2015,14206
Louisiana,White,mean_score,2025,3.12
Louisiana,White,mean_score,2024,2.86
Louisiana,White,mean_score,2020,2.53
Louisiana,White,mean_score,2015,2.23
Louisiana,Black or African American,score_5,2025,232
Louisiana,Black or African American,score_5,2024,230
Louisiana,Black or African American,score_5,2020,106
Louisiana,Black or African American,score_5,2015,95
Louisiana,Black or African American,score_4,2025,893
Louisiana,Black or African American,score_4,2024,660
Louisiana,Black or African American,score_4,2020,342
Louisiana,Black or African American,score_4,2015,239
Louisiana,Black or African American,score_3,2025,1496
Louisiana,Black or African American,score_3,2024,1159
Louisiana,Black or African American,score_3,2020,800
Louisiana,Black or African American,score_3,2015,571
Louisiana,Black or African American,score_2,2025,1915
Louisiana,Black or African American,score_2,2024,1709
Louisiana,Black or African American,score_2,2020,1210
Louisiana,Black or African American,score_2,2015,1290
Louisiana,Black or African American,score_1,2025,1790
Louisiana,Black or African American,score_1,2024,3646
Louisiana,Black or African American,score_1,2020,2137
Louisiana,Black or African American,score_1,2015,3504
Louisiana,Black or African American,total_exams,2025,6326
Louisiana,Black or African American,total_exams,2024,7404
Louisiana,Black or African American,total_exams,2020,4595
Louisiana,Black or African American,total_exams,2015,5699
Louisiana,Black or African American,mean_score,2025,2.35
Louisiana,Black or African American,mean_score,2024,1.94
Louisiana,Black or African American,mean_score,2020,1.93
Louisiana,Black or African American,mean_score,2015,1.62
Louisiana,Native American or Alaska Native,score_5,2025,**
Louisiana,Native American or Alaska Native,score_5,2024,**
Louisiana,Native American or Alaska Native,score_5,2020,**
Louisiana,Native American or Alaska Native,score_5,2015,**
Louisiana,Native American or Alaska Native,score_4,2025,**
Louisiana,Native American or Alaska Native,score_4,2024,**
Louisiana,Native American or Alaska Native,score_4,2020,**
Louisiana,Native American or Alaska Native,score_4,2015,**
Louisiana,Native American or Alaska Native,score_3,2025,**
Louisiana,Native American or Alaska Native,score_3,2024,**
Louisiana,Native American or Alaska Native,score_3,2020,**
Louisiana,Native American or Alaska Native,score_3,2015,**
Louisiana,Native American or Alaska Native,score_2,2025,**
Louisiana,Native American or Alaska Native,score_2,2024,**
Louisiana,Native American or Alaska Native,score_2,2020,**
Louisiana,Native American or Alaska Native,score_2,2015,**
Louisiana,Native American or Alaska Native,score_1,2025,**
Louisiana,Native American or Alaska Native,score_1,2024,**
Louisiana,Native American or Alaska Native,score_1,2020,**
Louisiana,Native American or Alaska Native,score_1,2015,**
Louisiana,Native American or Alaska Native,total_exams,2025,83
Louisiana,Native American or Alaska Native,total_exams,2024,98
Louisiana,Native American or Alaska Native,total_exams,2020,194
Louisiana,Native American or Alaska Native,total_exams,2015,275
Louisiana,Native American or Alaska Native,mean_score,2025,2.66
Louisiana,Native American or Alaska Native,mean_score,2024,2.32
Louisiana,Native American or Alaska Native,mean_score,2020,2.06
Louisiana,Native American or Alaska Native,mean_score,2015,1.62
Louisiana,Native Hawaiian or other Pacific Islander,score_5,2025,**
Louisiana,Native Hawaiian or other Pacific Islander,score_5,2024,**
Louisiana,Native Hawaiian or other Pacific Islander,score_5,2020,**
Louisiana,Native Hawaiian or other Pacific Islander,score_5,2015,33
Louisiana,Native Hawaiian or other Pacific Islander,score_4,2025,**
Louisiana,Native Hawaiian or other Pacific Islander,score_4,2024,**
Louisiana,Native Hawaiian or other Pacific Islander,score_4,2020,**
Louisiana,Native Hawaiian or other Pacific Islander,score_4,2015,60
Louisiana,Native Hawaiian or other Pacific Islander,score_3,2025,**
Louisiana,Native Hawaiian or other Pacific Islander,score_3,2024,**
Louisiana,Native Hawaiian or other Pacific Islander,score_3,2020,**
Louisiana,Native Hawaiian or other Pacific Islander,score_3,2015,94
Louisiana,Native Hawaiian or other Pacific Islander,score_2,2025,**
Louisiana,Native Hawaiian or other Pacific Islander,score_2,2024,**
Louisiana,Native Hawaiian or other Pacific Islander,score_2,2020,**
Louisiana,Native Hawaiian or other Pacific Islander,score_2,2015,116
Louisiana,Native Hawaiian or other Pacific Islander,score_1,2025,**
Louisiana,Native Hawaiian or other Pacific Islander,score_1,2024,**
Louisiana,Native Hawaiian or other Pacific Islander,score_1,2020,**
Louisiana,Native Hawaiian or other Pacific Islander,score_1,2015,256
Louisiana,Native Hawaiian or other Pacific Islander,total_exams,2025,15
Louisiana,Native Hawaiian or other Pacific Islander,total_exams,2024,35
Louisiana,Native Hawaiian or other Pacific Islander,total_exams,2020,24
Louisiana,Native Hawaiian or other Pacific Islander,total_exams,2015,559
Louisiana,Native Hawaiian or other Pacific Islander,mean_score,2025,2.27
Louisiana,Native Hawaiian or other Pacific Islander,mean_score,2024,2.2
Louisiana,Native Hawaiian or other Pacific Islander,mean_score,2020,1.92
Louisiana,Native Hawaiian or other Pacific Islander,mean_score,2015,2.1
Louisiana,Two or More Races,score_5,2025,151
Louisiana,Two or More Races,score_5,2024,132
Louisiana,Two or More Races,score_5,2020,105
Louisiana,Two or More Races,score_4,2025,354
Louisiana,Two or More Races,score_4,2024,322
Louisiana,Two or More Races,score_4,2020,178
Louisiana,Two or More Races,score_3,2025,434
Louisiana,Two or More Races,score_3,2024,342
Louisiana,Two or More Races,score_3,2020,301
Louisiana,Two or More Races,score_2,2025,366
Louisiana,Two or More Races,score_2,2024,371
Louisiana,Two or More Races,score_2,2020,323
Louisiana,Two or More Races,score_1,2025,179
Louisiana,Two or More Races,score_1,2024,308
Louisiana,Two or More Races,score_1,2020,403
Louisiana,Two or More Races,total_exams,2025,1484
Louisiana,Two or More Races,total_exams,2024,1475
Louisiana,Two or More Races,total_exams,2020,1310
Louisiana,Two or More Races,mean_score,2025,2.95
Louisiana,Two or More Races,mean_score,2024,2.73
Louisiana,Two or More Races,mean_score,2020,2.43
Louisiana,No Response,total_exams,2025,923
Louisiana,No Response,total_exams,2024,775
Louisiana,No Response,total_exams,2020,724
Louisiana,No Response,total_exams,2015,881
Maine,Overall,score_5,2025,2058
Maine,Overall,score_5,2024,1541
Maine,Overall,score_5,2020,1363
Maine,Overall,score_5,2015,1285
Maine,Overall,score_4,2025,3865
Maine,Overall,score_4,2024,3257
Maine,Overall,score_4,2020,2375
Maine,Overall,score_4,2015,2209
Maine,Overall,score_3,2025,3780
Maine,Overall,score_3,2024,3418
Maine,Overall,score_3,2020,3384
Maine,Overall,score_3,2015,3489
Maine,Overall,score_2,2025,2209
Maine,Overall,score_2,2024,2596
Maine,Overall,score_2,2020,2469
Maine,Overall,score_2,2015,2920
Maine,Overall,score_1,2025,861
Maine,Overall,score_1,2024,1153
Maine,Overall,score_1,2020,1221
Maine,Overall,score_1,2015,1563
Maine,Overall,total_exams,2025,12773
Maine,Overall,total_exams,2024,11965
Maine,Overall,total_exams,2020,10812
Maine,Overall,total_exams,2015,11466
Maine,Overall,mean_score,2025,3.32
Maine,Overall,mean_score,2024,3.1201002925198495
Maine,Overall,mean_score,2020,2.9299237326155225
Maine,Overall,mean_score,2015,2.7678520080513755
Maine,Asian,score_5,2025,**
Maine,Asian,score_5,2024,**
Maine,Asian,score_5,2020,**
Maine,Asian,score_5,2015,**
Maine,Asian,score_4,2025,**
Maine,Asian,score_4,2024,**
Maine,Asian,score_4,2020,**
Maine,Asian,score_4,2015,**
Maine,Asian,score_3,2025,**
Maine,Asian,score_3,2024,**
Maine,Asian,score_3,2020,**
Maine,Asian,score_3,2015,**
Maine,Asian,score_2,2025,**
Maine,Asian,score_2,2024,**
Maine,Asian,score_2,2020,**
Maine,Asian,score_2,2015,**
Maine,Asian,score_1,2025,**
Maine,Asian,score_1,2024,**
Maine,Asian,score_1,2020,**
Maine,Asian,score_1,2015,**
Maine,Asian,total_exams,2025,115
Maine,Asian,total_exams,2024,107
Maine,Asian,total_exams,2020,76
Maine,Asian,total_exams,2015,62
Maine,Asian,mean_score,2025,827
Maine,Asian,mean_score,2024,733
Maine,Asian,mean_score,2020,746
Maine,Asian,mean_score,2015,451
Maine,Hispanic/Latino,score_5,2025,**
Maine,Hispanic/Latino,score_5,2024,**
Maine,Hispanic/Latino,score_5,2020,**
Maine,Hispanic/Latino,score_5,2015,**
Maine,Hispanic/Latino,score_4,2025,**
Maine,Hispanic/Latino,score_4,2024,**
Maine,Hispanic/Latino,score_4,2020,**
Maine,Hispanic/Latino,score_4,2015,**
Maine,Hispanic/Latino,score_3,2025,**
Maine,Hispanic/Latino,score_3,2024,**
Maine,Hispanic/Latino,score_3,2020,**
Maine,Hispanic/Latino,score_3,2015,**
Maine,Hispanic/Latino,score_2,2025,**
Maine,Hispanic/Latino,score_2,2024,**
Maine,Hispanic/Latino,score_2,2020,**
Maine,Hispanic/Latino,score_2,2015,**
Maine,Hispanic/Latino,score_1,2025,**
Maine,Hispanic/Latino,score_1,2024,**
Maine,Hispanic/Latino,score_1,2020,**
Maine,Hispanic/Latino,score_1,2015,**
Maine,Hispanic/Latino,total_exams,2025,33
Maine,Hispanic/Latino,total_exams,2024,49
Maine,Hispanic/Latino,total_exams,2020,38
Maine,Hispanic/Latino,total_exams,2015,26
Maine,Hispanic/Latino,mean_score,2025,413
Maine,Hispanic/Latino,mean_score,2024,451
Maine,Hispanic/Latino,mean_score,2020,327
Maine,Hispanic/Latino,mean_score,2015,158
Maine,White,score_5,2025,**
Maine,White,score_5,2024,**
Maine,White,score_5,2020,**
Maine,White,score_5,2015,**
Maine,White,score_4,2025,**
Maine,White,score_4,2024,**
Maine,White,score_4,2020,**
Maine,White,score_4,2015,**
Maine,White,score_3,2025,**
Maine,White,score_3,2024,**
Maine,White,score_3,2020,**
Maine,White,score_3,2015,**
Maine,White,score_2,2025,**
Maine,White,score_2,2024,**
Maine,White,score_2,2020,**
Maine,White,score_2,2015,**
Maine,White,score_1,2025,**
Maine,White,score_1,2024,**
Maine,White,score_1,2020,**
Maine,White,score_1,2015,**
Maine,White,total_exams,2025,582
Maine,White,total_exams,2024,802
Maine,White,total_exams,2020,964
Maine,White,total_exams,2015,1375
Maine,White,mean_score,2025,9907
Maine,White,mean_score,2024,9410
Maine,White,mean_score,2020,8775
Maine,White,mean_score,2015,10321
Maine,Black or African American,score_5,2025,**
Maine,Black or African American,score_5,2024,**
Maine,Black or African American,score_5,2020,**
Maine,Black or African American,score_5,2015,**
Maine,Black or African American,score_4,2025,**
Maine,Black or African American,score_4,2024,**
Maine,Black or African American,score_4,2020,**
Maine,Black or African American,score_4,2015,**
Maine,Black or African American,score_3,2025,**
Maine,Black or African American,score_3,2024,**
Maine,Black or African American,score_3,2020,**
Maine,Black or African American,score_3,2015,**
Maine,Black or African American,score_2,2025,**
Maine,Black or African American,score_2,2024,**
Maine,Black or African American,score_2,2020,**
Maine,Black or African American,score_2,2015,**
Maine,Black or African American,score_1,2025,**
Maine,Black or African American,score_1,2024,**
Maine,Black or African American,score_1,2020,**
Maine,Black or African American,score_1,2015,**
Maine,Black or African American,total_exams,2025,50
Maine,Black or African American,total_exams,2024,94
Maine,Black or African American,total_exams,2020,34
Maine,Black or African American,total_exams,2015,35
Maine,Black or African American,mean_score,2025,348
Maine,Black or African American,mean_score,2024,301
Maine,Black or African American,mean_score,2020,146
Maine,Black or African American,mean_score,2015,148
Maine,Native American or Alaska Native,score_5,2025,**
Maine,Native American or Alaska Native,score_5,2024,**
Maine,Native American or Alaska Native,score_5,2020,**
Maine,Native American or Alaska Native,score_5,2015,**
Maine,Native American or Alaska Native,score_4,2025,**
Maine,Native American or Alaska Native,score_4,2024,**
Maine,Native American or Alaska Native,score_4,2020,**
Maine,Native American or Alaska Native,score_4,2015,**
Maine,Native American or Alaska Native,score_3,2025,**
Maine,Native American or Alaska Native,score_3,2024,**
Maine,Native American or Alaska Native,score_3,2020,**
Maine,Native American or Alaska Native,score_3,2015,**
Maine,Native American or Alaska Native,score_2,2025,**
Maine,Native American or Alaska Native,score_2,2024,**
Maine,Native American or Alaska Native,score_2,2020,**
Maine,Native American or Alaska Native,score_2,2015,**
Maine,Native American or Alaska Native,score_1,2025,**
Maine,Native American or Alaska Native,score_1,2024,**
Maine,Native American or Alaska Native,score_1,2020,**
Maine,Native American or Alaska Native,score_1,2015,**
Maine,Native American or Alaska Native,total_exams,2025,**
Maine,Native American or Alaska Native,total_exams,2024,**
Maine,Native American or Alaska Native,total_exams,2020,10
Maine,Native American or Alaska Native,total_exams,2015,14
Maine,Native American or Alaska Native,mean_score,2025,**
Maine,Native American or Alaska Native,mean_score,2024,**
Maine,Native American or Alaska Native,mean_score,2020,54
Maine,Native American or Alaska Native,mean_score,2015,56
Maine,Native Hawaiian or other Pacific Islander,score_5,2025,**
Maine,Native Hawaiian or other Pacific Islander,score_5,2024,**
Maine,Native Hawaiian or other Pacific Islander,score_5,2020,**
Maine,Native Hawaiian or other Pacific Islander,score_5,2015,**
Maine,Native Hawaiian or other Pacific Islander,score_4,2025,**
Maine,Native Hawaiian or other Pacific Islander,score_4,2024,**
Maine,Native Hawaiian or other Pacific Islander,score_4,2020,**
Maine,Native Hawaiian or other Pacific Islander,score_4,2015,**
Maine,Native Hawaiian or other Pacific Islander,score_3,2025,**
Maine,Native Hawaiian or other Pacific Islander,score_3,2024,**
Maine,Native Hawaiian or other Pacific Islander,score_3,2020,**
Maine,Native Hawaiian or other Pacific Islander,score_3,2015,**
Maine,Native Hawaiian or other Pacific Islander,score_2,2025,**
Maine,Native Hawaiian or other Pacific Islander,score_2,2024,**
Maine,Native Hawaiian or other Pacific Islander,score_2,2020,**
Maine,Native Hawaiian or other Pacific Islander,score_2,2015,**
Maine,Native Hawaiian or other Pacific Islander,score_1,2025,**
Maine,Native Hawaiian or other Pacific Islander,score_1,2024,**
Maine,Native Hawaiian or other Pacific Islander,score_1,2020,**
Maine,Native Hawaiian or other Pacific Islander,score_1,2015,**
Maine,Native Hawaiian or other Pacific Islander,total_exams,2025,**
Maine,Native Hawaiian or other Pacific Islander,total_exams,2024,**
Maine,Native Hawaiian or other Pacific Islander,total_exams,2015,19
Maine,Native Hawaiian or other Pacific Islander,mean_score,2025,**
Maine,Native Hawaiian or other Pacific Islander,mean_score,2024,**
Maine,Native Hawaiian or other Pacific Islander,mean_score,2020,6
Maine,Native Hawaiian or other Pacific Islander,mean_score,2015,150
Maine,Two or More Races,score_5,2025,**
Maine,Two or More Races,score_5,2024,**
Maine,Two or More Races,score_5,2020,**
Maine,Two or More Races,score_5,2015,**
Maine,Two or More Races,score_4,2025,**
Maine,Two or More Races,score_4,2024,**
Maine,Two or More Races,score_4,2020,**
Maine,Two or More Races,score_4,2015,**
Maine,Two or More Races,score_3,2025,**
Maine,Two or More Races,score_3,2024,**
Maine,Two or More Races,score_3,2020,**
Maine,Two or More Races,score_3,2015,**
Maine,Two or More Races,score_2,2025,**
Maine,Two or More Races,score_2,2024,**
Maine,Two or More Races,score_2,2020,**
Maine,Two or More Races,score_2,2015,**
Maine,Two or More Races,score_1,2025,**
Maine,Two or More Races,score_1,2024,**
Maine,Two or More Races,score_1,2020,**
Maine,Two or More Races,score_1,2015,**
Maine,Two or More Races,total_exams,2025,39
Maine,Two or More Races,total_exams,2024,37
Maine,Two or More Races,total_exams,2020,39
Maine,Two or More Races,mean_score,2025,551
Maine,Two or More Races,mean_score,2024,478
Maine,Two or More Races,mean_score,2020,346
Maine,No Response,total_exams,2025,680
Maine,No Response,total_exams,2024,553
Maine,No Response,total_exams,2020,412
Maine,No Response,total_exams,2015,182
Maryland,Overall,score_5,2025,25168
Maryland,Overall,score_5,2024,22200
Maryland,Overall,score_5,2020,19277
Maryland,Overall,score_5,2015,16688
Maryland,Overall,score_4,2025,36710
Maryland,Overall,score_4,2024,30619
Maryland,Overall,score_4,2020,24481
Maryland,Overall,score_4,2015,22251
Maryland,Overall,score_3,2025,35049
Maryland,Overall,score_3,2024,28671
Maryland,Overall,score_3,2020,27754
Maryland,Overall,score_3,2015,26986
Maryland,Overall,score_2,2025,25707
Maryland,Overall,score_2,2024,24400
Maryland,Overall,score_2,2020,19590
Maryland,Overall,score_2,2015,22442
Maryland,Overall,score_1,2025,15494
Maryland,Overall,score_1,2024,16649
Maryland,Overall,score_1,2020,11898
Maryland,Overall,score_1,2015,19415
Maryland,Overall,total_exams,2025,138128
Maryland,Overall,total_exams,2024,122539
Maryland,Overall,total_exams,2020,103000
Maryland,Overall,total_exams,2015,107782
Maryland,Overall,mean_score,2025,3.22
Maryland,Overall,mean_score,2024,3.14
Maryland,Overall,mean_score,2020,3.19
Maryland,Overall,mean_score,2015,2.95
Maryland,Asian,score_5,2025,7699
Maryland,Asian,score_5,2024,7131
Maryland,Asian,score_5,2020,5320
Maryland,Asian,score_5,2015,4273
Maryland,Asian,score_4,2025,8147
Maryland,Asian,score_4,2024,7066
Maryland,Asian,score_4,2020,5296
Maryland,Asian,score_4,2015,4303
Maryland,Asian,score_3,2025,6013
Maryland,Asian,score_3,2024,5136
Maryland,Asian,score_3,2020,4814
Maryland,Asian,score_3,2015,4362
Maryland,Asian,score_2,2025,3389
Maryland,Asian,score_2,2024,3342
Maryland,Asian,score_2,2020,2768
Maryland,Asian,score_2,2015,2837
Maryland,Asian,score_1,2025,1529
Maryland,Asian,score_1,2024,1691
Maryland,Asian,score_1,2020,1285
Maryland,Asian,score_1,2015,1977
Maryland,Asian,total_exams,2025,26777
Maryland,Asian,total_exams,2024,24366
Maryland,Asian,total_exams,2020,19483
Maryland,Asian,total_exams,2015,17752
Maryland,Asian,mean_score,2025,3.64
Maryland,Asian,mean_score,2024,3.6
Maryland,Asian,mean_score,2020,3.54
Maryland,Asian,mean_score,2015,3.34
Maryland,Hispanic/Latino,score_5,2025,2025
Maryland,Hispanic/Latino,score_5,2024,1803
Maryland,Hispanic/Latino,score_5,2020,1427
Maryland,Hispanic/Latino,score_5,2015,931
Maryland,Hispanic/Latino,score_4,2025,3953
Maryland,Hispanic/Latino,score_4,2024,3284
Maryland,Hispanic/Latino,score_4,2020,2038
Maryland,Hispanic/Latino,score_4,2015,1449
Maryland,Hispanic/Latino,score_3,2025,4717
Maryland,Hispanic/Latino,score_3,2024,3868
Maryland,Hispanic/Latino,score_3,2020,2770
Maryland,Hispanic/Latino,score_3,2015,1860
Maryland,Hispanic/Latino,score_2,2025,4567
Maryland,Hispanic/Latino,score_2,2024,4111
Maryland,Hispanic/Latino,score_2,2020,2285
Maryland,Hispanic/Latino,score_2,2015,1949
Maryland,Hispanic/Latino,score_1,2025,3324
Maryland,Hispanic/Latino,score_1,2024,3295
Maryland,Hispanic/Latino,score_1,2020,1660
Maryland,Hispanic/Latino,score_1,2015,1982
Maryland,Hispanic/Latino,total_exams,2025,18586
Maryland,Hispanic/Latino,total_exams,2024,16361
Maryland,Hispanic/Latino,total_exams,2020,10180
Maryland,Hispanic/Latino,total_exams,2015,8171
Maryland,Hispanic/Latino,mean_score,2025,2.83
Maryland,Hispanic/Latino,mean_score,2024,2.77
Maryland,Hispanic/Latino,mean_score,2020,2.93
Maryland,Hispanic/Latino,mean_score,2015,2.68
Maryland,White,score_5,2025,10579
Maryland,White,score_5,2024,9609
Maryland,White,score_5,2020,9342
Maryland,White,score_5,2015,9738
Maryland,White,score_4,2025,16260
Maryland,White,score_4,2024,14008
Maryland,White,score_4,2020,12515
Maryland,White,score_4,2015,13423
Maryland,White,score_3,2025,14372
Maryland,White,score_3,2024,12383
Maryland,White,score_3,2020,13882
Maryland,White,score_3,2015,15646
Maryland,White,score_2,2025,8589
Maryland,White,score_2,2024,8914
Maryland,White,score_2,2020,9030
Maryland,White,score_2,2015,11492
Maryland,White,score_1,2025,3419
Maryland,White,score_1,2024,4003
Maryland,White,score_1,2020,4451
Maryland,White,score_1,2015,7008
Maryland,White,total_exams,2025,53219
Maryland,White,total_exams,2024,48917
Maryland,White,total_exams,2020,49220
Maryland,White,total_exams,2015,57307
Maryland,White,mean_score,2025,3.41
Maryland,White,mean_score,2024,3.33
Maryland,White,mean_score,2020,3.27
Maryland,White,mean_score,2015,3.13
Maryland,Black or African American,score_5,2025,1776
Maryland,Black or African American,score_5,2024,1273
Maryland,Black or African American,score_5,2020,1013
Maryland,Black or African American,score_5,2015,722
Maryland,Black or African American,score_4,2025,4491
Maryland,Black or African American,score_4,2024,3278
Maryland,Black or African American,score_4,2020,1963
Maryland,Black or African American,score_4,2015,1831
Maryland,Black or African American,score_3,2025,6676
Maryland,Black or African American,score_3,2024,4752
Maryland,Black or African American,score_3,2020,3492
Maryland,Black or African American,score_3,2015,3401
Maryland,Black or African American,score_2,2025,6924
Maryland,Black or African American,score_2,2024,6110
Maryland,Black or African American,score_2,2020,3594
Maryland,Black or African American,score_2,2015,4659
Maryland,Black or African American,score_1,2025,5995
Maryland,Black or African American,score_1,2024,6429
Maryland,Black or African American,score_1,2020,3280
Maryland,Black or African American,score_1,2015,6798
Maryland,Black or African American,total_exams,2025,25862
Maryland,Black or African American,total_exams,2024,21842
Maryland,Black or African American,total_exams,2020,13342
Maryland,Black or African American,total_exams,2015,17411
Maryland,Black or African American,mean_score,2025,2.58
Maryland,Black or African American,mean_score,2024,2.4
Maryland,Black or African American,mean_score,2020,2.54
Maryland,Black or African American,mean_score,2015,2.14
Maryland,Native American or Alaska Native,score_5,2025,15
Maryland,Native American or Alaska Native,score_5,2024,14
Maryland,Native American or Alaska Native,score_5,2020,41
Maryland,Native American or Alaska Native,score_5,2015,24
Maryland,Native American or Alaska Native,score_4,2025,37
Maryland,Native American or Alaska Native,score_4,2024,33
Maryland,Native American or Alaska Native,score_4,2020,74
Maryland,Native American or Alaska Native,score_4,2015,55
Maryland,Native American or Alaska Native,score_3,2025,59
Maryland,Native American or Alaska Native,score_3,2024,55
Maryland,Native American or Alaska Native,score_3,2020,98
Maryland,Native American or Alaska Native,score_3,2015,106
Maryland,Native American or Alaska Native,score_2,2025,48
Maryland,Native American or Alaska Native,score_2,2024,77
Maryland,Native American or Alaska Native,score_2,2020,124
Maryland,Native American or Alaska Native,score_2,2015,101
Maryland,Native American or Alaska Native,score_1,2025,36
Maryland,Native American or Alaska Native,score_1,2024,56
Maryland,Native American or Alaska Native,score_1,2020,95
Maryland,Native American or Alaska Native,score_1,2015,89
Maryland,Native American or Alaska Native,total_exams,2025,195
Maryland,Native American or Alaska Native,total_exams,2024,235
Maryland,Native American or Alaska Native,total_exams,2020,432
Maryland,Native American or Alaska Native,total_exams,2015,375
Maryland,Native American or Alaska Native,mean_score,2025,2.73
Maryland,Native American or Alaska Native,mean_score,2024,2.46
Maryland,Native American or Alaska Native,mean_score,2020,2.63
Maryland,Native American or Alaska Native,mean_score,2015,2.53
Maryland,Native Hawaiian or other Pacific Islander,score_5,2025,**
Maryland,Native Hawaiian or other Pacific Islander,score_5,2024,**
Maryland,Native Hawaiian or other Pacific Islander,score_5,2020,14
Maryland,Native Hawaiian or other Pacific Islander,score_5,2015,712
Maryland,Native Hawaiian or other Pacific Islander,score_4,2025,**
Maryland,Native Hawaiian or other Pacific Islander,score_4,2024,**
Maryland,Native Hawaiian or other Pacific Islander,score_4,2020,26
Maryland,Native Hawaiian or other Pacific Islander,score_4,2015,847
Maryland,Native Hawaiian or other Pacific Islander,score_3,2025,**
Maryland,Native Hawaiian or other Pacific Islander,score_3,2024,**
Maryland,Native Hawaiian or other Pacific Islander,score_3,2020,51
Maryland,Native Hawaiian or other Pacific Islander,score_3,2015,1018
Maryland,Native Hawaiian or other Pacific Islander,score_2,2025,**
Maryland,Native Hawaiian or other Pacific Islander,score_2,2024,**
Maryland,Native Hawaiian or other Pacific Islander,score_2,2020,33
Maryland,Native Hawaiian or other Pacific Islander,score_2,2015,824
Maryland,Native Hawaiian or other Pacific Islander,score_1,2025,**
Maryland,Native Hawaiian or other Pacific Islander,score_1,2024,**
Maryland,Native Hawaiian or other Pacific Islander,score_1,2020,22
Maryland,Native Hawaiian or other Pacific Islander,score_1,2015,751
Maryland,Native Hawaiian or other Pacific Islander,total_exams,2025,103
Maryland,Native Hawaiian or other Pacific Islander,total_exams,2024,61
Maryland,Native Hawaiian or other Pacific Islander,total_exams,2020,146
Maryland,Native Hawaiian or other Pacific Islander,total_exams,2015,4152
Maryland,Native Hawaiian or other Pacific Islander,mean_score,2025,2.95
Maryland,Native Hawaiian or other Pacific Islander,mean_score,2024,3.11
Maryland,Native Hawaiian or other Pacific Islander,mean_score,2020,2.84
Maryland,Native Hawaiian or other Pacific Islander,mean_score,2015,2.99
Maryland,Two or More Races,score_5,2025,1725
Maryland,Two or More Races,score_5,2024,1441
Maryland,Two or More Races,score_5,2020,1061
Maryland,Two or More Races,score_4,2025,2423
Maryland,Two or More Races,score_4,2024,2011
Maryland,Two or More Races,score_4,2020,1453
Maryland,Two or More Races,score_3,2025,2115
Maryland,Two or More Races,score_3,2024,1693
Maryland,Two or More Races,score_3,2020,1623
Maryland,Two or More Races,score_2,2025,1433
Maryland,Two or More Races,score_2,2024,1240
Maryland,Two or More Races,score_2,2020,1115
Maryland,Two or More Races,score_1,2025,749
Maryland,Two or More Races,score_1,2024,778
Maryland,Two or More Races,score_1,2020,640
Maryland,Two or More Races,total_exams,2025,8445
Maryland,Two or More Races,total_exams,2024,7163
Maryland,Two or More Races,total_exams,2020,5892
Maryland,Two or More Races,mean_score,2025,3.35
Maryland,Two or More Races,mean_score,2024,3.29
Maryland,Two or More Races,mean_score,2020,3.2
Maryland,No Response,total_exams,2025,4941
Maryland,No Response,total_exams,2024,3594
Maryland,No Response,total_exams,2020,4305
Maryland,No Response,total_exams,2015,2614
Massachusetts,Overall,score_5,2025,28596
Massachusetts,Overall,score_5,2024,24367
Massachusetts,Overall,score_5,2020,19554
Massachusetts,Overall,score_5,2015,15523
Massachusetts,Overall,score_4,2025,37612
Massachusetts,Overall,score_4,2024,32621
Massachusetts,Overall,score_4,2020,23651
Massachusetts,Overall,score_4,2015,20075
Massachusetts,Overall,score_3,2025,32900
Massachusetts,Overall,score_3,2024,29286
Massachusetts,Overall,score_3,2020,25157
Massachusetts,Overall,score_3,2015,22260
Massachusetts,Overall,score_2,2025,20467
Massachusetts,Overall,score_2,2024,21700
Massachusetts,Overall,score_2,2020,17220
Massachusetts,Overall,score_2,2015,16729
Massachusetts,Overall,score_1,2025,11387
Massachusetts,Overall,score_1,2024,14834
Massachusetts,Overall,score_1,2020,9783
Massachusetts,Overall,score_1,2015,12848
Massachusetts,Overall,total_exams,2025,130962
Massachusetts,Overall,total_exams,2024,122808
Massachusetts,Overall,total_exams,2020,95365
Massachusetts,Overall,total_exams,2015,87435
Massachusetts,Overall,mean_score,2025,3.39
Massachusetts,Overall,mean_score,2024,3.244177903719627
Massachusetts,Overall,mean_score,2020,3.1065149390572753
Massachusetts,Overall,mean_score,2015,2.9515955539619934
Massachusetts,Asian,score_5,2025,7395
Massachusetts,Asian,score_5,2024,6415
Massachusetts,Asian,score_5,2020,4422
Massachusetts,Asian,score_5,2015,3246
Massachusetts,Asian,score_4,2025,7229
Massachusetts,Asian,score_4,2024,6073
Massachusetts,Asian,score_4,2020,3728
Massachusetts,Asian,score_4,2015,2887
Massachusetts,Asian,score_3,2025,4580
Massachusetts,Asian,score_3,2024,4192
Massachusetts,Asian,score_3,2020,3177
Massachusetts,Asian,score_3,2015,2531
Massachusetts,Asian,score_2,2025,2320
Massachusetts,Asian,score_2,2024,2505
Massachusetts,Asian,score_2,2020,1818
Massachusetts,Asian,score_2,2015,1695
Massachusetts,Asian,score_1,2025,1071
Massachusetts,Asian,score_1,2024,1382
Massachusetts,Asian,score_1,2020,921
Massachusetts,Asian,score_1,2015,1321
Massachusetts,Asian,total_exams,2025,22595
Massachusetts,Asian,total_exams,2024,20567
Massachusetts,Asian,total_exams,2020,14066
Massachusetts,Asian,total_exams,2015,11680
Massachusetts,Asian,mean_score,2025,3.78
Massachusetts,Asian,mean_score,2024,3.66
Massachusetts,Asian,mean_score,2020,3.63
Massachusetts,Asian,mean_score,2015,3.43
Massachusetts,Hispanic/Latino,score_5,2025,2095
Massachusetts,Hispanic/Latino,score_5,2024,1561
Massachusetts,Hispanic/Latino,score_5,2020,1347
Massachusetts,Hispanic/Latino,score_5,2015,604
Massachusetts,Hispanic/Latino,score_4,2025,4075
Massachusetts,Hispanic/Latino,score_4,2024,2996
Massachusetts,Hispanic/Latino,score_4,2020,1868
Massachusetts,Hispanic/Latino,score_4,2015,942
Massachusetts,Hispanic/Latino,score_3,2025,5010
Massachusetts,Hispanic/Latino,score_3,2024,3990
Massachusetts,Hispanic/Latino,score_3,2020,2531
Massachusetts,Hispanic/Latino,score_3,2015,1292
Massachusetts,Hispanic/Latino,score_2,2025,4407
Massachusetts,Hispanic/Latino,score_2,2024,4209
Massachusetts,Hispanic/Latino,score_2,2020,2375
Massachusetts,Hispanic/Latino,score_2,2015,1591
Massachusetts,Hispanic/Latino,score_1,2025,3443
Massachusetts,Hispanic/Latino,score_1,2024,4234
Massachusetts,Hispanic/Latino,score_1,2020,2082
Massachusetts,Hispanic/Latino,score_1,2015,2003
Massachusetts,Hispanic/Latino,total_exams,2025,19030
Massachusetts,Hispanic/Latino,total_exams,2024,16990
Massachusetts,Hispanic/Latino,total_exams,2020,10203
Massachusetts,Hispanic/Latino,total_exams,2015,6432
Massachusetts,Hispanic/Latino,mean_score,2025,2.84
Massachusetts,Hispanic/Latino,mean_score,2024,2.61
Massachusetts,Hispanic/Latino,mean_score,2020,2.81
Massachusetts,Hispanic/Latino,mean_score,2015,2.46
Massachusetts,White,score_5,2025,15137
Massachusetts,White,score_5,2024,13244
Massachusetts,White,score_5,2020,11724
Massachusetts,White,score_5,2015,10785
Massachusetts,White,score_4,2025,21223
Massachusetts,White,score_4,2024,19438
Massachusetts,White,score_4,2020,15508
Massachusetts,White,score_4,2015,14884
Massachusetts,White,score_3,2025,18296
Massachusetts,White,score_3,2024,17064
Massachusetts,White,score_3,2020,16451
Massachusetts,White,score_3,2015,16505
Massachusetts,White,score_2,2025,10023
Massachusetts,White,score_2,2024,11329
Massachusetts,White,score_2,2020,10520
Massachusetts,White,score_2,2015,11288
Massachusetts,White,score_1,2025,4208
Massachusetts,White,score_1,2024,5822
Massachusetts,White,score_1,2020,4774
Massachusetts,White,score_1,2015,6967
Massachusetts,White,total_exams,2025,68887
Massachusetts,White,total_exams,2024,66897
Massachusetts,White,total_exams,2020,58977
Massachusetts,White,total_exams,2015,60429
Massachusetts,White,mean_score,2025,3.48
Massachusetts,White,mean_score,2024,3.34
Massachusetts,White,mean_score,2020,3.32
Massachusetts,White,mean_score,2015,3.19
Massachusetts,Black or African American,score_5,2025,502
Massachusetts,Black or African American,score_5,2024,403
Massachusetts,Black or African American,score_5,2020,291
Massachusetts,Black or African American,score_5,2015,164
Massachusetts,Black or African American,score_4,2025,1455
Massachusetts,Black or African American,score_4,2024,1092
Massachusetts,Black or African American,score_4,2020,678
Massachusetts,Black or African American,score_4,2015,447
Massachusetts,Black or African American,score_3,2025,2238
Massachusetts,Black or African American,score_3,2024,1714
Massachusetts,Black or African American,score_3,2020,1161
Massachusetts,Black or African American,score_3,2015,895
Massachusetts,Black or African American,score_2,2025,2092
Massachusetts,Black or African American,score_2,2024,1956
Massachusetts,Black or African American,score_2,2020,1290
Massachusetts,Black or African American,score_2,2015,1169
Massachusetts,Black or African American,score_1,2025,1714
Massachusetts,Black or African American,score_1,2024,2208
Massachusetts,Black or African American,score_1,2020,1321
Massachusetts,Black or African American,score_1,2015,1562
Massachusetts,Black or African American,total_exams,2025,8001
Massachusetts,Black or African American,total_exams,2024,7373
Massachusetts,Black or African American,total_exams,2020,4741
Massachusetts,Black or African American,total_exams,2015,4237
Massachusetts,Black or African American,mean_score,2025,2.62
Massachusetts,Black or African American,mean_score,2024,2.39
Massachusetts,Black or African American,mean_score,2020,2.44
Massachusetts,Black or African American,mean_score,2015,2.17
Massachusetts,Native American or Alaska Native,score_5,2025,10
Massachusetts,Native American or Alaska Native,score_5,2024,14
Massachusetts,Native American or Alaska Native,score_5,2020,26
Massachusetts,Native American or Alaska Native,score_5,2015,**
Massachusetts,Native American or Alaska Native,score_4,2025,17
Massachusetts,Native American or Alaska Native,score_4,2024,34
Massachusetts,Native American or Alaska Native,score_4,2020,41
Massachusetts,Native American or Alaska Native,score_4,2015,**
Massachusetts,Native American or Alaska Native,score_3,2025,25
Massachusetts,Native American or Alaska Native,score_3,2024,35
Massachusetts,Native American or Alaska Native,score_3,2020,72
Massachusetts,Native American or Alaska Native,score_3,2015,**
Massachusetts,Native American or Alaska Native,score_2,2025,28
Massachusetts,Native American or Alaska Native,score_2,2024,47
Massachusetts,Native American or Alaska Native,score_2,2020,67
Massachusetts,Native American or Alaska Native,score_2,2015,**
Massachusetts,Native American or Alaska Native,score_1,2025,28
Massachusetts,Native American or Alaska Native,score_1,2024,62
Massachusetts,Native American or Alaska Native,score_1,2020,41
Massachusetts,Native American or Alaska Native,score_1,2015,**
Massachusetts,Native American or Alaska Native,total_exams,2025,108
Massachusetts,Native American or Alaska Native,total_exams,2024,192
Massachusetts,Native American or Alaska Native,total_exams,2020,247
Massachusetts,Native American or Alaska Native,total_exams,2015,163
Massachusetts,Native American or Alaska Native,mean_score,2025,2.56
Massachusetts,Native American or Alaska Native,mean_score,2024,2.43
Massachusetts,Native American or Alaska Native,mean_score,2020,2.77
Massachusetts,Native American or Alaska Native,mean_score,2015,2.51
Massachusetts,Native Hawaiian or other Pacific Islander,score_5,2025,**
Massachusetts,Native Hawaiian or other Pacific Islander,score_5,2024,**
Massachusetts,Native Hawaiian or other Pacific Islander,score_5,2020,**
Massachusetts,Native Hawaiian or other Pacific Islander,score_5,2015,492
Massachusetts,Native Hawaiian or other Pacific Islander,score_4,2025,**
Massachusetts,Native Hawaiian or other Pacific Islander,score_4,2024,**
Massachusetts,Native Hawaiian or other Pacific Islander,score_4,2020,**
Massachusetts,Native Hawaiian or other Pacific Islander,score_4,2015,579
Massachusetts,Native Hawaiian or other Pacific Islander,score_3,2025,**
Massachusetts,Native Hawaiian or other Pacific Islander,score_3,2024,**
Massachusetts,Native Hawaiian or other Pacific Islander,score_3,2020,**
Massachusetts,Native Hawaiian or other Pacific Islander,score_3,2015,617
Massachusetts,Native Hawaiian or other Pacific Islander,score_2,2025,**
Massachusetts,Native Hawaiian or other Pacific Islander,score_2,2024,**
Massachusetts,Native Hawaiian or other Pacific Islander,score_2,2020,**
Massachusetts,Native Hawaiian or other Pacific Islander,score_2,2015,529
Massachusetts,Native Hawaiian or other Pacific Islander,score_1,2025,**
Massachusetts,Native Hawaiian or other Pacific Islander,score_1,2024,**
Massachusetts,Native Hawaiian or other Pacific Islander,score_1,2020,**
Massachusetts,Native Hawaiian or other Pacific Islander,score_1,2015,490
Massachusetts,Native Hawaiian or other Pacific Islander,total_exams,2025,32
Massachusetts,Native Hawaiian or other Pacific Islander,total_exams,2024,29
Massachusetts,Native Hawaiian or other Pacific Islander,total_exams,2020,45
Massachusetts,Native Hawaiian or other Pacific Islander,total_exams,2015,2707
Massachusetts,Native Hawaiian or other Pacific Islander,mean_score,2025,2.97
Massachusetts,Native Hawaiian or other Pacific Islander,mean_score,2024,3.03
Massachusetts,Native Hawaiian or other Pacific Islander,mean_score,2020,2.76
Massachusetts,Native Hawaiian or other Pacific Islander,mean_score,2015,3.02
Massachusetts,Two or More Races,score_5,2025,1707
Massachusetts,Two or More Races,score_5,2024,1482
Massachusetts,Two or More Races,score_5,2020,924
Massachusetts,Two or More Races,score_4,2025,1815
Massachusetts,Two or More Races,score_4,2024,1617
Massachusetts,Two or More Races,score_4,2020,1052
Massachusetts,Two or More Races,score_3,2025,1389
Massachusetts,Two or More Races,score_3,2024,1225
Massachusetts,Two or More Races,score_3,2020,1041
Massachusetts,Two or More Races,score_2,2025,778
Massachusetts,Two or More Races,score_2,2024,832
Massachusetts,Two or More Races,score_2,2020,695
Massachusetts,Two or More Races,score_1,2025,410
Massachusetts,Two or More Races,score_1,2024,514
Massachusetts,Two or More Races,score_1,2020,370
Massachusetts,Two or More Races,total_exams,2025,6099
Massachusetts,Two or More Races,total_exams,2024,5670
Massachusetts,Two or More Races,total_exams,2020,4082
Massachusetts,Two or More Races,mean_score,2025,3.6
Massachusetts,Two or More Races,mean_score,2024,3.48
Massachusetts,Two or More Races,mean_score,2020,3.36
Massachusetts,No Response,total_exams,2025,6210
Massachusetts,No Response,total_exams,2024,5090
Massachusetts,No Response,total_exams,2020,3004
Massachusetts,No Response,total_exams,2015,1787
Michigan,Overall,score_5,2025,20303
Michigan,Overall,score_5,2024,17688
Michigan,Overall,score_5,2020,14353
Michigan,Overall,score_5,2015,12292
Michigan,Overall,score_4,2025,33944
Michigan,Overall,score_4,2024,29629
Michigan,Overall,score_4,2020,21079
Michigan,Overall,score_4,2015,19283
Michigan,Overall,score_3,2025,33447
Michigan,Overall,score_3,2024,30064
Michigan,Overall,score_3,2020,26159
Michigan,Overall,score_3,2015,24940
Michigan,Overall,score_2,2025,21253
Michigan,Overall,score_2,2024,22162
Michigan,Overall,score_2,2020,19894
Michigan,Overall,score_2,2015,19664
Michigan,Overall,score_1,2025,9260
Michigan,Overall,score_1,2024,11358
Michigan,Overall,score_1,2020,11498
Michigan,Overall,score_1,2015,11698
Michigan,Overall,total_exams,2025,118207
Michigan,Overall,total_exams,2024,110901
Michigan,Overall,total_exams,2020,92983
Michigan,Overall,total_exams,2015,87877
Michigan,Overall,mean_score,2025,3.29
Michigan,Overall,mean_score,2024,3.18
Michigan,Overall,mean_score,2020,3.07
Michigan,Overall,mean_score,2015,3.01
Michigan,Asian,score_5,2025,4400
Michigan,Asian,score_5,2024,4110
Michigan,Asian,score_5,2020,3352
Michigan,Asian,score_5,2015,2475
Michigan,Asian,score_4,2025,4959
Michigan,Asian,score_4,2024,4566
Michigan,Asian,score_4,2020,3208
Michigan,Asian,score_4,2015,2530
Michigan,Asian,score_3,2025,3617
Michigan,Asian,score_3,2024,3435
Michigan,Asian,score_3,2020,3015
Michigan,Asian,score_3,2015,2408
Michigan,Asian,score_2,2025,2084
Michigan,Asian,score_2,2024,2038
Michigan,Asian,score_2,2020,1726
Michigan,Asian,score_2,2015,1530
Michigan,Asian,score_1,2025,775
Michigan,Asian,score_1,2024,1036
Michigan,Asian,score_1,2020,846
Michigan,Asian,score_1,2015,915
Michigan,Asian,total_exams,2025,15835
Michigan,Asian,total_exams,2024,15185
Michigan,Asian,total_exams,2020,12147
Michigan,Asian,total_exams,2015,9858
Michigan,Asian,mean_score,2025,3.64
Michigan,Asian,mean_score,2024,3.57
Michigan,Asian,mean_score,2020,3.53
Michigan,Asian,mean_score,2015,3.42
Michigan,Hispanic/Latino,score_5,2025,972
Michigan,Hispanic/Latino,score_5,2024,803
Michigan,Hispanic/Latino,score_5,2020,610
Michigan,Hispanic/Latino,score_5,2015,313
Michigan,Hispanic/Latino,score_4,2025,1999
Michigan,Hispanic/Latino,score_4,2024,1690
Michigan,Hispanic/Latino,score_4,2020,931
Michigan,Hispanic/Latino,score_4,2015,513
Michigan,Hispanic/Latino,score_3,2025,2432
Michigan,Hispanic/Latino,score_3,2024,2107
Michigan,Hispanic/Latino,score_3,2020,1311
Michigan,Hispanic/Latino,score_3,2015,690
Michigan,Hispanic/Latino,score_2,2025,2052
Michigan,Hispanic/Latino,score_2,2024,2025
Michigan,Hispanic/Latino,score_2,2020,1206
Michigan,Hispanic/Latino,score_2,2015,682
Michigan,Hispanic/Latino,score_1,2025,1258
Michigan,Hispanic/Latino,score_1,2024,1452
Michigan,Hispanic/Latino,score_1,2020,991
Michigan,Hispanic/Latino,score_1,2015,835
Michigan,Hispanic/Latino,total_exams,2025,8713
Michigan,Hispanic/Latino,total_exams,2024,8077
Michigan,Hispanic/Latino,total_exams,2020,5049
Michigan,Hispanic/Latino,total_exams,2015,3033
Michigan,Hispanic/Latino,mean_score,2025,2.93
Michigan,Hispanic/Latino,mean_score,2024,2.8
Michigan,Hispanic/Latino,mean_score,2020,2.79
Michigan,Hispanic/Latino,mean_score,2015,2.6
Michigan,White,score_5,2025,13232
Michigan,White,score_5,2024,11500
Michigan,White,score_5,2020,9431
Michigan,White,score_5,2015,8713
Michigan,White,score_4,2025,24131
Michigan,White,score_4,2024,21072
Michigan,White,score_4,2020,15488
Michigan,White,score_4,2015,14848
Michigan,White,score_3,2025,23718
Michigan,White,score_3,2024,21713
Michigan,White,score_3,2020,19712
Michigan,White,score_3,2015,19549
Michigan,White,score_2,2025,13960
Michigan,White,score_2,2024,15338
Michigan,White,score_2,2020,14898
Michigan,White,score_2,2015,14797
Michigan,White,score_1,2025,4781
Michigan,White,score_1,2024,6100
Michigan,White,score_1,2020,7920
Michigan,White,score_1,2015,7334
Michigan,White,total_exams,2025,79822
Michigan,White,total_exams,2024,75723
Michigan,White,total_exams,2020,67449
Michigan,White,total_exams,2015,65241
Michigan,White,mean_score,2025,3.34
Michigan,White,mean_score,2024,3.22
Michigan,White,mean_score,2020,3.05
Michigan,White,mean_score,2015,3.04
Michigan,Black or African American,score_5,2025,412
Michigan,Black or African American,score_5,2024,281
Michigan,Black or African American,score_5,2020,181
Michigan,Black or African American,score_5,2015,172
Michigan,Black or African American,score_4,2025,1038
Michigan,Black or African American,score_4,2024,823
Michigan,Black or African American,score_4,2020,412
Michigan,Black or African American,score_4,2015,397
Michigan,Black or African American,score_3,2025,1927
Michigan,Black or African American,score_3,2024,1333
Michigan,Black or African American,score_3,2020,851
Michigan,Black or African American,score_3,2015,774
Michigan,Black or African American,score_2,2025,1996
Michigan,Black or African American,score_2,2024,1725
Michigan,Black or African American,score_2,2020,1082
Michigan,Black or African American,score_2,2015,1157
Michigan,Black or African American,score_1,2025,2003
Michigan,Black or African American,score_1,2024,2192
Michigan,Black or African American,score_1,2020,1167
Michigan,Black or African American,score_1,2015,1510
Michigan,Black or African American,total_exams,2025,7376
Michigan,Black or African American,total_exams,2024,6354
Michigan,Black or African American,total_exams,2020,3693
Michigan,Black or African American,total_exams,2015,4010
Michigan,Black or African American,mean_score,2025,2.44
Michigan,Black or African American,mean_score,2024,2.26
Michigan,Black or African American,mean_score,2020,2.28
Michigan,Black or African American,mean_score,2015,2.14
Michigan,Native American or Alaska Native,score_5,2025,23
Michigan,Native American or Alaska Native,score_5,2024,28
Michigan,Native American or Alaska Native,score_5,2020,14
Michigan,Native American or Alaska Native,score_5,2015,28
Michigan,Native American or Alaska Native,score_4,2025,70
Michigan,Native American or Alaska Native,score_4,2024,62
Michigan,Native American or Alaska Native,score_4,2020,44
Michigan,Native American or Alaska Native,score_4,2015,64
Michigan,Native American or Alaska Native,score_3,2025,80
Michigan,Native American or Alaska Native,score_3,2024,99
Michigan,Native American or Alaska Native,score_3,2020,41
Michigan,Native American or Alaska Native,score_3,2015,108
Michigan,Native American or Alaska Native,score_2,2025,60
Michigan,Native American or Alaska Native,score_2,2024,83
Michigan,Native American or Alaska Native,score_2,2020,35
Michigan,Native American or Alaska Native,score_2,2015,120
Michigan,Native American or Alaska Native,score_1,2025,21
Michigan,Native American or Alaska Native,score_1,2024,54
Michigan,Native American or Alaska Native,score_1,2020,41
Michigan,Native American or Alaska Native,score_1,2015,68
Michigan,Native American or Alaska Native,total_exams,2025,254
Michigan,Native American or Alaska Native,total_exams,2024,326
Michigan,Native American or Alaska Native,total_exams,2020,175
Michigan,Native American or Alaska Native,total_exams,2015,388
Michigan,Native American or Alaska Native,mean_score,2025,3.06
Michigan,Native American or Alaska Native,mean_score,2024,2.78
Michigan,Native American or Alaska Native,mean_score,2020,2.74
Michigan,Native American or Alaska Native,mean_score,2015,2.65
Michigan,Native Hawaiian or other Pacific Islander,score_5,2025,**
Michigan,Native Hawaiian or other Pacific Islander,score_5,2024,**
Michigan,Native Hawaiian or other Pacific Islander,score_5,2020,**
Michigan,Native Hawaiian or other Pacific Islander,score_5,2015,405
Michigan,Native Hawaiian or other Pacific Islander,score_4,2025,**
Michigan,Native Hawaiian or other Pacific Islander,score_4,2024,**
Michigan,Native Hawaiian or other Pacific Islander,score_4,2020,**
Michigan,Native Hawaiian or other Pacific Islander,score_4,2015,601
Michigan,Native Hawaiian or other Pacific Islander,score_3,2025,**
Michigan,Native Hawaiian or other Pacific Islander,score_3,2024,**
Michigan,Native Hawaiian or other Pacific Islander,score_3,2020,**
Michigan,Native Hawaiian or other Pacific Islander,score_3,2015,794
Michigan,Native Hawaiian or other Pacific Islander,score_2,2025,**
Michigan,Native Hawaiian or other Pacific Islander,score_2,2024,**
Michigan,Native Hawaiian or other Pacific Islander,score_2,2020,**
Michigan,Native Hawaiian or other Pacific Islander,score_2,2015,717
Michigan,Native Hawaiian or other Pacific Islander,score_1,2025,**
Michigan,Native Hawaiian or other Pacific Islander,score_1,2024,**
Michigan,Native Hawaiian or other Pacific Islander,score_1,2020,**
Michigan,Native Hawaiian or other Pacific Islander,score_1,2015,535
Michigan,Native Hawaiian or other Pacific Islander,total_exams,2025,57
Michigan,Native Hawaiian or other Pacific Islander,total_exams,2024,50
Michigan,Native Hawaiian or other Pacific Islander,total_exams,2020,50
Michigan,Native Hawaiian or other Pacific Islander,total_exams,2015,3052
Michigan,Native Hawaiian or other Pacific Islander,mean_score,2025,2.6
Michigan,Native Hawaiian or other Pacific Islander,mean_score,2024,3.06
Michigan,Native Hawaiian or other Pacific Islander,mean_score,2020,2.76
Michigan,Native Hawaiian or other Pacific Islander,mean_score,2015,2.88
Michigan,Two or More Races,score_5,2025,858
Michigan,Two or More Races,score_5,2024,687
Michigan,Two or More Races,score_5,2020,371
Michigan,Two or More Races,score_4,2025,1305
Michigan,Two or More Races,score_4,2024,1069
Michigan,Two or More Races,score_4,2020,514
Michigan,Two or More Races,score_3,2025,1316
Michigan,Two or More Races,score_3,2024,1045
Michigan,Two or More Races,score_3,2020,597
Michigan,Two or More Races,score_2,2025,833
Michigan,Two or More Races,score_2,2024,736
Michigan,Two or More Races,score_2,2020,466
Michigan,Two or More Races,score_1,2025,317
Michigan,Two or More Races,score_1,2024,406
Michigan,Two or More Races,score_1,2020,254
Michigan,Two or More Races,total_exams,2025,4629
Michigan,Two or More Races,total_exams,2024,3943
Michigan,Two or More Races,total_exams,2020,2202
Michigan,Two or More Races,mean_score,2025,3.34
Michigan,Two or More Races,mean_score,2024,3.23
Michigan,Two or More Races,mean_score,2020,3.13
Michigan,No Response,total_exams,2025,1521
Michigan,No Response,total_exams,2024,1243
Michigan,No Response,total_exams,2020,2218
Michigan,No Response,total_exams,2015,2295
Minnesota,Overall,score_5,2025,12665
Minnesota,Overall,score_5,2024,11453
Minnesota,Overall,score_5,2020,9748
Minnesota,Overall,score_5,2015,8771
Minnesota,Overall,score_4,2025,22089
Minnesota,Overall,score_4,2024,18729
Minnesota,Overall,score_4,2020,14956
Minnesota,Overall,score_4,2015,14295
Minnesota,Overall,score_3,2025,18930
Minnesota,Overall,score_3,2024,17174
Minnesota,Overall,score_3,2020,17607
Minnesota,Overall,score_3,2015,18237
Minnesota,Overall,score_2,2025,11817
Minnesota,Overall,score_2,2024,12147
Minnesota,Overall,score_2,2020,13146
Minnesota,Overall,score_2,2015,13186
Minnesota,Overall,score_1,2025,3813
Minnesota,Overall,score_1,2024,5664
Minnesota,Overall,score_1,2020,8306
Minnesota,Overall,score_1,2015,8487
Minnesota,Overall,total_exams,2025,69314
Minnesota,Overall,total_exams,2024,65167
Minnesota,Overall,total_exams,2020,63763
Minnesota,Overall,total_exams,2015,62976
Minnesota,Overall,mean_score,2025,3.4
Minnesota,Overall,mean_score,2024,3.28
Minnesota,Overall,mean_score,2020,3.07
Minnesota,Overall,mean_score,2015,3.03
Minnesota,Asian,score_5,2025,2471
Minnesota,Asian,score_5,2024,2203
Minnesota,Asian,score_5,2020,1723
Minnesota,Asian,score_5,2015,1199
Minnesota,Asian,score_4,2025,3057
Minnesota,Asian,score_4,2024,2466
Minnesota,Asian,score_4,2020,1792
Minnesota,Asian,score_4,2015,1416
Minnesota,Asian,score_3,2025,2185
Minnesota,Asian,score_3,2024,2026
Minnesota,Asian,score_3,2020,1767
Minnesota,Asian,score_3,2015,1596
Minnesota,Asian,score_2,2025,1472
Minnesota,Asian,score_2,2024,1460
Minnesota,Asian,score_2,2020,1227
Minnesota,Asian,score_2,2015,1277
Minnesota,Asian,score_1,2025,631
Minnesota,Asian,score_1,2024,773
Minnesota,Asian,score_1,2020,867
Minnesota,Asian,score_1,2015,1094
Minnesota,Asian,total_exams,2025,9816
Minnesota,Asian,total_exams,2024,8928
Minnesota,Asian,total_exams,2020,7376
Minnesota,Asian,total_exams,2015,6582
Minnesota,Asian,mean_score,2025,3.54
Minnesota,Asian,mean_score,2024,3.43
Minnesota,Asian,mean_score,2020,3.31
Minnesota,Asian,mean_score,2015,3.05
Minnesota,Hispanic/Latino,score_5,2025,508
Minnesota,Hispanic/Latino,score_5,2024,524
Minnesota,Hispanic/Latino,score_5,2020,376
Minnesota,Hispanic/Latino,score_5,2015,164
Minnesota,Hispanic/Latino,score_4,2025,1129
Minnesota,Hispanic/Latino,score_4,2024,965
Minnesota,Hispanic/Latino,score_4,2020,649
Minnesota,Hispanic/Latino,score_4,2015,334
Minnesota,Hispanic/Latino,score_3,2025,1258
Minnesota,Hispanic/Latino,score_3,2024,1046
Minnesota,Hispanic/Latino,score_3,2020,964
Minnesota,Hispanic/Latino,score_3,2015,505
Minnesota,Hispanic/Latino,score_2,2025,1032
Minnesota,Hispanic/Latino,score_2,2024,1044
Minnesota,Hispanic/Latino,score_2,2020,834
Minnesota,Hispanic/Latino,score_2,2015,506
Minnesota,Hispanic/Latino,score_1,2025,495
Minnesota,Hispanic/Latino,score_1,2024,770
Minnesota,Hispanic/Latino,score_1,2020,858
Minnesota,Hispanic/Latino,score_1,2015,518
Minnesota,Hispanic/Latino,total_exams,2025,4422
Minnesota,Hispanic/Latino,total_exams,2024,4349
Minnesota,Hispanic/Latino,total_exams,2020,3681
Minnesota,Hispanic/Latino,total_exams,2015,2027
Minnesota,Hispanic/Latino,mean_score,2025,3.03
Minnesota,Hispanic/Latino,mean_score,2024,2.87
Minnesota,Hispanic/Latino,mean_score,2020,2.69
Minnesota,Hispanic/Latino,mean_score,2015,2.57
Minnesota,White,score_5,2025,7868
Minnesota,White,score_5,2024,7288
Minnesota,White,score_5,2020,6589
Minnesota,White,score_5,2015,6993
Minnesota,White,score_4,2025,14603
Minnesota,White,score_4,2024,12836
Minnesota,White,score_4,2020,10872
Minnesota,White,score_4,2015,11764
Minnesota,White,score_3,2025,12244
Minnesota,White,score_3,2024,11582
Minnesota,White,score_3,2020,12782
Minnesota,White,score_3,2015,14936
Minnesota,White,score_2,2025,6821
Minnesota,White,score_2,2024,7466
Minnesota,White,score_2,2020,9323
Minnesota,White,score_2,2015,10150
Minnesota,White,score_1,2025,1617
Minnesota,White,score_1,2024,2635
Minnesota,White,score_1,2020,5102
Minnesota,White,score_1,2015,5648
Minnesota,White,total_exams,2025,43153
Minnesota,White,total_exams,2024,41807
Minnesota,White,total_exams,2020,44668
Minnesota,White,total_exams,2015,49491
Minnesota,White,mean_score,2025,3.47
Minnesota,White,mean_score,2024,3.35
Minnesota,White,mean_score,2020,3.1
Minnesota,White,mean_score,2015,3.09
Minnesota,Black or African American,score_5,2025,332
Minnesota,Black or African American,score_5,2024,272
Minnesota,Black or African American,score_5,2020,132
Minnesota,Black or African American,score_5,2015,104
Minnesota,Black or African American,score_4,2025,989
Minnesota,Black or African American,score_4,2024,791
Minnesota,Black or African American,score_4,2020,377
Minnesota,Black or African American,score_4,2015,240
Minnesota,Black or African American,score_3,2025,1213
Minnesota,Black or African American,score_3,2024,960
Minnesota,Black or African American,score_3,2020,679
Minnesota,Black or African American,score_3,2015,488
Minnesota,Black or African American,score_2,2025,1153
Minnesota,Black or African American,score_2,2024,1010
Minnesota,Black or African American,score_2,2020,685
Minnesota,Black or African American,score_2,2015,563
Minnesota,Black or African American,score_1,2025,603
Minnesota,Black or African American,score_1,2024,828
Minnesota,Black or African American,score_1,2020,719
Minnesota,Black or African American,score_1,2015,689
Minnesota,Black or African American,total_exams,2025,4290
Minnesota,Black or African American,total_exams,2024,3861
Minnesota,Black or African American,total_exams,2020,2592
Minnesota,Black or African American,total_exams,2015,2084
Minnesota,Black or African American,mean_score,2025,2.84
Minnesota,Black or African American,mean_score,2024,2.66
Minnesota,Black or African American,mean_score,2020,2.43
Minnesota,Black or African American,mean_score,2015,2.28
Minnesota,Native American or Alaska Native,score_5,2025,15
Minnesota,Native American or Alaska Native,score_5,2024,**
Minnesota,Native American or Alaska Native,score_5,2020,28
Minnesota,Native American or Alaska Native,score_5,2015,16
Minnesota,Native American or Alaska Native,score_4,2025,26
Minnesota,Native American or Alaska Native,score_4,2024,**
Minnesota,Native American or Alaska Native,score_4,2020,62
Minnesota,Native American or Alaska Native,score_4,2015,29
Minnesota,Native American or Alaska Native,score_3,2025,53
Minnesota,Native American or Alaska Native,score_3,2024,**
Minnesota,Native American or Alaska Native,score_3,2020,83
Minnesota,Native American or Alaska Native,score_3,2015,54
Minnesota,Native American or Alaska Native,score_2,2025,64
Minnesota,Native American or Alaska Native,score_2,2024,**
Minnesota,Native American or Alaska Native,score_2,2020,64
Minnesota,Native American or Alaska Native,score_2,2015,54
Minnesota,Native American or Alaska Native,score_1,2025,21
Minnesota,Native American or Alaska Native,score_1,2024,**
Minnesota,Native American or Alaska Native,score_1,2020,43
Minnesota,Native American or Alaska Native,score_1,2015,63
Minnesota,Native American or Alaska Native,total_exams,2025,179
Minnesota,Native American or Alaska Native,total_exams,2024,168
Minnesota,Native American or Alaska Native,total_exams,2020,280
Minnesota,Native American or Alaska Native,total_exams,2015,216
Minnesota,Native American or Alaska Native,mean_score,2025,2.72
Minnesota,Native American or Alaska Native,mean_score,2024,2.68
Minnesota,Native American or Alaska Native,mean_score,2020,2.89
Minnesota,Native American or Alaska Native,mean_score,2015,2.45
Minnesota,Native Hawaiian or other Pacific Islander,score_5,2025,**
Minnesota,Native Hawaiian or other Pacific Islander,score_5,2024,**
Minnesota,Native Hawaiian or other Pacific Islander,score_5,2020,**
Minnesota,Native Hawaiian or other Pacific Islander,score_5,2015,184
Minnesota,Native Hawaiian or other Pacific Islander,score_4,2025,**
Minnesota,Native Hawaiian or other Pacific Islander,score_4,2024,**
Minnesota,Native Hawaiian or other Pacific Islander,score_4,2020,**
Minnesota,Native Hawaiian or other Pacific Islander,score_4,2015,280
Minnesota,Native Hawaiian or other Pacific Islander,score_3,2025,**
Minnesota,Native Hawaiian or other Pacific Islander,score_3,2024,**
Minnesota,Native Hawaiian or other Pacific Islander,score_3,2020,**
Minnesota,Native Hawaiian or other Pacific Islander,score_3,2015,338
Minnesota,Native Hawaiian or other Pacific Islander,score_2,2025,**
Minnesota,Native Hawaiian or other Pacific Islander,score_2,2024,**
Minnesota,Native Hawaiian or other Pacific Islander,score_2,2020,**
Minnesota,Native Hawaiian or other Pacific Islander,score_2,2015,275
Minnesota,Native Hawaiian or other Pacific Islander,score_1,2025,**
Minnesota,Native Hawaiian or other Pacific Islander,score_1,2024,**
Minnesota,Native Hawaiian or other Pacific Islander,score_1,2020,**
Minnesota,Native Hawaiian or other Pacific Islander,score_1,2015,180
Minnesota,Native Hawaiian or other Pacific Islander,total_exams,2025,40
Minnesota,Native Hawaiian or other Pacific Islander,total_exams,2024,34
Minnesota,Native Hawaiian or other Pacific Islander,total_exams,2020,27
Minnesota,Native Hawaiian or other Pacific Islander,total_exams,2015,1257
Minnesota,Native Hawaiian or other Pacific Islander,mean_score,2025,3.2
Minnesota,Native Hawaiian or other Pacific Islander,mean_score,2024,2.62
Minnesota,Native Hawaiian or other Pacific Islander,mean_score,2020,3.19
Minnesota,Native Hawaiian or other Pacific Islander,mean_score,2015,3.01
Minnesota,Two or More Races,score_5,2025,696
Minnesota,Two or More Races,score_5,2024,606
Minnesota,Two or More Races,score_5,2020,498
Minnesota,Two or More Races,score_4,2025,1102
Minnesota,Two or More Races,score_4,2024,982
Minnesota,Two or More Races,score_4,2020,686
Minnesota,Two or More Races,score_3,2025,932
Minnesota,Two or More Races,score_3,2024,844
Minnesota,Two or More Races,score_3,2020,776
Minnesota,Two or More Races,score_2,2025,571
Minnesota,Two or More Races,score_2,2024,582
Minnesota,Two or More Races,score_2,2020,605
Minnesota,Two or More Races,score_1,2025,187
Minnesota,Two or More Races,score_1,2024,269
Minnesota,Two or More Races,score_1,2020,422
Minnesota,Two or More Races,total_exams,2025,3488
Minnesota,Two or More Races,total_exams,2024,3283
Minnesota,Two or More Races,total_exams,2020,2987
Minnesota,Two or More Races,mean_score,2025,3.44
Minnesota,Two or More Races,mean_score,2024,3.33
Minnesota,Two or More Races,mean_score,2020,3.08
Minnesota,No Response,total_exams,2025,3926
Minnesota,No Response,total_exams,2024,2737
Minnesota,No Response,total_exams,2020,2152
Minnesota,No Response,total_exams,2015,1319
Mississippi,Overall,score_5,2025,1374
Mississippi,Overall,score_5,2024,1135
Mississippi,Overall,score_5,2020,693
Mississippi,Overall,score_5,2015,435
Mississippi,Overall,score_4,2025,3594
Mississippi,Overall,score_4,2024,2849
Mississippi,Overall,score_4,2020,1327
Mississippi,Overall,score_4,2015,988
Mississippi,Overall,score_3,2025,4187
Mississippi,Overall,score_3,2024,3749
Mississippi,Overall,score_3,2020,2435
Mississippi,Overall,score_3,2015,1913
Mississippi,Overall,score_2,2025,3792
Mississippi,Overall,score_2,2024,4253
Mississippi,Overall,score_2,2020,2914
Mississippi,Overall,score_2,2015,3017
Mississippi,Overall,score_1,2025,3198
Mississippi,Overall,score_1,2024,5731
Mississippi,Overall,score_1,2020,2806
Mississippi,Overall,score_1,2015,3793
Mississippi,Overall,total_exams,2025,16145
Mississippi,Overall,total_exams,2024,17717
Mississippi,Overall,total_exams,2020,10175
Mississippi,Overall,total_exams,2015,10146
Mississippi,Overall,mean_score,2025,2.76
Mississippi,Overall,mean_score,2024,2.4
Mississippi,Overall,mean_score,2020,2.43
Mississippi,Overall,mean_score,2015,2.14
Mississippi,Asian,score_5,2025,184
Mississippi,Asian,score_5,2024,171
Mississippi,Asian,score_5,2020,116
Mississippi,Asian,score_5,2015,69
Mississippi,Asian,score_4,2025,319
Mississippi,Asian,score_4,2024,240
Mississippi,Asian,score_4,2020,134
Mississippi,Asian,score_4,2015,77
Mississippi,Asian,score_3,2025,243
Mississippi,Asian,score_3,2024,217
Mississippi,Asian,score_3,2020,156
Mississippi,Asian,score_3,2015,109
Mississippi,Asian,score_2,2025,146
Mississippi,Asian,score_2,2024,188
Mississippi,Asian,score_2,2020,148
Mississippi,Asian,score_2,2015,144
Mississippi,Asian,score_1,2025,52
Mississippi,Asian,score_1,2024,102
Mississippi,Asian,score_1,2020,88
Mississippi,Asian,score_1,2015,111
Mississippi,Asian,total_exams,2025,944
Mississippi,Asian,total_exams,2024,918
Mississippi,Asian,total_exams,2020,642
Mississippi,Asian,total_exams,2015,510
Mississippi,Asian,mean_score,2025,3.46
Mississippi,Asian,mean_score,2024,3.21
Mississippi,Asian,mean_score,2020,3.07
Mississippi,Asian,mean_score,2015,2.7
Mississippi,Hispanic/Latino,score_5,2025,91
Mississippi,Hispanic/Latino,score_5,2024,83
Mississippi,Hispanic/Latino,score_5,2020,35
Mississippi,Hispanic/Latino,score_5,2015,11
Mississippi,Hispanic/Latino,score_4,2025,328
Mississippi,Hispanic/Latino,score_4,2024,204
Mississippi,Hispanic/Latino,score_4,2020,71
Mississippi,Hispanic/Latino,score_4,2015,30
Mississippi,Hispanic/Latino,score_3,2025,381
Mississippi,Hispanic/Latino,score_3,2024,299
Mississippi,Hispanic/Latino,score_3,2020,158
Mississippi,Hispanic/Latino,score_3,2015,52
Mississippi,Hispanic/Latino,score_2,2025,370
Mississippi,Hispanic/Latino,score_2,2024,383
Mississippi,Hispanic/Latino,score_2,2020,177
Mississippi,Hispanic/Latino,score_2,2015,80
Mississippi,Hispanic/Latino,score_1,2025,241
Mississippi,Hispanic/Latino,score_1,2024,373
Mississippi,Hispanic/Latino,score_1,2020,187
Mississippi,Hispanic/Latino,score_1,2015,108
Mississippi,Hispanic/Latino,total_exams,2025,1411
Mississippi,Hispanic/Latino,total_exams,2024,1342
Mississippi,Hispanic/Latino,total_exams,2020,628
Mississippi,Hispanic/Latino,total_exams,2015,281
Mississippi,Hispanic/Latino,mean_score,2025,2.76
Mississippi,Hispanic/Latino,mean_score,2024,2.43
Mississippi,Hispanic/Latino,mean_score,2020,2.35
Mississippi,Hispanic/Latino,mean_score,2015,2.13
Mississippi,White,score_5,2025,856
Mississippi,White,score_5,2024,703
Mississippi,White,score_5,2020,465
Mississippi,White,score_5,2015,329
Mississippi,White,score_4,2025,2268
Mississippi,White,score_4,2024,1914
Mississippi,White,score_4,2020,915
Mississippi,White,score_4,2015,781
Mississippi,White,score_3,2025,2491
Mississippi,White,score_3,2024,2392
Mississippi,White,score_3,2020,1628
Mississippi,White,score_3,2015,1453
Mississippi,White,score_2,2025,1790
Mississippi,White,score_2,2024,2159
Mississippi,White,score_2,2020,1752
Mississippi,White,score_2,2015,1826
Mississippi,White,score_1,2025,811
Mississippi,White,score_1,2024,1166
Mississippi,White,score_1,2020,1381
Mississippi,White,score_1,2015,1510
Mississippi,White,total_exams,2025,8216
Mississippi,White,total_exams,2024,8334
Mississippi,White,total_exams,2020,6141
Mississippi,White,total_exams,2015,5899
Mississippi,White,mean_score,2025,3.07
Mississippi,White,mean_score,2024,2.86
Mississippi,White,mean_score,2020,2.57
Mississippi,White,mean_score,2015,2.42
Mississippi,Black or African American,score_5,2025,121
Mississippi,Black or African American,score_5,2024,87
Mississippi,Black or African American,score_5,2020,32
Mississippi,Black or African American,score_5,2015,17
Mississippi,Black or African American,score_4,2025,386
Mississippi,Black or African American,score_4,2024,288
Mississippi,Black or African American,score_4,2020,98
Mississippi,Black or African American,score_4,2015,66
Mississippi,Black or African American,score_3,2025,753
Mississippi,Black or African American,score_3,2024,595
Mississippi,Black or African American,score_3,2020,305
Mississippi,Black or African American,score_3,2015,210
Mississippi,Black or African American,score_2,2025,1194
Mississippi,Black or African American,score_2,2024,1221
Mississippi,Black or African American,score_2,2020,585
Mississippi,Black or African American,score_2,2015,813
Mississippi,Black or African American,score_1,2025,1908
Mississippi,Black or African American,score_1,2024,3719
Mississippi,Black or African American,score_1,2020,928
Mississippi,Black or African American,score_1,2015,1848
Mississippi,Black or African American,total_exams,2025,4362
Mississippi,Black or African American,total_exams,2024,5910
Mississippi,Black or African American,total_exams,2020,1948
Mississippi,Black or African American,total_exams,2015,2954
Mississippi,Black or African American,mean_score,2025,2
Mississippi,Black or African American,mean_score,2024,1.61
Mississippi,Black or African American,mean_score,2020,1.83
Mississippi,Black or African American,mean_score,2015,1.51
Mississippi,Native American or Alaska Native,score_5,2025,**
Mississippi,Native American or Alaska Native,score_5,2024,**
Mississippi,Native American or Alaska Native,score_5,2020,**
Mississippi,Native American or Alaska Native,score_5,2015,**
Mississippi,Native American or Alaska Native,score_4,2025,**
Mississippi,Native American or Alaska Native,score_4,2024,**
Mississippi,Native American or Alaska Native,score_4,2020,**
Mississippi,Native American or Alaska Native,score_4,2015,**
Mississippi,Native American or Alaska Native,score_3,2025,**
Mississippi,Native American or Alaska Native,score_3,2024,**
Mississippi,Native American or Alaska Native,score_3,2020,**
Mississippi,Native American or Alaska Native,score_3,2015,**
Mississippi,Native American or Alaska Native,score_2,2025,**
Mississippi,Native American or Alaska Native,score_2,2024,**
Mississippi,Native American or Alaska Native,score_2,2020,**
Mississippi,Native American or Alaska Native,score_2,2015,**
Mississippi,Native American or Alaska Native,score_1,2025,**
Mississippi,Native American or Alaska Native,score_1,2024,**
Mississippi,Native American or Alaska Native,score_1,2020,**
Mississippi,Native American or Alaska Native,score_1,2015,**
Mississippi,Native American or Alaska Native,total_exams,2025,52
Mississippi,Native American or Alaska Native,total_exams,2024,60
Mississippi,Native American or Alaska Native,total_exams,2020,55
Mississippi,Native American or Alaska Native,total_exams,2015,26
Mississippi,Native American or Alaska Native,mean_score,2025,2.4
Mississippi,Native American or Alaska Native,mean_score,2024,2.25
Mississippi,Native American or Alaska Native,mean_score,2020,1.69
Mississippi,Native American or Alaska Native,mean_score,2015,2.12
Mississippi,Native Hawaiian or other Pacific Islander,score_5,2025,**
Mississippi,Native Hawaiian or other Pacific Islander,score_5,2024,**
Mississippi,Native Hawaiian or other Pacific Islander,score_5,2020,**
Mississippi,Native Hawaiian or other Pacific Islander,score_5,2015,**
Mississippi,Native Hawaiian or other Pacific Islander,score_4,2025,**
Mississippi,Native Hawaiian or other Pacific Islander,score_4,2024,**
Mississippi,Native Hawaiian or other Pacific Islander,score_4,2020,**
Mississippi,Native Hawaiian or other Pacific Islander,score_4,2015,**
Mississippi,Native Hawaiian or other Pacific Islander,score_3,2025,**
Mississippi,Native Hawaiian or other Pacific Islander,score_3,2024,**
Mississippi,Native Hawaiian or other Pacific Islander,score_3,2020,**
Mississippi,Native Hawaiian or other Pacific Islander,score_3,2015,**
Mississippi,Native Hawaiian or other Pacific Islander,score_2,2025,**
Mississippi,Native Hawaiian or other Pacific Islander,score_2,2024,**
Mississippi,Native Hawaiian or other Pacific Islander,score_2,2020,**
Mississippi,Native Hawaiian or other Pacific Islander,score_2,2015,**
Mississippi,Native Hawaiian or other Pacific Islander,score_1,2025,**
Mississippi,Native Hawaiian or other Pacific Islander,score_1,2024,**
Mississippi,Native Hawaiian or other Pacific Islander,score_1,2020,**
Mississippi,Native Hawaiian or other Pacific Islander,score_1,2015,**
Mississippi,Native Hawaiian or other Pacific Islander,total_exams,2025,**
Mississippi,Native Hawaiian or other Pacific Islander,total_exams,2024,**
Mississippi,Native Hawaiian or other Pacific Islander,total_exams,2020,**
Mississippi,Native Hawaiian or other Pacific Islander,total_exams,2015,230
Mississippi,Native Hawaiian or other Pacific Islander,mean_score,2025,**
Mississippi,Native Hawaiian or other Pacific Islander,mean_score,2024,**
Mississippi,Native Hawaiian or other Pacific Islander,mean_score,2020,**
Mississippi,Native Hawaiian or other Pacific Islander,mean_score,2015,2.07
Mississippi,Two or More Races,score_5,2025,79
Mississippi,Two or More Races,score_5,2024,72
Mississippi,Two or More Races,score_5,2020,33
Mississippi,Two or More Races,score_4,2025,196
Mississippi,Two or More Races,score_4,2024,144
Mississippi,Two or More Races,score_4,2020,73
Mississippi,Two or More Races,score_3,2025,206
Mississippi,Two or More Races,score_3,2024,172
Mississippi,Two or More Races,score_3,2020,109
Mississippi,Two or More Races,score_2,2025,163
Mississippi,Two or More Races,score_2,2024,192
Mississippi,Two or More Races,score_2,2020,161
Mississippi,Two or More Races,score_1,2025,87
Mississippi,Two or More Races,score_1,2024,180
Mississippi,Two or More Races,score_1,2020,117
Mississippi,Two or More Races,total_exams,2025,731
Mississippi,Two or More Races,total_exams,2024,760
Mississippi,Two or More Races,total_exams,2020,493
Mississippi,Two or More Races,mean_score,2025,3.02
Mississippi,Two or More Races,mean_score,2024,2.65
Mississippi,Two or More Races,mean_score,2020,2.48
Mississippi,No Response,total_exams,2025,424
Mississippi,No Response,total_exams,2024,385
Mississippi,No Response,total_exams,2020,264
Mississippi,No Response,total_exams,2015,246
Missouri,Overall,score_5,2025,7263
Missouri,Overall,score_5,2024,6475
Missouri,Overall,score_5,2020,4982
Missouri,Overall,score_5,2015,4235
Missouri,Overall,score_4,2025,12668
Missouri,Overall,score_4,2024,10691
Missouri,Overall,score_4,2020,7417
Missouri,Overall,score_4,2015,6397
Missouri,Overall,score_3,2025,11742
Missouri,Overall,score_3,2024,10492
Missouri,Overall,score_3,2020,9793
Missouri,Overall,score_3,2015,8583
Missouri,Overall,score_2,2025,7644
Missouri,Overall,score_2,2024,8009
Missouri,Overall,score_2,2020,7945
Missouri,Overall,score_2,2015,7105
Missouri,Overall,score_1,2025,3653
Missouri,Overall,score_1,2024,4750
Missouri,Overall,score_1,2020,5130
Missouri,Overall,score_1,2015,5164
Missouri,Overall,total_exams,2025,42970
Missouri,Overall,total_exams,2024,40417
Missouri,Overall,total_exams,2020,35267
Missouri,Overall,total_exams,2015,31484
Missouri,Overall,mean_score,2025,3.28
Missouri,Overall,mean_score,2024,3.15
Missouri,Overall,mean_score,2020,2.98
Missouri,Overall,mean_score,2015,2.92
Missouri,Asian,score_5,2025,1438
Missouri,Asian,score_5,2024,1367
Missouri,Asian,score_5,2020,902
Missouri,Asian,score_5,2015,650
Missouri,Asian,score_4,2025,1558
Missouri,Asian,score_4,2024,1457
Missouri,Asian,score_4,2020,908
Missouri,Asian,score_4,2015,655
Missouri,Asian,score_3,2025,1125
Missouri,Asian,score_3,2024,1122
Missouri,Asian,score_3,2020,927
Missouri,Asian,score_3,2015,667
Missouri,Asian,score_2,2025,537
Missouri,Asian,score_2,2024,632
Missouri,Asian,score_2,2020,543
Missouri,Asian,score_2,2015,449
Missouri,Asian,score_1,2025,220
Missouri,Asian,score_1,2024,293
Missouri,Asian,score_1,2020,252
Missouri,Asian,score_1,2015,300
Missouri,Asian,total_exams,2025,4878
Missouri,Asian,total_exams,2024,4871
Missouri,Asian,total_exams,2020,3532
Missouri,Asian,total_exams,2015,2721
Missouri,Asian,mean_score,2025,3.71
Missouri,Asian,mean_score,2024,3.61
Missouri,Asian,mean_score,2020,3.47
Missouri,Asian,mean_score,2015,3.33
Missouri,Hispanic/Latino,score_5,2025,322
Missouri,Hispanic/Latino,score_5,2024,304
Missouri,Hispanic/Latino,score_5,2020,204
Missouri,Hispanic/Latino,score_5,2015,115
Missouri,Hispanic/Latino,score_4,2025,723
Missouri,Hispanic/Latino,score_4,2024,600
Missouri,Hispanic/Latino,score_4,2020,351
Missouri,Hispanic/Latino,score_4,2015,156
Missouri,Hispanic/Latino,score_3,2025,908
Missouri,Hispanic/Latino,score_3,2024,785
Missouri,Hispanic/Latino,score_3,2020,587
Missouri,Hispanic/Latino,score_3,2015,262
Missouri,Hispanic/Latino,score_2,2025,852
Missouri,Hispanic/Latino,score_2,2024,794
Missouri,Hispanic/Latino,score_2,2020,579
Missouri,Hispanic/Latino,score_2,2015,302
Missouri,Hispanic/Latino,score_1,2025,588
Missouri,Hispanic/Latino,score_1,2024,706
Missouri,Hispanic/Latino,score_1,2020,497
Missouri,Hispanic/Latino,score_1,2015,295
Missouri,Hispanic/Latino,total_exams,2025,3393
Missouri,Hispanic/Latino,total_exams,2024,3189
Missouri,Hispanic/Latino,total_exams,2020,2218
Missouri,Hispanic/Latino,total_exams,2015,1130
Missouri,Hispanic/Latino,mean_score,2025,2.81
Missouri,Hispanic/Latino,mean_score,2024,2.69
Missouri,Hispanic/Latino,mean_score,2020,2.63
Missouri,Hispanic/Latino,mean_score,2015,2.55
Missouri,White,score_5,2025,4587
Missouri,White,score_5,2024,4142
Missouri,White,score_5,2020,3406
Missouri,White,score_5,2015,3230
Missouri,White,score_4,2025,8589
Missouri,White,score_4,2024,7343
Missouri,White,score_4,2020,5333
Missouri,White,score_4,2015,5130
Missouri,White,score_3,2025,7658
Missouri,White,score_3,2024,7004
Missouri,White,score_3,2020,6934
Missouri,White,score_3,2015,6890
Missouri,White,score_2,2025,4281
Missouri,White,score_2,2024,4757
Missouri,White,score_2,2020,5429
Missouri,White,score_2,2015,5254
Missouri,White,score_1,2025,1254
Missouri,White,score_1,2024,1855
Missouri,White,score_1,2020,2969
Missouri,White,score_1,2015,2884
Missouri,White,total_exams,2025,26369
Missouri,White,total_exams,2024,25101
Missouri,White,total_exams,2020,24071
Missouri,White,total_exams,2015,23388
Missouri,White,mean_score,2025,3.42
Missouri,White,mean_score,2024,3.29
Missouri,White,mean_score,2020,3.03
Missouri,White,mean_score,2015,3.02
Missouri,Black or African American,score_5,2025,180
Missouri,Black or African American,score_5,2024,132
Missouri,Black or African American,score_5,2020,79
Missouri,Black or African American,score_5,2015,83
Missouri,Black or African American,score_4,2025,498
Missouri,Black or African American,score_4,2024,357
Missouri,Black or African American,score_4,2020,210
Missouri,Black or African American,score_4,2015,171
Missouri,Black or African American,score_3,2025,933
Missouri,Black or African American,score_3,2024,690
Missouri,Black or African American,score_3,2020,453
Missouri,Black or African American,score_3,2015,318
Missouri,Black or African American,score_2,2025,1184
Missouri,Black or African American,score_2,2024,1043
Missouri,Black or African American,score_2,2020,625
Missouri,Black or African American,score_2,2015,651
Missouri,Black or African American,score_1,2025,1237
Missouri,Black or African American,score_1,2024,1434
Missouri,Black or African American,score_1,2020,777
Missouri,Black or African American,score_1,2015,1241
Missouri,Black or African American,total_exams,2025,4032
Missouri,Black or African American,total_exams,2024,3656
Missouri,Black or African American,total_exams,2020,2144
Missouri,Black or African American,total_exams,2015,2464
Missouri,Black or African American,mean_score,2025,2.31
Missouri,Black or African American,mean_score,2024,2.1
Missouri,Black or African American,mean_score,2020,2.16
Missouri,Black or African American,mean_score,2015,1.87
Missouri,Native American or Alaska Native,score_5,2025,**
Missouri,Native American or Alaska Native,score_5,2024,**
Missouri,Native American or Alaska Native,score_5,2020,19
Missouri,Native American or Alaska Native,score_5,2015,13
Missouri,Native American or Alaska Native,score_4,2025,**
Missouri,Native American or Alaska Native,score_4,2024,**
Missouri,Native American or Alaska Native,score_4,2020,29
Missouri,Native American or Alaska Native,score_4,2015,24
Missouri,Native American or Alaska Native,score_3,2025,**
Missouri,Native American or Alaska Native,score_3,2024,**
Missouri,Native American or Alaska Native,score_3,2020,67
Missouri,Native American or Alaska Native,score_3,2015,38
Missouri,Native American or Alaska Native,score_2,2025,**
Missouri,Native American or Alaska Native,score_2,2024,**
Missouri,Native American or Alaska Native,score_2,2020,68
Missouri,Native American or Alaska Native,score_2,2015,36
Missouri,Native American or Alaska Native,score_1,2025,**
Missouri,Native American or Alaska Native,score_1,2024,**
Missouri,Native American or Alaska Native,score_1,2020,60
Missouri,Native American or Alaska Native,score_1,2015,31
Missouri,Native American or Alaska Native,total_exams,2025,95
Missouri,Native American or Alaska Native,total_exams,2024,162
Missouri,Native American or Alaska Native,total_exams,2020,243
Missouri,Native American or Alaska Native,total_exams,2015,142
Missouri,Native American or Alaska Native,mean_score,2025,2.79
Missouri,Native American or Alaska Native,mean_score,2024,2.66
Missouri,Native American or Alaska Native,mean_score,2020,2.5
Missouri,Native American or Alaska Native,mean_score,2015,2.66
Missouri,Native Hawaiian or other Pacific Islander,score_5,2025,**
Missouri,Native Hawaiian or other Pacific Islander,score_5,2024,**
Missouri,Native Hawaiian or other Pacific Islander,score_5,2020,**
Missouri,Native Hawaiian or other Pacific Islander,score_5,2015,101
Missouri,Native Hawaiian or other Pacific Islander,score_4,2025,**
Missouri,Native Hawaiian or other Pacific Islander,score_4,2024,**
Missouri,Native Hawaiian or other Pacific Islander,score_4,2020,**
Missouri,Native Hawaiian or other Pacific Islander,score_4,2015,163
Missouri,Native Hawaiian or other Pacific Islander,score_3,2025,**
Missouri,Native Hawaiian or other Pacific Islander,score_3,2024,**
Missouri,Native Hawaiian or other Pacific Islander,score_3,2020,**
Missouri,Native Hawaiian or other Pacific Islander,score_3,2015,194
Missouri,Native Hawaiian or other Pacific Islander,score_2,2025,**
Missouri,Native Hawaiian or other Pacific Islander,score_2,2024,**
Missouri,Native Hawaiian or other Pacific Islander,score_2,2020,**
Missouri,Native Hawaiian or other Pacific Islander,score_2,2015,173
Missouri,Native Hawaiian or other Pacific Islander,score_1,2025,**
Missouri,Native Hawaiian or other Pacific Islander,score_1,2024,**
Missouri,Native Hawaiian or other Pacific Islander,score_1,2020,**
Missouri,Native Hawaiian or other Pacific Islander,score_1,2015,168
Missouri,Native Hawaiian or other Pacific Islander,total_exams,2025,54
Missouri,Native Hawaiian or other Pacific Islander,total_exams,2024,52
Missouri,Native Hawaiian or other Pacific Islander,total_exams,2020,48
Missouri,Native Hawaiian or other Pacific Islander,total_exams,2015,799
Missouri,Native Hawaiian or other Pacific Islander,mean_score,2025,2.56
Missouri,Native Hawaiian or other Pacific Islander,mean_score,2024,2.37
Missouri,Native Hawaiian or other Pacific Islander,mean_score,2020,2.71
Missouri,Native Hawaiian or other Pacific Islander,mean_score,2015,2.82
Missouri,Two or More Races,score_5,2025,382
Missouri,Two or More Races,score_5,2024,323
Missouri,Two or More Races,score_5,2020,222
Missouri,Two or More Races,score_4,2025,687
Missouri,Two or More Races,score_4,2024,607
Missouri,Two or More Races,score_4,2020,360
Missouri,Two or More Races,score_3,2025,599
Missouri,Two or More Races,score_3,2024,523
Missouri,Two or More Races,score_3,2020,531
Missouri,Two or More Races,score_2,2025,413
Missouri,Two or More Races,score_2,2024,468
Missouri,Two or More Races,score_2,2020,420
Missouri,Two or More Races,score_1,2025,174
Missouri,Two or More Races,score_1,2024,278
Missouri,Two or More Races,score_1,2020,357
Missouri,Two or More Races,total_exams,2025,2255
Missouri,Two or More Races,total_exams,2024,2199
Missouri,Two or More Races,total_exams,2020,1890
Missouri,Two or More Races,mean_score,2025,3.31
Missouri,Two or More Races,mean_score,2024,3.1
Missouri,Two or More Races,mean_score,2020,2.83
Missouri,No Response,total_exams,2025,1894
Missouri,No Response,total_exams,2024,1187
Missouri,No Response,total_exams,2020,1121
Missouri,No Response,total_exams,2015,840
Montana,Overall,score_5,2025,1264
Montana,Overall,score_5,2024,1099
Montana,Overall,score_5,2020,711
Montana,Overall,score_5,2015,493
Montana,Overall,score_4,2025,2772
Montana,Overall,score_4,2024,2352
Montana,Overall,score_4,2020,1178
Montana,Overall,score_4,2015,963
Montana,Overall,score_3,2025,2820
Montana,Overall,score_3,2024,2418
Montana,Overall,score_3,2020,1755
Montana,Overall,score_3,2015,1504
Montana,Overall,score_2,2025,1709
Montana,Overall,score_2,2024,1567
Montana,Overall,score_2,2020,1397
Montana,Overall,score_2,2015,1273
Montana,Overall,score_1,2025,331
Montana,Overall,score_1,2024,466
Montana,Overall,score_1,2020,707
Montana,Overall,score_1,2015,546
Montana,Overall,total_exams,2025,8896
Montana,Overall,total_exams,2024,7902
Montana,Overall,total_exams,2020,5748
Montana,Overall,total_exams,2015,4779
Montana,Overall,mean_score,2025,3.33
Montana,Overall,mean_score,2024,3.26
Montana,Overall,mean_score,2020,2.96
Montana,Overall,mean_score,2015,2.91
Montana,Asian,score_5,2025,**
Montana,Asian,score_5,2024,**
Montana,Asian,score_5,2020,29
Montana,Asian,score_5,2015,17
Montana,Asian,score_4,2025,**
Montana,Asian,score_4,2024,**
Montana,Asian,score_4,2020,38
Montana,Asian,score_4,2015,25
Montana,Asian,score_3,2025,**
Montana,Asian,score_3,2024,**
Montana,Asian,score_3,2020,30
Montana,Asian,score_3,2015,41
Montana,Asian,score_2,2025,**
Montana,Asian,score_2,2024,**
Montana,Asian,score_2,2020,30
Montana,Asian,score_2,2015,32
Montana,Asian,score_1,2025,**
Montana,Asian,score_1,2024,**
Montana,Asian,score_1,2020,12
Montana,Asian,score_1,2015,11
Montana,Asian,total_exams,2025,173
Montana,Asian,total_exams,2024,138
Montana,Asian,total_exams,2020,139
Montana,Asian,total_exams,2015,126
Montana,Asian,mean_score,2025,3.16
Montana,Asian,mean_score,2024,3.23
Montana,Asian,mean_score,2020,3.3
Montana,Asian,mean_score,2015,3.04
Montana,Hispanic/Latino,score_5,2025,44
Montana,Hispanic/Latino,score_5,2024,32
Montana,Hispanic/Latino,score_5,2020,32
Montana,Hispanic/Latino,score_5,2015,12
Montana,Hispanic/Latino,score_4,2025,118
Montana,Hispanic/Latino,score_4,2024,85
Montana,Hispanic/Latino,score_4,2020,46
Montana,Hispanic/Latino,score_4,2015,11
Montana,Hispanic/Latino,score_3,2025,147
Montana,Hispanic/Latino,score_3,2024,110
Montana,Hispanic/Latino,score_3,2020,71
Montana,Hispanic/Latino,score_3,2015,19
Montana,Hispanic/Latino,score_2,2025,108
Montana,Hispanic/Latino,score_2,2024,98
Montana,Hispanic/Latino,score_2,2020,75
Montana,Hispanic/Latino,score_2,2015,29
Montana,Hispanic/Latino,score_1,2025,31
Montana,Hispanic/Latino,score_1,2024,37
Montana,Hispanic/Latino,score_1,2020,35
Montana,Hispanic/Latino,score_1,2015,15
Montana,Hispanic/Latino,total_exams,2025,448
Montana,Hispanic/Latino,total_exams,2024,362
Montana,Hispanic/Latino,total_exams,2020,259
Montana,Hispanic/Latino,total_exams,2015,86
Montana,Hispanic/Latino,mean_score,2025,3.08
Montana,Hispanic/Latino,mean_score,2024,2.94
Montana,Hispanic/Latino,mean_score,2020,2.86
Montana,Hispanic/Latino,mean_score,2015,2.72
Montana,White,score_5,2025,1067
Montana,White,score_5,2024,951
Montana,White,score_5,2020,614
Montana,White,score_5,2015,441
Montana,White,score_4,2025,2339
Montana,White,score_4,2024,1989
Montana,White,score_4,2020,991
Montana,White,score_4,2015,878
Montana,White,score_3,2025,2320
Montana,White,score_3,2024,2064
Montana,White,score_3,2020,1505
Montana,White,score_3,2015,1348
Montana,White,score_2,2025,1362
Montana,White,score_2,2024,1274
Montana,White,score_2,2020,1162
Montana,White,score_2,2015,1117
Montana,White,score_1,2025,255
Montana,White,score_1,2024,364
Montana,White,score_1,2020,561
Montana,White,score_1,2015,459
Montana,White,total_exams,2025,7343
Montana,White,total_exams,2024,6642
Montana,White,total_exams,2020,4833
Montana,White,total_exams,2015,4243
Montana,White,mean_score,2025,3.35
Montana,White,mean_score,2024,3.28
Montana,White,mean_score,2020,2.99
Montana,White,mean_score,2015,2.94
Montana,Black or African American,score_5,2025,**
Montana,Black or African American,score_5,2024,**
Montana,Black or African American,score_5,2020,**
Montana,Black or African American,score_5,2015,**
Montana,Black or African American,score_4,2025,**
Montana,Black or African American,score_4,2024,**
Montana,Black or African American,score_4,2020,**
Montana,Black or African American,score_4,2015,**
Montana,Black or African American,score_3,2025,**
Montana,Black or African American,score_3,2024,**
Montana,Black or African American,score_3,2020,**
Montana,Black or African American,score_3,2015,**
Montana,Black or African American,score_2,2025,**
Montana,Black or African American,score_2,2024,**
Montana,Black or African American,score_2,2020,**
Montana,Black or African American,score_2,2015,**
Montana,Black or African American,score_1,2025,**
Montana,Black or African American,score_1,2024,**
Montana,Black or African American,score_1,2020,**
Montana,Black or African American,score_1,2015,**
Montana,Black or African American,total_exams,2025,48
Montana,Black or African American,total_exams,2024,41
Montana,Black or African American,total_exams,2020,15
Montana,Black or African American,total_exams,2015,27
Montana,Black or African American,mean_score,2025,2.94
Montana,Black or African American,mean_score,2024,2.59
Montana,Black or African American,mean_score,2020,2.33
Montana,Black or African American,mean_score,2015,2.89
Montana,Native American or Alaska Native,score_5,2025,**
Montana,Native American or Alaska Native,score_5,2024,**
Montana,Native American or Alaska Native,score_5,2020,**
Montana,Native American or Alaska Native,score_5,2015,**
Montana,Native American or Alaska Native,score_4,2025,**
Montana,Native American or Alaska Native,score_4,2024,**
Montana,Native American or Alaska Native,score_4,2020,**
Montana,Native American or Alaska Native,score_4,2015,**
Montana,Native American or Alaska Native,score_3,2025,**
Montana,Native American or Alaska Native,score_3,2024,**
Montana,Native American or Alaska Native,score_3,2020,**
Montana,Native American or Alaska Native,score_3,2015,**
Montana,Native American or Alaska Native,score_2,2025,**
Montana,Native American or Alaska Native,score_2,2024,**
Montana,Native American or Alaska Native,score_2,2020,**
Montana,Native American or Alaska Native,score_2,2015,**
Montana,Native American or Alaska Native,score_1,2025,**
Montana,Native American or Alaska Native,score_1,2024,**
Montana,Native American or Alaska Native,score_1,2020,**
Montana,Native American or Alaska Native,score_1,2015,**
Montana,Native American or Alaska Native,total_exams,2025,101
Montana,Native American or Alaska Native,total_exams,2024,96
Montana,Native American or Alaska Native,total_exams,2020,86
Montana,Native American or Alaska Native,total_exams,2015,107
Montana,Native American or Alaska Native,mean_score,2025,2.61
Montana,Native American or Alaska Native,mean_score,2024,2.58
Montana,Native American or Alaska Native,mean_score,2020,2.29
Montana,Native American or Alaska Native,mean_score,2015,2.19
Montana,Native Hawaiian or other Pacific Islander,score_5,2025,**
Montana,Native Hawaiian or other Pacific Islander,score_5,2024,**
Montana,Native Hawaiian or other Pacific Islander,score_5,2020,**
Montana,Native Hawaiian or other Pacific Islander,score_5,2015,**
Montana,Native Hawaiian or other Pacific Islander,score_4,2025,**
Montana,Native Hawaiian or other Pacific Islander,score_4,2024,**
Montana,Native Hawaiian or other Pacific Islander,score_4,2020,**
Montana,Native Hawaiian or other Pacific Islander,score_4,2015,**
Montana,Native Hawaiian or other Pacific Islander,score_3,2025,**
Montana,Native Hawaiian or other Pacific Islander,score_3,2024,**
Montana,Native Hawaiian or other Pacific Islander,score_3,2020,**
Montana,Native Hawaiian or other Pacific Islander,score_3,2015,**
Montana,Native Hawaiian or other Pacific Islander,score_2,2025,**
Montana,Native Hawaiian or other Pacific Islander,score_2,2024,**
Montana,Native Hawaiian or other Pacific Islander,score_2,2020,**
Montana,Native Hawaiian or other Pacific Islander,score_2,2015,**
Montana,Native Hawaiian or other Pacific Islander,score_1,2025,**
Montana,Native Hawaiian or other Pacific Islander,score_1,2024,**
Montana,Native Hawaiian or other Pacific Islander,score_1,2020,**
Montana,Native Hawaiian or other Pacific Islander,score_1,2015,**
Montana,Native Hawaiian or other Pacific Islander,total_exams,2025,**
Montana,Native Hawaiian or other Pacific Islander,total_exams,2024,**
Montana,Native Hawaiian or other Pacific Islander,total_exams,2020,**
Montana,Native Hawaiian or other Pacific Islander,total_exams,2015,45
Montana,Native Hawaiian or other Pacific Islander,mean_score,2025,**
Montana,Native Hawaiian or other Pacific Islander,mean_score,2024,**
Montana,Native Hawaiian or other Pacific Islander,mean_score,2020,**
Montana,Native Hawaiian or other Pacific Islander,mean_score,2015,3.4
Montana,Two or More Races,score_5,2025,67
Montana,Two or More Races,score_5,2024,57
Montana,Two or More Races,score_5,2020,19
Montana,Two or More Races,score_4,2025,123
Montana,Two or More Races,score_4,2024,115
Montana,Two or More Races,score_4,2020,61
Montana,Two or More Races,score_3,2025,109
Montana,Two or More Races,score_3,2024,97
Montana,Two or More Races,score_3,2020,85
Montana,Two or More Races,score_2,2025,71
Montana,Two or More Races,score_2,2024,51
Montana,Two or More Races,score_2,2020,76
Montana,Two or More Races,score_1,2025,11
Montana,Two or More Races,score_1,2024,22
Montana,Two or More Races,score_1,2020,45
Montana,Two or More Races,total_exams,2025,381
Montana,Two or More Races,total_exams,2024,342
Montana,Two or More Races,total_exams,2020,286
Montana,Two or More Races,mean_score,2025,3.43
Montana,Two or More Races,mean_score,2024,3.39
Montana,Two or More Races,mean_score,2020,2.77
Montana,No Response,total_exams,2025,395
Montana,No Response,total_exams,2024,276
Montana,No Response,total_exams,2020,127
Montana,No Response,total_exams,2015,145
Nebraska,Overall,score_5,2025,2592
Nebraska,Overall,score_5,2024,2092
Nebraska,Overall,score_5,2020,1352
Nebraska,Overall,score_5,2015,1087
Nebraska,Overall,score_4,2025,5105
Nebraska,Overall,score_4,2024,4175
Nebraska,Overall,score_4,2020,2357
Nebraska,Overall,score_4,2015,2170
Nebraska,Overall,score_3,2025,4935
Nebraska,Overall,score_3,2024,4035
Nebraska,Overall,score_3,2020,3488
Nebraska,Overall,score_3,2015,3203
Nebraska,Overall,score_2,2025,3654
Nebraska,Overall,score_2,2024,3451
Nebraska,Overall,score_2,2020,2756
Nebraska,Overall,score_2,2015,2818
Nebraska,Overall,score_1,2025,1825
Nebraska,Overall,score_1,2024,2126
Nebraska,Overall,score_1,2020,2117
Nebraska,Overall,score_1,2015,2244
Nebraska,Overall,total_exams,2025,18111
Nebraska,Overall,total_exams,2024,15879
Nebraska,Overall,total_exams,2020,12070
Nebraska,Overall,total_exams,2015,11522
Nebraska,Overall,mean_score,2025,3.16
Nebraska,Overall,mean_score,2024,3.04
Nebraska,Overall,mean_score,2020,2.84
Nebraska,Overall,mean_score,2015,2.74
Nebraska,Asian,score_5,2025,396
Nebraska,Asian,score_5,2024,316
Nebraska,Asian,score_5,2020,190
Nebraska,Asian,score_5,2015,143
Nebraska,Asian,score_4,2025,478
Nebraska,Asian,score_4,2024,411
Nebraska,Asian,score_4,2020,267
Nebraska,Asian,score_4,2015,221
Nebraska,Asian,score_3,2025,428
Nebraska,Asian,score_3,2024,348
Nebraska,Asian,score_3,2020,268
Nebraska,Asian,score_3,2015,265
Nebraska,Asian,score_2,2025,340
Nebraska,Asian,score_2,2024,321
Nebraska,Asian,score_2,2020,210
Nebraska,Asian,score_2,2015,181
Nebraska,Asian,score_1,2025,236
Nebraska,Asian,score_1,2024,272
Nebraska,Asian,score_1,2020,190
Nebraska,Asian,score_1,2015,145
Nebraska,Asian,total_exams,2025,1878
Nebraska,Asian,total_exams,2024,1668
Nebraska,Asian,total_exams,2020,1125
Nebraska,Asian,total_exams,2015,955
Nebraska,Asian,mean_score,2025,3.24
Nebraska,Asian,mean_score,2024,3.11
Nebraska,Asian,mean_score,2020,3.05
Nebraska,Asian,mean_score,2015,3.04
Nebraska,Hispanic/Latino,score_5,2025,139
Nebraska,Hispanic/Latino,score_5,2024,126
Nebraska,Hispanic/Latino,score_5,2020,89
Nebraska,Hispanic/Latino,score_5,2015,57
Nebraska,Hispanic/Latino,score_4,2025,449
Nebraska,Hispanic/Latino,score_4,2024,336
Nebraska,Hispanic/Latino,score_4,2020,161
Nebraska,Hispanic/Latino,score_4,2015,120
Nebraska,Hispanic/Latino,score_3,2025,627
Nebraska,Hispanic/Latino,score_3,2024,519
Nebraska,Hispanic/Latino,score_3,2020,279
Nebraska,Hispanic/Latino,score_3,2015,146
Nebraska,Hispanic/Latino,score_2,2025,843
Nebraska,Hispanic/Latino,score_2,2024,672
Nebraska,Hispanic/Latino,score_2,2020,286
Nebraska,Hispanic/Latino,score_2,2015,200
Nebraska,Hispanic/Latino,score_1,2025,627
Nebraska,Hispanic/Latino,score_1,2024,643
Nebraska,Hispanic/Latino,score_1,2020,381
Nebraska,Hispanic/Latino,score_1,2015,377
Nebraska,Hispanic/Latino,total_exams,2025,2685
Nebraska,Hispanic/Latino,total_exams,2024,2296
Nebraska,Hispanic/Latino,total_exams,2020,1196
Nebraska,Hispanic/Latino,total_exams,2015,900
Nebraska,Hispanic/Latino,mean_score,2025,2.49
Nebraska,Hispanic/Latino,mean_score,2024,2.4
Nebraska,Hispanic/Latino,mean_score,2020,2.41
Nebraska,Hispanic/Latino,mean_score,2015,2.2
Nebraska,White,score_5,2025,1823
Nebraska,White,score_5,2024,1457
Nebraska,White,score_5,2020,960
Nebraska,White,score_5,2015,829
Nebraska,White,score_4,2025,3623
Nebraska,White,score_4,2024,3036
Nebraska,White,score_4,2020,1708
Nebraska,White,score_4,2015,1723
Nebraska,White,score_3,2025,3235
Nebraska,White,score_3,2024,2731
Nebraska,White,score_3,2020,2598
Nebraska,White,score_3,2015,2579
Nebraska,White,score_2,2025,1878
Nebraska,White,score_2,2024,1968
Nebraska,White,score_2,2020,1924
Nebraska,White,score_2,2015,2192
Nebraska,White,score_1,2025,562
Nebraska,White,score_1,2024,800
Nebraska,White,score_1,2020,1242
Nebraska,White,score_1,2015,1449
Nebraska,White,total_exams,2025,11121
Nebraska,White,total_exams,2024,9992
Nebraska,White,total_exams,2020,8432
Nebraska,White,total_exams,2015,8772
Nebraska,White,mean_score,2025,3.38
Nebraska,White,mean_score,2024,3.24
Nebraska,White,mean_score,2020,2.91
Nebraska,White,mean_score,2015,2.81
Nebraska,Black or African American,score_5,2025,41
Nebraska,Black or African American,score_5,2024,31
Nebraska,Black or African American,score_5,2020,32
Nebraska,Black or African American,score_5,2015,13
Nebraska,Black or African American,score_4,2025,117
Nebraska,Black or African American,score_4,2024,102
Nebraska,Black or African American,score_4,2020,41
Nebraska,Black or African American,score_4,2015,36
Nebraska,Black or African American,score_3,2025,242
Nebraska,Black or African American,score_3,2024,146
Nebraska,Black or African American,score_3,2020,79
Nebraska,Black or African American,score_3,2015,85
Nebraska,Black or African American,score_2,2025,301
Nebraska,Black or African American,score_2,2024,215
Nebraska,Black or African American,score_2,2020,102
Nebraska,Black or African American,score_2,2015,99
Nebraska,Black or African American,score_1,2025,235
Nebraska,Black or African American,score_1,2024,256
Nebraska,Black or African American,score_1,2020,125
Nebraska,Black or African American,score_1,2015,117
Nebraska,Black or African American,total_exams,2025,936
Nebraska,Black or African American,total_exams,2024,750
Nebraska,Black or African American,total_exams,2020,379
Nebraska,Black or African American,total_exams,2015,350
Nebraska,Black or African American,mean_score,2025,2.39
Nebraska,Black or African American,mean_score,2024,2.25
Nebraska,Black or African American,mean_score,2020,2.35
Nebraska,Black or African American,mean_score,2015,2.23
Nebraska,Native American or Alaska Native,score_5,2025,**
Nebraska,Native American or Alaska Native,score_5,2024,**
Nebraska,Native American or Alaska Native,score_5,2020,**
Nebraska,Native American or Alaska Native,score_5,2015,**
Nebraska,Native American or Alaska Native,score_4,2025,**
Nebraska,Native American or Alaska Native,score_4,2024,**
Nebraska,Native American or Alaska Native,score_4,2020,**
Nebraska,Native American or Alaska Native,score_4,2015,**
Nebraska,Native American or Alaska Native,score_3,2025,**
Nebraska,Native American or Alaska Native,score_3,2024,**
Nebraska,Native American or Alaska Native,score_3,2020,**
Nebraska,Native American or Alaska Native,score_3,2015,**
Nebraska,Native American or Alaska Native,score_2,2025,**
Nebraska,Native American or Alaska Native,score_2,2024,**
Nebraska,Native American or Alaska Native,score_2,2020,**
Nebraska,Native American or Alaska Native,score_2,2015,**
Nebraska,Native American or Alaska Native,score_1,2025,**
Nebraska,Native American or Alaska Native,score_1,2024,**
Nebraska,Native American or Alaska Native,score_1,2020,**
Nebraska,Native American or Alaska Native,score_1,2015,**
Nebraska,Native American or Alaska Native,total_exams,2025,46
Nebraska,Native American or Alaska Native,total_exams,2024,22
Nebraska,Native American or Alaska Native,total_exams,2020,61
Nebraska,Native American or Alaska Native,total_exams,2015,59
Nebraska,Native American or Alaska Native,mean_score,2025,2.91
Nebraska,Native American or Alaska Native,mean_score,2024,2.86
Nebraska,Native American or Alaska Native,mean_score,2020,2.43
Nebraska,Native American or Alaska Native,mean_score,2015,2.63
Nebraska,Native Hawaiian or other Pacific Islander,score_5,2025,**
Nebraska,Native Hawaiian or other Pacific Islander,score_5,2024,**
Nebraska,Native Hawaiian or other Pacific Islander,score_5,2020,**
Nebraska,Native Hawaiian or other Pacific Islander,score_5,2015,25
Nebraska,Native Hawaiian or other Pacific Islander,score_4,2025,**
Nebraska,Native Hawaiian or other Pacific Islander,score_4,2024,**
Nebraska,Native Hawaiian or other Pacific Islander,score_4,2020,**
Nebraska,Native Hawaiian or other Pacific Islander,score_4,2015,31
Nebraska,Native Hawaiian or other Pacific Islander,score_3,2025,**
Nebraska,Native Hawaiian or other Pacific Islander,score_3,2024,**
Nebraska,Native Hawaiian or other Pacific Islander,score_3,2020,**
Nebraska,Native Hawaiian or other Pacific Islander,score_3,2015,48
Nebraska,Native Hawaiian or other Pacific Islander,score_2,2025,**
Nebraska,Native Hawaiian or other Pacific Islander,score_2,2024,**
Nebraska,Native Hawaiian or other Pacific Islander,score_2,2020,**
Nebraska,Native Hawaiian or other Pacific Islander,score_2,2015,61
Nebraska,Native Hawaiian or other Pacific Islander,score_1,2025,**
Nebraska,Native Hawaiian or other Pacific Islander,score_1,2024,**
Nebraska,Native Hawaiian or other Pacific Islander,score_1,2020,**
Nebraska,Native Hawaiian or other Pacific Islander,score_1,2015,53
Nebraska,Native Hawaiian or other Pacific Islander,total_exams,2025,**
Nebraska,Native Hawaiian or other Pacific Islander,total_exams,2024,16
Nebraska,Native Hawaiian or other Pacific Islander,total_exams,2020,11
Nebraska,Native Hawaiian or other Pacific Islander,total_exams,2015,218
Nebraska,Native Hawaiian or other Pacific Islander,mean_score,2025,**
Nebraska,Native Hawaiian or other Pacific Islander,mean_score,2024,2.5
Nebraska,Native Hawaiian or other Pacific Islander,mean_score,2020,2.36
Nebraska,Native Hawaiian or other Pacific Islander,mean_score,2015,2.61
Nebraska,Two or More Races,score_5,2025,104
Nebraska,Two or More Races,score_5,2024,99
Nebraska,Two or More Races,score_5,2020,52
Nebraska,Two or More Races,score_4,2025,243
Nebraska,Two or More Races,score_4,2024,192
Nebraska,Two or More Races,score_4,2020,107
Nebraska,Two or More Races,score_3,2025,255
Nebraska,Two or More Races,score_3,2024,195
Nebraska,Two or More Races,score_3,2020,162
Nebraska,Two or More Races,score_2,2025,192
Nebraska,Two or More Races,score_2,2024,180
Nebraska,Two or More Races,score_2,2020,147
Nebraska,Two or More Races,score_1,2025,93
Nebraska,Two or More Races,score_1,2024,99
Nebraska,Two or More Races,score_1,2020,106
Nebraska,Two or More Races,total_exams,2025,887
Nebraska,Two or More Races,total_exams,2024,765
Nebraska,Two or More Races,total_exams,2020,574
Nebraska,Two or More Races,mean_score,2025,3.08
Nebraska,Two or More Races,mean_score,2024,3.02
Nebraska,Two or More Races,mean_score,2020,2.74
Nebraska,No Response,total_exams,2025,552
Nebraska,No Response,total_exams,2024,370
Nebraska,No Response,total_exams,2020,292
Nebraska,No Response,total_exams,2015,268
Nevada,Overall,score_5,2025,4457
Nevada,Overall,score_5,2024,3845
Nevada,Overall,score_5,2020,3525
Nevada,Overall,score_5,2015,2359
Nevada,Overall,score_4,2025,9317
Nevada,Overall,score_4,2024,7717
Nevada,Overall,score_4,2020,5637
Nevada,Overall,score_4,2015,4351
Nevada,Overall,score_3,2025,11223
Nevada,Overall,score_3,2024,9423
Nevada,Overall,score_3,2020,8200
Nevada,Overall,score_3,2015,7445
Nevada,Overall,score_2,2025,9887
Nevada,Overall,score_2,2024,9071
Nevada,Overall,score_2,2020,7570
Nevada,Overall,score_2,2015,8160
Nevada,Overall,score_1,2025,6712
Nevada,Overall,score_1,2024,8263
Nevada,Overall,score_1,2020,6561
Nevada,Overall,score_1,2015,7051
Nevada,Overall,total_exams,2025,41596
Nevada,Overall,total_exams,2024,38319
Nevada,Overall,total_exams,2020,31493
Nevada,Overall,total_exams,2015,29366
Nevada,Overall,mean_score,2025,2.88
Nevada,Overall,mean_score,2024,2.73
Nevada,Overall,mean_score,2020,2.75
Nevada,Overall,mean_score,2015,2.55
Nevada,Asian,score_5,2025,1231
Nevada,Asian,score_5,2024,1083
Nevada,Asian,score_5,2020,846
Nevada,Asian,score_5,2015,544
Nevada,Asian,score_4,2025,2075
Nevada,Asian,score_4,2024,1761
Nevada,Asian,score_4,2020,1143
Nevada,Asian,score_4,2015,899
Nevada,Asian,score_3,2025,2063
Nevada,Asian,score_3,2024,1779
Nevada,Asian,score_3,2020,1467
Nevada,Asian,score_3,2015,1526
Nevada,Asian,score_2,2025,1446
Nevada,Asian,score_2,2024,1363
Nevada,Asian,score_2,2020,1114
Nevada,Asian,score_2,2015,1590
Nevada,Asian,score_1,2025,753
Nevada,Asian,score_1,2024,910
Nevada,Asian,score_1,2020,723
Nevada,Asian,score_1,2015,1121
Nevada,Asian,total_exams,2025,7568
Nevada,Asian,total_exams,2024,6896
Nevada,Asian,total_exams,2020,5293
Nevada,Asian,total_exams,2015,5680
Nevada,Asian,mean_score,2025,3.21
Nevada,Asian,mean_score,2024,3.11
Nevada,Asian,mean_score,2020,3.05
Nevada,Asian,mean_score,2015,2.68
Nevada,Hispanic/Latino,score_5,2025,866
Nevada,Hispanic/Latino,score_5,2024,749
Nevada,Hispanic/Latino,score_5,2020,930
Nevada,Hispanic/Latino,score_5,2015,460
Nevada,Hispanic/Latino,score_4,2025,2356
Nevada,Hispanic/Latino,score_4,2024,1889
Nevada,Hispanic/Latino,score_4,2020,1560
Nevada,Hispanic/Latino,score_4,2015,876
Nevada,Hispanic/Latino,score_3,2025,3629
Nevada,Hispanic/Latino,score_3,2024,2966
Nevada,Hispanic/Latino,score_3,2020,2375
Nevada,Hispanic/Latino,score_3,2015,1489
Nevada,Hispanic/Latino,score_2,2025,4138
Nevada,Hispanic/Latino,score_2,2024,3602
Nevada,Hispanic/Latino,score_2,2020,2611
Nevada,Hispanic/Latino,score_2,2015,2161
Nevada,Hispanic/Latino,score_1,2025,3534
Nevada,Hispanic/Latino,score_1,2024,4139
Nevada,Hispanic/Latino,score_1,2020,3037
Nevada,Hispanic/Latino,score_1,2015,2703
Nevada,Hispanic/Latino,total_exams,2025,14523
Nevada,Hispanic/Latino,total_exams,2024,13345
Nevada,Hispanic/Latino,total_exams,2020,10513
Nevada,Hispanic/Latino,total_exams,2015,7689
Nevada,Hispanic/Latino,mean_score,2025,2.51
Nevada,Hispanic/Latino,mean_score,2024,2.36
Nevada,Hispanic/Latino,mean_score,2020,2.5
Nevada,Hispanic/Latino,mean_score,2015,2.25
Nevada,White,score_5,2025,1668
Nevada,White,score_5,2024,1482
Nevada,White,score_5,2020,1311
Nevada,White,score_5,2015,1166
Nevada,White,score_4,2025,3388
Nevada,White,score_4,2024,2907
Nevada,White,score_4,2020,2107
Nevada,White,score_4,2015,2188
Nevada,White,score_3,2025,3605
Nevada,White,score_3,2024,3264
Nevada,White,score_3,2020,3118
Nevada,White,score_3,2015,3658
Nevada,White,score_2,2025,2552
Nevada,White,score_2,2024,2657
Nevada,White,score_2,2020,2580
Nevada,White,score_2,2015,3378
Nevada,White,score_1,2025,1138
Nevada,White,score_1,2024,1653
Nevada,White,score_1,2020,1566
Nevada,White,score_1,2015,2164
Nevada,White,total_exams,2025,12351
Nevada,White,total_exams,2024,11963
Nevada,White,total_exams,2020,10682
Nevada,White,total_exams,2015,12554
Nevada,White,mean_score,2025,3.15
Nevada,White,mean_score,2024,2.99
Nevada,White,mean_score,2020,2.91
Nevada,White,mean_score,2015,2.75
Nevada,Black or African American,score_5,2025,159
Nevada,Black or African American,score_5,2024,96
Nevada,Black or African American,score_5,2020,58
Nevada,Black or African American,score_5,2015,47
Nevada,Black or African American,score_4,2025,417
Nevada,Black or African American,score_4,2024,295
Nevada,Black or African American,score_4,2020,154
Nevada,Black or African American,score_4,2015,122
Nevada,Black or African American,score_3,2025,661
Nevada,Black or African American,score_3,2024,431
Nevada,Black or African American,score_3,2020,268
Nevada,Black or African American,score_3,2015,310
Nevada,Black or African American,score_2,2025,778
Nevada,Black or African American,score_2,2024,549
Nevada,Black or African American,score_2,2020,342
Nevada,Black or African American,score_2,2015,423
Nevada,Black or African American,score_1,2025,630
Nevada,Black or African American,score_1,2024,798
Nevada,Black or African American,score_1,2020,382
Nevada,Black or African American,score_1,2015,457
Nevada,Black or African American,total_exams,2025,2645
Nevada,Black or African American,total_exams,2024,2169
Nevada,Black or African American,total_exams,2020,1204
Nevada,Black or African American,total_exams,2015,1359
Nevada,Black or African American,mean_score,2025,2.51
Nevada,Black or African American,mean_score,2024,2.24
Nevada,Black or African American,mean_score,2020,2.31
Nevada,Black or African American,mean_score,2015,2.18
Nevada,Native American or Alaska Native,score_5,2025,**
Nevada,Native American or Alaska Native,score_5,2024,**
Nevada,Native American or Alaska Native,score_5,2020,**
Nevada,Native American or Alaska Native,score_5,2015,14
Nevada,Native American or Alaska Native,score_4,2025,**
Nevada,Native American or Alaska Native,score_4,2024,**
Nevada,Native American or Alaska Native,score_4,2020,**
Nevada,Native American or Alaska Native,score_4,2015,33
Nevada,Native American or Alaska Native,score_3,2025,**
Nevada,Native American or Alaska Native,score_3,2024,**
Nevada,Native American or Alaska Native,score_3,2020,**
Nevada,Native American or Alaska Native,score_3,2015,52
Nevada,Native American or Alaska Native,score_2,2025,**
Nevada,Native American or Alaska Native,score_2,2024,**
Nevada,Native American or Alaska Native,score_2,2020,**
Nevada,Native American or Alaska Native,score_2,2015,70
Nevada,Native American or Alaska Native,score_1,2025,**
Nevada,Native American or Alaska Native,score_1,2024,**
Nevada,Native American or Alaska Native,score_1,2020,**
Nevada,Native American or Alaska Native,score_1,2015,62
Nevada,Native American or Alaska Native,total_exams,2025,117
Nevada,Native American or Alaska Native,total_exams,2024,100
Nevada,Native American or Alaska Native,total_exams,2020,144
Nevada,Native American or Alaska Native,total_exams,2015,231
Nevada,Native American or Alaska Native,mean_score,2025,2.74
Nevada,Native American or Alaska Native,mean_score,2024,2.35
Nevada,Native American or Alaska Native,mean_score,2020,2.29
Nevada,Native American or Alaska Native,mean_score,2015,2.42
Nevada,Native Hawaiian or other Pacific Islander,score_5,2025,15
Nevada,Native Hawaiian or other Pacific Islander,score_5,2024,**
Nevada,Native Hawaiian or other Pacific Islander,score_5,2020,11
Nevada,Native Hawaiian or other Pacific Islander,score_5,2015,93
Nevada,Native Hawaiian or other Pacific Islander,score_4,2025,43
Nevada,Native Hawaiian or other Pacific Islander,score_4,2024,**
Nevada,Native Hawaiian or other Pacific Islander,score_4,2020,17
Nevada,Native Hawaiian or other Pacific Islander,score_4,2015,142
Nevada,Native Hawaiian or other Pacific Islander,score_3,2025,60
Nevada,Native Hawaiian or other Pacific Islander,score_3,2024,**
Nevada,Native Hawaiian or other Pacific Islander,score_3,2020,30
Nevada,Native Hawaiian or other Pacific Islander,score_3,2015,224
Nevada,Native Hawaiian or other Pacific Islander,score_2,2025,52
Nevada,Native Hawaiian or other Pacific Islander,score_2,2024,**
Nevada,Native Hawaiian or other Pacific Islander,score_2,2020,59
Nevada,Native Hawaiian or other Pacific Islander,score_2,2015,265
Nevada,Native Hawaiian or other Pacific Islander,score_1,2025,52
Nevada,Native Hawaiian or other Pacific Islander,score_1,2024,**
Nevada,Native Hawaiian or other Pacific Islander,score_1,2020,49
Nevada,Native Hawaiian or other Pacific Islander,score_1,2015,192
Nevada,Native Hawaiian or other Pacific Islander,total_exams,2025,222
Nevada,Native Hawaiian or other Pacific Islander,total_exams,2024,196
Nevada,Native Hawaiian or other Pacific Islander,total_exams,2020,166
Nevada,Native Hawaiian or other Pacific Islander,total_exams,2015,916
Nevada,Native Hawaiian or other Pacific Islander,mean_score,2025,2.63
Nevada,Native Hawaiian or other Pacific Islander,mean_score,2024,2.32
Nevada,Native Hawaiian or other Pacific Islander,mean_score,2020,2.29
Nevada,Native Hawaiian or other Pacific Islander,mean_score,2015,2.65
Nevada,Two or More Races,score_5,2025,391
Nevada,Two or More Races,score_5,2024,353
Nevada,Two or More Races,score_5,2020,268
Nevada,Two or More Races,score_4,2025,822
Nevada,Two or More Races,score_4,2024,707
Nevada,Two or More Races,score_4,2020,477
Nevada,Two or More Races,score_3,2025,946
Nevada,Two or More Races,score_3,2024,807
Nevada,Two or More Races,score_3,2020,685
Nevada,Two or More Races,score_2,2025,684
Nevada,Two or More Races,score_2,2024,690
Nevada,Two or More Races,score_2,2020,615
Nevada,Two or More Races,score_1,2025,382
Nevada,Two or More Races,score_1,2024,502
Nevada,Two or More Races,score_1,2020,488
Nevada,Two or More Races,total_exams,2025,3225
Nevada,Two or More Races,total_exams,2024,3059
Nevada,Two or More Races,total_exams,2020,2533
Nevada,Two or More Races,mean_score,2025,3.05
Nevada,Two or More Races,mean_score,2024,2.91
Nevada,Two or More Races,mean_score,2020,2.77
Nevada,No Response,total_exams,2025,945
Nevada,No Response,total_exams,2024,591
Nevada,No Response,total_exams,2020,958
Nevada,No Response,total_exams,2015,937
New Hampshire,Overall,score_5,2025,2094
New Hampshire,Overall,score_5,2024,1689
New Hampshire,Overall,score_5,2020,1722
New Hampshire,Overall,score_5,2015,1403
New Hampshire,Overall,score_4,2025,3418
New Hampshire,Overall,score_4,2024,2894
New Hampshire,Overall,score_4,2020,2353
New Hampshire,Overall,score_4,2015,2181
New Hampshire,Overall,score_3,2025,2924
New Hampshire,Overall,score_3,2024,2664
New Hampshire,Overall,score_3,2020,2587
New Hampshire,Overall,score_3,2015,2738
New Hampshire,Overall,score_2,2025,1681
New Hampshire,Overall,score_2,2024,1847
New Hampshire,Overall,score_2,2020,1689
New Hampshire,Overall,score_2,2015,1690
New Hampshire,Overall,score_1,2025,506
New Hampshire,Overall,score_1,2024,679
New Hampshire,Overall,score_1,2020,753
New Hampshire,Overall,score_1,2015,817
New Hampshire,Overall,total_exams,2025,10623
New Hampshire,Overall,total_exams,2024,9773
New Hampshire,Overall,total_exams,2020,9104
New Hampshire,Overall,total_exams,2015,8829
New Hampshire,Overall,mean_score,2025,3.46
New Hampshire,Overall,mean_score,2024,3.31
New Hampshire,Overall,mean_score,2020,3.29
New Hampshire,Overall,mean_score,2015,3.19
New Hampshire,Asian,score_5,2025,313
New Hampshire,Asian,score_5,2024,298
New Hampshire,Asian,score_5,2020,307
New Hampshire,Asian,score_5,2015,172
New Hampshire,Asian,score_4,2025,343
New Hampshire,Asian,score_4,2024,349
New Hampshire,Asian,score_4,2020,252
New Hampshire,Asian,score_4,2015,161
New Hampshire,Asian,score_3,2025,247
New Hampshire,Asian,score_3,2024,254
New Hampshire,Asian,score_3,2020,216
New Hampshire,Asian,score_3,2015,200
New Hampshire,Asian,score_2,2025,158
New Hampshire,Asian,score_2,2024,161
New Hampshire,Asian,score_2,2020,100
New Hampshire,Asian,score_2,2015,127
New Hampshire,Asian,score_1,2025,54
New Hampshire,Asian,score_1,2024,73
New Hampshire,Asian,score_1,2020,45
New Hampshire,Asian,score_1,2015,65
New Hampshire,Asian,total_exams,2025,1115
New Hampshire,Asian,total_exams,2024,1135
New Hampshire,Asian,total_exams,2020,920
New Hampshire,Asian,total_exams,2015,725
New Hampshire,Asian,mean_score,2025,3.63
New Hampshire,Asian,mean_score,2024,3.56
New Hampshire,Asian,mean_score,2020,3.73
New Hampshire,Asian,mean_score,2015,3.34
New Hampshire,Hispanic/Latino,score_5,2025,84
New Hampshire,Hispanic/Latino,score_5,2024,64
New Hampshire,Hispanic/Latino,score_5,2020,57
New Hampshire,Hispanic/Latino,score_5,2015,10
New Hampshire,Hispanic/Latino,score_4,2025,171
New Hampshire,Hispanic/Latino,score_4,2024,151
New Hampshire,Hispanic/Latino,score_4,2020,84
New Hampshire,Hispanic/Latino,score_4,2015,39
New Hampshire,Hispanic/Latino,score_3,2025,192
New Hampshire,Hispanic/Latino,score_3,2024,120
New Hampshire,Hispanic/Latino,score_3,2020,107
New Hampshire,Hispanic/Latino,score_3,2015,49
New Hampshire,Hispanic/Latino,score_2,2025,118
New Hampshire,Hispanic/Latino,score_2,2024,95
New Hampshire,Hispanic/Latino,score_2,2020,85
New Hampshire,Hispanic/Latino,score_2,2015,41
New Hampshire,Hispanic/Latino,score_1,2025,37
New Hampshire,Hispanic/Latino,score_1,2024,56
New Hampshire,Hispanic/Latino,score_1,2020,47
New Hampshire,Hispanic/Latino,score_1,2015,24
New Hampshire,Hispanic/Latino,total_exams,2025,602
New Hampshire,Hispanic/Latino,total_exams,2024,486
New Hampshire,Hispanic/Latino,total_exams,2020,380
New Hampshire,Hispanic/Latino,total_exams,2015,163
New Hampshire,Hispanic/Latino,mean_score,2025,3.24
New Hampshire,Hispanic/Latino,mean_score,2024,3.15
New Hampshire,Hispanic/Latino,mean_score,2020,3.05
New Hampshire,Hispanic/Latino,mean_score,2015,2.82
New Hampshire,White,score_5,2025,1400
New Hampshire,White,score_5,2024,1143
New Hampshire,White,score_5,2020,1229
New Hampshire,White,score_5,2015,1152
New Hampshire,White,score_4,2025,2422
New Hampshire,White,score_4,2024,2054
New Hampshire,White,score_4,2020,1836
New Hampshire,White,score_4,2015,1903
New Hampshire,White,score_3,2025,2107
New Hampshire,White,score_3,2024,1972
New Hampshire,White,score_3,2020,2051
New Hampshire,White,score_3,2015,2357
New Hampshire,White,score_2,2025,1146
New Hampshire,White,score_2,2024,1344
New Hampshire,White,score_2,2020,1355
New Hampshire,White,score_2,2015,1433
New Hampshire,White,score_1,2025,341
New Hampshire,White,score_1,2024,468
New Hampshire,White,score_1,2020,595
New Hampshire,White,score_1,2015,696
New Hampshire,White,total_exams,2025,7416
New Hampshire,White,total_exams,2024,6981
New Hampshire,White,total_exams,2020,7066
New Hampshire,White,total_exams,2015,7541
New Hampshire,White,mean_score,2025,3.46
New Hampshire,White,mean_score,2024,3.3
New Hampshire,White,mean_score,2020,3.25
New Hampshire,White,mean_score,2015,3.18
New Hampshire,Black or African American,score_5,2025,**
New Hampshire,Black or African American,score_5,2024,**
New Hampshire,Black or African American,score_5,2020,**
New Hampshire,Black or African American,score_5,2015,**
New Hampshire,Black or African American,score_4,2025,**
New Hampshire,Black or African American,score_4,2024,**
New Hampshire,Black or African American,score_4,2020,**
New Hampshire,Black or African American,score_4,2015,**
New Hampshire,Black or African American,score_3,2025,**
New Hampshire,Black or African American,score_3,2024,**
New Hampshire,Black or African American,score_3,2020,**
New Hampshire,Black or African American,score_3,2015,**
New Hampshire,Black or African American,score_2,2025,**
New Hampshire,Black or African American,score_2,2024,**
New Hampshire,Black or African American,score_2,2020,**
New Hampshire,Black or African American,score_2,2015,**
New Hampshire,Black or African American,score_1,2025,**
New Hampshire,Black or African American,score_1,2024,**
New Hampshire,Black or African American,score_1,2020,**
New Hampshire,Black or African American,score_1,2015,**
New Hampshire,Black or African American,total_exams,2025,134
New Hampshire,Black or African American,total_exams,2024,122
New Hampshire,Black or African American,total_exams,2020,63
New Hampshire,Black or African American,total_exams,2015,70
New Hampshire,Black or African American,mean_score,2025,3.02
New Hampshire,Black or African American,mean_score,2024,2.7
New Hampshire,Black or African American,mean_score,2020,2.89
New Hampshire,Black or African American,mean_score,2015,2.89
New Hampshire,Native American or Alaska Native,score_5,2025,**
New Hampshire,Native American or Alaska Native,score_5,2024,**
New Hampshire,Native American or Alaska Native,score_5,2020,**
New Hampshire,Native American or Alaska Native,score_5,2015,**
New Hampshire,Native American or Alaska Native,score_4,2025,**
New Hampshire,Native American or Alaska Native,score_4,2024,**
New Hampshire,Native American or Alaska Native,score_4,2020,**
New Hampshire,Native American or Alaska Native,score_4,2015,**
New Hampshire,Native American or Alaska Native,score_3,2025,**
New Hampshire,Native American or Alaska Native,score_3,2024,**
New Hampshire,Native American or Alaska Native,score_3,2020,**
New Hampshire,Native American or Alaska Native,score_3,2015,**
New Hampshire,Native American or Alaska Native,score_2,2025,**
New Hampshire,Native American or Alaska Native,score_2,2024,**
New Hampshire,Native American or Alaska Native,score_2,2020,**
New Hampshire,Native American or Alaska Native,score_2,2015,**
New Hampshire,Native American or Alaska Native,score_1,2025,**
New Hampshire,Native American or Alaska Native,score_1,2024,**
New Hampshire,Native American or Alaska Native,score_1,2020,**
New Hampshire,Native American or Alaska Native,score_1,2015,**
New Hampshire,Native American or Alaska Native,total_exams,2025,19
New Hampshire,Native American or Alaska Native,total_exams,2024,22
New Hampshire,Native American or Alaska Native,total_exams,2020,48
New Hampshire,Native American or Alaska Native,total_exams,2015,31
New Hampshire,Native American or Alaska Native,mean_score,2025,2.68
New Hampshire,Native American or Alaska Native,mean_score,2024,2.59
New Hampshire,Native American or Alaska Native,mean_score,2020,2.83
New Hampshire,Native American or Alaska Native,mean_score,2015,2.74
New Hampshire,Native Hawaiian or other Pacific Islander,score_5,2025,**
New Hampshire,Native Hawaiian or other Pacific Islander,score_5,2024,**
New Hampshire,Native Hawaiian or other Pacific Islander,score_5,2020,**
New Hampshire,Native Hawaiian or other Pacific Islander,score_5,2015,39
New Hampshire,Native Hawaiian or other Pacific Islander,score_4,2025,**
New Hampshire,Native Hawaiian or other Pacific Islander,score_4,2024,**
New Hampshire,Native Hawaiian or other Pacific Islander,score_4,2020,**
New Hampshire,Native Hawaiian or other Pacific Islander,score_4,2015,24
New Hampshire,Native Hawaiian or other Pacific Islander,score_3,2025,**
New Hampshire,Native Hawaiian or other Pacific Islander,score_3,2024,**
New Hampshire,Native Hawaiian or other Pacific Islander,score_3,2020,**
New Hampshire,Native Hawaiian or other Pacific Islander,score_3,2015,37
New Hampshire,Native Hawaiian or other Pacific Islander,score_2,2025,**
New Hampshire,Native Hawaiian or other Pacific Islander,score_2,2024,**
New Hampshire,Native Hawaiian or other Pacific Islander,score_2,2020,**
New Hampshire,Native Hawaiian or other Pacific Islander,score_2,2015,19
New Hampshire,Native Hawaiian or other Pacific Islander,score_1,2025,**
New Hampshire,Native Hawaiian or other Pacific Islander,score_1,2024,**
New Hampshire,Native Hawaiian or other Pacific Islander,score_1,2020,**
New Hampshire,Native Hawaiian or other Pacific Islander,score_1,2015,12
New Hampshire,Native Hawaiian or other Pacific Islander,total_exams,2025,**
New Hampshire,Native Hawaiian or other Pacific Islander,total_exams,2024,**
New Hampshire,Native Hawaiian or other Pacific Islander,total_exams,2020,**
New Hampshire,Native Hawaiian or other Pacific Islander,total_exams,2015,131
New Hampshire,Native Hawaiian or other Pacific Islander,mean_score,2025,**
New Hampshire,Native Hawaiian or other Pacific Islander,mean_score,2024,**
New Hampshire,Native Hawaiian or other Pacific Islander,mean_score,2020,**
New Hampshire,Native Hawaiian or other Pacific Islander,mean_score,2015,3.45
New Hampshire,Two or More Races,score_5,2025,86
New Hampshire,Two or More Races,score_5,2024,82
New Hampshire,Two or More Races,score_5,2020,61
New Hampshire,Two or More Races,score_4,2025,152
New Hampshire,Two or More Races,score_4,2024,120
New Hampshire,Two or More Races,score_4,2020,80
New Hampshire,Two or More Races,score_3,2025,115
New Hampshire,Two or More Races,score_3,2024,102
New Hampshire,Two or More Races,score_3,2020,89
New Hampshire,Two or More Races,score_2,2025,61
New Hampshire,Two or More Races,score_2,2024,60
New Hampshire,Two or More Races,score_2,2020,55
New Hampshire,Two or More Races,score_1,2025,14
New Hampshire,Two or More Races,score_1,2024,20
New Hampshire,Two or More Races,score_1,2020,28
New Hampshire,Two or More Races,total_exams,2025,428
New Hampshire,Two or More Races,total_exams,2024,384
New Hampshire,Two or More Races,total_exams,2020,313
New Hampshire,Two or More Races,mean_score,2025,3.55
New Hampshire,Two or More Races,mean_score,2024,3.48
New Hampshire,Two or More Races,mean_score,2020,3.29
New Hampshire,No Response,total_exams,2025,908
New Hampshire,No Response,total_exams,2024,642
New Hampshire,No Response,total_exams,2020,311
New Hampshire,No Response,total_exams,2015,168
New Jersey,Overall,score_5,2025,43047
New Jersey,Overall,score_5,2024,36090
New Jersey,Overall,score_5,2020,32202
New Jersey,Overall,score_5,2015,22303
New Jersey,Overall,score_4,2025,53291
New Jersey,Overall,score_4,2024,46582
New Jersey,Overall,score_4,2020,35617
New Jersey,Overall,score_4,2015,27161
New Jersey,Overall,score_3,2025,43770
New Jersey,Overall,score_3,2024,39350
New Jersey,Overall,score_3,2020,35292
New Jersey,Overall,score_3,2015,27991
New Jersey,Overall,score_2,2025,25626
New Jersey,Overall,score_2,2024,27048
New Jersey,Overall,score_2,2020,21699
New Jersey,Overall,score_2,2015,19115
New Jersey,Overall,score_1,2025,14683
New Jersey,Overall,score_1,2024,18500
New Jersey,Overall,score_1,2020,13179
New Jersey,Overall,score_1,2015,14102
New Jersey,Overall,total_exams,2025,180417
New Jersey,Overall,total_exams,2024,167570
New Jersey,Overall,total_exams,2020,137989
New Jersey,Overall,total_exams,2015,110672
New Jersey,Overall,mean_score,2025,3.47
New Jersey,Overall,mean_score,2024,3.33
New Jersey,Overall,mean_score,2020,3.38
New Jersey,Overall,mean_score,2015,3.22
New Jersey,Asian,score_5,2025,17026
New Jersey,Asian,score_5,2024,15541
New Jersey,Asian,score_5,2020,12006
New Jersey,Asian,score_5,2015,7935
New Jersey,Asian,score_4,2025,16618
New Jersey,Asian,score_4,2024,15238
New Jersey,Asian,score_4,2020,10258
New Jersey,Asian,score_4,2015,7317
New Jersey,Asian,score_3,2025,10633
New Jersey,Asian,score_3,2024,10169
New Jersey,Asian,score_3,2020,8116
New Jersey,Asian,score_3,2015,6298
New Jersey,Asian,score_2,2025,4925
New Jersey,Asian,score_2,2024,5430
New Jersey,Asian,score_2,2020,3898
New Jersey,Asian,score_2,2015,3536
New Jersey,Asian,score_1,2025,2095
New Jersey,Asian,score_1,2024,2834
New Jersey,Asian,score_1,2020,1815
New Jersey,Asian,score_1,2015,2200
New Jersey,Asian,total_exams,2025,51297
New Jersey,Asian,total_exams,2024,49212
New Jersey,Asian,total_exams,2020,36093
New Jersey,Asian,total_exams,2015,27286
New Jersey,Asian,mean_score,2025,3.81
New Jersey,Asian,mean_score,2024,3.72
New Jersey,Asian,mean_score,2020,3.74
New Jersey,Asian,mean_score,2015,3.56
New Jersey,Hispanic/Latino,score_5,2025,4658
New Jersey,Hispanic/Latino,score_5,2024,3672
New Jersey,Hispanic/Latino,score_5,2020,3398
New Jersey,Hispanic/Latino,score_5,2015,1526
New Jersey,Hispanic/Latino,score_4,2025,7960
New Jersey,Hispanic/Latino,score_4,2024,6580
New Jersey,Hispanic/Latino,score_4,2020,4629
New Jersey,Hispanic/Latino,score_4,2015,2163
New Jersey,Hispanic/Latino,score_3,2025,9040
New Jersey,Hispanic/Latino,score_3,2024,7535
New Jersey,Hispanic/Latino,score_3,2020,5711
New Jersey,Hispanic/Latino,score_3,2015,2687
New Jersey,Hispanic/Latino,score_2,2025,7111
New Jersey,Hispanic/Latino,score_2,2024,7118
New Jersey,Hispanic/Latino,score_2,2020,4758
New Jersey,Hispanic/Latino,score_2,2015,2706
New Jersey,Hispanic/Latino,score_1,2025,5743
New Jersey,Hispanic/Latino,score_1,2024,6866
New Jersey,Hispanic/Latino,score_1,2020,4314
New Jersey,Hispanic/Latino,score_1,2015,3515
New Jersey,Hispanic/Latino,total_exams,2025,34512
New Jersey,Hispanic/Latino,total_exams,2024,31771
New Jersey,Hispanic/Latino,total_exams,2020,22810
New Jersey,Hispanic/Latino,total_exams,2015,12597
New Jersey,Hispanic/Latino,mean_score,2025,2.96
New Jersey,Hispanic/Latino,mean_score,2024,2.78
New Jersey,Hispanic/Latino,mean_score,2020,2.91
New Jersey,Hispanic/Latino,mean_score,2015,2.64
New Jersey,White,score_5,2025,15342
New Jersey,White,score_5,2024,12975
New Jersey,White,score_5,2020,13333
New Jersey,White,score_5,2015,11256
New Jersey,White,score_4,2025,21080
New Jersey,White,score_4,2024,19522
New Jersey,White,score_4,2020,16696
New Jersey,White,score_4,2015,15339
New Jersey,White,score_3,2025,16994
New Jersey,White,score_3,2024,16704
New Jersey,White,score_3,2020,16965
New Jersey,White,score_3,2015,16026
New Jersey,White,score_2,2025,9014
New Jersey,White,score_2,2024,10440
New Jersey,White,score_2,2020,9727
New Jersey,White,score_2,2015,10171
New Jersey,White,score_1,2025,3542
New Jersey,White,score_1,2024,5260
New Jersey,White,score_1,2020,4318
New Jersey,White,score_1,2015,5427
New Jersey,White,total_exams,2025,65972
New Jersey,White,total_exams,2024,64901
New Jersey,White,total_exams,2020,61039
New Jersey,White,total_exams,2015,58219
New Jersey,White,mean_score,2025,3.54
New Jersey,White,mean_score,2024,3.38
New Jersey,White,mean_score,2020,3.41
New Jersey,White,mean_score,2015,3.29
New Jersey,Black or African American,score_5,2025,835
New Jersey,Black or African American,score_5,2024,673
New Jersey,Black or African American,score_5,2020,568
New Jersey,Black or African American,score_5,2015,370
New Jersey,Black or African American,score_4,2025,2013
New Jersey,Black or African American,score_4,2024,1697
New Jersey,Black or African American,score_4,2020,1065
New Jersey,Black or African American,score_4,2015,718
New Jersey,Black or African American,score_3,2025,2828
New Jersey,Black or African American,score_3,2024,2295
New Jersey,Black or African American,score_3,2020,1765
New Jersey,Black or African American,score_3,2015,1153
New Jersey,Black or African American,score_2,2025,2309
New Jersey,Black or African American,score_2,2024,2425
New Jersey,Black or African American,score_2,2020,1733
New Jersey,Black or African American,score_2,2015,1421
New Jersey,Black or African American,score_1,2025,1939
New Jersey,Black or African American,score_1,2024,2534
New Jersey,Black or African American,score_1,2020,1865
New Jersey,Black or African American,score_1,2015,1770
New Jersey,Black or African American,total_exams,2025,9924
New Jersey,Black or African American,total_exams,2024,9624
New Jersey,Black or African American,total_exams,2020,6996
New Jersey,Black or African American,total_exams,2015,5432
New Jersey,Black or African American,mean_score,2025,2.75
New Jersey,Black or African American,mean_score,2024,2.54
New Jersey,Black or African American,mean_score,2020,2.53
New Jersey,Black or African American,mean_score,2015,2.36
New Jersey,Native American or Alaska Native,score_5,2025,10
New Jersey,Native American or Alaska Native,score_5,2024,26
New Jersey,Native American or Alaska Native,score_5,2020,55
New Jersey,Native American or Alaska Native,score_5,2015,40
New Jersey,Native American or Alaska Native,score_4,2025,31
New Jersey,Native American or Alaska Native,score_4,2024,36
New Jersey,Native American or Alaska Native,score_4,2020,60
New Jersey,Native American or Alaska Native,score_4,2015,48
New Jersey,Native American or Alaska Native,score_3,2025,30
New Jersey,Native American or Alaska Native,score_3,2024,41
New Jersey,Native American or Alaska Native,score_3,2020,81
New Jersey,Native American or Alaska Native,score_3,2015,58
New Jersey,Native American or Alaska Native,score_2,2025,22
New Jersey,Native American or Alaska Native,score_2,2024,68
New Jersey,Native American or Alaska Native,score_2,2020,58
New Jersey,Native American or Alaska Native,score_2,2015,39
New Jersey,Native American or Alaska Native,score_1,2025,25
New Jersey,Native American or Alaska Native,score_1,2024,44
New Jersey,Native American or Alaska Native,score_1,2020,43
New Jersey,Native American or Alaska Native,score_1,2015,24
New Jersey,Native American or Alaska Native,total_exams,2025,118
New Jersey,Native American or Alaska Native,total_exams,2024,215
New Jersey,Native American or Alaska Native,total_exams,2020,297
New Jersey,Native American or Alaska Native,total_exams,2015,209
New Jersey,Native American or Alaska Native,mean_score,2025,2.82
New Jersey,Native American or Alaska Native,mean_score,2024,2.68
New Jersey,Native American or Alaska Native,mean_score,2020,3.09
New Jersey,Native American or Alaska Native,mean_score,2015,3.2
New Jersey,Native Hawaiian or other Pacific Islander,score_5,2025,**
New Jersey,Native Hawaiian or other Pacific Islander,score_5,2024,**
New Jersey,Native Hawaiian or other Pacific Islander,score_5,2020,11
New Jersey,Native Hawaiian or other Pacific Islander,score_5,2015,858
New Jersey,Native Hawaiian or other Pacific Islander,score_4,2025,**
New Jersey,Native Hawaiian or other Pacific Islander,score_4,2024,**
New Jersey,Native Hawaiian or other Pacific Islander,score_4,2020,29
New Jersey,Native Hawaiian or other Pacific Islander,score_4,2015,1034
New Jersey,Native Hawaiian or other Pacific Islander,score_3,2025,**
New Jersey,Native Hawaiian or other Pacific Islander,score_3,2024,**
New Jersey,Native Hawaiian or other Pacific Islander,score_3,2020,25
New Jersey,Native Hawaiian or other Pacific Islander,score_3,2015,1091
New Jersey,Native Hawaiian or other Pacific Islander,score_2,2025,**
New Jersey,Native Hawaiian or other Pacific Islander,score_2,2024,**
New Jersey,Native Hawaiian or other Pacific Islander,score_2,2020,21
New Jersey,Native Hawaiian or other Pacific Islander,score_2,2015,686
New Jersey,Native Hawaiian or other Pacific Islander,score_1,2025,**
New Jersey,Native Hawaiian or other Pacific Islander,score_1,2024,**
New Jersey,Native Hawaiian or other Pacific Islander,score_1,2020,10
New Jersey,Native Hawaiian or other Pacific Islander,score_1,2015,555
New Jersey,Native Hawaiian or other Pacific Islander,total_exams,2025,91
New Jersey,Native Hawaiian or other Pacific Islander,total_exams,2024,89
New Jersey,Native Hawaiian or other Pacific Islander,total_exams,2020,96
New Jersey,Native Hawaiian or other Pacific Islander,total_exams,2015,4224
New Jersey,Native Hawaiian or other Pacific Islander,mean_score,2025,3.52
New Jersey,Native Hawaiian or other Pacific Islander,mean_score,2024,2.91
New Jersey,Native Hawaiian or other Pacific Islander,mean_score,2020,3.1
New Jersey,Native Hawaiian or other Pacific Islander,mean_score,2015,3.23
New Jersey,Two or More Races,score_5,2025,1842
New Jersey,Two or More Races,score_5,2024,1564
New Jersey,Two or More Races,score_5,2020,1240
New Jersey,Two or More Races,score_4,2025,2190
New Jersey,Two or More Races,score_4,2024,2014
New Jersey,Two or More Races,score_4,2020,1378
New Jersey,Two or More Races,score_3,2025,1623
New Jersey,Two or More Races,score_3,2024,1430
New Jersey,Two or More Races,score_3,2020,1372
New Jersey,Two or More Races,score_2,2025,770
New Jersey,Two or More Races,score_2,2024,812
New Jersey,Two or More Races,score_2,2020,798
New Jersey,Two or More Races,score_1,2025,372
New Jersey,Two or More Races,score_1,2024,475
New Jersey,Two or More Races,score_1,2020,400
New Jersey,Two or More Races,total_exams,2025,6797
New Jersey,Two or More Races,total_exams,2024,6295
New Jersey,Two or More Races,total_exams,2020,5188
New Jersey,Two or More Races,mean_score,2025,3.64
New Jersey,Two or More Races,mean_score,2024,3.54
New Jersey,Two or More Races,mean_score,2020,3.44
New Jersey,No Response,total_exams,2025,11706
New Jersey,No Response,total_exams,2024,5463
New Jersey,No Response,total_exams,2020,5470
New Jersey,No Response,total_exams,2015,2705
New Mexico,Overall,score_5,2025,1281
New Mexico,Overall,score_5,2024,1188
New Mexico,Overall,score_5,2020,1043
New Mexico,Overall,score_5,2015,871
New Mexico,Overall,score_4,2025,3063
New Mexico,Overall,score_4,2024,2677
New Mexico,Overall,score_4,2020,1931
New Mexico,Overall,score_4,2015,1587
New Mexico,Overall,score_3,2025,4474
New Mexico,Overall,score_3,2024,3786
New Mexico,Overall,score_3,2020,3393
New Mexico,Overall,score_3,2015,2728
New Mexico,Overall,score_2,2025,4886
New Mexico,Overall,score_2,2024,4996
New Mexico,Overall,score_2,2020,4032
New Mexico,Overall,score_2,2015,3792
New Mexico,Overall,score_1,2025,4505
New Mexico,Overall,score_1,2024,5006
New Mexico,Overall,score_1,2020,4324
New Mexico,Overall,score_1,2015,4851
New Mexico,Overall,total_exams,2025,18209
New Mexico,Overall,total_exams,2024,17653
New Mexico,Overall,total_exams,2020,14723
New Mexico,Overall,total_exams,2015,13829
New Mexico,Overall,mean_score,2025,2.55
New Mexico,Overall,mean_score,2024,2.44
New Mexico,Overall,mean_score,2020,2.41
New Mexico,Overall,mean_score,2015,2.26
New Mexico,Asian,score_5,2025,153
New Mexico,Asian,score_5,2024,159
New Mexico,Asian,score_5,2020,117
New Mexico,Asian,score_5,2015,113
New Mexico,Asian,score_4,2025,216
New Mexico,Asian,score_4,2024,197
New Mexico,Asian,score_4,2020,151
New Mexico,Asian,score_4,2015,133
New Mexico,Asian,score_3,2025,217
New Mexico,Asian,score_3,2024,170
New Mexico,Asian,score_3,2020,203
New Mexico,Asian,score_3,2015,193
New Mexico,Asian,score_2,2025,173
New Mexico,Asian,score_2,2024,185
New Mexico,Asian,score_2,2020,160
New Mexico,Asian,score_2,2015,187
New Mexico,Asian,score_1,2025,88
New Mexico,Asian,score_1,2024,115
New Mexico,Asian,score_1,2020,122
New Mexico,Asian,score_1,2015,158
New Mexico,Asian,total_exams,2025,847
New Mexico,Asian,total_exams,2024,826
New Mexico,Asian,total_exams,2020,753
New Mexico,Asian,total_exams,2015,784
New Mexico,Asian,mean_score,2025,3.2
New Mexico,Asian,mean_score,2024,3.12
New Mexico,Asian,mean_score,2020,2.97
New Mexico,Asian,mean_score,2015,2.82
New Mexico,Hispanic/Latino,score_5,2025,421
New Mexico,Hispanic/Latino,score_5,2024,376
New Mexico,Hispanic/Latino,score_5,2020,198
New Mexico,Hispanic/Latino,score_5,2015,272
New Mexico,Hispanic/Latino,score_4,2025,1349
New Mexico,Hispanic/Latino,score_4,2024,1156
New Mexico,Hispanic/Latino,score_4,2020,394
New Mexico,Hispanic/Latino,score_4,2015,558
New Mexico,Hispanic/Latino,score_3,2025,2434
New Mexico,Hispanic/Latino,score_3,2024,2066
New Mexico,Hispanic/Latino,score_3,2020,831
New Mexico,Hispanic/Latino,score_3,2015,978
New Mexico,Hispanic/Latino,score_2,2025,3024
New Mexico,Hispanic/Latino,score_2,2024,3152
New Mexico,Hispanic/Latino,score_2,2020,1089
New Mexico,Hispanic/Latino,score_2,2015,1674
New Mexico,Hispanic/Latino,score_1,2025,3092
New Mexico,Hispanic/Latino,score_1,2024,3574
New Mexico,Hispanic/Latino,score_1,2020,1481
New Mexico,Hispanic/Latino,score_1,2015,2538
New Mexico,Hispanic/Latino,total_exams,2025,10320
New Mexico,Hispanic/Latino,total_exams,2024,10324
New Mexico,Hispanic/Latino,total_exams,2020,3993
New Mexico,Hispanic/Latino,total_exams,2015,6020
New Mexico,Hispanic/Latino,mean_score,2025,2.32
New Mexico,Hispanic/Latino,mean_score,2024,2.19
New Mexico,Hispanic/Latino,mean_score,2020,2.18
New Mexico,Hispanic/Latino,mean_score,2015,2.06
New Mexico,White,score_5,2025,573
New Mexico,White,score_5,2024,553
New Mexico,White,score_5,2020,443
New Mexico,White,score_5,2015,447
New Mexico,White,score_4,2025,1214
New Mexico,White,score_4,2024,1107
New Mexico,White,score_4,2020,818
New Mexico,White,score_4,2015,771
New Mexico,White,score_3,2025,1373
New Mexico,White,score_3,2024,1242
New Mexico,White,score_3,2020,1393
New Mexico,White,score_3,2015,1289
New Mexico,White,score_2,2025,1158
New Mexico,White,score_2,2024,1182
New Mexico,White,score_2,2020,1376
New Mexico,White,score_2,2015,1418
New Mexico,White,score_1,2025,712
New Mexico,White,score_1,2024,715
New Mexico,White,score_1,2020,1039
New Mexico,White,score_1,2015,1220
New Mexico,White,total_exams,2025,5030
New Mexico,White,total_exams,2024,4799
New Mexico,White,total_exams,2020,5069
New Mexico,White,total_exams,2015,5145
New Mexico,White,mean_score,2025,2.96
New Mexico,White,mean_score,2024,2.92
New Mexico,White,mean_score,2020,2.65
New Mexico,White,mean_score,2015,2.57
New Mexico,Black or African American,score_5,2025,**
New Mexico,Black or African American,score_5,2024,**
New Mexico,Black or African American,score_5,2020,**
New Mexico,Black or African American,score_5,2015,**
New Mexico,Black or African American,score_4,2025,**
New Mexico,Black or African American,score_4,2024,**
New Mexico,Black or African American,score_4,2020,**
New Mexico,Black or African American,score_4,2015,**
New Mexico,Black or African American,score_3,2025,**
New Mexico,Black or African American,score_3,2024,**
New Mexico,Black or African American,score_3,2020,**
New Mexico,Black or African American,score_3,2015,**
New Mexico,Black or African American,score_2,2025,**
New Mexico,Black or African American,score_2,2024,**
New Mexico,Black or African American,score_2,2020,**
New Mexico,Black or African American,score_2,2015,**
New Mexico,Black or African American,score_1,2025,**
New Mexico,Black or African American,score_1,2024,**
New Mexico,Black or African American,score_1,2020,**
New Mexico,Black or African American,score_1,2015,**
New Mexico,Black or African American,total_exams,2025,244
New Mexico,Black or African American,total_exams,2024,189
New Mexico,Black or African American,total_exams,2020,223
New Mexico,Black or African American,total_exams,2015,253
New Mexico,Black or African American,mean_score,2025,2.44
New Mexico,Black or African American,mean_score,2024,2.15
New Mexico,Black or African American,mean_score,2020,2.28
New Mexico,Black or African American,mean_score,2015,1.97
New Mexico,Native American or Alaska Native,score_5,2025,13
New Mexico,Native American or Alaska Native,score_5,2024,**
New Mexico,Native American or Alaska Native,score_5,2020,**
New Mexico,Native American or Alaska Native,score_5,2015,**
New Mexico,Native American or Alaska Native,score_4,2025,44
New Mexico,Native American or Alaska Native,score_4,2024,**
New Mexico,Native American or Alaska Native,score_4,2020,**
New Mexico,Native American or Alaska Native,score_4,2015,**
New Mexico,Native American or Alaska Native,score_3,2025,102
New Mexico,Native American or Alaska Native,score_3,2024,**
New Mexico,Native American or Alaska Native,score_3,2020,**
New Mexico,Native American or Alaska Native,score_3,2015,**
New Mexico,Native American or Alaska Native,score_2,2025,208
New Mexico,Native American or Alaska Native,score_2,2024,**
New Mexico,Native American or Alaska Native,score_2,2020,**
New Mexico,Native American or Alaska Native,score_2,2015,**
New Mexico,Native American or Alaska Native,score_1,2025,340
New Mexico,Native American or Alaska Native,score_1,2024,**
New Mexico,Native American or Alaska Native,score_1,2020,**
New Mexico,Native American or Alaska Native,score_1,2015,**
New Mexico,Native American or Alaska Native,total_exams,2025,707
New Mexico,Native American or Alaska Native,total_exams,2024,669
New Mexico,Native American or Alaska Native,total_exams,2020,623
New Mexico,Native American or Alaska Native,total_exams,2015,792
New Mexico,Native American or Alaska Native,mean_score,2025,1.84
New Mexico,Native American or Alaska Native,mean_score,2024,1.67
New Mexico,Native American or Alaska Native,mean_score,2020,1.76
New Mexico,Native American or Alaska Native,mean_score,2015,1.48
New Mexico,Native Hawaiian or other Pacific Islander,score_5,2025,**
New Mexico,Native Hawaiian or other Pacific Islander,score_5,2024,**
New Mexico,Native Hawaiian or other Pacific Islander,score_5,2020,**
New Mexico,Native Hawaiian or other Pacific Islander,score_5,2015,10
New Mexico,Native Hawaiian or other Pacific Islander,score_4,2025,**
New Mexico,Native Hawaiian or other Pacific Islander,score_4,2024,**
New Mexico,Native Hawaiian or other Pacific Islander,score_4,2020,**
New Mexico,Native Hawaiian or other Pacific Islander,score_4,2015,39
New Mexico,Native Hawaiian or other Pacific Islander,score_3,2025,**
New Mexico,Native Hawaiian or other Pacific Islander,score_3,2024,**
New Mexico,Native Hawaiian or other Pacific Islander,score_3,2020,**
New Mexico,Native Hawaiian or other Pacific Islander,score_3,2015,71
New Mexico,Native Hawaiian or other Pacific Islander,score_2,2025,**
New Mexico,Native Hawaiian or other Pacific Islander,score_2,2024,**
New Mexico,Native Hawaiian or other Pacific Islander,score_2,2020,**
New Mexico,Native Hawaiian or other Pacific Islander,score_2,2015,66
New Mexico,Native Hawaiian or other Pacific Islander,score_1,2025,**
New Mexico,Native Hawaiian or other Pacific Islander,score_1,2024,**
New Mexico,Native Hawaiian or other Pacific Islander,score_1,2020,**
New Mexico,Native Hawaiian or other Pacific Islander,score_1,2015,99
New Mexico,Native Hawaiian or other Pacific Islander,total_exams,2025,26
New Mexico,Native Hawaiian or other Pacific Islander,total_exams,2024,13
New Mexico,Native Hawaiian or other Pacific Islander,total_exams,2020,17
New Mexico,Native Hawaiian or other Pacific Islander,total_exams,2015,285
New Mexico,Native Hawaiian or other Pacific Islander,mean_score,2025,1.92
New Mexico,Native Hawaiian or other Pacific Islander,mean_score,2024,1.69
New Mexico,Native Hawaiian or other Pacific Islander,mean_score,2020,2
New Mexico,Native Hawaiian or other Pacific Islander,mean_score,2015,2.28
New Mexico,Two or More Races,score_5,2025,70
New Mexico,Two or More Races,score_5,2024,59
New Mexico,Two or More Races,score_5,2020,36
New Mexico,Two or More Races,score_4,2025,123
New Mexico,Two or More Races,score_4,2024,118
New Mexico,Two or More Races,score_4,2020,62
New Mexico,Two or More Races,score_3,2025,180
New Mexico,Two or More Races,score_3,2024,145
New Mexico,Two or More Races,score_3,2020,87
New Mexico,Two or More Races,score_2,2025,141
New Mexico,Two or More Races,score_2,2024,159
New Mexico,Two or More Races,score_2,2020,76
New Mexico,Two or More Races,score_1,2025,103
New Mexico,Two or More Races,score_1,2024,104
New Mexico,Two or More Races,score_1,2020,67
New Mexico,Two or More Races,total_exams,2025,617
New Mexico,Two or More Races,total_exams,2024,585
New Mexico,Two or More Races,total_exams,2020,328
New Mexico,Two or More Races,mean_score,2025,2.86
New Mexico,Two or More Races,mean_score,2024,2.78
New Mexico,Two or More Races,mean_score,2020,2.77
New Mexico,No Response,total_exams,2025,418
New Mexico,No Response,total_exams,2024,248
New Mexico,No Response,total_exams,2020,3717
New Mexico,No Response,total_exams,2015,550
New York,Overall,score_5,2025,63648
New York,Overall,score_5,2024,54012
New York,Overall,score_5,2020,44032
New York,Overall,score_5,2015,32322
New York,Overall,score_4,2025,100405
New York,Overall,score_4,2024,84520
New York,Overall,score_4,2020,64439
New York,Overall,score_4,2015,49828
New York,Overall,score_3,2025,95176
New York,Overall,score_3,2024,82683
New York,Overall,score_3,2020,79483
New York,Overall,score_3,2015,65334
New York,Overall,score_2,2025,62821
New York,Overall,score_2,2024,65753
New York,Overall,score_2,2020,59685
New York,Overall,score_2,2015,53210
New York,Overall,score_1,2025,30726
New York,Overall,score_1,2024,40864
New York,Overall,score_1,2020,35625
New York,Overall,score_1,2015,34515
New York,Overall,total_exams,2025,352776
New York,Overall,total_exams,2024,327832
New York,Overall,total_exams,2020,283264
New York,Overall,total_exams,2015,235209
New York,Overall,mean_score,2025,3.29
New York,Overall,mean_score,2024,3.14
New York,Overall,mean_score,2020,3.08
New York,Overall,mean_score,2015,2.97
New York,Asian,score_5,2025,20909
New York,Asian,score_5,2024,18336
New York,Asian,score_5,2020,12348
New York,Asian,score_5,2015,8120
New York,Asian,score_4,2025,26006
New York,Asian,score_4,2024,22566
New York,Asian,score_4,2020,14289
New York,Asian,score_4,2015,9842
New York,Asian,score_3,2025,19526
New York,Asian,score_3,2024,17697
New York,Asian,score_3,2020,14879
New York,Asian,score_3,2015,10859
New York,Asian,score_2,2025,10678
New York,Asian,score_2,2024,11863
New York,Asian,score_2,2020,9279
New York,Asian,score_2,2015,8057
New York,Asian,score_1,2025,4338
New York,Asian,score_1,2024,6016
New York,Asian,score_1,2020,4779
New York,Asian,score_1,2015,5261
New York,Asian,total_exams,2025,81457
New York,Asian,total_exams,2024,76478
New York,Asian,total_exams,2020,55574
New York,Asian,total_exams,2015,42139
New York,Asian,mean_score,2025,3.6
New York,Asian,mean_score,2024,3.46
New York,Asian,mean_score,2020,3.36
New York,Asian,mean_score,2015,3.18
New York,Hispanic/Latino,score_5,2025,7481
New York,Hispanic/Latino,score_5,2024,6161
New York,Hispanic/Latino,score_5,2020,5751
New York,Hispanic/Latino,score_5,2015,2755
New York,Hispanic/Latino,score_4,2025,16644
New York,Hispanic/Latino,score_4,2024,13072
New York,Hispanic/Latino,score_4,2020,9829
New York,Hispanic/Latino,score_4,2015,4778
New York,Hispanic/Latino,score_3,2025,22334
New York,Hispanic/Latino,score_3,2024,17565
New York,Hispanic/Latino,score_3,2020,14678
New York,Hispanic/Latino,score_3,2015,6678
New York,Hispanic/Latino,score_2,2025,19388
New York,Hispanic/Latino,score_2,2024,18455
New York,Hispanic/Latino,score_2,2020,14071
New York,Hispanic/Latino,score_2,2015,7435
New York,Hispanic/Latino,score_1,2025,11898
New York,Hispanic/Latino,score_1,2024,15511
New York,Hispanic/Latino,score_1,2020,11178
New York,Hispanic/Latino,score_1,2015,7028
New York,Hispanic/Latino,total_exams,2025,77745
New York,Hispanic/Latino,total_exams,2024,70764
New York,Hispanic/Latino,total_exams,2020,55507
New York,Hispanic/Latino,total_exams,2015,28674
New York,Hispanic/Latino,mean_score,2025,2.85
New York,Hispanic/Latino,mean_score,2024,2.66
New York,Hispanic/Latino,mean_score,2020,2.73
New York,Hispanic/Latino,mean_score,2015,2.61
New York,White,score_5,2025,25990
New York,White,score_5,2024,22589
New York,White,score_5,2020,20712
New York,White,score_5,2015,18914
New York,White,score_4,2025,42332
New York,White,score_4,2024,37548
New York,White,score_4,2020,31494
New York,White,score_4,2015,30439
New York,White,score_3,2025,35359
New York,White,score_3,2024,33749
New York,White,score_3,2020,37009
New York,White,score_3,2015,40004
New York,White,score_2,2025,17966
New York,White,score_2,2024,21294
New York,White,score_2,2020,23745
New York,White,score_2,2015,27862
New York,White,score_1,2025,4835
New York,White,score_1,2024,6991
New York,White,score_1,2020,9311
New York,White,score_1,2015,12884
New York,White,total_exams,2025,126482
New York,White,total_exams,2024,122171
New York,White,total_exams,2020,122271
New York,White,total_exams,2015,130103
New York,White,mean_score,2025,3.53
New York,White,mean_score,2024,3.39
New York,White,mean_score,2020,3.25
New York,White,mean_score,2015,3.11
New York,Black or African American,score_5,2025,1776
New York,Black or African American,score_5,2024,1357
New York,Black or African American,score_5,2020,1110
New York,Black or African American,score_5,2015,680
New York,Black or African American,score_4,2025,6030
New York,Black or African American,score_4,2024,4068
New York,Black or African American,score_4,2020,2904
New York,Black or African American,score_4,2015,1807
New York,Black or African American,score_3,2025,10031
New York,Black or African American,score_3,2024,7175
New York,Black or African American,score_3,2020,6262
New York,Black or African American,score_3,2015,3606
New York,Black or African American,score_2,2025,9744
New York,Black or African American,score_2,2024,9162
New York,Black or African American,score_2,2020,7572
New York,Black or African American,score_2,2015,5669
New York,Black or African American,score_1,2025,6726
New York,Black or African American,score_1,2024,8733
New York,Black or African American,score_1,2020,7314
New York,Black or African American,score_1,2015,5928
New York,Black or African American,total_exams,2025,34307
New York,Black or African American,total_exams,2024,30495
New York,Black or African American,total_exams,2020,25162
New York,Black or African American,total_exams,2015,17690
New York,Black or African American,mean_score,2025,2.6
New York,Black or African American,mean_score,2024,2.35
New York,Black or African American,mean_score,2020,2.32
New York,Black or African American,mean_score,2015,2.19
New York,Native American or Alaska Native,score_5,2025,23
New York,Native American or Alaska Native,score_5,2024,33
New York,Native American or Alaska Native,score_5,2020,63
New York,Native American or Alaska Native,score_5,2015,42
New York,Native American or Alaska Native,score_4,2025,80
New York,Native American or Alaska Native,score_4,2024,101
New York,Native American or Alaska Native,score_4,2020,195
New York,Native American or Alaska Native,score_4,2015,98
New York,Native American or Alaska Native,score_3,2025,121
New York,Native American or Alaska Native,score_3,2024,169
New York,Native American or Alaska Native,score_3,2020,311
New York,Native American or Alaska Native,score_3,2015,150
New York,Native American or Alaska Native,score_2,2025,131
New York,Native American or Alaska Native,score_2,2024,188
New York,Native American or Alaska Native,score_2,2020,320
New York,Native American or Alaska Native,score_2,2015,172
New York,Native American or Alaska Native,score_1,2025,85
New York,Native American or Alaska Native,score_1,2024,154
New York,Native American or Alaska Native,score_1,2020,225
New York,Native American or Alaska Native,score_1,2015,137
New York,Native American or Alaska Native,total_exams,2025,440
New York,Native American or Alaska Native,total_exams,2024,645
New York,Native American or Alaska Native,total_exams,2020,1114
New York,Native American or Alaska Native,total_exams,2015,599
New York,Native American or Alaska Native,mean_score,2025,2.6
New York,Native American or Alaska Native,mean_score,2024,2.49
New York,Native American or Alaska Native,mean_score,2020,2.6
New York,Native American or Alaska Native,mean_score,2015,2.56
New York,Native Hawaiian or other Pacific Islander,score_5,2025,21
New York,Native Hawaiian or other Pacific Islander,score_5,2024,18
New York,Native Hawaiian or other Pacific Islander,score_5,2020,29
New York,Native Hawaiian or other Pacific Islander,score_5,2015,1280
New York,Native Hawaiian or other Pacific Islander,score_4,2025,47
New York,Native Hawaiian or other Pacific Islander,score_4,2024,32
New York,Native Hawaiian or other Pacific Islander,score_4,2020,54
New York,Native Hawaiian or other Pacific Islander,score_4,2015,1910
New York,Native Hawaiian or other Pacific Islander,score_3,2025,83
New York,Native Hawaiian or other Pacific Islander,score_3,2024,69
New York,Native Hawaiian or other Pacific Islander,score_3,2020,74
New York,Native Hawaiian or other Pacific Islander,score_3,2015,2632
New York,Native Hawaiian or other Pacific Islander,score_2,2025,65
New York,Native Hawaiian or other Pacific Islander,score_2,2024,62
New York,Native Hawaiian or other Pacific Islander,score_2,2020,67
New York,Native Hawaiian or other Pacific Islander,score_2,2015,2484
New York,Native Hawaiian or other Pacific Islander,score_1,2025,45
New York,Native Hawaiian or other Pacific Islander,score_1,2024,50
New York,Native Hawaiian or other Pacific Islander,score_1,2020,73
New York,Native Hawaiian or other Pacific Islander,score_1,2015,1889
New York,Native Hawaiian or other Pacific Islander,total_exams,2025,261
New York,Native Hawaiian or other Pacific Islander,total_exams,2024,231
New York,Native Hawaiian or other Pacific Islander,total_exams,2020,297
New York,Native Hawaiian or other Pacific Islander,total_exams,2015,10195
New York,Native Hawaiian or other Pacific Islander,mean_score,2025,2.75
New York,Native Hawaiian or other Pacific Islander,mean_score,2024,2.59
New York,Native Hawaiian or other Pacific Islander,mean_score,2020,2.66
New York,Native Hawaiian or other Pacific Islander,mean_score,2015,2.82
New York,Two or More Races,score_5,2025,3157
New York,Two or More Races,score_5,2024,2610
New York,Two or More Races,score_5,2020,1754
New York,Two or More Races,score_4,2025,3975
New York,Two or More Races,score_4,2024,3373
New York,Two or More Races,score_4,2020,2620
New York,Two or More Races,score_3,2025,3311
New York,Two or More Races,score_3,2024,2879
New York,Two or More Races,score_3,2020,2829
New York,Two or More Races,score_2,2025,1888
New York,Two or More Races,score_2,2024,1984
New York,Two or More Races,score_2,2020,2083
New York,Two or More Races,score_1,2025,733
New York,Two or More Races,score_1,2024,1031
New York,Two or More Races,score_1,2020,1054
New York,Two or More Races,total_exams,2025,13064
New York,Two or More Races,total_exams,2024,11877
New York,Two or More Races,total_exams,2020,10340
New York,Two or More Races,mean_score,2025,3.53
New York,Two or More Races,mean_score,2024,3.38
New York,Two or More Races,mean_score,2020,3.19
New York,No Response,total_exams,2025,19020
New York,No Response,total_exams,2024,15171
New York,No Response,total_exams,2020,12999
New York,No Response,total_exams,2015,5809
North Carolina,Overall,score_5,2025,29371
North Carolina,Overall,score_5,2024,23957
North Carolina,Overall,score_5,2020,15195
North Carolina,Overall,score_5,2015,12295
North Carolina,Overall,score_4,2025,46832
North Carolina,Overall,score_4,2024,38519
North Carolina,Overall,score_4,2020,25340
North Carolina,Overall,score_4,2015,21645
North Carolina,Overall,score_3,2025,47191
North Carolina,Overall,score_3,2024,39474
North Carolina,Overall,score_3,2020,33166
North Carolina,Overall,score_3,2015,29734
North Carolina,Overall,score_2,2025,30860
North Carolina,Overall,score_2,2024,31578
North Carolina,Overall,score_2,2020,29284
North Carolina,Overall,score_2,2015,30925
North Carolina,Overall,score_1,2025,16908
North Carolina,Overall,score_1,2024,22407
North Carolina,Overall,score_1,2020,24283
North Carolina,Overall,score_1,2015,30331
North Carolina,Overall,total_exams,2025,171162
North Carolina,Overall,total_exams,2024,155935
North Carolina,Overall,total_exams,2020,127268
North Carolina,Overall,total_exams,2015,124930
North Carolina,Overall,mean_score,2025,3.24
North Carolina,Overall,mean_score,2024,3.06
North Carolina,Overall,mean_score,2020,2.83
North Carolina,Overall,mean_score,2015,2.64
North Carolina,Asian,score_5,2025,8353
North Carolina,Asian,score_5,2024,6649
North Carolina,Asian,score_5,2020,3219
North Carolina,Asian,score_5,2015,2112
North Carolina,Asian,score_4,2025,8772
North Carolina,Asian,score_4,2024,7259
North Carolina,Asian,score_4,2020,3758
North Carolina,Asian,score_4,2015,2490
North Carolina,Asian,score_3,2025,6288
North Carolina,Asian,score_3,2024,5615
North Carolina,Asian,score_3,2020,3739
North Carolina,Asian,score_3,2015,2747
North Carolina,Asian,score_2,2025,3285
North Carolina,Asian,score_2,2024,3426
North Carolina,Asian,score_2,2020,2461
North Carolina,Asian,score_2,2015,2186
North Carolina,Asian,score_1,2025,1667
North Carolina,Asian,score_1,2024,2020
North Carolina,Asian,score_1,2020,1604
North Carolina,Asian,score_1,2015,1999
North Carolina,Asian,total_exams,2025,28365
North Carolina,Asian,total_exams,2024,24969
North Carolina,Asian,total_exams,2020,14781
North Carolina,Asian,total_exams,2015,11534
North Carolina,Asian,mean_score,2025,3.66
North Carolina,Asian,mean_score,2024,3.52
North Carolina,Asian,mean_score,2020,3.31
North Carolina,Asian,mean_score,2015,3.05
North Carolina,Hispanic/Latino,score_5,2025,2180
North Carolina,Hispanic/Latino,score_5,2024,1783
North Carolina,Hispanic/Latino,score_5,2020,1141
North Carolina,Hispanic/Latino,score_5,2015,641
North Carolina,Hispanic/Latino,score_4,2025,4658
North Carolina,Hispanic/Latino,score_4,2024,3624
North Carolina,Hispanic/Latino,score_4,2020,2117
North Carolina,Hispanic/Latino,score_4,2015,1154
North Carolina,Hispanic/Latino,score_3,2025,6380
North Carolina,Hispanic/Latino,score_3,2024,5080
North Carolina,Hispanic/Latino,score_3,2020,3208
North Carolina,Hispanic/Latino,score_3,2015,1802
North Carolina,Hispanic/Latino,score_2,2025,5318
North Carolina,Hispanic/Latino,score_2,2024,5042
North Carolina,Hispanic/Latino,score_2,2020,3463
North Carolina,Hispanic/Latino,score_2,2015,2349
North Carolina,Hispanic/Latino,score_1,2025,3600
North Carolina,Hispanic/Latino,score_1,2024,4609
North Carolina,Hispanic/Latino,score_1,2020,4006
North Carolina,Hispanic/Latino,score_1,2015,2946
North Carolina,Hispanic/Latino,total_exams,2025,22136
North Carolina,Hispanic/Latino,total_exams,2024,20138
North Carolina,Hispanic/Latino,total_exams,2020,13935
North Carolina,Hispanic/Latino,total_exams,2015,8892
North Carolina,Hispanic/Latino,mean_score,2025,2.84
North Carolina,Hispanic/Latino,mean_score,2024,2.65
North Carolina,Hispanic/Latino,mean_score,2020,2.49
North Carolina,Hispanic/Latino,mean_score,2015,2.35
North Carolina,White,score_5,2025,15289
North Carolina,White,score_5,2024,13041
North Carolina,White,score_5,2020,9152
North Carolina,White,score_5,2015,8685
North Carolina,White,score_4,2025,26748
North Carolina,White,score_4,2024,22593
North Carolina,White,score_4,2020,16385
North Carolina,White,score_4,2015,15884
North Carolina,White,score_3,2025,25868
North Carolina,White,score_3,2024,22421
North Carolina,White,score_3,2020,21251
North Carolina,White,score_3,2015,21478
North Carolina,White,score_2,2025,14931
North Carolina,White,score_2,2024,16362
North Carolina,White,score_2,2020,17648
North Carolina,White,score_2,2015,20536
North Carolina,White,score_1,2025,6431
North Carolina,White,score_1,2024,8972
North Carolina,White,score_1,2020,11915
North Carolina,White,score_1,2015,16414
North Carolina,White,total_exams,2025,89267
North Carolina,White,total_exams,2024,83389
North Carolina,White,total_exams,2020,76351
North Carolina,White,total_exams,2015,82997
North Carolina,White,mean_score,2025,3.33
North Carolina,White,mean_score,2024,3.17
North Carolina,White,mean_score,2020,2.91
North Carolina,White,mean_score,2015,2.76
North Carolina,Black or African American,score_5,2025,1013
North Carolina,Black or African American,score_5,2024,735
North Carolina,Black or African American,score_5,2020,456
North Carolina,Black or African American,score_5,2015,361
North Carolina,Black or African American,score_4,2025,3041
North Carolina,Black or African American,score_4,2024,2268
North Carolina,Black or African American,score_4,2020,1163
North Carolina,Black or African American,score_4,2015,1077
North Carolina,Black or African American,score_3,2025,4907
North Carolina,Black or African American,score_3,2024,3707
North Carolina,Black or African American,score_3,2020,2346
North Carolina,Black or African American,score_3,2015,2135
North Carolina,Black or African American,score_2,2025,4832
North Carolina,Black or African American,score_2,2024,4516
North Carolina,Black or African American,score_2,2020,3240
North Carolina,Black or African American,score_2,2015,3866
North Carolina,Black or African American,score_1,2025,3917
North Carolina,Black or African American,score_1,2024,5244
North Carolina,Black or African American,score_1,2020,4476
North Carolina,Black or African American,score_1,2015,6535
North Carolina,Black or African American,total_exams,2025,17710
North Carolina,Black or African American,total_exams,2024,16470
North Carolina,Black or African American,total_exams,2020,11681
North Carolina,Black or African American,total_exams,2015,13974
North Carolina,Black or African American,mean_score,2025,2.57
North Carolina,Black or African American,mean_score,2024,2.32
North Carolina,Black or African American,mean_score,2020,2.13
North Carolina,Black or African American,mean_score,2015,1.92
North Carolina,Native American or Alaska Native,score_5,2025,41
North Carolina,Native American or Alaska Native,score_5,2024,20
North Carolina,Native American or Alaska Native,score_5,2020,25
North Carolina,Native American or Alaska Native,score_5,2015,42
North Carolina,Native American or Alaska Native,score_4,2025,86
North Carolina,Native American or Alaska Native,score_4,2024,57
North Carolina,Native American or Alaska Native,score_4,2020,77
North Carolina,Native American or Alaska Native,score_4,2015,82
North Carolina,Native American or Alaska Native,score_3,2025,123
North Carolina,Native American or Alaska Native,score_3,2024,90
North Carolina,Native American or Alaska Native,score_3,2020,155
North Carolina,Native American or Alaska Native,score_3,2015,191
North Carolina,Native American or Alaska Native,score_2,2025,146
North Carolina,Native American or Alaska Native,score_2,2024,134
North Carolina,Native American or Alaska Native,score_2,2020,170
North Carolina,Native American or Alaska Native,score_2,2015,302
North Carolina,Native American or Alaska Native,score_1,2025,95
North Carolina,Native American or Alaska Native,score_1,2024,123
North Carolina,Native American or Alaska Native,score_1,2020,225
North Carolina,Native American or Alaska Native,score_1,2015,462
North Carolina,Native American or Alaska Native,total_exams,2025,491
North Carolina,Native American or Alaska Native,total_exams,2024,424
North Carolina,Native American or Alaska Native,total_exams,2020,652
North Carolina,Native American or Alaska Native,total_exams,2015,1079
North Carolina,Native American or Alaska Native,mean_score,2025,2.66
North Carolina,Native American or Alaska Native,mean_score,2024,2.33
North Carolina,Native American or Alaska Native,mean_score,2020,2.24
North Carolina,Native American or Alaska Native,mean_score,2015,2.02
North Carolina,Native Hawaiian or other Pacific Islander,score_5,2025,13
North Carolina,Native Hawaiian or other Pacific Islander,score_5,2024,19
North Carolina,Native Hawaiian or other Pacific Islander,score_5,2020,**
North Carolina,Native Hawaiian or other Pacific Islander,score_5,2015,370
North Carolina,Native Hawaiian or other Pacific Islander,score_4,2025,25
North Carolina,Native Hawaiian or other Pacific Islander,score_4,2024,30
North Carolina,Native Hawaiian or other Pacific Islander,score_4,2020,**
North Carolina,Native Hawaiian or other Pacific Islander,score_4,2015,717
North Carolina,Native Hawaiian or other Pacific Islander,score_3,2025,52
North Carolina,Native Hawaiian or other Pacific Islander,score_3,2024,23
North Carolina,Native Hawaiian or other Pacific Islander,score_3,2020,**
North Carolina,Native Hawaiian or other Pacific Islander,score_3,2015,951
North Carolina,Native Hawaiian or other Pacific Islander,score_2,2025,41
North Carolina,Native Hawaiian or other Pacific Islander,score_2,2024,38
North Carolina,Native Hawaiian or other Pacific Islander,score_2,2020,**
North Carolina,Native Hawaiian or other Pacific Islander,score_2,2015,1042
North Carolina,Native Hawaiian or other Pacific Islander,score_1,2025,26
North Carolina,Native Hawaiian or other Pacific Islander,score_1,2024,37
North Carolina,Native Hawaiian or other Pacific Islander,score_1,2020,**
North Carolina,Native Hawaiian or other Pacific Islander,score_1,2015,1123
North Carolina,Native Hawaiian or other Pacific Islander,total_exams,2025,157
North Carolina,Native Hawaiian or other Pacific Islander,total_exams,2024,147
North Carolina,Native Hawaiian or other Pacific Islander,total_exams,2020,102
North Carolina,Native Hawaiian or other Pacific Islander,total_exams,2015,4203
North Carolina,Native Hawaiian or other Pacific Islander,mean_score,2025,2.73
North Carolina,Native Hawaiian or other Pacific Islander,mean_score,2024,2.7
North Carolina,Native Hawaiian or other Pacific Islander,mean_score,2020,2.32
North Carolina,Native Hawaiian or other Pacific Islander,mean_score,2015,2.56
North Carolina,Two or More Races,score_5,2025,1328
North Carolina,Two or More Races,score_5,2024,1033
North Carolina,Two or More Races,score_5,2020,645
North Carolina,Two or More Races,score_4,2025,2123
North Carolina,Two or More Races,score_4,2024,1802
North Carolina,Two or More Races,score_4,2020,1113
North Carolina,Two or More Races,score_3,2025,2366
North Carolina,Two or More Races,score_3,2024,1817
North Carolina,Two or More Races,score_3,2020,1552
North Carolina,Two or More Races,score_2,2025,1560
North Carolina,Two or More Races,score_2,2024,1498
North Carolina,Two or More Races,score_2,2020,1477
North Carolina,Two or More Races,score_1,2025,752
North Carolina,Two or More Races,score_1,2024,970
North Carolina,Two or More Races,score_1,2020,1338
North Carolina,Two or More Races,total_exams,2025,8129
North Carolina,Two or More Races,total_exams,2024,7120
North Carolina,Two or More Races,total_exams,2020,6125
North Carolina,Two or More Races,mean_score,2025,3.21
North Carolina,Two or More Races,mean_score,2024,3.06
North Carolina,Two or More Races,mean_score,2020,2.71
North Carolina,No Response,total_exams,2025,4907
North Carolina,No Response,total_exams,2024,3278
North Carolina,No Response,total_exams,2020,3641
North Carolina,No Response,total_exams,2015,2251
North Dakota,Overall,score_5,2025,629
North Dakota,Overall,score_5,2024,519
North Dakota,Overall,score_5,2020,464
North Dakota,Overall,score_5,2015,262
North Dakota,Overall,score_4,2025,1371
North Dakota,Overall,score_4,2024,1227
North Dakota,Overall,score_4,2020,827
North Dakota,Overall,score_4,2015,511
North Dakota,Overall,score_3,2025,1453
North Dakota,Overall,score_3,2024,1467
North Dakota,Overall,score_3,2020,1447
North Dakota,Overall,score_3,2015,726
North Dakota,Overall,score_2,2025,817
North Dakota,Overall,score_2,2024,1080
North Dakota,Overall,score_2,2020,1218
North Dakota,Overall,score_2,2015,492
North Dakota,Overall,score_1,2025,223
North Dakota,Overall,score_1,2024,357
North Dakota,Overall,score_1,2020,693
North Dakota,Overall,score_1,2015,223
North Dakota,Overall,total_exams,2025,4493
North Dakota,Overall,total_exams,2024,4650
North Dakota,Overall,total_exams,2020,4649
North Dakota,Overall,total_exams,2015,2214
North Dakota,Overall,mean_score,2025,3.3
North Dakota,Overall,mean_score,2024,3.1
North Dakota,Overall,mean_score,2020,2.82
North Dakota,Overall,mean_score,2015,3.04
North Dakota,Asian,score_5,2025,61
North Dakota,Asian,score_5,2024,55
North Dakota,Asian,score_5,2020,49
North Dakota,Asian,score_5,2015,**
North Dakota,Asian,score_4,2025,96
North Dakota,Asian,score_4,2024,77
North Dakota,Asian,score_4,2020,52
North Dakota,Asian,score_4,2015,**
North Dakota,Asian,score_3,2025,71
North Dakota,Asian,score_3,2024,73
North Dakota,Asian,score_3,2020,45
North Dakota,Asian,score_3,2015,**
North Dakota,Asian,score_2,2025,37
North Dakota,Asian,score_2,2024,46
North Dakota,Asian,score_2,2020,45
North Dakota,Asian,score_2,2015,**
North Dakota,Asian,score_1,2025,10
North Dakota,Asian,score_1,2024,15
North Dakota,Asian,score_1,2020,21
North Dakota,Asian,score_1,2015,**
North Dakota,Asian,total_exams,2025,275
North Dakota,Asian,total_exams,2024,266
North Dakota,Asian,total_exams,2020,212
North Dakota,Asian,total_exams,2015,93
North Dakota,Asian,mean_score,2025,3.59
North Dakota,Asian,mean_score,2024,3.42
North Dakota,Asian,mean_score,2020,3.3
North Dakota,Asian,mean_score,2015,3.1
North Dakota,Hispanic/Latino,score_5,2025,13
North Dakota,Hispanic/Latino,score_5,2024,**
North Dakota,Hispanic/Latino,score_5,2020,15
North Dakota,Hispanic/Latino,score_5,2015,**
North Dakota,Hispanic/Latino,score_4,2025,34
North Dakota,Hispanic/Latino,score_4,2024,**
North Dakota,Hispanic/Latino,score_4,2020,22
North Dakota,Hispanic/Latino,score_4,2015,**
North Dakota,Hispanic/Latino,score_3,2025,66
North Dakota,Hispanic/Latino,score_3,2024,**
North Dakota,Hispanic/Latino,score_3,2020,37
North Dakota,Hispanic/Latino,score_3,2015,**
North Dakota,Hispanic/Latino,score_2,2025,34
North Dakota,Hispanic/Latino,score_2,2024,**
North Dakota,Hispanic/Latino,score_2,2020,66
North Dakota,Hispanic/Latino,score_2,2015,**
North Dakota,Hispanic/Latino,score_1,2025,10
North Dakota,Hispanic/Latino,score_1,2024,**
North Dakota,Hispanic/Latino,score_1,2020,25
North Dakota,Hispanic/Latino,score_1,2015,**
North Dakota,Hispanic/Latino,total_exams,2025,157
North Dakota,Hispanic/Latino,total_exams,2024,185
North Dakota,Hispanic/Latino,total_exams,2020,165
North Dakota,Hispanic/Latino,total_exams,2015,26
North Dakota,Hispanic/Latino,mean_score,2025,3.04
North Dakota,Hispanic/Latino,mean_score,2024,2.8
North Dakota,Hispanic/Latino,mean_score,2020,2.61
North Dakota,Hispanic/Latino,mean_score,2015,2.38
North Dakota,White,score_5,2025,499
North Dakota,White,score_5,2024,411
North Dakota,White,score_5,2020,372
North Dakota,White,score_5,2015,236
North Dakota,White,score_4,2025,1100
North Dakota,White,score_4,2024,954
North Dakota,White,score_4,2020,671
North Dakota,White,score_4,2015,463
North Dakota,White,score_3,2025,1082
North Dakota,White,score_3,2024,1150
North Dakota,White,score_3,2020,1221
North Dakota,White,score_3,2015,652
North Dakota,White,score_2,2025,602
North Dakota,White,score_2,2024,818
North Dakota,White,score_2,2020,967
North Dakota,White,score_2,2015,429
North Dakota,White,score_1,2025,154
North Dakota,White,score_1,2024,252
North Dakota,White,score_1,2020,548
North Dakota,White,score_1,2015,193
North Dakota,White,total_exams,2025,3437
North Dakota,White,total_exams,2024,3585
North Dakota,White,total_exams,2020,3779
North Dakota,White,total_exams,2015,1973
North Dakota,White,mean_score,2025,3.35
North Dakota,White,mean_score,2024,3.13
North Dakota,White,mean_score,2020,2.83
North Dakota,White,mean_score,2015,3.06
North Dakota,Black or African American,score_5,2025,11
North Dakota,Black or African American,score_5,2024,11
North Dakota,Black or African American,score_5,2020,**
North Dakota,Black or African American,score_5,2015,**
North Dakota,Black or African American,score_4,2025,51
North Dakota,Black or African American,score_4,2024,50
North Dakota,Black or African American,score_4,2020,**
North Dakota,Black or African American,score_4,2015,**
North Dakota,Black or African American,score_3,2025,90
North Dakota,Black or African American,score_3,2024,63
North Dakota,Black or African American,score_3,2020,**
North Dakota,Black or African American,score_3,2015,**
North Dakota,Black or African American,score_2,2025,65
North Dakota,Black or African American,score_2,2024,72
North Dakota,Black or African American,score_2,2020,**
North Dakota,Black or African American,score_2,2015,**
North Dakota,Black or African American,score_1,2025,25
North Dakota,Black or African American,score_1,2024,25
North Dakota,Black or African American,score_1,2020,**
North Dakota,Black or African American,score_1,2015,**
North Dakota,Black or African American,total_exams,2025,242
North Dakota,Black or African American,total_exams,2024,221
North Dakota,Black or African American,total_exams,2020,143
North Dakota,Black or African American,total_exams,2015,23
North Dakota,Black or African American,mean_score,2025,2.83
North Dakota,Black or African American,mean_score,2024,2.77
North Dakota,Black or African American,mean_score,2020,2.57
North Dakota,Black or African American,mean_score,2015,2.39
North Dakota,Native American or Alaska Native,score_5,2025,**
North Dakota,Native American or Alaska Native,score_5,2024,**
North Dakota,Native American or Alaska Native,score_5,2020,**
North Dakota,Native American or Alaska Native,score_5,2015,**
North Dakota,Native American or Alaska Native,score_4,2025,**
North Dakota,Native American or Alaska Native,score_4,2024,**
North Dakota,Native American or Alaska Native,score_4,2020,**
North Dakota,Native American or Alaska Native,score_4,2015,**
North Dakota,Native American or Alaska Native,score_3,2025,**
North Dakota,Native American or Alaska Native,score_3,2024,**
North Dakota,Native American or Alaska Native,score_3,2020,**
North Dakota,Native American or Alaska Native,score_3,2015,**
North Dakota,Native American or Alaska Native,score_2,2025,**
North Dakota,Native American or Alaska Native,score_2,2024,**
North Dakota,Native American or Alaska Native,score_2,2020,**
North Dakota,Native American or Alaska Native,score_2,2015,**
North Dakota,Native American or Alaska Native,score_1,2025,**
North Dakota,Native American or Alaska Native,score_1,2024,**
North Dakota,Native American or Alaska Native,score_1,2020,**
North Dakota,Native American or Alaska Native,score_1,2015,**
North Dakota,Native American or Alaska Native,total_exams,2025,38
North Dakota,Native American or Alaska Native,total_exams,2024,47
North Dakota,Native American or Alaska Native,total_exams,2020,80
North Dakota,Native American or Alaska Native,total_exams,2015,16
North Dakota,Native American or Alaska Native,mean_score,2025,2.71
North Dakota,Native American or Alaska Native,mean_score,2024,2.34
North Dakota,Native American or Alaska Native,mean_score,2020,2.3
North Dakota,Native American or Alaska Native,mean_score,2015,2.31
North Dakota,Native Hawaiian or other Pacific Islander,score_5,2025,**
North Dakota,Native Hawaiian or other Pacific Islander,score_5,2024,**
North Dakota,Native Hawaiian or other Pacific Islander,score_5,2020,**
North Dakota,Native Hawaiian or other Pacific Islander,score_5,2015,**
North Dakota,Native Hawaiian or other Pacific Islander,score_4,2025,**
North Dakota,Native Hawaiian or other Pacific Islander,score_4,2024,**
North Dakota,Native Hawaiian or other Pacific Islander,score_4,2020,**
North Dakota,Native Hawaiian or other Pacific Islander,score_4,2015,**
North Dakota,Native Hawaiian or other Pacific Islander,score_3,2025,**
North Dakota,Native Hawaiian or other Pacific Islander,score_3,2024,**
North Dakota,Native Hawaiian or other Pacific Islander,score_3,2020,**
North Dakota,Native Hawaiian or other Pacific Islander,score_3,2015,**
North Dakota,Native Hawaiian or other Pacific Islander,score_2,2025,**
North Dakota,Native Hawaiian or other Pacific Islander,score_2,2024,**
North Dakota,Native Hawaiian or other Pacific Islander,score_2,2020,**
North Dakota,Native Hawaiian or other Pacific Islander,score_2,2015,**
North Dakota,Native Hawaiian or other Pacific Islander,score_1,2025,**
North Dakota,Native Hawaiian or other Pacific Islander,score_1,2024,**
North Dakota,Native Hawaiian or other Pacific Islander,score_1,2020,**
North Dakota,Native Hawaiian or other Pacific Islander,score_1,2015,**
North Dakota,Native Hawaiian or other Pacific Islander,total_exams,2025,**
North Dakota,Native Hawaiian or other Pacific Islander,total_exams,2024,**
North Dakota,Native Hawaiian or other Pacific Islander,total_exams,2020,**
North Dakota,Native Hawaiian or other Pacific Islander,total_exams,2015,28
North Dakota,Native Hawaiian or other Pacific Islander,mean_score,2025,**
North Dakota,Native Hawaiian or other Pacific Islander,mean_score,2024,**
North Dakota,Native Hawaiian or other Pacific Islander,mean_score,2020,**
North Dakota,Native Hawaiian or other Pacific Islander,mean_score,2015,3.43
North Dakota,Two or More Races,score_5,2025,20
North Dakota,Two or More Races,score_5,2024,16
North Dakota,Two or More Races,score_5,2020,**
North Dakota,Two or More Races,score_4,2025,41
North Dakota,Two or More Races,score_4,2024,53
North Dakota,Two or More Races,score_4,2020,**
North Dakota,Two or More Races,score_3,2025,53
North Dakota,Two or More Races,score_3,2024,51
North Dakota,Two or More Races,score_3,2020,**
North Dakota,Two or More Races,score_2,2025,28
North Dakota,Two or More Races,score_2,2024,36
North Dakota,Two or More Races,score_2,2020,**
North Dakota,Two or More Races,score_1,2025,12
North Dakota,Two or More Races,score_1,2024,14
North Dakota,Two or More Races,score_1,2020,**
North Dakota,Two or More Races,total_exams,2025,154
North Dakota,Two or More Races,total_exams,2024,170
North Dakota,Two or More Races,total_exams,2020,140
North Dakota,Two or More Races,mean_score,2025,3.19
North Dakota,Two or More Races,mean_score,2024,3.12
North Dakota,Two or More Races,mean_score,2020,2.53
North Dakota,No Response,total_exams,2025,184
North Dakota,No Response,total_exams,2024,169
North Dakota,No Response,total_exams,2020,125
North Dakota,No Response,total_exams,2015,55
Ohio,Overall,score_5,2025,22803
Ohio,Overall,score_5,2024,20193
Ohio,Overall,score_5,2020,16174
Ohio,Overall,score_5,2015,13977
Ohio,Overall,score_4,2025,35157
Ohio,Overall,score_4,2024,30877
Ohio,Overall,score_4,2020,23113
Ohio,Overall,score_4,2015,20774
Ohio,Overall,score_3,2025,31155
Ohio,Overall,score_3,2024,28485
Ohio,Overall,score_3,2020,28663
Ohio,Overall,score_3,2015,26325
Ohio,Overall,score_2,2025,17617
Ohio,Overall,score_2,2024,18846
Ohio,Overall,score_2,2020,20799
Ohio,Overall,score_2,2015,20096
Ohio,Overall,score_1,2025,6703
Ohio,Overall,score_1,2024,9581
Ohio,Overall,score_1,2020,12866
Ohio,Overall,score_1,2015,13896
Ohio,Overall,total_exams,2025,113435
Ohio,Overall,total_exams,2024,107982
Ohio,Overall,total_exams,2020,101615
Ohio,Overall,total_exams,2015,95068
Ohio,Overall,mean_score,2025,3.44
Ohio,Overall,mean_score,2024,3.31
Ohio,Overall,mean_score,2020,3.09
Ohio,Overall,mean_score,2015,3.01
Ohio,Asian,score_5,2025,4617
Ohio,Asian,score_5,2024,4155
Ohio,Asian,score_5,2020,2919
Ohio,Asian,score_5,2015,2282
Ohio,Asian,score_4,2025,4848
Ohio,Asian,score_4,2024,4303
Ohio,Asian,score_4,2020,2693
Ohio,Asian,score_4,2015,2291
Ohio,Asian,score_3,2025,3213
Ohio,Asian,score_3,2024,2980
Ohio,Asian,score_3,2020,2606
Ohio,Asian,score_3,2015,1999
Ohio,Asian,score_2,2025,1469
Ohio,Asian,score_2,2024,1511
Ohio,Asian,score_2,2020,1365
Ohio,Asian,score_2,2015,1188
Ohio,Asian,score_1,2025,490
Ohio,Asian,score_1,2024,649
Ohio,Asian,score_1,2020,633
Ohio,Asian,score_1,2015,638
Ohio,Asian,total_exams,2025,14637
Ohio,Asian,total_exams,2024,13598
Ohio,Asian,total_exams,2020,10216
Ohio,Asian,total_exams,2015,8398
Ohio,Asian,mean_score,2025,3.79
Ohio,Asian,mean_score,2024,3.72
Ohio,Asian,mean_score,2020,3.58
Ohio,Asian,mean_score,2015,3.52
Ohio,Hispanic/Latino,score_5,2025,953
Ohio,Hispanic/Latino,score_5,2024,803
Ohio,Hispanic/Latino,score_5,2020,554
Ohio,Hispanic/Latino,score_5,2015,369
Ohio,Hispanic/Latino,score_4,2025,1632
Ohio,Hispanic/Latino,score_4,2024,1469
Ohio,Hispanic/Latino,score_4,2020,934
Ohio,Hispanic/Latino,score_4,2015,497
Ohio,Hispanic/Latino,score_3,2025,1870
Ohio,Hispanic/Latino,score_3,2024,1608
Ohio,Hispanic/Latino,score_3,2020,1254
Ohio,Hispanic/Latino,score_3,2015,596
Ohio,Hispanic/Latino,score_2,2025,1331
Ohio,Hispanic/Latino,score_2,2024,1369
Ohio,Hispanic/Latino,score_2,2020,996
Ohio,Hispanic/Latino,score_2,2015,576
Ohio,Hispanic/Latino,score_1,2025,690
Ohio,Hispanic/Latino,score_1,2024,841
Ohio,Hispanic/Latino,score_1,2020,830
Ohio,Hispanic/Latino,score_1,2015,527
Ohio,Hispanic/Latino,total_exams,2025,6476
Ohio,Hispanic/Latino,total_exams,2024,6090
Ohio,Hispanic/Latino,total_exams,2020,4568
Ohio,Hispanic/Latino,total_exams,2015,2565
Ohio,Hispanic/Latino,mean_score,2025,3.13
Ohio,Hispanic/Latino,mean_score,2024,3
Ohio,Hispanic/Latino,mean_score,2020,2.87
Ohio,Hispanic/Latino,mean_score,2015,2.85
Ohio,White,score_5,2025,14514
Ohio,White,score_5,2024,13158
Ohio,White,score_5,2020,11127
Ohio,White,score_5,2015,10525
Ohio,White,score_4,2025,24145
Ohio,White,score_4,2024,21663
Ohio,White,score_4,2020,17059
Ohio,White,score_4,2015,16501
Ohio,White,score_3,2025,21329
Ohio,White,score_3,2024,20103
Ohio,White,score_3,2020,21239
Ohio,White,score_3,2015,21463
Ohio,White,score_2,2025,11037
Ohio,White,score_2,2024,12429
Ohio,White,score_2,2020,15223
Ohio,White,score_2,2015,15781
Ohio,White,score_1,2025,3148
Ohio,White,score_1,2024,4861
Ohio,White,score_1,2020,8345
Ohio,White,score_1,2015,9175
Ohio,White,total_exams,2025,74173
Ohio,White,total_exams,2024,72214
Ohio,White,total_exams,2020,72993
Ohio,White,total_exams,2015,73445
Ohio,White,mean_score,2025,3.48
Ohio,White,mean_score,2024,3.36
Ohio,White,mean_score,2020,3.1
Ohio,White,mean_score,2015,3.05
Ohio,Black or African American,score_5,2025,533
Ohio,Black or African American,score_5,2024,461
Ohio,Black or African American,score_5,2020,268
Ohio,Black or African American,score_5,2015,240
Ohio,Black or African American,score_4,2025,1347
Ohio,Black or African American,score_4,2024,1130
Ohio,Black or African American,score_4,2020,635
Ohio,Black or African American,score_4,2015,581
Ohio,Black or African American,score_3,2025,1968
Ohio,Black or African American,score_3,2024,1612
Ohio,Black or African American,score_3,2020,1173
Ohio,Black or African American,score_3,2015,1017
Ohio,Black or African American,score_2,2025,2112
Ohio,Black or African American,score_2,2024,2001
Ohio,Black or African American,score_2,2020,1478
Ohio,Black or African American,score_2,2015,1428
Ohio,Black or African American,score_1,2025,1728
Ohio,Black or African American,score_1,2024,2439
Ohio,Black or African American,score_1,2020,1808
Ohio,Black or African American,score_1,2015,2511
Ohio,Black or African American,total_exams,2025,7688
Ohio,Black or African American,total_exams,2024,7643
Ohio,Black or African American,total_exams,2020,5362
Ohio,Black or African American,total_exams,2015,5777
Ohio,Black or African American,mean_score,2025,2.59
Ohio,Black or African American,mean_score,2024,2.37
Ohio,Black or African American,mean_score,2020,2.27
Ohio,Black or African American,mean_score,2015,2.07
Ohio,Native American or Alaska Native,score_5,2025,**
Ohio,Native American or Alaska Native,score_5,2024,29
Ohio,Native American or Alaska Native,score_5,2020,41
Ohio,Native American or Alaska Native,score_5,2015,22
Ohio,Native American or Alaska Native,score_4,2025,**
Ohio,Native American or Alaska Native,score_4,2024,60
Ohio,Native American or Alaska Native,score_4,2020,95
Ohio,Native American or Alaska Native,score_4,2015,38
Ohio,Native American or Alaska Native,score_3,2025,**
Ohio,Native American or Alaska Native,score_3,2024,95
Ohio,Native American or Alaska Native,score_3,2020,146
Ohio,Native American or Alaska Native,score_3,2015,46
Ohio,Native American or Alaska Native,score_2,2025,**
Ohio,Native American or Alaska Native,score_2,2024,65
Ohio,Native American or Alaska Native,score_2,2020,134
Ohio,Native American or Alaska Native,score_2,2015,41
Ohio,Native American or Alaska Native,score_1,2025,**
Ohio,Native American or Alaska Native,score_1,2024,42
Ohio,Native American or Alaska Native,score_1,2020,106
Ohio,Native American or Alaska Native,score_1,2015,44
Ohio,Native American or Alaska Native,total_exams,2025,216
Ohio,Native American or Alaska Native,total_exams,2024,291
Ohio,Native American or Alaska Native,total_exams,2020,522
Ohio,Native American or Alaska Native,total_exams,2015,191
Ohio,Native American or Alaska Native,mean_score,2025,2.88
Ohio,Native American or Alaska Native,mean_score,2024,2.89
Ohio,Native American or Alaska Native,mean_score,2020,2.68
Ohio,Native American or Alaska Native,mean_score,2015,2.75
Ohio,Native Hawaiian or other Pacific Islander,score_5,2025,**
Ohio,Native Hawaiian or other Pacific Islander,score_5,2024,**
Ohio,Native Hawaiian or other Pacific Islander,score_5,2020,**
Ohio,Native Hawaiian or other Pacific Islander,score_5,2015,440
Ohio,Native Hawaiian or other Pacific Islander,score_4,2025,**
Ohio,Native Hawaiian or other Pacific Islander,score_4,2024,**
Ohio,Native Hawaiian or other Pacific Islander,score_4,2020,**
Ohio,Native Hawaiian or other Pacific Islander,score_4,2015,608
Ohio,Native Hawaiian or other Pacific Islander,score_3,2025,**
Ohio,Native Hawaiian or other Pacific Islander,score_3,2024,**
Ohio,Native Hawaiian or other Pacific Islander,score_3,2020,**
Ohio,Native Hawaiian or other Pacific Islander,score_3,2015,754
Ohio,Native Hawaiian or other Pacific Islander,score_2,2025,**
Ohio,Native Hawaiian or other Pacific Islander,score_2,2024,**
Ohio,Native Hawaiian or other Pacific Islander,score_2,2020,**
Ohio,Native Hawaiian or other Pacific Islander,score_2,2015,590
Ohio,Native Hawaiian or other Pacific Islander,score_1,2025,**
Ohio,Native Hawaiian or other Pacific Islander,score_1,2024,**
Ohio,Native Hawaiian or other Pacific Islander,score_1,2020,**
Ohio,Native Hawaiian or other Pacific Islander,score_1,2015,508
Ohio,Native Hawaiian or other Pacific Islander,total_exams,2025,70
Ohio,Native Hawaiian or other Pacific Islander,total_exams,2024,44
Ohio,Native Hawaiian or other Pacific Islander,total_exams,2020,62
Ohio,Native Hawaiian or other Pacific Islander,total_exams,2015,2900
Ohio,Native Hawaiian or other Pacific Islander,mean_score,2025,3.26
Ohio,Native Hawaiian or other Pacific Islander,mean_score,2024,2.98
Ohio,Native Hawaiian or other Pacific Islander,mean_score,2020,3.02
Ohio,Native Hawaiian or other Pacific Islander,mean_score,2015,2.96
Ohio,Two or More Races,score_5,2025,1147
Ohio,Two or More Races,score_5,2024,969
Ohio,Two or More Races,score_5,2020,747
Ohio,Two or More Races,score_4,2025,1669
Ohio,Two or More Races,score_4,2024,1464
Ohio,Two or More Races,score_4,2020,1033
Ohio,Two or More Races,score_3,2025,1566
Ohio,Two or More Races,score_3,2024,1341
Ohio,Two or More Races,score_3,2020,1363
Ohio,Two or More Races,score_2,2025,962
Ohio,Two or More Races,score_2,2024,956
Ohio,Two or More Races,score_2,2020,984
Ohio,Two or More Races,score_1,2025,388
Ohio,Two or More Races,score_1,2024,493
Ohio,Two or More Races,score_1,2020,697
Ohio,Two or More Races,total_exams,2025,5732
Ohio,Two or More Races,total_exams,2024,5223
Ohio,Two or More Races,total_exams,2020,4824
Ohio,Two or More Races,mean_score,2025,3.39
Ohio,Two or More Races,mean_score,2024,3.28
Ohio,Two or More Races,mean_score,2020,3.03
Ohio,No Response,total_exams,2025,4443
Ohio,No Response,total_exams,2024,2879
Ohio,No Response,total_exams,2020,3068
Ohio,No Response,total_exams,2015,1792
Oklahoma,Overall,score_5,2025,2623
Oklahoma,Overall,score_5,2024,2345
Oklahoma,Overall,score_5,2020,1653
Oklahoma,Overall,score_5,2015,1667
Oklahoma,Overall,score_4,2025,6369
Oklahoma,Overall,score_4,2024,5260
Oklahoma,Overall,score_4,2020,3318
Oklahoma,Overall,score_4,2015,3748
Oklahoma,Overall,score_3,2025,8034
Oklahoma,Overall,score_3,2024,6639
Oklahoma,Overall,score_3,2020,5602
Oklahoma,Overall,score_3,2015,7073
Oklahoma,Overall,score_2,2025,6865
Oklahoma,Overall,score_2,2024,7014
Oklahoma,Overall,score_2,2020,5880
Oklahoma,Overall,score_2,2015,8162
Oklahoma,Overall,score_1,2025,4092
Oklahoma,Overall,score_1,2024,4963
Oklahoma,Overall,score_1,2020,4889
Oklahoma,Overall,score_1,2015,6913
Oklahoma,Overall,total_exams,2025,27983
Oklahoma,Overall,total_exams,2024,26221
Oklahoma,Overall,total_exams,2020,21342
Oklahoma,Overall,total_exams,2015,27563
Oklahoma,Overall,mean_score,2025,2.88
Oklahoma,Overall,mean_score,2024,2.73
Oklahoma,Overall,mean_score,2020,2.58
Oklahoma,Overall,mean_score,2015,2.46
Oklahoma,Asian,score_5,2025,565
Oklahoma,Asian,score_5,2024,512
Oklahoma,Asian,score_5,2020,320
Oklahoma,Asian,score_5,2015,304
Oklahoma,Asian,score_4,2025,897
Oklahoma,Asian,score_4,2024,867
Oklahoma,Asian,score_4,2020,515
Oklahoma,Asian,score_4,2015,465
Oklahoma,Asian,score_3,2025,923
Oklahoma,Asian,score_3,2024,797
Oklahoma,Asian,score_3,2020,637
Oklahoma,Asian,score_3,2015,745
Oklahoma,Asian,score_2,2025,699
Oklahoma,Asian,score_2,2024,703
Oklahoma,Asian,score_2,2020,617
Oklahoma,Asian,score_2,2015,668
Oklahoma,Asian,score_1,2025,294
Oklahoma,Asian,score_1,2024,368
Oklahoma,Asian,score_1,2020,348
Oklahoma,Asian,score_1,2015,596
Oklahoma,Asian,total_exams,2025,3378
Oklahoma,Asian,total_exams,2024,3247
Oklahoma,Asian,total_exams,2020,2437
Oklahoma,Asian,total_exams,2015,2778
Oklahoma,Asian,mean_score,2025,3.22
Oklahoma,Asian,mean_score,2024,3.14
Oklahoma,Asian,mean_score,2020,2.94
Oklahoma,Asian,mean_score,2015,2.72
Oklahoma,Hispanic/Latino,score_5,2025,289
Oklahoma,Hispanic/Latino,score_5,2024,240
Oklahoma,Hispanic/Latino,score_5,2020,196
Oklahoma,Hispanic/Latino,score_5,2015,166
Oklahoma,Hispanic/Latino,score_4,2025,759
Oklahoma,Hispanic/Latino,score_4,2024,618
Oklahoma,Hispanic/Latino,score_4,2020,400
Oklahoma,Hispanic/Latino,score_4,2015,320
Oklahoma,Hispanic/Latino,score_3,2025,1378
Oklahoma,Hispanic/Latino,score_3,2024,1098
Oklahoma,Hispanic/Latino,score_3,2020,702
Oklahoma,Hispanic/Latino,score_3,2015,543
Oklahoma,Hispanic/Latino,score_2,2025,1645
Oklahoma,Hispanic/Latino,score_2,2024,1543
Oklahoma,Hispanic/Latino,score_2,2020,851
Oklahoma,Hispanic/Latino,score_2,2015,832
Oklahoma,Hispanic/Latino,score_1,2025,1503
Oklahoma,Hispanic/Latino,score_1,2024,1755
Oklahoma,Hispanic/Latino,score_1,2020,1121
Oklahoma,Hispanic/Latino,score_1,2015,1077
Oklahoma,Hispanic/Latino,total_exams,2025,5574
Oklahoma,Hispanic/Latino,total_exams,2024,5254
Oklahoma,Hispanic/Latino,total_exams,2020,3270
Oklahoma,Hispanic/Latino,total_exams,2015,2938
Oklahoma,Hispanic/Latino,mean_score,2025,2.41
Oklahoma,Hispanic/Latino,mean_score,2024,2.25
Oklahoma,Hispanic/Latino,mean_score,2020,2.3
Oklahoma,Hispanic/Latino,mean_score,2015,2.21
Oklahoma,White,score_5,2025,1328
Oklahoma,White,score_5,2024,1257
Oklahoma,White,score_5,2020,901
Oklahoma,White,score_5,2015,1019
Oklahoma,White,score_4,2025,3482
Oklahoma,White,score_4,2024,2792
Oklahoma,White,score_4,2020,1847
Oklahoma,White,score_4,2015,2426
Oklahoma,White,score_3,2025,3938
Oklahoma,White,score_3,2024,3356
Oklahoma,White,score_3,2020,3138
Oklahoma,White,score_3,2015,4514
Oklahoma,White,score_2,2025,2908
Oklahoma,White,score_2,2024,3194
Oklahoma,White,score_2,2020,3106
Oklahoma,White,score_2,2015,4861
Oklahoma,White,score_1,2025,1123
Oklahoma,White,score_1,2024,1543
Oklahoma,White,score_1,2020,2089
Oklahoma,White,score_1,2015,3261
Oklahoma,White,total_exams,2025,12779
Oklahoma,White,total_exams,2024,12142
Oklahoma,White,total_exams,2020,11081
Oklahoma,White,total_exams,2015,16081
Oklahoma,White,mean_score,2025,3.08
Oklahoma,White,mean_score,2024,2.92
Oklahoma,White,mean_score,2020,2.67
Oklahoma,White,mean_score,2015,2.57
Oklahoma,Black or African American,score_5,2025,48
Oklahoma,Black or African American,score_5,2024,43
Oklahoma,Black or African American,score_5,2020,27
Oklahoma,Black or African American,score_5,2015,34
Oklahoma,Black or African American,score_4,2025,189
Oklahoma,Black or African American,score_4,2024,162
Oklahoma,Black or African American,score_4,2020,74
Oklahoma,Black or African American,score_4,2015,103
Oklahoma,Black or African American,score_3,2025,350
Oklahoma,Black or African American,score_3,2024,249
Oklahoma,Black or African American,score_3,2020,171
Oklahoma,Black or African American,score_3,2015,347
Oklahoma,Black or African American,score_2,2025,432
Oklahoma,Black or African American,score_2,2024,401
Oklahoma,Black or African American,score_2,2020,280
Oklahoma,Black or African American,score_2,2015,534
Oklahoma,Black or African American,score_1,2025,531
Oklahoma,Black or African American,score_1,2024,554
Oklahoma,Black or African American,score_1,2020,371
Oklahoma,Black or African American,score_1,2015,804
Oklahoma,Black or African American,total_exams,2025,1550
Oklahoma,Black or African American,total_exams,2024,1409
Oklahoma,Black or African American,total_exams,2020,923
Oklahoma,Black or African American,total_exams,2015,1822
Oklahoma,Black or African American,mean_score,2025,2.22
Oklahoma,Black or African American,mean_score,2024,2.11
Oklahoma,Black or African American,mean_score,2020,2.03
Oklahoma,Black or African American,mean_score,2015,1.92
Oklahoma,Native American or Alaska Native,score_5,2025,48
Oklahoma,Native American or Alaska Native,score_5,2024,45
Oklahoma,Native American or Alaska Native,score_5,2020,27
Oklahoma,Native American or Alaska Native,score_5,2015,73
Oklahoma,Native American or Alaska Native,score_4,2025,161
Oklahoma,Native American or Alaska Native,score_4,2024,128
Oklahoma,Native American or Alaska Native,score_4,2020,95
Oklahoma,Native American or Alaska Native,score_4,2015,228
Oklahoma,Native American or Alaska Native,score_3,2025,285
Oklahoma,Native American or Alaska Native,score_3,2024,227
Oklahoma,Native American or Alaska Native,score_3,2020,179
Oklahoma,Native American or Alaska Native,score_3,2015,477
Oklahoma,Native American or Alaska Native,score_2,2025,286
Oklahoma,Native American or Alaska Native,score_2,2024,264
Oklahoma,Native American or Alaska Native,score_2,2020,209
Oklahoma,Native American or Alaska Native,score_2,2015,571
Oklahoma,Native American or Alaska Native,score_1,2025,159
Oklahoma,Native American or Alaska Native,score_1,2024,165
Oklahoma,Native American or Alaska Native,score_1,2020,242
Oklahoma,Native American or Alaska Native,score_1,2015,484
Oklahoma,Native American or Alaska Native,total_exams,2025,939
Oklahoma,Native American or Alaska Native,total_exams,2024,829
Oklahoma,Native American or Alaska Native,total_exams,2020,752
Oklahoma,Native American or Alaska Native,total_exams,2015,1833
Oklahoma,Native American or Alaska Native,mean_score,2025,2.63
Oklahoma,Native American or Alaska Native,mean_score,2024,2.55
Oklahoma,Native American or Alaska Native,mean_score,2020,2.28
Oklahoma,Native American or Alaska Native,mean_score,2015,2.36
Oklahoma,Native Hawaiian or other Pacific Islander,score_5,2025,**
Oklahoma,Native Hawaiian or other Pacific Islander,score_5,2024,**
Oklahoma,Native Hawaiian or other Pacific Islander,score_5,2020,**
Oklahoma,Native Hawaiian or other Pacific Islander,score_5,2015,34
Oklahoma,Native Hawaiian or other Pacific Islander,score_4,2025,**
Oklahoma,Native Hawaiian or other Pacific Islander,score_4,2024,**
Oklahoma,Native Hawaiian or other Pacific Islander,score_4,2020,**
Oklahoma,Native Hawaiian or other Pacific Islander,score_4,2015,88
Oklahoma,Native Hawaiian or other Pacific Islander,score_3,2025,**
Oklahoma,Native Hawaiian or other Pacific Islander,score_3,2024,**
Oklahoma,Native Hawaiian or other Pacific Islander,score_3,2020,**
Oklahoma,Native Hawaiian or other Pacific Islander,score_3,2015,155
Oklahoma,Native Hawaiian or other Pacific Islander,score_2,2025,**
Oklahoma,Native Hawaiian or other Pacific Islander,score_2,2024,**
Oklahoma,Native Hawaiian or other Pacific Islander,score_2,2020,**
Oklahoma,Native Hawaiian or other Pacific Islander,score_2,2015,151
Oklahoma,Native Hawaiian or other Pacific Islander,score_1,2025,**
Oklahoma,Native Hawaiian or other Pacific Islander,score_1,2024,**
Oklahoma,Native Hawaiian or other Pacific Islander,score_1,2020,**
Oklahoma,Native Hawaiian or other Pacific Islander,score_1,2015,147
Oklahoma,Native Hawaiian or other Pacific Islander,total_exams,2025,61
Oklahoma,Native Hawaiian or other Pacific Islander,total_exams,2024,43
Oklahoma,Native Hawaiian or other Pacific Islander,total_exams,2020,27
Oklahoma,Native Hawaiian or other Pacific Islander,total_exams,2015,575
Oklahoma,Native Hawaiian or other Pacific Islander,mean_score,2025,1.98
Oklahoma,Native Hawaiian or other Pacific Islander,mean_score,2024,1.81
Oklahoma,Native Hawaiian or other Pacific Islander,mean_score,2020,2.07
Oklahoma,Native Hawaiian or other Pacific Islander,mean_score,2015,2.5
Oklahoma,Two or More Races,score_5,2025,279
Oklahoma,Two or More Races,score_5,2024,210
Oklahoma,Two or More Races,score_5,2020,148
Oklahoma,Two or More Races,score_4,2025,738
Oklahoma,Two or More Races,score_4,2024,635
Oklahoma,Two or More Races,score_4,2020,308
Oklahoma,Two or More Races,score_3,2025,963
Oklahoma,Two or More Races,score_3,2024,803
Oklahoma,Two or More Races,score_3,2020,647
Oklahoma,Two or More Races,score_2,2025,758
Oklahoma,Two or More Races,score_2,2024,783
Oklahoma,Two or More Races,score_2,2020,667
Oklahoma,Two or More Races,score_1,2025,374
Oklahoma,Two or More Races,score_1,2024,477
Oklahoma,Two or More Races,score_1,2020,601
Oklahoma,Two or More Races,total_exams,2025,3112
Oklahoma,Two or More Races,total_exams,2024,2908
Oklahoma,Two or More Races,total_exams,2020,2371
Oklahoma,Two or More Races,mean_score,2025,2.93
Oklahoma,Two or More Races,mean_score,2024,2.77
Oklahoma,Two or More Races,mean_score,2020,2.47
Oklahoma,No Response,total_exams,2025,590
Oklahoma,No Response,total_exams,2024,389
Oklahoma,No Response,total_exams,2020,481
Oklahoma,No Response,total_exams,2015,1536
Oregon,Overall,score_5,2025,5457
Oregon,Overall,score_5,2024,4616
Oregon,Overall,score_5,2020,3887
Oregon,Overall,score_5,2015,3468
Oregon,Overall,score_4,2025,10394
Oregon,Overall,score_4,2024,8670
Oregon,Overall,score_4,2020,5735
Oregon,Overall,score_4,2015,5411
Oregon,Overall,score_3,2025,10884
Oregon,Overall,score_3,2024,9394
Oregon,Overall,score_3,2020,7659
Oregon,Overall,score_3,2015,7264
Oregon,Overall,score_2,2025,7515
Oregon,Overall,score_2,2024,7204
Oregon,Overall,score_2,2020,6239
Oregon,Overall,score_2,2015,6482
Oregon,Overall,score_1,2025,2949
Oregon,Overall,score_1,2024,4399
Oregon,Overall,score_1,2020,4340
Oregon,Overall,score_1,2015,4644
Oregon,Overall,total_exams,2025,37199
Oregon,Overall,total_exams,2024,34283
Oregon,Overall,total_exams,2020,27860
Oregon,Overall,total_exams,2015,27269
Oregon,Overall,mean_score,2025,3.21
Oregon,Overall,mean_score,2024,3.06
Oregon,Overall,mean_score,2020,2.95
Oregon,Overall,mean_score,2015,2.87
Oregon,Asian,score_5,2025,1066
Oregon,Asian,score_5,2024,902
Oregon,Asian,score_5,2020,690
Oregon,Asian,score_5,2015,783
Oregon,Asian,score_4,2025,1348
Oregon,Asian,score_4,2024,1224
Oregon,Asian,score_4,2020,700
Oregon,Asian,score_4,2015,859
Oregon,Asian,score_3,2025,1167
Oregon,Asian,score_3,2024,1040
Oregon,Asian,score_3,2020,764
Oregon,Asian,score_3,2015,964
Oregon,Asian,score_2,2025,806
Oregon,Asian,score_2,2024,749
Oregon,Asian,score_2,2020,583
Oregon,Asian,score_2,2015,829
Oregon,Asian,score_1,2025,315
Oregon,Asian,score_1,2024,458
Oregon,Asian,score_1,2020,383
Oregon,Asian,score_1,2015,584
Oregon,Asian,total_exams,2025,4702
Oregon,Asian,total_exams,2024,4373
Oregon,Asian,total_exams,2020,3120
Oregon,Asian,total_exams,2015,4019
Oregon,Asian,mean_score,2025,3.43
Oregon,Asian,mean_score,2024,3.31
Oregon,Asian,mean_score,2020,3.23
Oregon,Asian,mean_score,2015,3.11
Oregon,Hispanic/Latino,score_5,2025,480
Oregon,Hispanic/Latino,score_5,2024,368
Oregon,Hispanic/Latino,score_5,2020,408
Oregon,Hispanic/Latino,score_5,2015,214
Oregon,Hispanic/Latino,score_4,2025,1146
Oregon,Hispanic/Latino,score_4,2024,983
Oregon,Hispanic/Latino,score_4,2020,711
Oregon,Hispanic/Latino,score_4,2015,396
Oregon,Hispanic/Latino,score_3,2025,1692
Oregon,Hispanic/Latino,score_3,2024,1467
Oregon,Hispanic/Latino,score_3,2020,1013
Oregon,Hispanic/Latino,score_3,2015,638
Oregon,Hispanic/Latino,score_2,2025,1732
Oregon,Hispanic/Latino,score_2,2024,1509
Oregon,Hispanic/Latino,score_2,2020,964
Oregon,Hispanic/Latino,score_2,2015,801
Oregon,Hispanic/Latino,score_1,2025,953
Oregon,Hispanic/Latino,score_1,2024,1279
Oregon,Hispanic/Latino,score_1,2020,948
Oregon,Hispanic/Latino,score_1,2015,957
Oregon,Hispanic/Latino,total_exams,2025,6003
Oregon,Hispanic/Latino,total_exams,2024,5606
Oregon,Hispanic/Latino,total_exams,2020,4044
Oregon,Hispanic/Latino,total_exams,2015,3006
Oregon,Hispanic/Latino,mean_score,2025,2.74
Oregon,Hispanic/Latino,mean_score,2024,2.58
Oregon,Hispanic/Latino,mean_score,2020,2.67
Oregon,Hispanic/Latino,mean_score,2015,2.37
Oregon,White,score_5,2025,3163
Oregon,White,score_5,2024,2783
Oregon,White,score_5,2020,2294
Oregon,White,score_5,2015,2248
Oregon,White,score_4,2025,6569
Oregon,White,score_4,2024,5411
Oregon,White,score_4,2020,3648
Oregon,White,score_4,2015,3806
Oregon,White,score_3,2025,6670
Oregon,White,score_3,2024,5816
Oregon,White,score_3,2020,4923
Oregon,White,score_3,2015,5079
Oregon,White,score_2,2025,4026
Oregon,White,score_2,2024,4035
Oregon,White,score_2,2020,3863
Oregon,White,score_2,2015,4249
Oregon,White,score_1,2025,1297
Oregon,White,score_1,2024,2056
Oregon,White,score_1,2020,2360
Oregon,White,score_1,2015,2583
Oregon,White,total_exams,2025,21725
Oregon,White,total_exams,2024,20101
Oregon,White,total_exams,2020,17088
Oregon,White,total_exams,2015,17965
Oregon,White,mean_score,2025,3.29
Oregon,White,mean_score,2024,3.14
Oregon,White,mean_score,2020,2.98
Oregon,White,mean_score,2015,2.94
Oregon,Black or African American,score_5,2025,32
Oregon,Black or African American,score_5,2024,21
Oregon,Black or African American,score_5,2020,22
Oregon,Black or African American,score_5,2015,22
Oregon,Black or African American,score_4,2025,96
Oregon,Black or African American,score_4,2024,82
Oregon,Black or African American,score_4,2020,45
Oregon,Black or African American,score_4,2015,50
Oregon,Black or African American,score_3,2025,191
Oregon,Black or African American,score_3,2024,137
Oregon,Black or African American,score_3,2020,74
Oregon,Black or African American,score_3,2015,73
Oregon,Black or African American,score_2,2025,191
Oregon,Black or African American,score_2,2024,144
Oregon,Black or African American,score_2,2020,87
Oregon,Black or African American,score_2,2015,119
Oregon,Black or African American,score_1,2025,93
Oregon,Black or African American,score_1,2024,129
Oregon,Black or African American,score_1,2020,98
Oregon,Black or African American,score_1,2015,134
Oregon,Black or African American,total_exams,2025,603
Oregon,Black or African American,total_exams,2024,513
Oregon,Black or African American,total_exams,2020,326
Oregon,Black or African American,total_exams,2015,398
Oregon,Black or African American,mean_score,2025,2.64
Oregon,Black or African American,mean_score,2024,2.46
Oregon,Black or African American,mean_score,2020,2.4
Oregon,Black or African American,mean_score,2015,2.26
Oregon,Native American or Alaska Native,score_5,2025,**
Oregon,Native American or Alaska Native,score_5,2024,**
Oregon,Native American or Alaska Native,score_5,2020,**
Oregon,Native American or Alaska Native,score_5,2015,11
Oregon,Native American or Alaska Native,score_4,2025,**
Oregon,Native American or Alaska Native,score_4,2024,**
Oregon,Native American or Alaska Native,score_4,2020,**
Oregon,Native American or Alaska Native,score_4,2015,29
Oregon,Native American or Alaska Native,score_3,2025,**
Oregon,Native American or Alaska Native,score_3,2024,**
Oregon,Native American or Alaska Native,score_3,2020,**
Oregon,Native American or Alaska Native,score_3,2015,73
Oregon,Native American or Alaska Native,score_2,2025,**
Oregon,Native American or Alaska Native,score_2,2024,**
Oregon,Native American or Alaska Native,score_2,2020,**
Oregon,Native American or Alaska Native,score_2,2015,73
Oregon,Native American or Alaska Native,score_1,2025,**
Oregon,Native American or Alaska Native,score_1,2024,**
Oregon,Native American or Alaska Native,score_1,2020,**
Oregon,Native American or Alaska Native,score_1,2015,54
Oregon,Native American or Alaska Native,total_exams,2025,126
Oregon,Native American or Alaska Native,total_exams,2024,168
Oregon,Native American or Alaska Native,total_exams,2020,178
Oregon,Native American or Alaska Native,total_exams,2015,240
Oregon,Native American or Alaska Native,mean_score,2025,2.56
Oregon,Native American or Alaska Native,mean_score,2024,2.35
Oregon,Native American or Alaska Native,mean_score,2020,2.34
Oregon,Native American or Alaska Native,mean_score,2015,2.46
Oregon,Native Hawaiian or other Pacific Islander,score_5,2025,**
Oregon,Native Hawaiian or other Pacific Islander,score_5,2024,**
Oregon,Native Hawaiian or other Pacific Islander,score_5,2020,**
Oregon,Native Hawaiian or other Pacific Islander,score_5,2015,111
Oregon,Native Hawaiian or other Pacific Islander,score_4,2025,**
Oregon,Native Hawaiian or other Pacific Islander,score_4,2024,**
Oregon,Native Hawaiian or other Pacific Islander,score_4,2020,**
Oregon,Native Hawaiian or other Pacific Islander,score_4,2015,140
Oregon,Native Hawaiian or other Pacific Islander,score_3,2025,**
Oregon,Native Hawaiian or other Pacific Islander,score_3,2024,**
Oregon,Native Hawaiian or other Pacific Islander,score_3,2020,**
Oregon,Native Hawaiian or other Pacific Islander,score_3,2015,197
Oregon,Native Hawaiian or other Pacific Islander,score_2,2025,**
Oregon,Native Hawaiian or other Pacific Islander,score_2,2024,**
Oregon,Native Hawaiian or other Pacific Islander,score_2,2020,**
Oregon,Native Hawaiian or other Pacific Islander,score_2,2015,171
Oregon,Native Hawaiian or other Pacific Islander,score_1,2025,**
Oregon,Native Hawaiian or other Pacific Islander,score_1,2024,**
Oregon,Native Hawaiian or other Pacific Islander,score_1,2020,**
Oregon,Native Hawaiian or other Pacific Islander,score_1,2015,124
Oregon,Native Hawaiian or other Pacific Islander,total_exams,2025,84
Oregon,Native Hawaiian or other Pacific Islander,total_exams,2024,95
Oregon,Native Hawaiian or other Pacific Islander,total_exams,2020,77
Oregon,Native Hawaiian or other Pacific Islander,total_exams,2015,743
Oregon,Native Hawaiian or other Pacific Islander,mean_score,2025,2.61
Oregon,Native Hawaiian or other Pacific Islander,mean_score,2024,2.22
Oregon,Native Hawaiian or other Pacific Islander,mean_score,2020,2.3
Oregon,Native Hawaiian or other Pacific Islander,mean_score,2015,2.92
Oregon,Two or More Races,score_5,2025,451
Oregon,Two or More Races,score_5,2024,340
Oregon,Two or More Races,score_5,2020,311
Oregon,Two or More Races,score_4,2025,816
Oregon,Two or More Races,score_4,2024,643
Oregon,Two or More Races,score_4,2020,414
Oregon,Two or More Races,score_3,2025,707
Oregon,Two or More Races,score_3,2024,601
Oregon,Two or More Races,score_3,2020,539
Oregon,Two or More Races,score_2,2025,456
Oregon,Two or More Races,score_2,2024,471
Oregon,Two or More Races,score_2,2020,458
Oregon,Two or More Races,score_1,2025,146
Oregon,Two or More Races,score_1,2024,263
Oregon,Two or More Races,score_1,2020,320
Oregon,Two or More Races,total_exams,2025,2576
Oregon,Two or More Races,total_exams,2024,2318
Oregon,Two or More Races,total_exams,2020,2042
Oregon,Two or More Races,mean_score,2025,3.38
Oregon,Two or More Races,mean_score,2024,3.14
Oregon,Two or More Races,mean_score,2020,2.97
Oregon,No Response,total_exams,2025,1380
Oregon,No Response,total_exams,2024,1109
Oregon,No Response,total_exams,2020,985
Oregon,No Response,total_exams,2015,898
Pennsylvania,Overall,score_5,2025,29437
Pennsylvania,Overall,score_5,2024,25587
Pennsylvania,Overall,score_5,2020,20597
Pennsylvania,Overall,score_5,2015,17192
Pennsylvania,Overall,score_4,2025,43262
Pennsylvania,Overall,score_4,2024,37022
Pennsylvania,Overall,score_4,2020,27412
Pennsylvania,Overall,score_4,2015,23397
Pennsylvania,Overall,score_3,2025,36349
Pennsylvania,Overall,score_3,2024,33058
Pennsylvania,Overall,score_3,2020,31350
Pennsylvania,Overall,score_3,2015,27309
Pennsylvania,Overall,score_2,2025,20926
Pennsylvania,Overall,score_2,2024,22470
Pennsylvania,Overall,score_2,2020,21709
Pennsylvania,Overall,score_2,2015,18772
Pennsylvania,Overall,score_1,2025,8951
Pennsylvania,Overall,score_1,2024,11814
Pennsylvania,Overall,score_1,2020,11862
Pennsylvania,Overall,score_1,2015,14163
Pennsylvania,Overall,total_exams,2025,138925
Pennsylvania,Overall,total_exams,2024,129951
Pennsylvania,Overall,total_exams,2020,112930
Pennsylvania,Overall,total_exams,2015,100833
Pennsylvania,Overall,mean_score,2025,3.46
Pennsylvania,Overall,mean_score,2024,3.32
Pennsylvania,Overall,mean_score,2020,3.21
Pennsylvania,Overall,mean_score,2015,3.11
Pennsylvania,Asian,score_5,2025,7231
Pennsylvania,Asian,score_5,2024,6557
Pennsylvania,Asian,score_5,2020,4293
Pennsylvania,Asian,score_5,2015,3140
Pennsylvania,Asian,score_4,2025,7930
Pennsylvania,Asian,score_4,2024,6731
Pennsylvania,Asian,score_4,2020,4113
Pennsylvania,Asian,score_4,2015,3006
Pennsylvania,Asian,score_3,2025,5414
Pennsylvania,Asian,score_3,2024,4784
Pennsylvania,Asian,score_3,2020,3701
Pennsylvania,Asian,score_3,2015,2776
Pennsylvania,Asian,score_2,2025,2796
Pennsylvania,Asian,score_2,2024,2854
Pennsylvania,Asian,score_2,2020,2097
Pennsylvania,Asian,score_2,2015,1735
Pennsylvania,Asian,score_1,2025,1106
Pennsylvania,Asian,score_1,2024,1374
Pennsylvania,Asian,score_1,2020,1070
Pennsylvania,Asian,score_1,2015,1316
Pennsylvania,Asian,total_exams,2025,24477
Pennsylvania,Asian,total_exams,2024,22300
Pennsylvania,Asian,total_exams,2020,15274
Pennsylvania,Asian,total_exams,2015,11973
Pennsylvania,Asian,mean_score,2025,3.71
Pennsylvania,Asian,mean_score,2024,3.64
Pennsylvania,Asian,mean_score,2020,3.55
Pennsylvania,Asian,mean_score,2015,3.41
Pennsylvania,Hispanic/Latino,score_5,2025,1523
Pennsylvania,Hispanic/Latino,score_5,2024,1279
Pennsylvania,Hispanic/Latino,score_5,2020,977
Pennsylvania,Hispanic/Latino,score_5,2015,478
Pennsylvania,Hispanic/Latino,score_4,2025,2774
Pennsylvania,Hispanic/Latino,score_4,2024,2223
Pennsylvania,Hispanic/Latino,score_4,2020,1426
Pennsylvania,Hispanic/Latino,score_4,2015,693
Pennsylvania,Hispanic/Latino,score_3,2025,3041
Pennsylvania,Hispanic/Latino,score_3,2024,2465
Pennsylvania,Hispanic/Latino,score_3,2020,1876
Pennsylvania,Hispanic/Latino,score_3,2015,931
Pennsylvania,Hispanic/Latino,score_2,2025,2436
Pennsylvania,Hispanic/Latino,score_2,2024,2280
Pennsylvania,Hispanic/Latino,score_2,2020,1553
Pennsylvania,Hispanic/Latino,score_2,2015,865
Pennsylvania,Hispanic/Latino,score_1,2025,1490
Pennsylvania,Hispanic/Latino,score_1,2024,1848
Pennsylvania,Hispanic/Latino,score_1,2020,1384
Pennsylvania,Hispanic/Latino,score_1,2015,1193
Pennsylvania,Hispanic/Latino,total_exams,2025,11264
Pennsylvania,Hispanic/Latino,total_exams,2024,10095
Pennsylvania,Hispanic/Latino,total_exams,2020,7216
Pennsylvania,Hispanic/Latino,total_exams,2015,4160
Pennsylvania,Hispanic/Latino,mean_score,2025,3.04
Pennsylvania,Hispanic/Latino,mean_score,2024,2.88
Pennsylvania,Hispanic/Latino,mean_score,2020,2.87
Pennsylvania,Hispanic/Latino,mean_score,2015,2.61
Pennsylvania,White,score_5,2025,17376
Pennsylvania,White,score_5,2024,15287
Pennsylvania,White,score_5,2020,13514
Pennsylvania,White,score_5,2015,12675
Pennsylvania,White,score_4,2025,27701
Pennsylvania,White,score_4,2024,24387
Pennsylvania,White,score_4,2020,19403
Pennsylvania,White,score_4,2015,18357
Pennsylvania,White,score_3,2025,23469
Pennsylvania,White,score_3,2024,22100
Pennsylvania,White,score_3,2020,22632
Pennsylvania,White,score_3,2015,21612
Pennsylvania,White,score_2,2025,12457
Pennsylvania,White,score_2,2024,14084
Pennsylvania,White,score_2,2020,15428
Pennsylvania,White,score_2,2015,13923
Pennsylvania,White,score_1,2025,3934
Pennsylvania,White,score_1,2024,5739
Pennsylvania,White,score_1,2020,7140
Pennsylvania,White,score_1,2015,7891
Pennsylvania,White,total_exams,2025,84937
Pennsylvania,White,total_exams,2024,81597
Pennsylvania,White,total_exams,2020,78117
Pennsylvania,White,total_exams,2015,74458
Pennsylvania,White,mean_score,2025,3.5
Pennsylvania,White,mean_score,2024,3.36
Pennsylvania,White,mean_score,2020,3.21
Pennsylvania,White,mean_score,2015,3.19
Pennsylvania,Black or African American,score_5,2025,471
Pennsylvania,Black or African American,score_5,2024,379
Pennsylvania,Black or African American,score_5,2020,241
Pennsylvania,Black or African American,score_5,2015,245
Pennsylvania,Black or African American,score_4,2025,1213
Pennsylvania,Black or African American,score_4,2024,938
Pennsylvania,Black or African American,score_4,2020,537
Pennsylvania,Black or African American,score_4,2015,466
Pennsylvania,Black or African American,score_3,2025,1708
Pennsylvania,Black or African American,score_3,2024,1328
Pennsylvania,Black or African American,score_3,2020,973
Pennsylvania,Black or African American,score_3,2015,935
Pennsylvania,Black or African American,score_2,2025,1662
Pennsylvania,Black or African American,score_2,2024,1672
Pennsylvania,Black or African American,score_2,2020,1179
Pennsylvania,Black or African American,score_2,2015,1321
Pennsylvania,Black or African American,score_1,2025,1712
Pennsylvania,Black or African American,score_1,2024,1965
Pennsylvania,Black or African American,score_1,2020,1396
Pennsylvania,Black or African American,score_1,2015,2641
Pennsylvania,Black or African American,total_exams,2025,6766
Pennsylvania,Black or African American,total_exams,2024,6282
Pennsylvania,Black or African American,total_exams,2020,4326
Pennsylvania,Black or African American,total_exams,2015,5608
Pennsylvania,Black or African American,mean_score,2025,2.57
Pennsylvania,Black or African American,mean_score,2024,2.38
Pennsylvania,Black or African American,mean_score,2020,2.32
Pennsylvania,Black or African American,mean_score,2015,1.99
Pennsylvania,Native American or Alaska Native,score_5,2025,14
Pennsylvania,Native American or Alaska Native,score_5,2024,21
Pennsylvania,Native American or Alaska Native,score_5,2020,40
Pennsylvania,Native American or Alaska Native,score_5,2015,28
Pennsylvania,Native American or Alaska Native,score_4,2025,31
Pennsylvania,Native American or Alaska Native,score_4,2024,47
Pennsylvania,Native American or Alaska Native,score_4,2020,59
Pennsylvania,Native American or Alaska Native,score_4,2015,46
Pennsylvania,Native American or Alaska Native,score_3,2025,48
Pennsylvania,Native American or Alaska Native,score_3,2024,56
Pennsylvania,Native American or Alaska Native,score_3,2020,101
Pennsylvania,Native American or Alaska Native,score_3,2015,45
Pennsylvania,Native American or Alaska Native,score_2,2025,37
Pennsylvania,Native American or Alaska Native,score_2,2024,57
Pennsylvania,Native American or Alaska Native,score_2,2020,85
Pennsylvania,Native American or Alaska Native,score_2,2015,62
Pennsylvania,Native American or Alaska Native,score_1,2025,14
Pennsylvania,Native American or Alaska Native,score_1,2024,40
Pennsylvania,Native American or Alaska Native,score_1,2020,75
Pennsylvania,Native American or Alaska Native,score_1,2015,50
Pennsylvania,Native American or Alaska Native,total_exams,2025,144
Pennsylvania,Native American or Alaska Native,total_exams,2024,221
Pennsylvania,Native American or Alaska Native,total_exams,2020,360
Pennsylvania,Native American or Alaska Native,total_exams,2015,231
Pennsylvania,Native American or Alaska Native,mean_score,2025,2.96
Pennsylvania,Native American or Alaska Native,mean_score,2024,2.78
Pennsylvania,Native American or Alaska Native,mean_score,2020,2.73
Pennsylvania,Native American or Alaska Native,mean_score,2015,2.74
Pennsylvania,Native Hawaiian or other Pacific Islander,score_5,2025,**
Pennsylvania,Native Hawaiian or other Pacific Islander,score_5,2024,**
Pennsylvania,Native Hawaiian or other Pacific Islander,score_5,2020,**
Pennsylvania,Native Hawaiian or other Pacific Islander,score_5,2015,477
Pennsylvania,Native Hawaiian or other Pacific Islander,score_4,2025,**
Pennsylvania,Native Hawaiian or other Pacific Islander,score_4,2024,**
Pennsylvania,Native Hawaiian or other Pacific Islander,score_4,2020,**
Pennsylvania,Native Hawaiian or other Pacific Islander,score_4,2015,594
Pennsylvania,Native Hawaiian or other Pacific Islander,score_3,2025,**
Pennsylvania,Native Hawaiian or other Pacific Islander,score_3,2024,**
Pennsylvania,Native Hawaiian or other Pacific Islander,score_3,2020,**
Pennsylvania,Native Hawaiian or other Pacific Islander,score_3,2015,639
Pennsylvania,Native Hawaiian or other Pacific Islander,score_2,2025,**
Pennsylvania,Native Hawaiian or other Pacific Islander,score_2,2024,**
Pennsylvania,Native Hawaiian or other Pacific Islander,score_2,2020,**
Pennsylvania,Native Hawaiian or other Pacific Islander,score_2,2015,488
Pennsylvania,Native Hawaiian or other Pacific Islander,score_1,2025,**
Pennsylvania,Native Hawaiian or other Pacific Islander,score_1,2024,**
Pennsylvania,Native Hawaiian or other Pacific Islander,score_1,2020,**
Pennsylvania,Native Hawaiian or other Pacific Islander,score_1,2015,489
Pennsylvania,Native Hawaiian or other Pacific Islander,total_exams,2025,52
Pennsylvania,Native Hawaiian or other Pacific Islander,total_exams,2024,59
Pennsylvania,Native Hawaiian or other Pacific Islander,total_exams,2020,64
Pennsylvania,Native Hawaiian or other Pacific Islander,total_exams,2015,2687
Pennsylvania,Native Hawaiian or other Pacific Islander,mean_score,2025,3.08
Pennsylvania,Native Hawaiian or other Pacific Islander,mean_score,2024,3.25
Pennsylvania,Native Hawaiian or other Pacific Islander,mean_score,2020,2.91
Pennsylvania,Native Hawaiian or other Pacific Islander,mean_score,2015,3.03
Pennsylvania,Two or More Races,score_5,2025,1280
Pennsylvania,Two or More Races,score_5,2024,1064
Pennsylvania,Two or More Races,score_5,2020,853
Pennsylvania,Two or More Races,score_4,2025,1799
Pennsylvania,Two or More Races,score_4,2024,1518
Pennsylvania,Two or More Races,score_4,2020,1082
Pennsylvania,Two or More Races,score_3,2025,1393
Pennsylvania,Two or More Races,score_3,2024,1339
Pennsylvania,Two or More Races,score_3,2020,1277
Pennsylvania,Two or More Races,score_2,2025,823
Pennsylvania,Two or More Races,score_2,2024,825
Pennsylvania,Two or More Races,score_2,2020,863
Pennsylvania,Two or More Races,score_1,2025,369
Pennsylvania,Two or More Races,score_1,2024,444
Pennsylvania,Two or More Races,score_1,2020,525
Pennsylvania,Two or More Races,total_exams,2025,5664
Pennsylvania,Two or More Races,total_exams,2024,5190
Pennsylvania,Two or More Races,total_exams,2020,4600
Pennsylvania,Two or More Races,mean_score,2025,3.49
Pennsylvania,Two or More Races,mean_score,2024,3.37
Pennsylvania,Two or More Races,mean_score,2020,3.19
Pennsylvania,No Response,total_exams,2025,5621
Pennsylvania,No Response,total_exams,2024,4207
Pennsylvania,No Response,total_exams,2020,2973
Pennsylvania,No Response,total_exams,2015,1716
Rhode Island,Overall,score_5,2025,2276
Rhode Island,Overall,score_5,2024,1952
Rhode Island,Overall,score_5,2020,1444
Rhode Island,Overall,score_5,2015,872
Rhode Island,Overall,score_4,2025,3419
Rhode Island,Overall,score_4,2024,2935
Rhode Island,Overall,score_4,2020,2342
Rhode Island,Overall,score_4,2015,1481
Rhode Island,Overall,score_3,2025,3734
Rhode Island,Overall,score_3,2024,3061
Rhode Island,Overall,score_3,2020,3108
Rhode Island,Overall,score_3,2015,2060
Rhode Island,Overall,score_2,2025,2499
Rhode Island,Overall,score_2,2024,2628
Rhode Island,Overall,score_2,2020,2346
Rhode Island,Overall,score_2,2015,1743
Rhode Island,Overall,score_1,2025,1553
Rhode Island,Overall,score_1,2024,2041
Rhode Island,Overall,score_1,2020,1714
Rhode Island,Overall,score_1,2015,1665
Rhode Island,Overall,total_exams,2025,13481
Rhode Island,Overall,total_exams,2024,12617
Rhode Island,Overall,total_exams,2020,10954
Rhode Island,Overall,total_exams,2015,7821
Rhode Island,Overall,mean_score,2025,3.18
Rhode Island,Overall,mean_score,2024,3.01
Rhode Island,Overall,mean_score,2020,2.95
Rhode Island,Overall,mean_score,2015,2.76
Rhode Island,Asian,score_5,2025,223
Rhode Island,Asian,score_5,2024,208
Rhode Island,Asian,score_5,2020,128
Rhode Island,Asian,score_5,2015,69
Rhode Island,Asian,score_4,2025,240
Rhode Island,Asian,score_4,2024,222
Rhode Island,Asian,score_4,2020,152
Rhode Island,Asian,score_4,2015,103
Rhode Island,Asian,score_3,2025,232
Rhode Island,Asian,score_3,2024,184
Rhode Island,Asian,score_3,2020,181
Rhode Island,Asian,score_3,2015,123
Rhode Island,Asian,score_2,2025,149
Rhode Island,Asian,score_2,2024,120
Rhode Island,Asian,score_2,2020,130
Rhode Island,Asian,score_2,2015,123
Rhode Island,Asian,score_1,2025,75
Rhode Island,Asian,score_1,2024,88
Rhode Island,Asian,score_1,2020,85
Rhode Island,Asian,score_1,2015,135
Rhode Island,Asian,total_exams,2025,919
Rhode Island,Asian,total_exams,2024,822
Rhode Island,Asian,total_exams,2020,676
Rhode Island,Asian,total_exams,2015,553
Rhode Island,Asian,mean_score,2025,3.42
Rhode Island,Asian,mean_score,2024,3.42
Rhode Island,Asian,mean_score,2020,3.16
Rhode Island,Asian,mean_score,2015,2.73
Rhode Island,Hispanic/Latino,score_5,2025,241
Rhode Island,Hispanic/Latino,score_5,2024,157
Rhode Island,Hispanic/Latino,score_5,2020,125
Rhode Island,Hispanic/Latino,score_5,2015,84
Rhode Island,Hispanic/Latino,score_4,2025,491
Rhode Island,Hispanic/Latino,score_4,2024,356
Rhode Island,Hispanic/Latino,score_4,2020,213
Rhode Island,Hispanic/Latino,score_4,2015,120
Rhode Island,Hispanic/Latino,score_3,2025,860
Rhode Island,Hispanic/Latino,score_3,2024,504
Rhode Island,Hispanic/Latino,score_3,2020,258
Rhode Island,Hispanic/Latino,score_3,2015,198
Rhode Island,Hispanic/Latino,score_2,2025,741
Rhode Island,Hispanic/Latino,score_2,2024,614
Rhode Island,Hispanic/Latino,score_2,2020,288
Rhode Island,Hispanic/Latino,score_2,2015,283
Rhode Island,Hispanic/Latino,score_1,2025,646
Rhode Island,Hispanic/Latino,score_1,2024,648
Rhode Island,Hispanic/Latino,score_1,2020,354
Rhode Island,Hispanic/Latino,score_1,2015,389
Rhode Island,Hispanic/Latino,total_exams,2025,2979
Rhode Island,Hispanic/Latino,total_exams,2024,2279
Rhode Island,Hispanic/Latino,total_exams,2020,1238
Rhode Island,Hispanic/Latino,total_exams,2015,1074
Rhode Island,Hispanic/Latino,mean_score,2025,2.64
Rhode Island,Hispanic/Latino,mean_score,2024,2.46
Rhode Island,Hispanic/Latino,mean_score,2020,2.57
Rhode Island,Hispanic/Latino,mean_score,2015,2.28
Rhode Island,White,score_5,2025,1553
Rhode Island,White,score_5,2024,1364
Rhode Island,White,score_5,2020,1049
Rhode Island,White,score_5,2015,665
Rhode Island,White,score_4,2025,2309
Rhode Island,White,score_4,2024,2047
Rhode Island,White,score_4,2020,1757
Rhode Island,White,score_4,2015,1142
Rhode Island,White,score_3,2025,2157
Rhode Island,White,score_3,2024,2022
Rhode Island,White,score_3,2020,2260
Rhode Island,White,score_3,2015,1556
Rhode Island,White,score_2,2025,1188
Rhode Island,White,score_2,2024,1489
Rhode Island,White,score_2,2020,1472
Rhode Island,White,score_2,2015,1106
Rhode Island,White,score_1,2025,482
Rhode Island,White,score_1,2024,810
Rhode Island,White,score_1,2020,789
Rhode Island,White,score_1,2015,832
Rhode Island,White,total_exams,2025,7689
Rhode Island,White,total_exams,2024,7732
Rhode Island,White,total_exams,2020,7327
Rhode Island,White,total_exams,2015,5301
Rhode Island,White,mean_score,2025,3.42
Rhode Island,White,mean_score,2024,3.22
Rhode Island,White,mean_score,2020,3.11
Rhode Island,White,mean_score,2015,2.94
Rhode Island,Black or African American,score_5,2025,28
Rhode Island,Black or African American,score_5,2024,30
Rhode Island,Black or African American,score_5,2020,14
Rhode Island,Black or African American,score_5,2015,10
Rhode Island,Black or African American,score_4,2025,100
Rhode Island,Black or African American,score_4,2024,81
Rhode Island,Black or African American,score_4,2020,46
Rhode Island,Black or African American,score_4,2015,23
Rhode Island,Black or African American,score_3,2025,218
Rhode Island,Black or African American,score_3,2024,138
Rhode Island,Black or African American,score_3,2020,111
Rhode Island,Black or African American,score_3,2015,69
Rhode Island,Black or African American,score_2,2025,207
Rhode Island,Black or African American,score_2,2024,205
Rhode Island,Black or African American,score_2,2020,167
Rhode Island,Black or African American,score_2,2015,117
Rhode Island,Black or African American,score_1,2025,214
Rhode Island,Black or African American,score_1,2024,290
Rhode Island,Black or African American,score_1,2020,217
Rhode Island,Black or African American,score_1,2015,164
Rhode Island,Black or African American,total_exams,2025,767
Rhode Island,Black or African American,total_exams,2024,744
Rhode Island,Black or African American,total_exams,2020,555
Rhode Island,Black or African American,total_exams,2015,383
Rhode Island,Black or African American,mean_score,2025,2.38
Rhode Island,Black or African American,mean_score,2024,2.13
Rhode Island,Black or African American,mean_score,2020,2.05
Rhode Island,Black or African American,mean_score,2015,1.95
Rhode Island,Native American or Alaska Native,score_5,2025,**
Rhode Island,Native American or Alaska Native,score_5,2024,**
Rhode Island,Native American or Alaska Native,score_5,2020,**
Rhode Island,Native American or Alaska Native,score_5,2015,**
Rhode Island,Native American or Alaska Native,score_4,2025,**
Rhode Island,Native American or Alaska Native,score_4,2024,**
Rhode Island,Native American or Alaska Native,score_4,2020,**
Rhode Island,Native American or Alaska Native,score_4,2015,**
Rhode Island,Native American or Alaska Native,score_3,2025,**
Rhode Island,Native American or Alaska Native,score_3,2024,**
Rhode Island,Native American or Alaska Native,score_3,2020,**
Rhode Island,Native American or Alaska Native,score_3,2015,**
Rhode Island,Native American or Alaska Native,score_2,2025,**
Rhode Island,Native American or Alaska Native,score_2,2024,**
Rhode Island,Native American or Alaska Native,score_2,2020,**
Rhode Island,Native American or Alaska Native,score_2,2015,**
Rhode Island,Native American or Alaska Native,score_1,2025,**
Rhode Island,Native American or Alaska Native,score_1,2024,**
Rhode Island,Native American or Alaska Native,score_1,2020,**
Rhode Island,Native American or Alaska Native,score_1,2015,**
Rhode Island,Native American or Alaska Native,total_exams,2025,15
Rhode Island,Native American or Alaska Native,total_exams,2024,14
Rhode Island,Native American or Alaska Native,total_exams,2020,24
Rhode Island,Native American or Alaska Native,total_exams,2015,30
Rhode Island,Native American or Alaska Native,mean_score,2025,2.33
Rhode Island,Native American or Alaska Native,mean_score,2024,1.79
Rhode Island,Native American or Alaska Native,mean_score,2020,2.42
Rhode Island,Native American or Alaska Native,mean_score,2015,2.63
Rhode Island,Native Hawaiian or other Pacific Islander,score_5,2025,**
Rhode Island,Native Hawaiian or other Pacific Islander,score_5,2024,**
Rhode Island,Native Hawaiian or other Pacific Islander,score_5,2020,**
Rhode Island,Native Hawaiian or other Pacific Islander,score_5,2015,21
Rhode Island,Native Hawaiian or other Pacific Islander,score_4,2025,**
Rhode Island,Native Hawaiian or other Pacific Islander,score_4,2024,**
Rhode Island,Native Hawaiian or other Pacific Islander,score_4,2020,**
Rhode Island,Native Hawaiian or other Pacific Islander,score_4,2015,48
Rhode Island,Native Hawaiian or other Pacific Islander,score_3,2025,**
Rhode Island,Native Hawaiian or other Pacific Islander,score_3,2024,**
Rhode Island,Native Hawaiian or other Pacific Islander,score_3,2020,**
Rhode Island,Native Hawaiian or other Pacific Islander,score_3,2015,58
Rhode Island,Native Hawaiian or other Pacific Islander,score_2,2025,**
Rhode Island,Native Hawaiian or other Pacific Islander,score_2,2024,**
Rhode Island,Native Hawaiian or other Pacific Islander,score_2,2020,**
Rhode Island,Native Hawaiian or other Pacific Islander,score_2,2015,49
Rhode Island,Native Hawaiian or other Pacific Islander,score_1,2025,**
Rhode Island,Native Hawaiian or other Pacific Islander,score_1,2024,**
Rhode Island,Native Hawaiian or other Pacific Islander,score_1,2020,**
Rhode Island,Native Hawaiian or other Pacific Islander,score_1,2015,50
Rhode Island,Native Hawaiian or other Pacific Islander,total_exams,2025,**
Rhode Island,Native Hawaiian or other Pacific Islander,total_exams,2024,**
Rhode Island,Native Hawaiian or other Pacific Islander,total_exams,2020,**
Rhode Island,Native Hawaiian or other Pacific Islander,total_exams,2015,226
Rhode Island,Native Hawaiian or other Pacific Islander,mean_score,2025,**
Rhode Island,Native Hawaiian or other Pacific Islander,mean_score,2024,**
Rhode Island,Native Hawaiian or other Pacific Islander,mean_score,2020,**
Rhode Island,Native Hawaiian or other Pacific Islander,mean_score,2015,2.74
Rhode Island,Two or More Races,score_5,2025,141
Rhode Island,Two or More Races,score_5,2024,143
Rhode Island,Two or More Races,score_5,2020,53
Rhode Island,Two or More Races,score_4,2025,190
Rhode Island,Two or More Races,score_4,2024,175
Rhode Island,Two or More Races,score_4,2020,75
Rhode Island,Two or More Races,score_3,2025,170
Rhode Island,Two or More Races,score_3,2024,143
Rhode Island,Two or More Races,score_3,2020,100
Rhode Island,Two or More Races,score_2,2025,139
Rhode Island,Two or More Races,score_2,2024,115
Rhode Island,Two or More Races,score_2,2020,93
Rhode Island,Two or More Races,score_1,2025,77
Rhode Island,Two or More Races,score_1,2024,84
Rhode Island,Two or More Races,score_1,2020,47
Rhode Island,Two or More Races,total_exams,2025,717
Rhode Island,Two or More Races,total_exams,2024,660
Rhode Island,Two or More Races,total_exams,2020,368
Rhode Island,Two or More Races,mean_score,2025,3.25
Rhode Island,Two or More Races,mean_score,2024,3.27
Rhode Island,Two or More Races,mean_score,2020,2.98
Rhode Island,No Response,total_exams,2025,394
Rhode Island,No Response,total_exams,2024,365
Rhode Island,No Response,total_exams,2020,763
Rhode Island,No Response,total_exams,2015,254
South Carolina,Overall,score_5,2025,8804
South Carolina,Overall,score_5,2024,7860
South Carolina,Overall,score_5,2020,6091
South Carolina,Overall,score_5,2015,4509
South Carolina,Overall,score_4,2025,15631
South Carolina,Overall,score_4,2024,13852
South Carolina,Overall,score_4,2020,10679
South Carolina,Overall,score_4,2015,8113
South Carolina,Overall,score_3,2025,14609
South Carolina,Overall,score_3,2024,13214
South Carolina,Overall,score_3,2020,14175
South Carolina,Overall,score_3,2015,11474
South Carolina,Overall,score_2,2025,8942
South Carolina,Overall,score_2,2024,9437
South Carolina,Overall,score_2,2020,10935
South Carolina,Overall,score_2,2015,10147
South Carolina,Overall,score_1,2025,3253
South Carolina,Overall,score_1,2024,5444
South Carolina,Overall,score_1,2020,7847
South Carolina,Overall,score_1,2015,7829
South Carolina,Overall,total_exams,2025,51239
South Carolina,Overall,total_exams,2024,49807
South Carolina,Overall,total_exams,2020,49727
South Carolina,Overall,total_exams,2015,42072
South Carolina,Overall,mean_score,2025,3.35
South Carolina,Overall,mean_score,2024,3.19
South Carolina,Overall,mean_score,2020,2.92
South Carolina,Overall,mean_score,2015,2.79
South Carolina,Asian,score_5,2025,1257
South Carolina,Asian,score_5,2024,1059
South Carolina,Asian,score_5,2020,717
South Carolina,Asian,score_5,2015,483
South Carolina,Asian,score_4,2025,1319
South Carolina,Asian,score_4,2024,1235
South Carolina,Asian,score_4,2020,881
South Carolina,Asian,score_4,2015,572
South Carolina,Asian,score_3,2025,1045
South Carolina,Asian,score_3,2024,930
South Carolina,Asian,score_3,2020,906
South Carolina,Asian,score_3,2015,624
South Carolina,Asian,score_2,2025,533
South Carolina,Asian,score_2,2024,515
South Carolina,Asian,score_2,2020,567
South Carolina,Asian,score_2,2015,467
South Carolina,Asian,score_1,2025,174
South Carolina,Asian,score_1,2024,233
South Carolina,Asian,score_1,2020,312
South Carolina,Asian,score_1,2015,295
South Carolina,Asian,total_exams,2025,4328
South Carolina,Asian,total_exams,2024,3972
South Carolina,Asian,total_exams,2020,3383
South Carolina,Asian,total_exams,2015,2441
South Carolina,Asian,mean_score,2025,3.68
South Carolina,Asian,mean_score,2024,3.6
South Carolina,Asian,mean_score,2020,3.33
South Carolina,Asian,mean_score,2015,3.2
South Carolina,Hispanic/Latino,score_5,2025,673
South Carolina,Hispanic/Latino,score_5,2024,563
South Carolina,Hispanic/Latino,score_5,2020,413
South Carolina,Hispanic/Latino,score_5,2015,179
South Carolina,Hispanic/Latino,score_4,2025,1527
South Carolina,Hispanic/Latino,score_4,2024,1239
South Carolina,Hispanic/Latino,score_4,2020,822
South Carolina,Hispanic/Latino,score_4,2015,315
South Carolina,Hispanic/Latino,score_3,2025,1576
South Carolina,Hispanic/Latino,score_3,2024,1367
South Carolina,Hispanic/Latino,score_3,2020,1257
South Carolina,Hispanic/Latino,score_3,2015,484
South Carolina,Hispanic/Latino,score_2,2025,1146
South Carolina,Hispanic/Latino,score_2,2024,1117
South Carolina,Hispanic/Latino,score_2,2020,1108
South Carolina,Hispanic/Latino,score_2,2015,495
South Carolina,Hispanic/Latino,score_1,2025,504
South Carolina,Hispanic/Latino,score_1,2024,731
South Carolina,Hispanic/Latino,score_1,2020,970
South Carolina,Hispanic/Latino,score_1,2015,497
South Carolina,Hispanic/Latino,total_exams,2025,5426
South Carolina,Hispanic/Latino,total_exams,2024,5017
South Carolina,Hispanic/Latino,total_exams,2020,4570
South Carolina,Hispanic/Latino,total_exams,2015,1970
South Carolina,Hispanic/Latino,mean_score,2025,3.13
South Carolina,Hispanic/Latino,mean_score,2024,2.96
South Carolina,Hispanic/Latino,mean_score,2020,2.69
South Carolina,Hispanic/Latino,mean_score,2015,2.59
South Carolina,White,score_5,2025,5822
South Carolina,White,score_5,2024,5364
South Carolina,White,score_5,2020,4352
South Carolina,White,score_5,2015,3516
South Carolina,White,score_4,2025,10390
South Carolina,White,score_4,2024,9570
South Carolina,White,score_4,2020,7630
South Carolina,White,score_4,2015,6438
South Carolina,White,score_3,2025,9357
South Carolina,White,score_3,2024,8771
South Carolina,White,score_3,2020,9800
South Carolina,White,score_3,2015,8845
South Carolina,White,score_2,2025,5179
South Carolina,White,score_2,2024,5814
South Carolina,White,score_2,2020,7023
South Carolina,White,score_2,2015,7067
South Carolina,White,score_1,2025,1656
South Carolina,White,score_1,2024,2798
South Carolina,White,score_1,2020,4486
South Carolina,White,score_1,2015,4512
South Carolina,White,total_exams,2025,32404
South Carolina,White,total_exams,2024,32317
South Carolina,White,total_exams,2020,33291
South Carolina,White,total_exams,2015,30378
South Carolina,White,mean_score,2025,3.42
South Carolina,White,mean_score,2024,3.28
South Carolina,White,mean_score,2020,3.01
South Carolina,White,mean_score,2015,2.91
South Carolina,Black or African American,score_5,2025,341
South Carolina,Black or African American,score_5,2024,329
South Carolina,Black or African American,score_5,2020,214
South Carolina,Black or African American,score_5,2015,168
South Carolina,Black or African American,score_4,2025,1047
South Carolina,Black or African American,score_4,2024,856
South Carolina,Black or African American,score_4,2020,568
South Carolina,Black or African American,score_4,2015,442
South Carolina,Black or African American,score_3,2025,1446
South Carolina,Black or African American,score_3,2024,1223
South Carolina,Black or African American,score_3,2020,1170
South Carolina,Black or African American,score_3,2015,989
South Carolina,Black or African American,score_2,2025,1340
South Carolina,Black or African American,score_2,2024,1323
South Carolina,Black or African American,score_2,2020,1335
South Carolina,Black or African American,score_2,2015,1607
South Carolina,Black or African American,score_1,2025,663
South Carolina,Black or African American,score_1,2024,1228
South Carolina,Black or African American,score_1,2020,1377
South Carolina,Black or African American,score_1,2015,2095
South Carolina,Black or African American,total_exams,2025,4837
South Carolina,Black or African American,total_exams,2024,4959
South Carolina,Black or African American,total_exams,2020,4664
South Carolina,Black or African American,total_exams,2015,5301
South Carolina,Black or African American,mean_score,2025,2.81
South Carolina,Black or African American,mean_score,2024,2.54
South Carolina,Black or African American,mean_score,2020,2.34
South Carolina,Black or African American,mean_score,2015,2.05
South Carolina,Native American or Alaska Native,score_5,2025,12
South Carolina,Native American or Alaska Native,score_5,2024,19
South Carolina,Native American or Alaska Native,score_5,2020,11
South Carolina,Native American or Alaska Native,score_5,2015,18
South Carolina,Native American or Alaska Native,score_4,2025,39
South Carolina,Native American or Alaska Native,score_4,2024,57
South Carolina,Native American or Alaska Native,score_4,2020,39
South Carolina,Native American or Alaska Native,score_4,2015,37
South Carolina,Native American or Alaska Native,score_3,2025,47
South Carolina,Native American or Alaska Native,score_3,2024,49
South Carolina,Native American or Alaska Native,score_3,2020,49
South Carolina,Native American or Alaska Native,score_3,2015,58
South Carolina,Native American or Alaska Native,score_2,2025,25
South Carolina,Native American or Alaska Native,score_2,2024,41
South Carolina,Native American or Alaska Native,score_2,2020,63
South Carolina,Native American or Alaska Native,score_2,2015,56
South Carolina,Native American or Alaska Native,score_1,2025,10
South Carolina,Native American or Alaska Native,score_1,2024,30
South Carolina,Native American or Alaska Native,score_1,2020,61
South Carolina,Native American or Alaska Native,score_1,2015,36
South Carolina,Native American or Alaska Native,total_exams,2025,133
South Carolina,Native American or Alaska Native,total_exams,2024,196
South Carolina,Native American or Alaska Native,total_exams,2020,223
South Carolina,Native American or Alaska Native,total_exams,2015,205
South Carolina,Native American or Alaska Native,mean_score,2025,3.14
South Carolina,Native American or Alaska Native,mean_score,2024,2.97
South Carolina,Native American or Alaska Native,mean_score,2020,2.44
South Carolina,Native American or Alaska Native,mean_score,2015,2.73
South Carolina,Native Hawaiian or other Pacific Islander,score_5,2025,**
South Carolina,Native Hawaiian or other Pacific Islander,score_5,2024,**
South Carolina,Native Hawaiian or other Pacific Islander,score_5,2020,**
South Carolina,Native Hawaiian or other Pacific Islander,score_5,2015,119
South Carolina,Native Hawaiian or other Pacific Islander,score_4,2025,**
South Carolina,Native Hawaiian or other Pacific Islander,score_4,2024,**
South Carolina,Native Hawaiian or other Pacific Islander,score_4,2020,**
South Carolina,Native Hawaiian or other Pacific Islander,score_4,2015,209
South Carolina,Native Hawaiian or other Pacific Islander,score_3,2025,**
South Carolina,Native Hawaiian or other Pacific Islander,score_3,2024,**
South Carolina,Native Hawaiian or other Pacific Islander,score_3,2020,**
South Carolina,Native Hawaiian or other Pacific Islander,score_3,2015,316
South Carolina,Native Hawaiian or other Pacific Islander,score_2,2025,**
South Carolina,Native Hawaiian or other Pacific Islander,score_2,2024,**
South Carolina,Native Hawaiian or other Pacific Islander,score_2,2020,**
South Carolina,Native Hawaiian or other Pacific Islander,score_2,2015,267
South Carolina,Native Hawaiian or other Pacific Islander,score_1,2025,**
South Carolina,Native Hawaiian or other Pacific Islander,score_1,2024,**
South Carolina,Native Hawaiian or other Pacific Islander,score_1,2020,**
South Carolina,Native Hawaiian or other Pacific Islander,score_1,2015,208
South Carolina,Native Hawaiian or other Pacific Islander,total_exams,2025,42
South Carolina,Native Hawaiian or other Pacific Islander,total_exams,2024,44
South Carolina,Native Hawaiian or other Pacific Islander,total_exams,2020,54
South Carolina,Native Hawaiian or other Pacific Islander,total_exams,2015,1119
South Carolina,Native Hawaiian or other Pacific Islander,mean_score,2025,3.14
South Carolina,Native Hawaiian or other Pacific Islander,mean_score,2024,2.86
South Carolina,Native Hawaiian or other Pacific Islander,mean_score,2020,2.81
South Carolina,Native Hawaiian or other Pacific Islander,mean_score,2015,2.79
South Carolina,Two or More Races,score_5,2025,437
South Carolina,Two or More Races,score_5,2024,391
South Carolina,Two or More Races,score_5,2020,295
South Carolina,Two or More Races,score_4,2025,802
South Carolina,Two or More Races,score_4,2024,639
South Carolina,Two or More Races,score_4,2020,519
South Carolina,Two or More Races,score_3,2025,695
South Carolina,Two or More Races,score_3,2024,637
South Carolina,Two or More Races,score_3,2020,736
South Carolina,Two or More Races,score_2,2025,435
South Carolina,Two or More Races,score_2,2024,424
South Carolina,Two or More Races,score_2,2020,624
South Carolina,Two or More Races,score_1,2025,138
South Carolina,Two or More Races,score_1,2024,268
South Carolina,Two or More Races,score_1,2020,479
South Carolina,Two or More Races,total_exams,2025,2507
South Carolina,Two or More Races,total_exams,2024,2359
South Carolina,Two or More Races,total_exams,2020,2653
South Carolina,Two or More Races,mean_score,2025,3.38
South Carolina,Two or More Races,mean_score,2024,3.2
South Carolina,Two or More Races,mean_score,2020,2.82
South Carolina,No Response,total_exams,2025,1562
South Carolina,No Response,total_exams,2024,943
South Carolina,No Response,total_exams,2020,889
South Carolina,No Response,total_exams,2015,658
South Dakota,Overall,score_5,2025,1020
South Dakota,Overall,score_5,2024,847
South Dakota,Overall,score_5,2020,554
South Dakota,Overall,score_5,2015,507
South Dakota,Overall,score_4,2025,2022
South Dakota,Overall,score_4,2024,1675
South Dakota,Overall,score_4,2020,987
South Dakota,Overall,score_4,2015,901
South Dakota,Overall,score_3,2025,1906
South Dakota,Overall,score_3,2024,1639
South Dakota,Overall,score_3,2020,1351
South Dakota,Overall,score_3,2015,1324
South Dakota,Overall,score_2,2025,1077
South Dakota,Overall,score_2,2024,1175
South Dakota,Overall,score_2,2020,953
South Dakota,Overall,score_2,2015,1045
South Dakota,Overall,score_1,2025,256
South Dakota,Overall,score_1,2024,363
South Dakota,Overall,score_1,2020,507
South Dakota,Overall,score_1,2015,460
South Dakota,Overall,total_exams,2025,6281
South Dakota,Overall,total_exams,2024,5699
South Dakota,Overall,total_exams,2020,4352
South Dakota,Overall,total_exams,2015,4237
South Dakota,Overall,mean_score,2025,3.39
South Dakota,Overall,mean_score,2024,3.26
South Dakota,Overall,mean_score,2020,3.03
South Dakota,Overall,mean_score,2015,2.99
South Dakota,Asian,score_5,2025,**
South Dakota,Asian,score_5,2024,67
South Dakota,Asian,score_5,2020,54
South Dakota,Asian,score_5,2015,30
South Dakota,Asian,score_4,2025,**
South Dakota,Asian,score_4,2024,76
South Dakota,Asian,score_4,2020,49
South Dakota,Asian,score_4,2015,37
South Dakota,Asian,score_3,2025,**
South Dakota,Asian,score_3,2024,58
South Dakota,Asian,score_3,2020,57
South Dakota,Asian,score_3,2015,73
South Dakota,Asian,score_2,2025,**
South Dakota,Asian,score_2,2024,38
South Dakota,Asian,score_2,2020,35
South Dakota,Asian,score_2,2015,32
South Dakota,Asian,score_1,2025,**
South Dakota,Asian,score_1,2024,18
South Dakota,Asian,score_1,2020,22
South Dakota,Asian,score_1,2015,17
South Dakota,Asian,total_exams,2025,268
South Dakota,Asian,total_exams,2024,257
South Dakota,Asian,total_exams,2020,217
South Dakota,Asian,total_exams,2015,189
South Dakota,Asian,mean_score,2025,3.5
South Dakota,Asian,mean_score,2024,3.53
South Dakota,Asian,mean_score,2020,3.36
South Dakota,Asian,mean_score,2015,3.16
South Dakota,Hispanic/Latino,score_5,2025,37
South Dakota,Hispanic/Latino,score_5,2024,31
South Dakota,Hispanic/Latino,score_5,2020,16
South Dakota,Hispanic/Latino,score_5,2015,14
South Dakota,Hispanic/Latino,score_4,2025,98
South Dakota,Hispanic/Latino,score_4,2024,80
South Dakota,Hispanic/Latino,score_4,2020,32
South Dakota,Hispanic/Latino,score_4,2015,19
South Dakota,Hispanic/Latino,score_3,2025,127
South Dakota,Hispanic/Latino,score_3,2024,82
South Dakota,Hispanic/Latino,score_3,2020,49
South Dakota,Hispanic/Latino,score_3,2015,21
South Dakota,Hispanic/Latino,score_2,2025,118
South Dakota,Hispanic/Latino,score_2,2024,95
South Dakota,Hispanic/Latino,score_2,2020,60
South Dakota,Hispanic/Latino,score_2,2015,37
South Dakota,Hispanic/Latino,score_1,2025,23
South Dakota,Hispanic/Latino,score_1,2024,42
South Dakota,Hispanic/Latino,score_1,2020,44
South Dakota,Hispanic/Latino,score_1,2015,31
South Dakota,Hispanic/Latino,total_exams,2025,403
South Dakota,Hispanic/Latino,total_exams,2024,330
South Dakota,Hispanic/Latino,total_exams,2020,201
South Dakota,Hispanic/Latino,total_exams,2015,122
South Dakota,Hispanic/Latino,mean_score,2025,3.02
South Dakota,Hispanic/Latino,mean_score,2024,2.89
South Dakota,Hispanic/Latino,mean_score,2020,2.58
South Dakota,Hispanic/Latino,mean_score,2015,2.57
South Dakota,White,score_5,2025,800
South Dakota,White,score_5,2024,659
South Dakota,White,score_5,2020,452
South Dakota,White,score_5,2015,457
South Dakota,White,score_4,2025,1595
South Dakota,White,score_4,2024,1312
South Dakota,White,score_4,2020,815
South Dakota,White,score_4,2015,808
South Dakota,White,score_3,2025,1427
South Dakota,White,score_3,2024,1301
South Dakota,White,score_3,2020,1107
South Dakota,White,score_3,2015,1154
South Dakota,White,score_2,2025,713
South Dakota,White,score_2,2024,822
South Dakota,White,score_2,2020,755
South Dakota,White,score_2,2015,897
South Dakota,White,score_1,2025,159
South Dakota,White,score_1,2024,219
South Dakota,White,score_1,2020,357
South Dakota,White,score_1,2015,354
South Dakota,White,total_exams,2025,4694
South Dakota,White,total_exams,2024,4313
South Dakota,White,total_exams,2020,3486
South Dakota,White,total_exams,2015,3670
South Dakota,White,mean_score,2025,3.46
South Dakota,White,mean_score,2024,3.32
South Dakota,White,mean_score,2020,3.07
South Dakota,White,mean_score,2015,3.03
South Dakota,Black or African American,score_5,2025,35
South Dakota,Black or African American,score_5,2024,25
South Dakota,Black or African American,score_5,2020,**
South Dakota,Black or African American,score_4,2025,66
South Dakota,Black or African American,score_4,2024,76
South Dakota,Black or African American,score_4,2020,**
South Dakota,Black or African American,score_4,2015,10
South Dakota,Black or African American,score_3,2025,106
South Dakota,Black or African American,score_3,2024,80
South Dakota,Black or African American,score_3,2020,**
South Dakota,Black or African American,score_3,2015,31
South Dakota,Black or African American,score_2,2025,85
South Dakota,Black or African American,score_2,2024,102
South Dakota,Black or African American,score_2,2020,**
South Dakota,Black or African American,score_2,2015,33
South Dakota,Black or African American,score_1,2025,42
South Dakota,Black or African American,score_1,2024,49
South Dakota,Black or African American,score_1,2020,**
South Dakota,Black or African American,score_1,2015,23
South Dakota,Black or African American,total_exams,2025,334
South Dakota,Black or African American,total_exams,2024,332
South Dakota,Black or African American,total_exams,2020,133
South Dakota,Black or African American,total_exams,2015,97
South Dakota,Black or African American,mean_score,2025,2.9
South Dakota,Black or African American,mean_score,2024,2.78
South Dakota,Black or African American,mean_score,2020,2.55
South Dakota,Black or African American,mean_score,2015,2.29
South Dakota,Native American or Alaska Native,score_5,2025,**
South Dakota,Native American or Alaska Native,score_5,2024,**
South Dakota,Native American or Alaska Native,score_5,2020,**
South Dakota,Native American or Alaska Native,score_5,2015,**
South Dakota,Native American or Alaska Native,score_4,2025,**
South Dakota,Native American or Alaska Native,score_4,2024,**
South Dakota,Native American or Alaska Native,score_4,2020,**
South Dakota,Native American or Alaska Native,score_4,2015,**
South Dakota,Native American or Alaska Native,score_3,2025,**
South Dakota,Native American or Alaska Native,score_3,2024,**
South Dakota,Native American or Alaska Native,score_3,2020,**
South Dakota,Native American or Alaska Native,score_3,2015,**
South Dakota,Native American or Alaska Native,score_2,2025,**
South Dakota,Native American or Alaska Native,score_2,2024,**
South Dakota,Native American or Alaska Native,score_2,2020,**
South Dakota,Native American or Alaska Native,score_2,2015,**
South Dakota,Native American or Alaska Native,score_1,2025,**
South Dakota,Native American or Alaska Native,score_1,2024,**
South Dakota,Native American or Alaska Native,score_1,2020,**
South Dakota,Native American or Alaska Native,score_1,2015,**
South Dakota,Native American or Alaska Native,total_exams,2025,55
South Dakota,Native American or Alaska Native,total_exams,2024,66
South Dakota,Native American or Alaska Native,total_exams,2020,55
South Dakota,Native American or Alaska Native,total_exams,2015,66
South Dakota,Native American or Alaska Native,mean_score,2025,3.24
South Dakota,Native American or Alaska Native,mean_score,2024,3.2
South Dakota,Native American or Alaska Native,mean_score,2020,2.58
South Dakota,Native American or Alaska Native,mean_score,2015,2.45
South Dakota,Native Hawaiian or other Pacific Islander,score_5,2025,**
South Dakota,Native Hawaiian or other Pacific Islander,score_5,2024,**
South Dakota,Native Hawaiian or other Pacific Islander,score_5,2020,**
South Dakota,Native Hawaiian or other Pacific Islander,score_5,2015,**
South Dakota,Native Hawaiian or other Pacific Islander,score_4,2025,**
South Dakota,Native Hawaiian or other Pacific Islander,score_4,2024,**
South Dakota,Native Hawaiian or other Pacific Islander,score_4,2020,**
South Dakota,Native Hawaiian or other Pacific Islander,score_4,2015,**
South Dakota,Native Hawaiian or other Pacific Islander,score_3,2025,**
South Dakota,Native Hawaiian or other Pacific Islander,score_3,2024,**
South Dakota,Native Hawaiian or other Pacific Islander,score_3,2020,**
South Dakota,Native Hawaiian or other Pacific Islander,score_3,2015,**
South Dakota,Native Hawaiian or other Pacific Islander,score_2,2025,**
South Dakota,Native Hawaiian or other Pacific Islander,score_2,2024,**
South Dakota,Native Hawaiian or other Pacific Islander,score_2,2020,**
South Dakota,Native Hawaiian or other Pacific Islander,score_2,2015,**
South Dakota,Native Hawaiian or other Pacific Islander,score_1,2025,**
South Dakota,Native Hawaiian or other Pacific Islander,score_1,2024,**
South Dakota,Native Hawaiian or other Pacific Islander,score_1,2020,**
South Dakota,Native Hawaiian or other Pacific Islander,score_1,2015,**
South Dakota,Native Hawaiian or other Pacific Islander,total_exams,2025,**
South Dakota,Native Hawaiian or other Pacific Islander,total_exams,2024,**
South Dakota,Native Hawaiian or other Pacific Islander,total_exams,2020,**
South Dakota,Native Hawaiian or other Pacific Islander,total_exams,2015,45
South Dakota,Native Hawaiian or other Pacific Islander,mean_score,2025,**
South Dakota,Native Hawaiian or other Pacific Islander,mean_score,2024,**
South Dakota,Native Hawaiian or other Pacific Islander,mean_score,2020,**
South Dakota,Native Hawaiian or other Pacific Islander,mean_score,2015,2.62
South Dakota,Two or More Races,score_5,2025,**
South Dakota,Two or More Races,score_5,2024,21
South Dakota,Two or More Races,score_5,2020,17
South Dakota,Two or More Races,score_4,2025,**
South Dakota,Two or More Races,score_4,2024,65
South Dakota,Two or More Races,score_4,2020,33
South Dakota,Two or More Races,score_3,2025,**
South Dakota,Two or More Races,score_3,2024,54
South Dakota,Two or More Races,score_3,2020,63
South Dakota,Two or More Races,score_2,2025,**
South Dakota,Two or More Races,score_2,2024,57
South Dakota,Two or More Races,score_2,2020,32
South Dakota,Two or More Races,score_1,2025,**
South Dakota,Two or More Races,score_1,2024,16
South Dakota,Two or More Races,score_1,2020,17
South Dakota,Two or More Races,total_exams,2025,278
South Dakota,Two or More Races,total_exams,2024,213
South Dakota,Two or More Races,total_exams,2020,162
South Dakota,Two or More Races,mean_score,2025,3.41
South Dakota,Two or More Races,mean_score,2024,3.08
South Dakota,Two or More Races,mean_score,2020,3.01
South Dakota,No Response,total_exams,2025,245
South Dakota,No Response,total_exams,2024,183
South Dakota,No Response,total_exams,2020,97
South Dakota,No Response,total_exams,2015,48
Tennessee,Overall,score_5,2025,10790
Tennessee,Overall,score_5,2024,9510
Tennessee,Overall,score_5,2020,4900
Tennessee,Overall,score_5,2015,4144
Tennessee,Overall,score_4,2025,18748
Tennessee,Overall,score_4,2024,16048
Tennessee,Overall,score_4,2020,8642
Tennessee,Overall,score_4,2015,7476
Tennessee,Overall,score_3,2025,18992
Tennessee,Overall,score_3,2024,16701
Tennessee,Overall,score_3,2020,12921
Tennessee,Overall,score_3,2015,11327
Tennessee,Overall,score_2,2025,13193
Tennessee,Overall,score_2,2024,13465
Tennessee,Overall,score_2,2020,11563
Tennessee,Overall,score_2,2015,10321
Tennessee,Overall,score_1,2025,7279
Tennessee,Overall,score_1,2024,10451
Tennessee,Overall,score_1,2020,9693
Tennessee,Overall,score_1,2015,8640
Tennessee,Overall,total_exams,2025,69002
Tennessee,Overall,total_exams,2024,66175
Tennessee,Overall,total_exams,2020,47719
Tennessee,Overall,total_exams,2015,41908
Tennessee,Overall,mean_score,2025,3.18
Tennessee,Overall,mean_score,2024,3.01
Tennessee,Overall,mean_score,2020,2.74
Tennessee,Overall,mean_score,2015,2.72
Tennessee,Asian,score_5,2025,2120
Tennessee,Asian,score_5,2024,1943
Tennessee,Asian,score_5,2020,881
Tennessee,Asian,score_5,2015,638
Tennessee,Asian,score_4,2025,2416
Tennessee,Asian,score_4,2024,2188
Tennessee,Asian,score_4,2020,1181
Tennessee,Asian,score_4,2015,792
Tennessee,Asian,score_3,2025,1782
Tennessee,Asian,score_3,2024,1633
Tennessee,Asian,score_3,2020,1311
Tennessee,Asian,score_3,2015,940
Tennessee,Asian,score_2,2025,1017
Tennessee,Asian,score_2,2024,991
Tennessee,Asian,score_2,2020,857
Tennessee,Asian,score_2,2015,765
Tennessee,Asian,score_1,2025,366
Tennessee,Asian,score_1,2024,594
Tennessee,Asian,score_1,2020,585
Tennessee,Asian,score_1,2015,605
Tennessee,Asian,total_exams,2025,7701
Tennessee,Asian,total_exams,2024,7349
Tennessee,Asian,total_exams,2020,4815
Tennessee,Asian,total_exams,2015,3740
Tennessee,Asian,mean_score,2025,3.64
Tennessee,Asian,mean_score,2024,3.53
Tennessee,Asian,mean_score,2020,3.19
Tennessee,Asian,mean_score,2015,3.02
Tennessee,Hispanic/Latino,score_5,2025,805
Tennessee,Hispanic/Latino,score_5,2024,666
Tennessee,Hispanic/Latino,score_5,2020,318
Tennessee,Hispanic/Latino,score_5,2015,144
Tennessee,Hispanic/Latino,score_4,2025,1756
Tennessee,Hispanic/Latino,score_4,2024,1413
Tennessee,Hispanic/Latino,score_4,2020,576
Tennessee,Hispanic/Latino,score_4,2015,274
Tennessee,Hispanic/Latino,score_3,2025,2321
Tennessee,Hispanic/Latino,score_3,2024,1819
Tennessee,Hispanic/Latino,score_3,2020,980
Tennessee,Hispanic/Latino,score_3,2015,472
Tennessee,Hispanic/Latino,score_2,2025,2086
Tennessee,Hispanic/Latino,score_2,2024,2046
Tennessee,Hispanic/Latino,score_2,2020,1121
Tennessee,Hispanic/Latino,score_2,2015,568
Tennessee,Hispanic/Latino,score_1,2025,1604
Tennessee,Hispanic/Latino,score_1,2024,2037
Tennessee,Hispanic/Latino,score_1,2020,1152
Tennessee,Hispanic/Latino,score_1,2015,554
Tennessee,Hispanic/Latino,total_exams,2025,8572
Tennessee,Hispanic/Latino,total_exams,2024,7981
Tennessee,Hispanic/Latino,total_exams,2020,4147
Tennessee,Hispanic/Latino,total_exams,2015,2012
Tennessee,Hispanic/Latino,mean_score,2025,2.78
Tennessee,Hispanic/Latino,mean_score,2024,2.58
Tennessee,Hispanic/Latino,mean_score,2020,2.47
Tennessee,Hispanic/Latino,mean_score,2015,2.45
Tennessee,White,score_5,2025,6517
Tennessee,White,score_5,2024,5877
Tennessee,White,score_5,2020,3137
Tennessee,White,score_5,2015,3111
Tennessee,White,score_4,2025,11928
Tennessee,White,score_4,2024,10542
Tennessee,White,score_4,2020,5790
Tennessee,White,score_4,2015,5838
Tennessee,White,score_3,2025,11564
Tennessee,White,score_3,2024,10638
Tennessee,White,score_3,2020,8755
Tennessee,White,score_3,2015,8559
Tennessee,White,score_2,2025,6834
Tennessee,White,score_2,2024,7640
Tennessee,White,score_2,2020,7520
Tennessee,White,score_2,2015,7149
Tennessee,White,score_1,2025,2567
Tennessee,White,score_1,2024,4364
Tennessee,White,score_1,2020,5392
Tennessee,White,score_1,2015,4997
Tennessee,White,total_exams,2025,39410
Tennessee,White,total_exams,2024,39061
Tennessee,White,total_exams,2020,30594
Tennessee,White,total_exams,2015,29654
Tennessee,White,mean_score,2025,3.33
Tennessee,White,mean_score,2024,3.15
Tennessee,White,mean_score,2020,2.8
Tennessee,White,mean_score,2015,2.83
Tennessee,Black or African American,score_5,2025,363
Tennessee,Black or African American,score_5,2024,358
Tennessee,Black or African American,score_5,2020,148
Tennessee,Black or African American,score_5,2015,113
Tennessee,Black or African American,score_4,2025,1080
Tennessee,Black or African American,score_4,2024,808
Tennessee,Black or African American,score_4,2020,428
Tennessee,Black or African American,score_4,2015,340
Tennessee,Black or African American,score_3,2025,1835
Tennessee,Black or African American,score_3,2024,1390
Tennessee,Black or African American,score_3,2020,870
Tennessee,Black or African American,score_3,2015,880
Tennessee,Black or African American,score_2,2025,2094
Tennessee,Black or African American,score_2,2024,1819
Tennessee,Black or African American,score_2,2020,1142
Tennessee,Black or African American,score_2,2015,1315
Tennessee,Black or African American,score_1,2025,2149
Tennessee,Black or African American,score_1,2024,2694
Tennessee,Black or African American,score_1,2020,1648
Tennessee,Black or African American,score_1,2015,1936
Tennessee,Black or African American,total_exams,2025,7521
Tennessee,Black or African American,total_exams,2024,7069
Tennessee,Black or African American,total_exams,2020,4236
Tennessee,Black or African American,total_exams,2015,4584
Tennessee,Black or African American,mean_score,2025,2.39
Tennessee,Black or African American,mean_score,2024,2.2
Tennessee,Black or African American,mean_score,2020,2.12
Tennessee,Black or African American,mean_score,2015,1.99
Tennessee,Native American or Alaska Native,score_5,2025,**
Tennessee,Native American or Alaska Native,score_5,2024,15
Tennessee,Native American or Alaska Native,score_5,2020,25
Tennessee,Native American or Alaska Native,score_5,2015,**
Tennessee,Native American or Alaska Native,score_4,2025,**
Tennessee,Native American or Alaska Native,score_4,2024,24
Tennessee,Native American or Alaska Native,score_4,2020,49
Tennessee,Native American or Alaska Native,score_4,2015,**
Tennessee,Native American or Alaska Native,score_3,2025,**
Tennessee,Native American or Alaska Native,score_3,2024,54
Tennessee,Native American or Alaska Native,score_3,2020,65
Tennessee,Native American or Alaska Native,score_3,2015,**
Tennessee,Native American or Alaska Native,score_2,2025,**
Tennessee,Native American or Alaska Native,score_2,2024,38
Tennessee,Native American or Alaska Native,score_2,2020,63
Tennessee,Native American or Alaska Native,score_2,2015,**
Tennessee,Native American or Alaska Native,score_1,2025,**
Tennessee,Native American or Alaska Native,score_1,2024,32
Tennessee,Native American or Alaska Native,score_1,2020,66
Tennessee,Native American or Alaska Native,score_1,2015,**
Tennessee,Native American or Alaska Native,total_exams,2025,131
Tennessee,Native American or Alaska Native,total_exams,2024,163
Tennessee,Native American or Alaska Native,total_exams,2020,268
Tennessee,Native American or Alaska Native,total_exams,2015,154
Tennessee,Native American or Alaska Native,mean_score,2025,2.53
Tennessee,Native American or Alaska Native,mean_score,2024,2.71
Tennessee,Native American or Alaska Native,mean_score,2020,2.64
Tennessee,Native American or Alaska Native,mean_score,2015,2.31
Tennessee,Native Hawaiian or other Pacific Islander,score_5,2025,**
Tennessee,Native Hawaiian or other Pacific Islander,score_5,2024,**
Tennessee,Native Hawaiian or other Pacific Islander,score_5,2020,**
Tennessee,Native Hawaiian or other Pacific Islander,score_5,2015,91
Tennessee,Native Hawaiian or other Pacific Islander,score_4,2025,**
Tennessee,Native Hawaiian or other Pacific Islander,score_4,2024,**
Tennessee,Native Hawaiian or other Pacific Islander,score_4,2020,**
Tennessee,Native Hawaiian or other Pacific Islander,score_4,2015,119
Tennessee,Native Hawaiian or other Pacific Islander,score_3,2025,**
Tennessee,Native Hawaiian or other Pacific Islander,score_3,2024,**
Tennessee,Native Hawaiian or other Pacific Islander,score_3,2020,**
Tennessee,Native Hawaiian or other Pacific Islander,score_3,2015,219
Tennessee,Native Hawaiian or other Pacific Islander,score_2,2025,**
Tennessee,Native Hawaiian or other Pacific Islander,score_2,2024,**
Tennessee,Native Hawaiian or other Pacific Islander,score_2,2020,**
Tennessee,Native Hawaiian or other Pacific Islander,score_2,2015,217
Tennessee,Native Hawaiian or other Pacific Islander,score_1,2025,**
Tennessee,Native Hawaiian or other Pacific Islander,score_1,2024,**
Tennessee,Native Hawaiian or other Pacific Islander,score_1,2020,**
Tennessee,Native Hawaiian or other Pacific Islander,score_1,2015,189
Tennessee,Native Hawaiian or other Pacific Islander,total_exams,2025,67
Tennessee,Native Hawaiian or other Pacific Islander,total_exams,2024,78
Tennessee,Native Hawaiian or other Pacific Islander,total_exams,2020,56
Tennessee,Native Hawaiian or other Pacific Islander,total_exams,2015,835
Tennessee,Native Hawaiian or other Pacific Islander,mean_score,2025,3.01
Tennessee,Native Hawaiian or other Pacific Islander,mean_score,2024,2.97
Tennessee,Native Hawaiian or other Pacific Islander,mean_score,2020,2.38
Tennessee,Native Hawaiian or other Pacific Islander,mean_score,2015,2.65
Tennessee,Two or More Races,score_5,2025,539
Tennessee,Two or More Races,score_5,2024,438
Tennessee,Two or More Races,score_5,2020,227
Tennessee,Two or More Races,score_4,2025,882
Tennessee,Two or More Races,score_4,2024,734
Tennessee,Two or More Races,score_4,2020,388
Tennessee,Two or More Races,score_3,2025,840
Tennessee,Two or More Races,score_3,2024,797
Tennessee,Two or More Races,score_3,2020,606
Tennessee,Two or More Races,score_2,2025,637
Tennessee,Two or More Races,score_2,2024,591
Tennessee,Two or More Races,score_2,2020,557
Tennessee,Two or More Races,score_1,2025,310
Tennessee,Two or More Races,score_1,2024,440
Tennessee,Two or More Races,score_1,2020,531
Tennessee,Two or More Races,total_exams,2025,3208
Tennessee,Two or More Races,total_exams,2024,3000
Tennessee,Two or More Races,total_exams,2020,2309
Tennessee,Two or More Races,mean_score,2025,3.22
Tennessee,Two or More Races,mean_score,2024,3.05
Tennessee,Two or More Races,mean_score,2020,2.66
Tennessee,No Response,total_exams,2025,2392
Tennessee,No Response,total_exams,2024,1474
Tennessee,No Response,total_exams,2020,1294
Tennessee,No Response,total_exams,2015,929
Texas,Overall,score_5,2025,94525
Texas,Overall,score_5,2024,77765
Texas,Overall,score_5,2020,56455
Texas,Overall,score_5,2015,40332
Texas,Overall,score_4,2025,160961
Texas,Overall,score_4,2024,133875
Texas,Overall,score_4,2020,88982
Texas,Overall,score_4,2015,69745
Texas,Overall,score_3,2025,176312
Texas,Overall,score_3,2024,145652
Texas,Overall,score_3,2020,121168
Texas,Overall,score_3,2015,102617
Texas,Overall,score_2,2025,162990
Texas,Overall,score_2,2024,151185
Texas,Overall,score_2,2020,113793
Texas,Overall,score_2,2015,117032
Texas,Overall,score_1,2025,145767
Texas,Overall,score_1,2024,164075
Texas,Overall,score_1,2020,120230
Texas,Overall,score_1,2015,149371
Texas,Overall,total_exams,2025,740555
Texas,Overall,total_exams,2024,672552
Texas,Overall,total_exams,2020,500628
Texas,Overall,total_exams,2015,479097
Texas,Overall,mean_score,2025,2.86
Texas,Overall,mean_score,2024,2.72
Texas,Overall,mean_score,2020,2.7
Texas,Overall,mean_score,2015,2.45
Texas,Asian,score_5,2025,38101
Texas,Asian,score_5,2024,31348
Texas,Asian,score_5,2020,18853
Texas,Asian,score_5,2015,11601
Texas,Asian,score_4,2025,43818
Texas,Asian,score_4,2024,36528
Texas,Asian,score_4,2020,21560
Texas,Asian,score_4,2015,14400
Texas,Asian,score_3,2025,32720
Texas,Asian,score_3,2024,28201
Texas,Asian,score_3,2020,22213
Texas,Asian,score_3,2015,16585
Texas,Asian,score_2,2025,17680
Texas,Asian,score_2,2024,17687
Texas,Asian,score_2,2020,13991
Texas,Asian,score_2,2015,12964
Texas,Asian,score_1,2025,7235
Texas,Asian,score_1,2024,9326
Texas,Asian,score_1,2020,7990
Texas,Asian,score_1,2015,10084
Texas,Asian,total_exams,2025,139554
Texas,Asian,total_exams,2024,123090
Texas,Asian,total_exams,2020,84607
Texas,Asian,total_exams,2015,65634
Texas,Asian,mean_score,2025,3.63
Texas,Asian,mean_score,2024,3.51
Texas,Asian,mean_score,2020,3.35
Texas,Asian,mean_score,2015,3.07
Texas,Hispanic/Latino,score_5,2025,17859
Texas,Hispanic/Latino,score_5,2024,14868
Texas,Hispanic/Latino,score_5,2020,14322
Texas,Hispanic/Latino,score_5,2015,9056
Texas,Hispanic/Latino,score_4,2025,45562
Texas,Hispanic/Latino,score_4,2024,37573
Texas,Hispanic/Latino,score_4,2020,25562
Texas,Hispanic/Latino,score_4,2015,18541
Texas,Hispanic/Latino,score_3,2025,70361
Texas,Hispanic/Latino,score_3,2024,56448
Texas,Hispanic/Latino,score_3,2020,41241
Texas,Hispanic/Latino,score_3,2015,30617
Texas,Hispanic/Latino,score_2,2025,88084
Texas,Hispanic/Latino,score_2,2024,77878
Texas,Hispanic/Latino,score_2,2020,49321
Texas,Hispanic/Latino,score_2,2015,46036
Texas,Hispanic/Latino,score_1,2025,101346
Texas,Hispanic/Latino,score_1,2024,110847
Texas,Hispanic/Latino,score_1,2020,69732
Texas,Hispanic/Latino,score_1,2015,81736
Texas,Hispanic/Latino,total_exams,2025,323212
Texas,Hispanic/Latino,total_exams,2024,297614
Texas,Hispanic/Latino,total_exams,2020,200178
Texas,Hispanic/Latino,total_exams,2015,185986
Texas,Hispanic/Latino,mean_score,2025,2.35
Texas,Hispanic/Latino,mean_score,2024,2.22
Texas,Hispanic/Latino,mean_score,2020,2.33
Texas,Hispanic/Latino,mean_score,2015,2.07
Texas,White,score_5,2025,28433
Texas,White,score_5,2024,24301
Texas,White,score_5,2020,17853
Texas,White,score_5,2015,17247
Texas,White,score_4,2025,52719
Texas,White,score_4,2024,45618
Texas,White,score_4,2020,32243
Texas,White,score_4,2015,31421
Texas,White,score_3,2025,50665
Texas,White,score_3,2024,44650
Texas,White,score_3,2020,43255
Texas,White,score_3,2015,45038
Texas,White,score_2,2025,34068
Texas,White,score_2,2024,36156
Texas,White,score_2,2020,35704
Texas,White,score_2,2015,43008
Texas,White,score_1,2025,14876
Texas,White,score_1,2024,19861
Texas,White,score_1,2020,24713
Texas,White,score_1,2015,32468
Texas,White,total_exams,2025,180761
Texas,White,total_exams,2024,170586
Texas,White,total_exams,2020,153768
Texas,White,total_exams,2015,169182
Texas,White,mean_score,2025,3.25
Texas,White,mean_score,2024,3.11
Texas,White,mean_score,2020,2.89
Texas,White,mean_score,2015,2.75
Texas,Black or African American,score_5,2025,2775
Texas,Black or African American,score_5,2024,2024
Texas,Black or African American,score_5,2020,1239
Texas,Black or African American,score_5,2015,885
Texas,Black or African American,score_4,2025,7988
Texas,Black or African American,score_4,2024,5998
Texas,Black or African American,score_4,2020,3166
Texas,Black or African American,score_4,2015,2517
Texas,Black or African American,score_3,2025,11718
Texas,Black or African American,score_3,2024,8686
Texas,Black or African American,score_3,2020,6033
Texas,Black or African American,score_3,2015,5576
Texas,Black or African American,score_2,2025,14003
Texas,Black or African American,score_2,2024,12250
Texas,Black or African American,score_2,2020,7563
Texas,Black or African American,score_2,2015,9272
Texas,Black or African American,score_1,2025,14762
Texas,Black or African American,score_1,2024,16623
Texas,Black or African American,score_1,2020,10883
Texas,Black or African American,score_1,2015,17506
Texas,Black or African American,total_exams,2025,51246
Texas,Black or African American,total_exams,2024,45581
Texas,Black or African American,total_exams,2020,28884
Texas,Black or African American,total_exams,2015,35756
Texas,Black or African American,mean_score,2025,2.41
Texas,Black or African American,mean_score,2024,2.22
Texas,Black or African American,mean_score,2020,2.18
Texas,Black or African American,mean_score,2015,1.88
Texas,Native American or Alaska Native,score_5,2025,97
Texas,Native American or Alaska Native,score_5,2024,102
Texas,Native American or Alaska Native,score_5,2020,211
Texas,Native American or Alaska Native,score_5,2015,132
Texas,Native American or Alaska Native,score_4,2025,263
Texas,Native American or Alaska Native,score_4,2024,256
Texas,Native American or Alaska Native,score_4,2020,363
Texas,Native American or Alaska Native,score_4,2015,356
Texas,Native American or Alaska Native,score_3,2025,391
Texas,Native American or Alaska Native,score_3,2024,365
Texas,Native American or Alaska Native,score_3,2020,542
Texas,Native American or Alaska Native,score_3,2015,571
Texas,Native American or Alaska Native,score_2,2025,388
Texas,Native American or Alaska Native,score_2,2024,433
Texas,Native American or Alaska Native,score_2,2020,571
Texas,Native American or Alaska Native,score_2,2015,696
Texas,Native American or Alaska Native,score_1,2025,294
Texas,Native American or Alaska Native,score_1,2024,383
Texas,Native American or Alaska Native,score_1,2020,616
Texas,Native American or Alaska Native,score_1,2015,744
Texas,Native American or Alaska Native,total_exams,2025,1433
Texas,Native American or Alaska Native,total_exams,2024,1539
Texas,Native American or Alaska Native,total_exams,2020,2303
Texas,Native American or Alaska Native,total_exams,2015,2499
Texas,Native American or Alaska Native,mean_score,2025,2.64
Texas,Native American or Alaska Native,mean_score,2024,2.52
Texas,Native American or Alaska Native,mean_score,2020,2.56
Texas,Native American or Alaska Native,mean_score,2015,2.37
Texas,Native Hawaiian or other Pacific Islander,score_5,2025,31
Texas,Native Hawaiian or other Pacific Islander,score_5,2024,34
Texas,Native Hawaiian or other Pacific Islander,score_5,2020,37
Texas,Native Hawaiian or other Pacific Islander,score_5,2015,976
Texas,Native Hawaiian or other Pacific Islander,score_4,2025,110
Texas,Native Hawaiian or other Pacific Islander,score_4,2024,95
Texas,Native Hawaiian or other Pacific Islander,score_4,2020,57
Texas,Native Hawaiian or other Pacific Islander,score_4,2015,1554
Texas,Native Hawaiian or other Pacific Islander,score_3,2025,181
Texas,Native Hawaiian or other Pacific Islander,score_3,2024,126
Texas,Native Hawaiian or other Pacific Islander,score_3,2020,115
Texas,Native Hawaiian or other Pacific Islander,score_3,2015,2398
Texas,Native Hawaiian or other Pacific Islander,score_2,2025,184
Texas,Native Hawaiian or other Pacific Islander,score_2,2024,189
Texas,Native Hawaiian or other Pacific Islander,score_2,2020,128
Texas,Native Hawaiian or other Pacific Islander,score_2,2015,2429
Texas,Native Hawaiian or other Pacific Islander,score_1,2025,116
Texas,Native Hawaiian or other Pacific Islander,score_1,2024,143
Texas,Native Hawaiian or other Pacific Islander,score_1,2020,100
Texas,Native Hawaiian or other Pacific Islander,score_1,2015,2402
Texas,Native Hawaiian or other Pacific Islander,total_exams,2025,622
Texas,Native Hawaiian or other Pacific Islander,total_exams,2024,587
Texas,Native Hawaiian or other Pacific Islander,total_exams,2020,437
Texas,Native Hawaiian or other Pacific Islander,total_exams,2015,9759
Texas,Native Hawaiian or other Pacific Islander,mean_score,2025,2.61
Texas,Native Hawaiian or other Pacific Islander,mean_score,2024,2.47
Texas,Native Hawaiian or other Pacific Islander,mean_score,2020,2.55
Texas,Native Hawaiian or other Pacific Islander,mean_score,2015,2.62
Texas,Two or More Races,score_5,2025,4154
Texas,Two or More Races,score_5,2024,3519
Texas,Two or More Races,score_5,2020,2230
Texas,Two or More Races,score_4,2025,6684
Texas,Two or More Races,score_4,2024,5733
Texas,Two or More Races,score_4,2020,3702
Texas,Two or More Races,score_3,2025,6458
Texas,Two or More Races,score_3,2024,5244
Texas,Two or More Races,score_3,2020,4802
Texas,Two or More Races,score_2,2025,4528
Texas,Two or More Races,score_2,2024,4427
Texas,Two or More Races,score_2,2020,4102
Texas,Two or More Races,score_1,2025,2447
Texas,Two or More Races,score_1,2024,2935
Texas,Two or More Races,score_1,2020,3178
Texas,Two or More Races,total_exams,2025,24271
Texas,Two or More Races,total_exams,2024,21858
Texas,Two or More Races,total_exams,2020,18014
Texas,Two or More Races,mean_score,2025,3.23
Texas,Two or More Races,mean_score,2024,3.11
Texas,Two or More Races,mean_score,2020,2.87
Texas,No Response,total_exams,2025,19456
Texas,No Response,total_exams,2024,11697
Texas,No Response,total_exams,2020,12437
Texas,No Response,total_exams,2015,10281
Utah,Overall,score_5,2025,8394
Utah,Overall,score_5,2024,7807
Utah,Overall,score_5,2020,5915
Utah,Overall,score_5,2015,5164
Utah,Overall,score_4,2025,16029
Utah,Overall,score_4,2024,13965
Utah,Overall,score_4,2020,9875
Utah,Overall,score_4,2015,8321
Utah,Overall,score_3,2025,14602
Utah,Overall,score_3,2024,13136
Utah,Overall,score_3,2020,12547
Utah,Overall,score_3,2015,11166
Utah,Overall,score_2,2025,9002
Utah,Overall,score_2,2024,9213
Utah,Overall,score_2,2020,8764
Utah,Overall,score_2,2015,7790
Utah,Overall,score_1,2025,2693
Utah,Overall,score_1,2024,4061
Utah,Overall,score_1,2020,5188
Utah,Overall,score_1,2015,4430
Utah,Overall,total_exams,2025,50720
Utah,Overall,total_exams,2024,48182
Utah,Overall,total_exams,2020,42289
Utah,Overall,total_exams,2015,36871
Utah,Overall,mean_score,2025,3.36
Utah,Overall,mean_score,2024,3.25
Utah,Overall,mean_score,2020,3.06
Utah,Overall,mean_score,2015,3.05
Utah,Asian,score_5,2025,622
Utah,Asian,score_5,2024,546
Utah,Asian,score_5,2020,400
Utah,Asian,score_5,2015,383
Utah,Asian,score_4,2025,708
Utah,Asian,score_4,2024,647
Utah,Asian,score_4,2020,459
Utah,Asian,score_4,2015,482
Utah,Asian,score_3,2025,647
Utah,Asian,score_3,2024,551
Utah,Asian,score_3,2020,601
Utah,Asian,score_3,2015,631
Utah,Asian,score_2,2025,411
Utah,Asian,score_2,2024,380
Utah,Asian,score_2,2020,364
Utah,Asian,score_2,2015,442
Utah,Asian,score_1,2025,141
Utah,Asian,score_1,2024,196
Utah,Asian,score_1,2020,203
Utah,Asian,score_1,2015,305
Utah,Asian,total_exams,2025,2529
Utah,Asian,total_exams,2024,2320
Utah,Asian,total_exams,2020,2027
Utah,Asian,total_exams,2015,2243
Utah,Asian,mean_score,2025,3.5
Utah,Asian,mean_score,2024,3.42
Utah,Asian,mean_score,2020,3.24
Utah,Asian,mean_score,2015,3.09
Utah,Hispanic/Latino,score_5,2025,717
Utah,Hispanic/Latino,score_5,2024,644
Utah,Hispanic/Latino,score_5,2020,574
Utah,Hispanic/Latino,score_5,2015,232
Utah,Hispanic/Latino,score_4,2025,1554
Utah,Hispanic/Latino,score_4,2024,1348
Utah,Hispanic/Latino,score_4,2020,895
Utah,Hispanic/Latino,score_4,2015,423
Utah,Hispanic/Latino,score_3,2025,2019
Utah,Hispanic/Latino,score_3,2024,1767
Utah,Hispanic/Latino,score_3,2020,1124
Utah,Hispanic/Latino,score_3,2015,662
Utah,Hispanic/Latino,score_2,2025,1742
Utah,Hispanic/Latino,score_2,2024,1550
Utah,Hispanic/Latino,score_2,2020,978
Utah,Hispanic/Latino,score_2,2015,686
Utah,Hispanic/Latino,score_1,2025,721
Utah,Hispanic/Latino,score_1,2024,917
Utah,Hispanic/Latino,score_1,2020,833
Utah,Hispanic/Latino,score_1,2015,620
Utah,Hispanic/Latino,total_exams,2025,6753
Utah,Hispanic/Latino,total_exams,2024,6226
Utah,Hispanic/Latino,total_exams,2020,4404
Utah,Hispanic/Latino,total_exams,2015,2623
Utah,Hispanic/Latino,mean_score,2025,2.97
Utah,Hispanic/Latino,mean_score,2024,2.88
Utah,Hispanic/Latino,mean_score,2020,2.86
Utah,Hispanic/Latino,mean_score,2015,2.6
Utah,White,score_5,2025,6377
Utah,White,score_5,2024,6098
Utah,White,score_5,2020,4533
Utah,White,score_5,2015,4368
Utah,White,score_4,2025,12467
Utah,White,score_4,2024,10999
Utah,White,score_4,2020,7737
Utah,White,score_4,2015,7079
Utah,White,score_3,2025,10703
Utah,White,score_3,2024,9839
Utah,White,score_3,2020,9758
Utah,White,score_3,2015,9301
Utah,White,score_2,2025,6022
Utah,White,score_2,2024,6455
Utah,White,score_2,2020,6660
Utah,White,score_2,2015,6164
Utah,White,score_1,2025,1565
Utah,White,score_1,2024,2502
Utah,White,score_1,2020,3561
Utah,White,score_1,2015,3153
Utah,White,total_exams,2025,37134
Utah,White,total_exams,2024,35893
Utah,White,total_exams,2020,32249
Utah,White,total_exams,2015,30065
Utah,White,mean_score,2025,3.43
Utah,White,mean_score,2024,3.33
Utah,White,mean_score,2020,3.09
Utah,White,mean_score,2015,3.11
Utah,Black or African American,score_5,2025,20
Utah,Black or African American,score_5,2024,19
Utah,Black or African American,score_5,2020,13
Utah,Black or African American,score_5,2015,15
Utah,Black or African American,score_4,2025,92
Utah,Black or African American,score_4,2024,85
Utah,Black or African American,score_4,2020,37
Utah,Black or African American,score_4,2015,33
Utah,Black or African American,score_3,2025,115
Utah,Black or African American,score_3,2024,91
Utah,Black or African American,score_3,2020,63
Utah,Black or African American,score_3,2015,60
Utah,Black or African American,score_2,2025,125
Utah,Black or African American,score_2,2024,129
Utah,Black or African American,score_2,2020,57
Utah,Black or African American,score_2,2015,70
Utah,Black or African American,score_1,2025,59
Utah,Black or African American,score_1,2024,61
Utah,Black or African American,score_1,2020,52
Utah,Black or African American,score_1,2015,48
Utah,Black or African American,total_exams,2025,411
Utah,Black or African American,total_exams,2024,385
Utah,Black or African American,total_exams,2020,222
Utah,Black or African American,total_exams,2015,226
Utah,Black or African American,mean_score,2025,2.73
Utah,Black or African American,mean_score,2024,2.67
Utah,Black or African American,mean_score,2020,2.56
Utah,Black or African American,mean_score,2015,2.54
Utah,Native American or Alaska Native,score_5,2025,**
Utah,Native American or Alaska Native,score_5,2024,**
Utah,Native American or Alaska Native,score_5,2020,23
Utah,Native American or Alaska Native,score_5,2015,15
Utah,Native American or Alaska Native,score_4,2025,**
Utah,Native American or Alaska Native,score_4,2024,**
Utah,Native American or Alaska Native,score_4,2020,62
Utah,Native American or Alaska Native,score_4,2015,33
Utah,Native American or Alaska Native,score_3,2025,**
Utah,Native American or Alaska Native,score_3,2024,**
Utah,Native American or Alaska Native,score_3,2020,82
Utah,Native American or Alaska Native,score_3,2015,63
Utah,Native American or Alaska Native,score_2,2025,**
Utah,Native American or Alaska Native,score_2,2024,**
Utah,Native American or Alaska Native,score_2,2020,65
Utah,Native American or Alaska Native,score_2,2015,47
Utah,Native American or Alaska Native,score_1,2025,**
Utah,Native American or Alaska Native,score_1,2024,**
Utah,Native American or Alaska Native,score_1,2020,64
Utah,Native American or Alaska Native,score_1,2015,46
Utah,Native American or Alaska Native,total_exams,2025,110
Utah,Native American or Alaska Native,total_exams,2024,145
Utah,Native American or Alaska Native,total_exams,2020,296
Utah,Native American or Alaska Native,total_exams,2015,204
Utah,Native American or Alaska Native,mean_score,2025,2.75
Utah,Native American or Alaska Native,mean_score,2024,2.43
Utah,Native American or Alaska Native,mean_score,2020,2.71
Utah,Native American or Alaska Native,mean_score,2015,2.63
Utah,Native Hawaiian or other Pacific Islander,score_5,2025,**
Utah,Native Hawaiian or other Pacific Islander,score_5,2024,13
Utah,Native Hawaiian or other Pacific Islander,score_5,2020,**
Utah,Native Hawaiian or other Pacific Islander,score_5,2015,67
Utah,Native Hawaiian or other Pacific Islander,score_4,2025,**
Utah,Native Hawaiian or other Pacific Islander,score_4,2024,30
Utah,Native Hawaiian or other Pacific Islander,score_4,2020,**
Utah,Native Hawaiian or other Pacific Islander,score_4,2015,127
Utah,Native Hawaiian or other Pacific Islander,score_3,2025,**
Utah,Native Hawaiian or other Pacific Islander,score_3,2024,57
Utah,Native Hawaiian or other Pacific Islander,score_3,2020,**
Utah,Native Hawaiian or other Pacific Islander,score_3,2015,168
Utah,Native Hawaiian or other Pacific Islander,score_2,2025,**
Utah,Native Hawaiian or other Pacific Islander,score_2,2024,43
Utah,Native Hawaiian or other Pacific Islander,score_2,2020,**
Utah,Native Hawaiian or other Pacific Islander,score_2,2015,125
Utah,Native Hawaiian or other Pacific Islander,score_1,2025,**
Utah,Native Hawaiian or other Pacific Islander,score_1,2024,44
Utah,Native Hawaiian or other Pacific Islander,score_1,2020,**
Utah,Native Hawaiian or other Pacific Islander,score_1,2015,81
Utah,Native Hawaiian or other Pacific Islander,total_exams,2025,202
Utah,Native Hawaiian or other Pacific Islander,total_exams,2024,187
Utah,Native Hawaiian or other Pacific Islander,total_exams,2020,144
Utah,Native Hawaiian or other Pacific Islander,total_exams,2015,568
Utah,Native Hawaiian or other Pacific Islander,mean_score,2025,2.8
Utah,Native Hawaiian or other Pacific Islander,mean_score,2024,2.6
Utah,Native Hawaiian or other Pacific Islander,mean_score,2020,2.31
Utah,Native Hawaiian or other Pacific Islander,mean_score,2015,2.95
Utah,Two or More Races,score_5,2025,357
Utah,Two or More Races,score_5,2024,306
Utah,Two or More Races,score_5,2020,204
Utah,Two or More Races,score_4,2025,647
Utah,Two or More Races,score_4,2024,523
Utah,Two or More Races,score_4,2020,379
Utah,Two or More Races,score_3,2025,561
Utah,Two or More Races,score_3,2024,489
Utah,Two or More Races,score_3,2020,522
Utah,Two or More Races,score_2,2025,336
Utah,Two or More Races,score_2,2024,366
Utah,Two or More Races,score_2,2020,349
Utah,Two or More Races,score_1,2025,93
Utah,Two or More Races,score_1,2024,171
Utah,Two or More Races,score_1,2020,224
Utah,Two or More Races,total_exams,2025,1994
Utah,Two or More Races,total_exams,2024,1855
Utah,Two or More Races,total_exams,2020,1678
Utah,Two or More Races,mean_score,2025,3.42
Utah,Two or More Races,mean_score,2024,3.23
Utah,Two or More Races,mean_score,2020,2.99
Utah,No Response,total_exams,2025,1587
Utah,No Response,total_exams,2024,1171
Utah,No Response,total_exams,2020,1269
Utah,No Response,total_exams,2015,942
Vermont,Overall,score_5,2025,1095
Vermont,Overall,score_5,2024,964
Vermont,Overall,score_5,2020,903
Vermont,Overall,score_5,2015,865
Vermont,Overall,score_4,2025,1861
Vermont,Overall,score_4,2024,1559
Vermont,Overall,score_4,2020,1392
Vermont,Overall,score_4,2015,1387
Vermont,Overall,score_3,2025,1710
Vermont,Overall,score_3,2024,1460
Vermont,Overall,score_3,2020,1676
Vermont,Overall,score_3,2015,1743
Vermont,Overall,score_2,2025,878
Vermont,Overall,score_2,2024,989
Vermont,Overall,score_2,2020,1140
Vermont,Overall,score_2,2015,1366
Vermont,Overall,score_1,2025,254
Vermont,Overall,score_1,2024,394
Vermont,Overall,score_1,2020,509
Vermont,Overall,score_1,2015,702
Vermont,Overall,total_exams,2025,5798
Vermont,Overall,total_exams,2024,5366
Vermont,Overall,total_exams,2020,5620
Vermont,Overall,total_exams,2015,6063
Vermont,Overall,mean_score,2025,3.46
Vermont,Overall,mean_score,2024,3.32
Vermont,Overall,mean_score,2020,3.19
Vermont,Overall,mean_score,2015,3.06
Vermont,Asian,score_5,2025,50
Vermont,Asian,score_5,2024,61
Vermont,Asian,score_5,2020,104
Vermont,Asian,score_5,2015,78
Vermont,Asian,score_4,2025,74
Vermont,Asian,score_4,2024,71
Vermont,Asian,score_4,2020,97
Vermont,Asian,score_4,2015,91
Vermont,Asian,score_3,2025,78
Vermont,Asian,score_3,2024,57
Vermont,Asian,score_3,2020,119
Vermont,Asian,score_3,2015,105
Vermont,Asian,score_2,2025,46
Vermont,Asian,score_2,2024,53
Vermont,Asian,score_2,2020,56
Vermont,Asian,score_2,2015,75
Vermont,Asian,score_1,2025,12
Vermont,Asian,score_1,2024,21
Vermont,Asian,score_1,2020,27
Vermont,Asian,score_1,2015,79
Vermont,Asian,total_exams,2025,260
Vermont,Asian,total_exams,2024,263
Vermont,Asian,total_exams,2020,403
Vermont,Asian,total_exams,2015,428
Vermont,Asian,mean_score,2025,3.4
Vermont,Asian,mean_score,2024,3.37
Vermont,Asian,mean_score,2020,3.48
Vermont,Asian,mean_score,2015,3.03
Vermont,Hispanic/Latino,score_5,2025,24
Vermont,Hispanic/Latino,score_5,2024,23
Vermont,Hispanic/Latino,score_5,2020,37
Vermont,Hispanic/Latino,score_5,2015,22
Vermont,Hispanic/Latino,score_4,2025,66
Vermont,Hispanic/Latino,score_4,2024,59
Vermont,Hispanic/Latino,score_4,2020,53
Vermont,Hispanic/Latino,score_4,2015,31
Vermont,Hispanic/Latino,score_3,2025,57
Vermont,Hispanic/Latino,score_3,2024,44
Vermont,Hispanic/Latino,score_3,2020,51
Vermont,Hispanic/Latino,score_3,2015,26
Vermont,Hispanic/Latino,score_2,2025,23
Vermont,Hispanic/Latino,score_2,2024,36
Vermont,Hispanic/Latino,score_2,2020,35
Vermont,Hispanic/Latino,score_2,2015,30
Vermont,Hispanic/Latino,score_1,2025,16
Vermont,Hispanic/Latino,score_1,2024,18
Vermont,Hispanic/Latino,score_1,2020,18
Vermont,Hispanic/Latino,score_1,2015,14
Vermont,Hispanic/Latino,total_exams,2025,186
Vermont,Hispanic/Latino,total_exams,2024,180
Vermont,Hispanic/Latino,total_exams,2020,194
Vermont,Hispanic/Latino,total_exams,2015,123
Vermont,Hispanic/Latino,mean_score,2025,3.32
Vermont,Hispanic/Latino,mean_score,2024,3.18
Vermont,Hispanic/Latino,mean_score,2020,3.29
Vermont,Hispanic/Latino,mean_score,2015,3.14
Vermont,White,score_5,2025,856
Vermont,White,score_5,2024,765
Vermont,White,score_5,2020,701
Vermont,White,score_5,2015,728
Vermont,White,score_4,2025,1486
Vermont,White,score_4,2024,1248
Vermont,White,score_4,2020,1148
Vermont,White,score_4,2015,1203
Vermont,White,score_3,2025,1323
Vermont,White,score_3,2024,1180
Vermont,White,score_3,2020,1391
Vermont,White,score_3,2015,1531
Vermont,White,score_2,2025,692
Vermont,White,score_2,2024,781
Vermont,White,score_2,2020,962
Vermont,White,score_2,2015,1195
Vermont,White,score_1,2025,180
Vermont,White,score_1,2024,300
Vermont,White,score_1,2020,412
Vermont,White,score_1,2015,568
Vermont,White,total_exams,2025,4537
Vermont,White,total_exams,2024,4274
Vermont,White,total_exams,2020,4614
Vermont,White,total_exams,2015,5225
Vermont,White,mean_score,2025,3.47
Vermont,White,mean_score,2024,3.33
Vermont,White,mean_score,2020,3.17
Vermont,White,mean_score,2015,3.06
Vermont,Black or African American,score_5,2025,**
Vermont,Black or African American,score_5,2024,**
Vermont,Black or African American,score_5,2020,**
Vermont,Black or African American,score_5,2015,**
Vermont,Black or African American,score_4,2025,**
Vermont,Black or African American,score_4,2024,**
Vermont,Black or African American,score_4,2020,**
Vermont,Black or African American,score_4,2015,**
Vermont,Black or African American,score_3,2025,**
Vermont,Black or African American,score_3,2024,**
Vermont,Black or African American,score_3,2020,**
Vermont,Black or African American,score_3,2015,**
Vermont,Black or African American,score_2,2025,**
Vermont,Black or African American,score_2,2024,**
Vermont,Black or African American,score_2,2020,**
Vermont,Black or African American,score_2,2015,**
Vermont,Black or African American,score_1,2025,**
Vermont,Black or African American,score_1,2024,**
Vermont,Black or African American,score_1,2020,**
Vermont,Black or African American,score_1,2015,**
Vermont,Black or African American,total_exams,2025,94
Vermont,Black or African American,total_exams,2024,85
Vermont,Black or African American,total_exams,2020,49
Vermont,Black or African American,total_exams,2015,83
Vermont,Black or African American,mean_score,2025,3.15
Vermont,Black or African American,mean_score,2024,2.85
Vermont,Black or African American,mean_score,2020,2.61
Vermont,Black or African American,mean_score,2015,2.7
Vermont,Native American or Alaska Native,score_5,2025,**
Vermont,Native American or Alaska Native,score_5,2024,**
Vermont,Native American or Alaska Native,score_5,2020,**
Vermont,Native American or Alaska Native,score_5,2015,**
Vermont,Native American or Alaska Native,score_4,2025,**
Vermont,Native American or Alaska Native,score_4,2024,**
Vermont,Native American or Alaska Native,score_4,2020,**
Vermont,Native American or Alaska Native,score_4,2015,**
Vermont,Native American or Alaska Native,score_3,2025,**
Vermont,Native American or Alaska Native,score_3,2024,**
Vermont,Native American or Alaska Native,score_3,2020,**
Vermont,Native American or Alaska Native,score_3,2015,**
Vermont,Native American or Alaska Native,score_2,2025,**
Vermont,Native American or Alaska Native,score_2,2024,**
Vermont,Native American or Alaska Native,score_2,2020,**
Vermont,Native American or Alaska Native,score_2,2015,**
Vermont,Native American or Alaska Native,score_1,2025,**
Vermont,Native American or Alaska Native,score_1,2024,**
Vermont,Native American or Alaska Native,score_1,2020,**
Vermont,Native American or Alaska Native,score_1,2015,**
Vermont,Native American or Alaska Native,total_exams,2025,14
Vermont,Native American or Alaska Native,total_exams,2024,18
Vermont,Native American or Alaska Native,total_exams,2020,19
Vermont,Native American or Alaska Native,total_exams,2015,18
Vermont,Native American or Alaska Native,mean_score,2025,2.29
Vermont,Native American or Alaska Native,mean_score,2024,2.33
Vermont,Native American or Alaska Native,mean_score,2020,2.84
Vermont,Native American or Alaska Native,mean_score,2015,2.72
Vermont,Native Hawaiian or other Pacific Islander,score_5,2025,**
Vermont,Native Hawaiian or other Pacific Islander,score_5,2024,**
Vermont,Native Hawaiian or other Pacific Islander,score_5,2020,**
Vermont,Native Hawaiian or other Pacific Islander,score_5,2015,**
Vermont,Native Hawaiian or other Pacific Islander,score_4,2025,**
Vermont,Native Hawaiian or other Pacific Islander,score_4,2024,**
Vermont,Native Hawaiian or other Pacific Islander,score_4,2020,**
Vermont,Native Hawaiian or other Pacific Islander,score_4,2015,**
Vermont,Native Hawaiian or other Pacific Islander,score_3,2025,**
Vermont,Native Hawaiian or other Pacific Islander,score_3,2024,**
Vermont,Native Hawaiian or other Pacific Islander,score_3,2020,**
Vermont,Native Hawaiian or other Pacific Islander,score_3,2015,**
Vermont,Native Hawaiian or other Pacific Islander,score_2,2025,**
Vermont,Native Hawaiian or other Pacific Islander,score_2,2024,**
Vermont,Native Hawaiian or other Pacific Islander,score_2,2020,**
Vermont,Native Hawaiian or other Pacific Islander,score_2,2015,**
Vermont,Native Hawaiian or other Pacific Islander,score_1,2025,**
Vermont,Native Hawaiian or other Pacific Islander,score_1,2024,**
Vermont,Native Hawaiian or other Pacific Islander,score_1,2020,**
Vermont,Native Hawaiian or other Pacific Islander,score_1,2015,**
Vermont,Native Hawaiian or other Pacific Islander,total_exams,2025,**
Vermont,Native Hawaiian or other Pacific Islander,total_exams,2024,**
Vermont,Native Hawaiian or other Pacific Islander,total_exams,2020,**
Vermont,Native Hawaiian or other Pacific Islander,total_exams,2015,76
Vermont,Native Hawaiian or other Pacific Islander,mean_score,2025,**
Vermont,Native Hawaiian or other Pacific Islander,mean_score,2024,**
Vermont,Native Hawaiian or other Pacific Islander,mean_score,2020,**
Vermont,Native Hawaiian or other Pacific Islander,mean_score,2015,3.3
Vermont,Two or More Races,score_5,2025,66
Vermont,Two or More Races,score_5,2024,42
Vermont,Two or More Races,score_5,2020,31
Vermont,Two or More Races,score_4,2025,81
Vermont,Two or More Races,score_4,2024,65
Vermont,Two or More Races,score_4,2020,52
Vermont,Two or More Races,score_3,2025,75
Vermont,Two or More Races,score_3,2024,42
Vermont,Two or More Races,score_3,2020,59
Vermont,Two or More Races,score_2,2025,33
Vermont,Two or More Races,score_2,2024,44
Vermont,Two or More Races,score_2,2020,40
Vermont,Two or More Races,score_1,2025,14
Vermont,Two or More Races,score_1,2024,18
Vermont,Two or More Races,score_1,2020,20
Vermont,Two or More Races,total_exams,2025,269
Vermont,Two or More Races,total_exams,2024,211
Vermont,Two or More Races,total_exams,2020,202
Vermont,Two or More Races,mean_score,2025,3.57
Vermont,Two or More Races,mean_score,2024,3.33
Vermont,Two or More Races,mean_score,2020,3.17
Vermont,No Response,total_exams,2025,432
Vermont,No Response,total_exams,2024,332
Vermont,No Response,total_exams,2020,137
Vermont,No Response,total_exams,2015,110
Virginia,Overall,score_5,2025,33298
Virginia,Overall,score_5,2024,29026
Virginia,Overall,score_5,2020,21385
Virginia,Overall,score_5,2015,19456
Virginia,Overall,score_4,2025,50662
Virginia,Overall,score_4,2024,43790
Virginia,Overall,score_4,2020,30166
Virginia,Overall,score_4,2015,28507
Virginia,Overall,score_3,2025,46033
Virginia,Overall,score_3,2024,38866
Virginia,Overall,score_3,2020,36640
Virginia,Overall,score_3,2015,37552
Virginia,Overall,score_2,2025,27856
Virginia,Overall,score_2,2024,29110
Virginia,Overall,score_2,2020,28390
Virginia,Overall,score_2,2015,31947
Virginia,Overall,score_1,2025,12850
Virginia,Overall,score_1,2024,16577
Virginia,Overall,score_1,2020,17860
Virginia,Overall,score_1,2015,23203
Virginia,Overall,total_exams,2025,170699
Virginia,Overall,total_exams,2024,157369
Virginia,Overall,total_exams,2020,134441
Virginia,Overall,total_exams,2015,140665
Virginia,Overall,mean_score,2025,3.37
Virginia,Overall,mean_score,2024,3.25
Virginia,Overall,mean_score,2020,3.07
Virginia,Overall,mean_score,2015,2.92
Virginia,Asian,score_5,2025,10601
Virginia,Asian,score_5,2024,9635
Virginia,Asian,score_5,2020,6486
Virginia,Asian,score_5,2015,4818
Virginia,Asian,score_4,2025,12569
Virginia,Asian,score_4,2024,11190
Virginia,Asian,score_4,2020,6899
Virginia,Asian,score_4,2015,5250
Virginia,Asian,score_3,2025,9393
Virginia,Asian,score_3,2024,8360
Virginia,Asian,score_3,2020,6866
Virginia,Asian,score_3,2015,6101
Virginia,Asian,score_2,2025,5020
Virginia,Asian,score_2,2024,5315
Virginia,Asian,score_2,2020,4195
Virginia,Asian,score_2,2015,4719
Virginia,Asian,score_1,2025,2098
Virginia,Asian,score_1,2024,2599
Virginia,Asian,score_1,2020,2116
Virginia,Asian,score_1,2015,3276
Virginia,Asian,total_exams,2025,39681
Virginia,Asian,total_exams,2024,37099
Virginia,Asian,total_exams,2020,26562
Virginia,Asian,total_exams,2015,24164
Virginia,Asian,mean_score,2025,3.62
Virginia,Asian,mean_score,2024,3.54
Virginia,Asian,mean_score,2020,3.43
Virginia,Asian,mean_score,2015,3.15
Virginia,Hispanic/Latino,score_5,2025,2424
Virginia,Hispanic/Latino,score_5,2024,2099
Virginia,Hispanic/Latino,score_5,2020,1582
Virginia,Hispanic/Latino,score_5,2015,1159
Virginia,Hispanic/Latino,score_4,2025,5168
Virginia,Hispanic/Latino,score_4,2024,4317
Virginia,Hispanic/Latino,score_4,2020,2691
Virginia,Hispanic/Latino,score_4,2015,1827
Virginia,Hispanic/Latino,score_3,2025,5989
Virginia,Hispanic/Latino,score_3,2024,4620
Virginia,Hispanic/Latino,score_3,2020,3498
Virginia,Hispanic/Latino,score_3,2015,2523
Virginia,Hispanic/Latino,score_2,2025,4501
Virginia,Hispanic/Latino,score_2,2024,4372
Virginia,Hispanic/Latino,score_2,2020,3256
Virginia,Hispanic/Latino,score_2,2015,2643
Virginia,Hispanic/Latino,score_1,2025,2539
Virginia,Hispanic/Latino,score_1,2024,3014
Virginia,Hispanic/Latino,score_1,2020,2490
Virginia,Hispanic/Latino,score_1,2015,2335
Virginia,Hispanic/Latino,total_exams,2025,20621
Virginia,Hispanic/Latino,total_exams,2024,18422
Virginia,Hispanic/Latino,total_exams,2020,13517
Virginia,Hispanic/Latino,total_exams,2015,10487
Virginia,Hispanic/Latino,mean_score,2025,3.02
Virginia,Hispanic/Latino,mean_score,2024,2.9
Virginia,Hispanic/Latino,mean_score,2020,2.82
Virginia,Hispanic/Latino,mean_score,2015,2.7
Virginia,White,score_5,2025,14789
Virginia,White,score_5,2024,13071
Virginia,White,score_5,2020,10552
Virginia,White,score_5,2015,11788
Virginia,White,score_4,2025,23926
Virginia,White,score_4,2024,21456
Virginia,White,score_4,2020,16282
Virginia,White,score_4,2015,18273
Virginia,White,score_3,2025,21427
Virginia,White,score_3,2024,18905
Virginia,White,score_3,2020,20306
Virginia,White,score_3,2015,23533
Virginia,White,score_2,2025,11820
Virginia,White,score_2,2024,13148
Virginia,White,score_2,2020,15267
Virginia,White,score_2,2015,18123
Virginia,White,score_1,2025,4554
Virginia,White,score_1,2024,6220
Virginia,White,score_1,2020,8315
Virginia,White,score_1,2015,10369
Virginia,White,total_exams,2025,76516
Virginia,White,total_exams,2024,72800
Virginia,White,total_exams,2020,70722
Virginia,White,total_exams,2015,82086
Virginia,White,mean_score,2025,3.43
Virginia,White,mean_score,2024,3.3
Virginia,White,mean_score,2020,3.08
Virginia,White,mean_score,2015,3.04
Virginia,Black or African American,score_5,2025,1195
Virginia,Black or African American,score_5,2024,878
Virginia,Black or African American,score_5,2020,583
Virginia,Black or African American,score_5,2015,562
Virginia,Black or African American,score_4,2025,3212
Virginia,Black or African American,score_4,2024,2443
Virginia,Black or African American,score_4,2020,1304
Virginia,Black or African American,score_4,2015,1429
Virginia,Black or African American,score_3,2025,4381
Virginia,Black or African American,score_3,2024,3307
Virginia,Black or African American,score_3,2020,2395
Virginia,Black or African American,score_3,2015,2904
Virginia,Black or African American,score_2,2025,3794
Virginia,Black or African American,score_2,2024,3606
Virginia,Black or African American,score_2,2020,2830
Virginia,Black or African American,score_2,2015,4202
Virginia,Black or African American,score_1,2025,2515
Virginia,Black or African American,score_1,2024,3251
Virginia,Black or African American,score_1,2020,3072
Virginia,Black or African American,score_1,2015,5191
Virginia,Black or African American,total_exams,2025,15097
Virginia,Black or African American,total_exams,2024,13485
Virginia,Black or African American,total_exams,2020,10184
Virginia,Black or African American,total_exams,2015,14288
Virginia,Black or African American,mean_score,2025,2.79
Virginia,Black or African American,mean_score,2024,2.56
Virginia,Black or African American,mean_score,2020,2.36
Virginia,Black or African American,mean_score,2015,2.16
Virginia,Native American or Alaska Native,score_5,2025,28
Virginia,Native American or Alaska Native,score_5,2024,23
Virginia,Native American or Alaska Native,score_5,2020,50
Virginia,Native American or Alaska Native,score_5,2015,40
Virginia,Native American or Alaska Native,score_4,2025,62
Virginia,Native American or Alaska Native,score_4,2024,78
Virginia,Native American or Alaska Native,score_4,2020,92
Virginia,Native American or Alaska Native,score_4,2015,121
Virginia,Native American or Alaska Native,score_3,2025,73
Virginia,Native American or Alaska Native,score_3,2024,59
Virginia,Native American or Alaska Native,score_3,2020,98
Virginia,Native American or Alaska Native,score_3,2015,180
Virginia,Native American or Alaska Native,score_2,2025,58
Virginia,Native American or Alaska Native,score_2,2024,60
Virginia,Native American or Alaska Native,score_2,2020,88
Virginia,Native American or Alaska Native,score_2,2015,138
Virginia,Native American or Alaska Native,score_1,2025,39
Virginia,Native American or Alaska Native,score_1,2024,40
Virginia,Native American or Alaska Native,score_1,2020,95
Virginia,Native American or Alaska Native,score_1,2015,101
Virginia,Native American or Alaska Native,total_exams,2025,260
Virginia,Native American or Alaska Native,total_exams,2024,260
Virginia,Native American or Alaska Native,total_exams,2020,423
Virginia,Native American or Alaska Native,total_exams,2015,580
Virginia,Native American or Alaska Native,mean_score,2025,2.93
Virginia,Native American or Alaska Native,mean_score,2024,2.94
Virginia,Native American or Alaska Native,mean_score,2020,2.8
Virginia,Native American or Alaska Native,mean_score,2015,2.76
Virginia,Native Hawaiian or other Pacific Islander,score_5,2025,17
Virginia,Native Hawaiian or other Pacific Islander,score_5,2024,15
Virginia,Native Hawaiian or other Pacific Islander,score_5,2020,12
Virginia,Native Hawaiian or other Pacific Islander,score_5,2015,843
Virginia,Native Hawaiian or other Pacific Islander,score_4,2025,35
Virginia,Native Hawaiian or other Pacific Islander,score_4,2024,35
Virginia,Native Hawaiian or other Pacific Islander,score_4,2020,23
Virginia,Native Hawaiian or other Pacific Islander,score_4,2015,1209
Virginia,Native Hawaiian or other Pacific Islander,score_3,2025,40
Virginia,Native Hawaiian or other Pacific Islander,score_3,2024,39
Virginia,Native Hawaiian or other Pacific Islander,score_3,2020,34
Virginia,Native Hawaiian or other Pacific Islander,score_3,2015,1636
Virginia,Native Hawaiian or other Pacific Islander,score_2,2025,27
Virginia,Native Hawaiian or other Pacific Islander,score_2,2024,36
Virginia,Native Hawaiian or other Pacific Islander,score_2,2020,31
Virginia,Native Hawaiian or other Pacific Islander,score_2,2015,1380
Virginia,Native Hawaiian or other Pacific Islander,score_1,2025,12
Virginia,Native Hawaiian or other Pacific Islander,score_1,2024,25
Virginia,Native Hawaiian or other Pacific Islander,score_1,2020,23
Virginia,Native Hawaiian or other Pacific Islander,score_1,2015,1131
Virginia,Native Hawaiian or other Pacific Islander,total_exams,2025,131
Virginia,Native Hawaiian or other Pacific Islander,total_exams,2024,150
Virginia,Native Hawaiian or other Pacific Islander,total_exams,2020,123
Virginia,Native Hawaiian or other Pacific Islander,total_exams,2015,6199
Virginia,Native Hawaiian or other Pacific Islander,mean_score,2025,3.14
Virginia,Native Hawaiian or other Pacific Islander,mean_score,2024,2.86
Virginia,Native Hawaiian or other Pacific Islander,mean_score,2020,2.76
Virginia,Native Hawaiian or other Pacific Islander,mean_score,2015,2.88
Virginia,Two or More Races,score_5,2025,2506
Virginia,Two or More Races,score_5,2024,2150
Virginia,Two or More Races,score_5,2020,1405
Virginia,Two or More Races,score_4,2025,3706
Virginia,Two or More Races,score_4,2024,3041
Virginia,Two or More Races,score_4,2020,2008
Virginia,Two or More Races,score_3,2025,3323
Virginia,Two or More Races,score_3,2024,2685
Virginia,Two or More Races,score_3,2020,2464
Virginia,Two or More Races,score_2,2025,1874
Virginia,Two or More Races,score_2,2024,1925
Virginia,Two or More Races,score_2,2020,1997
Virginia,Two or More Races,score_1,2025,777
Virginia,Two or More Races,score_1,2024,1061
Virginia,Two or More Races,score_1,2020,1313
Virginia,Two or More Races,total_exams,2025,12186
Virginia,Two or More Races,total_exams,2024,10862
Virginia,Two or More Races,total_exams,2020,9187
Virginia,Two or More Races,mean_score,2025,3.43
Virginia,Two or More Races,mean_score,2024,3.3
Virginia,Two or More Races,mean_score,2020,3.02
Virginia,No Response,total_exams,2025,6207
Virginia,No Response,total_exams,2024,4291
Virginia,No Response,total_exams,2020,3723
Virginia,No Response,total_exams,2015,2861
Washington,Overall,score_5,2025,21401
Washington,Overall,score_5,2024,19303
Washington,Overall,score_5,2020,12826
Washington,Overall,score_5,2015,10476
Washington,Overall,score_4,2025,29715
Washington,Overall,score_4,2024,26005
Washington,Overall,score_4,2020,17687
Washington,Overall,score_4,2015,15675
Washington,Overall,score_3,2025,25813
Washington,Overall,score_3,2024,22750
Washington,Overall,score_3,2020,21112
Washington,Overall,score_3,2015,20639
Washington,Overall,score_2,2025,16136
Washington,Overall,score_2,2024,16889
Washington,Overall,score_2,2020,16079
Washington,Overall,score_2,2015,17625
Washington,Overall,score_1,2025,6884
Washington,Overall,score_1,2024,10061
Washington,Overall,score_1,2020,10598
Washington,Overall,score_1,2015,13663
Washington,Overall,total_exams,2025,99949
Washington,Overall,total_exams,2024,95008
Washington,Overall,total_exams,2020,78302
Washington,Overall,total_exams,2015,78078
Washington,Overall,mean_score,2025,3.43
Washington,Overall,mean_score,2024,3.29
Washington,Overall,mean_score,2020,3.08
Washington,Overall,mean_score,2015,2.89
Washington,Asian,score_5,2025,8624
Washington,Asian,score_5,2024,7813
Washington,Asian,score_5,2020,4392
Washington,Asian,score_5,2015,3068
Washington,Asian,score_4,2025,8595
Washington,Asian,score_4,2024,7467
Washington,Asian,score_4,2020,4492
Washington,Asian,score_4,2015,3318
Washington,Asian,score_3,2025,5818
Washington,Asian,score_3,2024,5198
Washington,Asian,score_3,2020,4375
Washington,Asian,score_3,2015,4010
Washington,Asian,score_2,2025,3008
Washington,Asian,score_2,2024,3366
Washington,Asian,score_2,2020,2803
Washington,Asian,score_2,2015,3204
Washington,Asian,score_1,2025,1133
Washington,Asian,score_1,2024,1707
Washington,Asian,score_1,2020,1634
Washington,Asian,score_1,2015,2742
Washington,Asian,total_exams,2025,27178
Washington,Asian,total_exams,2024,25551
Washington,Asian,total_exams,2020,17696
Washington,Asian,total_exams,2015,16342
Washington,Asian,mean_score,2025,3.76
Washington,Asian,mean_score,2024,3.64
Washington,Asian,mean_score,2020,3.41
Washington,Asian,mean_score,2015,3.05
Washington,Hispanic/Latino,score_5,2025,1032
Washington,Hispanic/Latino,score_5,2024,931
Washington,Hispanic/Latino,score_5,2020,796
Washington,Hispanic/Latino,score_5,2015,417
Washington,Hispanic/Latino,score_4,2025,2265
Washington,Hispanic/Latino,score_4,2024,1870
Washington,Hispanic/Latino,score_4,2020,1405
Washington,Hispanic/Latino,score_4,2015,799
Washington,Hispanic/Latino,score_3,2025,3038
Washington,Hispanic/Latino,score_3,2024,2584
Washington,Hispanic/Latino,score_3,2020,2027
Washington,Hispanic/Latino,score_3,2015,1270
Washington,Hispanic/Latino,score_2,2025,2893
Washington,Hispanic/Latino,score_2,2024,2726
Washington,Hispanic/Latino,score_2,2020,2059
Washington,Hispanic/Latino,score_2,2015,1645
Washington,Hispanic/Latino,score_1,2025,1800
Washington,Hispanic/Latino,score_1,2024,2533
Washington,Hispanic/Latino,score_1,2020,2011
Washington,Hispanic/Latino,score_1,2015,2185
Washington,Hispanic/Latino,total_exams,2025,11028
Washington,Hispanic/Latino,total_exams,2024,10644
Washington,Hispanic/Latino,total_exams,2020,8298
Washington,Hispanic/Latino,total_exams,2015,6316
Washington,Hispanic/Latino,mean_score,2025,2.8
Washington,Hispanic/Latino,mean_score,2024,2.62
Washington,Hispanic/Latino,mean_score,2020,2.63
Washington,Hispanic/Latino,mean_score,2015,2.31
Washington,White,score_5,2025,8370
Washington,White,score_5,2024,7796
Washington,White,score_5,2020,5795
Washington,White,score_5,2015,6226
Washington,White,score_4,2025,14080
Washington,White,score_4,2024,12926
Washington,White,score_4,2020,9212
Washington,White,score_4,2015,10165
Washington,White,score_3,2025,12551
Washington,White,score_3,2024,11457
Washington,White,score_3,2020,11550
Washington,White,score_3,2015,13257
Washington,White,score_2,2025,7147
Washington,White,score_2,2024,7874
Washington,White,score_2,2020,8582
Washington,White,score_2,2015,10512
Washington,White,score_1,2025,2250
Washington,White,score_1,2024,3524
Washington,White,score_1,2020,4829
Washington,White,score_1,2015,6175
Washington,White,total_exams,2025,44398
Washington,White,total_exams,2024,43577
Washington,White,total_exams,2020,39968
Washington,White,total_exams,2015,46335
Washington,White,mean_score,2025,3.43
Washington,White,mean_score,2024,3.31
Washington,White,mean_score,2020,3.06
Washington,White,mean_score,2015,2.99
Washington,Black or African American,score_5,2025,171
Washington,Black or African American,score_5,2024,169
Washington,Black or African American,score_5,2020,99
Washington,Black or African American,score_5,2015,83
Washington,Black or African American,score_4,2025,546
Washington,Black or African American,score_4,2024,399
Washington,Black or African American,score_4,2020,224
Washington,Black or African American,score_4,2015,255
Washington,Black or African American,score_3,2025,779
Washington,Black or African American,score_3,2024,584
Washington,Black or African American,score_3,2020,370
Washington,Black or African American,score_3,2015,487
Washington,Black or African American,score_2,2025,756
Washington,Black or African American,score_2,2024,666
Washington,Black or African American,score_2,2020,442
Washington,Black or African American,score_2,2015,693
Washington,Black or African American,score_1,2025,583
Washington,Black or African American,score_1,2024,764
Washington,Black or African American,score_1,2020,521
Washington,Black or African American,score_1,2015,949
Washington,Black or African American,total_exams,2025,2835
Washington,Black or African American,total_exams,2024,2582
Washington,Black or African American,total_exams,2020,1656
Washington,Black or African American,total_exams,2015,2467
Washington,Black or African American,mean_score,2025,2.64
Washington,Black or African American,mean_score,2024,2.44
Washington,Black or African American,mean_score,2020,2.36
Washington,Black or African American,mean_score,2015,2.12
Washington,Native American or Alaska Native,score_5,2025,19
Washington,Native American or Alaska Native,score_5,2024,19
Washington,Native American or Alaska Native,score_5,2020,20
Washington,Native American or Alaska Native,score_5,2015,49
Washington,Native American or Alaska Native,score_4,2025,58
Washington,Native American or Alaska Native,score_4,2024,46
Washington,Native American or Alaska Native,score_4,2020,58
Washington,Native American or Alaska Native,score_4,2015,90
Washington,Native American or Alaska Native,score_3,2025,115
Washington,Native American or Alaska Native,score_3,2024,83
Washington,Native American or Alaska Native,score_3,2020,121
Washington,Native American or Alaska Native,score_3,2015,173
Washington,Native American or Alaska Native,score_2,2025,88
Washington,Native American or Alaska Native,score_2,2024,96
Washington,Native American or Alaska Native,score_2,2020,102
Washington,Native American or Alaska Native,score_2,2015,202
Washington,Native American or Alaska Native,score_1,2025,57
Washington,Native American or Alaska Native,score_1,2024,80
Washington,Native American or Alaska Native,score_1,2020,135
Washington,Native American or Alaska Native,score_1,2015,216
Washington,Native American or Alaska Native,total_exams,2025,337
Washington,Native American or Alaska Native,total_exams,2024,324
Washington,Native American or Alaska Native,total_exams,2020,436
Washington,Native American or Alaska Native,total_exams,2015,730
Washington,Native American or Alaska Native,mean_score,2025,2.69
Washington,Native American or Alaska Native,mean_score,2024,2.47
Washington,Native American or Alaska Native,mean_score,2020,2.37
Washington,Native American or Alaska Native,mean_score,2015,2.39
Washington,Native Hawaiian or other Pacific Islander,score_5,2025,18
Washington,Native Hawaiian or other Pacific Islander,score_5,2024,15
Washington,Native Hawaiian or other Pacific Islander,score_5,2020,24
Washington,Native Hawaiian or other Pacific Islander,score_5,2015,459
Washington,Native Hawaiian or other Pacific Islander,score_4,2025,58
Washington,Native Hawaiian or other Pacific Islander,score_4,2024,41
Washington,Native Hawaiian or other Pacific Islander,score_4,2020,42
Washington,Native Hawaiian or other Pacific Islander,score_4,2015,648
Washington,Native Hawaiian or other Pacific Islander,score_3,2025,131
Washington,Native Hawaiian or other Pacific Islander,score_3,2024,100
Washington,Native Hawaiian or other Pacific Islander,score_3,2020,95
Washington,Native Hawaiian or other Pacific Islander,score_3,2015,776
Washington,Native Hawaiian or other Pacific Islander,score_2,2025,163
Washington,Native Hawaiian or other Pacific Islander,score_2,2024,125
Washington,Native Hawaiian or other Pacific Islander,score_2,2020,107
Washington,Native Hawaiian or other Pacific Islander,score_2,2015,628
Washington,Native Hawaiian or other Pacific Islander,score_1,2025,166
Washington,Native Hawaiian or other Pacific Islander,score_1,2024,205
Washington,Native Hawaiian or other Pacific Islander,score_1,2020,125
Washington,Native Hawaiian or other Pacific Islander,score_1,2015,531
Washington,Native Hawaiian or other Pacific Islander,total_exams,2025,536
Washington,Native Hawaiian or other Pacific Islander,total_exams,2024,486
Washington,Native Hawaiian or other Pacific Islander,total_exams,2020,393
Washington,Native Hawaiian or other Pacific Islander,total_exams,2015,3042
Washington,Native Hawaiian or other Pacific Islander,mean_score,2025,2.25
Washington,Native Hawaiian or other Pacific Islander,mean_score,2024,2.05
Washington,Native Hawaiian or other Pacific Islander,mean_score,2020,2.32
Washington,Native Hawaiian or other Pacific Islander,mean_score,2015,2.96
Washington,Two or More Races,score_5,2025,1705
Washington,Two or More Races,score_5,2024,1621
Washington,Two or More Races,score_5,2020,1084
Washington,Two or More Races,score_4,2025,2641
Washington,Two or More Races,score_4,2024,2296
Washington,Two or More Races,score_4,2020,1513
Washington,Two or More Races,score_3,2025,2313
Washington,Two or More Races,score_3,2024,2019
Washington,Two or More Races,score_3,2020,1732
Washington,Two or More Races,score_2,2025,1484
Washington,Two or More Races,score_2,2024,1485
Washington,Two or More Races,score_2,2020,1366
Washington,Two or More Races,score_1,2025,609
Washington,Two or More Races,score_1,2024,904
Washington,Two or More Races,score_1,2020,853
Washington,Two or More Races,total_exams,2025,8752
Washington,Two or More Races,total_exams,2024,8325
Washington,Two or More Races,total_exams,2020,6548
Washington,Two or More Races,mean_score,2025,3.38
Washington,Two or More Races,mean_score,2024,3.27
Washington,Two or More Races,mean_score,2020,3.09
Washington,No Response,total_exams,2025,4885
Washington,No Response,total_exams,2024,3519
Washington,No Response,total_exams,2020,3307
Washington,No Response,total_exams,2015,2846
West Virginia,Overall,score_5,2025,1062
West Virginia,Overall,score_5,2024,1055
West Virginia,Overall,score_5,2020,832
West Virginia,Overall,score_5,2015,733
West Virginia,Overall,score_4,2025,2263
West Virginia,Overall,score_4,2024,2072
West Virginia,Overall,score_4,2020,1528
West Virginia,Overall,score_4,2015,1529
West Virginia,Overall,score_3,2025,2718
West Virginia,Overall,score_3,2024,2552
West Virginia,Overall,score_3,2020,2707
West Virginia,Overall,score_3,2015,2740
West Virginia,Overall,score_2,2025,2228
West Virginia,Overall,score_2,2024,2483
West Virginia,Overall,score_2,2020,2822
West Virginia,Overall,score_2,2015,3439
West Virginia,Overall,score_1,2025,1124
West Virginia,Overall,score_1,2024,1512
West Virginia,Overall,score_1,2020,2513
West Virginia,Overall,score_1,2015,3550
West Virginia,Overall,total_exams,2025,9395
West Virginia,Overall,total_exams,2024,9674
West Virginia,Overall,total_exams,2020,10402
West Virginia,Overall,total_exams,2015,11991
West Virginia,Overall,mean_score,2025,2.99
West Virginia,Overall,mean_score,2024,2.86
West Virginia,Overall,mean_score,2020,2.55
West Virginia,Overall,mean_score,2015,2.37
West Virginia,Asian,score_5,2025,167
West Virginia,Asian,score_5,2024,195
West Virginia,Asian,score_5,2020,103
West Virginia,Asian,score_5,2015,127
West Virginia,Asian,score_4,2025,170
West Virginia,Asian,score_4,2024,201
West Virginia,Asian,score_4,2020,99
West Virginia,Asian,score_4,2015,117
West Virginia,Asian,score_3,2025,126
West Virginia,Asian,score_3,2024,117
West Virginia,Asian,score_3,2020,114
West Virginia,Asian,score_3,2015,138
West Virginia,Asian,score_2,2025,70
West Virginia,Asian,score_2,2024,82
West Virginia,Asian,score_2,2020,89
West Virginia,Asian,score_2,2015,92
West Virginia,Asian,score_1,2025,33
West Virginia,Asian,score_1,2024,37
West Virginia,Asian,score_1,2020,52
West Virginia,Asian,score_1,2015,57
West Virginia,Asian,total_exams,2025,566
West Virginia,Asian,total_exams,2024,632
West Virginia,Asian,total_exams,2020,457
West Virginia,Asian,total_exams,2015,531
West Virginia,Asian,mean_score,2025,3.65
West Virginia,Asian,mean_score,2024,3.69
West Virginia,Asian,mean_score,2020,3.25
West Virginia,Asian,mean_score,2015,3.31
West Virginia,Hispanic/Latino,score_5,2025,42
West Virginia,Hispanic/Latino,score_5,2024,41
West Virginia,Hispanic/Latino,score_5,2020,16
West Virginia,Hispanic/Latino,score_5,2015,15
West Virginia,Hispanic/Latino,score_4,2025,100
West Virginia,Hispanic/Latino,score_4,2024,78
West Virginia,Hispanic/Latino,score_4,2020,46
West Virginia,Hispanic/Latino,score_4,2015,22
West Virginia,Hispanic/Latino,score_3,2025,128
West Virginia,Hispanic/Latino,score_3,2024,90
West Virginia,Hispanic/Latino,score_3,2020,66
West Virginia,Hispanic/Latino,score_3,2015,52
West Virginia,Hispanic/Latino,score_2,2025,72
West Virginia,Hispanic/Latino,score_2,2024,91
West Virginia,Hispanic/Latino,score_2,2020,68
West Virginia,Hispanic/Latino,score_2,2015,67
West Virginia,Hispanic/Latino,score_1,2025,64
West Virginia,Hispanic/Latino,score_1,2024,68
West Virginia,Hispanic/Latino,score_1,2020,62
West Virginia,Hispanic/Latino,score_1,2015,39
West Virginia,Hispanic/Latino,total_exams,2025,406
West Virginia,Hispanic/Latino,total_exams,2024,368
West Virginia,Hispanic/Latino,total_exams,2020,258
West Virginia,Hispanic/Latino,total_exams,2015,195
West Virginia,Hispanic/Latino,mean_score,2025,2.96
West Virginia,Hispanic/Latino,mean_score,2024,2.82
West Virginia,Hispanic/Latino,mean_score,2020,2.56
West Virginia,Hispanic/Latino,mean_score,2015,2.52
West Virginia,White,score_5,2025,778
West Virginia,White,score_5,2024,759
West Virginia,White,score_5,2020,655
West Virginia,White,score_5,2015,538
West Virginia,White,score_4,2025,1789
West Virginia,White,score_4,2024,1631
West Virginia,White,score_4,2020,1301
West Virginia,White,score_4,2015,1285
West Virginia,White,score_3,2025,2177
West Virginia,White,score_3,2024,2138
West Virginia,White,score_3,2020,2366
West Virginia,White,score_3,2015,2368
West Virginia,White,score_2,2025,1861
West Virginia,White,score_2,2024,2073
West Virginia,White,score_2,2020,2474
West Virginia,White,score_2,2015,3074
West Virginia,White,score_1,2025,901
West Virginia,White,score_1,2024,1249
West Virginia,White,score_1,2020,2206
West Virginia,White,score_1,2015,3207
West Virginia,White,total_exams,2025,7506
West Virginia,White,total_exams,2024,7850
West Virginia,White,total_exams,2020,9002
West Virginia,White,total_exams,2015,10472
West Virginia,White,mean_score,2025,2.96
West Virginia,White,mean_score,2024,2.82
West Virginia,White,mean_score,2020,2.53
West Virginia,White,mean_score,2015,2.32
West Virginia,Black or African American,score_5,2025,11
West Virginia,Black or African American,score_5,2024,12
West Virginia,Black or African American,score_5,2020,**
West Virginia,Black or African American,score_5,2015,13
West Virginia,Black or African American,score_4,2025,47
West Virginia,Black or African American,score_4,2024,37
West Virginia,Black or African American,score_4,2020,**
West Virginia,Black or African American,score_4,2015,21
West Virginia,Black or African American,score_3,2025,58
West Virginia,Black or African American,score_3,2024,58
West Virginia,Black or African American,score_3,2020,**
West Virginia,Black or African American,score_3,2015,45
West Virginia,Black or African American,score_2,2025,54
West Virginia,Black or African American,score_2,2024,74
West Virginia,Black or African American,score_2,2020,**
West Virginia,Black or African American,score_2,2015,65
West Virginia,Black or African American,score_1,2025,52
West Virginia,Black or African American,score_1,2024,67
West Virginia,Black or African American,score_1,2020,**
West Virginia,Black or African American,score_1,2015,94
West Virginia,Black or African American,total_exams,2025,222
West Virginia,Black or African American,total_exams,2024,248
West Virginia,Black or African American,total_exams,2020,176
West Virginia,Black or African American,total_exams,2015,238
West Virginia,Black or African American,mean_score,2025,2.6
West Virginia,Black or African American,mean_score,2024,2.41
West Virginia,Black or African American,mean_score,2020,2.15
West Virginia,Black or African American,mean_score,2015,2.13
West Virginia,Native American or Alaska Native,score_5,2025,**
West Virginia,Native American or Alaska Native,score_5,2024,**
West Virginia,Native American or Alaska Native,score_5,2020,**
West Virginia,Native American or Alaska Native,score_5,2015,**
West Virginia,Native American or Alaska Native,score_4,2025,**
West Virginia,Native American or Alaska Native,score_4,2024,**
West Virginia,Native American or Alaska Native,score_4,2020,**
West Virginia,Native American or Alaska Native,score_4,2015,**
West Virginia,Native American or Alaska Native,score_3,2025,**
West Virginia,Native American or Alaska Native,score_3,2024,**
West Virginia,Native American or Alaska Native,score_3,2020,**
West Virginia,Native American or Alaska Native,score_3,2015,**
West Virginia,Native American or Alaska Native,score_2,2025,**
West Virginia,Native American or Alaska Native,score_2,2024,**
West Virginia,Native American or Alaska Native,score_2,2020,**
West Virginia,Native American or Alaska Native,score_2,2015,**
West Virginia,Native American or Alaska Native,score_1,2025,**
West Virginia,Native American or Alaska Native,score_1,2024,**
West Virginia,Native American or Alaska Native,score_1,2020,**
West Virginia,Native American or Alaska Native,score_1,2015,**
West Virginia,Native American or Alaska Native,total_exams,2025,41
West Virginia,Native American or Alaska Native,total_exams,2024,50
West Virginia,Native American or Alaska Native,total_exams,2020,41
West Virginia,Native American or Alaska Native,total_exams,2015,32
West Virginia,Native American or Alaska Native,mean_score,2025,2.39
West Virginia,Native American or Alaska Native,mean_score,2024,2.5
West Virginia,Native American or Alaska Native,mean_score,2020,1.85
West Virginia,Native American or Alaska Native,mean_score,2015,2.53
West Virginia,Native Hawaiian or other Pacific Islander,score_5,2025,**
West Virginia,Native Hawaiian or other Pacific Islander,score_5,2024,**
West Virginia,Native Hawaiian or other Pacific Islander,score_5,2020,**
West Virginia,Native Hawaiian or other Pacific Islander,score_5,2015,32
West Virginia,Native Hawaiian or other Pacific Islander,score_4,2025,**
West Virginia,Native Hawaiian or other Pacific Islander,score_4,2024,**
West Virginia,Native Hawaiian or other Pacific Islander,score_4,2020,**
West Virginia,Native Hawaiian or other Pacific Islander,score_4,2015,58
West Virginia,Native Hawaiian or other Pacific Islander,score_3,2025,**
West Virginia,Native Hawaiian or other Pacific Islander,score_3,2024,**
West Virginia,Native Hawaiian or other Pacific Islander,score_3,2020,**
West Virginia,Native Hawaiian or other Pacific Islander,score_3,2015,80
West Virginia,Native Hawaiian or other Pacific Islander,score_2,2025,**
West Virginia,Native Hawaiian or other Pacific Islander,score_2,2024,**
West Virginia,Native Hawaiian or other Pacific Islander,score_2,2020,**
West Virginia,Native Hawaiian or other Pacific Islander,score_2,2015,57
West Virginia,Native Hawaiian or other Pacific Islander,score_1,2025,**
West Virginia,Native Hawaiian or other Pacific Islander,score_1,2024,**
West Virginia,Native Hawaiian or other Pacific Islander,score_1,2020,**
West Virginia,Native Hawaiian or other Pacific Islander,score_1,2015,49
West Virginia,Native Hawaiian or other Pacific Islander,total_exams,2025,**
West Virginia,Native Hawaiian or other Pacific Islander,total_exams,2024,**
West Virginia,Native Hawaiian or other Pacific Islander,total_exams,2020,**
West Virginia,Native Hawaiian or other Pacific Islander,total_exams,2015,276
West Virginia,Native Hawaiian or other Pacific Islander,mean_score,2025,**
West Virginia,Native Hawaiian or other Pacific Islander,mean_score,2024,**
West Virginia,Native Hawaiian or other Pacific Islander,mean_score,2020,**
West Virginia,Native Hawaiian or other Pacific Islander,mean_score,2015,2.88
West Virginia,Two or More Races,score_5,2025,41
West Virginia,Two or More Races,score_5,2024,32
West Virginia,Two or More Races,score_5,2020,40
West Virginia,Two or More Races,score_4,2025,102
West Virginia,Two or More Races,score_4,2024,89
West Virginia,Two or More Races,score_4,2020,47
West Virginia,Two or More Races,score_3,2025,141
West Virginia,Two or More Races,score_3,2024,96
West Virginia,Two or More Races,score_3,2020,76
West Virginia,Two or More Races,score_2,2025,110
West Virginia,Two or More Races,score_2,2024,110
West Virginia,Two or More Races,score_2,2020,89
West Virginia,Two or More Races,score_1,2025,43
West Virginia,Two or More Races,score_1,2024,50
West Virginia,Two or More Races,score_1,2020,86
West Virginia,Two or More Races,total_exams,2025,437
West Virginia,Two or More Races,total_exams,2024,377
West Virginia,Two or More Races,total_exams,2020,338
West Virginia,Two or More Races,mean_score,2025,2.97
West Virginia,Two or More Races,mean_score,2024,2.85
West Virginia,Two or More Races,mean_score,2020,2.6
West Virginia,No Response,total_exams,2025,215
West Virginia,No Response,total_exams,2024,141
West Virginia,No Response,total_exams,2020,129
West Virginia,No Response,total_exams,2015,247
Wisconsin,Overall,score_5,2025,14586
Wisconsin,Overall,score_5,2024,12867
Wisconsin,Overall,score_5,2020,10324
Wisconsin,Overall,score_5,2015,8850
Wisconsin,Overall,score_4,2025,26184
Wisconsin,Overall,score_4,2024,22110
Wisconsin,Overall,score_4,2020,16307
Wisconsin,Overall,score_4,2015,15046
Wisconsin,Overall,score_3,2025,24799
Wisconsin,Overall,score_3,2024,22016
Wisconsin,Overall,score_3,2020,20304
Wisconsin,Overall,score_3,2015,19031
Wisconsin,Overall,score_2,2025,13965
Wisconsin,Overall,score_2,2024,15012
Wisconsin,Overall,score_2,2020,14790
Wisconsin,Overall,score_2,2015,13633
Wisconsin,Overall,score_1,2025,4566
Wisconsin,Overall,score_1,2024,7334
Wisconsin,Overall,score_1,2020,8785
Wisconsin,Overall,score_1,2015,7850
Wisconsin,Overall,total_exams,2025,84100
Wisconsin,Overall,total_exams,2024,79339
Wisconsin,Overall,total_exams,2020,70510
Wisconsin,Overall,total_exams,2015,64410
Wisconsin,Overall,mean_score,2025,3.38
Wisconsin,Overall,mean_score,2024,3.23
Wisconsin,Overall,mean_score,2020,3.07
Wisconsin,Overall,mean_score,2015,3.05
Wisconsin,Asian,score_5,2025,1666
Wisconsin,Asian,score_5,2024,1443
Wisconsin,Asian,score_5,2020,1042
Wisconsin,Asian,score_5,2015,722
Wisconsin,Asian,score_4,2025,1869
Wisconsin,Asian,score_4,2024,1653
Wisconsin,Asian,score_4,2020,1054
Wisconsin,Asian,score_4,2015,895
Wisconsin,Asian,score_3,2025,1570
Wisconsin,Asian,score_3,2024,1333
Wisconsin,Asian,score_3,2020,1095
Wisconsin,Asian,score_3,2015,944
Wisconsin,Asian,score_2,2025,971
Wisconsin,Asian,score_2,2024,1023
Wisconsin,Asian,score_2,2020,776
Wisconsin,Asian,score_2,2015,699
Wisconsin,Asian,score_1,2025,360
Wisconsin,Asian,score_1,2024,523
Wisconsin,Asian,score_1,2020,553
Wisconsin,Asian,score_1,2015,550
Wisconsin,Asian,total_exams,2025,6436
Wisconsin,Asian,total_exams,2024,5975
Wisconsin,Asian,total_exams,2020,4520
Wisconsin,Asian,total_exams,2015,3810
Wisconsin,Asian,mean_score,2025,3.55
Wisconsin,Asian,mean_score,2024,3.41
Wisconsin,Asian,mean_score,2020,3.28
Wisconsin,Asian,mean_score,2015,3.14
Wisconsin,Hispanic/Latino,score_5,2025,755
Wisconsin,Hispanic/Latino,score_5,2024,656
Wisconsin,Hispanic/Latino,score_5,2020,509
Wisconsin,Hispanic/Latino,score_5,2015,255
Wisconsin,Hispanic/Latino,score_4,2025,1774
Wisconsin,Hispanic/Latino,score_4,2024,1383
Wisconsin,Hispanic/Latino,score_4,2020,875
Wisconsin,Hispanic/Latino,score_4,2015,470
Wisconsin,Hispanic/Latino,score_3,2025,2256
Wisconsin,Hispanic/Latino,score_3,2024,1854
Wisconsin,Hispanic/Latino,score_3,2020,1251
Wisconsin,Hispanic/Latino,score_3,2015,734
Wisconsin,Hispanic/Latino,score_2,2025,1667
Wisconsin,Hispanic/Latino,score_2,2024,1693
Wisconsin,Hispanic/Latino,score_2,2020,1129
Wisconsin,Hispanic/Latino,score_2,2015,678
Wisconsin,Hispanic/Latino,score_1,2025,969
Wisconsin,Hispanic/Latino,score_1,2024,1487
Wisconsin,Hispanic/Latino,score_1,2020,1040
Wisconsin,Hispanic/Latino,score_1,2015,682
Wisconsin,Hispanic/Latino,total_exams,2025,7421
Wisconsin,Hispanic/Latino,total_exams,2024,7073
Wisconsin,Hispanic/Latino,total_exams,2020,4804
Wisconsin,Hispanic/Latino,total_exams,2015,2819
Wisconsin,Hispanic/Latino,mean_score,2025,2.96
Wisconsin,Hispanic/Latino,mean_score,2024,2.72
Wisconsin,Hispanic/Latino,mean_score,2020,2.73
Wisconsin,Hispanic/Latino,mean_score,2015,2.62
Wisconsin,White,score_5,2025,10685
Wisconsin,White,score_5,2024,9613
Wisconsin,White,score_5,2020,8035
Wisconsin,White,score_5,2015,7545
Wisconsin,White,score_4,2025,20083
Wisconsin,White,score_4,2024,17286
Wisconsin,White,score_4,2020,13154
Wisconsin,White,score_4,2015,13089
Wisconsin,White,score_3,2025,18366
Wisconsin,White,score_3,2024,16893
Wisconsin,White,score_3,2020,16342
Wisconsin,White,score_3,2015,16373
Wisconsin,White,score_2,2025,9485
Wisconsin,White,score_2,2024,10732
Wisconsin,White,score_2,2020,11520
Wisconsin,White,score_2,2015,11277
Wisconsin,White,score_1,2025,2359
Wisconsin,White,score_1,2024,4044
Wisconsin,White,score_1,2020,6056
Wisconsin,White,score_1,2015,5346
Wisconsin,White,total_exams,2025,60978
Wisconsin,White,total_exams,2024,58568
Wisconsin,White,total_exams,2020,55107
Wisconsin,White,total_exams,2015,53630
Wisconsin,White,mean_score,2025,3.45
Wisconsin,White,mean_score,2024,3.3
Wisconsin,White,mean_score,2020,3.1
Wisconsin,White,mean_score,2015,3.12
Wisconsin,Black or African American,score_5,2025,132
Wisconsin,Black or African American,score_5,2024,134
Wisconsin,Black or African American,score_5,2020,55
Wisconsin,Black or African American,score_5,2015,63
Wisconsin,Black or African American,score_4,2025,392
Wisconsin,Black or African American,score_4,2024,269
Wisconsin,Black or African American,score_4,2020,112
Wisconsin,Black or African American,score_4,2015,133
Wisconsin,Black or African American,score_3,2025,605
Wisconsin,Black or African American,score_3,2024,423
Wisconsin,Black or African American,score_3,2020,215
Wisconsin,Black or African American,score_3,2015,296
Wisconsin,Black or African American,score_2,2025,596
Wisconsin,Black or African American,score_2,2024,482
Wisconsin,Black or African American,score_2,2020,313
Wisconsin,Black or African American,score_2,2015,433
Wisconsin,Black or African American,score_1,2025,475
Wisconsin,Black or African American,score_1,2024,677
Wisconsin,Black or African American,score_1,2020,390
Wisconsin,Black or African American,score_1,2015,871
Wisconsin,Black or African American,total_exams,2025,2200
Wisconsin,Black or African American,total_exams,2024,1985
Wisconsin,Black or African American,total_exams,2020,1085
Wisconsin,Black or African American,total_exams,2015,1796
Wisconsin,Black or African American,mean_score,2025,2.6
Wisconsin,Black or African American,mean_score,2024,2.35
Wisconsin,Black or African American,mean_score,2020,2.2
Wisconsin,Black or African American,mean_score,2015,1.93
Wisconsin,Native American or Alaska Native,score_5,2025,14
Wisconsin,Native American or Alaska Native,score_5,2024,13
Wisconsin,Native American or Alaska Native,score_5,2020,31
Wisconsin,Native American or Alaska Native,score_5,2015,22
Wisconsin,Native American or Alaska Native,score_4,2025,46
Wisconsin,Native American or Alaska Native,score_4,2024,58
Wisconsin,Native American or Alaska Native,score_4,2020,60
Wisconsin,Native American or Alaska Native,score_4,2015,49
Wisconsin,Native American or Alaska Native,score_3,2025,73
Wisconsin,Native American or Alaska Native,score_3,2024,80
Wisconsin,Native American or Alaska Native,score_3,2020,91
Wisconsin,Native American or Alaska Native,score_3,2015,80
Wisconsin,Native American or Alaska Native,score_2,2025,72
Wisconsin,Native American or Alaska Native,score_2,2024,59
Wisconsin,Native American or Alaska Native,score_2,2020,108
Wisconsin,Native American or Alaska Native,score_2,2015,67
Wisconsin,Native American or Alaska Native,score_1,2025,14
Wisconsin,Native American or Alaska Native,score_1,2024,42
Wisconsin,Native American or Alaska Native,score_1,2020,86
Wisconsin,Native American or Alaska Native,score_1,2015,54
Wisconsin,Native American or Alaska Native,total_exams,2025,219
Wisconsin,Native American or Alaska Native,total_exams,2024,252
Wisconsin,Native American or Alaska Native,total_exams,2020,376
Wisconsin,Native American or Alaska Native,total_exams,2015,272
Wisconsin,Native American or Alaska Native,mean_score,2025,2.88
Wisconsin,Native American or Alaska Native,mean_score,2024,2.77
Wisconsin,Native American or Alaska Native,mean_score,2020,2.58
Wisconsin,Native American or Alaska Native,mean_score,2015,2.7
Wisconsin,Native Hawaiian or other Pacific Islander,score_5,2025,**
Wisconsin,Native Hawaiian or other Pacific Islander,score_5,2024,**
Wisconsin,Native Hawaiian or other Pacific Islander,score_5,2020,**
Wisconsin,Native Hawaiian or other Pacific Islander,score_5,2015,144
Wisconsin,Native Hawaiian or other Pacific Islander,score_4,2025,**
Wisconsin,Native Hawaiian or other Pacific Islander,score_4,2024,**
Wisconsin,Native Hawaiian or other Pacific Islander,score_4,2020,**
Wisconsin,Native Hawaiian or other Pacific Islander,score_4,2015,232
Wisconsin,Native Hawaiian or other Pacific Islander,score_3,2025,**
Wisconsin,Native Hawaiian or other Pacific Islander,score_3,2024,**
Wisconsin,Native Hawaiian or other Pacific Islander,score_3,2020,**
Wisconsin,Native Hawaiian or other Pacific Islander,score_3,2015,265
Wisconsin,Native Hawaiian or other Pacific Islander,score_2,2025,**
Wisconsin,Native Hawaiian or other Pacific Islander,score_2,2024,**
Wisconsin,Native Hawaiian or other Pacific Islander,score_2,2020,**
Wisconsin,Native Hawaiian or other Pacific Islander,score_2,2015,162
Wisconsin,Native Hawaiian or other Pacific Islander,score_1,2025,**
Wisconsin,Native Hawaiian or other Pacific Islander,score_1,2024,**
Wisconsin,Native Hawaiian or other Pacific Islander,score_1,2020,**
Wisconsin,Native Hawaiian or other Pacific Islander,score_1,2015,110
Wisconsin,Native Hawaiian or other Pacific Islander,total_exams,2025,56
Wisconsin,Native Hawaiian or other Pacific Islander,total_exams,2024,50
Wisconsin,Native Hawaiian or other Pacific Islander,total_exams,2020,41
Wisconsin,Native Hawaiian or other Pacific Islander,total_exams,2015,913
Wisconsin,Native Hawaiian or other Pacific Islander,mean_score,2025,3.18
Wisconsin,Native Hawaiian or other Pacific Islander,mean_score,2024,3.06
Wisconsin,Native Hawaiian or other Pacific Islander,mean_score,2020,3.17
Wisconsin,Native Hawaiian or other Pacific Islander,mean_score,2015,3.15
Wisconsin,Two or More Races,score_5,2025,612
Wisconsin,Two or More Races,score_5,2024,598
Wisconsin,Two or More Races,score_5,2020,408
Wisconsin,Two or More Races,score_4,2025,950
Wisconsin,Two or More Races,score_4,2024,790
Wisconsin,Two or More Races,score_4,2020,626
Wisconsin,Two or More Races,score_3,2025,923
Wisconsin,Two or More Races,score_3,2024,759
Wisconsin,Two or More Races,score_3,2020,803
Wisconsin,Two or More Races,score_2,2025,548
Wisconsin,Two or More Races,score_2,2024,585
Wisconsin,Two or More Races,score_2,2020,575
Wisconsin,Two or More Races,score_1,2025,197
Wisconsin,Two or More Races,score_1,2024,317
Wisconsin,Two or More Races,score_1,2020,371
Wisconsin,Two or More Races,total_exams,2025,3230
Wisconsin,Two or More Races,total_exams,2024,3049
Wisconsin,Two or More Races,total_exams,2020,2783
Wisconsin,Two or More Races,mean_score,2025,3.38
Wisconsin,Two or More Races,mean_score,2024,3.25
Wisconsin,Two or More Races,mean_score,2020,3.04
Wisconsin,No Response,total_exams,2025,3560
Wisconsin,No Response,total_exams,2024,2387
Wisconsin,No Response,total_exams,2020,1794
Wisconsin,No Response,total_exams,2015,1170
Wyoming,Overall,score_5,2025,521
Wyoming,Overall,score_5,2024,436
Wyoming,Overall,score_5,2020,337
Wyoming,Overall,score_5,2015,208
Wyoming,Overall,score_4,2025,947
Wyoming,Overall,score_4,2024,916
Wyoming,Overall,score_4,2020,571
Wyoming,Overall,score_4,2015,477
Wyoming,Overall,score_3,2025,1066
Wyoming,Overall,score_3,2024,988
Wyoming,Overall,score_3,2020,936
Wyoming,Overall,score_3,2015,796
Wyoming,Overall,score_2,2025,621
Wyoming,Overall,score_2,2024,730
Wyoming,Overall,score_2,2020,845
Wyoming,Overall,score_2,2015,789
Wyoming,Overall,score_1,2025,187
Wyoming,Overall,score_1,2024,333
Wyoming,Overall,score_1,2020,580
Wyoming,Overall,score_1,2015,457
Wyoming,Overall,total_exams,2025,3342
Wyoming,Overall,total_exams,2024,3403
Wyoming,Overall,total_exams,2020,3269
Wyoming,Overall,total_exams,2015,2727
Wyoming,Overall,mean_score,2025,3.3
Wyoming,Overall,mean_score,2024,3.12
Wyoming,Overall,mean_score,2020,2.77
Wyoming,Overall,mean_score,2015,2.7
Wyoming,Asian,score_5,2025,**
Wyoming,Asian,score_5,2024,**
Wyoming,Asian,score_5,2020,**
Wyoming,Asian,score_5,2015,10
Wyoming,Asian,score_4,2025,**
Wyoming,Asian,score_4,2024,**
Wyoming,Asian,score_4,2020,**
Wyoming,Asian,score_4,2015,15
Wyoming,Asian,score_3,2025,**
Wyoming,Asian,score_3,2024,**
Wyoming,Asian,score_3,2020,**
Wyoming,Asian,score_3,2015,28
Wyoming,Asian,score_2,2025,**
Wyoming,Asian,score_2,2024,**
Wyoming,Asian,score_2,2020,**
Wyoming,Asian,score_2,2015,22
Wyoming,Asian,score_1,2025,**
Wyoming,Asian,score_1,2024,**
Wyoming,Asian,score_1,2020,**
Wyoming,Asian,score_1,2015,17
Wyoming,Asian,total_exams,2025,64
Wyoming,Asian,total_exams,2024,74
Wyoming,Asian,total_exams,2020,86
Wyoming,Asian,total_exams,2015,92
Wyoming,Asian,mean_score,2025,3.64
Wyoming,Asian,mean_score,2024,3.54
Wyoming,Asian,mean_score,2020,3.45
Wyoming,Asian,mean_score,2015,2.77
Wyoming,Hispanic/Latino,score_5,2025,41
Wyoming,Hispanic/Latino,score_5,2024,40
Wyoming,Hispanic/Latino,score_5,2020,41
Wyoming,Hispanic/Latino,score_5,2015,**
Wyoming,Hispanic/Latino,score_4,2025,96
Wyoming,Hispanic/Latino,score_4,2024,87
Wyoming,Hispanic/Latino,score_4,2020,62
Wyoming,Hispanic/Latino,score_4,2015,**
Wyoming,Hispanic/Latino,score_3,2025,163
Wyoming,Hispanic/Latino,score_3,2024,119
Wyoming,Hispanic/Latino,score_3,2020,106
Wyoming,Hispanic/Latino,score_3,2015,**
Wyoming,Hispanic/Latino,score_2,2025,101
Wyoming,Hispanic/Latino,score_2,2024,99
Wyoming,Hispanic/Latino,score_2,2020,81
Wyoming,Hispanic/Latino,score_2,2015,**
Wyoming,Hispanic/Latino,score_1,2025,40
Wyoming,Hispanic/Latino,score_1,2024,60
Wyoming,Hispanic/Latino,score_1,2020,70
Wyoming,Hispanic/Latino,score_1,2015,**
Wyoming,Hispanic/Latino,total_exams,2025,441
Wyoming,Hispanic/Latino,total_exams,2024,405
Wyoming,Hispanic/Latino,total_exams,2020,360
Wyoming,Hispanic/Latino,total_exams,2015,201
Wyoming,Hispanic/Latino,mean_score,2025,2.99
Wyoming,Hispanic/Latino,mean_score,2024,2.87
Wyoming,Hispanic/Latino,mean_score,2020,2.79
Wyoming,Hispanic/Latino,mean_score,2015,2.28
Wyoming,White,score_5,2025,413
Wyoming,White,score_5,2024,352
Wyoming,White,score_5,2020,253
Wyoming,White,score_5,2015,187
Wyoming,White,score_4,2025,731
Wyoming,White,score_4,2024,720
Wyoming,White,score_4,2020,459
Wyoming,White,score_4,2015,414
Wyoming,White,score_3,2025,777
Wyoming,White,score_3,2024,764
Wyoming,White,score_3,2020,726
Wyoming,White,score_3,2015,672
Wyoming,White,score_2,2025,438
Wyoming,White,score_2,2024,554
Wyoming,White,score_2,2020,675
Wyoming,White,score_2,2015,658
Wyoming,White,score_1,2025,114
Wyoming,White,score_1,2024,219
Wyoming,White,score_1,2020,428
Wyoming,White,score_1,2015,346
Wyoming,White,total_exams,2025,2473
Wyoming,White,total_exams,2024,2609
Wyoming,White,total_exams,2020,2541
Wyoming,White,total_exams,2015,2277
Wyoming,White,mean_score,2025,3.36
Wyoming,White,mean_score,2024,3.17
Wyoming,White,mean_score,2020,2.78
Wyoming,White,mean_score,2015,2.75
Wyoming,Black or African American,score_5,2025,**
Wyoming,Black or African American,score_5,2024,**
Wyoming,Black or African American,score_5,2020,**
Wyoming,Black or African American,score_5,2015,**
Wyoming,Black or African American,score_4,2025,**
Wyoming,Black or African American,score_4,2024,**
Wyoming,Black or African American,score_4,2020,**
Wyoming,Black or African American,score_4,2015,**
Wyoming,Black or African American,score_3,2025,**
Wyoming,Black or African American,score_3,2024,**
Wyoming,Black or African American,score_3,2020,**
Wyoming,Black or African American,score_3,2015,**
Wyoming,Black or African American,score_2,2025,**
Wyoming,Black or African American,score_2,2024,**
Wyoming,Black or African American,score_2,2020,**
Wyoming,Black or African American,score_2,2015,**
Wyoming,Black or African American,score_1,2025,**
Wyoming,Black or African American,score_1,2024,**
Wyoming,Black or African American,score_1,2020,**
Wyoming,Black or African American,score_1,2015,**
Wyoming,Black or African American,total_exams,2025,35
Wyoming,Black or African American,total_exams,2024,19
Wyoming,Black or African American,total_exams,2020,15
Wyoming,Black or African American,total_exams,2015,11
Wyoming,Black or African American,mean_score,2025,3.11
Wyoming,Black or African American,mean_score,2024,2.79
Wyoming,Black or African American,mean_score,2020,2.13
Wyoming,Black or African American,mean_score,2015,2.09
Wyoming,Native American or Alaska Native,score_5,2025,**
Wyoming,Native American or Alaska Native,score_5,2024,**
Wyoming,Native American or Alaska Native,score_5,2020,**
Wyoming,Native American or Alaska Native,score_5,2015,**
Wyoming,Native American or Alaska Native,score_4,2025,**
Wyoming,Native American or Alaska Native,score_4,2024,**
Wyoming,Native American or Alaska Native,score_4,2020,**
Wyoming,Native American or Alaska Native,score_4,2015,**
Wyoming,Native American or Alaska Native,score_3,2025,**
Wyoming,Native American or Alaska Native,score_3,2024,**
Wyoming,Native American or Alaska Native,score_3,2020,**
Wyoming,Native American or Alaska Native,score_3,2015,**
Wyoming,Native American or Alaska Native,score_2,2025,**
Wyoming,Native American or Alaska Native,score_2,2024,**
Wyoming,Native American or Alaska Native,score_2,2020,**
Wyoming,Native American or Alaska Native,score_2,2015,**
Wyoming,Native American or Alaska Native,score_1,2025,**
Wyoming,Native American or Alaska Native,score_1,2024,**
Wyoming,Native American or Alaska Native,score_1,2020,**
Wyoming,Native American or Alaska Native,score_1,2015,**
Wyoming,Native American or Alaska Native,total_exams,2025,28
Wyoming,Native American or Alaska Native,total_exams,2024,25
Wyoming,Native American or Alaska Native,total_exams,2020,32
Wyoming,Native American or Alaska Native,total_exams,2015,13
Wyoming,Native American or Alaska Native,mean_score,2025,2.39
Wyoming,Native American or Alaska Native,mean_score,2024,2.04
Wyoming,Native American or Alaska Native,mean_score,2020,1.88
Wyoming,Native American or Alaska Native,mean_score,2015,2.23
Wyoming,Native Hawaiian or other Pacific Islander,score_5,2025,**
Wyoming,Native Hawaiian or other Pacific Islander,score_5,2024,**
Wyoming,Native Hawaiian or other Pacific Islander,score_5,2020,**
Wyoming,Native Hawaiian or other Pacific Islander,score_5,2015,**
Wyoming,Native Hawaiian or other Pacific Islander,score_4,2025,**
Wyoming,Native Hawaiian or other Pacific Islander,score_4,2024,**
Wyoming,Native Hawaiian or other Pacific Islander,score_4,2020,**
Wyoming,Native Hawaiian or other Pacific Islander,score_4,2015,**
Wyoming,Native Hawaiian or other Pacific Islander,score_3,2025,**
Wyoming,Native Hawaiian or other Pacific Islander,score_3,2024,**
Wyoming,Native Hawaiian or other Pacific Islander,score_3,2020,**
Wyoming,Native Hawaiian or other Pacific Islander,score_3,2015,**
Wyoming,Native Hawaiian or other Pacific Islander,score_2,2025,**
Wyoming,Native Hawaiian or other Pacific Islander,score_2,2024,**
Wyoming,Native Hawaiian or other Pacific Islander,score_2,2020,**
Wyoming,Native Hawaiian or other Pacific Islander,score_2,2015,**
Wyoming,Native Hawaiian or other Pacific Islander,score_1,2025,**
Wyoming,Native Hawaiian or other Pacific Islander,score_1,2024,**
Wyoming,Native Hawaiian or other Pacific Islander,score_1,2020,**
Wyoming,Native Hawaiian or other Pacific Islander,score_1,2015,**
Wyoming,Native Hawaiian or other Pacific Islander,total_exams,2025,**
Wyoming,Native Hawaiian or other Pacific Islander,total_exams,2024,**
Wyoming,Native Hawaiian or other Pacific Islander,total_exams,2020,**
Wyoming,Native Hawaiian or other Pacific Islander,total_exams,2015,36
Wyoming,Native Hawaiian or other Pacific Islander,mean_score,2025,**
Wyoming,Native Hawaiian or other Pacific Islander,mean_score,2024,**
Wyoming,Native Hawaiian or other Pacific Islander,mean_score,2020,**
Wyoming,Native Hawaiian or other Pacific Islander,mean_score,2015,2.69
Wyoming,Two or More Races,score_5,2025,**
Wyoming,Two or More Races,score_5,2024,**
Wyoming,Two or More Races,score_5,2020,11
Wyoming,Two or More Races,score_4,2025,**
Wyoming,Two or More Races,score_4,2024,**
Wyoming,Two or More Races,score_4,2020,18
Wyoming,Two or More Races,score_3,2025,**
Wyoming,Two or More Races,score_3,2024,**
Wyoming,Two or More Races,score_3,2020,33
Wyoming,Two or More Races,score_2,2025,**
Wyoming,Two or More Races,score_2,2024,**
Wyoming,Two or More Races,score_2,2020,32
Wyoming,Two or More Races,score_1,2025,**
Wyoming,Two or More Races,score_1,2024,**
Wyoming,Two or More Races,score_1,2020,30
Wyoming,Two or More Races,total_exams,2025,115
Wyoming,Two or More Races,total_exams,2024,126
Wyoming,Two or More Races,total_exams,2020,124
Wyoming,Two or More Races,mean_score,2025,3.32
Wyoming,Two or More Races,mean_score,2024,3.3
Wyoming,Two or More Races,mean_score,2020,2.58
Wyoming,No Response,total_exams,2025,183
Wyoming,No Response,total_exams,2024,142
Wyoming,No Response,total_exams,2020,111
Wyoming,No Response,total_exams,2015,97
