rpopall_24,state,distid,name,stabrev,saepov5_17rv_24,rpop5_17v_24
35276,1,190,Alabaster City School District,AL,675,6592
23438,1,5,Albertville City School District,AL,1059,4884
16830,1,30,Alexander City City School District,AL,693,2685
8890,1,60,Andalusia City School District,AL,451,1508
21578,1,90,Anniston City School District,AL,1051,2937
8862,1,100,Arab City School District,AL,218,1582
29364,1,120,Athens City School District,AL,600,4467
5814,1,180,Attalla City School District,AL,295,985
82487,1,210,Auburn City School District,AL,1192,11073
61464,1,240,Autauga County School District,AL,1858,10617
235420,1,270,Baldwin County School District,AL,5334,38149
11918,1,300,Barbour County School District,AL,587,1362
25652,1,330,Bessemer City School District,AL,1455,4293
22258,1,360,Bibb County School District,AL,802,3193
197810,1,390,Birmingham City School District,AL,8612,26914
53104,1,420,Blount County School District,AL,1314,9110
10524,1,12,Boaz City School District,AL,385,2035
5258,1,450,Brewton City School District,AL,215,856
9901,1,480,Bullock County School District,AL,581,1496
18256,1,510,Butler County School District,AL,893,3027
54858,1,540,Calhoun County School District,AL,1841,9227
27035,1,600,Chambers County School District,AL,983,4057
26138,1,630,Cherokee County School District,AL,731,3551
6419,1,188,Chickasaw City School District,AL,325,1135
47262,1,660,Chilton County School District,AL,1691,8480
12052,1,690,Choctaw County School District,AL,456,1690
17208,1,720,Clarke County School District,AL,754,2705
14239,1,750,Clay County School District,AL,520,2164
15648,1,780,Cleburne County School District,AL,477,2708
21658,1,810,Coffee County School District,AL,501,3823
23088,1,840,Colbert County School District,AL,708,3452
11109,1,870,Conecuh County School District,AL,545,1636
10291,1,900,Coosa County School District,AL,325,1215
22055,1,930,Covington County School District,AL,777,3600
13114,1,960,Crenshaw County School District,AL,600,2176
18090,1,990,Cullman City School District,AL,447,2984
74483,1,1020,Cullman County School District,AL,2303,12374
15782,1,1050,Dale County School District,AL,563,2625
10860,1,1080,Daleville City School District,AL,454,1657
18937,1,1110,Dallas County School District,AL,1173,3099
57930,1,1140,DeKalb County School District,AL,2593,10170
59220,1,1170,Decatur City School District,AL,1887,9958
6861,1,1200,Demopolis City School District,AL,357,1223
72521,1,1230,Dothan City School District,AL,2807,11678
5026,1,1260,Elba City School District,AL,195,749
83255,1,1290,Elmore County School District,AL,1902,13321
30294,1,1320,Enterprise City School District,AL,925,5694
31372,1,1350,Escambia County School District,AL,1304,5240
62411,1,1380,Etowah County School District,AL,1819,10195
12440,1,1410,Eufaula City School District,AL,876,2324
9852,1,1440,Fairfield City School District,AL,522,1703
14620,1,1470,Fayette County School District,AL,538,2310
41891,1,1530,Florence City School District,AL,940,5351
15192,1,1560,Fort Payne City School District,AL,804,2774
4547,1,1,Fort Rucker School District,AL,21,855
21098,1,1590,Franklin County School District,AL,771,3648
33874,1,1620,Gadsden City School District,AL,1773,5389
6106,1,1640,Geneva City School District,AL,205,930
21153,1,1660,Geneva County School District,AL,813,3526
7127,1,1680,Greene County School District,AL,583,1097
17051,1,202,Gulf Shores City School District,AL,269,2002
8952,1,1690,Guntersville City School District,AL,247,1414
15116,1,1710,Hale County School District,AL,827,2666
8413,1,1720,Haleyville City School District,AL,324,1366
15032,1,1730,Hartselle City School District,AL,248,2823
18138,1,1740,Henry County School District,AL,529,2790
26023,1,1760,Homewood City School District,AL,252,4409
92358,1,7,Hoover City School District,AL,1018,15825
38396,1,1770,Houston County School District,AL,1245,6703
234659,1,1800,Huntsville City School District,AL,4625,32629
37848,1,1830,Jackson County School District,AL,1061,5900
14383,1,1860,Jacksonville City School District,AL,323,1661
14596,1,1890,Jasper City School District,AL,545,2538
237489,1,1920,Jefferson County School District,AL,7324,40861
13543,1,1950,Lamar County School District,AL,463,2165
6778,1,1980,Lanett City School District,AL,474,1147
55611,1,2010,Lauderdale County School District,AL,953,8406
33567,1,2040,Lawrence County School District,AL,1182,5428
64612,1,2070,Lee County School District,AL,1499,10932
12314,1,11,Leeds City School District,AL,303,2041
71599,1,2100,Limestone County School District,AL,1312,10849
3935,1,2130,Linden City School District,AL,189,599
9485,1,2160,Lowndes County School District,AL,577,1496
18159,1,2190,Macon County School District,AL,756,2176
62780,1,8,Madison City School District,AL,674,13195
143828,1,2220,Madison County School District,AL,2119,24892
7716,1,2250,Marengo County School District,AL,347,1219
23475,1,2310,Marion County School District,AL,984,3674
51519,1,6,Marshall County School District,AL,1652,9292
2096,1,3,Maxwell AFB School District,AL,2,286
5134,1,2350,Midfield City School District,AL,347,1052
383013,1,2370,Mobile County School District,AL,13130,64167
19057,1,2400,Monroe County School District,AL,853,2884
214485,1,2430,Montgomery County School District,AL,10189,36875
51899,1,2480,Morgan County School District,AL,1150,8971
22232,1,2490,Mountain Brook City School District,AL,89,5127
16742,1,2520,Muscle Shoals City School District,AL,465,2956
7059,1,2550,Oneonta City School District,AL,174,1080
33444,1,2580,Opelika City School District,AL,1243,5165
6803,1,2610,Opp City School District,AL,368,1179
9137,1,3581,Orange Beach City School District,AL,118,1076
23804,1,2635,Oxford City School District,AL,863,4192
16710,1,2640,Ozark City School District,AL,839,2731
25578,1,194,Pelham City School District,AL,365,4051
30082,1,2650,Pell City City School District,AL,645,4659
7719,1,2670,Perry County School District,AL,571,1187
39158,1,2700,Phenix City City School District,AL,2046,7280
18508,1,2730,Pickens County School District,AL,705,2573
6420,1,2760,Piedmont City School District,AL,300,1053
15335,1,2790,Pike County School District,AL,859,2570
9313,1,195,Pike Road City School District,AL,138,2144
17490,1,2820,Randolph County School District,AL,560,2630
5577,1,2850,Roanoke City School District,AL,266,937
26983,1,2880,Russell County School District,AL,1058,4634
10776,1,2910,Russellville City School District,AL,535,2107
16198,1,185,Saraland City School District,AL,341,2992
6709,1,189,Satsuma City School District,AL,90,1140
15932,1,2940,Scottsboro City School District,AL,482,2409
16608,1,2970,Selma City School District,AL,1357,2951
9654,1,3000,Sheffield City School District,AL,474,1484
144520,1,3030,Shelby County School District,AL,1976,24637
62949,1,3062,St. Clair County School District,AL,1195,10586
11607,1,3090,Sumter County School District,AL,635,1661
12463,1,3120,Sylacauga City School District,AL,614,1928
15712,1,3150,Talladega City School District,AL,714,2381
48841,1,3180,Talladega County School District,AL,1991,7064
22248,1,3210,Tallapoosa County School District,AL,715,3168
9408,1,3240,Tallassee City School District,AL,286,1489
6034,1,3270,Tarrant City School District,AL,412,1219
4934,1,3300,Thomasville City School District,AL,205,789
17789,1,3330,Troy City School District,AL,749,2181
25743,1,13,Trussville City School District,AL,208,5458
105005,1,3360,Tuscaloosa City School District,AL,2741,12279
136207,1,3390,Tuscaloosa County School District,AL,3441,23586
9301,1,3420,Tuscumbia City School District,AL,354,1386
38594,1,3430,Vestavia Hills City School District,AL,195,7911
50664,1,3450,Walker County School District,AL,1868,8628
15018,1,3480,Washington County School District,AL,587,2252
9865,1,3510,Wilcox County School District,AL,722,1567
6636,1,3540,Winfield City School District,AL,234,1028
15911,1,3580,Winston County School District,AL,499,2315
2397,2,50,Alaska Gateway School District,AK,78,466
516,2,10,Aleutian Region School District,AK,2,20
3632,2,7,Aleutians East Borough School District,AK,18,134
289600,2,180,Anchorage School District,AK,4744,49233
1560,2,525,Annette Island School District,AK,61,287
6214,2,20,Bering Strait School District,AK,551,1681
884,2,30,Bristol Bay Borough School District,AK,26,124
1306,2,730,Chatham School District,AK,43,139
472,2,800,Chugach School District,AK,11,74
2502,2,70,Copper River School District,AK,96,486
2426,2,60,Cordova City School District,AK,33,391
1035,2,90,Craig City School District,AK,23,170
5044,2,100,Delta/Greely School District,AK,137,930
1621,2,770,Denali Borough School District,AK,22,225
2149,2,120,Dillingham City School District,AK,89,425
94951,2,600,Fairbanks North Star Borough School District,AK,1210,15647
450,2,130,Galena City School District,AK,19,114
2104,2,270,Haines Borough School District,AK,32,242
910,2,300,Hoonah City School District,AK,19,126
380,2,330,Hydaburg City School District,AK,21,65
1048,2,520,Iditarod Area School District,AK,84,224
31572,2,210,Juneau Borough School District,AK,331,4823
542,2,360,Kake City School District,AK,27,111
903,2,5,Kashunamiut School District,AK,97,251
61259,2,390,Kenai Peninsula Borough School District,AK,1138,10020
13677,2,150,Ketchikan Gateway Borough School District,AK,185,2048
719,2,450,Klawock City School District,AK,34,122
12654,2,480,Kodiak Island Borough School District,AK,155,2147
1397,2,760,Kuspuk School District,AK,104,324
1315,2,485,Lake and Peninsula Borough School District,AK,78,257
15263,2,1,Lower Kuskokwim School District,AK,1197,3804
6474,2,3,Lower Yukon School District,AK,735,1904
117613,2,510,Matanuska-Susitna Borough School District,AK,1743,22303
342,2,540,Nenana City School District,AK,13,73
3622,2,570,Nome School District,AK,143,777
10663,2,610,North Slope Borough School District,AK,294,1978
7134,2,625,Northwest Arctic Borough School District,AK,640,2014
96,2,630,Pelican City School District,AK,2,11
3436,2,660,Petersburg Borough School District,AK,46,523
498,2,670,Pribilof School District,AK,7,65
8355,2,240,Sitka School District,AK,94,1172
1119,2,690,Skagway School District,AK,3,127
1510,2,700,Southeast Island School District,AK,47,190
2493,2,710,Southwest Region School District,AK,303,629
569,2,680,St. Marys City School District,AK,61,154
4410,2,720,Unalaska City School District,AK,9,267
3706,2,780,Valdez City School District,AK,39,648
2064,2,810,Wrangell School District,AK,50,270
690,2,840,Yakutat School District,AK,34,119
1105,2,775,Yukon Flats School District,AK,37,215
2180,2,862,Yukon-Koyukuk School District,AK,92,426
1552,2,4,Yupiit School District,AK,188,436
171324,4,450,Agua Fria Union High School District,AZ,761,9169
846,4,480,Aguila Elementary District,AZ,5,149
3146,4,520,Ajo Unified District,AZ,42,327
101524,4,600,Alhambra Elementary District,AZ,3652,14146
671,4,630,Alpine Elementary District,AZ,13,68
6887,4,4770,Altar Valley Elementary District,AZ,227,1021
152224,4,680,Amphitheater Unified District,AZ,2651,18447
4811,4,720,Antelope Union High School District,AZ,55,210
132,4,750,Apache Elementary District,AZ,4,10
73100,4,790,Apache Junction Unified District,AZ,899,7130
1390,4,840,Arlington Elementary District,AZ,18,179
589,4,870,Ash Creek Elementary District,AZ,6,36
2077,4,910,Ash Fork Joint Unified District,AZ,52,241
58888,4,960,Avondale Elementary District,AZ,1180,8300
2338,4,1000,Bagdad Unified School District,AZ,12,498
34808,4,1050,Balsz Elementary District,AZ,885,3691
5566,4,1080,Beaver Creek Elementary District,AZ,65,763
8119,4,212,Benson Unified School District,AZ,220,1140
7354,4,1160,Bicentennial Union High School District,AZ,53,153
6472,4,1180,Bisbee Unified District,AZ,151,628
54,4,1230,Blue Elementary District,AZ,0,1
13806,4,6580,Blue Ridge Unified District,AZ,427,1998
924,4,1260,Bonita Elementary District,AZ,12,47
870,4,1290,Bouse Elementary District,AZ,16,38
646,4,1330,Bowie Unified District,AZ,20,108
56291,4,1380,Buckeye Elementary District,AZ,978,7802
103873,4,1410,Buckeye Union High School District,AZ,523,5743
44484,4,1500,Bullhead City School District,AZ,944,3296
13535,4,1600,Camp Verde Unified District,AZ,223,1973
2943,4,1650,Canon Elementary District,AZ,42,295
126652,4,1680,Cartwright Elementary District,AZ,4600,19920
79270,4,1710,Casa Grande Elementary District,AZ,1420,9642
111572,4,1740,Casa Grande Union High School District,AZ,645,5527
32725,4,1760,Catalina Foothills Unified District,AZ,182,3966
67367,4,1,Cave Creek Unified District,AZ,251,7067
6908,4,1810,Cedar Unified District,AZ,539,1306
292751,4,1870,Chandler Unified District,AZ,3293,51340
578,4,1920,Chevelon Butte School District,AZ,8,25
18694,4,1940,Chinle Unified District,AZ,1470,4089
26259,4,3,Chino Valley Unified District,AZ,264,3602
4405,4,4,Clarkdale-Jerome Elementary District,AZ,33,344
196,4,2130,Cochise Elementary District,AZ,4,25
4349,4,21,Colorado City Unified District,AZ,231,1420
72222,4,82,Colorado River Union High School District,AZ,533,2697
2653,4,2190,Concho Elementary District,AZ,128,296
2301,4,2220,Congress Elementary District,AZ,14,140
32601,4,2250,Continental Elementary District,AZ,83,1096
23363,4,2320,Coolidge Unified District,AZ,714,4490
33050,4,2370,Cottonwood-Oak Creek Elementary District,AZ,354,2845
48382,4,2400,Crane Elementary District,AZ,1049,6764
68759,4,2430,Creighton Elementary District,AZ,1428,7408
94,4,2460,Crown King Elementary District,AZ,0,2
283987,4,7750,Deer Valley Unified District,AZ,3428,46618
388,4,2490,Double Adobe Elementary District,AZ,15,43
20342,4,2530,Douglas Unified District,AZ,1172,4070
2541,4,2600,Duncan Unified District,AZ,72,450
207474,4,2690,Dysart Unified District,AZ,3426,34797
74,4,2710,Eagle Elementary District,AZ,0,7
879,4,2760,Elfrida Elementary District,AZ,17,85
6840,4,2790,Eloy Elementary District,AZ,264,971
487,4,2820,Empire Elementary District,AZ,9,65
100629,4,2860,Flagstaff Unified District,AZ,1482,13271
127395,4,2920,Florence Unified School District,AZ,2089,20742
31534,4,3010,Flowing Wells Unified District,AZ,1259,4980
5253,4,3150,Fort Huachuca Accommodation District,AZ,21,772
2678,4,3200,Fort Thomas Unified District,AZ,125,611
25780,4,3040,Fountain Hills Unified District,AZ,125,1934
36823,4,3060,Fowler Elementary District,AZ,1164,5732
2750,4,3080,Fredonia-Moccasin Unified District,AZ,88,438
27965,4,3240,Gadsden Elementary District,AZ,1527,4110
6124,4,3290,Ganado Unified District,AZ,481,1228
2433,4,3310,Gila Bend Unified District,AZ,44,554
223491,4,3400,Gilbert Unified District,AZ,2497,42471
115385,4,3420,Glendale Elementary District,AZ,3446,15741
377002,4,3450,Glendale Union High School District,AZ,3229,20015
10109,4,3500,Globe Unified District,AZ,268,1584
2424,4,3550,Grand Canyon Unified District,AZ,64,198
1281,4,3660,Hackberry School District,AZ,12,75
1060,4,3730,Hayden-Winkelman Unified District,AZ,46,165
4432,4,26,Heber-Overgaard Unified District,AZ,194,470
95599,4,3780,Higley Unified District,AZ,1013,20055
95,4,8460,Hillside Elementary District,AZ,1,17
9970,4,3820,Holbrook Unified District,AZ,563,1926
65864,4,3870,Humboldt Unified District,AZ,853,8858
368,4,3900,Hyder Elementary District,AZ,14,37
6644,4,3950,Indian Oasis-Baboquivari Unified District,AZ,101,1396
45560,4,3960,Isaac Elementary District,AZ,1816,6844
53036,4,3990,J. O. Combs Unified School District,AZ,786,10628
1805,4,4010,Joseph City Unified District,AZ,112,375
10362,4,4060,Kayenta Unified District,AZ,1053,2362
77013,4,295,Kingman Unified School District,AZ,1906,9462
1187,4,4170,Kirkland Elementary District,AZ,17,122
93,4,4200,Klondyke Elementary District,AZ,7,13
169170,4,4230,Kyrene Elementary District,AZ,1112,16978
64455,4,4280,Lake Havasu Unified District,AZ,1096,6679
58360,4,4290,Laveen Elementary District,AZ,1312,8711
42953,4,4320,Liberty Elementary District,AZ,536,5683
112436,4,4380,Litchfield Elementary District,AZ,1071,13760
3368,4,4410,Littlefield Unified District,AZ,31,358
55284,4,4440,Littleton Elementary District,AZ,1123,8479
66150,4,4500,Madison Elementary District,AZ,517,5127
1461,4,4530,Maine Consolidated School District,AZ,36,176
5382,4,4570,Mammoth-San Manuel Unified District,AZ,107,810
107917,4,4630,Marana Unified District,AZ,1559,17458
74245,4,4720,Maricopa Unified School District,AZ,1510,13671
6215,4,4820,Mayer Unified District,AZ,86,714
508,4,4860,McNary Elementary District,AZ,50,152
440,4,4920,McNeal Elementary District,AZ,13,82
523580,4,4970,Mesa Unified District,AZ,10503,79556
6876,4,5030,Miami Unified District,AZ,293,1171
37456,4,5070,Mingus Union High School District,AZ,145,1436
76,4,5100,Mobile Elementary District,AZ,0,5
25200,4,5190,Mohave Valley Elementary District,AZ,413,2093
1094,4,5220,Mohawk Valley Elementary District,AZ,32,100
6741,4,5320,Morenci Unified District,AZ,104,1431
1821,4,5340,Morristown Elementary District,AZ,18,184
16373,4,5400,Murphy Elementary District,AZ,512,1706
1221,4,5430,Naco Elementary District,AZ,66,271
10561,4,5460,Nadaburg Unified School District,AZ,172,1679
22204,4,5530,Nogales Unified District,AZ,1327,4394
19161,4,5640,Oracle Elementary District,AZ,88,912
44532,4,5670,Osborn Elementary District,AZ,652,3385
586,4,5730,Owens-Whitney Elementary District,AZ,10,67
12634,4,5820,Page Unified District,AZ,567,2575
3239,4,5850,Palo Verde Elementary District,AZ,56,458
182,4,8430,Paloma School District,AZ,3,57
10169,4,5880,Palominas Elementary District,AZ,231,1381
282625,4,5930,Paradise Valley Unified District,AZ,3424,40221
9638,4,5980,Parker Unified School District,AZ,270,1416
1462,4,6000,Patagonia Elementary District,AZ,14,96
3351,4,6030,Patagonia Union High School District,AZ,8,109
23077,4,6070,Payson Unified District,AZ,441,2638
1415,4,6120,Peach Springs Unified District,AZ,39,332
1927,4,6150,Pearce Elementary District,AZ,19,115
81216,4,6210,Pendergast Elementary District,AZ,1874,11117
265801,4,6250,Peoria Unified School District,AZ,4169,43230
62027,4,6300,Phoenix Elementary District,AZ,1391,5480
763992,4,6330,Phoenix Union High School District,AZ,6973,39833
8168,4,6360,Picacho Elementary District,AZ,15,118
4408,4,6440,Pima Unified District,AZ,118,1018
2952,4,6510,Pine Strawberry Elementary District,AZ,76,207
6828,4,23,Pinon Unified District,AZ,741,1425
918,4,6630,Pomerene Elementary District,AZ,20,127
66413,4,6730,Prescott Unified District,AZ,470,5595
3892,4,6780,Quartzsite Elementary District,AZ,70,124
69640,4,6810,Queen Creek Unified District,AZ,607,14883
3539,4,6850,Ray Unified District,AZ,54,580
7063,4,6870,Red Mesa Unified District,AZ,500,1360
4511,4,6900,Red Rock Elementary District,AZ,64,624
87,4,6930,Redington Elementary District,AZ,0,18
8067,4,7020,Riverside Elementary District,AZ,251,1338
126415,4,7080,Roosevelt Elementary District,AZ,3555,17013
7305,4,7130,Round Valley Unified District,AZ,305,1368
9571,4,7200,Sacaton Elementary District,AZ,214,1485
15146,4,7170,Saddle Mountain Unified School District,AZ,375,3178
18048,4,7240,Safford Unified District,AZ,650,3334
32578,4,7300,Sahuarita Unified District,AZ,565,6573
2085,4,5,Salome Consolidated Elementary District,AZ,26,74
8316,4,6960,San Carlos Unified District,AZ,773,2106
53,4,7380,San Fernando Elementary District,AZ,0,5
671,4,7430,San Simon Unified District,AZ,12,72
5109,4,6740,Sanders Unified District,AZ,330,928
1840,4,7500,Santa Cruz Elementary District,AZ,83,375
23103,4,7520,Santa Cruz Valley Unified District,AZ,886,4412
19520,4,7530,Santa Cruz Valley Union High School District,AZ,108,686
250580,4,7570,Scottsdale Unified District,AZ,1634,29181
18355,4,9733,Sedona-Oak Creek Joint Unified District,AZ,111,1001
1404,4,7630,Seligman Unified District,AZ,16,122
126,4,7680,Sentinel Elementary District,AZ,2,23
17924,4,7700,Show Low Unified District,AZ,484,2753
49128,4,1460,Sierra Vista Unified District,AZ,972,7397
547,4,7770,Skull Valley Elementary District,AZ,6,58
13260,4,7820,Snowflake Unified District,AZ,631,2887
2817,4,7860,Solomon Elementary District,AZ,52,364
30221,4,7890,Somerton Elementary District,AZ,1182,3979
1889,4,7920,Sonoita Elementary District,AZ,9,112
3712,4,8020,St. David Unified District,AZ,73,539
4022,4,8080,St. Johns Unified District,AZ,259,850
5032,4,8130,Stanfield Elementary District,AZ,95,572
91784,4,8170,Sunnyside Unified District,AZ,4503,17111
3548,4,8230,Superior Unified School District,AZ,52,449
11764,4,8280,Tanque Verde Unified District,AZ,67,1633
169260,4,8310,Tempe School District,AZ,2145,12324
338429,4,8340,Tempe Union High School District,AZ,1290,14484
8589,4,8410,Thatcher Unified District,AZ,234,1768
18011,4,8490,Tolleson Elementary District,AZ,553,2728
211075,4,8520,Tolleson Union High School District,AZ,1775,13185
17700,4,8550,Toltec Elementary District,AZ,191,1714
7146,4,8600,Tombstone Unified District,AZ,168,831
1650,4,5760,Tonto Basin Elementary District,AZ,42,103
2538,4,8640,Topock Elementary District,AZ,13,140
15080,4,8680,Tuba City Unified District,AZ,770,3022
498245,4,8800,Tucson Unified District,AZ,13174,66397
19741,4,8820,Union Elementary District,AZ,521,3340
71004,4,8850,Vail Unified District,AZ,793,14071
227,4,8880,Valentine Elementary District,AZ,6,31
3396,4,8910,Valley Union High School District,AZ,21,144
2075,4,22,Vernon Elementary District,AZ,74,196
181,4,9030,Walnut Grove Elementary District,AZ,0,6
261616,4,9060,Washington Elementary District,AZ,5441,28942
3349,4,9090,Wellton Elementary District,AZ,77,241
507,4,9120,Wenden Elementary District,AZ,20,47
14162,4,9160,Whiteriver Unified District,AZ,1284,3354
17320,4,9190,Wickenburg Unified District,AZ,157,1447
7212,4,9250,Willcox Unified District,AZ,246,1234
6151,4,9310,Williams Unified District,AZ,189,866
763,4,9360,Williamson Valley Elementary School District,AZ,7,60
4765,4,9390,Wilson Elementary District,AZ,167,566
10576,4,9430,Window Rock Unified District,AZ,787,2075
11231,4,9460,Winslow Unified District,AZ,468,2062
1185,4,9510,Yarnell Elementary District,AZ,14,77
866,4,9540,Young Elementary School District,AZ,14,79
766,4,9570,Yucca Elementary District,AZ,9,70
108931,4,9600,Yuma Elementary District,AZ,2409,10958
215499,4,9630,Yuma Union High School District,AZ,2240,12431
16162,5,2250,Alma School District,AR,444,3022
2862,5,2280,Alpena School District,AR,110,514
15068,5,2430,Arkadelphia School District,AR,413,2054
1389,5,2550,Armorel School District,AR,26,285
8580,5,2580,Ashdown School District,AR,303,1339
6644,5,2610,Atkins Public Schools,AR,292,1192
2799,5,2670,Augusta School District,AR,170,441
6865,5,2700,Bald Knob School District,AR,258,1181
2204,5,2730,Barton-Lexa School District,AR,131,386
20846,5,19,Batesville School District,AR,640,3634
7330,5,2790,Bauxite School District,AR,139,1372
3140,5,2820,Bay School District,AR,100,592
2827,5,32,Bearden School District,AR,81,488
19016,5,2880,Beebe School District,AR,590,3513
34012,5,2960,Benton School District,AR,675,6184
125028,5,3060,Bentonville Public Schools,AR,1186,23493
5255,5,3090,Bergman School District,AR,142,997
11286,5,3150,Berryville Public Schools,AR,455,2064
6486,5,3240,Bismarck Public Schools,AR,154,979
3103,5,3300,Blevins School District,AR,164,526
13655,5,3320,Blytheville School District,AR,803,2570
7543,5,3450,Booneville School District,AR,273,1258
2692,5,3480,Bradford School District,AR,100,482
3487,5,3630,Brinkley School District,AR,267,608
13282,5,3640,Brookland School District,AR,303,2744
59712,5,3690,Bryant Public Schools,AR,1169,11127
4616,5,3710,Buffalo Island Central School District,AR,113,814
57005,5,3750,Cabot Public Schools,AR,1075,10826
3366,5,3770,Caddo Hills School District,AR,160,535
3842,5,3840,Calico Rock School District,AR,79,363
16314,5,6060,Camden Fairview School District,AR,670,2582
4010,5,3960,Carlisle School District,AR,86,636
8593,5,4050,Cave City School District,AR,294,1439
5467,5,70,Cedar Ridge School District,AR,169,1019
4899,5,4080,Cedarville School District,AR,114,795
5115,5,6690,Centerpoint School District,AR,195,967
5010,5,4200,Charleston School District,AR,97,888
3003,5,4350,Clarendon School District,AR,131,497
14694,5,4380,Clarksville School District,AR,609,2687
4542,5,67,Cleveland County School District,AR,133,704
8484,5,4410,Clinton School District,AR,275,1300
4196,5,4560,Concord Public Schools,AR,102,649
81537,5,4590,Conway Public Schools,AR,1683,12194
6044,5,9,Corning Public Schools,AR,190,946
4810,5,405,Cossatot River School District,AR,188,909
4604,5,4680,Cotter School District,AR,151,715
3379,5,4740,County Line School District,AR,92,576
3241,5,7740,Cross County School District,AR,92,529
10112,5,4800,Crossett School District,AR,550,1729
3779,5,4860,Cutter-Morning Star School District,AR,111,653
3504,5,4890,Danville School District,AR,119,622
10201,5,4930,Dardanelle Public Schools,AR,447,1739
12324,5,49,De Queen School District,AR,518,2565
7541,5,1,DeWitt School District,AR,244,1210
3925,5,4980,Decatur School District,AR,90,735
2070,5,72,Deer/Mount Judea School District,AR,62,285
3152,5,5170,Dermott School District,AR,163,450
3459,5,5190,Des Arc Public Schools,AR,109,576
2476,5,5340,Dierks School District,AR,76,411
8217,5,5430,Dover School District,AR,282,1453
6022,5,5470,Drew Central School District,AR,151,913
10102,5,5500,Dumas School District,AR,331,1134
2313,5,5550,Earle School District,AR,194,454
3969,5,5580,East End School District,AR,130,675
3095,5,48,East Poinsett County School District,AR,133,560
23634,5,5680,El Dorado School District,AR,934,4194
6097,5,5760,Elkins School District,AR,143,1147
5157,5,68,Emerson-Taylor-Bradley School District,AR,239,826
3811,5,5850,England School District,AR,120,603
8747,5,5970,Eureka Springs School District,AR,204,807
14144,5,6090,Farmington School District,AR,231,2652
108373,5,6120,Fayetteville School District,AR,1722,13854
7740,5,6150,Flippin School District,AR,210,1041
4327,5,6210,Fordyce School District,AR,192,714
2510,5,6240,Foreman School District,AR,93,422
18506,5,6270,Forrest City School District,AR,1091,2734
92878,5,6330,Fort Smith Public Schools,AR,2873,15649
5538,5,6360,Fouke School District,AR,171,1122
16594,5,6420,Fountain Lake School District,AR,206,1381
4604,5,4110,Genoa Central School District,AR,149,904
9327,5,6540,Gentry Public Schools,AR,173,1730
5548,5,6630,Glen Rose School District,AR,115,961
4349,5,29,Gosnell School District,AR,183,872
18501,5,6840,Gravette School District,AR,247,2486
7797,5,6870,Green Forest School District,AR,304,1543
18785,5,6900,Greenbrier School District,AR,340,3873
20925,5,13080,Greene County Technical School District,AR,396,3624
6742,5,6930,Greenland Public Schools,AR,153,1098
21604,5,6990,Greenwood School District,AR,328,4014
3682,5,7110,Gurdon School District,AR,168,667
2618,5,7140,Guy-Perkins Schools,AR,59,471
5572,5,7170,Hackett Public Schools,AR,103,932
7681,5,42,Hamburg School District,AR,246,1294
3680,5,7230,Hampton School District,AR,79,478
4283,5,7290,Harmony Grove School District,AR,89,723
6220,5,7320,Harmony Grove School District,AR,83,1057
6518,5,7350,Harrisburg School District,AR,302,1163
21818,5,7380,Harrison School District,AR,540,3545
4337,5,7530,Hazen School District,AR,152,697
12052,5,7560,Heber Springs School District,AR,300,1723
3761,5,7620,Hector School District,AR,162,741
9850,5,7680,Helena-West Helena School District,AR,1242,1867
2242,5,7710,Hermitage School District,AR,76,426
13002,5,7770,Highland School District,AR,463,1807
3804,5,71,Hillcrest School District,AR,181,712
13286,5,7840,Hope School District,AR,576,2530
3537,5,7860,Horatio School District,AR,146,747
29758,5,7890,Hot Springs School District,AR,1011,3894
3503,5,7990,Hoxie School District,AR,203,592
16763,5,8130,Huntsville School District,AR,472,2905
5128,5,21,Izard Cty Consolidated Schools,AR,170,713
4136,5,13230,Jackson County School District,AR,173,752
39069,5,419,Jacksonville North Pulaski School District,AR,1556,6810
5217,5,8240,Jasper School District,AR,187,746
7330,5,7920,Jessieville School District,AR,129,780
39335,5,8280,Jonesboro Public Schools,AR,2246,7113
2923,5,8340,Junction City School District,AR,56,509
2454,5,8490,Kirby School District,AR,102,397
4354,5,65,Lafayette County School District,AR,164,644
27007,5,8610,Lake Hamilton School District,AR,785,4515
6744,5,8640,Lakeside School District,AR,353,1189
18753,5,8670,Lakeside School District,AR,316,2912
7220,5,8700,Lamar School District,AR,200,1249
5028,5,8730,Lavaca Public Schools,AR,92,895
7898,5,82,Lawrence County School District,AR,239,1225
3153,5,3420,Lead Hill School District,AR,101,450
8104,5,9360,Lee County School District,AR,488,1004
7256,5,8940,Lincoln School District,AR,227,1349
182053,5,9000,Little Rock School District,AR,6765,30207
9705,5,9060,Lonoke School District,AR,278,1589
2527,5,9150,Magazine Schools,AR,87,440
3109,5,9190,Magnet Cove School District,AR,56,512
18855,5,44,Magnolia School District,AR,663,2841
18059,5,9240,Malvern Special School District,AR,476,2265
3066,5,9270,Mammoth Spring Schools,AR,93,498
4763,5,46,Manila School District,AR,76,886
5409,5,9330,Mansfield School District,AR,146,992
21022,5,9390,Marion School District,AR,865,4289
3195,5,9420,Marked Tree School District,AR,202,524
3960,5,16,Marmaduke School District,AR,93,714
2667,5,9510,Marvell School District,AR,168,448
6387,5,9540,Mayflower School District,AR,136,941
3398,5,9570,Maynard School District,AR,162,677
2828,5,9600,McCrory School District,AR,124,490
5585,5,9630,McGehee School District,AR,312,1075
5369,5,9720,Melbourne School District,AR,159,771
12729,5,9750,Mena Public Schools,AR,477,2049
3962,5,20,Midland School District,AR,118,727
3223,5,9780,Mineral Springs School District,AR,112,562
10172,5,9840,Monticello School District,AR,433,1693
3840,5,9990,Mount Ida School District,AR,98,465
3365,5,10080,Mount Vernon-Enola School District,AR,88,617
34510,5,43,Mountain Home School District,AR,789,4404
4159,5,10170,Mountain Pine School District,AR,142,697
12569,5,10200,Mountain View School District,AR,462,1821
4322,5,10260,Mountainburg Schools,AR,129,682
3922,5,10290,Mulberry School District,AR,98,622
8873,5,10380,Nashville School District,AR,400,1681
2307,5,10410,Nemo Vista School District,AR,87,379
30410,5,10440,Nettleton School District,AR,1200,4751
2477,5,30,Nevada School District,AR,151,399
11065,5,23,Newport School District,AR,525,1443
3931,5,10560,Norfork Schools,AR,117,543
53823,5,10680,North Little Rock School District,AR,2394,9124
2827,5,10920,Omaha School District,AR,56,431
6548,5,10950,Osceola School District,AR,389,1210
3981,5,73,Ouachita River School District,AR,128,578
2008,5,10980,Ouachita School District,AR,41,317
4716,5,76,Ozark Mountain School District,AR,253,817
10498,5,11010,Ozark School District,AR,335,1729
1768,5,51,Palestine-Wheatley School District,AR,47,292
3375,5,11070,Pangburn School District,AR,109,556
22595,5,17,Paragould School District,AR,596,3981
6761,5,11130,Paris School District,AR,201,1001
2672,5,11220,Parkers Chapel School District,AR,60,587
11362,5,3030,Pea Ridge School District,AR,181,2408
5090,5,11340,Perryville School District,AR,128,828
5273,5,11370,Piggott School District,AR,145,825
35947,5,26,Pine Bluff School District,AR,1691,5343
12530,5,11610,Pocahontas School District,AR,535,2241
6821,5,11700,Pottsville Public Schools,AR,221,1518
1236,5,11730,Poyen School District,AR,33,206
13705,5,11760,Prairie Grove School District,AR,254,2734
4875,5,11820,Prescott School District,AR,201,842
132624,5,11850,Pulaski County Special School District,AR,2999,22522
5259,5,11880,Quitman School District,AR,115,799
3671,5,4370,Rector School District,AR,107,585
5113,5,45,Rivercrest School District,AR,140,890
4526,5,12,Riverside School District,AR,133,895
7579,5,8400,Riverview School District,AR,377,1284
110600,5,11970,Rogers Public Schools,AR,2165,19452
4465,5,12000,Rose Bud School District,AR,128,796
39211,5,12060,Russellville Schools,AR,1436,6191
5012,5,12090,Salem School District,AR,173,851
2274,5,12180,Scranton School District,AR,49,394
6408,5,9480,Searcy County School District,AR,272,984
33823,5,12210,Searcy School District,AR,946,5333
27371,5,15,Sheridan School District,AR,525,4690
4195,5,12420,Shirley School District,AR,109,463
27469,5,12450,Siloam Springs Schools,AR,559,5144
4027,5,12480,Sloan-Hendrix School District,AR,143,652
5992,5,12510,Smackover-Norphlet School District,AR,146,1030
16061,5,12520,South Conway County School District,AR,533,2729
4629,5,10320,South Pike County School District,AR,154,711
3273,5,12570,South Side-Bee Branch School District,AR,95,543
5804,5,12540,Southside School District,AR,179,1066
1421,5,12630,Spring Hill School District,AR,77,299
119188,5,12660,Springdale School District,AR,3749,23949
8086,5,28,Star City School District,AR,299,1292
2500,5,12930,Strong School District,AR,70,406
8823,5,12960,Stuttgart School District,AR,480,1574
31497,5,13110,Texarkana School District,AR,1884,5310
9327,5,47,Trumann Schools,AR,565,1671
6313,5,79,Two Rivers School District,AR,231,1065
4792,5,13350,Valley Springs School District,AR,134,954
13169,5,13380,Valley View School District,AR,295,3027
34341,5,13410,Van Buren School District,AR,1022,6021
17184,5,13530,Vilonia School District,AR,349,3482
3296,5,13560,Viola School District,AR,102,541
8262,5,13680,Waldron School District,AR,348,1385
7677,5,6,Warren School District,AR,374,1381
14113,5,13930,Watson Chapel School District,AR,574,2101
6033,5,14010,West Fork School District,AR,117,992
24932,5,8040,West Memphis School District,AR,1848,4837
4496,5,14040,West Side School District,AR,108,544
2355,5,41,Western Yell County School District,AR,77,417
9619,5,4020,Westside Consolidated School District,AR,283,1843
3662,5,14020,Westside School District,AR,146,645
3800,5,4170,White County Central School District,AR,153,733
13298,5,14140,White Hall School District,AR,456,2404
2892,5,14370,Wonderview School District,AR,82,513
2513,5,14400,Woodlawn School District,AR,66,425
13090,5,14430,Wynne Public Schools,AR,569,2361
6466,5,14490,Yellville-Summit School District,AR,223,986
104130,6,1620,ABC Unified School District,CA,1774,16060
119606,6,1650,Acalanes Union High School District,CA,180,6286
3040,6,1680,Ackerman Elementary School District,CA,27,305
11965,6,1,Acton-Agua Dulce Unified School District,CA,187,1736
66762,6,1710,Adelanto Elementary School District,CA,1824,7766
76731,6,1770,Alameda City Unified School District,CA,619,10814
19870,6,1860,Albany City Unified School District,CA,111,2905
756,6,1890,Alexander Valley Union School District,CA,2,35
162955,6,153,Alhambra Unified School District,CA,2296,16102
59969,6,1950,Alisal Union Elementary School District,CA,1753,7656
564,6,1980,Allensworth Elementary School District,CA,37,108
1288,6,2010,Alpaugh Unified School District,CA,72,337
1099,6,2070,Alpine County Unified School District,CA,30,127
18883,6,2100,Alpine Union Elementary School District,CA,124,2068
55063,6,2160,Alta Loma Elementary School District,CA,511,5675
3155,6,2220,Alta Vista Elementary School District,CA,260,496
1839,6,2250,Alta-Dutch Flat Union Elementary School District,CA,11,135
111805,6,2310,Alum Rock Union Elementary School District,CA,1599,12225
1693,6,2360,Alview-Dairyland Union Elementary School District,CA,58,270
598,6,2370,Alvina Elementary School District,CA,28,82
116323,6,2430,Alvord Unified School District,CA,2326,20629
42026,6,2450,Amador County Unified School District,CA,577,4849
200999,6,2610,Anaheim Elementary School District,CA,2936,17497
396372,6,2630,Anaheim Union High School District,CA,4498,31252
40390,6,2700,Anderson Union High School District,CA,297,2453
3106,6,2730,Anderson Valley Unified School District,CA,75,487
6016,6,2760,Antelope Elementary School District,CA,132,625
398467,6,2820,Antelope Valley Union Joint High School District,CA,4566,27880
120675,6,2850,Antioch Unified School District,CA,3334,21168
85538,6,17,Apple Valley Unified School District,CA,3138,16178
56088,6,2970,Arcadia Unified School District,CA,852,9083
14678,6,3000,Arcata Elementary School District,CA,137,825
4856,6,3060,Arcohe Union Elementary School District,CA,41,493
3664,6,3090,Arena Union Elementary School District,CA,65,296
7364,6,3180,Armona Union Elementary School District,CA,222,1183
10132,6,91136,Aromas-San Juan Unified School District,CA,126,1502
20075,6,3270,Arvin Union School District,CA,1218,3656
37183,6,3300,Atascadero Unified School District,CA,461,5465
38351,6,3420,Atwater Elementary School District,CA,1221,5297
36820,6,3480,Auburn Union Elementary School District,CA,252,3057
67808,6,3600,Azusa Unified School District,CA,1595,10634
554,6,3610,Baker Valley Unified School District,CA,4,120
204159,6,3630,Bakersfield City School District,CA,10630,31518
69647,6,3690,Baldwin Park Unified School District,CA,2003,11645
1445,6,3720,Ballard Elementary School District,CA,4,126
2045,6,3750,Ballico-Cressey Elementary School District,CA,53,284
1242,6,3780,Bangor Union Elementary School District,CA,18,139
36579,6,3840,Banning Unified School District,CA,705,5479
10016,6,2571,Banta Unified School District,CA,108,1876
36011,6,4020,Barstow Unified School District,CA,2135,7649
11806,6,4080,Bass Lake Joint Union Elementary School District,CA,172,1044
25685,6,4110,Bassett Unified School District,CA,732,4219
6004,6,4200,Bayshore Elementary School District,CA,40,566
19409,6,4230,Bear Valley Unified School District,CA,204,2612
18697,6,4260,Beardsley Elementary School District,CA,774,2246
68470,6,4290,Beaumont Unified School District,CA,846,11885
3858,6,4350,Bella Vista Elementary School District,CA,45,343
1734,6,4500,Belleview Elementary School District,CA,28,162
26801,6,4380,Bellevue Union School District,CA,318,2622
81715,6,4440,Bellflower Unified School District,CA,1872,13727
43731,6,4530,Belmont-Redwood Shores Elementary School District,CA,148,4554
27271,6,4620,Benicia Unified School District,CA,190,4287
9965,6,4650,Bennett Valley Union Elementary School District,CA,34,678
121861,6,4740,Berkeley Unified School District,CA,516,10299
83309,6,4800,Berryessa Union Elementary School District,CA,532,7826
31960,6,4830,Beverly Hills Unified School District,CA,495,4378
348,6,4860,Big Creek Elementary School District,CA,5,45
504,6,4890,Big Lagoon Union Elementary School District,CA,6,37
5306,6,91137,Big Oak Flat-Groveland Unified School District,CA,63,526
1915,6,4950,Big Pine Unified School District,CA,44,307
1828,6,4980,Big Springs Union Elementary School District,CA,29,182
308,6,31,Big Sur Unified School District,CA,11,49
1426,6,5010,Big Valley Joint Unified School District,CA,42,215
3608,6,5040,Biggs Unified School District,CA,75,722
13091,6,1409,Bishop Unified School District,CA,267,1941
219,6,5190,Bitterwater-Tully Union Elementary School District,CA,2,37
4537,6,5220,Black Butte Union Elementary School District,CA,53,325
13366,6,5240,Black Oak Mine Unified School District,CA,134,1678
234,6,5250,Blake Elementary School District,CA,0,21
752,6,5280,Blochman Union Elementary School District,CA,15,76
2262,6,5400,Blue Lake Union Elementary School District,CA,22,183
372,6,5490,Bogus Elementary School District,CA,7,24
2100,6,5520,Bolinas-Stinson Union Elementary School District,CA,11,131
61720,6,5610,Bonita Unified School District,CA,697,9598
3165,6,5640,Bonny Doon Union Elementary School District,CA,15,203
19598,6,1426,Bonsall Unified School District,CA,193,3132
3389,6,5700,Borrego Springs Unified School District,CA,22,359
371,6,5730,Bradley Union Elementary School District,CA,6,37
27371,6,5790,Brawley Elementary School District,CA,1190,4245
29896,6,5820,Brawley Union High School District,CA,550,2171
42787,6,5880,Brea-Olinda Unified School District,CA,462,6964
68073,6,5910,Brentwood Union Elementary School District,CA,611,9055
19944,6,5940,Bret Harte Union High School District,CA,113,818
555,6,6000,Bridgeville Elementary School District,CA,15,56
3053,6,6030,Briggs Elementary School District,CA,64,387
8689,6,6060,Brisbane Elementary School District,CA,37,700
3613,6,6090,Brittan Elementary School District,CA,30,433
882,6,6100,Browns Elementary School District,CA,11,109
42723,6,6270,Buckeye Union Elementary School District,CA,315,5167
6040,6,6330,Buellton Union Elementary School District,CA,47,699
49969,6,6360,Buena Park Elementary School District,CA,758,5280
458,6,6420,Buena Vista Elementary School District,CA,20,56
104523,6,6450,Burbank Unified School District,CA,1396,13896
31726,6,6480,Burlingame Elementary School District,CA,195,3495
721,6,6510,Burnt Ranch Elementary School District,CA,12,60
562,6,6540,Burrel Union Elementary School District,CA,11,86
18931,6,6570,Burton Elementary School District,CA,704,2989
1698,6,6580,Butte Valley Unified School District,CA,79,309
1878,6,6690,Butteville Union Elementary School District,CA,30,202
1832,6,6720,Buttonwillow Union Elementary School District,CA,39,306
15196,6,6750,Byron Union Elementary School District,CA,130,1688
25385,6,6780,Cabrillo Unified School District,CA,134,3361
171597,6,6810,Cajon Valley Union Elementary School District,CA,4151,19242
26561,6,6870,Calaveras Unified School District,CA,447,3751
39947,6,6900,Calexico Unified School District,CA,1945,8274
899,6,6960,Caliente Union Elementary School District,CA,25,101
8765,6,6990,Calipatria Unified School District,CA,299,1273
6541,6,7020,Calistoga Joint Unified School District,CA,58,864
31267,6,7140,Cambrian Elementary School District,CA,127,3311
4969,6,7170,Camino Union Elementary School District,CA,52,422
99651,6,7200,Campbell Union Elementary School District,CA,654,8908
231746,6,7230,Campbell Union High School District,CA,508,10031
755,6,7260,Camptonville Elementary School District,CA,14,67
207,6,7350,Canyon Elementary School District,CA,0,12
978,6,7410,Capay Joint Union Elementary School District,CA,34,117
359583,6,7440,Capistrano Unified School District,CA,3524,56578
11933,6,7470,Cardiff Elementary School District,CA,56,868
78312,6,7500,Carlsbad Unified School District,CA,664,12229
22787,6,7530,Carmel Unified School District,CA,146,2928
17874,6,7560,Carpinteria Unified School District,CA,302,2566
8823,6,67,Caruthers Unified School District,CA,340,1454
16362,6,7680,Cascade Union Elementary School District,CA,353,1960
28664,6,7740,Castaic Union School District,CA,127,2211
306,6,7770,Castle Rock Union Elementary School District,CA,3,24
52024,6,7800,Castro Valley Unified School District,CA,404,8756
2770,6,7840,Cayucos Elementary School District,CA,20,180
29959,6,7900,Center Joint Unified School District,CA,866,5925
144054,6,7920,Centinela Valley Union High School District,CA,1430,7836
41930,6,7950,Central Elementary School District,CA,680,4790
82461,6,7970,Central Unified School District,CA,3966,17527
10227,6,7980,Central Union Elementary School District,CA,137,1654
60290,6,8010,Central Union High School District,CA,1015,4251
56310,6,8070,Centralia Elementary School District,CA,560,4357
58113,6,8130,Ceres Unified School District,CA,2512,12371
427828,6,8160,Chaffey Joint Union High School District,CA,3119,25875
36721,6,8190,Charter Oak Unified School District,CA,588,5633
4538,6,8250,Chatom Union Elementary School District,CA,118,685
4871,6,116,Chawanakee Unified School District,CA,84,727
1155,6,8340,Chicago Park Elementary School District,CA,11,72
118247,6,8370,Chico Unified School District,CA,2609,16773
193046,6,8460,Chino Valley Unified School District,CA,3363,32824
23394,6,8520,Chowchilla Elementary School District,CA,625,2698
25086,6,8550,Chowchilla Union High School District,CA,260,1241
1895,6,8580,Chualar Union Elementary School District,CA,44,313
316025,6,8610,Chula Vista Elementary School District,CA,3208,28733
185,6,8640,Cienega Union Elementary School District,CA,1,14
2560,6,8700,Cinnabar Elementary School District,CA,22,225
42801,6,8760,Claremont Unified School District,CA,427,5809
428,6,8850,Clay Joint Elementary School District,CA,10,60
1713,6,8880,Clear Creek Elementary School District,CA,35,142
11078,6,8970,Cloverdale Unified School District,CA,84,1552
235221,6,9030,Clovis Unified School District,CA,5780,45967
90721,6,9070,Coachella Valley Unified School District,CA,2771,18896
25596,6,9120,Coalinga-Huron Unified School District,CA,818,4797
9330,6,49,Coast Unified School District,CA,95,678
182,6,9240,Coffee Creek Elementary School District,CA,3,11
3349,6,9270,Cold Spring Elementary School District,CA,5,185
5666,6,9300,Colfax Elementary School District,CA,33,523
6319,6,9330,College Elementary School District,CA,49,477
119484,6,9390,Colton Joint Unified School District,CA,3729,22630
9363,6,9450,Columbia Elementary School District,CA,112,1077
6293,6,9480,Columbia Union Elementary School District,CA,85,604
254,6,9510,Columbine Elementary School District,CA,11,46
7926,6,9570,Colusa Unified School District,CA,205,1506
153479,6,9620,Compton Unified School District,CA,6597,29956
134297,6,9640,Conejo Valley Unified School District,CA,1523,20282
23581,6,9690,Corcoran Joint Unified School District,CA,799,3484
15094,6,9780,Corning Union Elementary School District,CA,490,1986
17714,6,9810,Corning Union High School District,CA,250,1156
293484,6,9850,Corona-Norco Unified School District,CA,3997,53107
22411,6,9870,Coronado Unified School District,CA,146,2819
56260,6,9940,Cotati-Rohnert Park Unified School District,CA,554,7485
8867,6,9990,Cottonwood Union Elementary School District,CA,108,1105
79148,6,10050,Covina-Valley Unified School District,CA,1455,12304
31721,6,16300,Cucamonga Elementary School District,CA,565,3431
756,6,10230,Cuddeback Union Elementary School District,CA,9,75
39707,6,10260,Culver City Unified School District,CA,326,5335
143158,6,10290,Cupertino Union Elementary School District,CA,524,18485
8882,6,10320,Curtis Creek Elementary School District,CA,120,777
17893,6,10350,Cutler-Orosi Joint Unified School District,CA,1418,3983
5065,6,10380,Cutten Elementary School District,CA,52,394
1060,6,9,Cuyama Joint Unified School District,CA,19,206
45956,6,10440,Cypress Elementary School District,CA,270,3527
81690,6,10620,Davis Joint Unified School District,CA,650,9037
829,6,10680,Death Valley Unified School District,CA,8,44
2411,6,10710,Dehesa Elementary School District,CA,15,219
49867,6,10740,Del Mar Union Elementary School District,CA,222,5159
27009,6,10770,Del Norte County Unified School District,CA,934,4188
67467,6,10860,Delano Joint Union High School District,CA,1138,4328
53807,6,10890,Delano Union Elementary School District,CA,2099,7387
13414,6,39,Delhi Unified School District,CA,578,2941
177,6,10980,Delphic Elementary School District,CA,5,21
8875,6,11040,Denair Unified School District,CA,162,1717
282,6,11100,Desert Center Unified School District,CA,9,34
195274,6,11110,Desert Sands Unified School District,CA,2923,27601
849,6,11130,Di Giorgio Elementary School District,CA,68,167
31889,6,65,Dinuba Unified School District,CA,1946,6885
21961,6,11220,Dixie Elementary School District,CA,165,2231
22367,6,11280,Dixon Unified School District,CA,343,4066
11814,6,33,Dos Palos-Oro Loma Joint Unified School District,CA,641,2648
766,6,11430,Douglas City Elementary School District,CA,25,78
121210,6,11460,Downey Unified School District,CA,2742,19928
58010,6,11490,Dry Creek Joint Elementary School District,CA,720,7147
27268,6,11520,Duarte Unified School District,CA,453,3689
71153,6,19,Dublin Unified School District,CA,316,12180
1321,6,11550,Ducor Union Elementary School District,CA,37,181
773,6,11610,Dunham Elementary School District,CA,5,52
2025,6,11670,Dunsmuir Elementary School District,CA,59,166
2331,6,11700,Dunsmuir Joint Union High School District,CA,28,92
5256,6,11730,Durham Unified School District,CA,83,897
9642,6,11760,Earlimart Elementary School District,CA,484,1650
2588,6,11780,East Nicolaus Joint Union High School District,CA,8,147
544452,6,11820,East Side Union High School District,CA,2241,24706
73495,6,11850,East Whittier City Elementary School District,CA,747,8362
4220,6,11870,Eastern Sierra Unified School District,CA,54,515
27572,6,11910,Eastside Union Elementary School District,CA,738,3991
6520,6,11940,Edison Elementary School District,CA,261,1092
41401,6,12030,El Centro Elementary School District,CA,1759,5815
148792,6,12070,El Dorado Union High School District,CA,523,7657
78618,6,12090,El Monte City School District,CA,1585,8103
163541,6,12120,El Monte Union High School District,CA,1587,8514
1376,6,12150,El Nido Elementary School District,CA,15,143
57788,6,12180,El Rancho Unified School District,CA,1182,9160
16769,6,12210,El Segundo Unified School District,CA,114,2699
7995,6,26,El Tejon Unified School District,CA,128,1169
367331,6,12330,Elk Grove Unified School District,CA,8840,69727
264,6,12360,Elk Hills Elementary School District,CA,8,43
3088,6,12600,Elverta Joint Elementary School District,CA,35,294
12650,6,12630,Emery Unified School District,CA,88,781
27343,6,12690,Empire Union Elementary School District,CA,623,3390
73957,6,12750,Encinitas Union Elementary School District,CA,265,6137
34011,6,12810,Enterprise Elementary School District,CA,707,4040
18867,6,12840,Escalon Unified School District,CA,260,2977
171331,6,12880,Escondido Union Elementary School District,CA,2484,19372
174711,6,12910,Escondido Union High School District,CA,1088,9461
6845,6,12930,Esparto Unified School District,CA,99,1287
98656,6,12960,Etiwanda Elementary School District,CA,1182,13019
48005,6,52,Eureka City Unified School District,CA,970,5527
29247,6,13080,Eureka Union Elementary School District,CA,150,3243
99681,6,13140,Evergreen Elementary School District,CA,818,10860
9690,6,13170,Evergreen Union Elementary School District,CA,185,1205
16639,6,1423,Exeter Unified School District,CA,561,2926
15124,6,13290,Fairfax Elementary School District,CA,695,2555
142279,6,13360,Fairfield-Suisun Unified School District,CA,2775,24329
7759,6,13470,Fall River Joint Unified School District,CA,108,1143
67375,6,13500,Fallbrook Union Elementary School District,CA,591,5384
69719,6,13530,Fallbrook Union High School District,CA,257,2554
11301,6,35,Farmersville Unified School District,CA,940,2613
2678,6,37,Ferndale Unified School District,CA,37,408
836,6,13740,Fieldbrook Elementary School District,CA,10,83
20627,6,13800,Fillmore Unified School District,CA,487,3826
9328,6,13840,Firebaugh-Las Deltas Unified School District,CA,464,2182
605,6,13860,Flournoy Union Elementary School District,CA,4,55
140828,6,13890,Folsom-Cordova Unified School District,CA,2124,23273
185926,6,13920,Fontana Unified School District,CA,6115,37753
6797,6,13980,Foresthill Union Elementary School District,CA,34,541
6465,6,14010,Forestville Union Elementary School District,CA,24,425
14218,6,14070,Fort Bragg Unified School District,CA,223,1874
514,6,14130,Fort Ross Elementary School District,CA,2,23
2491,6,11,Fort Sage Unified School District,CA,57,273
13530,6,1420,Fortuna Elementary School District,CA,271,1510
22157,6,14190,Fortuna Union High School District,CA,176,1137
55194,6,14220,Fountain Valley Elementary School District,CA,466,5464
10909,6,14250,Fowler Unified School District,CA,488,2249
2336,6,14340,Franklin Elementary School District,CA,22,218
93315,6,14370,Franklin-McKinley Elementary School District,CA,1371,9546
225938,6,14400,Fremont Unified School District,CA,1441,36724
239108,6,14430,Fremont Union High School District,CA,371,10858
432,6,14490,French Gulch-Whiskeytown Elementary School District,CA,3,43
2245,6,14520,Freshwater Elementary School District,CA,14,151
402208,6,14550,Fresno Unified School District,CA,26349,80174
21284,6,14700,Fruitvale Elementary School District,CA,409,2843
124063,6,14730,Fullerton Elementary School District,CA,1414,12608
260031,6,14760,Fullerton Joint Union High School District,CA,1435,13628
31460,6,14790,Galt Joint Union Elementary School District,CA,408,4111
40831,6,14820,Galt Joint Union High School District,CA,227,2492
274529,6,14880,Garden Grove Unified School District,CA,7091,41329
353,6,14910,Garfield Elementary School District,CA,5,26
49727,6,14940,Garvey Elementary School District,CA,952,4538
29813,6,14950,Gateway Unified School District,CA,741,4706
304,6,14970,Gazelle Union Elementary School District,CA,4,33
851,6,15000,General Shafter Elementary School District,CA,24,120
3230,6,15090,Gerber Union Elementary School District,CA,92,370
1638,6,15150,Geyserville Unified School District,CA,8,189
68386,6,15180,Gilroy Unified School District,CA,1110,12511
213508,6,15240,Glendale Unified School District,CA,4537,27809
38314,6,15270,Glendora Unified School District,CA,469,6389
7485,6,15390,Gold Oak Union Elementary School District,CA,65,618
6543,6,15450,Gold Trail Union Elementary School District,CA,36,576
2180,6,15480,Golden Feather Union Elementary School District,CA,36,164
6808,6,91134,Golden Plains Unified School District,CA,171,1711
13125,6,68,Golden Valley Unified School District,CA,239,2444
80745,6,15510,Goleta Union Elementary School District,CA,379,4632
11440,6,46,Gonzales Unified School District,CA,153,2226
113,6,15600,Gorman Elementary School District,CA,0,16
2762,6,15690,Grant Elementary School District,CA,23,332
26874,6,15780,Grass Valley Elementary School District,CA,373,2177
603,6,15810,Gratton Elementary School District,CA,7,72
5624,6,15840,Gravenstein Union Elementary School District,CA,28,455
96,6,15870,Graves Elementary School District,CA,3,13
216,6,15990,Green Point Elementary School District,CA,1,20
19802,6,16080,Greenfield Union Elementary School District,CA,510,3369
55692,6,16050,Greenfield Union School District,CA,2414,9135
1077,6,16110,Grenada Elementary School District,CA,17,109
11910,6,51,Gridley Unified School District,CA,417,2176
484581,6,16230,Grossmont Union High School District,CA,3540,26674
8137,6,16260,Guadalupe Union Elementary School District,CA,236,1294
5085,6,16320,Guerneville Elementary School District,CA,27,336
10836,6,16323,Gustine Unified School District,CA,522,2331
111565,6,16325,Hacienda La Puente Unified School District,CA,2458,17467
3133,6,1339,Hamilton Unified School District,CA,117,533
46791,6,16470,Hanford Elementary School District,CA,1261,6633
74034,6,16500,Hanford Joint Union High School District,CA,716,4728
1015,6,16530,Happy Camp Union Elementary School District,CA,25,91
1522,6,16560,Happy Valley Elementary School District,CA,7,99
5915,6,16570,Happy Valley Union Elementary School District,CA,82,632
4391,6,16620,Harmony Union School District,CA,12,275
4134,6,16650,Hart-Ransom Union Elementary School District,CA,48,469
73469,6,16680,Hawthorne Elementary School District,CA,1719,8628
182404,6,16740,Hayward Unified School District,CA,2281,25967
15881,6,44,Healdsburg Unified School District,CA,124,1950
7042,6,16830,Heber Elementary School District,CA,172,1140
7017,6,16860,Helendale Elementary School District,CA,48,611
156894,6,16920,Hemet Unified School District,CA,3680,26572
19222,6,17040,Hermosa Beach City Elementary School District,CA,104,2295
111322,6,14,Hesperia Unified School District,CA,4693,23618
1242,6,17160,Hickman Community Charter School District,CA,26,180
11049,6,17190,Hillsborough City Elementary School District,CA,49,1511
10095,6,17220,Hilmar Unified School District,CA,258,1963
54243,6,17340,Hollister School District,CA,755,7092
8085,6,17430,Holtville Unified School District,CA,406,1719
15961,6,17490,Hope Elementary School District,CA,108,1244
865,6,17520,Hope Elementary School District,CA,17,108
1494,6,17580,Horicon Elementary School District,CA,5,40
687,6,17620,Hornbrook Elementary School District,CA,17,61
397,6,17640,Hot Springs Elementary School District,CA,7,26
3109,6,17760,Howell Mountain Elementary School District,CA,18,338
53715,6,17850,Hueneme Elementary School District,CA,1302,6482
3257,6,17880,Hughes-Elizabeth Lakes Union Elementary School District,CA,24,242
13289,6,60,Hughson Unified School District,CA,209,2365
84075,6,18030,Huntington Beach City Elementary School District,CA,444,6802
321153,6,18060,Huntington Beach Union High School District,CA,1577,15192
1324,6,18120,Hydesville Elementary School District,CA,15,164
968,6,18160,"Igo, Ono, Platina Union Elementary School District",CA,5,75
24663,6,18210,Imperial Unified School District,CA,694,5056
148,6,18240,Indian Diggings Elementary School District,CA,1,9
108223,6,18390,Inglewood Unified School District,CA,3173,16432
271174,6,84500,Irvine Unified School District,CA,3527,42333
1426,6,18510,Island Union Elementary School District,CA,22,154
2665,6,18660,Jacoby Creek Elementary School District,CA,19,239
8006,6,18690,Jamestown Elementary School District,CA,86,486
8900,6,18730,Jamul-Dulzura Union Elementary School District,CA,106,840
2974,6,18780,Janesville Union Elementary School District,CA,41,375
186,6,18810,Jefferson Elementary School District,CA,1,21
17389,6,18840,Jefferson Elementary School District,CA,162,2476
87863,6,18870,Jefferson Elementary School District,CA,712,7116
139460,6,18930,Jefferson Union High School District,CA,409,5721
15187,6,18990,John Swett Unified School District,CA,261,2177
1112,6,19050,Johnstonville Elementary School District,CA,23,138
4134,6,19140,Julian Union Elementary School District,CA,20,338
4614,6,19110,Julian Union High School District,CA,10,202
686,6,19170,Junction City Elementary School District,CA,16,48
3984,6,19200,Junction Elementary School District,CA,30,470
362,6,19230,Junction Elementary School District,CA,13,41
110094,6,19260,Jurupa Unified School District,CA,2385,20668
70,6,32340,Kashia Elementary School District,CA,3,13
12937,6,19320,Kelseyville Unified School District,CA,489,2052
12170,6,19380,Kentfield Elementary School District,CA,72,1340
3852,6,19410,Kenwood Elementary School District,CA,3,49
21251,6,19440,Keppel Union Elementary School District,CA,520,2661
21825,6,19490,Kerman Unified School District,CA,969,4819
672908,6,19540,Kern High School District,CA,10363,46906
11573,6,19590,Kernville Union Elementary School District,CA,207,947
5927,6,19620,Keyes Union Elementary School District,CA,170,852
15916,6,19680,King City Union Elementary School District,CA,349,2573
47627,6,19700,Kings Canyon Joint Unified School District,CA,2497,10037
2863,6,19740,Kings River Union Elementary School District,CA,157,426
2597,6,19770,Kings River-Hardwick Union Elementary School District,CA,55,368
15682,6,19800,Kingsburg Elementary Charter School District,CA,305,2134
18458,6,19830,Kingsburg Joint Union High School District,CA,167,1185
374,6,19860,Kirkwood Elementary School District,CA,10,43
2359,6,19890,Kit Carson Union Elementary School District,CA,47,325
522,6,19920,Klamath River Union Elementary School District,CA,8,45
6247,6,19950,Klamath-Trinity Joint Unified School District,CA,211,1172
399,6,19980,Kneeland Elementary School District,CA,4,60
733,6,20010,Knights Ferry Elementary School District,CA,9,108
4191,6,20040,Knightsen Elementary School District,CA,31,535
24582,6,20070,Konocti Unified School District,CA,1217,4275
17644,6,20130,La Cañada Unified School District,CA,152,3658
51313,6,20190,La Habra City Elementary School District,CA,661,5462
3524,6,20220,La Honda-Pescadero Unified School District,CA,14,398
138093,6,20250,La Mesa-Spring Valley School District,CA,1651,14107
28787,6,20310,Lafayette Elementary School District,CA,91,3586
28073,6,20370,Laguna Beach Unified School District,CA,222,3327
598,6,20430,Laguna Joint Elementary School District,CA,10,54
283,6,20490,Lagunita Elementary School District,CA,1,19
3815,6,20520,Lagunitas Elementary School District,CA,18,344
520,6,20610,Lake Elementary School District,CA,18,88
142825,6,27,Lake Elsinore Unified School District,CA,2671,26664
29803,6,20640,Lake Tahoe Unified School District,CA,307,3699
11304,6,20670,Lakeport Unified School District,CA,392,1705
1713,6,20700,Lakeside Joint Elementary School District,CA,8,152
2482,6,20760,Lakeside Union Elementary School District,CA,98,379
43464,6,20790,Lakeside Union Elementary School District,CA,478,4811
12293,6,20730,Lakeside Union School District,CA,289,1843
27367,6,1410,Lammersville Joint Unified School District,CA,232,6186
14921,6,20850,Lamont Elementary School District,CA,860,2466
123437,6,20880,Lancaster Elementary School District,CA,3147,16433
14621,6,20910,Larkspur Elementary School District,CA,93,1753
11347,6,22380,Las Lomitas Elementary School District,CA,23,1415
61249,6,21000,Las Virgenes Unified School District,CA,622,10443
23128,6,21060,Lassen Union High School District,CA,159,1140
2624,6,21090,Lassen View Union Elementary School District,CA,50,285
3365,6,21150,Laton Joint Unified School District,CA,96,682
4127,6,21180,Latrobe Elementary School District,CA,19,272
45179,6,21210,Lawndale Elementary School District,CA,908,4972
3001,6,42580,Laytonville Unified School District,CA,166,426
2271,6,21240,Le Grand Union Elementary School District,CA,58,313
7991,6,21270,Le Grand Union High School District,CA,93,585
611,6,9665,Leggett Valley Unified School District,CA,27,76
37252,6,21330,Lemon Grove Elementary School District,CA,517,3952
29299,6,21360,Lemoore Union Elementary School District,CA,645,4135
40953,6,21400,Lemoore Union High School District,CA,316,2482
25406,6,21420,Lennox Elementary School District,CA,749,3183
1575,6,21480,Lewiston Elementary School District,CA,42,122
1830,6,21540,Liberty Elementary School District,CA,5,123
2050,6,21570,Liberty Elementary School District,CA,31,190
128291,6,21600,Liberty Union High School District,CA,511,7827
52224,6,21690,Lincoln Unified School District,CA,1436,9303
12726,6,21810,Linden Unified School District,CA,242,2316
17508,6,21870,Lindsay Unified School District,CA,1247,4241
633,6,21900,Linns Valley-Poso Flat Union School District,CA,6,51
34781,6,21930,Little Lake City Elementary School District,CA,370,3698
329,6,21960,Little Shasta Elementary School District,CA,6,37
21435,6,21990,Live Oak Elementary School District,CA,171,1642
10908,6,22050,Live Oak Unified School District,CA,286,2166
89012,6,22110,Livermore Valley Joint Unified School District,CA,494,14211
17531,6,22170,Livingston Union School District,CA,572,2475
187542,6,22230,Lodi Unified School District,CA,5333,34861
1552,6,22320,Loleta Union Elementary School District,CA,22,172
4672,6,22350,Loma Prieta Joint Union Elementary School District,CA,14,475
59684,6,22410,Lompoc Unified School District,CA,1875,10811
2362,6,22440,Lone Pine Unified School District,CA,43,337
503511,6,22500,Long Beach Unified School District,CA,10747,73958
25803,6,22560,Loomis Union Elementary School District,CA,98,2936
49628,6,22590,Los Alamitos Unified School District,CA,316,6984
44638,6,22650,Los Altos Elementary School District,CA,133,5627
4526115,6,22710,Los Angeles Unified School District,CA,121547,643249
51789,6,22740,Los Banos Unified School District,CA,2392,11847
29643,6,22830,Los Gatos Union Elementary School District,CA,88,3530
56625,6,22800,Los Gatos-Saratoga Joint Union School District,CA,78,3442
3623,6,22860,Los Molinos Unified School District,CA,71,608
14966,6,22890,Los Nietos Elementary School District,CA,217,1631
1576,6,22920,Los Olivos Elementary School District,CA,8,124
2633,6,22950,Lost Hills Union Elementary School District,CA,46,457
34685,6,23010,Lowell Joint Elementary School District,CA,301,3523
3647,6,23040,Lucerne Elementary School District,CA,181,335
6418,6,15,Lucerne Valley Unified School District,CA,237,1035
79699,6,23080,Lucia Mar Unified School District,CA,1249,10953
3976,6,23130,Luther Burbank Elementary School District,CA,46,342
65251,6,23160,Lynwood Unified School District,CA,2564,12661
97905,6,23340,Madera Unified School District,CA,6317,22133
63626,6,23430,Magnolia Elementary School District,CA,1108,5528
127,6,23460,Magnolia Union Elementary School District,CA,1,15
8424,6,23530,Mammoth Unified School District,CA,116,1168
620,6,23550,Manchester Union Elementary School District,CA,22,60
34595,6,25,Manhattan Beach Unified School District,CA,215,6192
145796,6,23610,Manteca Unified School District,CA,3583,27779
1020,6,23700,Manzanita Elementary School District,CA,21,117
86,6,23730,Maple Creek Elementary School District,CA,2,20
454,6,23760,Maple Elementary School District,CA,7,74
830,6,23800,Marcum-Illinois Union Elementary School District,CA,2,62
1707,6,23820,Maricopa Unified School District,CA,79,300
16862,6,23940,Mariposa County Unified School District,CA,395,2205
10040,6,23970,Mark Twain Union Elementary School District,CA,118,819
12898,6,24000,Mark West Union Elementary School District,CA,68,968
31282,6,24030,Martinez Unified School District,CA,290,4501
69638,6,24090,Marysville Joint Unified School District,CA,2797,13678
732,6,38,Mattole Unified School District,CA,14,63
1754,6,24150,Maxwell Unified School District,CA,74,328
7023,6,24180,McCabe Union Elementary School District,CA,105,1105
1159,6,24210,McCloud Union Elementary School District,CA,27,71
15153,6,24230,McFarland Unified School District,CA,1093,3782
15767,6,24300,McKinleyville Union Elementary School District,CA,216,1592
273,6,24330,McKittrick Elementary School District,CA,4,40
5986,6,24360,McSwain Union Elementary School District,CA,98,814
2218,6,24390,Meadows Union Elementary School District,CA,111,265
5826,6,24480,Mendocino Unified School District,CA,86,578
14258,6,22,Mendota Unified School District,CA,889,3289
113177,6,24540,Menifee Union School District,CA,971,13552
27231,6,24570,Menlo Park City Elementary School District,CA,78,3223
95443,6,24600,Merced City Elementary School District,CA,3526,12507
728,6,24630,Merced River Union Elementary School District,CA,16,90
191208,6,24660,Merced Union High School District,CA,2965,12839
558,6,24690,Meridian Elementary School District,CA,6,50
3602,6,24720,Mesa Union Elementary School District,CA,21,331
9562,6,24750,Middletown Unified School District,CA,222,1800
394,6,24780,Midway Elementary School District,CA,10,49
31159,6,24870,Mill Valley Elementary School District,CA,172,3615
25415,6,24900,Millbrae Elementary School District,CA,167,2314
1601,6,24930,Millville Elementary School District,CA,14,166
77940,6,24500,Milpitas Unified School District,CA,627,11229
284,6,25110,Mission Union Elementary School District,CA,4,33
122246,6,25130,Modesto City Elementary School District,CA,4230,16359
286160,6,25150,Modesto City High School District,CA,3250,17645
5946,6,25190,Modoc Joint Unified School District,CA,204,898
20482,6,25230,Mojave Unified School District,CA,1286,3841
1103,6,25290,Monroe Elementary School District,CA,43,147
43200,6,25320,Monrovia Unified School District,CA,629,6099
2316,6,25350,Monson-Sultana Joint Union Elementary School District,CA,114,350
1678,6,25380,Montague Elementary School District,CA,29,190
1705,6,25410,Monte Rio Union Elementary School District,CA,7,73
156016,6,25470,Montebello Unified School District,CA,4674,26163
5680,6,25500,Montecito Union Elementary School District,CA,33,419
93321,6,25530,Monterey Peninsula Unified School District,CA,1363,13417
1004,6,25650,Montgomery Elementary School District,CA,6,59
37367,6,25690,Moorpark Unified School District,CA,495,6409
17169,6,25740,Moraga Elementary School District,CA,44,1890
49917,6,25770,Moreland School District,CA,354,5372
189769,6,25800,Moreno Valley Unified School District,CA,4826,37292
67344,6,25830,Morgan Hill Unified School District,CA,658,11315
72134,6,25860,Morongo Unified School District,CA,1689,9437
16148,6,25980,Mother Lode Union Elementary School District,CA,117,1328
342,6,26340,Mount Baldy Joint Elementary School District,CA,2,30
268005,6,26370,Mount Diablo Unified School District,CA,3818,39090
21906,6,26400,Mount Pleasant Elementary School District,CA,254,2220
6936,6,26040,Mount Shasta Union Elementary School District,CA,87,576
1371,6,26070,Mountain Elementary School District,CA,4,80
11937,6,26100,Mountain Empire Unified School District,CA,246,2004
312,6,26130,Mountain House Elementary School District,CA,3,32
1297,6,27040,Mountain Union Elementary School District,CA,14,91
5982,6,18,Mountain Valley Unified School District,CA,222,764
52832,6,26190,Mountain View Elementary School District,CA,1439,6521
30423,6,26220,Mountain View Elementary School District,CA,309,3512
72320,6,26280,Mountain View Whisman Elementary School District,CA,316,5944
116958,6,26310,Mountain View-Los Altos Union School District,CA,170,4735
118,6,26430,Mulberry Elementary School District,CA,4,14
825,6,26460,Mupu Elementary School District,CA,7,95
5594,6,26490,Muroc Joint Unified School District,CA,200,1174
118195,6,29,Murrieta Valley Unified School District,CA,1498,22641
113582,6,26640,Napa Valley Unified School District,CA,1247,16471
56336,6,26670,National Elementary School District,CA,847,4871
88027,6,36,Natomas Unified School District,CA,1855,13978
7184,6,26760,Needles Unified School District,CA,203,1066
15969,6,26820,Nevada City Elementary School District,CA,122,1091
85401,6,26880,Nevada Joint Union High School District,CA,476,3836
74356,6,26910,New Haven Unified School District,CA,621,10057
1541,6,26970,New Hope Elementary School District,CA,16,202
2348,6,27030,New Jerusalem Elementary School District,CA,36,247
46592,6,27060,Newark Unified School District,CA,318,6615
2876,6,27120,Newcastle Elementary School District,CA,12,277
72195,6,27180,Newhall Elementary School District,CA,594,6384
16226,6,27200,Newman-Crows Landing Unified School District,CA,510,3590
194784,6,27240,Newport-Mesa Unified School District,CA,2430,25278
604,6,27300,Nicasio Elementary School District,CA,3,50
30408,6,27450,Norris Elementary School District,CA,393,4822
4055,6,27480,North County Joint Union Elementary School District,CA,57,419
1522,6,27510,North Cow Creek Elementary School District,CA,7,137
28720,6,27590,North Monterey County Unified School District,CA,915,5459
45304,6,3030,Northern Humboldt Union High School District,CA,234,1774
119057,6,27690,Norwalk-La Mirada Unified School District,CA,2138,18264
58902,6,27720,Novato Unified School District,CA,895,8521
448,6,27750,Nuestro Elementary School District,CA,10,57
10584,6,27780,Nuview Union Elementary School District,CA,164,1282
112924,6,27810,Oak Grove Elementary School District,CA,950,12046
4828,6,27840,Oak Grove Union Elementary School District,CA,19,363
13760,6,27850,Oak Park Unified School District,CA,111,2569
678,6,27870,Oak Run Elementary School District,CA,19,77
1327,6,27900,Oak Valley Union Elementary School District,CA,53,184
2973,6,27930,Oak View Union Elementary School District,CA,43,377
34561,6,62,Oakdale Joint Unified School District,CA,689,6209
430828,6,28050,Oakland Unified School District,CA,7199,54967
40831,6,28080,Oakley Union Elementary School District,CA,415,5267
97194,6,28140,Ocean View Elementary School District,CA,990,8944
17154,6,28170,Ocean View Elementary School District,CA,373,2211
136266,6,28250,Oceanside Unified School District,CA,1829,18913
21837,6,28270,Ojai Unified School District,CA,303,2944
26093,6,28320,Old Adobe Union Elementary School District,CA,121,2017
169693,6,28470,Ontario-Montclair School District,CA,3690,21081
1740,6,28530,Orange Center Elementary School District,CA,103,250
223022,6,28650,Orange Unified School District,CA,3213,33048
21512,6,28680,Orchard Elementary School District,CA,119,1342
38389,6,28710,Orcutt Union Elementary School District,CA,458,4451
362,6,28830,Orick Elementary School District,CA,7,25
19631,6,28860,Orinda Union Elementary School District,CA,43,2622
14678,6,45,Orland Joint Unified School District,CA,577,2797
869,6,28950,Oro Grande Elementary School District,CA,20,92
28824,6,29100,Oroville City Elementary School District,CA,694,3068
54764,6,29130,Oroville Union High School District,CA,646,3122
674,6,29160,Outside Creek Elementary School District,CA,24,94
584,6,29190,Owens Valley Unified School District,CA,11,67
123420,6,29220,Oxnard Elementary School District,CA,2667,14529
323171,6,29270,Oxnard Union High School District,CA,2465,17217
9245,6,29280,Pacheco Union Elementary School District,CA,99,965
939,6,29340,Pacific Elementary School District,CA,3,74
17326,6,29370,Pacific Grove Unified School District,CA,111,2303
2823,6,29400,Pacific Union Elementary School District,CA,132,420
5424,6,29430,Pacific Union Elementary School District,CA,78,454
36904,6,20460,Pacifica School District,CA,137,3395
107958,6,29490,Pajaro Valley Joint Unified School District,CA,3424,18657
8124,6,29540,Palermo Union Elementary School District,CA,206,915
183153,6,29550,Palm Springs Unified School District,CA,3339,24230
139816,6,29580,Palmdale Elementary School District,CA,4100,19461
91721,6,29610,Palo Alto Unified School District,CA,351,12058
22071,6,29640,Palo Verde Unified School District,CA,419,2979
2391,6,29670,Palo Verde Union Elementary School District,CA,91,406
59657,6,29700,Palos Verdes Peninsula Unified School District,CA,419,9915
146163,6,6390,Panama-Buena Vista School District,CA,3699,20406
188,6,29770,Panoche Elementary School District,CA,5,24
862,6,29790,Paradise Elementary School District,CA,10,85
13915,6,29820,Paradise Unified School District,CA,241,1776
75983,6,29850,Paramount Unified School District,CA,2581,14217
15522,6,29910,Parlier Unified School District,CA,1180,3667
198820,6,29940,Pasadena Unified School District,CA,2569,24040
49381,6,48,Paso Robles Joint Unified School District,CA,971,7136
29080,6,30030,Patterson Joint Unified School District,CA,1028,6406
460,6,30090,Peninsula Union Elementary School District,CA,9,37
13087,6,1427,Penn Valley Union Elementary School District,CA,131,975
52807,6,30180,Perris Elementary School District,CA,1011,6042
213801,6,30210,Perris Union High School District,CA,1470,14497
31428,6,30230,Petaluma City Elementary School District,CA,160,2315
74337,6,30250,Petaluma Joint Union High School District,CA,298,5017
11159,6,30330,Piedmont City Unified School District,CA,30,2385
7080,6,30360,Pierce Joint Unified School District,CA,171,1397
965,6,30390,Pine Ridge Elementary School District,CA,8,94
15676,6,30450,Piner-Olivet Union Elementary School District,CA,80,1174
5379,6,30480,Pioneer Union Elementary School District,CA,55,430
12441,6,30510,Pioneer Union Elementary School District,CA,129,1761
1723,6,30520,Pioneer Union Elementary School District,CA,26,107
63853,6,30600,Pittsburg Unified School District,CA,1839,10915
5340,6,30630,Pixley Union Elementary School District,CA,291,969
164534,6,30660,Placentia-Yorba Linda Unified School District,CA,2122,27207
15230,6,30720,Placer Hills Union Elementary School District,CA,56,1249
98070,6,30750,Placer Union High School District,CA,271,5276
15285,6,30780,Placerville Union Elementary School District,CA,201,1345
506,6,30810,Plainsburg Union Elementary School District,CA,12,67
5215,6,30840,Planada Elementary School District,CA,137,788
334,6,30870,Plaza Elementary School District,CA,30,55
876,6,30900,Pleasant Grove Joint Union Elementary School District,CA,4,97
20829,6,30930,Pleasant Ridge Union Elementary School District,CA,181,1752
79953,6,30990,Pleasant Valley Elementary School District,CA,568,7746
964,6,31020,Pleasant Valley Joint Union Elementary School District,CA,11,105
2451,6,31050,Pleasant View Elementary School District,CA,90,410
78795,6,20,Pleasanton Unified School District,CA,326,14557
9019,6,31180,Plumas Lake Elementary School District,CA,103,1553
18173,6,31170,Plumas Unified School District,CA,383,2319
5848,6,31230,Point Arena Joint Union High School District,CA,41,201
9470,6,31290,Pollock Pines Elementary School District,CA,104,837
164962,6,31320,Pomona Unified School District,CA,4723,27182
487,6,31350,Pond Union Elementary School District,CA,32,94
740,6,31380,Pope Valley Union Elementary School District,CA,12,110
103967,6,64,Porterville Unified School District,CA,5075,15880
6466,6,31470,Portola Valley Elementary School District,CA,9,678
2157,6,31400,Potter Valley Community Unified School District,CA,46,343
204514,6,31530,Poway Unified School District,CA,1581,36857
1046,6,31620,Princeton Joint Unified School District,CA,36,195
1821,6,31680,Raisin City Elementary School District,CA,133,315
36871,6,31710,Ramona City Unified School District,CA,484,6303
6194,6,31740,Rancho Santa Fe Elementary School District,CA,13,470
144,6,31830,Ravendale-Termo Elementary School District,CA,6,20
35268,6,31860,Ravenswood City Elementary School District,CA,589,4108
1200,6,31920,Raymond-Knowles Union Elementary School District,CA,24,137
43314,6,32010,Red Bluff Joint Union High School District,CA,487,2535
20609,6,31980,Red Bluff Union Elementary School District,CA,586,2446
35891,6,32040,Redding Elementary School District,CA,574,3657
134075,6,32070,Redlands Unified School District,CA,2388,22111
69787,6,32,Redondo Beach Unified School District,CA,427,9599
97810,6,32130,Redwood City Elementary School District,CA,836,9397
13954,6,32160,Reed Union Elementary School District,CA,102,1713
1145,6,32250,Reeds Creek Elementary School District,CA,12,97
15373,6,32270,Reef-Sunset Unified School District,CA,667,2651
36277,6,32310,Rescue Union Elementary School District,CA,199,4396
130336,6,32370,Rialto Unified School District,CA,4525,26589
1212,6,32400,Richfield Elementary School District,CA,29,153
2712,6,32430,Richgrove Elementary School District,CA,89,484
20593,6,21450,Richland Union School District,CA,768,3521
1031,6,32520,Richmond Elementary School District,CA,5,128
30692,6,32610,Rim of the World Unified School District,CA,211,4472
40021,6,32640,Rincon Valley Union Elementary School District,CA,157,2723
5817,6,32710,Rio Bravo-Greeley Union Elementary School District,CA,109,910
3380,6,32730,Rio Dell Elementary School District,CA,65,375
42213,6,32760,Rio Elementary School District,CA,781,4904
21577,6,32880,Ripon Unified School District,CA,307,4466
17886,6,33110,River Delta Joint Unified School District,CA,186,2070
16294,6,61,Riverbank Unified School District,CA,602,3328
7789,6,40,Riverdale Joint Unified School District,CA,276,1566
268640,6,33150,Riverside Unified School District,CA,4305,43714
728,6,33210,Roberts Ferry Union Elementary School District,CA,9,75
21223,6,33240,Robla Elementary School District,CA,402,2154
1224,6,33270,Rockford Elementary School District,CA,45,176
74557,6,13,Rocklin Unified School District,CA,640,14456
37233,6,33390,Romoland Elementary School District,CA,482,4854
52223,6,33480,Rosedale Union Elementary School District,CA,705,7498
12107,6,33510,Roseland School District,CA,184,1176
25930,6,33570,Rosemead Elementary School District,CA,422,2284
118760,6,33600,Roseville City Elementary School District,CA,903,14166
206018,6,33630,Roseville Joint Union High School District,CA,753,11400
2693,6,33660,Ross Elementary School District,CA,7,425
23644,6,6,Ross Valley Elementary School District,CA,140,2552
1092,6,33690,Round Valley Joint Elementary School District,CA,8,90
3069,6,33720,Round Valley Unified School District,CA,167,555
104081,6,33750,Rowland Unified School District,CA,2420,15172
359996,6,33840,Sacramento City Unified School District,CA,8561,52165
219688,6,33860,Saddleback Valley Unified School District,CA,2060,32027
20449,6,33900,Salida Union Elementary School District,CA,386,2842
84259,6,33930,Salinas City Elementary School District,CA,1681,8869
183864,6,33980,Salinas Union High School District,CA,3205,17534
1504,6,34050,San Antonio Union Elementary School District,CA,14,174
546,6,34080,San Ardo Union Elementary School District,CA,18,92
61978,6,34140,San Benito High School District,CA,375,3863
277556,6,34170,San Bernardino City Unified School District,CA,12215,56719
38136,6,34230,San Bruno Park Elementary School District,CA,205,3301
28129,6,34290,San Carlos Elementary School District,CA,64,3365
1066645,6,34320,San Diego City Unified School District,CA,14954,128241
183345,6,34380,San Dieguito Union High School District,CA,580,15060
827526,6,34410,San Francisco Unified School District,CA,7720,79153
40911,6,34425,San Gabriel Unified School District,CA,710,5287
58950,6,34440,San Jacinto Unified School District,CA,1716,12363
266744,6,34590,San Jose Unified School District,CA,2652,35949
356729,6,34620,San Juan Unified School District,CA,8792,53193
73264,6,34680,San Leandro Unified School District,CA,894,9766
81422,6,34710,San Lorenzo Unified School District,CA,1189,12318
24599,6,34740,San Lorenzo Valley Unified School District,CA,196,3062
452,6,34770,San Lucas Union Elementary School District,CA,12,78
93473,6,34800,San Luis Coastal Unified School District,CA,754,8705
127110,6,34880,San Marcos Unified School District,CA,1516,21279
14173,6,34860,San Marino Unified School District,CA,151,2583
242819,6,34980,San Mateo Union High School District,CA,622,10450
136493,6,34920,San Mateo-Foster City Elementary School District,CA,924,12921
6439,6,35010,San Miguel Joint Union Elementary School District,CA,81,833
3380,6,35040,San Pasqual Union Elementary School District,CA,25,472
3003,6,35070,San Pasqual Valley Unified School District,CA,163,639
55346,6,35090,San Rafael City Elementary School District,CA,946,4801
77307,6,35110,San Rafael City High School District,CA,427,2983
164461,6,35130,San Ramon Valley Unified School District,CA,780,31756
42979,6,35220,San Ysidro Elementary School District,CA,683,3558
59326,6,35250,Sanger Unified School District,CA,2185,12798
241547,6,35310,Santa Ana Unified School District,CA,6644,41833
188608,6,1414,Santa Barbara Unified School District,CA,1777,16076
215,6,35490,Santa Clara Elementary School District,CA,3,35
169872,6,35430,Santa Clara Unified School District,CA,1090,19098
63320,6,35590,Santa Cruz City Elementary School District,CA,237,2583
117891,6,35600,Santa Cruz City High School District,CA,451,5346
154936,6,35670,Santa Maria Joint Union High School District,CA,2235,10339
107659,6,5580,Santa Maria-Bonita Elementary School District,CA,4444,16021
107003,6,35700,Santa Monica-Malibu Unified School District,CA,897,10676
32699,6,1421,Santa Paula Unified School District,CA,848,5431
25274,6,35790,Santa Rita Union Elementary School District,CA,582,2889
70990,6,35810,Santa Rosa Elementary School District,CA,563,5469
210515,6,35830,Santa Rosa High School District,CA,1226,14101
22497,6,35850,Santa Ynez Valley Union High School District,CA,101,1332
63981,6,35880,Santee School District,CA,538,6768
20597,6,35910,Saratoga Union Elementary School District,CA,47,2161
184,6,35940,Saucelito Elementary School District,CA,7,26
113257,6,35970,Saugus Union Elementary School District,CA,601,10746
11064,6,36000,Sausalito Elementary School District,CA,97,564
29482,6,36030,Savanna Elementary School District,CA,336,2328
1061,6,36100,Scotia Union Elementary School District,CA,24,144
5068,6,159,Scott Valley Unified School District,CA,134,807
17981,6,43,Scotts Valley Unified School District,CA,110,2858
11836,6,36180,Sebastopol Union Elementary School District,CA,88,1001
2606,6,36210,Seeley Union Elementary School District,CA,103,368
271,6,36240,Seiad Elementary School District,CA,8,19
30320,6,36270,Selma Unified School District,CA,1578,6470
197,6,36330,Semitropic Elementary School District,CA,9,43
2225,6,36360,Sequoia Union Elementary School District,CA,57,299
253088,6,36390,Sequoia Union High School District,CA,642,11071
8341,6,36420,Shaffer Union Elementary School District,CA,40,279
1766,6,36450,Shandon Joint Unified School District,CA,29,343
1362,6,36570,Shasta Union Elementary School District,CA,7,137
102987,6,36600,Shasta Union High School District,CA,721,5505
764,6,36660,Shiloh Elementary School District,CA,16,94
5979,6,36670,Shoreline Unified School District,CA,23,630
35742,6,36800,Sierra Sands Unified School District,CA,991,6517
10611,6,36805,Sierra Unified School District,CA,192,1621
3774,6,36780,Sierra-Plumas Joint Unified School District,CA,65,496
238,6,36810,Silver Fork Elementary School District,CA,2,18
12244,6,36820,Silver Valley Unified School District,CA,176,2105
128423,6,36840,Simi Valley Unified School District,CA,1692,19369
15297,6,36940,Siskiyou Union High School District,CA,122,744
690,6,36960,Snelling-Merced Falls Union Elementary School District,CA,9,86
42303,6,36970,Snowline Joint Unified School District,CA,1210,8237
41394,6,36990,Solana Beach Elementary School District,CA,123,3486
25506,6,37050,Soledad Unified School District,CA,699,4762
6567,6,37110,Solvang Elementary School District,CA,49,549
3114,6,37140,Somis Union Elementary School District,CA,32,290
37126,6,37200,Sonoma Valley Unified School District,CA,394,4630
9148,6,37230,Sonora Elementary School District,CA,126,782
38926,6,37260,Sonora Union High School District,CA,232,1778
26139,6,37290,Soquel Elementary School District,CA,169,2072
4863,6,37320,Soulsbyville Elementary School District,CA,45,485
6878,6,37350,South Bay Union Elementary School District,CA,90,500
76403,6,37380,South Bay Union School District,CA,1037,6526
3196,6,37470,South Fork Union School District,CA,59,262
38810,6,19650,South Monterey County Joint Union High School District,CA,361,2795
26225,6,37500,South Pasadena Unified School District,CA,216,4738
78617,6,37530,South San Francisco Unified School District,CA,748,9940
27283,6,37560,South Whittier Elementary School District,CA,512,3268
7744,6,37590,Southern Humboldt Joint Unified School District,CA,242,915
22351,6,37620,Southern Kern Unified School District,CA,948,4770
923,6,37630,Southern Trinity Joint Unified School District,CA,16,101
1926,6,37650,Southside Elementary School District,CA,13,169
480,6,37680,Spencer Valley Elementary School District,CA,1,30
6963,6,37710,Spreckels Union Elementary School District,CA,42,695
4295,6,37770,Springville Union Elementary School District,CA,55,383
8946,6,37830,St. Helena Unified School District,CA,63,1179
25455,6,37890,Standard Elementary School District,CA,897,3389
31656,6,37950,Stanislaus Union Elementary School District,CA,751,3729
227383,6,38010,Stockton Unified School District,CA,10557,45078
645,6,38040,Stone Corral Elementary School District,CA,48,91
841,6,38070,Stony Creek Joint Unified School District,CA,79,158
5590,6,38130,Strathmore Union Elementary School District,CA,205,856
65282,6,38220,Sulphur Springs Union Elementary School District,CA,649,5981
4303,6,38250,Summerville Elementary School District,CA,66,474
9661,6,38280,Summerville Union High School District,CA,58,491
2282,6,38340,Sundale Union Elementary School District,CA,63,377
2194,6,38430,Sunnyside Union Elementary School District,CA,88,364
95950,6,38460,Sunnyvale Elementary School District,CA,427,7696
939,6,21,Sunol Glen Unified School District,CA,4,109
1084,6,38520,Surprise Valley Joint Unified School District,CA,29,119
9526,6,38550,Susanville Elementary School District,CA,220,1247
7543,6,38610,Sutter Union High School District,CA,39,504
491743,6,38640,Sweetwater Union High School District,CA,5342,42310
78707,6,38670,Sylvan Union Elementary School District,CA,1442,9788
18672,6,38700,Taft City School District,CA,760,2498
19602,6,38730,Taft Union High School District,CA,355,1307
33279,6,38770,Tahoe-Truckee Unified School District,CA,187,4820
115824,6,38790,Tamalpais Union High School District,CA,278,5177
35869,6,38880,Tehachapi Unified School District,CA,693,5918
169697,6,28,Temecula Valley Unified School District,CA,1864,34134
34666,6,38980,Temple City Unified School District,CA,637,5316
11352,6,39000,Templeton Unified School District,CA,143,1943
5671,6,39060,Terra Bella Union Elementary School District,CA,208,865
12671,6,39180,Thermalito Union School District,CA,360,1545
2159,6,39210,Three Rivers Union Elementary School District,CA,32,167
3252,6,39300,Tipton Elementary School District,CA,110,545
143175,6,39420,Torrance Unified School District,CA,1545,21397
106260,6,47,Tracy Unified School District,CA,2248,17774
1207,6,39600,Traver Joint Elementary School District,CA,49,208
32388,6,39630,Travis Unified School District,CA,317,5637
864,6,39690,Tres Pinos Union Elementary School District,CA,2,96
2043,6,39720,Trinidad Union Elementary School District,CA,30,171
8435,6,1331,Trinity Alps Unified School District,CA,265,889
382,6,39750,Trinity Center Elementary School District,CA,5,21
1713,6,39840,Trona Joint Unified School District,CA,72,285
71093,6,39870,Tulare City Elementary School District,CA,2825,11043
89073,6,39930,Tulare Joint Union High School District,CA,1411,6188
1969,6,39940,Tulelake Basin Joint Unified School District,CA,75,402
85271,6,158,Turlock Unified School District,CA,2519,14473
142607,6,40150,Tustin Unified School District,CA,2235,23632
5358,6,40200,Twain Harte School District,CA,61,419
5601,6,40230,Twin Hills Union Elementary School District,CA,28,381
2423,6,12,Twin Ridges Elementary School District,CA,38,183
206951,6,1332,Twin Rivers Unified School District,CA,7803,35741
1511,6,40260,Two Rock Union Elementary School District,CA,7,146
39248,6,40300,Ukiah Unified School District,CA,876,6843
46935,6,40320,Union Elementary School District,CA,169,6281
2595,6,40380,Union Hill Elementary School District,CA,37,209
78884,6,16,Upland Unified School District,CA,1423,12639
9379,6,1442,Upper Lake Unified School District,CA,435,1058
89028,6,40590,Vacaville Unified School District,CA,1293,14216
93142,6,91135,Val Verde Unified School District,CA,2462,19538
6161,6,40650,Valle Lindo Elementary School District,CA,97,559
9904,6,40680,Vallecito Union Elementary School District,CA,133,736
2344,6,40710,Vallecitos Elementary School District,CA,29,196
130117,6,40740,Vallejo City Unified School District,CA,3007,19220
27418,6,69,Valley Center-Pauma Unified School District,CA,331,4315
1899,6,40800,Valley Home Joint Elementary School District,CA,16,213
120914,6,40980,Ventura Unified School District,CA,1861,17463
111499,6,41040,Victor Elementary School District,CA,3039,12848
186147,6,36972,Victor Valley Union High School District,CA,4096,19146
3602,6,41130,Vineland Elementary School District,CA,260,602
164017,6,41160,Visalia Unified School District,CA,7311,33687
153422,6,41190,Vista Unified School District,CA,2561,23671
550,6,41220,Vista del Mar Union Elementary School District,CA,11,44
53812,6,41250,Walnut Creek Elementary School District,CA,202,3950
54881,6,41280,Walnut Valley Unified School District,CA,877,8676
2192,6,42,Warner Unified School District,CA,17,202
28121,6,41400,Wasco Union Elementary School District,CA,1039,4046
31405,6,41430,Wasco Union High School District,CA,474,2079
2756,6,41460,Washington Colony Elementary School District,CA,93,346
18234,6,1415,Washington Unified School District,CA,1019,2680
56133,6,41580,Washington Unified School District,CA,1422,9275
7020,6,41610,Washington Union Elementary School District,CA,16,488
10395,6,63,Waterford Unified School District,CA,292,2291
6447,6,41790,Waugh Elementary School District,CA,24,531
880,6,41820,Waukena Joint Union Elementary School District,CA,38,157
16525,6,41880,Weaver Union Elementary School District,CA,864,2904
3851,6,41980,Weed Union Elementary School District,CA,60,361
260996,6,32550,West Contra Costa Unified School District,CA,5031,38148
59285,6,42000,West Covina Unified School District,CA,1190,9036
1621,6,42060,West Park Elementary School District,CA,74,208
804,6,42270,West Side Union Elementary School District,CA,2,28
47053,6,2670,West Sonoma County Union High School District,CA,128,2010
61304,6,42140,Western Placer Unified School District,CA,482,9404
84690,6,42150,Westminster School District,CA,1521,8590
2280,6,42180,Westmorland Union Elementary School District,CA,145,372
832,6,42210,Westside Elementary School District,CA,18,153
72533,6,42120,Westside Union Elementary School District,CA,791,8247
1515,6,42300,Westwood Unified School District,CA,44,228
8691,6,42330,Wheatland Elementary School District,CA,124,1102
17710,6,42350,Wheatland Union High School District,CA,73,962
722,6,42420,Whitmore Union Elementary School District,CA,7,51
65098,6,42450,Whittier City Elementary School District,CA,839,6766
215623,6,42480,Whittier Union High School District,CA,1252,12191
279398,6,42510,William S. Hart Union High School District,CA,1722,24000
6304,6,42540,Williams Unified School District,CA,166,1348
13467,6,42560,Willits Unified School District,CA,339,2266
715,6,42600,Willow Creek Elementary School District,CA,14,66
330,6,42630,Willow Grove Union Elementary School District,CA,4,35
9319,6,42710,Willows Unified School District,CA,277,1822
3098,6,42750,Wilmar Union Elementary School District,CA,12,191
10488,6,42810,Wilsona Elementary School District,CA,362,1422
27898,6,34,Windsor Unified School District,CA,287,4462
588,6,42900,Winship Robbins Elementary School District,CA,2,77
9652,6,42930,Winters Joint Unified School District,CA,165,1742
12532,6,42960,Winton School District,CA,405,2011
14602,6,1428,Wiseburn Unified School District,CA,130,2246
12715,6,1418,Woodlake Unified School District,CA,667,2291
69246,6,43080,Woodland Joint Unified School District,CA,1342,11647
3106,6,43140,Woodside Elementary School District,CA,7,375
2675,6,43170,Woodville Elementary School District,CA,172,448
18204,6,43200,Wright Elementary School District,CA,142,1484
24074,6,160,Yosemite Unified School District,CA,311,2337
9552,6,43380,Yreka Union Elementary School District,CA,257,1061
17241,6,43410,Yreka Union High School District,CA,169,861
77425,6,43470,Yuba City Unified School District,CA,2254,14069
64064,6,43560,Yucaipa-Calimesa Joint Unified School District,CA,1178,11304
124792,8,1920,Academy School District 20,CO,907,23558
251757,8,6900,Adams 12 Five Star Schools,CO,3809,43462
42672,8,1950,Adams County School District 14,CO,1278,8611
239435,8,2340,Adams-Arapahoe School District 28J,CO,6241,39492
893,8,1980,Agate School District 300,CO,19,132
1139,8,2010,Aguilar Reorganized School District 6,CO,34,130
2498,8,2040,Akron School District R-1,CO,75,408
15617,8,2070,Alamosa School District RE-11J,CO,632,2815
13490,8,2190,Archuleta County School District 50-JT,CO,262,1710
521,8,2220,Arickaree School District R-2,CO,12,64
1174,8,2260,Arriba-Flagler School District C-20,CO,25,186
12647,8,2280,Aspen School District 1,CO,57,1326
8138,8,2310,Ault-Highland School District RE-9,CO,74,1506
9984,8,2400,Bayfield School District 10 JT-R,CO,106,1445
7423,8,2430,Bennett School District 29-J,CO,105,1363
500,8,2460,Bethune School District R-5,CO,21,114
2079,8,6600,Big Sandy School District 100J,CO,40,354
240871,8,2490,Boulder Valley School District RE-2,CO,1746,28883
635,8,2520,Branson Reorganized School District 82,CO,7,36
952,8,2550,Briggsdale School District RE-10,CO,14,178
8378,8,2610,Brush School District RE-2J,CO,254,1503
10054,8,2640,Buena Vista School District R-31,CO,111,1021
928,8,5640,Buffalo School District RE-4,CO,18,164
4092,8,2670,Burlington School District RE-6J,CO,155,801
2696,8,2700,Byers School District 32J,CO,38,494
3288,8,2730,Calhan School District RJ-1,CO,55,559
230,8,2760,Campo School District RE-6,CO,10,47
1857,8,6360,Centennial School District R-1,CO,78,240
3060,8,2850,Center School District 26-JT,CO,123,574
751,8,2880,Cheraw School District 31,CO,27,141
331246,8,2910,Cherry Creek School District 5,CO,4520,57905
1234,8,1,Cheyenne County School District RE-5,CO,51,241
23466,8,2940,Cheyenne Mountain School District 12,CO,160,3787
9076,8,3000,Clear Creek School District RE-1,CO,78,839
249093,8,3060,Colorado Springs School District 11,CO,3728,32930
933,8,3150,Creede School District,CO,12,93
5090,8,3180,Cripple Creek-Victor School District RE-1,CO,53,477
5439,8,3210,Crowley County School District RE-1-J,CO,114,463
5162,8,7200,Custer County School District C-1,CO,80,541
1014,8,3240,De Beque School District 49-JT,CO,8,154
1522,8,3270,Deer Trail School District 26J,CO,25,345
32627,8,3330,Delta County School District 50J,CO,740,4577
729019,8,3360,Denver County School District 1,CO,15338,90216
2601,8,3420,Dolores County School District RE-2,CO,77,327
4029,8,3390,Dolores School District RE-4A,CO,245,611
397019,8,3450,Douglas County School District RE-1,CO,1831,67304
42007,8,3480,Durango School District 9-R,CO,446,5049
46150,8,3540,Eagle County School District RE 50,CO,485,6718
12913,8,4320,East Grand School District 2,CO,121,1348
8521,8,5130,East Otero School District R-1,CO,392,1489
432,8,3630,Edison School District 54-JT,CO,13,98
1832,8,3690,Elbert School District 200,CO,19,276
18388,8,3720,Elizabeth School District,CO,153,2953
5825,8,3750,Ellicott School District 22,CO,117,1231
27852,8,3780,Englewood School District 1,CO,259,2629
12242,8,3810,Estes Park School District R-3,CO,67,1229
17867,8,4050,Fort Morgan School District RE-3,CO,665,3570
38710,8,4080,Fountain School District 8,CO,724,7823
2110,8,4110,Fowler School District R-4J,CO,86,338
30204,8,2790,Fremont RE-1,CO,633,3905
16935,8,3960,Fremont RE-2,CO,281,1644
3490,8,3120,Fremont RE-3,CO,51,354
928,8,3930,Frenchman School District RE-3,CO,15,164
7341,8,4380,Garfield County School District 16,CO,130,1403
28192,8,6240,Garfield School District RE-2,CO,573,5492
1358,8,4740,Genoa-Hugo School District C-113,CO,41,234
3142,8,4230,Gilpin County School District RE-1,CO,15,259
776,8,4290,Granada School District RE-1,CO,30,169
145867,8,4410,Greeley School District 6,CO,3785,24763
17281,8,4470,Gunnison Watershed School District RE-1J,CO,142,2019
2034,8,4500,Hanover School District 28,CO,45,353
80243,8,4530,Harrison School District 2,CO,1901,12105
1495,8,4560,Haxtun School District RE-2J,CO,37,297
2968,8,4590,Hayden School District RE-1,CO,35,458
570,8,6510,Hi-Plains School District R-23,CO,21,106
714,8,4620,Hinsdale County School District RE-1,CO,8,70
1586,8,4650,Hoehne Reorganized School District 3,CO,40,238
1369,8,4680,Holly School District RE-3,CO,37,279
3196,8,4710,Holyoke School District RE-1J,CO,94,591
5499,8,7080,Huerfano School District RE-1,CO,178,662
603,8,18,Idalia School District RJ-3,CO,13,138
5487,8,4770,Ignacio School District 11-JT,CO,141,880
586286,8,4800,Jefferson County School District R-1,CO,5670,76704
25715,8,4830,Johnstown-Milliken School District RE-5J,CO,280,4862
1498,8,4860,Julesburg School District RE-1,CO,59,226
348,8,4890,Karval School District RE-23,CO,4,54
261,8,4980,Kim Reorganized School District 88,CO,9,44
1127,8,3510,Kiowa County School District No. RE-1,CO,41,207
3254,8,5010,Kiowa School District C-2,CO,42,539
478,8,5040,Kit Carson School District R-1,CO,20,126
1489,8,5160,La Veta School District RE-2,CO,41,133
7369,8,5190,Lake County School District R-1,CO,176,1057
8962,8,5220,Lamar School District RE-2,CO,439,1730
4954,8,5250,Las Animas School District RE-1,CO,150,524
38208,8,5820,Lewis-Palmer School District 38,CO,195,7282
500,8,19,Liberty School District J-4,CO,11,73
3434,8,5280,Limon School District RE-4J,CO,95,466
99629,8,5310,Littleton School District 6,CO,597,15046
244,8,5340,Lone Star School District 101,CO,2,47
3477,8,5460,Mancos School District RE-6,CO,86,438
8498,8,5490,Manitou Springs School District 14,CO,65,891
746,8,5520,Manzanola School District 3J,CO,23,117
35838,8,5550,Mapleton School District 1,CO,820,6105
715,8,5580,McClave School District RE-2,CO,25,130
3887,8,5610,Meeker School District RE1,CO,75,714
158079,8,4350,Mesa County Valley School District 51,CO,1984,23474
2488,8,5670,Miami-Yoder School District 60-JT,CO,44,421
13142,8,5730,Moffat County School District RE-1,CO,298,2455
1962,8,5700,Moffat School District 2,CO,97,176
6176,8,5760,Monte Vista School District C-8,CO,234,1039
19335,8,3090,Montezuma-Cortez School District RE-1,CO,531,3232
42707,8,5790,Montrose County School District RE-1J,CO,909,6394
1593,8,6300,Mountain Valley School District RE-1,CO,50,156
4162,8,5100,North Conejos School District RE-1J,CO,154,821
1273,8,7050,North Park School District R-1,CO,30,159
1802,8,5880,Norwood School District R-2J,CO,19,203
953,8,5940,Otis School District R-3,CO,25,180
1706,8,5970,Ouray School District R-1,CO,19,163
8010,8,3840,Park County School District RE-2,CO,96,693
634,8,4440,Pawnee School District RE-12,CO,12,93
4422,8,6060,Peyton School District 23-JT,CO,59,780
265,8,6930,Plainview School District RE-2,CO,12,46
507,8,6030,Plateau School District RE-5,CO,12,98
2264,8,3030,Plateau Valley School District 50,CO,23,319
10306,8,2370,Platte Canyon School District 1,CO,88,1214
5281,8,4950,Platte Valley School District RE-7,CO,73,1015
230547,8,3990,Poudre School District R-1,CO,1975,30425
521,8,6720,Prairie School District RE-11,CO,7,113
1072,8,7260,Primero Reorganized School District 2,CO,22,80
265,8,6090,Pritchett School District RE-3,CO,15,53
114704,8,6120,Pueblo City School District 60,CO,4048,17852
54836,8,6150,Pueblo County School District 70,CO,1149,9326
2717,8,6180,Rangely School District RE-4,CO,64,480
734,8,6000,Revere School District,CO,13,107
3107,8,6210,Ridgway School District R-2,CO,22,316
39772,8,4260,Roaring Fork School District RE-1,CO,398,5880
5128,8,6270,Rocky Ford School District R-2,CO,242,867
10859,8,6330,Salida School District R-32,CO,109,1229
1428,8,6390,Sanford School District 6J,CO,44,315
1143,8,6420,Sangre de Cristo School District RE-22J,CO,32,195
1019,8,6450,Sargent School District RE-33J,CO,12,158
116167,8,2580,School District 27J,CO,1443,21724
108589,8,3870,School District 49,CO,1230,21097
8529,8,6540,Sheridan School District 2,CO,214,1250
1829,8,4140,Sierra Grande School District R-30,CO,93,261
821,8,6570,Silverton School District 1,CO,13,70
1921,8,2130,South Conejos School District RE-10,CO,68,266
3294,8,5910,South Routt School District RE-3,CO,22,392
1810,8,6630,Springfield School District RE-4,CO,66,291
199699,8,5370,St. Vrain Valley School District RE 1J,CO,2359,32445
18907,8,6660,Steamboat Springs School District RE-2,CO,114,2451
6227,8,6750,Strasburg School District 31J,CO,77,1200
1061,8,6780,Stratton School District R-4,CO,16,203
30745,8,6810,Summit School District RE-1,CO,229,3540
1234,8,6840,Swink School District 33,CO,33,244
6346,8,6870,Telluride School District R-1,CO,31,744
132767,8,5400,Thompson School District R-2J,CO,1358,18673
9825,8,6960,Trinidad School District 1,CO,373,1359
3814,8,3300,Upper Rio Grande School District C-7,CO,72,457
18409,8,6690,Valley School District RE-1,CO,436,2351
229,8,6990,Vilas School District RE-5,CO,23,60
833,8,7110,Walsh School District RE-1,CO,34,138
13108,8,3600,Weld County School District No. RE-2,CO,153,2595
11428,8,4200,Weld County School District RE-1,CO,215,2125
17921,8,4920,Weld County School District RE-3J,CO,261,3416
16231,8,4020,Weld County School District RE-8,CO,336,2990
857,8,7140,Weldon Valley School District RE-20J,CO,21,153
1787,8,5850,West End School District RE-2,CO,29,227
3391,8,5070,West Grand School District 1-JT,CO,52,486
77978,8,7230,Westminster Public School District,CO,1633,12413
62387,8,6480,Widefield School District 3,CO,1000,11624
3600,8,7290,Wiggins School District RE-50J,CO,101,751
960,8,7320,Wiley School District RE-13-JT,CO,23,195
46657,8,7350,Windsor School District RE-4,CO,498,9367
19772,8,7380,Woodland Park School District RE-2,CO,280,2473
379,8,7410,Woodlin School District R-104,CO,12,82
3960,8,17,Wray School District RD-2,CO,141,829
4937,8,16,Yuma School District 1,CO,196,1062
3200,9,30,Andover School District,CT,13,217
19416,9,60,Ansonia School District,CT,710,2906
4294,9,90,Ashford School District,CT,30,350
19228,9,120,Avon School District,CT,103,3555
3699,9,150,Barkhamsted School District,CT,13,280
20490,9,210,Berlin School District,CT,182,2901
5354,9,240,Bethany School District,CT,17,421
20898,9,270,Bethel School District,CT,271,3377
21872,9,330,Bloomfield School District,CT,393,2513
4934,9,360,Bolton School District,CT,41,753
2448,9,390,Bozrah School District,CT,23,305
28581,9,420,Branford School District,CT,197,3165
153166,9,450,Bridgeport School District,CT,6036,24416
62434,9,510,Bristol School District,CT,1530,8735
17993,9,540,Brookfield School District,CT,180,2925
8659,9,570,Brooklyn School District,CT,101,1213
1095,9,630,Canaan School District,CT,5,83
5169,9,660,Canterbury School District,CT,52,751
10282,9,690,Canton School District,CT,77,1624
2204,9,720,Chaplin School District,CT,14,128
29483,9,750,Cheshire School District,CT,193,4829
3820,9,780,Chester School District,CT,10,207
13436,9,810,Clinton School District,CT,130,1617
15675,9,840,Colchester School District,CT,92,2548
1380,9,870,Colebrook School District,CT,4,73
5354,9,900,Columbia School District,CT,47,741
1589,9,930,Cornwall School District,CT,12,107
12426,9,960,Coventry School District,CT,113,1866
14496,9,990,Cromwell School District,CT,90,1946
88814,9,1020,Danbury School District,CT,2155,12278
22069,9,1050,Darien School District,CT,94,5208
4499,9,1080,Deep River School District,CT,17,274
12649,9,1110,Derby School District,CT,361,1620
5296,9,1170,East Granby School District,CT,40,884
9044,9,1200,East Haddam School District,CT,59,1185
12959,9,1230,East Hampton School District,CT,72,1777
51843,9,1260,East Hartford School District,CT,1650,8078
28228,9,1290,East Haven School District,CT,438,3463
18838,9,1320,East Lyme School District,CT,117,2577
11365,9,1350,East Windsor School District,CT,175,1325
1690,9,1380,Eastford School District,CT,9,212
7836,9,1410,Easton School District,CT,35,1010
16683,9,1440,Ellington School District,CT,109,2656
42800,9,1470,Enfield School District,CT,648,5560
6861,9,1500,Essex School District,CT,22,384
63379,9,1530,Fairfield School District,CT,397,10549
27130,9,1560,Farmington School District,CT,230,4282
1877,9,1590,Franklin School District,CT,21,260
35709,9,1620,Glastonbury School District,CT,246,6112
11073,9,1680,Granby School District,CT,69,1887
65203,9,1710,Greenwich School District,CT,626,11845
11490,9,1740,Griswold School District,CT,177,1751
38709,9,1770,Groton School District,CT,402,4619
22314,9,1800,Guilford School District,CT,113,3624
61862,9,1860,Hamden School District,CT,840,7693
1771,9,1890,Hampton School District,CT,10,95
122971,9,1920,Hartford School District,CT,6584,19440
1928,9,1950,Hartland School District,CT,14,259
9240,9,2010,Hebron School District,CT,32,775
3062,9,2040,Kent School District,CT,11,232
18190,9,2070,Killingly School District,CT,239,2366
7197,9,2130,Lebanon School District,CT,65,1072
15532,9,2160,Ledyard School District,CT,148,2670
4228,9,2190,Lisbon School District,CT,51,662
17884,9,2280,Madison School District,CT,60,3043
60646,9,2310,Manchester School District,CT,1390,8263
26297,9,2340,Mansfield School District,CT,90,1125
6229,9,2370,Marlborough School District,CT,19,512
61520,9,2400,Meriden School District,CT,1652,9641
48625,9,2490,Middletown School District,CT,663,5162
52612,9,2520,Milford School District,CT,342,6557
19396,9,2550,Monroe School District,CT,128,3481
18529,9,2580,Montville School District,CT,207,2525
32415,9,2640,Naugatuck School District,CT,837,4892
75294,9,2670,New Britain School District,CT,3352,11448
21169,9,2700,New Canaan School District,CT,155,4884
13939,9,2730,New Fairfield School District,CT,108,2333
6753,9,2760,New Hartford School District,CT,21,502
135485,9,2790,New Haven School District,CT,4888,20192
27579,9,2820,New London School District,CT,758,3614
28861,9,2850,New Milford School District,CT,356,4366
31013,9,2880,Newington School District,CT,377,4141
27894,9,2910,Newtown School District,CT,181,4764
1610,9,2940,Norfolk School District,CT,7,96
13692,9,2970,North Branford School District,CT,77,1973
3257,9,3000,North Canaan School District,CT,24,273
24492,9,3030,North Haven School District,CT,171,3603
5189,9,3060,North Stonington School District,CT,30,781
93603,9,3090,Norwalk School District,CT,1870,12540
40436,9,3120,Norwich School District,CT,1058,5983
10680,9,3180,Old Saybrook School District,CT,60,1133
14436,9,3210,Orange School District,CT,52,1238
13040,9,3240,Oxford School District,CT,95,1937
15343,9,3270,Plainfield School District,CT,257,2246
17799,9,3300,Plainville School District,CT,206,2261
11978,9,3330,Plymouth School District,CT,223,1582
4371,9,3360,Pomfret School District,CT,18,622
9562,9,3390,Portland School District,CT,73,1339
4825,9,3420,Preston School District,CT,30,704
9452,9,3480,Putnam School District,CT,157,1241
8998,9,3510,Redding School District,CT,37,1040
15975,9,3600,Regional School District 01,CT,41,671
15180,9,3630,Regional School District 04,CT,40,804
28977,9,3660,Regional School District 05,CT,96,2680
13442,9,3720,Regional School District 07,CT,38,915
18669,9,3750,Regional School District 08,CT,53,1393
16834,9,3780,Regional School District 09,CT,28,957
15216,9,3520,Regional School District 10,CT,87,2491
5590,9,3570,Regional School District 11,CT,31,359
7696,9,3530,Regional School District 12,CT,43,913
11585,9,3535,Regional School District 13,CT,61,1669
13453,9,3536,Regional School District 14,CT,111,1685
28175,9,3537,Regional School District 15,CT,184,4039
15739,9,3538,Regional School District 16,CT,162,2262
14904,9,3539,Regional School District 17,CT,79,2095
10170,9,3540,Regional School District 18,CT,58,1294
36244,9,5,Regional School District 19,CT,75,1062
15161,9,99501,Regional School District 20,CT,100,1958
25697,9,3810,Ridgefield School District,CT,109,5127
21171,9,3840,Rocky Hill School District,CT,191,2929
4246,9,3900,Salem School District,CT,26,688
4254,9,3930,Salisbury School District,CT,21,399
1615,9,3960,Scotland School District,CT,7,107
17189,9,3990,Seymour School District,CT,266,2453
2718,9,4020,Sharon School District,CT,15,167
41944,9,4050,Shelton School District,CT,436,5468
3621,9,4080,Sherman School District,CT,20,482
24900,9,4110,Simsbury School District,CT,175,4576
10415,9,4140,Somers School District,CT,53,1472
27339,9,4170,South Windsor School District,CT,202,4924
44181,9,4230,Southington School District,CT,386,6620
2990,9,4260,Sprague School District,CT,52,458
11651,9,4290,Stafford School District,CT,162,1628
139064,9,4320,Stamford School District,CT,2567,18072
3666,9,4350,Sterling School District,CT,51,510
18477,9,4380,Stonington School District,CT,147,2362
53944,9,4440,Stratford School District,CT,864,7792
15998,9,4470,Suffield School District,CT,87,2319
7638,9,4500,Thomaston School District,CT,106,1071
9416,9,4530,Thompson School District,CT,59,1177
14791,9,4560,Tolland School District,CT,100,2547
36020,9,4590,Torrington School District,CT,740,4609
37945,9,4620,Trumbull School District,CT,284,7180
804,9,4650,Union School District,CT,1,94
30687,9,4680,Vernon School District,CT,600,3662
2633,9,4710,Voluntown School District,CT,23,330
44880,9,4740,Wallingford School District,CT,378,6255
117413,9,4830,Waterbury School District,CT,6634,20117
19723,9,4860,Waterford School District,CT,149,2820
22687,9,4890,Watertown School District,CT,299,3212
65060,9,4920,West Hartford School District,CT,718,10018
56191,9,4950,West Haven School District,CT,1301,7561
6898,9,4980,Westbrook School District,CT,48,709
10629,9,5010,Weston School District,CT,73,2400
27861,9,5040,Westport School District,CT,166,5783
27725,9,5070,Wethersfield School District,CT,275,4018
5653,9,5100,Willington School District,CT,48,457
18994,9,5130,Wilton School District,CT,79,4054
10369,9,5160,Winchester School District,CT,158,1219
24614,9,5190,Windham School District,CT,659,3315
12810,9,5250,Windsor Locks School District,CT,225,1662
29953,9,5220,Windsor School District,CT,447,4304
16567,9,5280,Wolcott School District,CT,228,2463
9186,9,5310,Woodbridge School District,CT,32,823
8424,9,5370,Woodstock School District,CT,58,1360
71943,10,80,Appoquinimink School District,DE,785,14369
94949,10,1240,Brandywine School District,DE,1480,13970
51355,10,180,Caesar Rodney School District,DE,1130,9099
70381,10,170,Cape Henlopen School District,DE,702,6995
62857,10,190,Capital School District,DE,1770,9617
180677,10,200,Christina School District,DE,3914,26226
91324,10,230,Colonial School District,DE,2093,14387
8257,10,270,Delmar School District,DE,215,1533
105558,10,680,Indian River School District,DE,1853,12452
27800,10,790,Lake Forest School District,DE,579,4649
18924,10,810,Laurel School District,DE,593,3229
34551,10,1080,Milford School District,DE,805,5435
144220,10,1300,Red Clay Consolidated School District,DE,2706,21645
28776,10,1530,Seaford School District,DE,878,4658
41995,10,1620,Smyrna School District,DE,628,7242
18350,10,1850,Woodbridge School District,DE,599,3131
702250,11,30,District of Columbia Public Schools,DC,22266,90393
291782,12,30,Alachua County School District,FL,7383,38122
29325,12,60,Baker County School District,FL,919,5324
199718,12,90,Bay County School District,FL,4842,31734
28075,12,120,Bradford County School District,FL,1217,4373
658447,12,150,Brevard County School District,FL,10998,89300
2037472,12,180,Broward County School District,FL,40903,307085
13278,12,210,Calhoun County School District,FL,482,1996
212122,12,240,Charlotte County School District,FL,2296,18993
170174,12,270,Citrus County School District,FL,3195,19060
236760,12,300,Clay County School District,FL,4152,40945
416233,12,330,Collier County School District,FL,5931,49721
73977,12,360,Columbia County School District,FL,2729,12372
2838461,12,390,Dade County School District,FL,64456,408605
36744,12,420,DeSoto County School District,FL,1465,4673
17614,12,450,Dixie County School District,FL,673,2371
1055159,12,480,Duval County School District,FL,22181,168793
331275,12,510,Escambia County School District,FL,10864,49837
136744,12,540,Flagler County School District,FL,2219,16504
12979,12,570,Franklin County School District,FL,401,1442
44151,12,600,Gadsden County School District,FL,1867,7135
20233,12,630,Gilchrist County School District,FL,610,3148
13132,12,660,Glades County School District,FL,258,1246
15876,12,690,Gulf County School District,FL,377,1965
14334,12,720,Hamilton County School District,FL,644,1967
26068,12,750,Hardee County School District,FL,1079,4746
46130,12,780,Hendry County School District,FL,1945,8400
218150,12,810,Hernando County School District,FL,3993,30752
109778,12,840,Highlands County School District,FL,2771,13603
1581426,12,870,Hillsborough County School District,FL,32738,247570
19876,12,900,Holmes County School District,FL,774,3054
172139,12,930,Indian River County School District,FL,2529,19020
49980,12,960,Jackson County School District,FL,1830,6925
15921,12,990,Jefferson County School District,FL,426,1987
8640,12,1020,Lafayette County School District,FL,276,1159
444204,12,1050,Lake County School District,FL,7105,62788
860959,12,1080,Lee County School District,FL,13838,108744
300488,12,1110,Leon County School District,FL,8821,41090
47765,12,1140,Levy County School District,FL,1604,6998
7955,12,1170,Liberty County School District,FL,227,1033
18364,12,1200,Madison County School District,FL,632,2509
458352,12,1230,Manatee County School District,FL,7235,58455
428905,12,1260,Marion County School District,FL,11750,59957
165666,12,1290,Martin County School District,FL,2228,19773
80908,12,1320,Monroe County School District,FL,1306,9187
104376,12,1350,Nassau County School District,FL,1507,15124
220483,12,1380,Okaloosa County School District,FL,4447,36396
42369,12,1410,Okeechobee County School District,FL,1469,6452
1533646,12,1440,Orange County School District,FL,37702,237340
468058,12,1470,Osceola County School District,FL,14989,82284
1582055,12,1500,Palm Beach County School District,FL,30300,217908
659114,12,1530,Pasco County School District,FL,11638,100902
965870,12,1560,Pinellas County School District,FL,14909,107652
852878,12,1590,Polk County School District,FL,23478,138142
77301,12,1620,Putnam County School District,FL,3851,12007
207653,12,1650,Santa Rosa County School District,FL,4181,33971
476604,12,1680,Sarasota County School District,FL,5607,51146
494605,12,1710,Seminole County School District,FL,7206,75263
334928,12,1740,St. Johns County School District,FL,2712,56540
390670,12,1770,St. Lucie County School District,FL,7299,56760
154693,12,1800,Sumter County School District,FL,1799,8452
47536,12,1830,Suwannee County School District,FL,1992,7310
21843,12,1860,Taylor County School District,FL,962,3479
15738,12,1890,Union County School District,FL,447,2549
602772,12,1920,Volusia County School District,FL,11881,77706
37115,12,1950,Wakulla County School District,FL,749,5701
89666,12,1980,Walton County School District,FL,2006,14000
26503,12,2010,Washington County School District,FL,725,3761
18669,13,60,Appling County School District,GA,848,3355
8435,13,90,Atkinson County School District,GA,893,1503
509184,13,120,Atlanta City School District,GA,10168,60037
11045,13,150,Bacon County School District,GA,554,2035
2732,13,180,Baker County School District,GA,124,348
43644,13,210,Baldwin County School District,GA,1541,5892
20318,13,240,Banks County School District,GA,441,3098
96126,13,290,Barrow County School District,GA,2126,17512
92520,13,330,Bartow County School District,GA,2101,15605
16945,13,360,Ben Hill County School District,GA,932,3008
18666,13,390,Berrien County School District,GA,797,3217
157056,13,420,Bibb County School District,GA,8429,28011
12626,13,440,Bleckley County School District,GA,433,1914
18795,13,480,Brantley County School District,GA,630,3218
7799,13,510,Bremen City School District,GA,159,1675
16344,13,540,Brooks County School District,GA,742,2496
51105,13,570,Bryan County School District,GA,885,11115
18393,13,600,Buford City School District,GA,429,3975
85454,13,630,Bulloch County School District,GA,2978,12453
24472,13,660,Burke County School District,GA,1307,4379
27127,13,690,Butts County School District,GA,821,4205
17950,13,720,Calhoun City School District,GA,552,3029
5441,13,750,Calhoun County School District,GA,217,577
59099,13,780,Camden County School District,GA,1379,10382
11130,13,810,Candler County School District,GA,612,2169
100542,13,840,Carroll County School District,GA,2881,18366
29298,13,870,Carrollton City School District,GA,819,4298
25045,13,900,Cartersville City School District,GA,539,4083
68940,13,930,Catoosa County School District,GA,1413,11199
13021,13,990,Charlton County School District,GA,400,1663
307336,13,1020,Chatham County School District,GA,8511,44438
8548,13,1050,Chattahoochee County School District,GA,151,524
23319,13,1080,Chattooga County School District,GA,806,3741
293534,13,1110,Cherokee County School District,GA,2764,48415
3009,13,1140,Chickamauga City School District,GA,48,572
129995,13,1170,Clarke County School District,GA,3536,15193
2815,13,1200,Clay County School District,GA,146,406
297703,13,1230,Clayton County School District,GA,13918,57807
6871,13,1260,Clinch County School District,GA,381,1217
724827,13,1290,Cobb County School District,GA,11023,120555
43851,13,1350,Coffee County School District,GA,2216,7983
46977,13,1380,Colquitt County School District,GA,2564,8776
167472,13,1410,Columbia County School District,GA,2451,31083
9199,13,1440,Commerce City School District,GA,200,1564
17984,13,1470,Cook County School District,GA,883,3419
158233,13,1500,Coweta County School District,GA,2378,26927
12349,13,1530,Crawford County School District,GA,394,1891
19468,13,1560,Crisp County School District,GA,1043,3314
16068,13,1590,Dade County School District,GA,319,2379
35182,13,1620,Dalton City School District,GA,1380,6453
33748,13,1650,Dawson County School District,GA,518,4935
704812,13,1740,DeKalb County School District,GA,17646,113421
25121,13,1680,Decatur City School District,GA,182,5014
29391,13,1710,Decatur County School District,GA,1580,5234
19630,13,1770,Dodge County School District,GA,618,2676
11186,13,1800,Dooly County School District,GA,408,1223
82418,13,1830,Dougherty School District,GA,5065,14462
151887,13,1860,Douglas County School District,GA,4513,28601
16383,13,1870,Dublin City School District,GA,1087,3020
10444,13,1920,Early County School District,GA,727,1909
3698,13,1950,Echols County School District,GA,223,710
73148,13,1980,Effingham County School District,GA,1323,14505
20152,13,2010,Elbert County School District,GA,836,3356
23224,13,2040,Emanuel County School District,GA,1271,4172
10869,13,2070,Evans County School District,GA,650,1989
25854,13,2100,Fannin County School District,GA,605,2995
125099,13,2130,Fayette County School District,GA,1450,21931
62393,13,2190,Floyd County School District,GA,1707,10082
280096,13,2220,Forsyth County School District,GA,2105,54892
13133,13,2,Fort Benning Schools,GA,123,2239
9940,13,3,Fort Stewart School District,GA,204,1726
25208,13,2250,Franklin County School District,GA,790,4087
621562,13,2280,Fulton County School District,GA,10864,109049
46307,13,2310,Gainesville City School District,GA,1224,7507
33327,13,2340,Gilmer County School District,GA,943,4366
3008,13,2370,Glascock County School District,GA,91,474
86540,13,2400,Glynn County School District,GA,2535,13146
42815,13,2430,Gordon County School District,GA,1177,7368
26271,13,2460,Grady County School District,GA,1209,4827
21091,13,2490,Greene County School District,GA,532,2636
988493,13,2550,Gwinnett County School District,GA,25552,190460
49665,13,2580,Habersham County School District,GA,1350,8019
172532,13,2610,Hall County School District,GA,3260,29622
8683,13,2640,Hancock County School District,GA,361,932
24676,13,2670,Haralson County School District,GA,701,4180
36929,13,2700,Harris County School District,GA,618,6072
28052,13,2730,Hart County School District,GA,741,4176
12119,13,2790,Heard County School District,GA,354,2146
259315,13,2820,Henry County School District,GA,5933,48870
174897,13,2880,Houston County School District,GA,5129,33661
9155,13,2910,Irwin County School District,GA,429,1593
68182,13,2940,Jackson County School District,GA,1205,12114
17219,13,2970,Jasper County School District,GA,525,3030
15119,13,3000,Jeff Davis County School District,GA,747,2899
16444,13,3030,Jefferson City School District,GA,232,3818
15019,13,3060,Jefferson County School District,GA,712,2565
8836,13,3090,Jenkins County School District,GA,429,1268
9178,13,3120,Johnson County School District,GA,348,1150
29047,13,3150,Jones County School District,GA,732,4860
20690,13,3210,Lamar County School District,GA,592,3222
10464,13,3240,Lanier County School District,GA,414,1706
33904,13,1890,Laurens County School District,GA,1605,6340
34073,13,3270,Lee County School District,GA,763,6589
58669,13,3300,Liberty County School District,GA,2807,11116
8049,13,3330,Lincoln County School District,GA,254,1147
20439,13,3360,Long County School District,GA,734,4090
64913,13,3390,Lowndes County School District,GA,1897,12769
36016,13,3420,Lumpkin County School District,GA,566,4289
11831,13,3450,Macon County School District,GA,524,1499
32771,13,3480,Madison County School District,GA,891,5594
62711,13,3510,Marietta City School District,GA,1085,8278
7635,13,3540,Marion County School District,GA,374,1179
21764,13,3570,McDuffie County School District,GA,1174,3941
11800,13,3600,McIntosh County School District,GA,346,1301
21439,13,3630,Meriwether County School District,GA,790,3210
5824,13,3660,Miller County School District,GA,279,1036
17052,13,3690,Mitchell County School District,GA,895,2896
31437,13,3720,Monroe County School District,GA,641,5084
8431,13,3750,Montgomery County School District,GA,373,1264
21940,13,3780,Morgan County School District,GA,539,3653
41316,13,3840,Murray County School District,GA,1275,7157
201830,13,3870,Muscogee County School District,GA,6926,35103
123968,13,3930,Newton County School District,GA,4294,23289
44751,13,3960,Oconee County School District,GA,404,9136
16172,13,3990,Oglethorpe County School District,GA,449,2618
188549,13,4020,Paulding County School District,GA,3120,35839
29213,13,4050,Peach County School District,GA,1154,4504
3277,13,4080,Pelham City School District,GA,247,660
36502,13,4110,Pickens County School District,GA,622,5024
20669,13,4140,Pierce County School District,GA,789,3741
20669,13,4170,Pike County School District,GA,342,3639
44610,13,4200,Polk County School District,GA,1625,8209
10180,13,4220,Pulaski County School District,GA,336,1271
23383,13,4260,Putnam County School District,GA,737,3322
2323,13,4290,Quitman County School District,GA,123,313
17711,13,4320,Rabun County School District,GA,351,2126
6085,13,4350,Randolph County School District,GA,332,963
206303,13,4380,Richmond County School District,GA,8977,33885
97615,13,4410,Rockdale County School District,GA,3037,17350
38997,13,4440,Rome City School District,GA,1689,6773
4503,13,4470,Schley County School District,GA,147,763
14325,13,4500,Screven County School District,GA,638,2184
9274,13,4530,Seminole County School District,GA,426,1311
5691,13,4540,Social Circle City School District,GA,161,1086
70292,13,2520,Spalding County School District,GA,3043,11875
27498,13,4560,Stephens County School District,GA,933,4429
4905,13,4590,Stewart County School District,GA,135,448
28972,13,4620,Sumter County School District,GA,2347,4778
5755,13,4650,Talbot County School District,GA,221,716
1620,13,4680,Taliaferro County School District,GA,82,224
24273,13,4770,Tattnall County School District,GA,1142,3577
7783,13,4800,Taylor County School District,GA,304,1085
11000,13,4830,Telfair County School District,GA,442,1346
8698,13,4860,Terrell County School District,GA,581,1455
27064,13,4890,Thomas County School District,GA,999,4759
18990,13,4950,Thomasville City School District,GA,931,3297
41708,13,4980,Tift County School District,GA,1997,7593
16659,13,5040,Toombs County School District,GA,949,3188
13184,13,5070,Towns County School District,GA,227,1275
6420,13,5100,Treutlen County School District,GA,309,1038
1987,13,5130,Trion City School District,GA,99,442
71513,13,1,Troup County School District,GA,2819,12737
9023,13,5190,Turner County School District,GA,622,1623
7728,13,5220,Twiggs County School District,GA,334,1099
27601,13,5250,Union County School District,GA,460,3161
28358,13,5280,Upson County School District,GA,1205,4752
57169,13,5310,Valdosta City School District,GA,2729,9083
10964,13,5340,Vidalia City School District,GA,722,2055
66331,13,5370,Walker County School District,GA,1652,10492
104185,13,5390,Walton County School District,GA,2277,18499
36222,13,5430,Ware County School District,GA,2369,6598
5148,13,5460,Warren County School District,GA,307,788
19834,13,5490,Washington County School District,GA,918,3141
32132,13,5550,Wayne County School District,GA,1507,5876
2219,13,5580,Webster County School District,GA,68,263
7076,13,5640,Wheeler County School District,GA,249,783
29668,13,5670,White County School District,GA,635,4165
69888,13,5700,Whitfield County School District,GA,2324,12832
8904,13,5730,Wilcox County School District,GA,372,1234
9567,13,5760,Wilkes County School District,GA,460,1438
8667,13,5790,Wilkinson County School District,GA,445,1405
20262,13,5850,Worth County School District,GA,1272,3302
1446146,15,30,Hawaii Department of Education,HI,23219,216723
3619,16,30,Aberdeen School District 58,ID,66,806
7702,16,60,American Falls Joint School District 381,ID,256,1668
164,16,90,Arbon Elementary School District 383,ID,1,37
350,16,150,Avery School District 394,ID,18,45
4092,16,180,Basin School District 72,ID,54,484
6588,16,240,Bear Lake County School District 33,ID,149,1286
24259,16,270,Blackfoot School District 55,ID,736,4908
25261,16,300,Blaine County School District 61,ID,210,3580
798,16,330,Bliss Joint School District 234,ID,26,184
229700,16,360,Boise City Independent School District 1,ID,2433,30377
63312,16,930,Bonneville Joint School District 93,ID,1185,15294
14040,16,420,Boundary County School District 101,ID,401,2436
2493,16,450,Bruneau-Grand View Joint School District 365,ID,72,414
10080,16,480,Buhl Joint School District 412,ID,236,1795
2650,16,490,Butte County Joint School District 111,ID,73,466
42614,16,510,Caldwell School District 132,ID,1195,7771
1247,16,540,Camas County School District 121,ID,21,191
1406,16,570,Cambridge Joint School District 432,ID,31,190
2813,16,630,Cascade School District 422,ID,36,295
25440,16,660,Cassia County Joint School District 151,ID,718,5710
1407,16,690,Castleford School District 417,ID,41,278
3316,16,720,Challis Joint School District 181,ID,65,386
794,16,750,Clark County School District 161,ID,24,114
95154,16,780,Coeur d'Alene School District 271,ID,1233,14826
2770,16,810,Cottonwood Joint School District 242,ID,44,450
2568,16,840,Council School District 13,ID,42,308
955,16,870,Culdesac Joint School District 342,ID,28,126
756,16,900,Dietrich School District 314,ID,47,162
21857,16,1020,Emmett Independent School District 221,ID,570,3655
8552,16,1050,Filer School District 413,ID,175,1872
4464,16,1080,Firth School District 59,ID,101,960
13144,16,1110,Fremont County Joint School District 215,ID,238,2182
10556,16,1140,Fruitland School District 373,ID,225,2107
2670,16,1170,Garden Valley School District 71,ID,38,292
2004,16,1200,Genesee Joint School District 282,ID,23,416
2669,16,1230,Glenns Ferry Joint School District 192,ID,66,467
7191,16,1260,Gooding Joint School District 231,ID,180,1341
2292,16,1290,Grace Joint School District 148,ID,96,516
2574,16,1380,Hagerman Joint School District 233,ID,48,376
2164,16,1410,Hansen School District 415,ID,34,409
1516,16,1440,Highland Joint School District 305,ID,32,215
6951,16,1470,Homedale Joint School District 370,ID,177,1262
1814,16,1500,Horseshoe Bend School District 73,ID,53,221
67140,16,1530,Idaho Falls School District 91,ID,1392,13216
30035,16,1570,Jefferson County Joint School District 251,ID,545,7294
22771,16,1590,Jerome Joint School District 261,ID,594,4909
4159,16,1620,Kamiah Joint School District 304,ID,123,581
9384,16,1650,Kellogg Joint School District 391,ID,202,1414
1843,16,1680,Kendrick Joint School District 283,ID,40,271
9401,16,1710,Kimberly School District 414,ID,135,2307
2332,16,1740,Kootenai Joint School District 274,ID,25,303
39154,16,1770,Kuna Joint School District 3,ID,511,7449
38940,16,2,Lake Pend Oreille School District 84,ID,628,5899
36584,16,1800,Lakeland Joint School District 272,ID,383,6411
3407,16,1830,Lapwai School District 341,ID,69,627
37342,16,1860,Lewiston Independent School District 340,ID,567,5845
1491,16,1900,Mackay Joint School District 182,ID,53,247
51090,16,1920,Madison School District 321,ID,957,6295
7255,16,1950,Marsh Valley Joint School District 21,ID,107,1455
4810,16,1980,Marsing Joint School District 363,ID,110,899
10092,16,2030,McCall-Donnelly Joint School District 421,ID,124,1510
1786,16,2060,Meadows Valley School District 11,ID,42,223
3962,16,2070,Melba Joint School District 136,ID,78,781
271271,16,2100,Meridian Joint School District 2,ID,2945,49529
24980,16,2130,Middleton School District 134,ID,350,5435
723,16,2160,Midvale School District 433,ID,14,98
23655,16,2190,Minidoka County Joint School District 331,ID,498,4946
31310,16,2220,Moscow School District 281,ID,338,3926
26846,16,2250,Mountain Home School District 193,ID,589,4540
10984,16,139,Mountain View School District 244,ID,283,1680
759,16,2280,Mullan School District 392,ID,55,116
1289,16,2310,Murtaugh Joint School District 418,ID,18,308
112972,16,2340,Nampa School District 131,ID,2289,21097
5631,16,2370,New Plymouth School District 372,ID,148,1161
989,16,2400,Nezperce Joint School District 302,ID,34,209
794,16,2430,North Gem School District 149,ID,37,151
1971,16,2460,Notus School District 135,ID,49,378
4935,16,2490,Oneida County School District 351,ID,118,1036
9286,16,2520,Orofino Joint School District 171,ID,175,1052
6327,16,2550,Parma School District 137,ID,120,1273
11608,16,2580,Payette Joint School District 371,ID,362,1917
120,16,2610,Pleasant Valley Elementary School District 364,ID,1,20
4513,16,815,Plummer-Worley Joint School District 44,ID,113,786
83754,16,2640,Pocatello School District 25,ID,1579,15424
51977,16,2670,Post Falls School District 273,ID,783,9490
3654,16,2700,Potlatch School District 285,ID,36,652
88,16,2730,Prairie Elementary School District 191,ID,1,4
12482,16,960,Preston Joint School District 201,ID,160,2638
1012,16,2760,Richfield School District 316,ID,22,193
3141,16,2790,Ririe Joint School District 252,ID,66,718
571,16,2820,Rockland School District 382,ID,14,151
1601,16,138,Salmon River School District 243,ID,31,183
7565,16,2850,Salmon School District 291,ID,179,1040
11333,16,2910,Shelley Joint School District 60,ID,261,2600
3542,16,2940,Shoshone Joint School District 312,ID,63,636
8505,16,2970,Snake River School District 52,ID,276,1957
4671,16,3000,Soda Springs Joint School District 150,ID,77,978
707,16,3030,South Lemhi School District 292,ID,24,114
7637,16,3060,St. Maries Joint School District 41,ID,199,1175
5714,16,3090,Sugar-Salem Joint School District 322,ID,226,1479
983,16,3120,Swan Valley Elementary School District 92,ID,5,121
12932,16,3180,Teton County School District 401,ID,187,2010
88,16,3210,Three Creek Joint Elementary School District 416,ID,1,9
2194,16,9,Troy School District 287,ID,25,403
63659,16,3240,Twin Falls School District 411,ID,1387,11748
3117,16,3270,Valley School District 262,ID,78,682
64298,16,600,Vallivue School District 139,ID,1159,12973
4533,16,3300,Wallace School District 393,ID,129,699
9627,16,3330,Weiser School District 431,ID,250,1656
5526,16,3360,Wendell School District 232,ID,168,1108
14718,16,1,West Bonner County School District 83,ID,332,2107
2564,16,3400,West Jefferson School District 253,ID,93,705
2862,16,3420,West Side Joint School District 202,ID,103,732
1970,16,10,Whitepine Joint School District 288,ID,42,351
3887,16,3480,Wilder School District 133,ID,92,725
2421,17,105,A-C Central Community Unit School District 262,IL,37,377
5553,17,1413,Abingdon-Avon Community Unit School District 276,IL,143,938
36203,17,3150,Addison School District 4,IL,320,3804
66105,17,32580,Adlai E. Stevenson High School District 125,IL,147,4611
757,17,3210,Akin Community Consolidated School District 91,IL,16,85
1384,17,3270,Albers School District 63,IL,3,166
3060,17,3300,Alden-Hebron School District 19,IL,40,470
883,17,3420,Allen Township Community Consolidated School District 65,IL,7,108
1013,17,3450,Allendale Community Consolidated School District 17,IL,15,186
16465,17,3480,Alsip-Hazelgreen-Oaklawn School District 126,IL,270,1735
4874,17,3510,Altamont Community Unit School District 10,IL,89,913
45987,17,3600,Alton Community Unit School District 11,IL,990,6898
2204,17,3660,Alwood Community Unit School District 225,IL,29,330
4701,17,3690,Amboy Community Unit School District 272,IL,80,759
7028,17,3750,Anna Community Consolidated School District 37,IL,132,710
11083,17,3780,Anna Jonesboro Community High School District 81,IL,81,553
1971,17,3810,Annawan Community Unit School District 226,IL,21,317
23844,17,3840,Antioch Community Consolidated School District 34,IL,165,2975
45064,17,3870,Antioch Community High School District 117,IL,115,2531
20111,17,3900,Aptakisic-Tripp Community Consolidated School District,IL,109,2245
12254,17,3930,Arbor Park School District 145,IL,189,1215
4536,17,3960,Arcola Consolidated Unit School District 306,IL,88,895
6007,17,3990,Argenta-Oreana Community Unit School District 1,IL,108,1002
40111,17,4020,Argo Community High School District 217,IL,385,1990
50766,17,4140,Arlington Heights School District 25,IL,222,6258
1292,17,4230,Armstrong Township High School District 225,IL,6,85
794,17,4200,Armstrong-Ellis Consolidated School District 61,IL,6,76
9739,17,4260,Arthur Community Unit School District 305,IL,205,1922
1821,17,4340,Ashley Community Consolidated School District 15,IL,16,169
3494,17,4380,Ashton-Franklin Center CUSD 275,IL,57,583
1742,17,4440,Astoria Community Unit School District 1,IL,36,272
5410,17,4470,Athens Community Unit School District 213,IL,75,946
7430,17,4560,Atwood Heights School District 125,IL,100,746
6552,17,4620,Auburn Community Unit School District 10,IL,65,1172
68734,17,4680,Aurora East Unit School District 131,IL,2086,12611
74693,17,4710,Aurora West Unit School District 129,IL,1246,12088
2957,17,4740,Aviston School District 21,IL,10,386
6512,17,4800,Avoca School District 37,IL,38,784
29169,17,4920,Ball-Chatham Community Unit School District 5,IL,198,5096
2223,17,4950,Bannockburn School District 106,IL,11,241
45099,17,5050,Barrington Community Unit School District 220,IL,352,8716
1159,17,5160,Bartelso School District 57,IL,1,143
2023,17,5190,Bartonville School District 66,IL,41,225
31923,17,5220,Batavia Unit School District 101,IL,225,6086
21328,17,10,Beach Park Community Consolidated School District 3,IL,318,2510
7520,17,5310,Beardstown Community Unit School District 15,IL,233,1399
2361,17,5460,Beecher City Community Unit School District 20,IL,32,330
6908,17,5430,Beecher Community Unit School District 200U,IL,85,1184
8144,17,5580,Belle Valley School District 119,IL,184,970
36060,17,5610,Belleville School District 118,IL,672,3602
103181,17,5640,Belleville Township High School District 201,IL,650,5210
21636,17,5760,Bellwood School District 88,IL,509,2423
44303,17,5790,Belvidere Consolidated Unit School District 100,IL,763,7813
2124,17,5820,Bement Community Unit School District 5,IL,43,291
6807,17,5880,Benjamin School District 25,IL,21,717
20015,17,5910,Bensenville School District 2,IL,175,2005
9682,17,5950,Benton Community Consolidated School District 47,IL,232,1060
12165,17,5970,Benton Consolidated High School District 103,IL,115,668
21960,17,6000,Berkeley School District 87,IL,427,2503
25102,17,6060,Berwyn North School District 98,IL,599,3079
31140,17,6090,Berwyn South School District 100,IL,543,3579
14944,17,6120,Bethalto Consolidated Unit School District 8,IL,238,2539
1252,17,6180,Bethel School District 82,IL,25,145
15908,17,6270,Big Hollow School District 38,IL,109,1794
4428,17,6390,Bismarck-Henning Consolidated Unit School District,IL,81,853
59493,17,6420,Bloom Township High School District 206,IL,805,3642
13877,17,6450,Bloomingdale School District 13,IL,44,1261
42927,17,6480,Bloomington School District 87,IL,791,5984
4772,17,3,Blue Ridge Community Unit School District 18,IL,63,720
2984,17,1417,Bluford Unit School District 318,IL,49,429
12959,17,17730,Bond County Community Unit School District 2,IL,200,1640
23489,17,6750,Bourbonnais School District 53,IL,339,2735
1254,17,6840,Braceville School District 75,IL,17,134
1413,17,6880,Bradford Community Unit School District 1,IL,35,264
11418,17,6930,Bradley School District 61,IL,256,1242
38853,17,6960,Bradley-Bourbonnais Consolidated High School District 307,IL,242,2072
7175,17,7010,Breese School District 12,IL,66,777
89370,17,7050,Bremen Community High School District 228,IL,886,5206
3799,17,7200,Brimfield Community Unit School District 309,IL,30,715
11043,17,7320,Brookfield Lagrange Park SD 95,IL,60,1328
635,17,23640,Brooklyn Community Unit School District 188,IL,60,127
10233,17,16950,Brookwood School District 167,IL,265,1108
6301,17,27300,Brown County Community Unit School District 1,IL,79,765
2124,17,7440,Brownstown Community Unit School District 201,IL,67,384
1073,17,102,Brussels Community Unit School District 42,IL,13,137
713,17,7740,Buncombe Consolidated School District 43,IL,11,94
3941,17,7770,Bunker Hill Community Unit School District 8,IL,62,604
30167,17,36810,Burbank School District 111,IL,781,3512
6039,17,125,Bureau Valley Community Unit School District 340,IL,105,985
1479,17,7860,Burnham School District 154-5,IL,41,175
4013,17,7950,Bushnell-Prairie City Community Unit School District 170,IL,132,663
5193,17,7980,Butler School District 53,IL,11,473
7531,17,8010,Byron Community Unit School District 226,IL,102,1429
14883,17,8040,Cahokia Community Unit School District 187,IL,1202,3254
1700,17,8070,Cairo Community Unit School District 1,IL,116,275
2936,17,18180,Calhoun Community Unit School District 40,IL,43,470
10471,17,41520,Calumet City School District 155,IL,325,1186
9775,17,8130,Calumet Public School District 132,IL,288,1014
2825,17,8160,Cambridge Community Unit School District 227,IL,42,422
15919,17,8280,Canton Union School District 66,IL,359,2163
1519,17,8310,Carbon Cliff-Barstow School District 36,IL,64,217
32504,17,8370,Carbondale Community High School District 165,IL,283,1249
23463,17,8340,Carbondale Elementary School District 95,IL,557,1760
8822,17,8430,Carlinville Community Unit School District 1,IL,168,1307
9407,17,8460,Carlyle Community Unit School District 1,IL,115,1169
8253,17,8500,Carmi-White County Community Unit School District 5,IL,247,1374
2669,17,8580,Carrier Mills-Stonefort Community Unit School District,IL,109,409
3859,17,8610,Carrollton Community Unit School District 1,IL,67,644
12407,17,8640,Carterville Community Unit School District 5,IL,224,2236
3953,17,1385,Carthage Elementary School District 317,IL,56,430
22472,17,8730,Cary Community Consolidated School District 26,IL,133,2604
5247,17,2,Casey-Westfield Community Unit School District 4C,IL,97,843
8509,17,8790,Cass School District 63,IL,46,808
11679,17,8970,Center Cass School District 66,IL,45,1112
4454,17,9100,Central A & M Community Unit School District 21,IL,76,725
4931,17,8220,Central CUSD 3,IL,112,923
2089,17,9180,Central City School District 133,IL,47,238
16841,17,4770,Central Community High School District 71,IL,42,975
22518,17,7830,Central Community Unit School District 301,IL,138,4444
5730,17,10410,Central Community Unit School District 4,IL,64,938
6575,17,9170,Central School District 104,IL,84,699
9501,17,9150,Central School District 51,IL,40,1374
2890,17,37860,Central Stickney School District 110,IL,57,355
19591,17,9300,Centralia High School District 200,IL,204,1105
12552,17,9270,Centralia School District 135,IL,342,1385
2143,17,39630,Century Community Unit School District 100,IL,63,312
2888,17,9330,Cerro Gordo Community Unit School District 100,IL,41,481
2721,17,9400,Chadwick-Milledgeville Community Unit School District 399,IL,34,422
104306,17,9420,Champaign Community Unit School District 4,IL,1864,12908
6942,17,9510,Chaney-Monge School District 88,IL,67,480
10479,17,9540,Channahon School District 17,IL,55,1272
22807,17,9600,Charleston Community Unit School District 1,IL,385,2833
9124,17,9810,Chester Community Unit School District 139,IL,170,1074
789,17,333,Chester Non-High School District 122,IL,6,41
2866,17,9850,Chester-East Lincoln Community CSD 61,IL,25,283
21711,17,9960,Chicago Heights School District 170,IL,763,2859
2698006,17,9930,Chicago Public School District 299,IL,79140,378975
13280,17,9990,Chicago Ridge School District 127-5,IL,439,1373
4610,17,217,Christopher Community Unit School District 99,IL,166,761
84155,17,10200,Cicero School District 99,IL,2452,11746
1640,17,10290,Cissna Park Community Unit School District 6,IL,17,257
2124,17,10340,Clay City Community Unit District 10,IL,52,338
11314,17,10440,Clinton Community Unit School District 15,IL,213,1802
11785,17,10530,Coal City Community Unit School District 1,IL,127,2085
3196,17,10570,Cobden School Unit District 17,IL,92,493
46479,17,10650,Collinsville Community Unit School District 10,IL,813,6771
3615,17,10690,Colona School District 190,IL,39,325
13427,17,10740,Columbia Community Unit School District 4,IL,61,2352
26102,17,39030,Community Consolidated School District 146,IL,341,2485
9403,17,35460,Community Consolidated School District 168,IL,433,1374
6594,17,30510,Community Consolidated School District 180,IL,118,697
3458,17,31560,Community Consolidated School District 204,IL,10,175
65920,17,13770,Community Consolidated School District 59,IL,812,6437
34503,17,10470,Community Consolidated School District 93,IL,215,3306
97912,17,11370,Community High School District 155,IL,275,6021
116832,17,6540,Community High School District 218,IL,1030,6028
40848,17,40440,Community High School District 94,IL,133,2086
112691,17,12570,Community High School District 99,IL,214,5450
81079,17,42180,Community Unit School District 200,IL,574,13842
120846,17,8550,Community Unit School District 300,IL,1547,20439
4221,17,25590,Community Unit School District 4,IL,72,744
156400,17,8400,Consolidated High School District 230,IL,1153,8977
28085,17,6510,Cook County School District 130,IL,619,3018
986,17,10860,Cornell Community Consolidated School District 426,IL,21,117
1412,17,10980,Coulterville Unit School District 1,IL,38,234
12249,17,11010,Country Club Hills School District 160,IL,466,1514
6394,17,36600,County of Winnebago SD 320,IL,177,1115
16266,17,25770,County of Woodford School,IL,38,982
2220,17,176,Cowden-Herrick Community Unit School District 3A,IL,40,340
2521,17,11100,Crab Orchard Community Unit School District 3,IL,41,418
954,17,323,Crescent Iroquois Community Unit School District 249,IL,8,136
918,17,11220,Creston Community Consolidated School District 161,IL,10,112
33553,17,11250,Crete-Monee Community Unit School District 201-U,IL,798,5073
5575,17,11290,Creve Coeur School District 76,IL,94,541
63972,17,11350,Crystal Lake Community Consolidated School District 47,IL,446,7693
5948,17,39090,Cumberland Community Unit School District 77,IL,124,985
993,17,11520,Cypress School District 64,IL,13,104
4740,17,11610,Dakota Community Unit School District 201,IL,72,798
1718,17,1388,Dallas Elementary School District 327,IL,44,158
719,17,11700,Dalzell School District 98,IL,5,72
907,17,11730,Damiansville School District 62,IL,5,103
33980,17,11790,Danville Community Consolidated School District 118,IL,2056,5737
16003,17,21450,Darien School District 61,IL,100,1468
1907,17,12150,De Soto Consolidated School District 86,IL,57,226
49010,17,12000,DeKalb Community Unit School District 428,IL,1143,6831
1306,17,12030,DeLand-Weldon Community Unit School District 57,IL,33,221
61588,17,11850,Decatur School District 61,IL,2648,9571
5722,17,11880,Deer Creek-Mackinaw Community Unit School District 701,IL,54,1080
673,17,11910,Deer Park Community Consolidated School District 82,IL,3,53
21443,17,11980,Deerfield School District 109,IL,65,2934
2515,17,12060,Delavan Community Unit School District 703,IL,39,461
1681,17,12090,Depue Community Unit School District 103,IL,42,313
52193,17,12120,Des Plaines Community Consolidated School District 62,IL,621,4646
9024,17,12210,Diamond Lake School District 76,IL,88,922
2670,17,12240,Dieterich Community Unit School District 30,IL,43,578
1536,17,1434,Dimmick Community Consolidated School District 175,IL,19,164
6638,17,41010,District 50 Schools,IL,81,690
22053,17,12330,Dixon Unit School District 170,IL,376,2973
18772,17,12450,Dolton School District 148,IL,753,2181
27458,17,12420,Dolton School District 149,IL,922,3004
1722,17,12480,Dongola School Unit District 66,IL,63,285
1871,17,12510,Donovan Community Unit School District 3,IL,35,315
54125,17,12540,Downers Grove Grade School District 58,IL,173,5856
8743,17,12760,Du Quoin Community Unit School District 300,IL,236,1346
82832,17,13940,DuPage High School District 88,IL,256,3844
26242,17,12700,Dunlap Community Unit School District 323,IL,341,5645
6303,17,12720,Dupo Community Unit School District 196,IL,155,967
3872,17,12810,Durand Community Unit School District 322,IL,51,617
4848,17,12840,Dwight Common School District 232,IL,70,478
5123,17,12870,Dwight Township High School District 230,IL,33,278
2512,17,12930,Earlville Community Unit School District 9,IL,49,395
7412,17,12960,East Alton School District 13,IL,132,704
12978,17,12990,East Alton-Wood River Community High School District 14,IL,87,614
2675,17,1411,East Coloma-Nelson Consolidated Elementary School District 20,IL,35,254
4086,17,13050,East Dubuque Community Unit School District 119,IL,51,627
46898,17,13140,East Maine School District 63,IL,608,3918
26764,17,13170,East Moline School District 37,IL,563,3011
24345,17,13230,East Peoria Community High School District 309,IL,115,1118
17458,17,13240,East Peoria School District 86,IL,194,1716
4701,17,13260,East Prairie School District 73,IL,69,495
26451,17,13320,East St. Louis School District 189,IL,1702,4546
4379,17,7,Eastland Community Unit School District 308,IL,85,752
2078,17,13370,Edgar County Community Unit District 6,IL,38,278
1866,17,13410,Edinburg Community Unit School District 4,IL,31,303
5373,17,13500,Edwards County Community Unit School District 1,IL,100,919
54678,17,13530,Edwardsville Community Unit School District 7,IL,384,8729
20119,17,13560,Effingham Community Unit School District 40,IL,335,3248
2182,17,13590,Egyptian Community Unit School District 5,IL,78,336
6974,17,326,El Paso-Gridley Community Unit School District 11,IL,68,1307
6397,17,13660,Eldorado Community Unit School District 4,IL,225,912
19935,17,36300,Elementary School District 159,IL,394,1959
48568,17,13970,Elmhurst School District 205,IL,190,9344
3890,17,14050,Elmwood Community Unit School District 322,IL,50,750
24130,17,14100,Elmwood Park Community Unit School District 401,IL,459,3498
2826,17,13860,Elverado Community Unit School District 196,IL,70,461
3648,17,14160,Elwood Community Consolidated School District 203,IL,26,343
3286,17,14250,Emmons School District 33,IL,12,307
3529,17,14350,Erie Community Unit School District 1,IL,36,648
732,17,14410,Eswood Community Consolidated District 269,IL,5,74
9816,17,14430,Eureka Community Unit District 140,IL,84,1792
84694,17,14460,Evanston Community Consolidated School District 65,IL,679,8133
84694,17,14490,Evanston Township High School District 202,IL,241,3446
19592,17,14580,Evergreen Park Community High School District 231,IL,106,1283
19592,17,14550,Evergreen Park Elementary School District 124,IL,230,2321
1811,17,14640,Ewing Northern Community Consolidated District 115,IL,37,256
9518,17,26180,Fairfield Community High School District 225,IL,69,449
5793,17,14710,Fairfield Public School District 112,IL,106,557
3947,17,14760,Fairmont School District 89,IL,65,351
7861,17,44,Farmington Central Community Unit School District 265,IL,140,1354
613,17,14940,Farrington Community Consolidated School District 99,IL,10,78
30448,17,15030,Fenton Community High School District 100,IL,108,1480
2423,17,15090,Field Community Consolidated School District 3,IL,25,271
6037,17,15100,Fieldcrest Community Unit School District 6,IL,88,948
3547,17,15180,Fisher Community Unit School District 1,IL,56,685
2576,17,1390,Flanagan-Cornell District 74,IL,46,326
7638,17,15400,Flora Community Unit School District 35,IL,210,1280
21230,17,15420,Flossmoor School District 161,IL,275,2366
1769,17,10950,Ford Heights School District 169,IL,113,249
13845,17,15450,Forest Park School District 91,IL,113,812
15814,17,15480,Forest Ridge School District 142,IL,191,1647
4841,17,15490,Forrestville Valley Community Unit School District 221,IL,89,761
8972,17,15630,Fox Lake Grade School District 114,IL,81,683
4274,17,15660,Fox River Grove Consolidated School District 3,IL,20,480
20248,17,15700,Frankfort Community Consolidated School District 157C,IL,77,2694
10685,17,41580,Frankfort Community Unit School District 168,IL,436,1750
1872,17,15750,Franklin Community Unit School District 1,IL,18,287
11058,17,15780,Franklin Park School District 84,IL,166,1194
7245,17,15820,Freeburg Community Consolidated School District 70,IL,46,822
12850,17,15840,Freeburg Community High School District 77,IL,28,706
27432,17,15900,Freeport School District 145,IL,916,4093
20738,17,15930,Fremont School District 79,IL,71,2368
2998,17,11400,Fulton County Community Unit School District 3,IL,66,450
2268,17,16020,Galatia Community Unit School District 1,IL,60,365
5952,17,16050,Galena Unit School District 120,IL,68,794
31936,17,16080,Galesburg Community Unit School District 205,IL,1093,4424
4477,17,45,Gallatin Community Unit School District 7,IL,120,668
3288,17,16140,Galva Community Unit School District 224,IL,54,486
1730,17,16230,Gardner Community Consolidated School District 72C,IL,17,173
3888,17,16260,Gardner-South Wilmington Township High School District,IL,14,179
8237,17,16290,Gavin School District 37,IL,88,835
806,17,16320,Geff Community Consolidated School District 14,IL,29,97
1396,17,30900,General George Patton School District 133,IL,75,198
15848,17,16350,Geneseo Community Unit School District 228,IL,114,2625
30763,17,16380,Geneva Community Unit School District 304,IL,120,5777
9107,17,16410,Genoa-Kingston Community Unit School District 424,IL,113,1666
5736,17,92,Georgetown-Ridge Farm Consolidated Unit School District 4,IL,225,1052
6585,17,16560,Germantown Hills School District 69,IL,30,885
1951,17,16530,Germantown School District 60,IL,12,230
2363,17,16590,Giant City Community Consolidated School District 130,IL,27,266
5913,17,41,Gibson City-Melvin-Sibley Community Unit School District 5,IL,96,998
1774,17,16650,Gifford Community Consolidated School District 188,IL,10,183
7541,17,16680,Gillespie Community Unit School District 7,IL,185,1132
22950,17,40500,Glen Ellyn Community Consolidated School District 89,IL,97,2267
30322,17,16800,Glen Ellyn School District 41,IL,131,4164
166239,17,16830,Glenbard Township High School District 87,IL,434,8745
8499,17,16860,Glencoe School District 35,IL,28,1402
42681,17,16920,Glenview Community Consolidated School District 34,IL,350,5626
7650,17,26820,Golf Elementary School District 67,IL,69,720
3776,17,14,Goreville Community Unit School District 1,IL,48,557
10098,17,17160,Gower School District 62,IL,56,897
849,17,17190,Grand Prairie Community Consolidated School District 6,IL,8,95
2326,17,17220,Grand Ridge Community Consolidated School District 95,IL,20,255
40549,17,17280,Granite City Community Unit School District 9,IL,1160,6568
7469,17,17310,Grant Community Consolidated School District 110,IL,111,722
38561,17,17340,Grant Community High School District 124,IL,112,1680
3091,17,17370,Grant Park Community Unit School District 6,IL,52,501
2602,17,17490,Grass Lake School District 36,IL,15,193
44588,17,17550,Grayslake Community High School District 127,IL,110,2438
30261,17,17520,Grayslake Consolidated Community School District 46,IL,211,3859
1826,17,17580,Grayville Community Unit School District 1,IL,51,265
2364,17,17670,Greenfield Community Unit School District 10,IL,44,403
1374,17,17700,Greenview Community Unit School District 200,IL,17,204
2136,17,17790,Griggsville-Perry Community Unit School District 4,IL,53,359
18911,17,17800,Gurnee School District 56,IL,239,2031
9068,17,18030,Hall High School District 502,IL,52,417
3611,17,18060,Hamilton Community Consolidated School District 328,IL,73,564
7365,17,10790,Hamilton County Community Unit School District 10,IL,165,1215
2059,17,18090,Hampton School District 29,IL,16,238
3558,17,18200,Hardin County Community Unit School District 1,IL,115,475
41587,17,18240,Harlem Unit School District 122,IL,974,6681
9668,17,14220,Harmony Emge School District 175,IL,152,896
11772,17,18270,Harrisburg Community Unit School District 3,IL,444,1846
4088,17,18360,Harrison School District 36,IL,44,397
1174,17,18390,Hartsburg-Emden Community Unit School District 21,IL,12,207
13507,17,18420,Harvard Community Unit School District 50,IL,293,2377
12845,17,18450,Harvey School District 152,IL,630,1693
5675,17,18510,Havana Community Unit School District 126,IL,161,806
30962,17,18570,Hawthorn Community Consolidated School District 73,IL,246,3597
6805,17,18600,Hazel Crest School District 152-5,IL,369,960
3624,17,115,Henry-Senachwine Consolidated Unit School District 5,IL,66,516
2897,17,106,Heritage Community Unit School District 8,IL,45,464
15892,17,18810,Herrin Community Unit School District 4,IL,429,2613
10464,17,18840,Herscher Community Unit School District 2,IL,131,1749
4845,17,18870,Heyworth Community Unit School District 4,IL,46,933
3021,17,21300,Hiawatha Community Unit School District 426,IL,39,517
3780,17,18960,High Mount School District 116,IL,71,372
18353,17,18990,Highland Community Unit School District 5,IL,163,3111
12244,17,19200,Hillsboro Community Unit School District 3,IL,181,1586
5559,17,19230,Hillside School District 93,IL,76,448
4727,17,19260,Hinckley-Big Rock Community Unit School District 429,IL,41,799
26426,17,19290,Hinsdale Community Consolidated School District 181,IL,71,4174
76702,17,19320,Hinsdale Township High School District 86,IL,187,4641
699,17,19420,Hollis Consolidated School District 328,IL,3,102
31931,17,19500,Homer Community Consolidated School District 33C,IL,204,3836
16221,17,19530,Homewood School District 153,IL,196,1810
38003,17,19560,Homewood-Flossmoor Community High School District 233,IL,262,2720
33089,17,19620,Hononegah Community High School District 207,IL,106,2189
6427,17,19660,Hoopeston Area Community Unit School District 11,IL,248,1128
7600,17,19680,Hoover-Schrum Memorial School District 157,IL,230,859
47246,17,19830,Huntley Consolidated School District 158,IL,302,8384
1913,17,19920,Hutsonville Community Unit School District 1,IL,41,290
5444,17,19960,Illini Bluffs Community Unit School District 327,IL,71,956
4151,17,113,Illini Central Community Unit School District 189,IL,111,651
7595,17,1384,Illini West High School District 307,IL,52,401
13140,17,19970,Illinois Valley Central Unit School District 321,IL,226,2382
4466,17,35970,Indian Creek Community Unit District 425,IL,44,781
136883,17,41690,Indian Prairie Community Unit School District 204,IL,1153,26046
23760,17,7170,Indian Springs School District 109,IL,674,2634
6040,17,20170,Iroquois County Community Unit School District 9,IL,174,892
4723,17,20180,Iroquois West Community Unit School District 10,IL,89,858
756,17,20190,Irvington County Community Unit School District 11,IL,9,67
9733,17,20220,Itasca School District 10,IL,36,1088
1879,17,20250,Iuka Community Consolidated School District 7,IL,36,244
158343,17,26880,J. Sterling Morton High School District 201,IL,1382,8595
26083,17,20280,Jacksonville School District 117,IL,524,3554
1433,17,20370,Jasper Community Consolidated School District 17,IL,29,184
8729,17,20380,Jasper County Community Unit School District 1,IL,208,1495
18460,17,20430,Jersey Community Unit School District 100,IL,290,2713
12185,17,20490,Johnsburg Community Unit School District 12,IL,123,1912
7621,17,20550,Johnston City Community Unit School District 1,IL,203,1182
83160,17,20580,Joliet Public School District 86,IL,1866,9813
130401,17,20610,Joliet Township High School District 204,IL,799,6051
2778,17,20640,Jonesboro Community Consolidated School District 43,IL,62,358
1495,17,15,Joppa-Maple Grove Unit District 38,IL,43,250
26372,17,24480,Kaneland Community Unit School District 302,IL,122,4495
29041,17,20760,Kankakee School District 111,IL,1223,4814
1230,17,20790,Kansas Community Unit School District 3,IL,31,210
14326,17,20880,Keeneyville School District 20,IL,136,1550
922,17,20910,Kell Consolidated School District 2,IL,20,114
2730,17,20970,Kenilworth School District 38,IL,15,473
10396,17,21000,Kewanee Community Unit School District 229,IL,339,1809
24749,17,21030,Kildeer Countryside Community Consolidated School District 96,IL,117,3269
1042,17,21130,Kings Consolidated School District 144,IL,14,125
13983,17,21180,Kinnikinnick Community Consolidated School District 131,IL,98,1836
34299,17,21270,Kirby School District 140,IL,455,3487
5924,17,21390,Knoxville Community Unit School District 202,IL,114,1030
5091,17,21420,Komarek School District 94,IL,59,570
1923,17,1381,La Harpe Community School District 347,IL,23,201
1585,17,21680,La Moille Community Unit School District 303,IL,25,221
9947,17,19110,LaGrange Highlands School District 106,IL,33,1121
26100,17,21600,LaGrange School District 102,IL,166,3486
11951,17,21630,LaGrange School District 105,IL,122,1433
8992,17,22080,LaSalle Elementary School District 122,IL,231,965
28292,17,22110,LaSalle-Peru Township High School District 120,IL,175,1350
1771,17,21510,Ladd Community Consolidated School District 94,IL,20,190
9827,17,21720,Lake Bluff Elementary School District 65,IL,40,1040
29299,17,21780,Lake Forest Community High School District 115,IL,40,1755
19048,17,21750,Lake Forest School District 67,IL,48,2215
52822,17,21840,Lake Park Community High School District 108,IL,121,2766
23249,17,21870,Lake Villa Community Consolidated School District 41,IL,176,2788
33029,17,21900,Lake Zurich Community Unit School District 95,IL,217,5983
23295,17,22020,Lansing School District 158,IL,611,2766
2847,17,22050,Laraway Community Consolidated School District 70C,IL,68,332
7352,17,22150,Lawrence County Community Unit District 20,IL,197,1173
4354,17,22620,Le Roy Community Unit School District 2,IL,46,750
5673,17,22300,Lebanon Community Unit School District 9,IL,65,630
1792,17,22870,Leland Community Unit School District 1,IL,31,313
26736,17,22500,Lemont Township High School District 210,IL,64,1552
26408,17,7290,Lemont-Bromberek Combined School District 113A,IL,144,2975
4832,17,22530,Lena-Winslow Community Unit School District 202,IL,64,805
4305,17,153,Lewistown Community Unit School District 97,IL,80,613
3002,17,22710,Lexington Community Unit School District 7,IL,24,570
63316,17,22740,Leyden Community High School District 212,IL,423,3285
3258,17,22770,Liberty Community Unit School District 2,IL,42,624
51706,17,22830,Libertyville Community High School District 128,IL,99,3223
19226,17,22800,Libertyville School District 70,IL,63,2449
1277,17,22860,Lick Creek Community Consolidated School District 16,IL,15,127
20738,17,22950,Limestone Community High School District 310,IL,190,1106
1820,17,22920,Limestone Walters Community Consolidated School District 316,IL,9,182
20064,17,23050,Lincoln Community High School District 404,IL,96,881
6143,17,8100,Lincoln Elementary School District 156,IL,263,840
11607,17,22980,Lincoln Elementary School District 27,IL,201,1274
114873,17,23070,Lincoln Way Community High School District 210,IL,203,7011
14685,17,23090,Lincolnshire-Prairieview School District 103,IL,45,1888
13226,17,23100,Lincolnwood School District 74,IL,155,1393
3912,17,13440,Lindop School District 92,IL,72,396
888,17,23160,Lisbon Community Consolidated School District 90,IL,8,116
14740,17,23200,Lisle Community Unit School District 202,IL,79,1804
8448,17,23250,Litchfield Community Unit School District 12,IL,216,1404
6573,17,9210,Lockport School District 91,IL,44,611
79368,17,23350,Lockport Township High School District 205,IL,236,3855
36409,17,23460,Lombard School District 44,IL,179,3456
773,17,120,Lostant Community Unit School District 425,IL,14,111
2274,17,40920,Lowpoint-Washburn Community Unit School District 21,IL,35,384
835,17,23700,Ludlow Community Consolidated School District 142,IL,18,107
21948,17,23850,Lyons School District 103,IL,393,2495
70111,17,23880,Lyons Township High School District 204,IL,170,4241
17538,17,23920,Macomb Community Unit School District 185,IL,424,2128
3772,17,23970,Madison Community Unit School District 12,IL,242,698
17912,17,24000,Maercker School District 60,IL,116,1485
15957,17,24060,Mahomet-Seymour Community Unit School District 3,IL,158,3565
147528,17,24090,Maine Township High School District 207,IL,659,7268
652,17,24120,Malden Community Consolidated School District 84,IL,6,57
11729,17,24270,Manhattan School District 114,IL,41,1622
21126,17,24330,Mannheim School District 83,IL,346,2331
12231,17,24390,Manteno Community Unit School District 5,IL,146,2031
13873,17,24570,Marengo Community High School District 154,IL,57,777
10502,17,77,Marengo-Union Elementary Consolidated District 165,IL,109,1121
27829,17,24600,Marion Community Unit School District 2,IL,567,4013
2951,17,24650,Marissa Community Unit School District 40,IL,72,468
6250,17,24750,Maroa-Forsyth Community Unit School District 2,IL,90,1257
24590,17,24780,Marquardt School District 15,IL,273,2619
4250,17,5466,Marseilles Elementary School District 150,IL,88,493
7782,17,24870,Marshall Community Unit School District 2C,IL,170,1278
2276,17,24900,Martinsville Community Unit School District 3C,IL,59,426
19489,17,24940,Mascoutah Community Unit School District 19,IL,187,4170
12038,17,25000,Massac Unit School District 1,IL,379,1843
23819,17,25020,Matteson Elementary School District 162,IL,590,2538
21722,17,25050,Mattoon Community Unit School District 2,IL,443,3142
42858,17,25110,Maywood-Melrose Park-Broadview School District 89,IL,1151,5183
2678,17,25190,Mazon-Verona-Kinsman Elementary School District 2C,IL,26,379
848,17,25260,McClellan Community Consolidated School District 12,IL,5,71
43646,17,25290,McHenry Community Consolidated School District 15,IL,337,4405
46761,17,25320,McHenry Community High School District 156,IL,150,2261
98544,17,28620,McLean County Unit School District 5,IL,1051,15098
7548,17,25500,Medinah School District 11,IL,39,734
10049,17,25620,Mendota Community Consolidated School District 289,IL,182,1188
10078,17,25650,Mendota Township High School District 280,IL,76,591
8148,17,1395,Mercer County School District 404,IL,159,1234
1355,17,25680,Meredosia-Chambersburg Community Unit School District 11,IL,38,213
2833,17,26970,Meridian Community Unit School District 101,IL,178,442
5917,17,123,Meridian Community Unit School District 15,IL,90,1071
8747,17,25690,Meridian Community Unit School District 223,IL,96,1585
7267,17,25740,Metamora Community Consolidated School District 1,IL,28,944
5019,17,126,Midland Community Unit School District 7,IL,83,751
13930,17,25920,Midlothian School District 143,IL,328,1617
5513,17,43962,Midwest Central Community Unit School District 191,IL,106,909
3453,17,1416,Milford Area Public School District 124,IL,85,588
8497,17,26100,Millburn Community Consolidated School District 24,IL,55,1329
2337,17,26250,Miller Township Community Consolidated School District,IL,18,240
8450,17,26190,Millstadt Consolidated Community School District 160,IL,44,848
31698,17,26310,Minooka Community Consolidated School District 201,IL,243,4743
45644,17,26340,Minooka Community High School District 111,IL,111,2711
17323,17,26370,Mokena School District 159,IL,72,1690
47518,17,26400,Moline-Coal Valley School District 40,IL,1113,8192
6760,17,26430,Momence Community Unit School District 1,IL,227,1121
10397,17,320,Monmouth-Roseville Community Unit School District 238,IL,361,1715
3037,17,26490,Monroe School District 70,IL,23,317
9591,17,26550,Monticello Community Unit School District 25,IL,77,1695
2442,17,26590,Montmorency Community Consolidated School District 145,IL,22,269
19144,17,26640,Morris Community High School District 101,IL,77,998
11884,17,26610,Morris School District 54,IL,123,1246
6524,17,26710,Morrison Community Unit School District 6,IL,108,1063
1741,17,26760,Morrisonville Community Unit School District 1,IL,34,279
19605,17,26800,Morton Community Unit School District 709,IL,121,3426
10002,17,26850,Morton Grove School District 70,IL,99,1021
3174,17,27180,Mount Olive Community Unit School District 5,IL,65,496
21123,17,27210,Mount Prospect School District 57,IL,99,2579
3464,17,27290,Mount Pulaski Community Unit District 23,IL,36,574
12689,17,27340,Mount Vernon School District 80,IL,346,1385
27567,17,27360,Mount Vernon Township High School District 201,IL,230,1454
12418,17,27390,Mount Zion Community Unit School District 3,IL,138,2427
2171,17,27450,Mulberry Grove Community Unit School District 1,IL,47,334
44389,17,27570,Mundelein Consolidated High School District 120,IL,136,2248
15621,17,27540,Mundelein Elementary School District 75,IL,130,1640
14163,17,27610,Murphysboro Community Unit School District 186,IL,474,2241
96882,17,27710,Naperville Community Unit District 203,IL,551,17555
8169,17,27740,Nashville Community High School District 99,IL,30,466
6087,17,27720,Nashville Consolidated Community School District 49,IL,49,631
2004,17,27780,Nauvoo-Colusa Community Unit School District 325,IL,33,313
4276,17,27840,Neoga Community Unit School District 3,IL,65,682
985,17,27930,Nettle Creek Community Consolidated School District 24C,IL,5,114
3699,17,27960,New Athens Community Unit School District 60,IL,39,553
6146,17,27990,New Berlin CUSD 16,IL,36,993
1053,17,103,New Holland-Middletown Elementary School District 88,IL,12,122
1485,17,28110,New Hope Community Consolidated School District 6,IL,25,185
43084,17,28140,New Lenox School District 122,IL,174,5599
2158,17,28160,New Simpson Hill Consolidated District 32,IL,28,225
60800,17,28200,New Trier Township High School District 203,IL,89,4603
2722,17,28270,Newark Community Consolidated School District 66,IL,12,313
3741,17,28260,Newark Community High School District 18,IL,9,239
7989,17,28500,Niles Elementary School District 71,IL,79,609
100406,17,28530,Niles Township Community High School District 219,IL,604,5326
11849,17,222,Nippersink School District 2,IL,59,1250
4029,17,28560,Nokomis Community Unit School District 22,IL,89,682
12541,17,28650,Norridge School District 80,IL,135,1196
4318,17,4,Norris City-Omaha-Enfield Community Unit School District 3,IL,113,723
8667,17,28700,North Boone Community Unit School District 200,IL,124,1631
27871,17,110,North Chicago School District 187,IL,703,3452
3616,17,28810,North Clay Community Unit School District 25,IL,79,634
4838,17,42240,North Greene Unit School District 3,IL,151,757
7909,17,1403,North Mac Community Unit School District 34,IL,163,1244
29268,17,28890,North Palos School District 117,IL,809,3242
4821,17,28920,North Pekin-Marquette Heights School District 102,IL,55,541
35683,17,119,North Shore School District 112,IL,187,4226
768,17,40680,North Wamac School District 186,IL,24,86
2571,17,10240,North Wayne Community Unit School District 200,IL,72,466
11658,17,17850,Northbrook Elementary School District 27,IL,42,1346
14516,17,28980,Northbrook School District 28,IL,57,1871
11407,17,24420,Northbrook/Glenview School District 30,IL,41,1305
90562,17,29010,Northfield Township High School District 225,IL,237,5259
2085,17,30540,Northwestern Community Unit School District 2,IL,43,291
3482,17,29040,Norwood Elementary School District 63,IL,70,382
30782,17,29760,O'Fallon Community Consolidated School District 90,IL,244,4183
43531,17,29790,O'Fallon Township High School District 203,IL,158,2800
3450,17,29100,Oak Grove School District 68,IL,40,348
7312,17,29130,Oak Grove School District 68,IL,18,1000
40075,17,29220,Oak Lawn Community High School District 229,IL,373,2228
35296,17,29190,Oak Lawn-Hometown School District 123,IL,476,3789
53622,17,29250,Oak Park Elementary School District 97,IL,329,6229
65107,17,29280,Oak Park and River Forest District 200,IL,150,3607
674,17,29310,Oakdale Community Consolidated School District 1,IL,5,74
1881,17,29340,Oakland Community Unit School District 5,IL,21,252
5400,17,10800,Oakwood Community Unit School District 76,IL,115,905
3831,17,29420,Oblong Community Unit School District 4,IL,119,681
1317,17,29520,Odell Community Consolidated School District 435,IL,23,152
1464,17,1404,Odin Public School District 722,IL,44,228
4573,17,29670,Oglesby Elementary School District 125,IL,64,503
783,17,29700,Ohio Community Consolidated School District 17,IL,18,90
802,17,29730,Ohio Community High School District 505,IL,7,37
3214,17,223,Okaw Valley Community Unit School District 302,IL,52,546
11473,17,29890,Olympia Community Unit School District 16,IL,99,1924
1768,17,5570,Opdyke-Belle Rive Community Consolidated School District 5,IL,43,260
2200,17,30060,Orangeville Community Unit School District 203,IL,28,358
10632,17,30160,Oregon Community Unit School District 220,IL,218,1506
5758,17,30200,Orion Community Unit School District 223,IL,36,974
55549,17,30220,Orland School District 135,IL,682,5633
87658,17,30270,Oswego Community Unit School District 308,IL,821,17801
18918,17,30300,Ottawa Elementary School District 141,IL,307,1921
30898,17,30330,Ottawa Township High School District 140,IL,171,1432
118704,17,30420,Palatine Community Consolidated School District 15,IL,1176,12509
2171,17,30480,Palestine Community Unit School District 3,IL,66,345
23559,17,30600,Palos Community Consolidated School District 118,IL,220,2026
9634,17,30570,Palos Heights School District 128,IL,65,818
8320,17,30630,Pana Community Unit School District 8,IL,225,1342
3019,17,30660,Panhandle Community Unit School District 2,IL,64,495
4156,17,30780,Paris Community Unit School District 4,IL,57,569
7552,17,30750,Paris-Union School District 95,IL,209,1136
14960,17,30810,Park Forest School District 163,IL,460,1703
42124,17,30840,Park Ridge Consolidated Community School District 64,IL,252,5260
1450,17,30870,Patoka Community Unit School District 100,IL,30,252
1540,17,22350,Paw Paw CUSD 271,IL,16,217
3262,17,30930,Pawnee Community Unit School District 11,IL,34,556
8271,17,7650,Paxton-Buckley-Loda Community Unit School District 10,IL,180,1472
3239,17,30990,Payson Community Unit School District 1,IL,55,614
2349,17,31020,Pearl City Community Unit School District 200,IL,45,430
5177,17,31050,Pecatonica Community Unit School District 321,IL,73,972
42349,17,31110,Pekin Community High School District 303,IL,211,1914
31581,17,31080,Pekin Public School District108,IL,483,3327
1624,17,31140,Pembroke Consolidated Community School District 259,IL,59,163
5801,17,31200,Pennoyer School District 79,IL,57,470
6502,17,31270,Peoria Heights Community Unit School District 325,IL,188,902
92504,17,31230,Peoria School District 150,IL,4438,15585
11014,17,31290,Peotone Community Unit School District 207U,IL,92,1653
9843,17,31380,Peru Elementary School District 124,IL,121,943
7412,17,31710,Pikeland Community Unit School District 10,IL,177,1226
10037,17,31620,Pinckneyville Community High School District 101,IL,37,404
5829,17,9,Pinckneyville School District 50,IL,69,574
130429,17,31740,Plainfield School District 202,IL,1573,25728
13243,17,31770,Plano Community Unit School District 88,IL,198,2467
1584,17,31890,Pleasant Hill Community Unit School District 3,IL,47,318
1959,17,31860,Pleasant Hill School District 69,IL,80,251
7980,17,31920,Pleasant Plains Community Unit School District 8,IL,40,1527
4268,17,31950,Pleasant Valley School District 62,IL,197,481
8375,17,32040,Pleasantdale School District 107,IL,48,871
3856,17,32100,Polo Community Unit School District 222,IL,80,596
12850,17,32160,Pontiac Community Consolidated School District 429,IL,240,1263
15382,17,32220,Pontiac Township High School District 90,IL,111,758
7601,17,32190,Pontiac-William Holliday School District 105,IL,90,705
3703,17,32280,Pope County Community Unit School District 1,IL,55,302
6717,17,31410,Porta Community Unit School District 202,IL,106,978
11577,17,32370,Posen-Robbins Elementary School District 143-5,IL,406,1483
1154,17,32090,Potomac Community Unit School District 10,IL,22,192
10632,17,5,Prairie Central Community Unit School District 8,IL,185,1965
7194,17,32520,Prairie Grove Community School District 46,IL,34,789
5185,17,32550,Prairie Hill Community Consolidated School District 133,IL,31,789
789,17,32490,Prairie du Rocher Community Consolidated School District 134,IL,18,104
20719,17,24720,Prairie-Hills Elementary School District 144,IL,819,2655
2402,17,330,Prairieview-Ogden Community Consolidated School District 197,IL,13,285
11386,17,32670,Princeton Elementary School District 115,IL,125,1074
12002,17,32700,Princeton High School District 500,IL,56,579
3796,17,32770,Princeville Community Unit School District 326,IL,55,750
5215,17,32830,Prophetstown-Lyndon-Tampico Community Unit School District 3,IL,99,909
18556,17,32850,Prospect Heights School District 23,IL,133,1673
123324,17,32910,Proviso Township High School District 209,IL,936,5927
5068,17,32960,Putnam County Community Unit School District 535,IL,80,743
17465,17,32970,Queen Bee School District 16,IL,162,1873
48405,17,33000,Quincy School District 172,IL,1035,7703
3587,17,29940,ROWVA Community Unit School District 208,IL,41,589
2191,17,33030,Raccoon Consolidated School District 1,IL,30,217
2300,17,33090,Ramsey Community Unit School District 204,IL,89,386
3254,17,33120,Rankin Community School District 98,IL,10,182
12310,17,33210,Rantoul City School District 137,IL,354,1485
16980,17,33240,Rantoul Township High School District 193,IL,202,1104
33064,17,33270,Reavis Township High School District 220,IL,366,2010
7359,17,33300,Red Bud Community Unit School District 132,IL,108,1156
7549,17,22130,Red Hill Community Unit School District 10,IL,131,909
9397,17,33380,Reed Custer Community Unit School District 255U,IL,114,1456
4464,17,33390,Rhodes School District 84-5,IL,94,556
66827,17,33420,Rich Township High School District 227,IL,799,3925
15418,17,13290,Richland County Community Unit School District 1,IL,343,2609
11823,17,33450,Richland School District 88A,IL,98,912
11849,17,33510,Richmond-Burton Community High School District 157,IL,26,657
21935,17,33690,Ridgeland School District 122,IL,633,2476
3351,17,109,Ridgeview Community Unit School District 19,IL,46,593
19773,17,33720,Ridgewood Community High School District 234,IL,117,1076
3371,17,33750,Riley Community Consolidated School District 18,IL,19,356
6425,17,33950,River Bend Community Unit District 2,IL,121,1064
11485,17,33810,River Forest School District 90,IL,57,1525
8205,17,33840,River Grove School District 85-5,IL,122,730
3657,17,1,River Ridge Community Unit School District 210,IL,54,458
14907,17,33870,River Trails School District 26,IL,100,1481
6625,17,33930,Riverdale Community Unit School District 100,IL,54,1175
30276,17,34020,Riverside Brookfield Township School District 208,IL,83,1773
14503,17,33990,Riverside School District 96,IL,102,1886
7574,17,34100,Riverton Community Unit School District 14,IL,156,1396
2413,17,34110,Riverview Consolidated Community School District 2,IL,36,239
3216,17,34140,Roanoke-Benson Community Unit School District 60,IL,28,556
1805,17,34170,Robein School District 85,IL,12,182
11168,17,34230,Robinson Community Unit School District 2,IL,244,1563
13213,17,34260,Rochelle Community Consolidated District 231,IL,220,1508
16433,17,34290,Rochelle Township High School District 212,IL,98,873
10651,17,34320,Rochester Community Unit School District 3A,IL,59,2094
8190,17,34350,Rock Falls Elementary School District 13,IL,217,925
13307,17,34380,Rock Falls Township High School District 301,IL,103,661
42798,17,34410,Rock Island-Milan School District 41,IL,1424,6927
2414,17,34470,Rockdale School District 84,IL,56,267
185847,17,34510,Rockford School District 205,IL,7673,31606
7208,17,34440,Rockridge Community Unit School District 300,IL,42,1265
12628,17,34540,Rockton School District 140,IL,106,1657
2715,17,34590,Rome Community Consolidated School District 2,IL,35,323
1980,17,34620,Rondout School District 72,IL,10,202
510,17,34650,Rooks Creek Community Consolidated School District 425,IL,5,59
7337,17,34710,Roselle School District 12,IL,31,802
2182,17,34770,Rosemont Elementary School District 78,IL,25,203
2119,17,34870,Rossville-Alvin Community Unit School District 7,IL,58,380
35372,17,34990,Round Lake Community Unit School District 116,IL,987,6335
11455,17,35010,Roxana Community Unit School District 1,IL,214,1854
857,17,35100,Rutland Community Consolidated School District 230,IL,5,71
37513,17,40350,SD 45 DuPage County,IL,286,3726
14231,17,35190,Salem Community High School District 600,IL,128,873
8344,17,35160,Salem School District 111,IL,182,952
9117,17,35220,Salt Creek School District 48,IL,42,598
4770,17,1418,Salt Fork Community Unit School District 512,IL,79,867
2383,17,35310,Sandoval Community Unit School District 501,IL,92,449
3829,17,35340,Sandridge School District 172,IL,126,459
13365,17,35370,Sandwich Community Unit School District 430,IL,159,2194
3711,17,324,Sangamon Valley Community Unit School District 9,IL,45,640
6473,17,35400,Saratoga Community Consolidated School District 60C,IL,67,761
944,17,65,Saunemin Community Consolidated School District 438,IL,12,123
1784,17,35610,Scales Mound Community Unit School District 211,IL,17,252
134660,17,34740,Schaumburg Community Consolidated School District 54,IL,1427,14503
12939,17,35640,Schiller Park School District 81,IL,204,1211
232369,17,13710,School District U-46,IL,3808,37083
7058,17,332,Schuyler-Industry Community Unit School District 5,IL,114,927
1263,17,6600,Scott-Morgan Consolidated Unit School District 2,IL,40,191
1886,17,35770,Selmaville Community Consolidated School District 10,IL,33,239
3550,17,35820,Seneca Community Consolidated School District 170,IL,47,452
7158,17,35850,Seneca Township High School District 160,IL,33,448
6248,17,15880,Serena CUSD 2,IL,50,722
4176,17,35940,Sesser-Valier Community Unit School District 196,IL,110,647
2107,17,42990,Shawnee Community Unit School District 84,IL,95,370
7438,17,36090,Shelbyville Community Unit School District 4,IL,118,1165
8602,17,36180,Sherrard Community Unit School District 200,IL,90,1375
2508,17,122,Shiloh Community Unit School District 1,IL,61,350
5142,17,36210,Shiloh Village School District 85,IL,40,587
1293,17,36240,Shirland Community Consolidated School District 134,IL,18,115
2890,17,36330,Signal Hill School District 181,IL,58,328
5277,17,36360,Silvis School District 34,IL,121,673
21844,17,36450,Skokie School District 68,IL,345,2155
18424,17,36480,Skokie School District 69,IL,335,1820
9940,17,10380,Skokie School District 73-5,IL,138,1132
6631,17,14820,Skokie-Fairview School District 72,IL,83,784
4685,17,36510,Smithton Community Consolidated School District 130,IL,24,596
4888,17,36570,Somonauk Community Unit School District 432,IL,55,880
4084,17,114,South Central Community Unit School District 401,IL,104,660
2161,17,36640,South Fork School District 14,IL,43,298
10059,17,36720,South Holland School District 150,IL,217,1014
12303,17,36750,South Holland School District 151,IL,424,1545
1542,17,36780,South Pekin School District 137,IL,11,174
898,17,36840,South Wilmington Consolidated School District 74,IL,4,76
2741,17,36610,Southeastern Community Unit School District 337,IL,87,480
8767,17,31500,Southwestern Community Unit School District 9,IL,104,1410
8145,17,36900,Sparta Community Unit School District 140,IL,273,1334
1975,17,36960,Spoon River Valley Community Unit School District 4,IL,30,279
3520,17,1419,Spring Garden Community Consolidated School District 178,IL,41,267
653,17,37020,Spring Lake Community Consolidated School District 606,IL,3,74
6027,17,37050,Spring Valley Community Consolidated School District 99,IL,110,671
108100,17,37080,Springfield School District 186,IL,2720,15746
4269,17,99501,St. Anne Unit District 24,IL,75,490
69488,17,37170,St. Charles Community Unit School District 303,IL,395,12847
2630,17,37230,St. Elmo Community Unit School District 202,IL,45,404
3946,17,37320,St. George Community Consolidated School District 258,IL,24,506
6136,17,37380,St. Joseph Community Consolidated School District 169,IL,32,862
8211,17,37410,St. Joseph-Ogden Community High School District 305,IL,16,513
837,17,37440,St. Libory Consolidated School District 30,IL,2,71
1308,17,37470,St. Rose School District 14-15,IL,7,177
4277,17,37490,Stark County Community Unit School District 100,IL,83,666
7899,17,37590,Staunton Community Unit School District 6,IL,122,1197
2912,17,37650,Steeleville Community Unit School District 138,IL,65,503
14239,17,37680,Steger School District 194,IL,302,1561
20803,17,42310,Sterling Community Unit District 5,IL,460,3459
528,17,37800,Steward Elementary School District 220,IL,3,58
2447,17,37830,Stewardson-Strasburg Community Unit District 5A,IL,31,472
3516,17,37980,Stockton Community Unit School District 206,IL,58,506
15101,17,112,Streator Elementary School District 44,IL,368,1723
16433,17,38100,Streator Township High School District 40,IL,143,859
7575,17,38130,Sullivan Community Unit School District 300,IL,136,1333
2067,17,38190,Summersville School District 79,IL,33,230
24191,17,38220,Summit Hill School District 161,IL,137,2791
12260,17,4050,Summit School District 104,IL,318,1625
10895,17,38370,Sunnybrook School District 171,IL,198,1101
4244,17,38400,Sunset Ridge School District 29,IL,11,542
22367,17,38460,Sycamore Community Unit School District 427,IL,200,3973
3295,17,38520,Taft School District 90,IL,27,367
769,17,38550,Tamaroa School District 5,IL,13,88
18909,17,38700,Taylorville Community Unit School District 3,IL,342,2394
5959,17,38760,Teutopolis Community Unit School District 50,IL,36,1186
2232,17,38790,Thomasboro Community Consolidated School District 130,IL,59,267
1848,17,1382,Thompsonville Community Unit School District 174,IL,60,330
58353,17,38940,Thornton Fractional Township High School District 215,IL,734,3665
2759,17,38910,Thornton School District 154,IL,38,281
102024,17,38970,Thornton Township High School District 205,IL,1676,6289
9381,17,39120,Tolono Community Unit School District 7,IL,78,1760
1508,17,39180,Tonica Community Consolidated School District 79,IL,17,165
59337,17,19080,Township High School District 113,IL,102,3443
236290,17,30450,Township High School District 211,IL,987,12504
253671,17,4170,Township High School District 214,IL,931,12509
4901,17,39390,Tremont Community Unit School District 702,IL,27,976
3596,17,39450,Tri-City Community Unit School District 1,IL,26,575
2549,17,39480,Tri-Point Community Unit School District 6-J,IL,51,411
5055,17,13920,Tri-Valley Community Unit School District 3,IL,23,1160
22735,17,37350,Triad Community Unit School District 2,IL,124,4275
6116,17,8250,Trico Community Unit School District 176,IL,186,1095
2212,17,10830,Triopia Community Unit School District 27,IL,21,371
38712,17,39510,Troy Community Consolidated School District 30C,IL,378,4296
5933,17,39600,Tuscola Community Unit School District 301,IL,106,998
6546,17,39780,Union Ridge School District 86,IL,90,557
1448,17,39660,Union School District 81,IL,13,135
5637,17,321,United Community School District 304,IL,91,937
39235,17,39870,United Township High School District 30,IL,287,1930
4770,17,39930,Unity Point Community Consolidated School District 140,IL,98,488
49991,17,39960,Urbana School District 116,IL,1051,4975
1983,17,38490,V.I.T. Community Unit School District 2,IL,48,319
91434,17,40070,Valley View Community Unit School District 365U,IL,1687,15185
2457,17,40080,Valmeyer Community Unit School District 3,IL,11,413
11506,17,40140,Vandalia Community Unit School District 203,IL,224,1470
720,17,40200,Venice Community Unit School District 3,IL,30,100
9659,17,40290,Vienna High School District 133,IL,44,362
5794,17,40260,Vienna School District 55,IL,59,353
3993,17,40320,Villa Grove Community Unit School District 302,IL,54,669
2168,17,40410,Virginia Community Unit School District 64,IL,43,342
9966,17,40470,Wabash Community Unit School District 348,IL,233,1601
3000,17,40530,Wallace Community Consolidated School District 195,IL,35,348
2380,17,40620,Waltham Community Consolidated School District 185,IL,16,292
1995,17,40650,Waltonville Community Unit School District 1,IL,33,321
2517,17,40740,Warren Community Unit School District 205,IL,49,372
70017,17,40800,Warren Township High School District 121,IL,278,3928
6061,17,40830,Warrensburg-Latham Community Unit District 11,IL,105,1082
2377,17,40890,Warsaw Community Unit School District 316,IL,47,380
24151,17,40980,Washington Community High School District 308,IL,59,1348
8017,17,41040,Washington School District 52,IL,44,1014
19029,17,41070,Waterloo Community Unit School District 5,IL,120,3074
29232,17,41190,Wauconda Community Unit School District 118,IL,280,4671
83905,17,41250,Waukegan Community Unit School District 60,IL,2703,14803
2005,17,41280,Waverly Community Unit School District 6,IL,37,363
3393,17,41360,Wayne City Community Unit School District 100,IL,98,623
8174,17,39420,Wesclin Community Unit School District 3,IL,117,1392
8935,17,310,West Carroll Community Unit School District 314,IL,181,1046
5223,17,319,West Central Community Unit School District 235,IL,104,730
29497,17,41550,West Chicago School District 33,IL,312,3409
9091,17,18480,West Harvey-Dixmoor Public School District 147,IL,397,1090
4537,17,41600,West Lincoln-Broadwell Elementary School District 92,IL,10,174
10300,17,41700,West Northfield School District 31,IL,111,1011
4385,17,314,West Prairie Community Unit School District 103,IL,135,682
3790,17,41750,West Washington County Community Unit District 10,IL,25,544
15756,17,41790,Westchester School District 92-5,IL,145,1372
3233,17,1387,Western Community Unit School District 12,IL,94,560
10486,17,41820,Western Springs School District 101,IL,18,1740
12672,17,41980,Westmont Community Unit School District 201,IL,85,1727
6417,17,10820,Westville Community Unit School District 2,IL,241,1171
3768,17,42060,Wethersfield Community Unit School District 230,IL,61,530
66524,17,42210,Wheeling Community Consolidated School District 21,IL,746,6227
12559,17,42300,Whiteside School District 115,IL,174,1416
14757,17,23730,Will County School District 92,IL,102,1622
1865,17,42450,Williamsfield Community Unit School District 210,IL,18,296
7651,17,42480,Williamsville Community Unit School District 15,IL,36,1448
1563,17,42510,Willow Grove School District 46,IL,26,147
4338,17,42570,Willow Springs School District 108,IL,83,426
26568,17,42600,Wilmette School District 39,IL,97,4146
9211,17,42630,Wilmington Community Unit School District 209U,IL,96,1278
3573,17,42660,Winchester Community Unit School District 1,IL,72,537
2125,17,42690,Windsor Community Unit School District 1,IL,41,352
4544,17,42720,Winfield School District 34,IL,17,411
7755,17,42790,Winnebago Community Unit School District 323,IL,112,1486
12247,17,42840,Winnetka School District 36,IL,29,2154
6471,17,42900,Winthrop Harbor School District 1,IL,66,598
7675,17,42960,Wolf Branch School District 113,IL,41,838
10432,17,43020,Wood Dale School District 7,IL,88,1014
5566,17,43050,Wood River-Hartford Elementary School District 15,IL,90,618
51674,17,43110,Woodland Community Consolidated School District 50,IL,427,5957
2954,17,38070,Woodland Community Unit School District 5,IL,54,450
3650,17,1422,Woodlawn Unit District 209,IL,52,522
33183,17,17040,Woodridge School District 68,IL,208,3003
38869,17,43330,Woodstock Community Unit School District 200,IL,513,6106
11224,17,43380,Worth School District 127,IL,325,1133
36934,17,43960,Yorkville Community Unit School District 115,IL,318,7337
3736,17,43800,Zeigler-Royalton Community Unit School District 188,IL,142,555
17458,17,43860,Zion Elementary School District 6,IL,516,2362
45237,17,43890,Zion-Benton Township High School District 126,IL,376,2721
9634,18,60,Adams Central Community Schools,IN,488,2722
9053,18,120,Alexandria Community School Corporation,IN,223,1545
72667,18,150,Anderson Community School Corporation,IN,2415,10728
3950,18,180,Argos Community Schools,IN,123,726
4702,18,210,Attica Consolidated School Corporation,IN,118,722
62358,18,270,Avon Community School Corporation,IN,846,11845
6185,18,330,Barr-Reeve Community School Corporation,IN,166,1581
79133,18,360,Bartholomew County School Corporation,IN,1313,13793
13074,18,390,Batesville Community School Corporation,IN,146,2345
9491,18,420,Baugo Community Schools,IN,185,1837
14388,18,450,Beech Grove City Schools,IN,534,2574
11297,18,480,Benton Community School Corporation,IN,227,2066
11816,18,570,Blackford County Schools,IN,285,2004
6548,18,600,Bloomfield School District,IN,126,972
7125,18,660,Blue River Valley Schools,IN,87,655
9003,18,720,Bluffton-Harrison Metropolitan School District,IN,215,1658
6197,18,750,Boone Township Metropolitan School District,IN,100,1013
16303,18,212,Borden-Henryville School Corp,IN,179,2787
9009,18,900,Bremen Public Schools,IN,171,1799
15650,18,960,Brown County County School Corporation,IN,240,1983
53538,18,1020,Brownsburg Community School Corporation,IN,577,10972
10761,18,1050,Brownstown Central Community School Corporation,IN,189,1843
7782,18,1060,C. A. Beard Memorial School Corporation,IN,160,1317
1536,18,1170,Cannelton City Schools,IN,85,269
108287,18,1200,Carmel Clay Schools,IN,563,20164
6848,18,1290,Carroll Consolidated School Corporation,IN,111,1136
4342,18,1410,Caston School Corporation,IN,92,717
53692,18,1440,Center Grove Community School Corporation,IN,443,10664
8093,18,1560,Centerville-Abington Community Schools,IN,267,1498
8483,18,1710,Central Noble Community School Corporation,IN,127,1366
26595,18,2880,City of East Chicago School District,IN,1696,5211
43648,18,1890,Clark-Pleasant Community School Corporation,IN,731,8152
9675,18,1920,Clarksville Community School Corporation,IN,227,1403
25779,18,840,Clay Community Schools,IN,636,4393
5020,18,2130,Clinton Central School Corporation,IN,84,935
5830,18,2160,Clinton Prairie School Corporation,IN,119,1052
7585,18,2220,Cloverdale Community Schools,IN,193,1173
25904,18,2400,Concord Community Schools,IN,762,4972
5546,18,2430,Covington Community School Corporation,IN,106,903
3533,18,7020,Cowan Community School Corporation,IN,65,541
10905,18,2440,Crawford County Community School Corporation,IN,357,1712
16146,18,2460,Crawfordsville Community Schools,IN,428,2536
3475,18,12060,Crothersville Community Schools,IN,72,614
51997,18,2490,Crown Point Community School Corporation,IN,557,9639
6604,18,2520,Culver Community Schools Corporation,IN,157,1016
4015,18,9840,Daleville Community Schools,IN,75,658
15990,18,2550,Danville Community School Corporation,IN,140,2964
25693,18,1590,DeKalb County Central United School District,IN,395,4225
7960,18,3060,DeKalb County Eastern Community School District,IN,174,1559
11891,18,2610,Decatur County Community Schools,IN,234,2175
37118,18,2640,Decatur Township Metropolitan School District,IN,1534,7830
14695,18,2660,Delaware Community School Corporation,IN,242,2394
9825,18,2700,Delphi Community School Corporation,IN,148,1556
38280,18,2800,Duneland School Corporation,IN,474,6399
71778,18,2850,East Allen County Schools,IN,2349,14679
6348,18,2940,East Gibson School Corporation,IN,119,998
23795,18,2970,East Noble School Corporation,IN,492,4004
14483,18,9000,East Porter County School Corporation,IN,131,2443
9729,18,3000,East Washington School Corporation,IN,352,1707
10260,18,3030,Eastbrook Community School Corporation,IN,164,1588
7474,18,3090,Eastern Greene County School District,IN,170,1211
6349,18,3120,Eastern Hancock County Community School Corporation,IN,61,1073
6386,18,3150,Eastern Howard School Corporation,IN,71,1224
6967,18,7110,Eastern Pulaski Community School Corporation,IN,154,1075
5094,18,3240,Edinburgh Community School Corporation,IN,83,837
78722,18,3270,Elkhart Community Schools,IN,2667,14465
10099,18,3300,Elwood Community School Corporation,IN,264,1559
3084,18,3330,Eminence Community School Corporation,IN,54,509
180387,18,3450,Evansville-Vanderburgh School Corporation,IN,4343,28280
13090,18,3480,Fairfield Community Schools,IN,299,3253
23335,18,3510,Fayette County School Corporation,IN,840,3833
5560,18,3570,Flat Rock-Hawcreek School Corporation,IN,93,1060
233333,18,3630,Fort Wayne Community Schools,IN,8870,39544
18376,18,3660,Frankfort Community Schools,IN,696,3629
33365,18,3690,Franklin Community School Corporation,IN,398,5579
17120,18,3700,Franklin County Community School Corporation,IN,315,2779
64771,18,3750,Franklin Township Community School Corporation,IN,1402,13527
12637,18,12880,Frankton-Lapel Community Schools,IN,194,2198
7013,18,3780,Fremont Community Schools,IN,85,998
4401,18,3810,Frontier School Corporation,IN,81,814
9822,18,3840,Garrett-Keyser-Butler Community Schools,IN,216,1839
65523,18,3870,Gary Community School Corporation,IN,5009,12356
38460,18,3930,Goshen Community Schools,IN,856,6857
84577,18,3940,Greater Clark County Schools,IN,1609,13090
21031,18,3960,Greater Jasper Consolidated Schools,IN,289,3722
14060,18,3990,Greencastle Community School Corporation,IN,269,1994
33770,18,4050,Greenfield-Central Community Schools,IN,378,5322
14829,18,4080,Greensburg Community Schools,IN,303,2417
26417,18,4110,Greenwood Community School Corporation,IN,413,4093
16318,18,4170,Griffith Public Schools,IN,290,2523
4124,18,4230,Hamilton Community Schools,IN,63,586
14509,18,4260,Hamilton Heights School Corporation,IN,138,2398
127363,18,10650,Hamilton Southeastern Schools,IN,1083,24869
78888,18,4320,Hammond School City,IN,3263,14088
18341,18,4350,Hanover Community School Corporation,IN,127,3125
24196,18,4560,Highland School Town,IN,318,3504
24328,18,4590,Hobart School City,IN,493,4066
36944,18,4710,Huntington County Community School Corporation,IN,669,5945
320501,18,4770,Indianapolis Public Schools,IN,15464,52673
5102,18,4800,Jac-Cen-Del Community School Corporation,IN,92,895
20164,18,4980,Jay School Corporation,IN,752,3782
27634,18,5190,Jennings County Schools,IN,720,4731
9302,18,9120,John Glenn School Corporation,IN,176,1733
20871,18,5280,Kankakee Valley School Corporation,IN,392,3565
11146,18,5340,Knox Community School Corporation,IN,286,1833
46008,18,5370,Kokomo School Corporation,IN,1677,7263
39062,18,5580,La Porte Community School Corporation,IN,1004,6681
58847,18,5400,Lafayette School Corporation,IN,1467,8927
69589,18,5450,Lake Central School Corporation,IN,672,10927
10898,18,5460,Lake Ridge Schools,IN,502,1764
8743,18,2910,Lake Station Community Schools,IN,310,1456
15630,18,5520,Lakeland School Corporation,IN,414,2968
4195,18,3720,Lanesville Community School Corporation,IN,30,698
99508,18,5670,Lawrence Township Metropolitan School District,IN,2735,18048
11426,18,5700,Lawrenceburg Community School Corporation,IN,194,1748
27901,18,5790,Lebanon Community School Corporation,IN,397,4197
8082,18,10680,Lewis Cass Schools,IN,154,1303
5989,18,5880,Liberty-Perry Community School Corporation,IN,104,933
8268,18,5910,Linton-Stockton School Corporation,IN,252,1324
23364,18,6030,Logansport Community School Corporation,IN,825,3985
5765,18,6060,Loogootee Community School Corporation,IN,95,955
15258,18,6090,Maconaquah School Corporation,IN,385,2289
23346,18,6120,Madison Consolidated Schools,IN,551,3373
8085,18,6240,Madison-Grant United School Corporation,IN,228,1310
9329,18,6270,Manchester Community Schools,IN,136,1374
34785,18,6390,Marion Community Schools,IN,1587,5203
32283,18,6510,Martinsville Schools Metropolitan School District,IN,582,5081
1353,18,1230,Medora Community School Corporation,IN,30,218
48943,18,9690,Merrillville Community School,IN,1309,7392
48439,18,6570,Michigan City Area Schools,IN,1962,7209
24223,18,6600,Middlebury Community Schools,IN,439,5579
5929,18,6630,Milan Community Schools,IN,112,1002
10541,18,6660,Mill Creek Community School Corporation,IN,118,1778
30893,18,6840,Mishawaka School City,IN,1119,5169
10463,18,6870,Mississinewa Community School Corporation,IN,259,1877
11219,18,6900,Mitchell Community Schools,IN,277,1720
5322,18,7080,Monroe Central School Corporation,IN,142,848
122536,18,630,Monroe County Community School Corporation,IN,1402,13400
8779,18,4140,Monroe-Gregg School District,IN,127,1473
25890,18,7140,Mooresville Consolidated School Corporation,IN,451,4352
27719,18,7260,Mount Vernon Community School Corporation,IN,252,5242
15441,18,7290,Mount Vernon Metropolitan School District,IN,258,2538
65153,18,7320,Muncie Community Schools,IN,2184,7389
24098,18,7350,Munster School Town,IN,242,4281
6846,18,7380,Nettle Creek School Corporation,IN,229,1329
81931,18,7410,New Albany-Floyd County Consolidated Schools,IN,1508,13821
22819,18,7440,New Castle Community School Corporation,IN,707,3495
8028,18,7470,New Durham Township Metropolitan School District,IN,91,806
20972,18,10710,New Palestine Community Schools,IN,138,3773
14830,18,7560,New Prairie United School Corporation,IN,237,2580
11836,18,7620,Nineveh-Hensley-Jackson United School Corporation,IN,151,2079
70011,18,7650,Noblesville Schools,IN,651,12393
15351,18,7680,North Adams Community Schools,IN,243,2495
10684,18,118,North Central Parke Community School Corporation,IN,294,1770
9656,18,7710,North Daviess Community Schools,IN,305,2440
13741,18,7770,North Gibson School Corporation,IN,369,2247
13500,18,690,North Harrison Community School Corporation,IN,195,2312
7521,18,7800,North Judson-San Pierre School Corporation,IN,179,1301
8603,18,7830,North Knox School Corporation,IN,226,1440
33973,18,7860,North Lawrence Community Schools,IN,783,5266
5699,18,7890,North Miami Community Schools,IN,92,893
11944,18,7900,North Montgomery Community School Corporation,IN,184,2062
9389,18,7920,North Newton School Corporation,IN,146,1404
9626,18,7950,North Posey County Schools Metropolitan School District,IN,113,1539
10372,18,7980,North Putnam Community Schools,IN,152,1662
11883,18,8010,North Spencer County School Corporation,IN,208,1954
4082,18,8070,North Vermillion Community School Corporation,IN,88,662
11342,18,8100,North West Hendricks Schools,IN,96,2152
6039,18,8130,North White School Corporation,IN,155,1002
5327,18,8120,Northeast Dubois County School Corporation,IN,51,935
8033,18,8160,Northeast School Corporation,IN,174,1196
5770,18,8190,Northeastern Wayne Schools,IN,237,1177
15912,18,8220,Northern Wells Community Schools,IN,216,2825
46186,18,8250,Northwest Allen County Schools,IN,506,9635
7701,18,8310,Northwestern Consolidated School Corporation,IN,138,1379
8666,18,2040,Northwestern School Corporation,IN,89,1687
7476,18,8340,Oak Hill United School Corporation,IN,116,1388
4238,18,8460,Oregon-Davis School Corporation,IN,80,697
4848,18,8490,Orleans Community Schools,IN,163,907
9342,18,8640,Paoli Community School Corporation,IN,290,1645
64286,18,8760,Penn-Harris-Madison School Corporation,IN,1063,11939
7254,18,1740,Perry Central Community School Corporation,IN,102,1033
106221,18,8820,Perry Township Metropolitan School District,IN,3467,19870
12837,18,8850,Peru Community Schools,IN,422,2049
12116,18,8900,Pike County School Corporation,IN,217,2017
78623,18,8910,Pike Township Metropolitan School District,IN,2588,13650
4831,18,8940,Pioneer Regional School Corporation,IN,92,840
36860,18,8970,Plainfield Community School Corporation,IN,482,6124
19606,18,9060,Plymouth Community School Corporation,IN,441,3387
48678,18,9150,Portage Township Schools,IN,1051,7785
9773,18,9180,Porter Township School Corporation,IN,76,1550
9645,18,9300,Prairie Heights Community School Corporation,IN,167,1490
9252,18,1770,Randolph Central School Corporation,IN,336,1509
4842,18,3180,Randolph Eastern School Corporation,IN,228,884
2969,18,10740,Randolph Southern School Corporation,IN,91,490
9936,18,9420,Rensselaer Central School Corporation,IN,193,1617
18166,18,9480,Richland-Bean Blossom Community School Corporation,IN,204,3006
40705,18,9510,Richmond Community School Corporation,IN,1870,6146
5996,18,9600,Rising Sun-Ohio County Community Schools,IN,146,936
7935,18,4620,River Forest Community School Corporation,IN,345,1389
11355,18,9630,Rochester Community School Corporation,IN,297,1858
4913,18,9720,Rossville Consolidated School District,IN,78,976
14723,18,9750,Rush County Schools,IN,342,2415
13126,18,9810,Salem Community Schools,IN,437,2007
6534,18,9990,Scott County School District 1,IN,270,1152
18217,18,10020,Scott County School District 2,IN,526,2956
31831,18,10080,Seymour Community Schools,IN,746,6043
4969,18,10110,Shakamak Schools Metropolitan School District,IN,180,828
8348,18,3210,Shelby Eastern Schools,IN,136,1339
24812,18,10140,Shelbyville Central Schools,IN,606,4060
7489,18,8280,Shenandoah School Corporation,IN,168,1314
7113,18,6480,Sheridan Community Schools,IN,88,1208
4099,18,10170,Shoals Community School Corporation,IN,127,632
16924,18,213,Silver Creek School Corporation,IN,189,3084
7337,18,10230,Smith-Green Community Schools,IN,91,1252
11599,18,10260,South Adams Schools,IN,661,2915
164405,18,10290,South Bend Community School Corporation,IN,6522,26692
4087,18,2190,South Central Community School Corporation,IN,57,723
17200,18,240,South Dearborn Community School Corporation,IN,353,2703
12949,18,10350,South Gibson School Corporation,IN,156,2454
21901,18,10360,South Harrison Community Schools,IN,338,3599
4393,18,10380,South Henry School Corporation,IN,69,722
5947,18,10410,South Knox School Corporation,IN,71,1107
26974,18,10440,South Madison Community School Corporation,IN,285,4415
10543,18,10450,South Montgomery Community School Corporation,IN,183,1913
4900,18,10470,South Newton School Corporation,IN,143,772
9371,18,10500,South Putnam Community Schools,IN,118,1294
7879,18,10530,South Ripley Community School Corporation,IN,242,1369
8309,18,10560,South Spencer County School Corporation,IN,256,1327
11434,18,10590,South Vermillion Community School Corporation,IN,297,1856
7369,18,10640,Southeast Dubois County School Corporation,IN,69,1293
6993,18,10620,Southeast Fountain School Corporation,IN,159,1174
3883,18,10770,Southern Wells Community Schools,IN,70,773
47998,18,30,Southwest Allen County Metropolitan School District,IN,582,9838
9902,18,10870,Southwest Dubois County School Corporation,IN,164,1900
5098,18,10900,Southwest Parke Community School Corporation,IN,113,848
12735,18,10860,Southwest School Corporation,IN,247,1590
9575,18,10800,Southwestern Jefferson County Consolidated Schools,IN,209,1455
4494,18,10830,Southwestern Shelby County Consolidated Schools,IN,74,728
14015,18,10920,Speedway School Town,IN,391,2256
18267,18,10950,Spencer-Owen Community Schools,IN,424,2760
5634,18,10980,Springs Valley Community School Corporation,IN,113,806
19072,18,11100,Steuben County Metropolitan School District,IN,364,2749
25695,18,11190,Sunman-Dearborn Community School Corporation,IN,210,4319
9988,18,11220,Switzerland County School Corporation,IN,349,1754
9444,18,11250,Taylor Community School Corporation,IN,217,1506
10530,18,11260,Tell City-Troy Township School Corporation,IN,276,1663
103764,18,11340,Tippecanoe School Corporation,IN,1230,16050
11583,18,11370,Tippecanoe Valley School Corporation,IN,198,2129
10682,18,11400,Tipton Community School Corporation,IN,156,1583
4642,18,8040,Tri-Central Community Schools,IN,37,712
4263,18,11430,Tri-County School Corporation,IN,96,777
22309,18,11460,Tri-Creek School Corporation,IN,257,3761
2998,18,107,Tri-Township Consolidated School Corporation,IN,43,507
5725,18,11490,Triton School Corporation,IN,116,1115
14862,18,11580,Twin Lakes School Corporation,IN,359,2389
7244,18,11610,Union County-College Corner Joint School District,IN,165,1144
2765,18,11730,Union School Corporation,IN,139,476
9547,18,11700,Union Township School Corporation,IN,89,1607
7575,18,11910,Union-North United School Corporation,IN,168,1370
46978,18,11970,Valparaiso Community Schools,IN,552,7019
106166,18,12090,Vigo County School Corporation,IN,2810,16003
21322,18,12120,Vincennes Community School Corporation,IN,588,3132
20664,18,12240,Wa-Nee Community Schools,IN,404,4592
8838,18,12150,Wabash City Schools,IN,206,1381
12610,18,12180,Wabash County Schools Metropolitan School District,IN,184,2072
7296,18,6080,Warren County Metropolitan School District,IN,131,1232
68738,18,12360,Warren Township Metropolitan School District,IN,3180,13919
66339,18,12390,Warrick County School Corporation,IN,758,11473
43138,18,12420,Warsaw Community Schools,IN,856,7382
18256,18,12450,Washington Community School Corporation,IN,617,3412
92225,18,12720,Washington Township Metropolitan School District,IN,2195,13814
20273,18,5550,Wawasee Community School Corporation,IN,374,3223
85520,18,12810,Wayne Township Metropolitan School District,IN,3727,15914
5362,18,4500,Wes-Del Community Schools,IN,105,783
4396,18,9360,West Central School Corporation,IN,118,819
26898,18,12870,West Lafayette Community School Corporation,IN,206,2756
12907,18,12900,West Noble School Corporation,IN,317,2616
5490,18,12930,West Washington School Corporation,IN,177,990
10493,18,12990,Western Boone County Community School Corporation,IN,138,1812
13578,18,4470,Western School Corporation,IN,255,2635
5692,18,13050,Western Wayne Schools,IN,187,951
53832,18,13080,Westfield-Washington Schools,IN,407,10556
21950,18,13110,Westview School Corporation,IN,604,5694
5331,18,8,White River Valley School District,IN,147,873
4254,18,13200,Whiting School City,IN,109,685
10621,18,13230,Whitko Community School Corporation,IN,245,1886
24365,18,2280,Whitley County Consolidated Schools,IN,391,4102
14204,18,7230,Yorktown Community Schools,IN,223,2347
38968,18,2830,Zionsville Community Schools,IN,217,8559
4355,19,3060,AGWSR Community School District,IA,63,673
4950,19,4080,AHSTW Community School District,IA,99,881
1972,19,3090,Adair-Casey Community School District,IA,56,330
11849,19,3150,Adel-De Soto-Minburn Community School District,IA,117,2469
3159,19,3220,Akron-Westfield Community School District,IA,40,573
1352,19,31,Albert City-Truesdale Community School District,IA,40,237
6655,19,3270,Albia Community School District,IA,179,1099
3244,19,3300,Alburnett Community School District,IA,32,522
1426,19,32,Alden Community School District,IA,28,214
10956,19,3360,Algona Community School District,IA,144,1772
8557,19,3390,Allamakee Community School District,IA,245,1427
4730,19,3480,Alta-Aurelia Community School District,IA,93,896
64782,19,3540,Ames Community School District,IA,713,5286
9729,19,3570,Anamosa Community School District,IA,162,1380
1557,19,3630,Andrew Community School District,IA,45,279
76006,19,3690,Ankeny Community School District,IA,659,13992
4519,19,3750,Aplington-Parkersburg Community School District,IA,50,757
1984,19,3780,Ar-We-Va Community School District,IA,37,346
8249,19,3930,Atlantic Community School District,IA,211,1414
3240,19,3960,Audubon Community School District,IA,60,484
3162,19,4440,BCLUW Community School District,IA,50,520
8804,19,4200,Ballard Community School District,IA,87,1776
1895,19,4380,Baxter Community School District,IA,34,372
3141,19,4560,Bedford Community School District,IA,70,532
3320,19,4620,Belle Plaine Community School District,IA,46,545
4616,19,4650,Bellevue Community School District,IA,69,849
4142,19,4680,Belmond-Klemme Community School District,IA,105,712
1233,19,4740,Bennett Community School District,IA,22,189
9346,19,4830,Benton Community School District,IA,70,1654
24001,19,4860,Bettendorf Community School District,IA,405,4429
10375,19,5070,Bondurant-Farrar Community School District,IA,109,2486
14293,19,5130,Boone Community School District,IA,187,1957
4466,19,5190,Boyden-Hull Community School District,IA,73,996
2543,19,9570,Boyer Valley Community School District,IA,33,400
3306,19,5490,Brooklyn-Guernsey-Malcom Community School District,IA,45,523
27838,19,5790,Burlington Community School District,IA,1079,4385
1432,19,5970,CAL Community School District,IA,48,265
2875,19,5940,CAM Community School District,IA,57,531
2376,19,6000,Calamus-Wheatland Community School District,IA,37,400
5416,19,6060,Camanche Community School District,IA,90,902
3581,19,6240,Cardinal Community School District,IA,84,582
9818,19,6270,Carlisle Community School District,IA,120,2104
14231,19,6330,Carroll Community School District,IA,186,2595
42710,19,6510,Cedar Falls Community School District,IA,394,6175
126895,19,6540,Cedar Rapids Community School District,IA,2816,19149
6246,19,6660,Center Point-Urbana Community School District,IA,48,1211
8466,19,6750,Centerville Community School District,IA,231,1383
2779,19,6780,Central City Community School District,IA,31,452
3117,19,6840,Central Community School District,IA,51,473
9209,19,6810,Central DeWitt Community School District,IA,129,1706
3956,19,6900,Central Decatur Community School District,IA,154,683
4794,19,6930,Central Lee Community School District,IA,76,797
4671,19,6960,Central Lyon Community School District,IA,71,977
5187,19,20760,Central Springs Community School District,IA,92,878
8251,19,7050,Chariton Community School District,IA,311,1467
10548,19,7080,Charles City Community School District,IA,272,1829
1723,19,7110,Charter Oak-Ute Community School District,IA,27,250
6461,19,7170,Cherokee Community School District,IA,143,1077
7185,19,7350,Clarinda Community School District,IA,153,988
5490,19,7380,Clarion-Goldfield-Dows Community School District,IA,142,1044
8116,19,7410,Clarke Community School District,IA,185,1445
1947,19,7440,Clarksville Community School District,IA,31,331
2190,19,7470,Clay Central-Everly Community School District,IA,34,390
4881,19,13350,Clayton Ridge Community School District,IA,84,698
18011,19,7590,Clear Creek-Amana Community School District,IA,173,2648
8322,19,7620,Clear Lake Community School District,IA,88,1254
23804,19,7710,Clinton Community School District,IA,879,3931
4589,19,9,Colfax-Mingo Community School District,IA,83,794
29207,19,7860,College Community School District,IA,533,5292
2919,19,7900,Collins-Maxwell Community School District,IA,40,523
3124,19,7920,Colo-NESCO Community School District,IA,52,601
4151,19,7980,Columbus Community School District,IA,123,703
2532,19,8070,Coon Rapids-Bayard Community School District,IA,77,454
2678,19,8130,Corning Community School District,IA,61,420
58816,19,8220,Council Bluffs Community School District,IA,2035,9436
9758,19,8310,Creston Community School District,IA,240,1581
16828,19,8520,Dallas Center-Grimes Community School District,IA,186,3592
2738,19,8550,Danville Community School District,IA,39,500
108745,19,8580,Davenport Community School District,IA,2966,16849
8979,19,8610,Davis County Community School District,IA,293,1914
12927,19,8730,Decorah Community School District,IA,122,1650
1137,19,8880,Delwood Community School District,IA,20,208
10279,19,8910,Denison Community School District,IA,263,2018
4132,19,8940,Denver Community School District,IA,33,838
222995,19,8970,Des Moines Independent Community School District,IA,7663,35943
703,19,9060,Diagonal Community School District,IA,34,131
4315,19,9120,Dike-New Hartford Community School District,IA,54,826
79819,19,9480,Dubuque Community School District,IA,1690,12673
2377,19,9540,Dunkerton Community School District,IA,37,432
2973,19,9600,Durant Community School District,IA,37,520
4708,19,9990,Eagle Grove Community School District,IA,153,904
3208,19,10050,Earlham Community School District,IA,24,666
3033,19,10110,East Buchanan Community School District,IA,38,570
3758,19,40,East Marshall Community School District,IA,65,714
3282,19,18240,East Mills Community School District,IA,60,533
5595,19,29580,East Sac County Community School District,IA,130,879
2933,19,10350,East Union Community School District,IA,76,548
2662,19,10410,Eastern Allamakee Community School District,IA,48,409
3712,19,10130,Easton Valley Community School District,IA,59,585
5080,19,4950,Eddyville-Blakesburg-Fremont Community School District,IA,97,950
2980,19,10500,Edgewood-Colesburg Community School District,IA,71,561
3718,19,10690,Eldora-New Providence Community School District,IA,109,613
4664,19,10950,Emmetsburg Community School District,IA,95,744
2939,19,10980,English Valleys Community School District,IA,64,565
1185,19,11040,Essex Community School District,IA,22,171
7395,19,11070,Estherville Lincoln Central Community School District,IA,145,1075
3063,19,11250,Exira-Elk Horn-Kimballton Community School District,IA,61,477
14572,19,11340,Fairfield Community School District,IA,328,1730
7336,19,11790,Forest City Community School District,IA,146,1236
29066,19,11820,Fort Dodge Community School District,IA,672,4343
15895,19,11850,Fort Madison Community School District,IA,387,2486
2265,19,12120,Fremont-Mills Community School District,IA,29,402
1695,19,60,GMG Community School District,IA,39,268
2605,19,12230,Galva-Holstein Community School District,IA,40,468
5676,19,12330,Garner-Hayfield-Ventura Community School District,IA,69,946
2635,19,12480,George-Little Rock Community School District,IA,53,471
8292,19,12510,Gilbert Community School District,IA,58,1596
896,19,12600,Gilmore City-Bradgate Community School District,IA,17,156
3967,19,12660,Gladbrook-Reinbeck Community School District,IA,49,655
10830,19,12690,Glenwood Community School District,IA,169,1935
1846,19,12750,Glidden-Ralston Community School District,IA,18,354
2289,19,12810,Graettinger-Terril Community School District,IA,40,398
7352,19,15210,Greene County Community School District,IA,181,1270
12280,19,13200,Grinnell-Newburg Community School District,IA,158,1713
3066,19,13230,Griswold Community School District,IA,56,510
3870,19,13290,Grundy Center Community School District,IA,39,662
2617,19,13320,Guthrie Center Community School District,IA,51,434
2024,19,13380,H-L-V Community School District,IA,14,345
1276,19,13440,Hamburg Community School District,IA,31,182
6669,19,13470,Hampton-Dumont Community School District,IA,259,1196
8390,19,13500,Harlan Community School District,IA,141,1481
1911,19,16140,Harris-Lake Park Community School District,IA,24,305
4469,19,13660,Hartley-Melvin-Sanborn Community School District,IA,54,780
3964,19,14010,Highland Community School District,IA,46,662
3041,19,14160,Hinton Community School District,IA,23,569
8869,19,14280,Howard-Winneshiek Community School District,IA,194,1612
2669,19,14310,Hubbard-Radcliffe Community School District,IA,31,385
3831,19,14340,Hudson Community School District,IA,51,751
7513,19,14370,Humboldt Community School District,IA,241,1314
4314,19,14880,IKM-Manning Community School District,IA,93,756
9115,19,14580,Independence Community School District,IA,207,1550
22689,19,14640,Indianola Community School District,IA,227,3764
5009,19,14670,Interstate 35 Community School District,IA,65,915
126414,19,14700,Iowa City Community School District,IA,1918,16233
6483,19,14730,Iowa Falls Community School District,IA,110,879
3504,19,14850,Iowa Valley Community School District,IA,62,577
2552,19,15180,Janesville Consolidated School District,IA,12,419
5167,19,15330,Jesup Community School District,IA,121,1061
40996,19,15450,Johnston Community School District,IA,533,8293
11453,19,15630,Keokuk Community School District,IA,423,1905
1888,19,15660,Keota Community School District,IA,33,320
2520,19,15750,Kingsley-Pierson Community School District,IA,48,470
11704,19,15840,Knoxville Community School District,IA,260,1991
3724,19,16110,Lake Mills Community School District,IA,75,623
2655,19,16320,Lamoni Community School District,IA,143,444
2030,19,16420,Laurens-Marathon Community School District,IA,54,353
3343,19,16440,Lawton-Bronson Community School District,IA,30,639
14213,19,16530,Le Mars Community School District,IA,258,2648
2214,19,16620,Lenox Community School District,IA,63,407
16510,19,16680,Lewis Central Community School District,IA,336,2953
43004,19,17220,Linn-Mar Community School District,IA,476,8090
3427,19,17250,Lisbon Community School District,IA,38,639
2980,19,17460,Logan-Magnolia Community School District,IA,48,554
2430,19,17550,Lone Tree Community School District,IA,37,412
3930,19,17820,Louisa-Muscatine Community School District,IA,68,660
2872,19,18030,Lynnville-Sully Community School District,IA,24,565
5122,19,18120,MFL MarMac Community School District,IA,62,797
11273,19,18840,MOC-Floyd Valley Community School District,IA,104,1995
3890,19,18180,Madrid Community School District,IA,50,650
3985,19,18330,Manson Northwest Webster Community School District,IA,52,766
3831,19,18480,Maple Valley-Anthon Oto Community School District,IA,98,646
8898,19,18510,Maquoketa Community School District,IA,261,1416
4644,19,18540,Maquoketa Valley Community School District,IA,84,786
2778,19,18630,Marcus-Meriden-Cleghorn Community School District,IA,61,543
13068,19,18690,Marion Independent School District,IA,217,1992
30597,19,18720,Marshalltown Community School District,IA,1014,5857
3170,19,18750,Martensdale-St. Marys Community School District,IA,24,531
27923,19,18780,Mason City Community School District,IA,625,4245
4945,19,18930,Mediapolis Community School District,IA,62,919
1867,19,18960,Melcher-Dallas Community School District,IA,18,343
9712,19,19140,Mid-Prairie Community School District,IA,275,1957
3488,19,19200,Midland Community School District,IA,76,524
5177,19,19440,Missouri Valley Community School District,IA,85,800
3121,19,19590,Montezuma Community School District,IA,54,489
6742,19,19650,Monticello Community School District,IA,100,1028
2088,19,19710,Moravia Community School District,IA,40,353
1599,19,19740,Mormon Trail Community School District,IA,49,272
1174,19,19770,Morning Sun Community School District,IA,18,190
1431,19,19800,Moulton-Udell Community School District,IA,42,250
3852,19,19860,Mount Ayr Community School District,IA,100,628
12935,19,19890,Mount Pleasant Community School District,IA,332,1908
6595,19,20040,Mount Vernon Community School District,IA,58,1082
1584,19,20100,Murray Community School District,IA,96,379
28864,19,20130,Muscatine Community School District,IA,937,4882
3753,19,20190,Nashua-Plainfield Community School District,IA,52,636
8970,19,20250,Nevada Community School District,IA,134,1486
6641,19,20340,New Hampton Community School District,IA,98,1144
2942,19,20460,New London Community School District,IA,59,527
2432,19,20580,Newell-Fonda Community School District,IA,65,518
22013,19,20610,Newton Community School District,IA,371,3266
4233,19,13110,Nodaway Valley Community School District,IA,77,706
3553,19,3450,North Butler Community School District,IA,60,544
5001,19,17100,North Cedar Community School District,IA,84,805
8531,19,6,North Fayette Valley Community School District,IA,167,1270
2857,19,5750,North Iowa Community School District,IA,62,457
2085,19,20830,North Kossuth Community School District,IA,47,311
3498,19,20820,North Linn Community School District,IA,50,662
2802,19,20850,North Mahaska Community School District,IA,33,519
9440,19,20910,North Polk Community School District,IA,52,2025
16245,19,20940,North Scott Community School District,IA,175,3098
2864,19,21000,North Tama County Community School District,IA,55,471
2791,19,3850,North Union Community School District,IA,58,366
2898,19,21090,Northeast Community School District,IA,42,516
3370,19,21210,Northwood-Kensett Community School District,IA,62,528
16654,19,21240,Norwalk Community School District,IA,117,3476
5549,19,21600,Odebolt Arthur Battle Creek Ida Grove Community School District,IA,147,1028
8281,19,21630,Oelwein Community School District,IA,336,1387
3659,19,21660,Ogden Community School District,IA,45,580
7337,19,21,Okoboji Community School District,IA,88,1015
1445,19,21720,Olin Consolidated School District,IA,19,224
1255,19,21810,Orient-Macksburg Community School District,IA,32,208
6058,19,21840,Osage Community School District,IA,147,1020
15881,19,21870,Oskaloosa Community School District,IA,352,2634
29630,19,22110,Ottumwa Community School District,IA,1014,5105
5968,19,99017,PCM Community School District,IA,70,1111
4604,19,25,Panorama Community School District,IA,62,710
1063,19,22380,Paton-Churdan Community School District,IA,20,185
3506,19,22440,Pekin Community School District,IA,52,621
16032,19,22470,Pella Community School District,IA,147,2853
11082,19,22530,Perry Community School District,IA,250,2123
26171,19,23110,Pleasant Valley Community School District,IA,177,5337
3623,19,23160,Pleasantville Community School District,IA,53,684
4726,19,23190,Pocahontas Area Community School District,IA,140,771
3741,19,23340,Postville Community School District,IA,129,768
6718,19,24000,Red Oak Community School District,IA,222,1124
2916,19,24120,Remsen-Union Community School District,IA,35,557
2584,19,24150,Riceville Community School District,IA,72,498
2550,19,10340,River Valley Community School District,IA,55,462
3936,19,27,Riverside Community School District,IA,74,702
5535,19,24660,Rock Valley Community School District,IA,69,1199
6044,19,24870,Roland-Story Community School District,IA,84,1033
2659,19,24960,Rudd-Rockford-Marble Rock Community School District,IA,35,451
1415,19,25050,Ruthven-Ayrshire Community School District,IA,29,229
8970,19,25320,Saydel Community School District,IA,184,1277
2091,19,25380,Schaller-Crestland Community School District,IA,65,380
1489,19,25410,Schleswig Community School District,IA,31,251
6721,19,25590,Sergeant Bluff-Luton Community School District,IA,124,1441
2676,19,25620,Seymour Community School District,IA,193,650
7488,19,25980,Sheldon Community School District,IA,152,1373
6865,19,26070,Shenandoah Community School District,IA,165,958
4400,19,15,Sibley-Ocheyedan Community School District,IA,112,711
2235,19,26250,Sidney Community School District,IA,44,379
3453,19,26280,Sigourney Community School District,IA,73,552
10212,19,26370,Sioux Center Community School District,IA,132,2093
2770,19,23,Sioux Central Community School District,IA,40,495
87792,19,26400,Sioux City Community School District,IA,2786,16311
7696,19,26580,Solon Community School District,IA,26,1548
6476,19,24,South Central Calhoun Community School District,IA,139,1046
3638,19,26640,South Hamilton Community School District,IA,43,710
4193,19,26,South O'Brien Community School District,IA,82,735
1315,19,26670,South Page Community School District,IA,32,182
8893,19,26730,South Tama County Community School District,IA,266,1629
4245,19,26790,South Winneshiek Community School District,IA,43,691
42309,19,26820,Southeast Polk Community School District,IA,765,7786
6880,19,99019,Southeast Valley Community School District,IA,106,1171
3294,19,26850,Southeast Warren Community School District,IA,36,576
12711,19,26910,Spencer Community School District,IA,254,2097
8631,19,27000,Spirit Lake Community School District,IA,100,1216
2499,19,27060,Springville Community School District,IA,16,434
3923,19,25200,St. Ansgar Community School District,IA,76,680
1124,19,27240,Stanton Community School District,IA,23,186
3546,19,27270,Starmont Community School District,IA,92,597
12879,19,27390,Storm Lake Community School District,IA,303,2547
1223,19,27480,Stratford Community School District,IA,12,175
4862,19,27600,Sumner-Fredericksburg Community School District,IA,82,816
5056,19,27870,Tipton Community School District,IA,65,766
3215,19,27960,Treynor Community School District,IA,19,691
3602,19,27990,Tri-Center Community School District,IA,58,729
1636,19,28020,Tri-County Community School District,IA,38,288
2401,19,28050,Tripoli Community School District,IA,37,397
2807,19,28110,Turkey Valley Community School District,IA,43,449
2214,19,28170,Twin Cedars Community School District,IA,46,363
1158,19,28200,Twin Rivers Community School District,IA,53,203
4032,19,28230,Underwood Community School District,IA,35,800
5983,19,22,Union Community School District,IA,81,1104
2983,19,28560,United Community School District,IA,42,433
22724,19,28680,Urbandale Community School District,IA,361,4104
7531,19,28980,Van Buren County Community School District,IA,251,1286
4182,19,29010,Van Meter Community School District,IA,16,1001
1879,19,29280,Villisca Community School District,IA,47,306
10186,19,29310,Vinton-Shellsburg Community School District,IA,186,1654
2788,19,29490,WACO Community School District,IA,56,509
3517,19,29730,Wapello Community School District,IA,53,543
3823,19,29760,Wapsie Valley Community School District,IA,97,736
10360,19,30240,Washington Community School District,IA,210,1867
77183,19,30480,Waterloo Community School District,IA,2499,12435
77133,19,30510,Waukee Community School District,IA,698,14695
14515,19,30540,Waverly-Shell Rock Community School District,IA,103,2360
3974,19,30560,Wayne Community School District,IA,114,643
10669,19,30630,Webster City Community School District,IA,214,1807
1889,19,30720,West Bend-Mallard Community School District,IA,50,334
4512,19,30750,West Branch Community School District,IA,46,676
2830,19,30780,West Burlington Independent School District,IA,77,437
1595,19,30870,West Central Community School District,IA,35,269
6137,19,27500,West Central Valley Community School District,IA,72,1025
9423,19,30900,West Delaware County Community School District,IA,131,1495
67010,19,30930,West Des Moines Community School District,IA,1090,11208
4641,19,25920,West Fork Community School District,IA,58,851
3660,19,5430,West Hancock Community School District,IA,71,563
2492,19,30960,West Harrison Community School District,IA,47,431
6126,19,30990,West Liberty Community School District,IA,146,1188
5034,19,31020,West Lyon Community School District,IA,72,1097
4683,19,31080,West Marshall Community School District,IA,65,896
3944,19,31110,West Monona Community School District,IA,75,629
4401,19,31290,West Sioux Community School District,IA,76,836
22773,19,31350,Western Dubuque County Community School District,IA,246,4306
3236,19,31470,Westwood Community School District,IA,47,570
1053,19,31620,Whiting Community School District,IA,27,175
6540,19,31680,Williamsburg Community School District,IA,63,1217
4648,19,31800,Wilton Community School District,IA,75,853
1713,19,31830,Winfield-Mount Union Community School District,IA,37,318
10480,19,31860,Winterset Community School District,IA,126,1885
2601,19,31920,Woodbine Community School District,IA,55,482
3022,19,31950,Woodbury Central Community School District,IA,36,599
6209,19,32010,Woodward-Granger Community School District,IA,39,1237
8460,20,3180,Abilene Unified School District 435,KS,167,1446
1488,20,4170,Altoona-Midway Unified School District 387,KS,24,234
29376,20,3360,Andover Unified School District 385,KS,254,6675
936,20,3430,Argonia Public Schools Unified School District 359,KS,31,192
15750,20,3450,Arkansas City Unified School District 470,KS,516,3004
994,20,3510,Ashland Unified School District 220,KS,35,162
4120,20,5700,Atchison County Community Schools Unified School District 377,KS,55,749
11964,20,3540,Atchison Public Schools Unified School District 409,KS,304,1846
728,20,3570,Attica Unified School District 511,KS,15,128
36352,20,3200,Auburn-Washburn Unified School District 437,KS,469,6640
12302,20,3630,Augusta Unified School District 402,KS,172,2162
8904,20,3720,Baldwin City Unified School District 348,KS,78,1500
2793,20,9450,Barber County North Unified School District 254,KS,60,488
2569,20,12,Barnes Unified School District 223,KS,42,481
15130,20,3780,Basehor-Linwood Unified School District 458,KS,85,2929
4354,20,3810,Baxter Springs Unified School District 508,KS,155,771
3004,20,3900,Belle Plaine Unified School District 357,KS,61,529
4615,20,3870,Beloit Unified School District 273,KS,118,836
138283,20,12000,Blue Valley Unified School District 229,KS,819,26465
1758,20,10980,Blue Valley Unified School District 384,KS,16,287
3732,20,8550,Bluestem Unified School District 205,KS,56,629
15353,20,4050,Bonner Springs Unified School District 204,KS,289,2903
584,20,4080,Brewster Unified School District 314,KS,11,101
1250,20,4140,Bucklin Unified School District 459,KS,31,237
13225,20,4200,Buhler Unified School District 313,KS,153,2348
1656,20,4260,Burlingame Public School Unified School District 454,KS,35,302
4120,20,4290,Burlington Unified School District 244,KS,67,646
1392,20,4350,Burrton Unified School District 369,KS,21,273
1405,20,4380,Caldwell Unified School District 360,KS,37,212
3621,20,4410,Caney Valley Unified School District 436,KS,96,681
2657,20,4440,Canton-Galva Unified School District 419,KS,31,465
748,20,4500,Cedar Vale Unified School District 285,KS,30,155
2813,20,14,Central Heights Unified School District 288,KS,51,468
3444,20,349,Central Plains Unified School District 112,KS,64,552
1706,20,4230,Central Unified School District 462,KS,67,335
1253,20,8940,Centre Unified School District 397,KS,17,200
10262,20,4590,Chanute Public Schools Unified School District 413,KS,282,1828
4593,20,3390,Chaparral Schools Unified School District 361,KS,153,893
5945,20,4620,Chapman Unified School District 473,KS,119,1102
2547,20,5250,Chase County Unified School District 284,KS,48,381
777,20,4650,Chase-Raymond Unified School District 401,KS,13,141
2245,20,11520,Chautauqua County Community Unified School District 286,KS,74,349
3683,20,4670,Cheney Unified School District 268,KS,52,801
4212,20,4710,Cherokee Unified School District 247,KS,90,745
3863,20,4740,Cherryvale Unified School District 447,KS,117,737
2426,20,4770,Chetopa-St. Paul Unified School District 505,KS,59,434
991,20,4790,Cheylin Unified School District 103,KS,26,175
3176,20,4800,Cimarron-Ensign Unified School District 102,KS,62,688
10879,20,12300,Circle Unified School District 375,KS,140,2011
7721,20,4890,Clay Center Unified School District 379,KS,144,1351
6051,20,4920,Clearwater Unified School District 264,KS,85,1288
1740,20,4950,Clifton-Clyde Unified School District 224,KS,32,316
11732,20,4980,Coffeyville Unified School District 445,KS,384,1972
6653,20,5010,Colby Public Schools Unified School District 315,KS,83,1169
6563,20,5070,Columbus Unified School District 493,KS,162,1097
1730,20,5040,Comanche County Unified School District 300,KS,45,321
6436,20,5100,Concordia Unified School District 333,KS,156,1096
2384,20,5130,Conway Springs Unified School District 356,KS,31,519
739,20,5190,Copeland Unified School District 476,KS,15,173
1234,20,8040,Crest Unified School District 479,KS,33,226
1164,20,5370,Cunningham Unified School District 332,KS,20,178
38779,20,5490,De Soto Unified School District 232,KS,277,8097
956,20,5400,Deerfield Unified School District 216,KS,24,215
38470,20,5460,Derby Unified School District 260,KS,673,7398
597,20,5520,Dexter Unified School District 471,KS,13,112
1231,20,5550,Dighton Unified School District 482,KS,27,219
31310,20,5580,Dodge City Unified School District 443,KS,1240,6773
2362,20,348,Doniphan West Unified School District 111,KS,45,330
3358,20,5610,Douglass Public Schools Unified School District 396,KS,44,633
4114,20,7290,Durham-Hillsboro-Lehigh Unified School District 410,KS,69,653
3422,20,5640,Easton Unified School District 449,KS,21,567
14209,20,5730,El Dorado Unified School District 490,KS,263,1996
699,20,5760,Elk Valley Unified School District 283,KS,31,123
1929,20,5790,Elkhart Unified School District 218,KS,48,343
1659,20,5800,Ell-Saline Unified School District 307,KS,24,311
2636,20,5820,Ellinwood Public Schools Unified School District 355,KS,59,451
2516,20,5850,Ellis Unified School District 388,KS,40,468
4619,20,5870,Ellsworth Unified School District 327,KS,65,604
26458,20,5940,Emporia Unified School District 253,KS,520,4367
3535,20,6000,Erie-Galesburg Unified School District 101,KS,168,680
7968,20,6090,Eudora Unified School District 491,KS,92,1517
3966,20,6120,Eureka Unified School District 389,KS,126,619
2164,20,8310,Fairfield Unified School District 310,KS,47,382
1345,20,11220,Flinthills Unified School District 492,KS,30,249
5838,20,8370,Fort Larned Unified School District 495,KS,83,698
8756,20,6330,Fort Leavenworth Unified School District 207,KS,43,1810
12007,20,6180,Fort Scott Unified School District 234,KS,417,2235
781,20,6210,Fowler Unified School District 225,KS,21,144
4105,20,6270,Fredonia Unified School District 484,KS,92,681
3926,20,6300,Frontenac Public Schools Unified School District 249,KS,59,754
3284,20,6360,Galena Unified School District 499,KS,108,571
35089,20,6390,Garden City Unified School District 457,KS,1108,7684
30098,20,6420,Gardner Edgerton Unified School District 231,KS,417,5862
6887,20,6450,Garnett Unified School District 365,KS,186,1300
42922,20,7890,Geary County Schools Unified School District 475,KS,1287,8093
5084,20,6480,Girard Unified School District 248,KS,165,1000
31442,20,6540,Goddard Unified School District 265,KS,297,7082
1583,20,6570,Goessel Unified School District 411,KS,15,282
635,20,11040,Golden Plains Unified School District 316,KS,6,109
5723,20,6580,Goodland Unified School District 352,KS,145,1016
2273,20,7260,Graham County Unified School District 281,KS,42,329
17019,20,6660,Great Bend Unified School District 428,KS,515,3026
1152,20,6690,Greeley County Schools Unified School District 200,KS,27,240
533,20,6780,Grinnell Public Schools Unified School District 291,KS,16,93
4633,20,6840,Halstead Unified School District 440,KS,84,933
399,20,6870,Hamilton Unified School District 390,KS,5,64
5789,20,6960,Haven Public Schools Unified School District 312,KS,112,1134
853,20,6990,Haviland Unified School District 474,KS,15,133
24750,20,7020,Hays Unified School District 489,KS,323,3493
24252,20,7050,Haysville Unified School District 261,KS,606,4940
297,20,7080,Healy Public Schools Unified School District 468,KS,11,65
2576,20,7110,Herington Unified School District 487,KS,63,386
4310,20,7170,Hesston Unified School District 460,KS,37,792
5444,20,6,Hiawatha Unified School District 415,KS,105,1004
1624,20,7800,Hodgeman County Schools Unified School District 227,KS,25,284
3457,20,7320,Hoisington Unified School District 431,KS,109,683
3111,20,7350,Holcomb Unified School District 363,KS,49,829
6152,20,7380,Holton Unified School District 336,KS,127,1031
2100,20,7530,Hoxie Community Schools Unified School District 412,KS,43,371
4527,20,7560,Hugoton Public Schools Unified School District 210,KS,122,989
2727,20,7590,Humboldt Unified School District 258,KS,65,502
31915,20,7620,Hutchinson Public Schools Unified School District 308,KS,623,4687
11960,20,7650,Independence Unified School District 446,KS,384,2089
750,20,7680,Ingalls Unified School District 477,KS,16,160
2517,20,7710,Inman Unified School District 448,KS,38,463
8069,20,7740,Iola Unified School District 257,KS,253,1255
3276,20,7750,Jayhawk Unified School District 346,KS,86,522
2193,20,13020,Jefferson County North Unified School District 339,KS,23,363
4989,20,9510,Jefferson West Unified School District 340,KS,53,850
120821,20,7950,Kansas City Unified School District 500,KS,5165,23857
8194,20,7970,Kaw Valley Unified School District 321,KS,199,2049
5630,20,8070,Kingman-Norwich Unified School District 331,KS,137,1043
1892,20,8100,Kinsley-Offerle Unified School District 347,KS,64,323
1561,20,6720,Kiowa County Unified School District 422,KS,35,276
2550,20,8190,Kismet-Plains Unified School District 483,KS,82,561
1960,20,8220,LaCrosse Unified School District 395,KS,60,308
7266,20,3300,Labette County Unified School District 506,KS,265,1409
2852,20,8280,Lakin Unified School District 215,KS,80,620
15363,20,8340,Lansing Unified School District 469,KS,143,2657
101199,20,8400,Lawrence Unified School District 497,KS,1250,12213
28958,20,8430,Leavenworth Unified School District 453,KS,690,4538
2704,20,12810,Lebo-Waverly Unified School District 243,KS,43,444
2083,20,8610,Leoti Unified School District 467,KS,42,453
1482,20,8670,Leroy-Gridley Unified School District 245,KS,39,213
675,20,8700,Lewis Unified School District 502,KS,6,116
19842,20,8730,Liberal Unified School District 480,KS,669,4487
2126,20,8790,Lincoln Unified School District 298,KS,46,341
1421,20,8880,Little River Unified School District 444,KS,29,265
815,20,8910,Logan Unified School District 326,KS,20,153
10098,20,8970,Louisburg Unified School District 416,KS,72,1901
2646,20,9000,Lyndon Unified School District 421,KS,58,526
3940,20,9030,Lyons Unified School District 405,KS,99,736
1095,20,9060,Macksville Unified School District 351,KS,45,226
1273,20,9090,Madison-Virgil Unified School District 386,KS,18,230
41620,20,9140,Maize Unified School District 266,KS,428,8765
62882,20,9180,Manhattan-Ogden Unified School District 383,KS,794,7550
1364,20,9480,Marais des Cygnes Valley Unified School District 456,KS,25,225
3424,20,9240,Marion-Florence Unified School District 408,KS,57,521
1535,20,9660,Marmaton Valley Unified School District 256,KS,43,261
5395,20,16,Marysville Unified School District 364,KS,120,992
3281,20,9360,McLouth Unified School District 342,KS,38,536
15788,20,9390,McPherson Unified School District 418,KS,185,2643
1896,20,9420,Meade Unified School District 226,KS,30,361
987,20,9600,Minneola Unified School District 219,KS,16,194
3193,20,6060,Mission Valley Unified School District 330,KS,54,470
1551,20,9630,Montezuma Unified School District 371,KS,21,300
4779,20,5280,Morris County Unified School District 417,KS,102,759
570,20,9720,Moscow Public Schools Unified School District 209,KS,5,124
3525,20,9780,Moundridge Unified School District 423,KS,49,565
10072,20,9840,Mulvane Unified School District 263,KS,134,1959
3989,20,353,Nemaha Unified School District 115,KS,59,793
3274,20,9900,Neodesha Unified School District 461,KS,110,656
1612,20,9930,Ness City Unified School District 303,KS,33,278
21947,20,9960,Newton Unified School District 373,KS,369,3613
7187,20,9990,Nickerson Unified School District 309,KS,137,1164
2476,20,4830,North Jackson Unified School District 335,KS,45,460
3159,20,3210,North Lyon County Unified School District 251,KS,40,563
3349,20,9570,North Ottawa County Unified School District 239,KS,57,621
3969,20,3480,Northeast Unified School District 246,KS,106,673
806,20,3270,Northern Valley Unified School District 212,KS,33,133
4757,20,10020,Norton Community Schools Unified School District 211,KS,83,646
2559,20,10050,Oakley Unified School District 274,KS,46,455
2554,20,10080,Oberlin Unified School District 294,KS,65,404
170252,20,10140,Olathe Unified School District 233,KS,2028,30849
2097,20,10170,Onaga-Havensville-Wheaton Unified School District 322,KS,31,399
3596,20,10230,Osage City Unified School District 420,KS,84,620
6565,20,10260,Osawatomie Unified School District 367,KS,130,1104
1993,20,10290,Osborne County Unified School District 392,KS,49,358
3725,20,10320,Oskaloosa Public Schools Unified School District 341,KS,49,590
1958,20,10350,Oswego Unified School District 504,KS,40,334
1187,20,4020,Otis-Bison Unified School District 403,KS,22,159
14789,20,15,Ottawa Unified School District 290,KS,295,2388
1838,20,10440,Oxford Unified School District 358,KS,24,301
668,20,10470,Palco Unified School District 269,KS,16,104
12398,20,10500,Paola Unified School District 368,KS,113,1952
631,20,9850,Paradise Unified School District 399,KS,15,96
9050,20,10560,Parsons Unified School District 503,KS,291,1528
545,20,11280,Pawnee Heights Unified School District 496,KS,5,79
2049,20,10590,Peabody-Burns Unified School District 398,KS,34,331
6402,20,10620,Perry Public Schools Unified School District 343,KS,79,873
3035,20,10650,Phillipsburg Unified School District 325,KS,70,507
1082,20,5310,Pike Valley Unified School District 426,KS,23,213
14106,20,10680,Piper-Kansas City Unified School District 203,KS,124,2825
23182,20,10710,Pittsburg Unified School District 250,KS,633,3571
2168,20,10740,Plainville Unified School District 270,KS,39,366
2063,20,10770,Pleasanton Unified School District 344,KS,65,380
5613,20,350,Prairie Hills Unified School District 113,KS,68,1117
5925,20,8250,Prairie View Unified School District 362,KS,99,956
8072,20,10890,Pratt Unified School District 382,KS,187,1400
1667,20,10920,Pretty Prairie Unified School District 311,KS,30,331
1436,20,10950,Quinter Public Schools Unified School District 293,KS,40,276
2085,20,23,Rawlins County Unified School District 105,KS,52,350
3563,20,6240,Remington-Whitewater Unified School District 206,KS,43,698
9588,20,11080,Renwick Unified School District 267,KS,90,2202
3552,20,30,Republic County-Hillcrest Rural Schools Unified School District 109,KS,89,611
5332,20,11100,Riley County Unified School District 378,KS,77,878
3379,20,351,Riverside Unified School District 114,KS,70,592
3510,20,11130,Riverton Unified School District 404,KS,86,630
6440,20,4,Rock Creek Unified School District 323,KS,75,1359
2613,20,29,Rock Hills Unified School District 107,KS,73,415
556,20,11190,Rolla Unified School District 217,KS,21,94
8424,20,11250,Rose Hill Public Schools Unified School District 394,KS,88,1701
4429,20,9320,Royal Valley Unified School District 337,KS,67,831
1870,20,7440,Rural Vista Unified School District 481,KS,47,301
5601,20,11310,Russell County Unified School District 407,KS,152,965
47630,20,11370,Salina Unified School District 305,KS,892,7854
5984,20,10410,Santa Fe Trail Unified School District 434,KS,120,991
1423,20,11400,Satanta Unified School District 507,KS,31,270
4924,20,17,Scott County Unified School District 466,KS,75,932
20462,20,11490,Seaman Unified School District 345,KS,323,3752
2114,20,11550,Sedgwick Public Schools Unified School District 439,KS,26,443
20110,20,12180,Shawnee Heights Unified School District 450,KS,342,3703
239890,20,11640,Shawnee Mission Public Schools Unified School District,KS,2379,34089
3414,20,11700,Silver Lake Unified School District 372,KS,32,681
964,20,11430,Skyline Schools Unified School District 438,KS,37,188
2710,20,7,Smith Center Unified School District 237,KS,53,416
6399,20,2,Smoky Valley Unified School District 400,KS,51,902
2003,20,11760,Solomon Unified School District 393,KS,27,351
1320,20,8130,South Barber Unified School District 255,KS,33,226
3041,20,7470,South Brown County Unified School District 430,KS,116,560
763,20,11790,South Haven Unified School District 509,KS,23,168
2956,20,1,Southeast of Saline Unified School District 306,KS,34,569
1309,20,6510,Southern Cloud Unified School District 334,KS,59,257
2774,20,6930,Southern Lyon County Unified School District 252,KS,56,511
1183,20,11820,Spearville Unified School District 381,KS,23,261
19814,20,11850,Spring Hill Unified School District 230,KS,135,4048
1953,20,11880,St. Francis Community Schools Unified School District 297,KS,64,340
1715,20,11910,St. John-Hudson Unified School District 350,KS,41,303
1293,20,11970,Stafford Unified School District 349,KS,27,206
2093,20,7860,Stanton County Unified School District 452,KS,56,420
2929,20,12030,Sterling Unified School District 376,KS,47,464
1979,20,12060,Stockton Unified School District 271,KS,33,323
2075,20,12090,Sublette Unified School District 374,KS,65,402
1563,20,12120,Sylvan Grove Unified School District 299,KS,34,261
2488,20,12150,Syracuse Unified School District 494,KS,87,527
1409,20,346,Thunder Ridge Unified School District 110,KS,25,229
11524,20,12210,Tonganoxie Unified School District 464,KS,132,2180
94649,20,12260,Topeka Public Schools Unified School District 501,KS,3166,14875
473,20,13,Triplains Unified School District 275,KS,19,94
1866,20,12330,Troy Public Schools Unified School District 429,KS,18,295
19390,20,12360,Turner Unified School District 202,KS,688,3931
2470,20,3960,Twin Valley Unified School District 240,KS,31,434
1913,20,12390,Udall Unified School District 463,KS,31,356
7038,20,12420,Ulysses Unified School District 214,KS,258,1630
2223,20,12450,Uniontown Unified School District 235,KS,92,500
15838,20,12510,Valley Center Public Schools Unified School District 262,KS,249,3362
2183,20,12540,Valley Falls Unified School District 338,KS,26,381
2141,20,12780,Valley Heights Unified School District 498,KS,61,390
2933,20,4560,Vermillion Unified School District 380,KS,47,559
1759,20,12600,Victoria Unified School District 432,KS,20,306
2629,20,12630,WaKeeney Unified School District 208,KS,43,379
3768,20,3240,Wabaunsee Unified School District 329,KS,50,703
2359,20,4470,Waconda Unified School District 272,KS,50,374
1185,20,11610,Wallace County Schools Unified School District 241,KS,51,228
8677,20,3,Wamego Unified School District 320,KS,130,1700
2514,20,28,Washington Co. Schools Unified School District 108,KS,72,411
9084,20,12840,Wellington Unified School District 353,KS,271,1664
4936,20,12870,Wellsville Unified School District 289,KS,61,908
301,20,12900,Weskan Unified School District 242,KS,9,74
2175,20,7500,West Elk Unified School District 282,KS,64,352
4975,20,10800,West Franklin Unified School District 287,KS,90,844
1042,20,20,Western Plains Unified School District 106,KS,21,149
806,20,6630,Wheatland Unified School District 292,KS,25,143
338398,20,12990,Wichita Unified School District 259,KS,10726,55526
14329,20,13050,Winfield Unified School District 465,KS,329,2240
2670,20,13110,Woodson Unified School District 366,KS,79,449
19239,21,30,Adair County School District,KY,728,2905
22037,21,70,Allen County School District,KY,667,3678
2653,21,90,Anchorage Independent School District,KY,16,474
24883,21,120,Anderson County School District,KY,473,4333
21558,21,150,Ashland Independent School District,KY,829,3502
1390,21,180,Augusta Independent School District,KY,59,221
7626,21,210,Ballard County School District,KY,242,1165
3070,21,240,Barbourville Independent School District,KY,168,399
13950,21,270,Bardstown Independent School District,KY,448,2313
28810,21,300,Barren County School District,KY,1009,5351
12951,21,330,Bath County School District,KY,787,2412
6624,21,360,Beechwood Independent School District,KY,57,1437
12446,21,390,Bell County School District,KY,652,2002
5531,21,420,Bellevue Independent School District,KY,87,618
7351,21,480,Berea Independent School District,KY,194,991
135645,21,510,Boone County School District,KY,2031,24956
14681,21,540,Bourbon County School District,KY,388,2552
31185,21,570,Bowling Green Independent School District,KY,1049,3946
22585,21,620,Boyd County School District,KY,534,3463
16443,21,630,Boyle County School District,KY,300,2674
7107,21,660,Bracken County School District,KY,230,1283
11748,21,690,Breathitt County School District,KY,632,1819
19799,21,720,Breckinridge County School District,KY,561,3239
85800,21,750,Bullitt County School District,KY,1341,13514
2972,21,780,Burgin Independent School District,KY,52,459
12551,21,810,Butler County School District,KY,446,2156
12611,21,840,Caldwell County School District,KY,409,2112
28393,21,870,Calloway County School District,KY,574,3962
52599,21,900,Campbell County School District,KY,567,7424
9310,21,930,Campbellsville Independent School District,KY,420,1434
4777,21,960,Carlisle County School District,KY,143,823
11111,21,990,Carroll County School District,KY,477,2176
26098,21,1020,Carter County School District,KY,947,4391
15948,21,1050,Casey County School District,KY,631,2724
5870,21,1110,Caverna Independent School District,KY,254,876
58488,21,1150,Christian County School District,KY,2839,11604
37673,21,1200,Clark County School District,KY,928,6237
19592,21,1230,Clay County School District,KY,1082,3046
9183,21,1260,Clinton County School District,KY,380,1405
1422,21,1290,Cloverport Independent School District,KY,152,242
10725,21,1320,Corbin Independent School District,KY,564,1996
33998,21,1350,Covington Independent School District,KY,1223,4596
8982,21,1380,Crittenden County School District,KY,346,1481
6047,21,1410,Cumberland County School District,KY,283,1004
14951,21,1440,Danville Independent School District,KY,409,2207
74259,21,1470,Daviess County School District,KY,1597,13712
2441,21,1500,Dawson Springs Independent School District,KY,118,395
5346,21,1530,Dayton Independent School District,KY,202,876
1342,21,1590,East Bernstadt Independent School District,KY,32,185
12635,21,1620,Edmonson County School District,KY,278,1631
12392,21,1650,Elizabethtown Independent School District,KY,351,2296
7263,21,1680,Elliott County School District,KY,244,926
3400,21,1710,Eminence Independent School District,KY,131,641
18549,21,1740,Erlanger-Elsmere Independent School District,KY,453,2982
14002,21,1760,Estill County School District,KY,474,2260
3634,21,1800,Fairview Independent School District,KY,116,555
329437,21,1860,Fayette County School District,KY,5877,49647
15591,21,1920,Fleming County School District,KY,610,2773
34532,21,1950,Floyd County School District,KY,1856,5759
12522,21,78,Fort Campbell Dependent Schools,KY,342,2395
8966,21,79,Fort Knox Dependent Schools,KY,70,1725
16341,21,2040,Fort Thomas Independent School District,KY,128,3224
4653,21,1980,Frankfort Independent School District,KY,121,687
47789,21,2010,Franklin County School District,KY,912,7546
3915,21,2100,Fulton County School District,KY,184,613
2358,21,2070,Fulton Independent School District,KY,161,420
8785,21,2130,Gallatin County School District,KY,238,1474
18040,21,2160,Garrard County School District,KY,516,2969
13699,21,2220,Glasgow Independent School District,KY,588,2219
22164,21,2250,Grant County School District,KY,695,4220
27227,21,2280,Graves County School District,KY,921,4752
27070,21,2300,Grayson County School District,KY,1292,4523
11552,21,2340,Green County School District,KY,402,1775
18250,21,2400,Greenup County School District,KY,606,2918
9013,21,2460,Hancock County School District,KY,227,1619
94712,21,2490,Hardin County School District,KY,2216,17292
22430,21,2540,Harlan County School District,KY,1374,4043
2622,21,2520,Harlan Independent School District,KY,194,491
19525,21,2580,Harrison County School District,KY,614,3237
17153,21,2640,Hart County School District,KY,644,3074
4485,21,2670,Hazard Independent School District,KY,213,780
44175,21,2710,Henderson County School District,KY,1473,7371
12798,21,2760,Henry County School District,KY,382,2097
4393,21,2790,Hickman County School District,KY,156,643
42777,21,2860,Hopkins County School District,KY,1519,7311
13358,21,2940,Jackson County School District,KY,628,2233
1056,21,2910,Jackson Independent School District,KY,126,187
793881,21,2990,Jefferson County School District,KY,23272,127446
2696,21,3000,Jenkins Independent School District,KY,253,470
56495,21,3030,Jessamine County School District,KY,1493,9777
18528,21,3060,Johnson County School District,KY,635,3184
111134,21,3090,Kenton County School District,KY,1373,19108
13438,21,3120,Knott County School District,KY,584,2097
25422,21,3150,Knox County School District,KY,1341,4526
15128,21,3180,Larue County School District,KY,405,2528
63353,21,3210,Laurel County School District,KY,2320,10319
15798,21,3240,Lawrence County School District,KY,728,2902
7313,21,3270,Lee County School District,KY,318,940
9729,21,3330,Leslie County School District,KY,490,1613
17443,21,3360,Letcher County School District,KY,584,2842
12875,21,3390,Lewis County School District,KY,568,2120
24910,21,3480,Lincoln County School District,KY,832,4422
8815,21,3510,Livingston County School District,KY,222,1321
22168,21,3540,Logan County School District,KY,830,4012
4535,21,3630,Ludlow Independent School District,KY,115,673
9078,21,3690,Lyon County School District,KY,164,996
92231,21,3720,Madison County School District,KY,2210,14134
11118,21,3750,Magoffin County School District,KY,711,1820
19851,21,3780,Marion County School District,KY,663,3503
31734,21,3810,Marshall County School District,KY,603,4710
10696,21,3840,Martin County School District,KY,498,1544
16956,21,3870,Mason County School District,KY,571,2922
9594,21,3900,Mayfield Independent School District,KY,570,1774
46761,21,3960,McCracken County School District,KY,962,7762
16824,21,3990,McCreary County School District,KY,980,2662
9126,21,4020,McLean County School District,KY,284,1607
27200,21,4050,Meade County School District,KY,428,4479
6341,21,4080,Menifee County School District,KY,248,859
20543,21,4110,Mercer County School District,KY,504,3318
10558,21,4140,Metcalfe County School District,KY,519,1821
9095,21,4170,Middlesboro Independent School District,KY,598,1435
11163,21,4200,Monroe County School District,KY,471,1965
28771,21,4250,Montgomery County School District,KY,767,4959
14300,21,4290,Morgan County School District,KY,518,1942
30512,21,81,Muhlenberg County School District,KY,1016,4741
10582,21,4380,Murray Independent School District,KY,262,1442
34756,21,4410,Nelson County School District,KY,682,5821
14190,21,4440,Newport Independent School District,KY,378,1610
7816,21,4470,Nicholas County School District,KY,332,1451
23933,21,4500,Ohio County School District,KY,679,4154
70525,21,4530,Oldham County School District,KY,565,13540
11435,21,4560,Owen County School District,KY,265,1821
30198,21,4590,Owensboro Independent School District,KY,1154,5022
3928,21,4620,Owsley County School District,KY,261,656
20789,21,4650,Paducah Independent School District,KY,770,3167
3570,21,4680,Paintsville Independent School District,KY,199,522
5652,21,4710,Paris Independent School District,KY,232,962
14844,21,4740,Pendleton County School District,KY,431,2483
22254,21,4770,Perry County School District,KY,873,3907
48459,21,4800,Pike County School District,KY,1594,7554
6971,21,4830,Pikeville Independent School District,KY,200,861
1510,21,4860,Pineville Independent School District,KY,104,232
12928,21,4890,Powell County School District,KY,577,2240
57041,21,4950,Pulaski County School District,KY,1873,9163
4255,21,4980,Raceland-Worthington Independent School District,KY,98,674
2382,21,5040,Robertson County School District,KY,83,398
16226,21,5070,Rockcastle County School District,KY,631,2600
24675,21,5100,Rowan County School District,KY,827,3603
18458,21,5160,Russell County School District,KY,677,3203
12768,21,5130,Russell Independent School District,KY,311,2026
6299,21,5190,Russellville Independent School District,KY,282,958
2405,21,5220,Science Hill Independent School District,KY,59,320
61700,21,5260,Scott County School District,KY,990,10933
50124,21,5320,Shelby County School District,KY,739,8117
20350,21,5400,Simpson County School District,KY,618,3530
9801,21,5430,Somerset Independent School District,KY,346,1341
2459,21,5460,Southgate Independent School District,KY,67,262
20823,21,5490,Spencer County School District,KY,286,3563
17499,21,5520,Taylor County School District,KY,518,3110
12757,21,5550,Todd County School District,KY,501,2499
14555,21,5580,Trigg County School District,KY,488,2354
8591,21,5610,Trimble County School District,KY,215,1424
13178,21,5640,Union County School District,KY,327,1801
8532,21,5700,Walton-Verona Independent School District,KY,147,1985
116751,21,5730,Warren County School District,KY,3307,21562
12269,21,5760,Washington County School District,KY,344,2096
19629,21,5790,Wayne County School District,KY,917,2880
12854,21,5820,Webster County School District,KY,451,2298
22057,21,5880,Whitley County School District,KY,1358,4381
5616,21,5910,Williamsburg Independent School District,KY,326,877
3558,21,5940,Williamstown Independent School District,KY,125,707
6364,21,5970,Wolfe County School District,KY,380,1099
27728,21,6000,Woodford County School District,KY,455,4421
56604,22,30,Acadia Parish School District,LA,2201,10504
22501,22,60,Allen Parish School District,LA,966,3813
133534,22,90,Ascension Parish School District,LA,3076,25902
20050,22,120,Assumption Parish School District,LA,703,3028
38373,22,150,Avoyelles Parish School District,LA,2006,6786
12328,22,40,Baker City School District,LA,816,2270
36695,22,180,Beauregard Parish School District,LA,1123,6846
12412,22,210,Bienville Parish School District,LA,664,2060
15308,22,240,Bogalusa City School District,LA,1037,2628
131102,22,270,Bossier Parish School District,LA,6041,24089
224893,22,300,Caddo Parish School District,LA,10814,38686
206861,22,330,Calcasieu Parish School District,LA,7261,37891
9393,22,360,Caldwell Parish School District,LA,478,1557
4678,22,390,Cameron Parish School District,LA,128,740
8280,22,420,Catahoula Parish School District,LA,417,1351
30876,22,125,Central Community School District,LA,877,5915
13537,22,450,Claiborne Parish School District,LA,588,1944
17797,22,480,Concordia Parish School District,LA,1174,3111
27274,22,510,De Soto Parish School District,LA,1046,4794
383829,22,540,East Baton Rouge Parish School District,LA,18113,60714
6892,22,570,East Carroll Parish School District,LA,482,1008
19112,22,600,East Feliciana Parish School District,LA,525,2433
31745,22,630,Evangeline Parish School District,LA,1536,5608
19107,22,660,Franklin Parish School District,LA,1408,3559
22109,22,690,Grant Parish School District,LA,634,3307
67540,22,720,Iberia Parish School District,LA,4373,12449
29766,22,750,Iberville Parish School District,LA,1368,4440
14797,22,780,Jackson Parish School District,LA,556,2357
31436,22,810,Jefferson Davis Parish School District,LA,1380,5805
427253,22,840,Jefferson Parish School District,LA,16428,68751
14702,22,960,La Salle Parish School District,LA,437,2303
254241,22,870,Lafayette Parish School District,LA,8110,44384
95342,22,900,Lafourche Parish School District,LA,2796,15867
48243,22,990,Lincoln Parish School District,LA,1634,6985
152886,22,1020,Livingston Parish School District,LA,4101,28933
9093,22,1050,Madison Parish School District,LA,759,1646
46994,22,1080,Monroe City School District,LA,2752,8512
23787,22,1110,Morehouse Parish School District,LA,1812,4084
35982,22,1140,Natchitoches Parish School District,LA,1450,5970
362701,22,1170,Orleans Parish School District,LA,15572,51459
110880,22,1200,Ouachita Parish School District,LA,3878,19904
22289,22,1230,Plaquemines Parish School District,LA,646,3991
19845,22,1260,Pointe Coupee Parish School District,LA,778,3063
125899,22,1290,Rapides Parish School District,LA,5230,23184
7238,22,1320,Red River Parish School District,LA,382,1200
19643,22,1350,Richland Parish School District,LA,1147,3339
21746,22,1380,Sabine Parish School District,LA,1045,3636
44783,22,1410,St. Bernard Parish School District,LA,2060,8534
50400,22,1440,St. Charles Parish School District,LA,1454,9061
10857,22,1470,St. Helena Parish School District,LA,442,1664
19110,22,1500,St. James Parish School District,LA,639,3089
39694,22,1530,St. John the Baptist Parish School District,LA,1917,7121
80869,22,1560,St. Landry Parish School District,LA,4675,15868
51218,22,1590,St. Martin Parish School District,LA,2070,9000
46799,22,1620,St. Mary Parish School District,LA,2653,8517
277615,22,1650,St. Tammany Parish School District,LA,5503,48715
139823,22,1680,Tangipahoa Parish School District,LA,6543,24566
3844,22,1710,Tensas Parish School District,LA,280,645
103864,22,1740,Terrebonne Parish School District,LA,4274,18915
20617,22,1770,Union Parish School District,LA,1015,3220
57641,22,1800,Vermilion Parish School District,LA,2676,10813
45819,22,1830,Vernon Parish School District,LA,1590,8046
29782,22,1860,Washington Parish School District,LA,1260,5175
35184,22,1890,Webster Parish School District,LA,1561,5800
28425,22,1920,West Baton Rouge Parish School District,LA,872,5103
9254,22,1950,West Carroll Parish School District,LA,419,1524
15155,22,1980,West Feliciana Parish School District,LA,320,1855
13405,22,2010,Winn Parish School District,LA,557,2057
25989,22,39,Zachary Community School District,LA,904,5735
2774,23,2220,Acton,ME,35,357
479,23,2500,Airline Community School District,ME,8,54
530,23,2280,Alexander,ME,11,80
781,23,14823,Andover Public Schools,ME,10,71
1424,23,2510,Appleton,ME,14,158
1926,23,82001,Aroostook Unorganized Territory,ME,41,223
968,23,14817,Athens,ME,30,125
24956,23,2610,Auburn,ME,477,3640
19636,23,2640,Augusta,ME,389,2360
1330,23,2730,Baileyville,ME,32,226
32721,23,2820,Bangor,ME,553,3654
5223,23,2850,Bar Harbor,ME,31,380
203,23,2880,Baring Plantation,ME,2,25
447,23,2950,Beals,ME,6,25
138,23,2960,Beaver Cove,ME,0,6
61,23,2980,Beddington,ME,0,5
23421,23,3150,Biddeford,ME,313,2533
2866,23,3210,Blue Hill,ME,50,394
5209,23,3290,Boothbay-Boothbay Harbor Community School District,ME,55,476
141,23,3390,Bowerbank,ME,0,9
852,23,3480,Bremen,ME,5,40
9967,23,3510,Brewer,ME,158,1409
529,23,4,Bridgewater,ME,11,81
63,23,14811,Brighton Plantation,ME,0,4
2935,23,3600,Bristol,ME,31,311
849,23,3610,Brooklin,ME,9,85
960,23,3640,Brooksville,ME,27,100
22527,23,3780,Brunswick,ME,188,2618
384,23,14834,Burlington Public Schools,ME,10,58
107,23,14835,Byron Public Schools,ME,0,5
3108,23,3870,Calais,ME,104,444
9873,23,3930,Cape Elizabeth,ME,47,1699
82,23,61,Caratunk,ME,1,9
706,23,3980,Carrabassett Valley,ME,6,70
142,23,3990,Carroll Plantation,ME,3,11
1355,23,4080,Castine,ME,5,66
292,23,4110,Caswell,ME,7,38
340,23,4160,Charlotte,ME,7,51
410,23,14771,Chebeague Island,ME,2,52
1117,23,14814,Cherryfield,ME,36,142
170,23,4440,Cooper,ME,6,18
137,23,4500,Coplin Plantation,ME,2,19
164,23,4620,Cranberry Isles,ME,2,31
94,23,4650,Crawford,ME,1,4
529,23,65,Cutler,ME,20,90
2378,23,4830,Damariscotta,ME,7,108
2211,23,4860,Dayton Public Schools,ME,14,330
75,23,4880,Deblois,ME,1,11
1692,23,4890,Dedham,ME,13,210
3336,23,4895,Deer Isle-Stonington Community School District,ME,58,382
62,23,4897,Dennistown Plantation,ME,4,8
303,23,4900,Dennysville,ME,12,41
768,23,14839,Eagle Lake Public Schools,ME,6,69
1338,23,62,East Machias,ME,36,229
1620,23,5280,East Millinocket,ME,55,200
181,23,5380,East Range Community School District,ME,7,18
1314,23,5310,Easton,ME,23,235
1300,23,5360,Eastport,ME,26,136
1230,23,5400,Edgecomb,ME,12,165
8621,23,5500,Ellsworth Public Schools,ME,125,1168
673,23,14818,Eustis,ME,4,66
12885,23,5670,Falmouth,ME,55,2168
1205,23,8,Fayette,ME,12,161
14468,23,53,Five Town Community School District,ME,41,691
1038,23,82003,Franklin Unorganized Territory,ME,9,111
30,23,7590,Frenchboro,ME,0,1
1083,23,5970,Georgetown,ME,5,102
203,23,5980,Gilead,ME,1,17
4790,23,6000,Glenburn,ME,55,745
5,23,6030,Glenwood Plantation,ME,0,0
18986,23,6060,Gorham,ME,151,3058
364,23,5,Grand Isle,ME,4,33
126,23,6150,Great Lake Stream Plantation,ME,2,11
5145,23,6160,Great Salt Bay Community School District,ME,34,405
1488,23,6180,Greenbush,ME,40,223
1491,23,6250,Greenville,ME,13,127
2531,23,6260,Hancock Public Schools,ME,36,305
225,23,82011,Hancock Unorganized Territory,ME,5,17
839,23,6330,Harmony,ME,19,84
6658,23,6510,Hermon,ME,77,1117
53,23,6600,Highland Plantation,ME,0,1
1714,23,6610,Hope,ME,16,177
381,23,66,Indian Island,ME,15,53
767,23,64,Indian Township,ME,29,176
93,23,6780,Isle au Haut,ME,0,12
607,23,6810,Islesboro,ME,4,73
2642,23,6870,Jefferson,ME,41,366
584,23,6900,Jonesboro,ME,21,83
1256,23,7100,Jonesport,ME,28,115
37,23,82005,Kennebec Unorganized Territory,ME,2,6
29,23,7110,Kingsbury Plantation,ME,0,1
10458,23,7140,Kittery,ME,42,996
4,23,82007,Knox Unorganized Territory,ME,0,1
156,23,59,Lake View Plantation,ME,4,10
107,23,7200,Lakeville,ME,1,7
1765,23,7250,Lamoine Public Schools,ME,37,204
38502,23,7320,Lewiston,ME,1135,5565
1519,23,14842,Limestone Public Schools,ME,56,245
43,23,7440,Lincoln Plantation,ME,0,1
1,23,82006,Lincoln Unorganized Territory,ME,0,1
2370,23,7450,Lincolnville,ME,19,213
10072,23,7530,Lisbon,ME,146,1453
242,23,9,Long Island,ME,2,26
3,23,82013,Louds Island Unorganized Territory,ME,0,0
379,23,63,Lowell,ME,5,43
2079,23,7710,Machias,ME,71,243
971,23,67,Machiasport,ME,42,158
62,23,7770,Macwahoc Plantation,ME,0,1
3848,23,7800,Madawaska,ME,70,430
533,23,7980,Marshfield,ME,17,103
140,23,8135,Meddybemps,ME,6,10
239,23,8140,Medford,ME,8,19
1223,23,8160,Medway,ME,15,158
3163,23,8250,Milford,ME,43,429
4240,23,8280,Millinocket,ME,94,457
66,23,8340,Monhegan Plantation,ME,1,3
1704,23,8400,Moosabec Community School District,ME,15,77
44,23,14836,Moro Plantation Public Schools,ME,0,4
2203,23,8490,Mount Desert,ME,8,156
10814,23,8500,Mount Desert Community School District,ME,25,385
27,23,8580,Nashville Plantation,ME,0,3
574,23,8700,New Sweden,ME,20,78
1914,23,8760,Newcastle,ME,5,85
1855,23,8940,Nobleboro,ME,17,235
180,23,9090,Northfield,ME,5,24
1589,23,14824,Northport Public Schools,ME,21,193
155,23,9240,Orient,ME,7,26
3928,23,9330,Orrington,ME,36,562
691,23,9390,Otis,ME,9,68
833,23,82002,Oxford Unorganized Territory,ME,11,95
795,23,9560,Pembroke,ME,29,107
1166,23,9630,Penobscot,ME,14,102
1346,23,82010,Penobscot Unorganized Territory,ME,26,130
809,23,9650,Perry,ME,19,128
1054,23,82009,Piscataquis Unorganized Territory,ME,11,90
698,23,69,Pleasant Point,ME,13,80
86,23,9810,Pleasant Ridge Plantation,ME,1,3
70832,23,9930,Portland,ME,1033,7071
752,23,9990,Princeton,ME,18,110
128,23,10140,Reed Plantation,ME,3,8
14814,23,14772,Regional School Unit 01,ME,193,1818
11792,23,14776,Regional School Unit 02,ME,164,1604
10625,23,14783,Regional School Unit 04,ME,139,1578
14996,23,14789,Regional School Unit 05,ME,124,2243
18042,23,14809,Regional School Unit 09,ME,301,2455
13967,23,14795,Regional School Unit 10,ME,338,1803
11826,23,14780,Regional School Unit 12,ME,219,1752
14326,23,14787,Regional School Unit 13,ME,189,1663
23784,23,14793,Regional School Unit 14,ME,216,3382
12217,23,14775,Regional School Unit 16,ME,163,1920
20448,23,14779,Regional School Unit 18,ME,253,3036
15165,23,14785,Regional School Unit 19,ME,322,2102
4288,23,14791,Regional School Unit 20,ME,90,491
20178,23,14773,Regional School Unit 21,ME,110,2627
14763,23,14815,Regional School Unit 22,ME,157,2377
9305,23,14784,Regional School Unit 23,ME,58,677
7767,23,14790,Regional School Unit 24,ME,140,946
8590,23,14796,Regional School Unit 25,ME,138,1088
11524,23,14778,Regional School Unit 26,ME,78,773
10091,23,14782,Regional School Unit 34,ME,191,1282
8211,23,14788,Regional School Unit 38,ME,92,1188
7608,23,14794,Regional School Unit 39,ME,138,1065
2589,23,14806,Regional School Unit 50,ME,51,384
5591,23,14833,Regional School Unit 56,ME,73,705
6181,23,14777,Regional School Unit 67,ME,152,856
11957,23,14822,Regional School Unit 71,ME,226,1513
10227,23,14805,Regional School Unit 73,ME,228,1500
1928,23,14803,Regional School Unit 78,ME,24,234
2303,23,14838,Regional School Unit 89,ME,61,338
3607,23,14844,Richmond Public Schools,ME,36,493
544,23,10190,Robbinston,ME,8,85
299,23,10320,Roque Bluffs,ME,4,25
21167,23,10380,Saco Public Schools,ME,189,2859
0,23,82004,Sagadahoc Unorganized Territory,ME,0,0
22829,23,10500,Sanford,ME,341,3180
22919,23,10530,Scarborough,ME,127,3352
236,23,10560,School Administration District 10,ME,11,26
11943,23,10860,School Administrative District 01,ME,219,1719
11181,23,11520,School Administrative District 03,ME,228,1432
4808,23,11730,School Administrative District 04,ME,97,603
28309,23,11790,School Administrative District 06,ME,258,3771
412,23,11820,School Administrative District 07,ME,4,50
1300,23,11850,School Administrative District 08,ME,18,177
14805,23,10590,School Administrative District 11,ME,239,2157
986,23,10620,School Administrative District 12,ME,17,131
1364,23,10650,School Administrative District 13,ME,23,152
836,23,10680,School Administrative District 14,ME,28,114
14439,23,10710,School Administrative District 15,ME,133,1929
24249,23,10770,School Administrative District 17,ME,390,3145
1248,23,10830,School Administrative District 19,ME,36,135
3306,23,10890,School Administrative District 20,ME,95,527
5984,23,10980,School Administrative District 23,ME,101,928
2271,23,11010,School Administrative District 24,ME,73,285
5570,23,11100,School Administrative District 27,ME,89,762
8960,23,11130,School Administrative District 28,ME,51,786
7841,23,11160,School Administrative District 29,ME,241,1219
1727,23,11220,School Administrative District 30,ME,32,234
3203,23,11250,School Administrative District 31,ME,57,409
1835,23,11280,School Administrative District 32,ME,31,245
1773,23,11310,School Administrative District 33,ME,23,226
14731,23,11370,School Administrative District 35,ME,83,2239
4437,23,11430,School Administrative District 37,ME,117,615
15414,23,11550,School Administrative District 40,ME,265,2023
4172,23,11580,School Administrative District 41,ME,143,549
2017,23,11610,School Administrative District 42,ME,29,273
5238,23,11670,School Administrative District 44,ME,54,655
2117,23,11700,School Administrative District 45,ME,36,319
6461,23,14530,School Administrative District 46,ME,192,875
15001,23,14330,School Administrative District 49,ME,259,2241
12990,23,14240,School Administrative District 51,ME,61,2392
12918,23,14160,School Administrative District 52,ME,151,2104
5999,23,14610,School Administrative District 53,ME,165,952
17333,23,14590,School Administrative District 54,ME,370,2453
8335,23,14190,School Administrative District 55,ME,119,1138
24189,23,14670,School Administrative District 57,ME,246,3339
3598,23,14300,School Administrative District 58,ME,72,452
5410,23,14560,School Administrative District 59,ME,144,697
20145,23,14700,School Administrative District 60,ME,166,3156
13449,23,14210,School Administrative District 61,ME,197,1705
6504,23,14470,School Administrative District 63,ME,71,885
8277,23,14440,School Administrative District 64,ME,167,1189
54,23,14410,School Administrative District 65,ME,0,4
7508,23,14761,School Administrative District 68,ME,183,1082
3577,23,14762,School Administrative District 70,ME,88,574
8688,23,14765,School Administrative District 72,ME,140,1160
5020,23,14767,School Administrative District 74,ME,104,642
21331,23,14768,School Administrative District 75,ME,223,2786
364,23,11910,School Administrative District 76,ME,4,49
1979,23,14837,Sebago Public Schools,ME,21,235
41,23,57,Seboeis Plantation,ME,0,1
1234,23,12140,Sedgwick,ME,33,177
260,23,12180,Shirley,ME,4,33
780,23,82008,Somerset Unorganized Territory,ME,4,50
1167,23,12300,South Bristol,ME,4,99
27437,23,12330,South Portland,ME,327,3229
644,23,12360,Southport,ME,4,50
1802,23,12390,Southwest Harbor,ME,12,132
2618,23,14820,St. George Public Schools,ME,21,284
1675,23,12750,Surry,ME,34,199
71,23,12810,Talmadge,ME,5,15
49,23,52,The Forks Plantation,ME,1,2
1585,23,12960,Tremont,ME,13,113
1626,23,12980,Trenton,ME,23,205
72,23,13070,Upton,ME,1,2
103,23,13080,Vanceboro,ME,2,7
4696,23,13110,Vassalboro,ME,65,736
1869,23,13140,Veazie,ME,20,238
67,23,13200,Waite,ME,2,7
1253,23,82012,Washington Unorganized Territory,ME,39,162
16445,23,13350,Waterville,ME,360,1911
13388,23,13490,Wells-Ogunquit Community School District,ME,59,1508
123,23,13500,Wesley,ME,3,15
1956,23,13530,West Bath Public Schools,ME,18,228
59,23,58,West Forks Plantation,ME,1,5
21123,23,13560,Westbrook,ME,385,2623
79,23,13590,Westmanland,ME,0,6
486,23,68,Whiting,ME,16,87
204,23,13710,Whitneyville,ME,7,32
139,23,13740,Willimantic,ME,2,13
8258,23,13860,Winslow,ME,122,1196
193,23,14825,Winterville Plantation Public Schools,ME,2,28
6360,23,13970,Winthrop,ME,81,900
3875,23,13980,Wiscasset Public Schools,ME,72,514
1211,23,14010,Woodland,ME,22,172
207,23,14040,Woodville,ME,6,22
9309,23,14100,Yarmouth,ME,59,1720
14252,23,14130,York,ME,60,1805
67097,24,30,Allegany County Public Schools,MD,1796,8915
602350,24,60,Anne Arundel County Public Schools,MD,7110,98461
568271,24,90,Baltimore City Public Schools,MD,18731,84450
852425,24,120,Baltimore County Public Schools,MD,14099,136435
94913,24,150,Calvert County Public Schools,MD,914,16450
34248,24,180,Caroline County Public Schools,MD,946,5941
177108,24,210,Carroll County Public Schools,MD,1314,29608
106305,24,240,Cecil County Public Schools,MD,1879,17473
174478,24,270,Charles County Public Schools,MD,2282,31335
33138,24,300,Dorchester County Public Schools,MD,1056,4955
299317,24,330,Frederick County Public Schools,MD,2462,51996
28393,24,360,Garrett County Public Schools,MD,506,3694
265514,24,390,Harford County Public Schools,MD,3169,44291
339668,24,420,Howard County Public Schools,MD,3355,61626
19557,24,450,Kent County Public Schools,MD,394,2155
1082273,24,480,Montgomery County Public Schools,MD,15470,183114
966629,24,510,Prince George's County Public Schools,MD,18365,154205
53688,24,540,Queen Annes County Public Schools,MD,526,8263
25241,24,570,Somerset County Public Schools,MD,882,3300
116469,24,600,St. Marys County Public Schools,MD,1891,20407
38244,24,630,Talbot County Public Schools,MD,652,5128
157228,24,660,Washington County Public Schools,MD,3367,25342
106329,24,690,Wicomico County Public Schools,MD,3318,17212
54337,24,720,Worcester County Public Schools,MD,960,6950
17424,25,1650,Abington School District,MA,131,2446
30196,25,1710,Acton-Boxborough Regional School District,MA,218,5856
10730,25,1740,Acushnet School District,MA,64,1029
28589,25,1800,Agawam School District,MA,499,3817
17669,25,1860,Amesbury School District,MA,149,2345
40011,25,1890,Amherst School District,MA,152,1300
44889,25,1920,Amherst-Pelham School District,MA,170,1625
37206,25,1950,Andover School District,MA,194,6842
47357,25,1980,Arlington School District,MA,214,6842
14850,25,2040,Ashburnham-Westminster School District,MA,91,2583
19258,25,2100,Ashland School District,MA,147,2955
13488,25,2160,Athol-Royalston School District,MA,246,2026
47215,25,2190,Attleboro School District,MA,525,6881
17264,25,2220,Auburn School District,MA,118,2583
4874,25,2250,Avon School District,MA,59,724
16270,25,542,Ayer-Shirley School District,MA,138,2056
49679,25,2310,Barnstable School District,MA,807,5783
14709,25,2400,Bedford School District,MA,108,2553
15642,25,2430,Belchertown School District,MA,173,2339
17290,25,2460,Bellingham School District,MA,126,2440
27913,25,2490,Belmont School District,MA,197,5096
6873,25,2520,Berkley School District,MA,32,807
10509,25,2530,Berkshire Hills School District,MA,113,1247
8185,25,2580,Berlin-Boylston School District,MA,37,1245
43413,25,2640,Beverly School District,MA,365,5510
43073,25,2670,Billerica School District,MA,316,6017
12657,25,2715,Blackstone-Millville School District,MA,142,1953
671589,25,2790,Boston School District,MA,15055,69616
20771,25,2820,Bourne School District,MA,137,2113
8346,25,2880,Boxford School District,MA,18,830
39939,25,2940,Braintree School District,MA,364,6177
10479,25,2970,Brewster School District,MA,45,418
44629,25,3030,Bridgewater-Raynham School District,MA,320,6307
3681,25,3060,Brimfield School District,MA,24,253
107886,25,3090,Brockton School District,MA,2544,17629
3515,25,3120,Brookfield School District,MA,11,228
64477,25,3150,Brookline School District,MA,373,8414
26974,25,3240,Burlington School District,MA,197,3992
121084,25,3270,Cambridge School District,MA,984,8797
24866,25,3300,Canton School District,MA,189,3945
5355,25,3330,Carlisle School District,MA,12,668
11892,25,3360,Carver School District,MA,111,1730
13135,25,3390,Central Berkshire School District,MA,141,1634
37216,25,3510,Chelmsford School District,MA,295,5872
40542,25,3540,Chelsea School District,MA,1407,6352
2187,25,14,Chesterfield-Goshen School District,MA,8,129
55360,25,3660,Chicopee School District,MA,1541,7639
1653,25,3720,Clarksburg School District,MA,21,145
15770,25,3750,Clinton School District,MA,199,2114
8552,25,3780,Cohasset School District,MA,30,1767
18910,25,3840,Concord School District,MA,81,2205
24265,25,3870,Concord-Carlisle School District,MA,46,1577
1757,25,3900,Conway School District,MA,6,110
28576,25,3990,Danvers School District,MA,281,4108
34331,25,4020,Dartmouth School District,MA,270,4419
25880,25,4050,Dedham School District,MA,223,3473
5079,25,4080,Deerfield School District,MA,24,361
40317,25,4140,Dennis-Yarmouth School District,MA,521,3645
20937,25,4200,Dighton-Rehoboth School District,MA,163,3565
9182,25,4230,Douglas School District,MA,55,1450
6044,25,4260,Dover School District,MA,9,566
10545,25,4290,Dover-Sherborn School District,MA,35,1390
33356,25,4320,Dracut School District,MA,398,5228
25796,25,4360,Dudley-Charlton Regional School District,MA,247,4120
16432,25,4410,Duxbury School District,MA,81,3151
14746,25,4440,East Bridgewater School District,MA,117,2308
16371,25,4500,East Longmeadow School District,MA,145,2575
5842,25,4530,Eastham School District,MA,18,211
16520,25,4590,Easthampton School District,MA,192,1758
25464,25,4620,Easton School District,MA,117,3933
5284,25,9090,Edgartown School District,MA,68,469
1661,25,4710,Erving School District,MA,17,139
50186,25,4770,Everett School District,MA,1311,7679
16182,25,4800,Fairhaven School District,MA,162,2116
10730,25,25010,Fairhaven/New Bedford School Districts in Acushnet (9-12),MA,32,569
95524,25,4830,Fall River School District,MA,2644,14048
33024,25,4860,Falmouth School District,MA,330,3333
2617,25,13321,Farmington River Regional School District,MA,9,120
42877,25,4890,Fitchburg School District,MA,1015,6506
810,25,4920,Florida School District,MA,12,64
18997,25,4950,Foxborough School District,MA,173,3003
74000,25,4980,Framingham School District,MA,1375,10274
33938,25,5010,Franklin School District,MA,210,5781
21123,25,5070,Freetown-Lakeville School District,MA,140,3424
12094,25,5100,Frontier School District,MA,43,707
21759,25,5130,Gardner School District,MA,356,2792
7413,25,5160,Gateway School District,MA,118,990
8618,25,5220,Georgetown School District,MA,48,1493
11769,25,5270,Gill-Montague School District,MA,191,1368
30247,25,5280,Gloucester School District,MA,368,3616
72,25,5340,Gosnold School District,MA,0,3
20100,25,5370,Grafton School District,MA,85,3291
6231,25,5400,Granby School District,MA,67,838
17729,25,5490,Greenfield School District,MA,342,2125
15005,25,5500,Groton-Dunstable School District,MA,61,2918
5426,25,5580,Hadley School District,MA,45,584
7914,25,5610,Halifax School District,MA,25,598
12758,25,5670,Hamilton-Wenham School District,MA,65,2276
19509,25,5730,Hampden-Wilbraham School District,MA,161,3108
12734,25,5740,Hampshire School District,MA,40,857
755,25,5760,Hancock School District,MA,2,42
15148,25,5790,Hanover School District,MA,60,2869
7003,25,5880,Harvard School District,MA,28,1124
3416,25,5940,Hatfield School District,MA,22,358
68968,25,5970,Haverhill School District,MA,1361,9976
1535,25,6000,Hawlemont School District,MA,11,83
24799,25,6090,Hingham School District,MA,81,4581
11637,25,6150,Holbrook School District,MA,111,1639
2593,25,6210,Holland School District,MA,10,185
15336,25,6240,Holliston School District,MA,72,3019
38101,25,6270,Holyoke School District,MA,1703,5814
12041,25,1780,Hoosac Valley School District,MA,231,1478
6151,25,6300,Hopedale School District,MA,44,1033
19183,25,6330,Hopkinton School District,MA,109,4286
20547,25,6390,Hudson School District,MA,225,2920
10286,25,6420,Hull School District,MA,72,920
14025,25,6480,Ipswich School District,MA,77,1850
34472,25,6510,King Philip School District,MA,94,2683
13999,25,6540,Kingston School District,MA,65,1209
90696,25,6660,Lawrence School District,MA,3725,16657
6201,25,6690,Lee School District,MA,63,640
2617,25,25015,Lee/Berkshire Hills in Farmington River Regional (7-12),MA,9,116
11333,25,6720,Leicester School District,MA,127,1633
5083,25,6750,Lenox School District,MA,31,538
44754,25,6780,Leominster School District,MA,665,6565
1861,25,6810,Leverett School District,MA,6,112
35234,25,6840,Lexington School District,MA,279,7473
7173,25,6900,Lincoln School District,MA,22,868
26535,25,6930,Lincoln-Sudbury School District,MA,36,1747
10371,25,6960,Littleton School District,MA,45,1789
15796,25,6990,Longmeadow School District,MA,111,2944
118171,25,7020,Lowell School District,MA,3317,17792
20926,25,7050,Ludlow School District,MA,249,2601
12044,25,7080,Lunenburg School District,MA,89,2012
103017,25,7110,Lynn School District,MA,3216,17546
13227,25,7140,Lynnfield School District,MA,73,2615
67763,25,7170,Malden School District,MA,1180,7968
9228,25,67,Manchester Essex Regional School District,MA,60,1606
24247,25,7230,Mansfield School District,MA,186,4337
20797,25,7260,Marblehead School District,MA,98,3533
5461,25,7290,Marion School District,MA,25,402
42739,25,7320,Marlborough School District,MA,805,5835
26373,25,7350,Marshfield School District,MA,130,3935
20989,25,7380,Martha's Vineyard School District,MA,80,943
24978,25,7410,Masconomet School District,MA,51,2342
15295,25,7440,Mashpee School District,MA,186,1603
6646,25,7470,Mattapoisett School District,MA,10,439
10989,25,7500,Maynard School District,MA,96,1499
13059,25,7530,Medfield School District,MA,46,2934
61010,25,7560,Medford School District,MA,530,5873
13382,25,7590,Medway School District,MA,74,2424
30492,25,7620,Melrose School District,MA,172,4640
14544,25,7680,Mendon-Upton School District,MA,65,2615
53983,25,7740,Methuen School District,MA,964,8349
24760,25,7770,Middleborough School District,MA,241,3467
9949,25,7830,Middleton School District,MA,22,759
31053,25,7860,Milford School District,MA,491,4581
14138,25,7890,Millbury School District,MA,117,1910
8632,25,7920,Millis School District,MA,38,1315
29213,25,7980,Milton School District,MA,141,5329
10310,25,7990,Mohawk Trail School District,MA,108,1097
20347,25,544,Monomoy Regional School District,MA,135,1809
8118,25,8040,Monson School District,MA,94,1076
10776,25,8160,Mount Greylock School District,MA,98,1108
755,25,25013,Mount Greylock/New Lebanon (NY) School Districts in Hancock (7-12),MA,1,39
3392,25,8220,Nahant School District,MA,11,176
14670,25,8250,Nantucket School District,MA,130,2137
10094,25,8280,Narragansett School District,MA,123,1575
21755,25,8310,Nashoba School District,MA,91,3732
37844,25,8340,Natick School District,MA,213,5900
26348,25,4560,Nauset School District,MA,122,1398
2492,25,25012,Nauset/Provincetown School Districts in Turo (7-12),MA,5,86
32744,25,8370,Needham School District,MA,124,6473
102718,25,8430,New Bedford School District,MA,2981,16279
1903,25,8530,New Salem-Wendell School District,MA,15,128
18608,25,8580,Newburyport School District,MA,87,2505
90936,25,8610,Newton School District,MA,567,14457
11899,25,8640,Norfolk School District,MA,23,1045
15394,25,8670,North Adams School District,MA,337,1533
31454,25,8700,North Andover School District,MA,236,5407
31334,25,8730,North Attleborough School District,MA,261,5112
4840,25,8760,North Brookfield School District,MA,59,669
24466,25,8790,North Middlesex School District,MA,251,3938
15906,25,8820,North Reading School District,MA,65,2724
30134,25,8850,Northampton School District,MA,309,3141
16090,25,8880,Northborough School District,MA,60,1978
26772,25,8910,Northborough-Southborough School District,MA,39,1638
16698,25,8940,Northbridge School District,MA,154,2498
19513,25,9000,Norton School District,MA,149,2685
11592,25,9030,Norwell School District,MA,43,2393
32254,25,9060,Norwood School District,MA,337,4242
5460,25,4650,Oak Bluffs School District,MA,50,447
17945,25,9150,Old Rochester School District,MA,46,1280
7552,25,9180,Orange School District,MA,89,551
6405,25,9210,Orleans School District,MA,12,159
13643,25,9270,Oxford School District,MA,142,1875
12406,25,9300,Palmer School District,MA,221,1709
55430,25,9360,Peabody School District,MA,709,7113
1304,25,9390,Pelham School District,MA,4,61
18751,25,9420,Pembroke School District,MA,84,2959
18288,25,9450,Pentucket School District,MA,106,2984
1221,25,9540,Petersham School District,MA,7,71
6467,25,9600,Pioneer Valley School District,MA,45,802
45229,25,9630,Pittsfield School District,MA,992,5594
10147,25,9690,Plainville School District,MA,50,757
62517,25,9720,Plymouth School District,MA,489,7760
2992,25,9780,Plympton School District,MA,11,241
3721,25,9840,Provincetown School District,MA,15,121
15713,25,1,Quabbin School District,MA,115,2419
9003,25,12100,Quaboag Regional School District,MA,78,1304
103704,25,9870,Quincy School District,MA,1101,10444
10676,25,9900,Ralph C. Mahar School District,MA,105,749
35696,25,9930,Randolph School District,MA,568,4834
26096,25,9990,Reading School District,MA,112,4503
61813,25,10050,Revere School District,MA,1475,8765
1404,25,10080,Richmond School District,MA,6,80
5838,25,10140,Rochester School District,MA,16,511
18181,25,10170,Rockland School District,MA,237,2339
7114,25,10200,Rockport School District,MA,28,735
423,25,10230,Rowe School District,MA,3,35
45255,25,10380,Salem School District,MA,717,5032
20575,25,10470,Sandwich School District,MA,123,2895
29118,25,10500,Saugus School District,MA,315,3833
644,25,10530,Savoy School District,MA,2,23
19468,25,10560,Scituate School District,MA,67,3211
15783,25,10590,Seekonk School District,MA,123,2604
18953,25,10620,Sharon School District,MA,138,3966
4500,25,10710,Sherborn School District,MA,16,408
39176,25,10770,Shrewsbury School District,MA,233,6749
1713,25,10800,Shutesbury School District,MA,13,112
24905,25,10830,Silver Lake School District,MA,88,1860
18600,25,10860,Somerset School District,MA,101,1802
25473,25,541,Somerset-Berkley School District,MA,63,1356
82880,25,10890,Somerville School District,MA,664,5806
18491,25,10920,South Hadley School District,MA,193,1997
6342,25,10950,Southampton School District,MA,18,438
10682,25,10980,Southborough School District,MA,29,1390
18134,25,11010,Southbridge School District,MA,415,2748
7949,25,11040,Southern Berkshire School District,MA,55,841
11201,25,13,Southwick-Tolland-Granville Regional School District,MA,116,1508
14532,25,2,Spencer-East Brookfield School District,MA,169,1973
155369,25,11130,Springfield School District,MA,8096,26778
23770,25,11220,Stoneham School District,MA,203,3149
29877,25,11250,Stoughton School District,MA,386,4179
10086,25,11310,Sturbridge School District,MA,38,859
19363,25,11340,Sudbury School District,MA,64,2955
3655,25,11370,Sunderland School District,MA,11,153
9565,25,11400,Sutton School District,MA,51,1592
18766,25,11430,Swampscott School District,MA,119,2594
17422,25,11460,Swansea School District,MA,136,2527
21701,25,11490,Tantasqua School District,MA,86,1593
60372,25,11520,Taunton School District,MA,1126,8977
32052,25,11580,Tewksbury School District,MA,234,4352
4923,25,12570,Tisbury School District,MA,42,427
6683,25,11670,Topsfield School District,MA,11,600
22498,25,11740,Triton School District,MA,176,2826
2492,25,11730,Truro School District,MA,6,97
12660,25,11760,Tyngsborough School District,MA,98,2040
5322,25,43,Up-Island Regional School District,MA,29,473
14476,25,11850,Uxbridge School District,MA,86,2117
46447,25,11880,Wachusett School District,MA,191,7948
27703,25,11910,Wakefield School District,MA,123,3963
1825,25,11940,Wales School District,MA,10,137
26920,25,11970,Walpole School District,MA,145,4618
66695,25,12000,Waltham School District,MA,767,6311
10258,25,12030,Ware School District,MA,280,1379
23798,25,12060,Wareham School District,MA,314,2683
778,25,13323,Warwick School District,MA,5,43
36129,25,12180,Watertown School District,MA,312,3382
14259,25,12210,Wayland School District,MA,62,2874
18171,25,12240,Webster School District,MA,314,2343
30151,25,12270,Wellesley School District,MA,122,5580
3622,25,12300,Wellfleet School District,MA,14,130
8052,25,12390,West Boylston School District,MA,50,1009
7871,25,12420,West Bridgewater School District,MA,74,1257
28731,25,12510,West Springfield School District,MA,718,4070
22046,25,12600,Westborough School District,MA,147,4063
40687,25,12630,Westfield School District,MA,793,5515
25201,25,12660,Westford School District,MA,112,5072
1653,25,12690,Westhampton School District,MA,4,90
12119,25,12750,Weston School District,MA,85,2382
16604,25,12780,Westport School District,MA,133,2094
16597,25,12810,Westwood School District,MA,58,3272
58606,25,12840,Weymouth School District,MA,543,7114
1603,25,12870,Whately School District,MA,4,82
26307,25,12930,Whitman-Hanson School District,MA,209,3979
2552,25,12990,Williamsburg School District,MA,11,142
23878,25,13050,Wilmington School District,MA,156,3880
10594,25,13080,Winchendon School District,MA,176,1697
23490,25,13110,Winchester School District,MA,136,4957
19200,25,13170,Winthrop School District,MA,212,2449
41802,25,13200,Woburn School District,MA,530,5249
211102,25,13230,Worcester School District,MA,4882,28706
1216,25,13260,Worthington School District,MA,25,126
12426,25,13290,Wrentham School District,MA,33,1079
2865,26,1890,Adams Township School District,MI,32,561
7783,26,1920,Addison Community Schools,MI,107,1142
28880,26,1950,Adrian City School District,MI,526,4348
21003,26,1980,Airport Community School District,MI,434,3469
2855,26,2010,Akron-Fairgrove Schools,MI,50,404
3927,26,21810,Alanson Public Schools,MI,71,595
1498,26,2040,Alba Public Schools,MI,26,218
6996,26,2160,Alcona Community Schools,MI,120,648
14468,26,2190,Algonac Community School District,MI,174,1676
18188,26,2220,Allegan Public Schools,MI,336,2915
20324,26,2520,Allen Park Public Schools,MI,321,3175
27470,26,2550,Allendale Public School District,MI,280,3261
15203,26,2640,Alma Public Schools,MI,476,2743
9048,26,2670,Almont Community Schools,MI,83,1421
30423,26,2730,Alpena Public Schools,MI,826,4148
36297,26,2790,Anchor Bay School District,MI,373,5823
177727,26,2820,Ann Arbor Public Schools,MI,1511,20099
9083,26,3240,Armada Area Schools,MI,63,1411
493,26,3270,Arvon Township School District,MI,6,44
1776,26,3480,Ashley Community Schools,MI,51,275
4707,26,3510,Athens Area Schools,MI,62,796
7337,26,3540,Atherton Community Schools,MI,264,1078
3483,26,3570,Atlanta Community Schools,MI,75,358
3967,26,3600,Au Gres-Sims School District,MI,86,458
841,26,3660,Autrain-Onota Public Schools,MI,8,68
28126,26,3690,Avondale School District,MI,231,3525
6141,26,17,Bad Axe Public Schools,MI,162,925
9518,26,3810,Baldwin Community Schools,MI,347,905
7343,26,3870,Bangor Public Schools,MI,332,1327
248,26,3960,Bangor Township School District 8,MI,1,40
13882,26,3900,Bangor Township Schools,MI,302,1835
3739,26,3990,Baraga Area Schools,MI,84,443
3361,26,4020,Bark River-Harris School District,MI,108,571
9011,26,4170,Bath Community Schools,MI,115,1226
41669,26,5,Battle Creek Public Schools,MI,2024,7200
69016,26,4260,Bay City School District,MI,1426,9995
2824,26,4290,Beal City Public Schools,MI,37,474
2201,26,4320,Bear Lake School District,MI,67,334
526,26,4350,Beaver Island Community School,MI,11,48
10224,26,4440,Beaverton Rural Schools,MI,323,1477
32400,26,4470,Bedford Public Schools,MI,323,5191
8362,26,4500,Beecher Community School District,MI,830,1645
13070,26,4530,Belding Area School District,MI,276,2199
3989,26,4620,Bellaire Public Schools,MI,58,409
5463,26,4650,Bellevue Community Schools,MI,114,864
5654,26,4740,Bendle Public Schools,MI,321,941
6634,26,4800,Bentley Community Schools,MI,211,1014
28883,26,4830,Benton Harbor Area Schools,MI,1745,5258
15137,26,4950,Benzie County Central School,MI,294,2010
28195,26,5010,Berkley School District,MI,208,4283
287,26,5100,Berlin Township School District 3,MI,4,54
12857,26,5430,Berrien Springs Public Schools,MI,230,1871
2907,26,6,Bessemer Area School District,MI,90,398
2193,26,5690,Big Bay de Noc School District,MI,48,208
493,26,105,Big Jackson School District,MI,13,71
16692,26,5780,Big Rapids Public Schools,MI,448,2095
8846,26,5820,Birch Run Area School District,MI,169,1317
60789,26,5850,Birmingham City School District,MI,261,10656
6795,26,6000,Blissfield Community Schools,MI,70,1120
41245,26,6090,Bloomfield Hills School District,MI,257,7131
7346,26,6270,Bloomingdale Public School District,MI,282,1330
103,26,6300,Bois Blanc Pines School District,MI,0,2
8363,26,6500,Boyne City Public Schools,MI,134,1073
1909,26,6510,Boyne Falls Public School District,MI,23,253
17244,26,6570,Brandon School District,MI,190,2709
8987,26,6600,Brandywine Community Schools,MI,199,1384
5376,26,6630,Breckenridge Community Schools,MI,115,798
11016,26,6720,Breitung Township Schools,MI,143,1619
14996,26,6780,Bridgeport-Spaulding Community School District,MI,701,2321
4996,26,6840,Bridgman Public Schools,MI,73,769
38597,26,6870,Brighton Area Schools,MI,162,5717
3239,26,6900,Brimley Area Schools,MI,63,541
3740,26,6930,Britton Deerfield School District,MI,36,559
7595,26,6960,Bronson Community School District,MI,215,1375
5089,26,7040,Brown City Community School District,MI,179,843
10729,26,7140,Buchanan Community School District,MI,188,1698
3061,26,7170,Buckley Community School District,MI,78,546
9534,26,7320,Bullock Creek School District,MI,180,1529
1786,26,7410,Burr Oak Community School District,MI,54,367
404,26,7470,Burt Township School District,MI,8,31
6353,26,7530,Byron Area Schools,MI,94,996
28781,26,7560,Byron Center Public Schools,MI,241,5727
22134,26,7590,Cadillac Area Public Schools,MI,583,3498
27824,26,7620,Caledonia Community Schools,MI,211,5478
8261,26,7690,Calumet Public Schools,MI,218,1384
3806,26,7710,Camden-Frontier School District,MI,199,720
8550,26,7800,Capac Community School District,MI,127,1439
31090,26,7890,Carman-Ainsworth Community School District,MI,1389,4617
1457,26,8010,Carney-Nadeau Public Schools,MI,16,199
11229,26,8040,Caro Community Schools,MI,238,1569
5677,26,8070,Carrollton School District,MI,208,869
13487,26,8130,Carson City-Crystal Area School District,MI,257,1413
3412,26,8160,Carsonville-Port Sanilac School District,MI,112,494
1998,26,8280,Caseville Public Schools,MI,17,163
8022,26,8400,Cass City Public Schools,MI,267,1321
8305,26,8430,Cassopolis Public Schools,MI,181,1150
21553,26,8520,Cedar Springs Public Schools,MI,283,3929
20465,26,8580,Center Line Public Schools,MI,725,3092
3445,26,8610,Central Lake Public Schools,MI,56,400
11424,26,8640,Central Montcalm Public Schools,MI,342,1748
4667,26,8670,Centreville Public Schools,MI,120,831
8521,26,8730,Charlevoix Public Schools,MI,79,974
19337,26,8770,Charlotte Public Schools,MI,279,3059
1912,26,8880,Chassell Township School District,MI,29,344
14023,26,8910,Cheboygan Area Schools,MI,299,1619
16953,26,8940,Chelsea School District,MI,103,2674
11232,26,9150,Chesaning Union Schools,MI,225,1736
20224,26,9560,Chippewa Hills School District,MI,563,2794
106889,26,9570,Chippewa Valley Schools,MI,1716,16820
101,26,9630,Church School District,MI,2,9
8775,26,9750,Clare Public Schools,MI,364,1579
11705,26,9840,Clarenceville School District,MI,245,1387
45647,26,9900,Clarkston Community School District,MI,333,7825
11754,26,9930,Clawson City School District,MI,42,1149
3869,26,10020,Climax-Scotts Community School District,MI,37,621
6072,26,10050,Clinton Community Schools,MI,62,965
15518,26,10080,Clintondale Community Schools,MI,612,2568
19847,26,10110,Clio Area School District,MI,455,2914
24270,26,10140,Coldwater Community Schools,MI,639,3646
5889,26,10200,Coleman Community School District,MI,138,886
178,26,10230,Colfax Township School District 1F,MI,4,19
9223,26,10380,Coloma Community Schools,MI,208,1376
5614,26,10410,Colon Community School District,MI,201,1009
11564,26,6990,Columbia School District,MI,124,1515
14876,26,10620,Comstock Park Public Schools,MI,275,2405
16595,26,10590,Comstock Public Schools,MI,381,2455
4967,26,10650,Concord Community Schools,MI,75,867
7663,26,10750,Constantine Public School District,MI,224,1248
14660,26,10830,Coopersville Public School District,MI,231,2918
9560,26,10860,Corunna Public School District,MI,210,1331
2805,26,10980,Covert Public Schools,MI,126,542
11916,26,11030,Crawford AuSable Schools,MI,315,1622
31464,26,16,Crestwood School District,MI,1954,5899
13311,26,11140,Croswell-Lexington Community School District,MI,313,1890
4874,26,11400,Dansville Schools,MI,65,829
32709,26,11430,Davison Community Schools,MI,629,5191
1918,26,11970,DeTour Area Schools,MI,19,170
15531,26,11550,DeWitt Public Schools,MI,86,2971
117814,26,11600,Dearborn City School District,MI,8752,24076
13047,26,11610,Dearborn Heights School District 7,MI,700,2211
5338,26,11670,Decatur Public Schools,MI,154,875
3993,26,11700,Deckerville Community School District,MI,134,603
11863,26,11910,Delton-Kellogg School District,MI,179,1558
631184,26,1103,Detroit Public Schools Community District,MI,54292,115752
21724,26,12030,Dexter Community School District,MI,106,4064
1911,26,26940,Dollar Bay-Tamarack City Area Schools,MI,18,357
14909,26,12150,Dowagiac Union Schools,MI,493,2195
4546,26,12240,Dryden Community Schools,MI,56,637
10226,26,12300,Dundee Community Schools,MI,133,1758
10514,26,12330,Durand Area Schools,MI,210,1458
29165,26,12420,East China School District,MI,378,4398
12385,26,12480,East Grand Rapids Public School District,MI,48,2999
8231,26,12540,East Jackson Community Schools,MI,244,1257
6605,26,12560,East Jordan Public Schools,MI,131,1007
55521,26,12600,East Lansing School District,MI,438,4061
402,26,12660,Easton Township School District 6,MI,9,61
39986,26,12450,Eastpointe Community Schools,MI,1862,7158
17225,26,12690,Eaton Rapids Public Schools,MI,244,2838
3358,26,12810,Eau Claire Public Schools,MI,77,568
8554,26,12930,Ecorse Public School District,MI,782,1657
12355,26,12990,Edwardsburg Public Schools,MI,222,2092
9072,26,13050,Elk Rapids Schools,MI,122,1143
6501,26,13090,Elkton-Pigeon-Bay Port Schools,MI,156,987
1697,26,13110,Ellsworth Community Schools,MI,37,240
208,26,13140,Elm River Township School District,MI,3,11
2007,26,15600,Engadine Consolidated Schools,MI,77,243
19781,26,13500,Escanaba Area Public Schools,MI,409,2857
8552,26,13530,Essexville-Hampton Public Schools,MI,136,1344
6812,26,13560,Evart Public Schools,MI,217,1066
2170,26,14,Ewen-Trout Creek Consolidated Schools,MI,29,187
375,26,13680,Excelsior Township School District 1,MI,12,63
2935,26,10560,Fairview Area School District,MI,117,433
90892,26,14070,Farmington Public School District,MI,697,12258
11165,26,14100,Farwell Area Schools,MI,377,1513
9573,26,14230,Fennville Public Schools,MI,210,1588
21540,26,14250,Fenton Area Public Schools,MI,239,3314
24274,26,14280,Ferndale Public Schools,MI,212,2439
17761,26,14460,Fitzgerald Public Schools,MI,867,3061
11282,26,7080,Flat Rock Community Schools,MI,288,2064
80406,26,14520,Flint City School District,MI,6695,14227
26988,26,14550,Flushing Community Schools,MI,624,4524
4901,26,14570,Forest Area Community Schools,MI,118,782
53332,26,14610,Forest Hills Public Schools,MI,368,10883
4355,26,11190,Forest Park School District,MI,76,541
2570,26,14700,Fowler Public Schools,MI,14,447
17046,26,14730,Fowlerville Community Schools,MI,195,2786
9520,26,14760,Frankenmuth School District,MI,51,1433
3709,26,14790,Frankfort-Elberta Area Schools,MI,44,352
29334,26,14820,Fraser Public Schools,MI,543,4132
12702,26,15060,Freeland Community School District,MI,109,2101
14611,26,15150,Fremont Public School District,MI,304,2495
19822,26,15390,Fruitport Community Schools,MI,356,3219
4491,26,15420,Fulton Schools,MI,71,638
7370,26,15450,Galesburg-Augusta Community School District,MI,101,1276
27555,26,15540,Garden City School District,MI,737,3995
21901,26,15730,Gaylord Community Schools,MI,415,3447
2945,26,15750,Genesee School District,MI,123,494
21787,26,15870,Gibraltar School District,MI,343,3613
9729,26,15970,Gladstone Area Schools,MI,167,1489
13843,26,15990,Gladwin Community Schools,MI,451,2044
5462,26,16020,Glen Lake Community Schools,MI,50,641
415,26,15510,Glenn Public School District,MI,3,42
5882,26,16050,Gobles Public School District,MI,149,991
8102,26,16080,Godfrey-Lee Public Schools,MI,336,1646
12531,26,16110,Godwin Heights Public Schools,MI,355,2074
10897,26,16320,Goodrich Area Schools,MI,92,1945
51582,26,16350,Grand Blanc Community Schools,MI,873,8490
45235,26,16380,Grand Haven Area Public Schools,MI,633,6812
36013,26,16410,Grand Ledge Public Schools,MI,293,5343
195846,26,16440,Grand Rapids Public Schools,MI,5433,28040
42074,26,16470,Grandville Public Schools,MI,463,7092
10175,26,16500,Grant Public School District,MI,214,1906
251,26,16560,Grant Township School District 2,MI,3,23
7118,26,16830,Grass Lake Community Schools,MI,55,1069
24697,26,17160,Greenville Public Schools,MI,594,4005
10653,26,17220,Grosse Ile Township Schools,MI,70,1786
51891,26,25740,Grosse Pointe Public Schools,MI,486,9146
20524,26,17250,Gull Lake Community Schools,MI,167,3571
10324,26,14690,Gwinn Area Community Schools,MI,228,1686
513,26,17340,Hagar Township School District 6,MI,9,64
4511,26,17370,Hale Area Schools,MI,138,524
16168,26,17400,Hamilton Community Schools,MI,131,2928
28076,26,17520,Hamtramck Public Schools,MI,3394,6494
7008,26,17550,Hancock Public Schools,MI,97,969
6838,26,17640,Hanover-Horton Schools,MI,84,1037
4276,26,7,Harbor Beach Community Schools,MI,106,659
7129,26,17700,Harbor Springs School District,MI,59,844
15311,26,17730,Harper Creek Community Schools,MI,270,2433
9302,26,17760,Harper Woods City Schools,MI,629,1825
13113,26,17820,Harrison Community Schools,MI,562,1634
7839,26,17860,Hart Public School District,MI,206,1137
6297,26,17880,Hartford Public School District,MI,301,1220
30175,26,17910,Hartland Consolidated Schools,MI,208,5319
16664,26,17940,Haslett Public Schools,MI,181,2616
20364,26,17970,Hastings Area School District,MI,334,3135
19569,26,18030,Hazel Park City School District,MI,392,2067
9007,26,18180,Hemlock Public School District,MI,122,1405
5505,26,18270,Hesperia Community Schools,MI,164,881
8864,26,18330,Highland Park City Schools,MI,677,1388
3681,26,18360,Hillman Community Schools,MI,97,452
14367,26,18390,Hillsdale Community Schools,MI,349,2267
38724,26,18420,Holland City School District,MI,752,5582
29360,26,18450,Holly Area School District,MI,368,4712
31484,26,18480,Holt Public Schools,MI,615,5272
6594,26,18510,Holton Public Schools,MI,228,1125
4561,26,18540,Homer Community Schools,MI,105,897
8945,26,18570,Hopkins Public Schools,MI,104,1674
15197,26,18600,Houghton Lake Community School District,MI,411,1672
11273,26,28890,Houghton-Portage Township Schools,MI,113,1053
59946,26,18720,Howell Public Schools,MI,475,8615
5855,26,18810,Hudson Area Schools,MI,128,1024
48442,26,18840,Hudsonville Public School District,MI,421,9843
14615,26,18930,Huron School District,MI,283,2562
60075,26,18990,Huron Valley Schools,MI,571,9343
7967,26,19050,Ida Public School District,MI,63,1348
12200,26,19100,Imlay City Community Schools,MI,215,1817
6056,26,19170,Inland Lakes Schools,MI,97,678
23567,26,19250,Ionia Public Schools,MI,430,2943
931,26,19290,Ionia Township School District 2,MI,35,163
7506,26,19410,Iron Mountain Public Schools,MI,180,1180
7441,26,19470,Ironwood Area Schools,MI,248,949
6606,26,19530,Ishpeming Public School District,MI,126,942
7241,26,19580,Ithaca Public Schools,MI,131,1010
53599,26,19620,Jackson Public Schools,MI,1689,8433
12401,26,19800,Jefferson Schools,MI,208,1803
29349,26,19830,Jenison Public Schools,MI,318,5087
6282,26,19890,Johannesburg-Lewiston Area School District,MI,146,789
5924,26,19920,Jonesville Community Schools,MI,130,991
110797,26,19950,Kalamazoo Public School District,MI,2466,15139
5755,26,20010,Kaleva Norman Dickson School District,MI,175,757
13703,26,20050,Kalkaska Public Schools,MI,312,2004
16606,26,20070,Kearsley Community Schools,MI,603,2678
13895,26,20160,Kelloggsville Public Schools,MI,444,2329
26782,26,20280,Kenowa Hills Public Schools,MI,313,4094
8194,26,20310,Kent City Community Schools,MI,125,1609
71916,26,20340,Kentwood Public Schools,MI,1934,12115
8013,26,20380,Kingsley Area Schools,MI,109,1467
3281,26,20400,Kingston Community School District,MI,53,463
4545,26,18,L'Anse Area Schools,MI,119,616
71566,26,21870,L'Anse Creuse Public Schools,MI,1106,10437
6141,26,20550,Laingsburg Community School District,MI,64,1039
8278,26,20610,Lake City Area School District,MI,184,1268
12347,26,20670,Lake Fenton Community Schools,MI,132,1925
3925,26,20700,Lake Linden-Hubbell School District,MI,61,605
44603,26,20730,Lake Orion Community Schools,MI,233,7543
22320,26,32670,Lake Shore Public Schools,MI,250,2729
17922,26,20820,Lakeshore School District,MI,209,2944
10589,26,20910,Lakeview Community Schools,MI,432,1764
19789,26,20880,Lakeview Public Schools,MI,236,2602
23631,26,20850,Lakeview School District,MI,498,4058
11755,26,20940,Lakeville Community Schools,MI,266,1731
13093,26,20980,Lakewood Public Schools,MI,186,2148
16711,26,21120,Lamphere Public Schools,MI,221,1857
120681,26,21150,Lansing Public School District,MI,4769,17534
42021,26,21180,Lapeer Community Schools,MI,640,5778
3931,26,21210,Lawrence Public School District,MI,156,715
5859,26,21240,Lawton Community School District,MI,143,1020
3539,26,21390,Leland Public School District,MI,20,398
2211,26,21420,Les Cheneaux Community Schools,MI,40,238
7213,26,21450,Leslie Public Schools,MI,119,1219
33071,26,21570,Lincoln Consolidated School District,MI,765,5762
39740,26,21600,Lincoln Park Public Schools,MI,1736,6991
19326,26,21690,Linden Community Schools,MI,208,3129
3210,26,21750,Litchfield Community Schools,MI,82,513
113239,26,21840,Livonia Public Schools,MI,1384,15842
22650,26,22050,Lowell Area Schools,MI,198,4288
16001,26,22200,Ludington Area School District,MI,291,2175
600,26,22230,Mackinac Island Public Schools,MI,6,52
1281,26,22260,Mackinaw City Public Schools,MI,13,115
12098,26,22290,Madison Public Schools,MI,200,1311
7606,26,22320,Madison School District,MI,142,925
7059,26,22350,Mancelona Public Schools,MI,161,993
7220,26,22380,Manchester Community Schools,MI,79,1051
13110,26,22410,Manistee Area Schools,MI,278,1508
7382,26,22470,Manistique Area Schools,MI,209,1013
5733,26,22500,Manton Consolidated Schools,MI,193,1126
8128,26,22620,Maple Valley Schools,MI,194,1411
1600,26,22830,Mar Lee School District,MI,27,284
5057,26,22740,Marcellus Community Schools,MI,138,771
4149,26,22800,Marion Public Schools,MI,117,576
6387,26,22860,Marlette Community Schools,MI,214,1050
32599,26,13,Marquette Area Public Schools,MI,259,3414
24045,26,22970,Marshall Public Schools,MI,601,3949
5058,26,22980,Martin Public Schools,MI,78,871
13923,26,23040,Marysville Public Schools,MI,158,2239
7544,26,23100,Mason Consolidated Schools,MI,129,1117
8101,26,23130,Mason County Central Schools,MI,181,1268
4893,26,23160,Mason County Eastern District,MI,145,784
20557,26,23070,Mason Public Schools,MI,267,3498
20843,26,23250,Mattawan Consolidated School,MI,213,4282
6477,26,23280,Mayville Community School District,MI,128,976
5837,26,23310,McBain Rural Agricultural Schools,MI,120,1090
19155,26,23460,Melvindale-North Allen Park School District,MI,1313,3714
5602,26,23490,Memphis Community Schools,MI,71,882
3390,26,23520,Mendon Community School District,MI,58,551
11792,26,23550,Menominee Area Public Schools,MI,246,1456
10117,26,23580,Meridian Public Schools,MI,148,1390
4714,26,23610,Merrill Community Schools,MI,81,701
5787,26,23670,Mesick Consolidated Schools,MI,176,983
7567,26,23790,Michigan Center School District,MI,130,1200
1654,26,23830,Mid Peninsula School District,MI,14,200
54102,26,23820,Midland Public Schools,MI,702,8543
16919,26,23850,Milan Area Schools,MI,168,2194
8715,26,23910,Millington Community Schools,MI,161,1259
5057,26,24000,Mio-AuSable Schools,MI,210,754
24146,26,24120,Mona Shores Public School District,MI,421,3785
49247,26,24150,Monroe Public Schools,MI,1130,7257
7885,26,12960,Montabella Community Schools,MI,266,1321
8763,26,24180,Montague Area Public Schools,MI,235,1436
7652,26,24420,Montrose Community Schools,MI,260,1356
1058,26,24540,Moran Township School District,MI,15,112
4148,26,24570,Morenci Area Schools,MI,82,741
10158,26,24600,Morley Stanwood Community Schools,MI,522,1735
4234,26,24630,Morrice Area Schools,MI,64,683
22299,26,24690,Mount Clemens Community School District,MI,821,3245
14074,26,24720,Mount Morris Consolidated School District,MI,662,2219
40690,26,24750,Mount Pleasant City School District,MI,660,4537
5337,26,24810,Munising Public Schools,MI,61,531
37368,26,24840,Muskegon City School District,MI,2168,5980
10008,26,24870,Muskegon Heights School District,MI,1138,1998
7058,26,25400,N.I.C.E. Community Schools,MI,69,1101
8372,26,24960,Napoleon Community Schools,MI,114,1301
8930,26,25020,Negaunee Public Schools,MI,69,1423
4327,26,25140,New Buffalo Area School District,MI,45,498
20332,26,25230,New Haven Community Schools,MI,300,3186
3802,26,25290,New Lothrop Area Public School,MI,40,609
11452,26,25320,Newaygo Public School District,MI,271,1837
24932,26,25560,Niles Community School District,MI,649,3852
3311,26,25650,North Adams-Jerome Schools,MI,78,493
11406,26,25680,North Branch Area Schools,MI,229,1929
2904,26,29220,North Central Area Schools,MI,53,395
2279,26,30480,North Dickinson County Schools,MI,30,303
4585,26,25780,North Huron School District,MI,98,527
4130,26,25800,North Muskegon Public Schools,MI,61,660
2052,26,25920,Northport Public School District,MI,16,167
17432,26,25950,Northview Public School District,MI,235,2812
42007,26,25980,Northville Public Schools,MI,174,7749
27878,26,26010,Northwest School District,MI,420,3748
5428,26,26040,Norway-Vulcan Area Schools,MI,71,814
1547,26,26100,Nottawa Community School,MI,56,341
38415,26,26130,Novi Community School District,MI,179,6997
22891,26,26190,Oak Park City School District,MI,725,3470
11286,26,26220,Oakridge Public Schools,MI,421,2210
28662,26,26280,Okemos Public Schools,MI,258,4744
6814,26,26370,Olivet Community Schools,MI,96,1055
5463,26,26400,Onaway Area Community School District,MI,133,663
73,26,26430,Oneida Township School District 3,MI,0,11
3344,26,26490,Onekama Consolidated Schools,MI,52,407
9182,26,26520,Onsted Community Schools,MI,96,1325
3748,26,26550,Ontonagon Area Schools,MI,74,381
16885,26,26760,Orchard View Schools,MI,512,2078
12836,26,26970,Oscoda Area Schools,MI,353,1566
14839,26,27060,Otsego Public Schools,MI,173,2457
9079,26,27150,Ovid-Elsie Area Schools,MI,177,1460
1471,26,27180,Owendale-Gagetown Area Schools,MI,26,234
24481,26,27210,Owosso Public Schools,MI,662,3787
26755,26,27240,Oxford Area Community Schools,MI,232,4791
10184,26,27420,Parchment School District,MI,154,1611
14107,26,27660,Paw Paw Public School District,MI,310,2310
2529,26,27690,Peck Community School District,MI,77,425
5185,26,27720,Pellston Public Schools,MI,74,639
9066,26,27810,Pennfield School District,MI,183,1551
2442,26,27840,Pentwater Public School District,MI,39,244
9230,26,27900,Perry Public School District,MI,171,1432
4736,26,27960,Pewamo-Westphalia Community School District,MI,21,926
3501,26,28020,Pickford Public Schools,MI,33,358
25976,26,28140,Pinckney Community Schools,MI,153,3375
11282,26,28170,Pinconning Area Schools,MI,188,1598
7986,26,28200,Pine River Area Schools,MI,249,1350
3330,26,28500,Pittsford Area Schools,MI,95,551
15791,26,28530,Plainwell Community Schools,MI,184,2721
128489,26,28560,Plymouth-Canton Community Schools,MI,1325,21814
83846,26,28740,Pontiac City School District,MI,3030,12061
67994,26,28830,Port Huron Area School District,MI,1860,10206
56192,26,28950,Portage Public Schools,MI,491,9587
12812,26,29120,Portland Public School District,MI,151,2261
1998,26,29130,Posen Consolidated School District,MI,36,255
6047,26,29160,Potterville Public Schools,MI,98,946
806,26,29190,Powell Township Schools,MI,5,55
19201,26,27930,Public Schools of Petoskey,MI,244,2744
8130,26,29250,Quincy Community School District,MI,243,1499
2675,26,29340,Rapid River Public Schools,MI,50,339
6485,26,29370,Ravenna Public Schools,MI,140,1220
5248,26,29400,Reading Community Schools,MI,163,967
24529,26,29460,Redford Union School District,MI,955,3804
11322,26,29490,Reed City Area Public Schools,MI,369,1809
5068,26,29520,Reese Public Schools,MI,81,750
21769,26,29540,Reeths-Puffer Schools,MI,471,3660
1431,26,29580,Republic-Michigamme Schools,MI,14,125
12485,26,29670,Richmond Community Schools,MI,130,1889
7767,26,29760,River Rouge School District,MI,744,1595
8391,26,29790,River Valley School District,MI,134,1024
12825,26,29910,Riverview Community School District,MI,255,1843
99321,26,29940,Rochester Community School District,MI,481,17248
45974,26,30030,Rockford Public Schools,MI,323,9397
5332,26,30060,Rogers City Area Schools,MI,125,641
38105,26,30090,Romeo Community Schools,MI,406,6320
25609,26,30120,Romulus Community Schools,MI,1349,4749
11663,26,15830,Roscommon Area Public Schools,MI,295,1268
43848,26,30210,Roseville Community Schools,MI,1359,6716
59793,26,30300,Royal Oak City School District,MI,215,5562
8106,26,30360,Rudyard Area Schools,MI,209,1060
52231,26,30390,Saginaw City School District,MI,3756,9490
41151,26,30450,Saginaw Township Community Schools,MI,691,5569
28414,26,30660,Saline Area Schools,MI,181,5406
3470,26,30780,Sand Creek Community Schools,MI,41,535
6809,26,30840,Sandusky Community School District,MI,203,1023
7052,26,30930,Saranac Community Schools,MI,102,1176
5623,26,30960,Saugatuck Public Schools,MI,34,623
19332,26,30990,Sault Ste. Marie Area Schools,MI,494,2781
5620,26,31020,Schoolcraft Community Schools,MI,45,1031
8308,26,31320,Shelby Public Schools,MI,241,1344
8635,26,31380,Shepherd Public School District,MI,182,1424
289,26,10,Sigel Township School District 3F,MI,5,39
65,26,11,Sigel Township School District 4F,MI,1,12
88,26,31830,Sigel Township School District 6,MI,0,18
164,26,32070,Sodus Township School District 5,MI,4,12
12805,26,32300,South Haven Public Schools,MI,306,1785
19955,26,32220,South Lake Schools,MI,293,2363
54970,26,32250,South Lyon Community Schools,MI,385,9931
23565,26,32280,South Redford School District,MI,809,3795
75224,26,32310,Southfield Public School District,MI,1356,9334
31127,26,32340,Southgate Community School District,MI,603,4177
15049,26,32370,Sparta Area Schools,MI,227,2606
13582,26,32550,Spring Lake Public Schools,MI,140,2479
5614,26,32610,Springport Public Schools,MI,116,968
6193,26,32640,St. Charles Community Schools,MI,103,890
3799,26,12,St. Ignace Area Schools,MI,63,436
20033,26,32820,St. Johns Public Schools,MI,242,3185
19158,26,32850,St. Joseph Public Schools,MI,125,2835
10681,26,32880,St. Louis Public Schools,MI,179,1041
11239,26,32940,Standish-Sterling Community School District,MI,248,1713
1624,26,32970,Stanton Township Public Schools,MI,43,371
4899,26,33000,Stephenson Area Public Schools,MI,68,579
10474,26,33030,Stockbridge Community Schools,MI,127,1608
17293,26,33090,Sturgis Public Schools,MI,557,3261
4511,26,33120,Summerfield School District,MI,45,713
2127,26,19,Superior Central Schools,MI,47,294
5973,26,33360,Suttons Bay Public Schools,MI,61,716
8797,26,33410,Swan Valley School District,MI,102,1222
24306,26,33420,Swartz Creek Community Schools,MI,549,3849
7501,26,25350,Tahquamenon Area Schools,MI,194,880
10760,26,33510,Tawas Area Schools,MI,205,1355
68563,26,33540,Taylor School District,MI,2974,11098
18279,26,33720,Tecumseh Public Schools,MI,161,3005
2011,26,33750,Tekonsha Community Schools,MI,44,291
18848,26,33810,Thornapple Kellogg School District,MI,271,3663
18107,26,33840,Three Rivers Community Schools,MI,559,3051
90276,26,33870,Traverse City Area Public Schools,MI,1034,12436
17820,26,33900,Trenton Public Schools,MI,220,2597
14219,26,33930,Tri County Area Schools,MI,323,2344
71595,26,34260,Troy School District,MI,433,12409
3859,26,34380,Ubly Community Schools,MI,66,609
6211,26,34410,Union City Community Schools,MI,180,1097
5235,26,34440,Unionville-Sebewaing Area School District,MI,106,776
192212,26,34470,Utica Community Schools,MI,3139,29524
49449,26,34560,Van Buren Public Schools,MI,1098,6662
21174,26,34680,Van Dyke Public Schools,MI,1292,4074
2165,26,34620,Vanderbilt Area Schools,MI,45,308
4772,26,34650,Vandercook Lake Public Schools,MI,116,731
8859,26,34710,Vassar Public Schools,MI,214,1424
177,26,34860,Verona Township School District 1F,MI,4,25
3932,26,34920,Vestaburg Community Schools,MI,133,641
16048,26,34950,Vicksburg Community Schools,MI,134,2788
2430,26,35010,Wakefield-Marenisco School District,MI,54,271
2113,26,35040,Waldron Area Schools,MI,60,340
1594,26,35130,Walkerville Rural Community School District,MI,61,288
112155,26,35160,Walled Lake Consolidated Schools,MI,942,15564
119932,26,35190,Warren Consolidated Schools,MI,3180,16401
21831,26,35220,Warren Woods Public Schools,MI,482,3086
78083,26,35310,Waterford School District,MI,829,9587
1439,26,35340,Watersmeet Township School District,MI,21,187
6210,26,35460,Watervliet School District,MI,176,1011
20242,26,35520,Waverly Community Schools,MI,433,2814
20519,26,35550,Wayland Union Schools,MI,260,3779
90077,26,15,Wayne-Westland Community School District,MI,3330,13588
3965,26,35730,Webberville Community Schools,MI,76,712
210,26,35790,Wells Township School District,MI,3,24
32878,26,35820,West Bloomfield School District,MI,304,4598
16560,26,35850,West Branch-Rose City Area Schools,MI,415,2189
7354,26,32910,West Iron County Public Schools,MI,205,1042
53976,26,35910,West Ottawa Public School District,MI,1081,9198
13145,26,35940,Western School District,MI,207,2109
19240,26,11640,Westwood Community Schools,MI,1437,3345
5219,26,35970,Westwood Heights Schools,MI,345,900
8146,26,36060,White Cloud Public Schools,MI,231,1207
6427,26,36120,White Pigeon Community Schools,MI,160,1023
467,26,36240,Whitefish Township Schools,MI,5,21
4323,26,36270,Whiteford Agricultural School District,MI,28,690
12494,26,36300,Whitehall School District,MI,307,2103
9283,26,36330,Whitmore Lake Public Schools,MI,90,1153
7083,26,36390,Whittemore-Prescott Area Schools,MI,294,1022
10709,26,36420,Williamston Community Schools,MI,93,1852
2968,26,36480,Wolverine Community Schools,MI,79,398
34804,26,36485,Woodhaven-Brownstown School District,MI,789,5755
24744,26,36540,Wyandotte City School District,MI,470,3442
37004,26,36570,Wyoming Public Schools,MI,784,5601
10909,26,36600,Yale Public Schools,MI,211,1802
61138,26,36630,Ypsilanti Community Schools,MI,2028,7756
35559,26,36660,Zeeland Public Schools,MI,377,7040
5807,27,106,A.C.G.C. Public School District,MN,61,940
3877,27,480,Ada-Borup-West Public Schools,MN,87,685
2270,27,2730,Adrian Public School District,MN,62,458
9877,27,2760,Aitkin Public School District,MN,141,1116
9708,27,2930,Albany Public School District,MN,79,1874
23144,27,2970,Albert Lea Public School District,MN,489,3749
1475,27,3030,Alden-Conger Public School District,MN,20,254
32393,27,3060,Alexandria Public School District,MN,344,5060
11804,27,3150,Annandale Public School District,MN,101,1974
254073,27,3180,Anoka-Hennepin Public School District,MN,2969,46355
1479,27,3300,Ashby Public School District,MN,14,272
29999,27,3450,Austin Public School District,MN,619,5675
1094,27,3540,Badger Public School District,MN,15,189
5886,27,3570,Bagley Public School District,MN,156,1056
4794,27,3660,Barnesville Public School District,MN,43,967
3950,27,3690,Barnum Public School District,MN,56,620
4151,27,3750,Battle Lake Public School District,MN,40,519
12883,27,3870,Becker Public School District,MN,99,2830
4261,27,105,Belgrade-Brooten-Elrosa Public School District,MN,56,778
10188,27,4050,Belle Plaine Public School District,MN,75,1883
39501,27,4440,Bemidji Public School District,MN,892,6769
5575,27,4470,Benson Public School District,MN,115,932
3855,27,5430,Bertha-Hewitt Public School District,MN,104,768
20751,27,5460,Big Lake Public School District,MN,197,4095
4727,27,5660,Bird Island-Olivia-Lake Lillian Public School District,MN,106,781
4023,27,5730,Blackduck Public School District,MN,103,693
4099,27,5760,Blooming Prairie Public School District,MN,58,788
89386,27,5790,Bloomington Public School District,MN,1228,12983
7728,27,130,Blue Earth Area Public Schools,MN,150,1258
6351,27,6060,Braham Public School District,MN,76,1035
46672,27,6090,Brainerd Public School District,MN,821,7335
3727,27,382,Brandon-Evansville Public Schools,MN,60,641
4712,27,6150,Breckenridge Public School District,MN,57,791
9820,27,6240,Brooklyn Center School District,MN,243,1772
3898,27,6300,Browerville Public School District,MN,124,774
696,27,7110,Browns Valley Public School District,MN,32,136
3838,27,23,Buffalo Lake-Hector-Stewart Public Schools,MN,56,585
37169,27,7200,Buffalo-Hanover-Montrose Public Schools,MN,376,7316
74217,27,7290,Burnsville-Eagan-Savage School District,MN,1271,11751
1170,27,7320,Butterfield-Odin Public School District,MN,20,224
9064,27,7350,Byron Public School District,MN,48,2119
5896,27,7380,Caledonia Public School District,MN,78,966
33681,27,7410,Cambridge-Isanti Public School District,MN,422,5937
681,27,7450,Campbell-Tintah Public School District,MN,20,139
3349,27,7470,Canby Public School District,MN,74,577
8058,27,7500,Cannon Falls Public School District,MN,71,1287
4512,27,7590,Carlton Public School District,MN,73,722
4809,27,8070,Cass Lake-Bena Public Schools,MN,224,1061
2333,27,110,Cedar Mountain School District,MN,39,416
35975,27,8100,Centennial Public School District,MN,299,6607
9158,27,23910,Central Public School District,MN,52,1506
5221,27,8220,Chatfield Public Schools,MN,51,985
23316,27,17,Chisago Lakes School District,MN,149,3879
5594,27,8910,Chisholm Public School District,MN,106,836
1206,27,8940,Chokio-Alberta Public School District,MN,9,198
2894,27,103,Clearbrook-Gonvick School District,MN,104,572
2698,27,9330,Cleveland Public School District,MN,16,435
749,27,9360,Climax-Shelly Public Schools,MN,17,144
2323,27,150,Clinton-Graceville-Beardsley,MN,37,396
14951,27,9420,Cloquet Public School District,MN,282,2505
28895,27,9510,Columbia Heights Public School District,MN,670,4363
1072,27,9540,Comfrey Public School District,MN,15,183
5571,27,13110,Cook County Public Schools,MN,66,617
1851,27,9690,Cromwell-Wright Public Schools,MN,29,281
8967,27,9720,Crookston Public School District,MN,231,1568
11001,27,9750,Crosby-Ironton Public School District,MN,144,1489
11049,27,10060,Dassel-Cokato Public School District,MN,115,2380
2805,27,10090,Dawson-Boyd Public School District,MN,40,447
5503,27,10140,Deer River Public School District,MN,116,889
12942,27,10170,Delano Public School District,MN,60,2713
18281,27,10230,Detroit Lakes Public School District,MN,394,3038
6748,27,10260,Dilworth-Glyndon-Felton,MN,77,1374
4340,27,11010,Dover-Eyota Public School District,MN,25,894
94442,27,11040,Duluth Public School District,MN,1115,11950
6827,27,11085,East Central School District,MN,100,798
10327,27,11130,East Grand Forks Public School District,MN,221,2094
65566,27,8190,Eastern Carver County Public Schools,MN,376,11970
60302,27,14220,Eden Prairie Public School District,MN,688,10932
4870,27,11190,Eden Valley-Watkins School District,MN,37,868
2322,27,11220,Edgerton Public School District,MN,39,501
42842,27,11250,Edina Public School District,MN,276,8974
83622,27,11370,Elk River School District,MN,585,16822
919,27,11460,Ellsworth Public School District,MN,12,187
4825,27,11520,Ely Public School District,MN,57,528
5568,27,38880,Esko Public School District,MN,36,1094
12193,27,124,Fairmont Area School District,MN,327,2047
32226,27,11760,Faribault Public School District,MN,824,5261
38639,27,11820,Farmington Public School District,MN,344,7951
20057,27,11880,Fergus Falls Public School District,MN,277,3222
2718,27,11910,Fertile-Beltrami School District,MN,47,501
4981,27,100,Fillmore Central,MN,94,905
979,27,12180,Fisher Public School District,MN,14,198
1478,27,12210,Floodwood Public School District,MN,15,210
9680,27,12240,Foley Public School District,MN,90,1994
51820,27,12270,Forest Lake Public School District,MN,372,8691
3566,27,12300,Fosston Public School District,MN,92,685
271,27,8880,Franconia Public School District,MN,1,42
7057,27,12360,Frazee-Vergas Public School District,MN,166,1252
17938,27,12420,Fridley Public School District,MN,362,2792
2413,27,12480,Fulda Public School District,MN,38,423
5995,27,12580,G.F.W.,MN,112,949
12843,27,128,Glencoe-Silver Lake School District,MN,132,2077
2344,27,148,Glenville-Emmons School District,MN,26,350
3208,27,12900,Goodhue Public School District,MN,25,663
829,27,13020,Goodridge Public School District,MN,20,164
1701,27,13040,Granada-Huntley-East Chain,MN,46,325
1975,27,13140,Grand Meadow Public School District,MN,23,426
27855,27,13170,Grand Rapids Public School District,MN,414,4111
2522,27,107,Greenbush-Middle River School District,MN,17,394
8539,27,9480,Greenway Public School District,MN,134,1380
936,27,18920,Grygla Public School District,MN,20,143
1502,27,13380,Hancock Public School District,MN,16,307
32912,27,13530,Hastings Public School District,MN,219,5403
4807,27,13560,Hawley Public School District,MN,18,1026
4704,27,13590,Hayfield Public School District,MN,67,818
970,27,13680,Hendricks Public School District,MN,15,145
3087,27,13860,Henning Public School District,MN,62,499
874,27,13890,Herman-Norcross School District,MN,14,130
12374,27,13920,Hermantown Public School District,MN,65,2018
1479,27,13930,Heron Lake-Okabena School District,MN,24,239
17429,27,13980,Hibbing Public School District,MN,336,2542
1682,27,14010,Hill City Public School District,MN,36,246
1954,27,14040,Hills-Beaver Creek School District,MN,17,344
7282,27,14070,Hinckley-Finlayson School District,MN,159,1090
5089,27,14190,Holdingford Public School District,MN,43,991
68132,27,14260,Hopkins Public School District,MN,682,9003
2765,27,14280,Houston Public School District,MN,31,459
10077,27,123,Howard Lake-Waverly-Winsted,MN,83,1630
18580,27,14970,Hutchinson Public School District,MN,214,2943
8821,27,15000,International Falls School District,MN,147,1131
30142,27,15030,Inver Grove Heights Schools,MN,322,4426
3415,27,15510,Isle Public School District,MN,78,414
1251,27,15540,Ivanhoe Public School District,MN,21,224
7635,27,231,Jackson County Central School District,MN,113,1211
4931,27,91451,Janesville-Waldorf-Pemberton,MN,57,885
10636,27,15750,Jordan Public School District,MN,82,2141
10867,27,16980,Kasson-Mantorville School District,MN,91,2053
1053,27,17010,Kelliher Public School District,MN,42,209
5493,27,17100,Kenyon-Wanamingo School District,MN,85,882
2887,27,17120,Kerkhoven-Murdock-Sunburg,MN,51,531
4773,27,17220,Kimball Public School District,MN,65,889
5235,27,7,Kingsland Public School District,MN,68,918
1732,27,91447,Kittson Central School District,MN,16,243
8168,27,17250,La Crescent-Hokah School District,MN,56,1309
6172,27,125,Lac Qui Parle Valley School District,MN,161,984
1356,27,17460,Lake Benton Public School District,MN,25,243
8818,27,17520,Lake City Public School District,MN,94,1328
6321,27,91445,Lake Crystal-Wellcome Memorial,MN,46,1132
5711,27,162,Lake Park Audubon School District,MN,83,894
13291,27,40740,Lake Superior Public School District,MN,157,1953
3418,27,17570,Lake of the Woods School District,MN,50,446
2600,27,88,Lakeview School District,MN,30,517
63052,27,17780,Lakeville Public School District,MN,463,13413
808,27,17880,Lancaster Public School District,MN,19,180
1807,27,17910,Lanesboro Public School District,MN,33,352
1774,27,17940,Laporte Public School District,MN,25,250
7777,27,18070,Le Sueur-Henderson School District,MN,98,1322
2024,27,18060,LeRoy-Ostrander Public Schools,MN,29,341
3096,27,2640,Lester Prairie Public School District,MN,32,547
4114,27,18090,Lewiston-Altura Public School District,MN,47,729
11522,27,18210,Litchfield Public School District,MN,170,1956
17979,27,18240,Little Falls Public School District,MN,318,2958
1420,27,18270,Littlefork-Big Falls School District,MN,28,198
9169,27,109,Long Prairie-Grey Eagle School District,MN,148,1682
7090,27,18330,Luverne Public School District,MN,100,1278
1118,27,18360,Lyle Public School District,MN,18,211
989,27,18390,Lynd Public School District,MN,17,211
4622,27,91,MACCRAY School District,MN,98,866
2365,27,18540,Mabel-Canton Public School District,MN,51,484
3392,27,18570,Madelia Public School District,MN,67,630
3703,27,18660,Mahnomen Public School District,MN,158,869
15127,27,18750,Mahtomedi Public School District,MN,70,2887
70967,27,18780,Mankato Public School District,MN,994,10171
5668,27,18810,Maple Lake Public School District,MN,42,1013
5872,27,6,Maple River School District,MN,73,989
1856,27,23550,Marshall County Central Schools,MN,26,336
15774,27,18940,Marshall Public School District,MN,369,3032
4198,27,18960,Martin County West School District,MN,86,721
4087,27,19170,McGregor Public School District,MN,57,466
3208,27,19320,Medford Public School District,MN,36,696
8906,27,20550,Melrose Public School District,MN,107,1685
4198,27,20580,Menahga Public School District,MN,110,964
7481,27,91450,Mesabi East School District,MN,70,1048
12495,27,20670,Milaca Public School District,MN,217,2300
644,27,21210,Milroy Public School District,MN,7,134
427195,27,21240,Minneapolis Public School District,MN,8362,54386
2530,27,21270,Minneota Public School District,MN,40,496
42374,27,11670,Minnetonka Public School District,MN,198,8535
9874,27,19,Minnewaska School District,MN,126,1620
7302,27,21320,Montevideo Public School District,MN,270,1347
24962,27,21390,Monticello Public School District,MN,271,4813
49150,27,21420,Moorhead Public School District,MN,1016,8714
5959,27,21450,Moose Lake Public School District,MN,48,690
11377,27,21480,Mora Public School District,MN,196,1812
7803,27,383,Morris Area Public Schools,MN,84,1205
78611,27,22950,Mounds View Public School District,MN,910,13378
4584,27,1,Mountain Iron-Buhl School District,MN,47,657
2880,27,23010,Mountain Lake Public Schools,MN,95,606
4575,27,90,Murray County Central School District,MN,83,753
5128,27,89,NRHEG School District,MN,71,855
3766,27,23310,Nashwauk-Keewatin School District,MN,47,508
318,27,33720,Nett Lake Public School District,MN,13,75
2746,27,23370,Nevis Public School District,MN,36,373
9472,27,23400,New London-Spicer School District,MN,39,1470
21048,27,23430,New Prague Area Schools,MN,129,4102
19672,27,23490,New Ulm Public School District,MN,198,3188
3898,27,23520,New York Mills Public School District,MN,85,780
2513,27,23580,Nicollet Public School District,MN,17,406
1980,27,101,Norman County East School District,MN,36,358
21920,27,23820,North Branch Public Schools,MN,233,3727
84764,27,23850,North St. Paul-Maplewood-Oakdale School District,MN,1318,13794
30107,27,23880,Northfield Public School District,MN,222,4257
4767,27,30870,Northland Community Schools,MN,110,534
3566,27,23970,Ogilvie Public School District,MN,47,607
5645,27,25050,Onamia Public School District,MN,147,935
12627,27,25080,Orono Public School District,MN,62,2765
3452,27,328,Ortonville Public Schools,MN,77,538
4178,27,25140,Osakis Public School District,MN,56,730
153709,27,25200,Osseo Public School District,MN,2220,28487
30193,27,28050,Owatonna Public School District,MN,455,5315
12996,27,28080,Park Rapids Public School District,MN,310,1900
3035,27,28110,Parkers Prairie Public School District,MN,32,488
6169,27,28140,Paynesville Public School District,MN,91,1084
7741,27,28170,Pelican Rapids Public School District,MN,107,1249
11368,27,28200,Pequot Lakes Public Schools,MN,126,1654
11691,27,28230,Perham-Dent Public School District,MN,177,1860
5517,27,28320,Pierz Public School District,MN,70,1095
5916,27,28350,Pillager Public School District,MN,82,987
11268,27,28380,Pine City Public School District,MN,159,1654
7055,27,28950,Pine Island Public School District,MN,38,1352
279,27,28960,Pine Point Public School District,MN,20,68
8161,27,28970,Pine River-Backus Public School District,MN,143,1116
7187,27,108,Pipestone Area School District,MN,144,1430
8025,27,287,Plainview-Elgin-Millville,MN,80,1520
22363,27,30030,Princeton Public School District,MN,240,4029
799,27,16830,Prinsburg Public School District,MN,3,150
48442,27,30060,Prior Lake-Savage Area Schools,MN,327,9436
12722,27,30090,Proctor Public School District,MN,89,1915
3355,27,294,RTR Public Schools,MN,54,647
2590,27,30150,Randolph Public School District,MN,10,476
1961,27,385,Red Lake County Central Public Schools,MN,35,370
2159,27,30450,Red Lake Falls Public School District,MN,27,352
5573,27,30510,Red Lake Public School District,MN,421,1487
3155,27,132,Red Rock Central School District,MN,77,573
19958,27,30480,Red Wing Public School District,MN,241,3056
7974,27,182,Redwood Area School District,MN,172,1382
4013,27,163,Renville County West School District,MN,77,755
42838,27,31750,Richfield Public School District,MN,459,5217
104042,27,31780,Robbinsdale Public School District,MN,1355,15415
138591,27,31800,Rochester Public School District,MN,1743,22940
18863,27,466,Rock Ridge Public Schools,MN,289,2646
10503,27,32070,Rockford Public School District,MN,103,1970
13261,27,9440,Rocori Public School District,MN,100,2430
6649,27,32250,Roseau Public School District,MN,76,1213
167912,27,32390,Rosemount-Apple Valley-Eagan,MN,1668,31499
57146,27,32430,Roseville Public School District,MN,755,8406
1038,27,32460,Rothsay Public School District,MN,6,185
1582,27,388,Round Lake-Brewster Public Schools,MN,23,316
4027,27,32520,Royalton Public School District,MN,46,739
7027,27,32550,Rush City Public School District,MN,66,904
4177,27,28290,Rushford-Peterson Public Schools,MN,63,706
21511,27,32820,Sartell-St. Stephen School District,MN,160,4690
8321,27,32850,Sauk Centre Public School District,MN,117,1430
25046,27,32880,Sauk Rapids-Rice Public Schools,MN,218,4655
3086,27,32970,Sebeka Public School District,MN,122,636
51636,27,33000,Shakopee Public School District,MN,606,9402
7786,27,102,Sibley East School District,MN,94,1305
5106,27,33210,Sleepy Eye Public School District,MN,63,900
1231,27,32700,South Koochiching School District,MN,30,159
21136,27,33270,South St. Paul Public School District,MN,290,3435
114547,27,33810,South Washington County School District,MN,799,22597
3341,27,2720,Southland Public School District,MN,46,581
2051,27,33300,Spring Grove School District,MN,27,326
36238,27,33330,Spring Lake Park Public Schools,MN,524,6183
3197,27,33390,Springfield Public School District,MN,42,559
10896,27,33420,St. Anthony-New Brighton Schools,MN,98,1715
6133,27,33450,St. Charles Public School District,MN,74,1160
2620,27,33480,St. Clair Public School District,MN,14,480
106215,27,33510,St. Cloud Public School District,MN,3072,16338
35019,27,33540,St. Francis Area Schools,MN,309,6185
6614,27,33600,St. James Public School District,MN,174,1247
17542,27,8,St. Louis County School District,MN,193,2314
47942,27,33780,St. Louis Park Public School District,MN,372,5525
27428,27,33790,St. Michael-Albertville School District,MN,201,6062
305697,27,33840,St. Paul Public School District,MN,8365,52209
15478,27,33870,St. Peter Public School District,MN,183,2244
10380,27,33900,Staples-Motley School District,MN,177,1771
1708,27,127,Stephen-Argyle Central Schools,MN,19,300
9746,27,38160,Stewartville Public School District,MN,102,1940
70761,27,38190,Stillwater Area Public School District,MN,428,12182
1816,27,38280,Swanville Public School District,MN,19,309
13174,27,38850,Thief River Falls School District,MN,195,2194
4976,27,326,Tracy Area Public School District,MN,112,925
13926,27,379,Tri-City United School District,MN,144,2469
1875,27,91446,Tri-County School District,MN,39,320
7001,27,40665,Triton School District,MN,132,1197
2193,27,40680,Truman Public School District,MN,33,408
1617,27,40810,Ulen-Hitterdal Public School District,MN,14,330
2482,27,40830,Underwood Public School District,MN,25,408
5851,27,5,United South Central School District,MN,131,1066
2126,27,40860,Upsala Public School District,MN,27,437
1719,27,40920,Verndale Public School District,MN,42,334
5287,27,41060,Wabasha-Kellogg Public School District,MN,42,648
2481,27,41430,Wabasso Public School District,MN,25,460
23297,27,41460,Waconia Public School District,MN,92,4476
8153,27,22,Wadena-Deer Creek School District,MN,267,1647
7890,27,2910,Walker-Hackensack-Akeley School District,MN,112,984
3515,27,24,Warren-Alvarado-Oslo School District,MN,55,676
6058,27,41850,Warroad Public School District,MN,90,1110
11957,27,41880,Waseca Public School District,MN,177,1948
11302,27,41910,Watertown-Mayer Public School District,MN,73,2063
6631,27,13,Waterville-Elysian-Morristown Public School District,MN,69,983
3331,27,42120,Waubun-Ogema-White Earth Public Schools,MN,149,672
72767,27,42160,Wayzata Public School District,MN,457,15275
5276,27,104,West Central Area,MN,78,897
46587,27,42270,West St. Paul-Mendota Heights-Eagan,MN,436,6890
2734,27,183,Westbrook-Walnut Grove Schools,MN,81,511
19725,27,22920,Westonka Public School District,MN,109,3230
1973,27,42330,Wheaton Area Public School District,MN,40,294
65557,27,42360,White Bear Lake School District,MN,533,10361
27529,27,42720,Willmar Public School District,MN,638,5119
3547,27,42750,Willow River Public School District,MN,38,497
3169,27,91449,Win-E-Mac School District,MN,70,547
6086,27,42780,Windom Public School District,MN,146,1133
38631,27,44070,Winona Area Public School District,MN,339,4416
16581,27,44160,Worthington Public School District,MN,475,3596
1889,27,44190,Wrenshall Public School District,MN,18,281
6322,27,99,Yellow Medicine East,MN,107,1058
7336,27,45735,Zumbrota-Mazeppa School District,MN,71,1280
8713,28,360,Aberdeen School District,MS,411,1297
19712,28,390,Alcorn School District,MS,529,3196
12451,28,420,Amite County School District,MS,547,1865
8793,28,450,Amory School District,MS,341,1422
6670,28,510,Attala County School District,MS,393,1128
5162,28,540,Baldwyn School District,MS,226,883
15321,28,570,Bay St. Louis-Waveland School District,MS,456,1954
7566,28,600,Benton County School District,MS,334,1152
42664,28,630,Biloxi Public School District,MS,1617,6628
6555,28,820,Booneville School District,MS,213,930
18057,28,840,Brookhaven School District,MS,720,2997
12754,28,870,Calhoun County School District,MS,484,1982
21256,28,900,Canton Public School District,MS,916,3475
9378,28,930,Carroll County School District,MS,259,1186
12538,28,200,Chickasaw County School District,MS,669,2328
8091,28,990,Choctaw County School District,MS,329,1293
8122,28,1020,Claiborne County School District,MS,623,1362
11655,28,1050,Clarksdale Municipal School District,MS,1230,2364
17056,28,750,Cleveland School District,MS,1419,3155
30020,28,1090,Clinton Public School District,MS,780,5319
8450,28,1110,Coahoma County School District,MS,495,1566
5571,28,1140,Coffeeville School District,MS,251,800
9840,28,1170,Columbia School District,MS,463,1643
30969,28,1200,Columbus Municipal School District,MS,1668,4959
17750,28,1220,Copiah County School District,MS,723,2873
14516,28,1260,Corinth School District,MS,575,2376
18015,28,1290,Covington County School District,MS,849,3205
195871,28,1320,DeSoto County School District,MS,4506,36695
6379,28,1380,East Jasper School District,MS,291,976
6331,28,1410,East Tallahatchie School District,MS,392,1026
4105,28,1440,Enterprise School District,MS,97,726
8252,28,1470,Forest Municipal School District,MS,559,1730
19817,28,1490,Forrest County Schools,MS,831,3512
7516,28,1530,Franklin County School District,MS,322,1263
25880,28,1560,George County School District,MS,980,5010
13675,28,1590,Greene County School District,MS,411,1788
24547,28,1620,Greenville Public School District,MS,2436,4815
26157,28,198,Greenwood-Leflore Consolidated School District,MS,2134,5227
20931,28,1680,Grenada School District,MS,1046,3793
39873,28,1710,Gulfport School District,MS,1949,6446
30762,28,1740,Hancock County School District,MS,909,4477
100586,28,1770,Harrison County School District,MS,3719,18166
39915,28,1800,Hattiesburg Public School District,MS,1778,5071
9786,28,1830,Hazlehurst City School District,MS,600,1604
42526,28,1860,Hinds County School District,MS,1302,6839
2977,28,1890,Hollandale School District,MS,213,589
11047,28,1950,Holly Springs School District,MS,520,1621
15560,28,195,Holmes County Consolidated School District,MS,1296,2720
7121,28,2040,Humphreys County School District,MS,640,1308
24198,28,2100,Itawamba County School District,MS,864,3707
53689,28,2160,Jackson County School District,MS,1415,9408
139429,28,2190,Jackson Public School District,MS,8720,23766
6900,28,2220,Jefferson County School District,MS,439,1147
11059,28,2250,Jefferson Davis County School District,MS,590,1635
49582,28,2280,Jones County School District,MS,2019,8867
8562,28,2310,Kemper County School District,MS,369,1107
10552,28,2340,Kosciusko School District,MS,491,2122
19004,28,2370,Lafayette County School District,MS,424,3128
66034,28,2400,Lamar County School District,MS,1718,11966
35845,28,2430,Lauderdale County School District,MS,1060,6093
16255,28,2460,Laurel School District,MS,1252,3070
11672,28,2490,Lawrence County School District,MS,554,2062
21462,28,2520,Leake County School District,MS,1080,3578
37651,28,2550,Lee County School District,MS,1274,7033
5066,28,2610,Leland School District,MS,270,856
16899,28,2640,Lincoln County School District,MS,493,2931
18503,28,2670,Long Beach School District,MS,514,3239
17418,28,2700,Louisville Municipal School District,MS,845,2796
26241,28,2730,Lowndes County School District,MS,822,4970
92991,28,2790,Madison County School District,MS,1614,16793
14168,28,2820,Marion County School District,MS,680,2474
23327,28,2850,Marshall County School District,MS,888,3603
16184,28,2880,McComb School District,MS,1009,3002
34743,28,2910,Meridian Public School District,MS,2215,5844
12421,28,2940,Monroe County School District,MS,340,2081
18975,28,3000,Moss Point School District,MS,714,2394
28674,28,3030,Natchez-Adams School District,MS,1446,4132
21462,28,3060,Neshoba County School District,MS,1009,4361
6550,28,3090,Nettleton School District,MS,250,1119
10760,28,3120,New Albany Public Schools,MS,403,1939
12384,28,3150,Newton County School District,MS,602,2154
6205,28,3180,Newton Municipal School,MS,458,1054
4739,28,186,North Bolivar Consolidated School District,MS,436,932
10127,28,3210,North Panola School District,MS,653,1727
11207,28,3240,North Pike School District,MS,571,2347
6761,28,3270,North Tippah School District,MS,258,1215
9825,28,3300,Noxubee County School District,MS,681,1759
33908,28,3360,Ocean Springs School District,MS,733,6135
4583,28,3390,Okolona Separate School District,MS,264,774
40839,28,3450,Oxford School District,MS,577,4738
40430,28,3480,Pascagoula-Gautier School District,MS,1785,6924
12104,28,3510,Pass Christian Public School District,MS,355,2172
27745,28,3520,Pearl Public School District,MS,760,4617
19389,28,3540,Pearl River County School District,MS,516,3654
7840,28,3570,Perry County Schools,MS,310,1203
21238,28,3530,Petal School District,MS,778,4656
6040,28,3600,Philadelphia Public School District,MS,283,981
24449,28,3630,Picayune School District,MS,1021,4020
12680,28,3690,Pontotoc City Schools,MS,491,2285
19334,28,3660,Pontotoc County Schools,MS,682,3717
13766,28,3720,Poplarville Separate School District,MS,420,2211
15942,28,3750,Prentiss County School District,MS,542,2663
5542,28,3810,Quitman County School District,MS,399,922
11050,28,3780,Quitman School District,MS,504,1649
132828,28,3830,Rankin County School District,MS,2009,21858
3566,28,3870,Richton School District,MS,137,621
19414,28,3900,Scott County School District,MS,996,3822
10532,28,3930,Senatobia Municipal School District,MS,308,1770
25597,28,3990,Simpson County School District,MS,1143,4324
14051,28,4020,Smith County School District,MS,545,2347
4403,28,3960,South Delta School District,MS,298,597
22637,28,4050,South Panola School District,MS,1204,4121
11589,28,4080,South Pike School District,MS,593,1942
14662,28,4110,South Tippah School District,MS,489,2439
51965,28,189,Starkville Oktibbeha Consolidated School District,MS,1415,6480
19569,28,4170,Stone County School District,MS,621,3051
23029,28,187,Sunflower County Consolidated School District,MS,1498,3663
18019,28,4230,Tate County School District,MS,529,2850
18553,28,4260,Tishomingo County Schools,MS,530,2954
9157,28,4290,Tunica County School District,MS,709,1821
39850,28,4320,Tupelo Public School District,MS,1717,7213
17603,28,4350,Union County School District,MS,526,3259
3945,28,4380,Union Public School District,MS,225,781
42105,28,4470,Vicksburg Warren School District,MS,2005,7332
13839,28,4440,Walthall County School District,MS,779,2260
6887,28,4500,Water Valley School District,MS,275,1157
19749,28,4530,Wayne County School District,MS,1094,3640
10039,28,4560,Webster County School District,MS,366,1788
6600,28,185,West Bolivar Consolidated School District,MS,577,1090
9420,28,4590,West Jasper School District,MS,434,1668
18213,28,191,West Point Consolidated School District,MS,901,2910
4590,28,4650,West Tallahatchie School,MS,269,633
8717,28,4680,Western Line School District,MS,478,1547
7820,28,4710,Wilkinson County School District,MS,405,1124
9411,28,196,Winona-Montgomery County Consolidated School District,MS,545,1483
8881,28,4770,Yazoo City Municipal School District,MS,760,2089
14143,28,4800,Yazoo County School District,MS,396,1904
1720,29,22980,Adair County R-I School District,MO,51,259
1338,29,5790,Adair County R-II School District,MO,36,279
3996,29,2850,Adrian R-III School District,MO,64,706
2838,29,2880,Advance R-IV School District,MO,63,437
26655,29,2910,Affton 101 School District,MO,289,3214
2764,29,2970,Albany R-III School District,MO,98,494
1045,29,3040,Altenburg 48 School District,MO,9,171
3584,29,3060,Alton R-IV School District,MO,182,602
2287,29,3120,Appleton City R-II School District,MO,76,342
5493,29,3150,Arcadia Valley R-II School District,MO,234,917
3165,29,3200,Archie R-V School District,MO,34,532
5265,29,3270,Ash Grove R-IV School District,MO,83,965
1225,29,3480,Atlanta C-3 Schools,MO,40,220
11013,29,4020,Aurora R-VIII School District,MO,308,2006
8700,29,4050,Ava R-I School District,MO,339,1543
1358,29,4080,Avenue City R-IX School District,MO,11,245
1437,29,4110,Avilla R-XIII School District,MO,43,323
1536,29,4140,Bakersfield R-IV School District,MO,54,248
794,29,4170,Ballard R-II School District,MO,11,132
13222,29,4500,Bayless School District,MO,307,1831
1366,29,4530,Bell City R-II School District,MO,44,253
1255,29,4590,Belleview R-III School District,MO,29,156
28551,29,4620,Belton 124 School District,MO,505,4701
2963,29,4950,Bernie R-XIII School District,MO,93,510
1322,29,4980,Bevier C-4 School District,MO,32,227
3127,29,5070,Billings R-IV School District,MO,51,469
3206,29,5130,Bismarck R-V School District,MO,78,514
875,29,5190,Blackwater R-II School District,MO,15,168
6510,29,9930,Blair Oaks R-II School District,MO,37,1428
4065,29,5250,Bloomfield R-XIV School District,MO,84,615
5264,29,5280,Blue Eye R-V School District,MO,102,515
85742,29,5310,Blue Springs R-IV School District,MO,1207,16473
17429,29,5370,Bolivar R-I School District,MO,411,2866
498,29,5400,Boncl R-X School District,MO,13,93
11291,29,5580,Boonville R-I School District,MO,235,1719
589,29,5610,Bosworth R-V School District,MO,18,108
10937,29,5660,Bowling Green R-I School District,MO,357,1764
921,29,5700,Bradleyville R-I School District,MO,27,189
30689,29,5760,Branson R-IV School District,MO,1015,5144
1680,29,5820,Braymer C-4 School District,MO,47,281
513,29,5850,Breckenridge R-I School District,MO,20,114
8771,29,5880,Brentwood School District,MO,34,977
1205,29,5910,Bronaugh R-VII School District,MO,32,183
5909,29,5940,Brookfield R-III School District,MO,189,976
1468,29,6030,Brunswick R-II School District,MO,44,245
1908,29,10590,Buchanan County R-IV School District,MO,29,322
963,29,6090,Bucklin R-II School District,MO,34,161
1252,29,6170,Bunker R-III School District,MO,29,177
6218,29,6360,Butler R-V School District,MO,189,1013
5183,29,6430,Cabool R-IV School District,MO,210,839
490,29,6450,Cainsville R-I School District,MO,11,91
1053,29,6480,Calhoun R-VIII School District,MO,39,171
572,29,6540,Callao C-8 School District,MO,16,105
31522,29,6990,Camdenton R-III School District,MO,522,3959
11450,29,7020,Cameron R-I School District,MO,247,1839
2919,29,7050,Campbell R-II School District,MO,171,525
4180,29,7080,Canton R-V School District,MO,98,629
40631,29,7120,Cape Girardeau 63 School District,MO,889,5412
17617,29,7350,Carl Junction R-I School District,MO,366,3633
5232,29,7380,Carrollton R-VII School District,MO,135,847
25370,29,7460,Carthage R-IX School District,MO,738,4953
5083,29,7470,Caruthersville 18 School District,MO,377,1055
12000,29,8170,Cassville R-IV School District,MO,399,1858
26209,29,8250,Center 58 School District,MO,572,3398
670,29,8340,Centerville R-I School District,MO,27,92
12167,29,29170,Central R-III School District,MO,340,2175
8123,29,8400,Centralia R-VI School District,MO,157,1582
1527,29,8430,Chadwick R-I School District,MO,22,267
3837,29,8460,Chaffee R-II School District,MO,111,697
6721,29,8670,Charleston R-I School District,MO,329,962
1084,29,8730,Chilhowee R-IV School District,MO,39,193
12464,29,8760,Chillicothe R-II School District,MO,313,1972
6551,29,16380,Clark County R-I School District,MO,226,1143
700,29,9090,Clarksburg C-2 School District,MO,17,138
1445,29,9120,Clarkton C-4 School District,MO,83,293
19708,29,9720,Clayton School District,MO,91,2560
5733,29,9750,Clearwater R-I School District,MO,261,918
7469,29,9780,Clever R-V School District,MO,100,1444
2428,29,9810,Climax Springs R-IV School District,MO,47,221
5414,29,25290,Clinton County R-III School District,MO,74,770
11986,29,9860,Clinton School District,MO,338,1910
5388,29,9900,Cole Camp R-I School District,MO,169,901
4088,29,26970,Cole County R-I School District,MO,60,745
4889,29,11550,Cole County R-V School District,MO,62,900
161755,29,1000,Columbia 93 School District,MO,2648,22263
2061,29,10020,Community R-VI School District,MO,38,356
3685,29,10080,Concordia R-II School District,MO,55,610
883,29,6150,Cooper County R-IV School District,MO,29,143
648,29,10140,Cooter R-IV School District,MO,10,143
890,29,10200,Couch R-I School District,MO,31,139
343,29,10230,Cowgill R-VI School District,MO,7,61
402,29,10260,Craig R-III School District,MO,10,61
3513,29,10290,Crane R-III School District,MO,166,601
8353,29,10410,Crawford County R-2 School District,MO,251,1219
5914,29,5640,Crawford County R-I School District,MO,179,949
3050,29,10350,Crocker R-II School District,MO,99,520
4009,29,10380,Crystal City 47 School District,MO,92,636
925,29,10440,Dadeville R-II School District,MO,21,150
13807,29,6120,Dallas County R-I School District,MO,439,2274
497,29,10470,Davis R-XII School District,MO,9,91
17284,29,10500,De Soto 73 School District,MO,385,2714
629,29,5730,Delta C-7 School District,MO,32,101
1925,29,10620,Delta R-V School District,MO,33,282
2701,29,10710,Dent-Phelps R-III School District,MO,76,455
13134,29,10770,Dexter R-XI School District,MO,372,2049
5710,29,10800,Diamond R-IV School District,MO,144,989
5899,29,10830,Dixon R-I School District,MO,215,985
8357,29,10920,Doniphan R-I School District,MO,480,1561
1496,29,10950,Dora R-III School District,MO,78,247
1825,29,11070,Drexel R-IV School District,MO,18,289
10693,29,14250,Dunklin R-V School District,MO,227,1768
4464,29,11250,East Buchanan County C-1 School District,MO,44,759
3872,29,11100,East Carter County R-II School District,MO,191,724
1350,29,11160,East Lynne 40 School District,MO,20,234
8900,29,30420,East Newton County R-VI School District,MO,369,1716
4998,29,11220,East Prairie R-II School District,MO,203,944
8616,29,11310,El Dorado Springs R-II School District,MO,375,1541
12342,29,11340,Eldon R-I School District,MO,307,2043
5190,29,11400,Elsberry R-II School District,MO,115,867
1783,29,11450,Eminence R-I School District,MO,87,283
1155,29,11580,Everton R-III School District,MO,51,189
17038,29,11650,Excelsior Springs 40 School District,MO,292,2817
1918,29,11670,Exeter R-VI School District,MO,93,326
6399,29,11700,Fair Grove R-X School District,MO,72,1263
2471,29,11730,Fair Play R-II School District,MO,84,403
1015,29,11760,Fairfax R-III School District,MO,12,144
4672,29,11850,Fairview R-XI School District,MO,120,870
29839,29,11910,Farmington R-VII School District,MO,551,4408
5282,29,11990,Fayette R-III School District,MO,90,734
66126,29,12010,Ferguson-Florissant R-II School District,MO,2915,11863
19981,29,12030,Festus R-VI School District,MO,399,3504
4803,29,12180,Fordland R-III School District,MO,170,810
8738,29,12240,Forsyth R-III School District,MO,248,1267
25850,29,12290,Fort Osage R-I School District,MO,673,5219
123992,29,8370,Fort Zumwalt R-II School District,MO,1249,21298
73458,29,12300,Fox C-6 School District,MO,1129,12422
124963,29,28950,Francis Howell R-III School District,MO,1057,20619
1362,29,12510,Franklin County R-II School District,MO,10,256
11712,29,12540,Fredericktown R-I School District,MO,306,2052
19075,29,12550,Fulton 58 School District,MO,411,2409
4411,29,12600,Gainesville R-V School District,MO,188,693
3901,29,12630,Galena R-II School District,MO,138,560
3209,29,12660,Gallatin R-V School District,MO,115,570
1007,29,12720,Gasconade C-4 School District,MO,30,212
7275,29,14280,Gasconade County R-I School District,MO,113,1091
11651,29,23340,Gasconade County R-II School District,MO,264,1913
1132,29,12780,Gideon 37 School District,MO,64,237
320,29,12840,Gilliam C-4 School District,MO,6,45
725,29,12870,Gilman City R-IV School District,MO,12,130
2058,29,12900,Glasgow School District,MO,43,380
2441,29,15180,Glenwood R-VIII School District,MO,76,424
1635,29,12930,Golden City R-III School District,MO,58,306
21291,29,13080,Grain Valley R-V School District,MO,224,4400
34139,29,13140,Grandview C-4 School District,MO,892,5538
4534,29,13170,Grandview R-II School District,MO,84,695
1503,29,13230,Green City R-I School District,MO,48,236
1919,29,13260,Green Forest R-II School District,MO,47,311
2390,29,13290,Green Ridge R-VIII School District,MO,120,494
3202,29,13320,Greenfield R-IV School District,MO,64,452
4210,29,13380,Greenville R-II School District,MO,150,587
884,29,12690,Grundy County R-V School District,MO,45,156
726,29,13500,Hale R-I School District,MO,31,115
2332,29,13530,Halfway R-III School District,MO,87,480
8349,29,13560,Hallsville R-IV School District,MO,142,1626
3747,29,13590,Hamilton R-II School District,MO,99,723
8487,29,13620,Hancock Place School District,MO,306,1343
22541,29,13650,Hannibal 60 School District,MO,559,3667
522,29,27330,Hardeman R-X School District,MO,6,75
1267,29,13680,Hardin-Central C-2 School District,MO,19,251
3633,29,13710,Harrisburg R-VIII School District,MO,55,641
14950,29,13760,Harrisonville R-IX School District,MO,226,2573
4741,29,13770,Hartville R-II School District,MO,269,993
3081,29,13800,Hayti R-II School District,MO,272,622
115928,29,13830,Hazelwood School District,MO,4213,19979
4672,29,32110,Henry County R-I School District,MO,216,867
3069,29,14310,Hermitage R-IV School District,MO,65,265
47948,29,14340,Hickman Mills C-1 School District,MO,1977,8222
4714,29,14320,Hickory County R-I School District,MO,190,856
1209,29,14370,Higbee R-VIII School District,MO,30,188
776,29,21150,High Point R-III School District,MO,31,196
22637,29,14430,Hillsboro R-III School District,MO,396,3870
2205,29,14460,Holcomb R-III School District,MO,98,472
9458,29,14490,Holden R-III School District,MO,214,1612
553,29,14520,Holliday C-2 School District,MO,4,95
11627,29,14550,Hollister R-V School District,MO,223,1415
5976,29,14840,Houston R-I School District,MO,197,971
2027,29,15210,Howell Valley R-I School District,MO,62,391
360,29,15240,Hudson R-IX School District,MO,2,50
3184,29,15300,Humansville R-IV School District,MO,149,508
773,29,15330,Hume R-VIII School District,MO,32,144
1632,29,15390,Hurley R-I School District,MO,51,261
4085,29,15420,Iberia R-V School District,MO,108,745
100195,29,15480,Independence 30 School District,MO,2873,15999
2506,29,15510,Iron County C-4 School District,MO,70,395
35832,29,15600,Jackson R-II School District,MO,480,6544
1418,29,15660,Jamestown C-1 School District,MO,25,231
3144,29,16140,Jasper County R-V School District,MO,82,628
690,29,16200,Jefferson C-123 School District,MO,7,102
73910,29,16190,Jefferson City Public Schools,MO,1436,11534
6654,29,16230,Jefferson County R-VII School District,MO,86,1195
15032,29,16290,Jennings School District,MO,1015,2895
3790,29,8320,Johnson County R-VII School District,MO,88,680
62509,29,16350,Joplin School District,MO,1650,9563
1866,29,15060,Junction Hill C-12 School District,MO,113,371
209003,29,16400,Kansas City 33 School District,MO,7674,30130
20881,29,16450,Kearney R-I School District,MO,149,4004
2231,29,16470,Kelso C-7 School District,MO,13,364
9894,29,16500,Kennett 39 School District,MO,779,1988
1248,29,16530,Keytesville R-III School District,MO,30,207
1640,29,16590,King City R-I School District,MO,49,341
462,29,16620,Kingston 42 School District,MO,8,48
4763,29,31140,Kingston K-14 School District,MO,187,906
2009,29,16660,Kingsville R-I School District,MO,38,332
2799,29,16710,Kirbyville R-VI School District,MO,60,469
22283,29,16740,Kirksville R-III School District,MO,451,2706
42697,29,16770,Kirkwood R-VII School District,MO,212,7904
9242,29,16830,Knob Noster R-VIII School District,MO,197,1739
3724,29,11280,Knox County R-I School District,MO,133,599
1862,29,16920,La Monte R-IV School District,MO,55,333
2577,29,16950,La Plata R-II School District,MO,107,503
3798,29,17000,Laclede County C-5 School District,MO,125,691
4580,29,10110,Laclede County R-I School District,MO,148,849
28943,29,17820,Ladue School District,MO,206,5877
6762,29,14400,Lafayette County C-1 School District,MO,133,1122
3265,29,10520,Lakeland R-III School District,MO,81,472
7020,29,17850,Lamar R-I School District,MO,190,1143
3670,29,17880,Laquey R-V School District,MO,117,627
424,29,17910,Laredo R-VII School District,MO,15,76
5283,29,17970,Lathrop R-II School District,MO,97,973
6128,29,18220,Lawson R-XIV School District,MO,79,1142
25992,29,18270,Lebanon R-III School District,MO,782,4729
104396,29,18300,Lee's Summit R-VII School District,MO,1079,20977
1056,29,18330,Leesville R-IX School District,MO,17,146
1753,29,18360,Leeton R-X School District,MO,70,329
740,29,18420,Leopold R-III School District,MO,6,119
1087,29,18450,Lesterville R-IV School District,MO,32,153
6104,29,18460,Lewis County C-1 School District,MO,137,1027
5882,29,18480,Lexington R-V School District,MO,153,919
2717,29,18510,Liberal R-II School District,MO,90,466
65758,29,18540,Liberty 53 School District,MO,612,13034
6704,29,18600,Licking R-VIII School District,MO,232,947
3969,29,18670,Lincoln R-II School District,MO,101,535
48967,29,18690,Lindbergh School District,MO,325,8204
1435,29,6000,Linn County R-I School District,MO,31,255
639,29,8790,Livingston County R-III School District,MO,28,124
2103,29,19140,Lockwood R-I School District,MO,61,326
14912,29,19170,Logan-Rogersville R-VIII School District,MO,273,2814
3728,29,19230,Lone Jack C-6 School District,MO,34,754
3273,29,19200,Lonedell R-XIV School District,MO,64,503
4202,29,19260,Louisiana R-II School District,MO,205,783
1398,29,23400,Lutie R-VI School District,MO,28,107
2448,29,19380,Macks Creek R-V School District,MO,54,341
8698,29,19410,Macon County R-I School District,MO,204,1432
815,29,21880,Macon County R-IV School District,MO,25,156
1375,29,19840,Madison C-3 School District,MO,49,215
5154,29,19890,Malden R-I School District,MO,291,962
526,29,19920,Malta Bend R-V School District,MO,12,83
547,29,19950,Manes R-V School District,MO,14,92
4601,29,19980,Mansfield R-IV School District,MO,160,860
14083,29,20010,Maplewood-Richmond Heights School District,MO,136,1576
3472,29,20050,Marceline R-V School District,MO,88,606
3705,29,30870,Maries County R-I School District,MO,52,535
5182,29,1,Maries County R-II School District,MO,143,765
4321,29,20160,Marion C. Early R-V School District,MO,120,763
1223,29,20280,Marion County R-II School District,MO,15,212
4578,29,20310,Marionville R-IX School District,MO,97,780
554,29,20340,Mark Twain R-VIII School District,MO,14,72
1130,29,20370,Marquand-Zion R-VI School District,MO,56,191
15855,29,20410,Marshall School District,MO,488,2531
19644,29,20430,Marshfield R-I School District,MO,570,3755
13835,29,20490,Maryville R-II Schools,MO,124,1485
3478,29,20550,Maysville R-I School District,MO,92,674
19834,29,20610,McDonald County R-I School District,MO,758,3678
3339,29,23640,Meadow Heights R-II School District,MO,87,522
1283,29,20640,Meadville R-IV School District,MO,26,262
95215,29,20670,Mehlville R-IX School District,MO,987,13168
23452,29,23460,Meramec Valley R-III School District,MO,354,3456
14850,29,20810,Mexico 59 School District,MO,351,2486
1338,29,20820,Miami R-I School District,MO,36,235
503,29,20840,Miami R-I School District,MO,4,89
4338,29,11940,Mid-Buchanan County R-V School District,MO,33,748
684,29,20880,Middle Grove C-1 School District,MO,71,172
3509,29,31800,Midway R-I School District,MO,46,560
3424,29,20940,Milan C-2 School District,MO,74,539
1412,29,30510,Miller County R-III School District,MO,38,247
4066,29,21000,Miller R-II School District,MO,121,761
333,29,21030,Mirabile C-1 School District,MO,6,45
476,29,21060,Missouri City 56 School District,MO,3,62
15731,29,21100,Moberly School District,MO,440,2470
13155,29,21120,Monett R-I School District,MO,353,2514
7456,29,6510,Moniteau County R-I School District,MO,191,1407
1036,29,21180,Moniteau County R-V School District,MO,69,277
5643,29,21210,Monroe City R-I School District,MO,117,968
8246,29,21330,Montgomery County R-II School District,MO,177,1297
789,29,21360,Montrose R-XIV School District,MO,12,122
5877,29,29610,Morgan County R-I School District,MO,220,930
12273,29,30840,Morgan County R-II School District,MO,413,2099
1592,29,21480,Mound City R-II School District,MO,48,267
9532,29,21600,Mount Vernon R-V School District,MO,228,1727
9550,29,21510,Mountain Grove R-III School District,MO,340,1727
7682,29,21540,Mountain View-Birch Tree R-III School District,MO,392,1415
1241,29,21720,Naylor R-II School District,MO,83,235
3306,29,21750,Neelyville R-IV School District,MO,134,563
3014,29,7320,Nell Holcomb R-IV School District,MO,53,485
28234,29,21810,Neosho R-V School District,MO,876,5171
14432,29,21840,Nevada R-V School District,MO,472,2529
4696,29,21875,New Bloomfield R-III School District,MO,77,832
2508,29,21940,New Franklin R-I School District,MO,42,425
2914,29,21960,New Haven School District,MO,67,520
7201,29,4,New Madrid County R-I School District,MO,285,1270
318,29,22110,New York R-IV School District,MO,2,48
2639,29,22140,Newburg R-II School District,MO,70,457
384,29,22470,Newtown-Harris R-III School District,MO,13,65
2189,29,22500,Niangua R-V School District,MO,95,386
36210,29,22530,Nixa School District,MO,504,7025
1439,29,22560,Nodaway-Holt R-VII School District,MO,25,205
1034,29,22620,Norborne R-VIII School District,MO,29,170
31584,29,22650,Normandy Schools Collaborative,MO,1694,5031
1829,29,22710,North Andrew County R-VI School District,MO,33,335
6451,29,22740,North Callaway County R-I School District,MO,132,1036
677,29,15630,North Daviess R-III School District,MO,14,107
1359,29,22770,North Harrison R-III School District,MO,68,288
145891,29,22800,North Kansas City 74 School District,MO,2570,22865
873,29,20750,North Mercer County R-III School District,MO,38,146
1243,29,21690,North Nodaway County R-VI School District,MO,24,190
1246,29,23760,North Pemiscot County R-I School District,MO,42,193
4206,29,22830,North Platte County R-I School District,MO,39,701
1971,29,28140,North Shelby School District,MO,34,394
20324,29,5430,North St. Francis County R-I School District,MO,471,2996
1831,29,10650,North Wood R-IV School District,MO,58,309
1207,29,21660,Northeast Nodaway County R-V School District,MO,24,193
1888,29,22860,Northeast Randolph County R-IV School District,MO,36,329
1847,29,27600,Northeast Vernon County R-I School District,MO,73,375
46262,29,22890,Northwest R-I School District,MO,806,7027
914,29,22920,Northwestern R-I School District,MO,23,170
2007,29,22950,Norwood R-I School District,MO,105,464
11566,29,23010,Oak Grove R-VI School District,MO,203,2295
1299,29,23040,Oak Hill R-I School District,MO,40,206
2329,29,23070,Oak Ridge R-VI School District,MO,29,376
12565,29,23100,Odessa R-VII School District,MO,237,2189
2050,29,23130,Oran R-III School District,MO,33,395
14614,29,23160,Orchard Farm R-V School District,MO,202,2346
385,29,27450,Orearville R-IV School District,MO,12,68
1393,29,16860,Oregon-Howell R-III School District,MO,44,223
1843,29,23220,Orrick R-XI School District,MO,34,295
1094,29,8490,Osage County R-I School District,MO,28,178
5011,29,19080,Osage County R-II School District,MO,73,813
6464,29,31830,Osage County R-III School District,MO,51,1123
648,29,23250,Osborn R-O School District,MO,17,122
3156,29,23270,Osceola School District,MO,100,489
1482,29,23310,Otterville R-VI School District,MO,35,290
36199,29,23430,Ozark R-VI School District,MO,584,6909
6710,29,23490,Palmyra R-I School District,MO,104,1251
3005,29,23530,Paris R-II School District,MO,53,392
78822,29,23550,Park Hill School District,MO,789,13443
143907,29,23580,Parkway C-2 School District,MO,943,22180
1132,29,23670,Pattonsburg R-II School District,MO,37,185
41118,29,23700,Pattonville R-III School District,MO,684,5951
842,29,23790,Pemiscot County R-III School District,MO,21,144
17911,29,24530,Perry County 32 School District,MO,370,2882
2210,29,15270,Pettis County R-V School District,MO,80,450
1532,29,24690,Pettis County R-XII School District,MO,32,227
1844,29,25080,Phelps County R-III School District,MO,28,270
4475,29,25110,Pierce City R-VI School District,MO,165,938
2793,29,25140,Pike County R-III School District,MO,55,444
1647,29,25170,Pilot Grove C-4 School District,MO,19,280
725,29,11040,Plainview R-VIII School District,MO,28,120
3374,29,25210,Plato R-V School District,MO,110,569
29490,29,25230,Platte County R-III School District,MO,272,4717
12675,29,25330,Pleasant Hill R-III School District,MO,125,2359
4887,29,25350,Pleasant Hope R-VI School District,MO,119,868
463,29,13440,Pleasant View R-VI School District,MO,7,94
2208,29,25410,Polo R-VII School District,MO,42,352
32064,29,25450,Poplar Bluff R-I School District,MO,1414,5438
3562,29,3,Portageville School District,MO,170,615
12321,29,25500,Potosi R-III School District,MO,455,2037
1408,29,25530,Prairie Home R-V School District,MO,68,268
2478,29,25590,Princeton R-V School District,MO,93,459
3257,29,25620,Purdy R-II School District,MO,125,623
4441,29,25640,Putnam County R-I School District,MO,139,748
4256,29,25650,Puxico R-VIII School District,MO,143,650
5483,29,25710,Ralls County R-II School District,MO,95,835
1154,29,26040,Raymondville R-VII School District,MO,44,213
41206,29,23730,Raymore-Peculiar R-II School District,MO,432,7178
60809,29,26070,Raytown C-2 School District,MO,1727,9990
16621,29,26160,Reeds Spring R-IV School District,MO,416,1841
1178,29,26190,Renick R-V School District,MO,19,193
30095,29,26220,Republic R-III School District,MO,419,6117
2305,29,26310,Rich Hill R-IV School District,MO,65,382
3293,29,26370,Richards R-V School District,MO,90,587
1272,29,26400,Richland R-I School District,MO,35,221
3292,29,26430,Richland R-IV School District,MO,103,538
9903,29,26480,Richmond R-XVI School District,MO,218,1619
1604,29,31230,Richwoods R-VII School District,MO,48,268
659,29,26490,Ridgeway R-V School District,MO,25,108
580,29,26550,Ripley County R-III School District,MO,21,98
653,29,26580,Ripley County R-IV School District,MO,27,93
611,29,26610,Risco R-II School District,MO,51,112
42630,29,26640,Ritenour School District,MO,1430,6645
35303,29,26670,Riverview Gardens School District,MO,2585,7182
2068,29,26790,Rock Port R-II School District,MO,38,342
120128,29,26850,Rockwood R-VI School District,MO,692,23130
31850,29,26890,Rolla 31 School District,MO,696,4760
634,29,26940,Roscoe C-1 School District,MO,26,99
6611,29,27090,Salem R-80 School District,MO,229,1158
3435,29,27520,Salisbury R-IV School District,MO,77,637
2298,29,3000,Santa Fe R-X School District,MO,41,405
3980,29,27540,Sarcoxie R-II School District,MO,121,794
14286,29,27570,Savannah R-III School District,MO,202,2466
13835,29,27630,School of The Osage School District,MO,317,2103
4160,29,27660,Schuyler County R-I School District,MO,193,834
4701,29,20700,Scotland County R-I School District,MO,186,977
5070,29,15450,Scott City R-I School District,MO,98,874
1715,29,21420,Scott County Central Schools,MO,40,254
5786,29,4890,Scott County R-IV School District,MO,112,1012
30682,29,27830,Sedalia 200 School District,MO,1242,5467
3914,29,27870,Senath-Hornersville C-8 School District,MO,180,728
8753,29,27900,Seneca R-VII School District,MO,231,1549
7748,29,27930,Seymour R-II School District,MO,839,1956
588,29,28080,Shawnee R-III School District,MO,15,108
4062,29,28110,Shelby County R-IV School District,MO,127,727
988,29,28170,Sheldon R-VIII School District,MO,38,176
2303,29,28200,Shell Knob 78 School District,MO,49,180
5316,29,10320,Sherwood Cass R-VIII School District,MO,110,934
20084,29,28260,Sikeston R-VI School District,MO,700,3625
2946,29,28290,Silex R-I School District,MO,46,530
971,29,11010,Skyline R-II School District,MO,48,152
2015,29,28360,Slater School District,MO,53,326
3734,29,28380,Smithton R-VI School District,MO,102,693
15049,29,28410,Smithville R-II School District,MO,122,2954
4493,29,28430,South Callaway County R-II School District,MO,90,788
5178,29,2,South Harrison County R-II School District,MO,218,887
1799,29,23190,South Holt County R-I School District,MO,29,272
1788,29,28470,South Iron County R-I School District,MO,79,276
899,29,28500,South Nodaway County R-IV School District,MO,10,135
2796,29,28530,South Pemiscot County R-V School District,MO,165,545
10099,29,28560,Southern Boone County R-I School District,MO,87,2108
2837,29,28590,Southern Reynolds County R-II School District,MO,92,424
1510,29,28620,Southland C-9 School District,MO,82,290
1078,29,28680,Southwest Livingston County R-I School District,MO,34,191
4604,29,28710,Southwest R-V School District,MO,184,763
4748,29,28740,Sparta R-III School District,MO,88,800
611,29,28770,Spickard R-II School District,MO,67,127
5438,29,28800,Spokane R-VII School District,MO,80,899
1752,29,12450,Spring Bluff R-XV School District,MO,8,297
224628,29,28860,Springfield R-XII School District,MO,3748,30334
55547,29,28920,St. Charles R-VI School District,MO,685,6316
12771,29,29100,St. Clair R-XIII School District,MO,297,2172
1318,29,29130,St. Elizabeth R-IV School District,MO,16,259
10164,29,29250,St. James R-I School District,MO,244,1937
75201,29,27060,St. Joseph School District,MO,1958,12113
279695,29,29280,St. Louis City School District,MO,10928,34866
2164,29,29340,Stanberry R-II School District,MO,91,475
15630,29,29370,Ste. Genevieve County R-II School District,MO,243,2453
5412,29,29430,Steelville R-III School District,MO,163,955
1240,29,29490,Stewartsville C-2 School District,MO,14,261
7614,29,29520,Stockton R-I School District,MO,301,1362
2961,29,29580,Stoutland R-II School District,MO,97,527
7652,29,29640,Strafford R-VI School District,MO,123,1494
817,29,12480,Strain-Japan R-XVI School District,MO,16,109
1324,29,29670,Strasburg C-3 School District,MO,14,234
3683,29,29700,Sturgeon R-V School District,MO,161,719
968,29,29730,Success R-VI School District,MO,25,144
11589,29,29760,Sullivan C-2 School District,MO,306,1912
2971,29,29810,Summersville R-II School District,MO,124,518
3359,29,29820,Sunrise R-IX School District,MO,64,548
518,29,29850,Swedeborg R-III School District,MO,13,92
2678,29,29880,Sweet Springs R-VII School District,MO,63,482
1470,29,29910,Taneyville R-II School District,MO,44,255
2056,29,29940,Tarkio R-I School District,MO,61,304
3351,29,30270,Thayer R-II School District,MO,143,592
637,29,23370,Thornfield R-I School District,MO,35,110
859,29,30300,Tina-Avalon R-II School District,MO,26,159
4675,29,30330,Tipton R-VI School District,MO,105,796
7433,29,30360,Trenton R-IX School District,MO,321,1349
1979,29,30390,Tri-County R-VII School District,MO,73,447
44079,29,30450,Troy R-III School District,MO,640,8211
5469,29,30520,Twin Rivers R-X School District,MO,242,940
22442,29,30570,Union R-XI School District,MO,382,3933
882,29,30600,Union Star R-II School District,MO,13,150
35262,29,30660,University City School District,MO,566,4111
8495,29,30690,Valley Park School District,MO,73,920
2830,29,30720,Valley R-VI School District,MO,72,459
2475,29,30750,Van Buren R-I School District,MO,91,385
4899,29,30780,Van-Far R-I School District,MO,122,640
2280,29,30810,Verona R-VII School District,MO,90,517
2053,29,30990,Walnut Grove R-V School District,MO,25,360
20725,29,31050,Warren County R-III School District,MO,367,3471
27311,29,31020,Warrensburg R-VI School District,MO,456,3924
12006,29,31070,Warsaw R-IX School District,MO,293,1381
34582,29,31110,Washington School District,MO,294,5619
39197,29,31440,Waynesville R-VI Schools,MO,734,5846
2518,29,31460,Weaubleau R-III School District,MO,157,437
24454,29,31500,Webb City R-VII School District,MO,582,4809
32915,29,31530,Webster Groves School District,MO,166,5684
2332,29,31560,Wellington-Napoleon R-IX School District,MO,29,424
2374,29,31620,Wellsville-Middletown R-I School District,MO,70,413
103003,29,31650,Wentzville R-IV School District,MO,1106,19910
1631,29,30900,West Nodaway County R-I School District,MO,39,277
13669,29,31680,West Plains R-VII School District,MO,541,2361
4291,29,31710,West Platte County R-II School District,MO,31,747
5548,29,18240,West St. Francois County R-IV School District,MO,163,990
3442,29,31860,Westran R-I School District,MO,92,596
1213,29,31890,Westview C-6 School District,MO,32,202
2519,29,31920,Wheatland R-II School District,MO,82,335
2200,29,31950,Wheaton R-III School District,MO,119,457
27503,29,32010,Willard R-II School District,MO,407,5407
7803,29,32070,Willow Springs R-IV School District,MO,295,1468
18693,29,32100,Windsor C-1 School District,MO,296,3394
11371,29,32190,Winfield R-IV School District,MO,210,1981
2124,29,32220,Winona R-III School District,MO,119,387
1241,29,32250,Winston R-VI School District,MO,38,190
5004,29,19350,Woodland R-IV School District,MO,180,798
1900,29,32300,Worth County R-III School District,MO,58,277
14154,29,32310,Wright City R-II of Warren County,MO,201,2345
1184,29,32490,Zalma R-V School District,MO,42,179
1692,30,1710,Absarokee Elementary School District,MT,12,133
2114,30,1740,Absarokee High School District,MT,9,107
1707,30,1860,Alberton K-12 Schools,MT,38,246
322,30,17460,Alder Elementary School District,MT,1,18
210,30,1950,Alzada Elementary School District,MT,3,14
2189,30,1980,Amsterdam Elementary School District,MT,11,316
9347,30,2010,Anaconda Elementary School District,MT,62,481
9484,30,2030,Anaconda High School District,MT,28,288
1339,30,2070,Anderson Elementary School District,MT,3,170
2970,30,2220,Arlee Elementary School District,MT,64,327
2969,30,2250,Arlee High School District,MT,23,156
2139,30,2300,Arrowhead Elementary School District,MT,17,140
1262,30,8,Ashland Elementary School District,MT,44,198
18,30,2490,Auchard Creek Elementary School District,MT,0,1
961,30,2430,Augusta Elementary School District,MT,6,91
979,30,2450,Augusta High School District,MT,2,70
251,30,2550,Avon Elementary School District,MT,0,20
59,30,2570,Ayers Elementary School District,MT,1,8
517,30,2640,Bainville K-12 Schools,MT,21,132
2493,30,2730,Baker K-12 Schools,MT,40,463
251,30,2820,Basin Elementary School District,MT,1,20
137,30,3000,Bear Paw Elementary School District,MT,3,14
9491,30,3090,Beaverhead County High School District,MT,41,459
642,30,3270,Belfry K-12 Schools,MT,16,90
26586,30,3290,Belgrade Elementary School District,MT,196,3215
26912,30,3330,Belgrade High School District,MT,58,1274
2157,30,3420,Belt Elementary School District,MT,10,234
2002,30,3450,Belt High School District,MT,3,124
84,30,3480,Benton Lake Elementary School District,MT,4,7
103,30,3600,Biddle Elementary School District,MT,1,7
1224,30,3750,Big Sandy K-12 Schools,MT,30,192
3588,30,654,Big Sky School K-12,MT,10,383
2804,30,3800,Big Timber Elementary School District,MT,29,249
7531,30,3820,Bigfork Elementary School District,MT,48,674
9656,30,3840,Bigfork High School District,MT,26,436
122574,30,3870,Billings Elementary School District,MT,1216,13706
139403,30,3900,Billings High School District,MT,426,7029
89,30,3990,Birney Elementary School District,MT,3,15
111,30,4200,Bloomfield Elementary School District,MT,5,14
2447,30,4230,Blue Creek Elementary School District,MT,15,279
3240,30,4260,Bonner Elementary School District,MT,28,313
2309,30,4380,Boulder Elementary School District,MT,30,190
513,30,4440,Box Elder Elementary School District,MT,18,101
583,30,4500,Box Elder High School District,MT,5,43
74469,30,4560,Bozeman Elementary School District,MT,322,6161
84632,30,4590,Bozeman High School District,MT,116,2997
1449,30,4800,Bridger K-12 Schools,MT,21,192
1358,30,6,Broadus Elementary School District,MT,17,102
1000,30,4890,Broadview Elementary School District,MT,8,122
1000,30,4920,Broadview High School District,MT,3,69
596,30,5010,Brockton Elementary School District,MT,37,104
605,30,5040,Brockton High School District,MT,15,63
214,30,5130,Brorson Elementary School District,MT,1,30
8413,30,5140,Browning Elementary School District,MT,433,1436
8979,30,5190,Browning High School District,MT,135,607
34022,30,5280,Butte Elementary School District,MT,440,3381
36095,30,5310,Butte High School District,MT,166,1786
227,30,5330,Bynum Elementary School District,MT,3,22
2075,30,5460,Canyon Creek Elementary School District,MT,14,235
533,30,5550,Cardwell Elementary School District,MT,6,47
1365,30,5610,Carter County High School District,MT,9,91
172,30,5760,Carter Elementary School District,MT,3,14
2060,30,5880,Cascade Elementary School District,MT,20,207
2897,30,5910,Cascade High School District,MT,13,198
2879,30,5990,Cayuse Prairie Elementary School District,MT,22,347
1499,30,25130,Centerville Elementary School District,MT,12,186
1512,30,25140,Centerville High School District,MT,4,103
1506,30,6112,Charlo Elementary School District,MT,30,174
2046,30,6115,Charlo High School District,MT,18,117
1947,30,98,Chester-Joplin-Inverness Elementary School District,MT,32,198
2109,30,101,Chester-Joplin-Inverness High School District,MT,15,123
1810,30,6260,Chinook Elementary School District,MT,33,235
2190,30,6270,Chinook High School District,MT,12,111
2785,30,6320,Choteau Elementary School District,MT,63,329
3168,30,6330,Choteau High School District,MT,26,197
1263,30,6790,Circle Elementary School District,MT,15,115
1717,30,6810,Circle High School District,MT,15,98
3376,30,6840,Clancy Elementary School District,MT,18,355
75,30,4050,Cleveland Elementary School District,MT,1,6
2356,30,6870,Clinton Elementary School District,MT,16,283
205,30,7030,Cohagen Elementary School District,MT,7,27
2309,30,7050,Colstrip Elementary School District,MT,34,336
2309,30,7080,Colstrip High School District,MT,20,168
17399,30,7110,Columbia Falls Elementary School District,MT,145,1853
18028,30,7140,Columbia Falls High School District,MT,54,972
4314,30,7190,Columbus Elementary School District,MT,36,501
4314,30,7200,Columbus High School District,MT,13,241
3141,30,7330,Conrad Elementary School District,MT,62,324
3485,30,7320,Conrad High School District,MT,29,203
109,30,7350,Cooke City Elementary School District,MT,1,6
9329,30,7410,Corvallis K-12 Schools,MT,184,1613
305,30,7500,Cottonwood Elementary School District,MT,2,25
344,30,14150,Cottonwood Elementary School District,MT,1,32
1557,30,7710,Creston Elementary School District,MT,11,156
1084,30,7830,Culbertson Elementary School District,MT,19,122
1017,30,7860,Culbertson High School District,MT,11,96
11964,30,7930,Custer County High School District,MT,54,609
314,30,8130,Custer K-12 Schools,MT,2,46
4402,30,3,Cut Bank Elementary School District,MT,111,603
4524,30,8190,Cut Bank High School District,MT,60,292
4362,30,8280,Darby K-12 Schools,MT,74,428
88,30,8310,Davey Elementary School District,MT,3,13
8252,30,8340,Dawson High School District,MT,37,423
1688,30,8880,DeSmet Elementary School District,MT,18,177
398,30,8470,Deer Creek Elementary School District,MT,3,47
6051,30,8670,Deer Lodge Elementary School District,MT,69,403
1409,30,8700,Deer Park Elementary School District,MT,13,180
75,30,8730,Deerfield Elementary School District,MT,2,15
490,30,8860,Denton Elementary School District,MT,15,46
565,30,8850,Denton High School District,MT,6,28
8407,30,8910,Dillon Elementary School District,MT,85,689
217,30,9000,Divide Elementary School District,MT,4,21
540,30,9030,Dixon Elementary School District,MT,17,59
373,30,9120,Dodson K-12,MT,14,82
1126,30,9180,Drummond Elementary School District,MT,11,88
1425,30,9210,Drummond High School District,MT,5,52
407,30,9330,Dupuyer Elementary School District,MT,11,52
1003,30,102,Dutton/Brady K-12 Schools,MT,39,145
566,30,9510,East Glacier Park Elementary School District,MT,13,74
10809,30,655,East Helena K-12,MT,84,1894
1045,30,9670,Ekalaka Elementary School District,MT,13,115
4833,30,9720,Elder Grove Elementary School District,MT,24,622
342,30,9780,Elliston Elementary School District,MT,1,22
3795,30,9840,Elysian Elementary School District,MT,18,399
4937,30,9930,Ennis K-12 Schools,MT,33,469
5802,30,10080,Eureka Elementary School District,MT,108,556
6777,30,10920,Evergreen Elementary School District,MT,97,806
1584,30,10230,Fair-Mont-Egan Elementary School District,MT,17,198
1403,30,10140,Fairfield Elementary School District,MT,26,190
2035,30,10170,Fairfield High School District,MT,23,147
1579,30,10210,Fairview Elementary School District,MT,24,212
1622,30,10290,Fairview High School District,MT,10,119
9102,30,10530,Fergus High School District,MT,50,481
300,30,10800,Fishtail Elementary School District,MT,5,21
72312,30,15420,Flathead High School District,MT,251,3758
6214,30,11100,Florence-Carlton K-12 Schools,MT,95,955
2174,30,11160,Forsyth Elementary School District,MT,35,202
2227,30,11190,Forsyth High School District,MT,13,100
1882,30,11240,Fort Benton Elementary School District,MT,9,153
2256,30,11260,Fort Benton High School District,MT,6,96
878,30,11340,Fortine Elementary School District,MT,17,80
535,30,11420,Frazer Elementary School District,MT,32,95
735,30,11460,Frazer High School District,MT,19,59
7452,30,11520,Frenchtown K-12 Schools,MT,77,1289
456,30,11550,Froid Elementary School District,MT,14,71
456,30,11580,Froid High School District,MT,5,31
1125,30,11650,Fromberg K-12,MT,12,140
347,30,11670,Frontier Elementary School District,MT,15,46
195,30,11730,Galata Elementary School District,MT,2,28
1950,30,11790,Gallatin Gateway Elementary School District,MT,12,168
1342,30,11820,Gardiner Elementary School District,MT,11,90
1451,30,11850,Gardiner High School District,MT,7,51
1181,30,11880,Garfield County High School District,MT,10,56
148,30,21480,Garrison Elementary School District,MT,4,9
584,30,12210,Geraldine K-12,MT,16,75
388,30,12300,Geyser K-12 Schools,MT,6,53
72,30,12350,Gildford Colony Elementary School District,MT,1,12
5062,30,12420,Glasgow K-12 Schools,MT,89,808
7549,30,12510,Glendive Elementary School District,MT,102,833
199,30,12570,Gold Creek Elementary School District,MT,4,19
197,30,12600,Golden Ridge Elementary School District,MT,8,28
107,30,12900,Grant Elementary School District,MT,1,6
666,30,12960,Grass Range Elementary School District,MT,7,55
725,30,12990,Grass Range High School District,MT,4,54
74619,30,13040,Great Falls Elementary School District,MT,1104,8154
74762,30,13050,Great Falls High School District,MT,380,3840
471,30,13110,Greenfield Elementary School District,MT,18,54
348,30,13140,Greycliff Elementary School District,MT,2,35
299,30,13200,Hall Elementary School District,MT,2,19
13244,30,13260,Hamilton K-12 Schools,MT,152,1599
9638,30,13310,Hardin Elementary School District,MT,373,1561
8348,30,13340,Hardin High School District,MT,102,588
2614,30,13395,Harlem Elementary School District,MT,96,458
2747,30,13400,Harlem High School District,MT,28,188
1844,30,13470,Harlowton K-12 Schools,MT,88,351
736,30,13530,Harrison K-12 Schools,MT,9,103
11977,30,13560,Havre Elementary School District,MT,275,1561
12326,30,13590,Havre High School District,MT,90,702
110,30,13280,Hawks Home Elementary School District,MT,4,9
1536,30,13660,Hays-Lodge Pole K-12 Schools,MT,91,393
798,30,99,Heart Butte K-12 Schools,MT,43,196
59266,30,5,Helena Elementary School District,MT,520,6408
2469,30,13800,Helena Flats Elementary School District,MT,33,311
62062,30,13830,Helena High School District,MT,181,3055
16985,30,13860,Hellgate Elementary School District,MT,98,1617
205,30,13890,Helmville Elementary School District,MT,1,13
458,30,14070,Highwood K-12,MT,9,58
387,30,14340,Hinsdale Elementary School District,MT,6,31
410,30,14370,Hinsdale High School District,MT,4,20
772,30,14430,Hobson K-12 Schools,MT,26,118
1730,30,14640,Hot Springs K-12,MT,55,221
4635,30,14700,Huntley Project K-12 Schools,MT,48,848
739,30,14760,Hysham K-12 Schools,MT,24,137
3142,30,14820,Independent Elementary School District,MT,24,496
147,30,15060,Jackson Elementary School District,MT,2,12
9525,30,15120,Jefferson High School District,MT,25,552
2326,30,15200,Joliet Elementary School District,MT,24,218
2800,30,15260,Joliet High School District,MT,11,161
671,30,15340,Jordan Elementary School District,MT,19,83
306,30,15360,Judith Gap Elementary School District,MT,11,34
241,30,15390,Judith Gap High School District,MT,3,17
34951,30,15450,Kalispell Elementary School District,MT,381,3899
99,30,15510,Kester Elementary School District,MT,3,11
2278,30,15570,Kila Elementary School District,MT,28,253
418,30,15610,King Colony Elementary School District,MT,4,46
515,30,7980,Kinsey Elementary School District,MT,10,70
910,30,15640,Kircher Elementary School District,MT,6,92
118,30,15690,Knees Elementary School District,MT,2,13
967,30,16110,LaMotte Elementary School District,MT,5,97
462,30,15990,Lambert Elementary School District,MT,13,58
442,30,16020,Lambert High School District,MT,4,22
2081,30,16050,Lame Deer Elementary School District,MT,135,417
4889,30,95,Lame Deer High School District,MT,96,381
12878,30,16200,Laurel Elementary School District,MT,124,1671
12404,30,16230,Laurel High School District,MT,41,736
414,30,16290,Lavina K-12 Schools,MT,19,49
8650,30,16490,Lewistown Elementary School District,MT,121,830
10925,30,16530,Libby K-12 Schools,MT,303,1435
162,30,93,Liberty Elementary School District,MT,23,28
515,30,16710,Lima K-12 Schools,MT,9,70
7354,30,16770,Lincoln County High School District,MT,53,362
1278,30,16810,Lincoln K-12 Schools,MT,13,139
290,30,8400,Lindsay Elementary School District,MT,3,31
12551,30,16880,Livingston Elementary School District,MT,105,1110
8714,30,656,Lockwood K-12,MT,144,1779
1951,30,17010,Lodge Grass Elementary School District,MT,113,346
2078,30,17040,Lodge Grass High School District,MT,34,151
5827,30,17130,Lolo Elementary School District,MT,29,677
3791,30,17190,Lone Rock Elementary School District,MT,41,359
201,30,17340,Lustre Elementary School District,MT,9,23
399,30,17370,Luther Elementary School District,MT,3,24
263,30,17520,Malmborg Elementary School District,MT,3,23
3210,30,17580,Malta K-12 Schools,MT,108,573
5874,30,17640,Manhattan High School District,MT,11,351
3735,30,17610,Manhattan School,MT,24,482
1986,30,17700,Marion Elementary School District,MT,16,237
524,30,6030,McCormick Elementary School District,MT,5,45
234,30,18060,McLeod Elementary School District,MT,4,22
710,30,18170,Medicine Lake K-12 Schools,MT,10,125
123,30,18210,Melrose Elementary School District,MT,1,13
599,30,18240,Melstone Elementary School District,MT,11,66
350,30,18270,Melstone High School District,MT,4,18
229,30,18290,Melville Elementary School District,MT,4,24
344,30,21150,Miami Elementary School District,MT,6,35
10047,30,18410,Miles City Elementary School District,MT,110,931
73168,30,18570,Missoula Elementary School District,MT,553,6062
112383,30,18540,Missoula High School District,MT,266,4462
5063,30,18750,Monforton Elementary School District,MT,38,648
3588,30,18780,Montana City Elementary School District,MT,13,436
616,30,18870,Moore Elementary School District,MT,8,71
681,30,18900,Moore High School District,MT,3,31
384,30,18960,Morin Elementary School District,MT,9,59
122,30,4,Mountain View Elementary School District,MT,6,24
907,30,19170,Nashua K-12 Schools,MT,9,121
26,30,19310,North Harlem Colony Elementary School District,MT,0,2
973,30,96,North Star Elementary School District,MT,21,129
1058,30,97,North Star High School District,MT,7,59
1674,30,90,Noxon Elementary School District,MT,21,114
2842,30,19500,Noxon High School District,MT,23,191
214,30,19530,Nye Elementary School District,MT,1,22
1455,30,10950,Olney-Bissell Elementary School District,MT,15,134
319,30,19740,Opheim K-12 Schools,MT,13,51
251,30,19950,Ovando Elementary School District,MT,1,10
2293,30,20040,Park City Elementary School District,MT,20,263
2291,30,20070,Park City High School District,MT,6,102
15064,30,20100,Park High School District,MT,43,600
117,30,20170,Pass Creek Elementary School District,MT,1,15
161,30,20240,Pendroy Elementary School District,MT,9,19
2177,30,12840,Philipsburg K-12 Schools,MT,42,252
374,30,20670,Pine Creek Elementary School District,MT,2,20
68,30,20690,Pine Grove Elementary School District,MT,1,5
1057,30,20790,Pioneer Elementary School District,MT,7,133
4256,30,20850,Plains K-12 Schools,MT,82,560
193,30,20880,Pleasant Valley Elementary School District,MT,0,7
709,30,13360,Plenty Coups High School District,MT,12,56
2397,30,20960,Plentywood K-12 Schools,MT,37,335
453,30,21000,Plevna K-12 Schools,MT,12,100
187,30,21030,Polaris Elementary School District,MT,2,16
12207,30,21060,Polson Elementary School District,MT,197,1176
13613,30,21090,Polson High School District,MT,80,604
3269,30,21240,Poplar Elementary School District,MT,192,602
3269,30,21270,Poplar High School District,MT,79,291
1189,30,21330,Potomac Elementary School District,MT,11,100
1768,30,4860,Powder River County High School District,MT,11,95
7447,30,21450,Powell County High School District,MT,41,327
626,30,21510,Power Elementary School District,MT,17,90
667,30,21540,Power High School District,MT,6,47
709,30,21720,Pryor Elementary School District,MT,38,124
1733,30,21850,Ramsay Elementary School District,MT,17,216
317,30,21870,Rapelje Elementary School District,MT,6,33
320,30,21900,Rapelje High School District,MT,3,16
372,30,21960,Rau Elementary School District,MT,3,41
4005,30,22080,Red Lodge Elementary School District,MT,26,286
4495,30,22110,Red Lodge High School District,MT,13,176
490,30,22230,Reed Point Elementary School District,MT,2,30
442,30,22260,Reed Point High School District,MT,1,21
167,30,22290,Reichle Elementary School District,MT,1,19
420,30,22370,Richey Elementary School District,MT,3,41
479,30,22410,Richey High School District,MT,2,20
986,30,22710,Roberts K-12 Schools,MT,7,141
3280,30,22750,Rocky Boy Elementary School District,MT,117,633
3280,30,28911,Rocky Boy High School District,MT,39,280
9537,30,22790,Ronan Elementary School District,MT,244,1293
9537,30,22800,Ronan High School District,MT,80,550
382,30,22920,Rosebud K-12,MT,10,50
17,30,11990,Ross Elementary School District,MT,0,1
4891,30,23040,Roundup Elementary School District,MT,105,482
5087,30,23070,Roundup High School District,MT,41,252
268,30,23160,Roy K-12 Schools,MT,13,48
449,30,23340,Ryegate K-12 Schools,MT,17,52
324,30,8010,S Y Elementary School District,MT,4,21
465,30,23370,Saco Elementary School District,MT,9,40
443,30,23400,Saco High School District,MT,3,28
121,30,12060,Sand Springs Elementary School District,MT,3,11
589,30,23520,Savage Elementary School District,MT,7,68
626,30,23550,Savage High School District,MT,4,44
1625,30,23670,Scobey K-12 Schools,MT,31,275
2128,30,23730,Seeley Lake Elementary School District,MT,14,157
3774,30,23900,Shelby Elementary School District,MT,66,366
3969,30,23910,Shelby High School District,MT,28,228
4181,30,23940,Shepherd Elementary School District,MT,33,534
5238,30,23970,Shepherd High School District,MT,14,319
1867,30,24150,Sheridan Elementary School District,MT,13,141
2189,30,24180,Sheridan High School District,MT,6,91
1827,30,932,Shields Valley Elementary School District,MT,12,160
1559,30,933,Shields Valley High School District,MT,7,80
7717,30,24200,Sidney Elementary School District,MT,115,962
8338,30,24230,Sidney High School District,MT,42,498
3350,30,24330,Simms High School District,MT,16,214
2371,30,2850,Smith Valley Elementary School District,MT,37,288
7624,30,2,Somers Elementary School District,MT,66,876
103,30,7,South Stacey Elementary School District,MT,2,9
34,30,24690,Spring Creek Colony Elementary School District,MT,0,3
68,30,3660,Spring Creek Elementary School District,MT,1,5
168,30,24810,Springhill Elementary School District,MT,2,9
3687,30,6110,St. Ignatius K-12 Schools,MT,97,679
1507,30,24930,St. Regis K-12 Schools,MT,58,219
923,30,24990,Stanford K-12 Schools,MT,21,116
8509,30,25020,Stevensville Elementary School District,MT,112,793
12300,30,25050,Stevensville High School District,MT,52,547
2161,30,24300,Sun River Valley Elementary School District,MT,27,272
1184,30,25320,Sunburst K-12 Schools,MT,41,219
238,30,25380,Sunset Elementary School District,MT,1,22
2733,30,25470,Superior K-12 Schools,MT,45,355
338,30,15930,Swan Lake-Salmon Elementary School District,MT,7,15
1757,30,25500,Swan River Elementary School District,MT,10,120
550,30,25530,Swan Valley Elementary School District,MT,6,35
3663,30,25560,Sweet Grass County High School District,MT,17,183
4387,30,25890,Target Range Elementary School District,MT,25,432
1112,30,25950,Terry K-12 Schools,MT,25,175
4370,30,26070,Thompson Falls Elementary School District,MT,55,334
4584,30,26100,Thompson Falls High School District,MT,25,206
4895,30,26160,Three Forks Elementary School District,MT,27,588
4886,30,26190,Three Forks High School District,MT,10,298
6988,30,4980,Townsend K-12 Schools,MT,87,976
168,30,26400,Trail Creek Elementary School District,MT,7,24
674,30,26460,Trego Elementary School District,MT,12,49
2029,30,26490,Trinity Elementary School District,MT,13,215
1382,30,26520,Trout Creek Elementary School District,MT,22,99
2981,30,26550,Troy Elementary School District,MT,44,251
3905,30,26580,Troy High School District,MT,27,156
463,30,26640,Turner Elementary School District,MT,8,53
430,30,26670,Turner High School District,MT,3,24
1435,30,26730,Twin Bridges K-12 Schools,MT,31,229
837,30,26880,Ulm Elementary School District,MT,6,86
1091,30,15900,Upper West Shore Elementary School District,MT,23,106
957,30,27060,Valier Elementary School District,MT,11,101
1364,30,27090,Valier High School District,MT,7,69
314,30,27150,Valley View Elementary School District,MT,16,49
1190,30,5850,Vaughn Elementary School District,MT,19,168
3945,30,27270,Victor K-12 Schools,MT,99,503
454,30,27340,Vida Elementary School District,MT,7,42
629,30,94,West Glacier Elementary School District,MT,5,47
5914,30,27570,West Valley Elementary School District,MT,48,859
2062,30,27630,West Yellowstone K-12,MT,9,298
341,30,27730,Westby K-12 Schools,MT,17,61
2065,30,28770,White Sulphur Springs K-12,MT,37,271
16398,30,27740,Whitefish Elementary School District,MT,100,1577
17314,30,27790,Whitefish High School District,MT,35,737
3602,30,27810,Whitehall Elementary School District,MT,33,276
4273,30,27840,Whitehall High School District,MT,16,188
188,30,27930,Whitewater K-12 Schools,MT,16,42
911,30,28020,Wibaux K-12 Schools,MT,24,166
473,30,28140,Willow Creek Elementary School District,MT,6,56
344,30,28170,Willow Creek High School District,MT,1,20
520,30,28380,Winifred K-12 Schools,MT,12,94
525,30,28470,Winnett K-12 Schools,MT,13,60
286,30,28500,Wisdom Elementary School District,MT,4,23
327,30,10820,Wise River Elementary School District,MT,3,20
767,30,28550,Wolf Creek Elementary School District,MT,6,49
3986,30,28590,Wolf Point Elementary School District,MT,192,663
4333,30,28620,Wolf Point High School District,MT,65,297
438,30,28650,Woodman Elementary School District,MT,6,43
430,30,28800,Wyola Elementary School District,MT,18,68
400,30,28830,Yaak Elementary School District,MT,15,41
153,30,28860,Yellowstone Academy Elementary School District,MT,0,35
242,30,28910,Zurich Elementary School District,MT,4,20
5576,31,2770,Adams Central Public Schools,NE,53,1148
2873,31,2790,Ainsworth Community Schools,NE,59,433
943,31,2880,Allen Consolidated Schools,NE,25,194
9191,31,2910,Alliance Public Schools,NE,240,1734
1699,31,80,Alma Public Schools,NE,26,255
1275,31,70,Amherst Public Schools,NE,13,271
1124,31,10,Anselmo-Merna Public Schools,NE,19,215
1001,31,3060,Ansley Public Schools,NE,32,187
1650,31,3090,Arapahoe Public Schools,NE,45,267
482,31,3120,Arcadia Public Schools,NE,21,111
3527,31,3130,Arlington Public Schools,NE,29,683
991,31,73,Arnold Public Schools,NE,21,182
439,31,3210,Arthur County Schools,NE,9,78
6194,31,34,Ashland-Greenwood Public Schools,NE,62,1076
5518,31,3330,Auburn Public Schools,NE,102,905
7047,31,3360,Aurora Public Schools,NE,90,1304
1450,31,3420,Axtell Community Schools,NE,14,260
1109,31,3440,Bancroft-Rosalie Community Schools,NE,17,202
690,31,67,Banner County Public Schools,NE,20,134
2617,31,3540,Battle Creek Public Schools,NE,21,561
2169,31,90,Bayard Public Schools,NE,47,352
14060,31,3600,Beatrice Public Schools,NE,236,2330
55323,31,3810,Bellevue Public Schools,NE,684,10173
16227,31,3990,Bennington Public Schools,NE,100,3785
1325,31,4020,Bertrand Public Schools,NE,33,222
13813,31,4100,Blair Community Schools,NE,126,2490
1692,31,4140,Bloomfield Community Schools,NE,30,288
1336,31,4200,Blue Hill Public Schools,NE,8,226
3556,31,2820,Boone Central Schools,NE,46,631
1833,31,187,Boyd County Schools,NE,45,285
798,31,4290,Brady Public Schools,NE,4,135
2388,31,105,Bridgeport Public Schools,NE,67,417
4796,31,11,Broken Bow Public Schools,NE,117,846
1275,31,124,Bruning-Davenport Unified School System,NE,30,206
1696,31,4640,Burwell Public Schools,NE,30,233
1264,31,12,Callaway Public Schools,NE,29,226
1414,31,15,Cambridge Public Schools,NE,18,211
1409,31,4870,Cedar Bluffs Public Schools,NE,23,275
3436,31,99,Centennial Public Schools,NE,30,621
4895,31,4920,Central City Public Schools,NE,77,847
2038,31,185,Central Valley Public Schools,NE,42,366
2656,31,62950,Centura Public Schools,NE,74,531
6519,31,4980,Chadron Public Schools,NE,111,866
712,31,5010,Chambers Public Schools,NE,12,130
3090,31,163,Chase County Schools,NE,60,588
1186,31,5160,Clarkson Public Schools,NE,14,221
463,31,5280,Cody-Kilgore Public Schools,NE,17,85
26160,31,5340,Columbus Public Schools,NE,430,5013
4629,31,74200,Conestoga Public Schools,NE,42,828
5161,31,5460,Cozad Community Schools,NE,128,953
1256,31,5520,Crawford Public Schools,NE,25,171
1921,31,140,Creek Valley Schools,NE,46,291
1979,31,5550,Creighton Community Public Schools,NE,44,330
10971,31,95,Crete Public Schools,NE,211,2188
2162,31,5630,Crofton Community Schools,NE,49,400
2098,31,130,Cross County Community Schools,NE,27,352
5741,31,2,David City Public Schools,NE,105,1052
1259,31,5910,Deshler Public Schools,NE,28,236
1377,31,125,Diller-Odell Public Schools,NE,16,234
2554,31,121,Doniphan-Trumbull Public Schools,NE,20,482
1103,31,69840,Dorchester Public Schools,NE,11,177
6385,31,165,Douglas County West Community Schools,NE,66,1044
1965,31,77,Dundy County Stratton Public Schools,NE,57,303
2508,31,3,East Butler Public Schools,NE,35,473
447,31,70020,Elba Public Schools,NE,5,57
1399,31,70050,Elgin Public Schools,NE,25,243
54929,31,70110,Elkhorn Public Schools,NE,343,12398
2047,31,25,Elkhorn Valley Schools,NE,32,431
1769,31,70140,Elm Creek Public Schools,NE,19,338
2198,31,1992,Elmwood-Murdock Public Schools,NE,15,435
1536,31,70220,Elwood Public Schools,NE,18,212
1681,31,141,Emerson-Hubbard Public Schools,NE,51,296
1099,31,111,Eustis-Farnam Public Schools,NE,23,207
1288,31,133,Exeter-Milligan Public Schools,NE,14,178
5562,31,70440,Fairbury Public Schools,NE,127,945
5673,31,70530,Falls City Public Schools,NE,113,960
3442,31,118,Fillmore Central Public Schools,NE,39,519
3358,31,70650,Fort Calhoun Community Schools,NE,22,599
1662,31,65,Franklin Public Schools,NE,39,262
1980,31,116,Freeman Public Schools,NE,17,395
31297,31,70710,Fremont Public Schools,NE,794,5625
1440,31,96,Friend Public Schools,NE,14,269
1689,31,91,Fullerton Public Schools,NE,32,301
1847,31,70800,Garden County Schools,NE,66,251
11137,31,98,Gering Public Schools,NE,267,1957
3114,31,70980,Gibbon Public Schools,NE,42,635
723,31,71010,Giltner Public Schools,NE,13,151
3943,31,170,Gordon-Rushville Public Schools,NE,106,648
4431,31,71100,Gothenburg Public Schools,NE,86,826
54309,31,16,Grand Island Public Schools,NE,1952,10657
28894,31,71220,Gretna Public Schools,NE,111,6176
776,31,71370,Hampton Public Schools,NE,6,134
3820,31,71520,Hartington Newcastle Public Schools,NE,75,782
1214,31,71550,Harvard Public Schools,NE,20,216
23105,31,71580,Hastings Public Schools,NE,542,3862
1071,31,71610,Hay Springs Public Schools,NE,33,156
634,31,9120,Hayes Center Public Schools,NE,18,132
2222,31,117,Heartland Community Schools,NE,29,450
1840,31,71730,Hemingford Public Schools,NE,37,365
1977,31,71820,Hershey Public Schools,NE,20,362
1803,31,123,High Plains Community Schools,NE,44,307
1629,31,120,Hitchcock County School System,NE,40,292
6775,31,71940,Holdrege Public Schools,NE,123,1182
1727,31,72000,Homer Community Schools,NE,15,371
2092,31,183,Howells-Dodge Consolidated Schools,NE,39,389
2872,31,179,Humboldt Table Rock Steinauer Public Schools,NE,54,458
2346,31,72150,Humphrey Public Schools,NE,24,507
848,31,72210,Hyannis Area Schools,NE,33,162
4590,31,176,Johnson County Central Public Schools,NE,76,605
1378,31,72335,Johnson-Brock Public Schools,NE,25,275
40586,31,72390,Kearney Public Schools,NE,516,6347
1435,31,72420,Kenesaw Public Schools,NE,10,263
830,31,72480,Keya Paha County Schools,NE,13,114
2978,31,72570,Kimball Public Schools,NE,60,431
5580,31,112,Lakeview Community Schools,NE,74,1253
2639,31,4,Laurel-Concord-Coleridge School,NE,33,440
1458,31,72700,Lawrence-Nelson Public Schools,NE,24,223
1117,31,72720,Leigh Community Schools,NE,12,199
815,31,72780,Lewiston Consolidated Schools,NE,17,140
12798,31,72810,Lexington Public Schools,NE,342,2806
1099,31,72,Leyton Public Schools,NE,14,145
304892,31,72840,Lincoln Public Schools,NE,5409,48276
714,31,72910,Litchfield Public Schools,NE,14,136
2936,31,114,Logan View Public Schools,NE,60,511
895,31,72990,Loomis Public Schools,NE,21,196
3537,31,73050,Louisville Public Schools,NE,14,612
2148,31,73090,Loup City Public Schools,NE,60,333
598,31,73120,Loup County Public Schools,NE,20,92
1874,31,73210,Lyons-Decatur Northeast Schools,NE,32,305
3269,31,73230,Madison Public Schools,NE,48,697
2342,31,73290,Malcolm Public Schools,NE,14,447
817,31,23,Maxwell Public Schools,NE,14,145
835,31,73440,Maywood Public Schools,NE,19,148
8778,31,73470,McCook Public Schools,NE,188,1439
879,31,73500,McCool Junction Public Schools,NE,8,192
363,31,73560,McPherson County Schools,NE,6,40
1516,31,73590,Mead Public Schools,NE,10,296
1251,31,73600,Medicine Valley Public Schools,NE,31,183
915,31,73660,Meridian Public Schools,NE,21,176
4402,31,73710,Milford Public Schools,NE,45,819
126102,31,73740,Millard Public Schools,NE,1297,25782
803,31,73800,Minatare Public Schools,NE,21,141
4603,31,73830,Minden Public Schools,NE,67,819
3052,31,73890,Mitchell Public Schools,NE,77,549
2381,31,97,Morrill Public Schools,NE,57,419
941,31,74040,Mullen Public Schools,NE,19,173
9529,31,74160,Nebraska City Public Schools,NE,185,1796
2428,31,74220,Neligh-Oakdale Schools,NE,50,422
1335,31,74340,Newman Grove Public Schools,NE,28,229
683,31,74370,Niobrara Public Schools,NE,11,110
30416,31,74430,Norfolk Public Schools,NE,557,5359
11002,31,88,Norris School District 160,NE,76,2635
3045,31,115,North Bend Central Public Schools,NE,47,546
26560,31,22,North Platte Public Schools,NE,533,4328
4191,31,74580,Northwest Public Schools,NE,98,739
5196,31,74850,O'Neill Public Schools,NE,142,1047
2209,31,74640,Oakland Craig Public Schools,NE,54,404
6590,31,74760,Ogallala Public Schools,NE,146,987
384652,31,74820,Omaha Public Schools,NE,11435,66450
3327,31,74940,Ord Public Schools,NE,73,553
1478,31,75000,Osceola Public Schools,NE,18,225
1299,31,75030,Osmond Community Schools,NE,10,259
1217,31,75060,Overton Public Schools,NE,27,256
1057,31,89,Palmer Public Schools,NE,25,218
3643,31,75210,Palmyra District OR-1,NE,30,757
71499,31,75270,Papillion-La Vista Community Schools,NE,553,13742
1505,31,75330,Pawnee City Public Schools,NE,58,275
1010,31,75360,Paxton Consolidated Schools,NE,19,169
1893,31,75390,Pender Public Schools,NE,25,308
2680,31,157,Perkins County Schools,NE,41,500
3897,31,75510,Pierce Public Schools,NE,58,740
2161,31,75570,Plainview Public Schools,NE,66,410
10496,31,75660,Plattsmouth Community Schools,NE,127,1718
1373,31,75690,Pleasanton Public Schools,NE,14,255
2012,31,75770,Ponca Public Schools,NE,11,358
966,31,75810,Potter-Dix Public Schools,NE,28,154
21887,31,75900,Ralston Public Schools,NE,397,3111
1662,31,75930,Randolph Public Schools,NE,25,290
2406,31,75960,Ravenna Public Schools,NE,52,447
4661,31,4950,Raymond Central Public Schools,NE,38,851
1364,31,75990,Red Cloud Community Schools,NE,34,216
1543,31,184,Riverside Public Schools,NE,27,244
1242,31,76170,Rock County Public Schools,NE,33,189
559,31,76380,Sandhills Public Schools,NE,15,94
2590,31,76390,Sandy Creek Schools,NE,52,459
644,31,76400,Santee Community Schools,NE,38,208
900,31,76410,Sargent Public Schools,NE,20,141
8611,31,76450,Schuyler Community Schools,NE,217,2009
18393,31,76470,Scottsbluff Public Schools,NE,477,3258
1750,31,76,Scribner-Snyder Community Schools,NE,29,320
11290,31,76560,Seward Public Schools,NE,115,1894
2107,31,76590,Shelby-Rising City Public Schools,NE,37,370
1489,31,76620,Shelton Public Schools,NE,10,285
709,31,76650,Shickley Public Schools,NE,12,114
7374,31,76710,Sidney Public Schools,NE,182,1318
1450,31,66,Silver Lake Public Schools,NE,22,259
757,31,76800,Sioux County Public Schools,NE,13,96
1217,31,110,South Platte Public Schools,NE,27,169
18142,31,76860,South Sioux City Community Schools,NE,566,3961
2409,31,77180,Southern School District 1,NE,64,418
2565,31,109,Southern Valley Schools,NE,68,443
1845,31,178,Southwest Public Schools,NE,45,319
7786,31,75630,Springfield Platteview Community Schools,NE,42,1389
1059,31,76980,St. Edward Public Schools,NE,27,213
3865,31,85,St. Paul Public Schools,NE,74,673
2378,31,41,Stanton Community Schools,NE,27,415
833,31,77100,Stapleton Public Schools,NE,9,147
1283,31,77190,Sterling Public Schools,NE,22,234
796,31,82,Stuart Public Schools,NE,20,143
2520,31,189,Summerland Public Schools,NE,78,434
935,31,77340,Sumner-Eddyville-Miller Schools,NE,13,171
2729,31,29,Superior Public Schools,NE,62,420
1609,31,24,Sutherland Public Schools,NE,16,308
2155,31,77520,Sutton Public Schools,NE,37,377
4697,31,77550,Syracuse-Dunbar-Avoca Schools,NE,30,833
3259,31,71,Tekamah-Herman Community Schools,NE,46,558
2630,31,132,Thayer Central Community Schools,NE,41,445
531,31,77730,Thedford Public Schools,NE,12,94
2211,31,5970,Tri County Public Schools,NE,35,392
2684,31,129,Twin River Public Schools,NE,40,468
1249,31,19560,Umo N Ho N Nation Public Schools,NE,123,403
4415,31,78020,Valentine Community Schools,NE,85,758
1020,31,78120,Verdigre Public Schools,NE,25,154
7942,31,78210,Wahoo Public Schools,NE,75,1532
2171,31,78240,Wakefield Public Schools,NE,39,517
726,31,78260,Wallace Public School District 65 R,NE,14,153
1114,31,78300,Walthill Public Schools,NE,79,282
1284,31,18,Wauneta-Palisade Public Schools,NE,36,196
1034,31,78450,Wausa Public Schools,NE,22,221
11682,31,21,Waverly School District 145,NE,85,2455
7457,31,78520,Wayne Community Schools,NE,89,1029
1846,31,78540,Weeping Water Public Schools,NE,17,296
2460,31,172,West Holt Public Schools,NE,46,480
5796,31,6,West Point Public Schools,NE,95,1053
32028,31,78660,Westside Community Schools,NE,459,5527
749,31,78670,Wheeler Central Schools,NE,7,109
3330,31,78720,Wilber-Clatonia Public Schools,NE,35,622
1350,31,134,Wilcox-Hildreth Public Schools,NE,24,227
1958,31,78810,Winnebago Public Schools,NE,102,555
1028,31,78840,Winside Public Schools,NE,19,195
2410,31,8,Wisner-Pilger Public Schools,NE,45,416
2857,31,78940,Wood River Rural Schools,NE,47,520
728,31,78990,Wynot Public Schools,NE,10,145
9561,31,79050,York Public Schools,NE,129,1640
2610,31,79080,Yutan Public Schools,NE,28,504
58148,32,390,Carson City School District,NV,1204,8545
26033,32,30,Churchill County School District,NV,509,4364
2398871,32,60,Clark County School District,NV,58577,387031
49564,32,90,Douglas County School District,NV,524,5364
54363,32,120,Elko County School District,NV,910,10670
720,32,150,Esmeralda County School District,NV,13,69
1877,32,180,Eureka County School District,NV,39,325
17116,32,210,Humboldt County School District,NV,457,3351
5785,32,240,Lander County School District,NV,138,1117
4345,32,270,Lincoln County School District,NV,97,674
63718,32,300,Lyon County School District,NV,1311,9701
4475,32,330,Mineral County School District,NV,136,673
55990,32,360,Nye County School District,NV,1464,7003
6536,32,420,Pershing County School District,NV,127,826
4112,32,450,Storey County School District,NV,26,381
507280,32,480,Washoe County School District,NV,8235,76489
8534,32,510,White Pine County School District,NV,161,1325
796,33,1350,Albany School District,NH,13,94
4831,33,1380,Allenstown School District,NH,52,636
6037,33,1440,Alton School District,NH,25,487
11962,33,1470,Amherst School District,NH,31,1319
2469,33,1500,Andover School District,NH,10,381
1979,33,1560,Ashland School District,NH,13,128
6102,33,1590,Auburn School District,NH,25,1021
5035,33,1620,Barnstead School District,NH,34,494
9562,33,1650,Barrington School District,NH,39,1507
3358,33,1680,Bartlett School District,NH,71,321
1100,33,1710,Bath School District,NH,8,164
23737,33,1740,Bedford School District,NH,92,4522
382,33,1830,Benton School District,NH,2,27
9373,33,1860,Berlin School District,NH,201,1170
2536,33,1890,Bethlehem School District,NH,12,162
8446,33,1950,Bow School District,NH,40,1667
4608,33,2010,Brentwood School District,NH,5,321
5739,33,2070,Brookline School District,NH,13,649
3414,33,2100,Campton School District,NH,20,316
4118,33,2130,Candia School District,NH,12,517
358,33,2200,Chatham School District,NH,3,47
5369,33,2250,Chester School District,NH,27,878
3627,33,2280,Chesterfield School District,NH,15,515
2735,33,2310,Chichester School District,NH,18,407
13234,33,2340,Claremont School District,NH,282,1842
292,33,2370,Clarksville School District,NH,1,25
2072,33,2400,Colebrook School District,NH,35,248
655,33,2430,Columbia School District,NH,8,56
39618,33,2460,Concord School District,NH,380,4674
19242,33,2480,Contoocook Valley School District,NH,140,2692
10307,33,2490,Conway School District,NH,124,1182
80,33,2510,Coos County School District,NH,0,4
1652,33,2520,Cornish School District,NH,1,177
819,33,2550,Croydon School District,NH,6,95
4983,33,2580,Deerfield School District,NH,23,730
35219,33,2610,Derry School District,NH,238,5013
33570,33,2640,Dover School District,NH,230,4130
12121,33,2670,Dresden School District,NH,13,787
304,33,2730,Dummer School District,NH,6,34
3084,33,2760,Dunbarton School District,NH,6,503
2505,33,2790,East Kingston School District,NH,4,179
425,33,2850,Eaton School District,NH,4,29
95,33,2870,Ellsworth School District,NH,0,12
7312,33,2880,Epping School District,NH,31,951
4962,33,2910,Epsom School District,NH,24,669
296,33,2940,Errol School District,NH,0,15
35420,33,17,Exeter Regional Cooperative School District,NH,65,2906
16471,33,2970,Exeter School District,NH,32,951
12063,33,2990,Fall Mountain Regional School District,NH,111,1545
6892,33,3000,Farmington School District,NH,102,898
8972,33,3090,Franklin School District,NH,147,1199
1772,33,3120,Freedom School District,NH,13,141
4864,33,3150,Fremont School District,NH,19,637
7886,33,3180,Gilford School District,NH,51,1053
4041,33,3210,Gilmanton School District,NH,28,552
18907,33,3240,Goffstown School District,NH,87,2569
3360,33,35,Gorham Randolph Shelburne Cooperative School District,NH,49,420
813,33,3304,Goshen School District,NH,8,100
19237,33,3330,Governor Wentworth Regional School District,NH,153,2259
3479,33,3360,Grantham School District,NH,7,451
4174,33,3420,Greenland School District,NH,12,589
138,33,3279,Hale's Location School District,NH,0,2
9234,33,3480,Hampstead School District,NH,30,1320
2466,33,3540,Hampton Falls School District,NH,4,233
16640,33,3510,Hampton School District,NH,34,1070
12121,33,3600,Hanover School District,NH,10,529
1005,33,3630,Harrisville School District,NH,6,118
71,33,3640,Hart's Location School District,NH,0,7
4682,33,3660,Haverhill Cooperative School District,NH,70,627
6348,33,3690,Henniker School District,NH,20,417
1044,33,3720,Hill School District,NH,13,136
7982,33,3750,Hillsboro-Deering Cooperative School District,NH,66,1085
4032,33,3780,Hinsdale School District,NH,51,579
2046,33,3810,Holderness School District,NH,11,155
8490,33,3840,Hollis School District,NH,17,677
14229,33,3850,Hollis-Brookline Cooperative School District,NH,26,1420
15264,33,3870,Hooksett School District,NH,103,2113
6070,33,3900,Hopkinton School District,NH,27,1066
25846,33,3930,Hudson School District,NH,133,3626
9428,33,3960,Inter-Lakes School District,NH,67,1056
1079,33,3990,Jackson School District,NH,22,91
12046,33,4030,Jaffrey-Rindge Cooperative School District,NH,109,1693
15602,33,3,John Stark Regional School District,NH,24,745
16227,33,4040,Kearsarge Regional School District,NH,64,2012
23535,33,4050,Keene School District,NH,278,2902
2150,33,4080,Kensington School District,NH,5,148
17282,33,4140,Laconia School District,NH,250,2123
2065,33,4150,Lafayette Regional School District,NH,7,116
455,33,4170,Landaff School District,NH,4,50
14584,33,4230,Lebanon School District,NH,104,1496
1143,33,3303,Lempster School District,NH,9,152
3130,33,4260,Lincoln-Woodstock School District,NH,22,353
2253,33,4290,Lisbon Regional School District,NH,33,312
8629,33,4350,Litchfield School District,NH,37,1391
6132,33,4380,Littleton School District,NH,95,739
26505,33,4410,Londonderry School District,NH,132,4319
1782,33,4500,Lyme School District,NH,4,319
2692,33,4560,Madison School District,NH,20,317
117701,33,4590,Manchester School District,NH,1704,14405
2140,33,4620,Marlborough School District,NH,32,311
765,33,4650,Marlow School District,NH,14,111
7306,33,4670,Mascenic Regional School District,NH,56,1206
10477,33,4680,Mascoma Valley Regional School District,NH,78,1178
1474,33,3276,Mason School District,NH,6,212
27106,33,4740,Merrimack School District,NH,112,4128
18769,33,4760,Merrimack Valley School District,NH,157,2518
1869,33,4770,Middleton School District,NH,16,267
1351,33,4800,Milan School District,NH,20,182
16418,33,4830,Milford School District,NH,86,2386
4596,33,616,Milton School District,NH,43,585
14215,33,4890,Monadnock Regional School District,NH,167,1876
882,33,4920,Monroe School District,NH,10,146
2630,33,4950,Mont Vernon School District,NH,8,321
5161,33,4960,Moultonborough School District,NH,53,527
92947,33,4980,Nashua School District,NH,940,12085
642,33,5010,Nelson School District,NH,7,83
6217,33,5040,New Boston School District,NH,16,1092
1026,33,5070,New Castle School District,NH,0,80
1815,33,5190,Newfields School District,NH,5,134
11255,33,5220,Newfound Area School District,NH,126,1292
832,33,5250,Newington School District,NH,1,95
9678,33,5280,Newmarket School District,NH,48,982
6438,33,5310,Newport School District,NH,100,851
4657,33,5370,North Hampton School District,NH,10,387
2114,33,5400,Northumberland School District,NH,29,287
4763,33,5430,Northwood School District,NH,29,631
5366,33,5460,Nottingham School District,NH,17,748
22483,33,5520,Oyster River Cooperative School District,NH,39,2273
14475,33,5550,Pelham School District,NH,47,2207
7397,33,5580,Pembroke School District,NH,69,1100
19420,33,99965,Pemi-Baker Regional School District,NH,50,728
785,33,5670,Piermont School District,NH,15,116
796,33,5700,Pittsburg School District,NH,9,53
4183,33,5730,Pittsfield School District,NH,65,579
2513,33,5760,Plainfield School District,NH,11,346
6823,33,5790,Plymouth School District,NH,38,428
22533,33,5820,Portsmouth School District,NH,94,2246
4601,33,5830,Profile School District,NH,18,266
11072,33,49,Prospect Mountain High School Joint Maintenance Agreement District,NH,23,485
10965,33,5880,Raymond School District,NH,64,1296
1263,33,33009,Rivendell Interstate School District,NH,10,153
33314,33,5940,Rochester School District,NH,400,4304
2663,33,5970,Rollinsford School District,NH,12,359
1530,33,6000,Rumney School District,NH,15,115
5689,33,6030,Rye School District,NH,15,618
30880,33,6060,Salem School District,NH,121,3821
11312,33,6080,Sanborn Regional School District,NH,42,1433
8622,33,6150,Seabrook School District,NH,49,539
9944,33,6180,Shaker Regional School District,NH,98,1346
12155,33,6240,Somersworth School District,NH,152,1595
14592,33,6260,Souhegan Cooperative School District,NH,16,898
917,33,6270,South Hampton School District,NH,0,122
475,33,6330,Stark School District,NH,13,55
809,33,6360,Stewartstown School District,NH,14,81
1403,33,6390,Stoddard School District,NH,6,189
4337,33,6420,Strafford School District,NH,27,727
658,33,6450,Stratford School District,NH,19,71
7871,33,6480,Stratham School District,NH,8,540
672,33,3293,Sullivan School District,NH,3,68
3416,33,6540,Sunapee School District,NH,12,428
837,33,3275,Surry School District,NH,6,115
2951,33,6600,Tamworth School District,NH,42,322
2765,33,6660,Thornton School District,NH,9,234
26553,33,6720,Timberlane Regional School District,NH,101,3641
1551,33,6750,Unity School District,NH,15,163
5458,33,6780,Wakefield School District,NH,50,676
842,33,6870,Warren School District,NH,17,108
1218,33,6900,Washington School District,NH,20,163
519,33,6910,Waterville Valley School District,NH,2,60
9254,33,6930,Weare School District,NH,37,968
863,33,6990,Wentworth School District,NH,9,56
1742,33,7020,Westmoreland School District,NH,14,205
8457,33,7050,White Mountain Regional School District,NH,95,1095
5697,33,7115,Wilton-Lyndeborough School District,NH,32,786
4238,33,7140,Winchester School District,NH,71,566
16233,33,7170,Windham School District,NH,48,2938
267,33,7200,Windsor School District,NH,0,46
32385,33,7230,Winnacunnet Cooperative School District,NH,40,1161
12159,33,7300,Winnisquam Regional School District,NH,134,1690
9289,34,660,Absecon City School District,NJ,125,1282
4912,34,690,Alexandria Township School District,NJ,9,490
5452,34,720,Allamuchy Township School District,NJ,30,673
7012,34,750,Allendale Borough School District,NJ,19,889
475,34,780,Allenhurst Borough School District,NJ,10,54
3335,34,810,Alloway Township School District,NJ,43,553
2379,34,840,Alpha Borough School District,NJ,33,318
1804,34,870,Alpine Borough School District,NJ,10,298
6738,34,900,Andover Regional School District,NJ,40,855
15280,34,930,Asbury Park City School District,NJ,543,1963
39139,34,960,Atlantic City School District,NJ,1806,6301
9892,34,1050,Audubon Borough School District,NJ,82,1361
1225,34,1110,Avalon Borough School District,NJ,5,62
1945,34,1140,Avon-by-the-Sea Borough School District,NJ,9,203
25409,34,16470,Barnegat Township School District,NJ,297,3738
7217,34,1170,Barrington Borough School District,NJ,83,986
1395,34,1200,Bass River Township School District,NJ,7,91
973,34,1230,Bay Head Borough School District,NJ,3,117
72807,34,1260,Bayonne City School District,NJ,2446,11947
1074,34,1290,Beach Haven Borough School District,NJ,3,39
8562,34,1320,Bedminster Township School District,NJ,36,872
39010,34,1350,Belleville Town School District,NJ,765,5609
11942,34,1380,Bellmawr Borough School District,NJ,184,1103
5943,34,1410,Belmar Borough School District,NJ,49,561
2575,34,1440,Belvidere Town School District,NJ,39,410
29000,34,1500,Bergenfield Borough School District,NJ,306,4676
13719,34,1530,Berkeley Heights Township School District,NJ,36,2654
45759,34,1560,Berkeley Township School District,NJ,186,2460
7639,34,1590,Berlin Borough School District,NJ,49,865
5985,34,1620,Berlin Township School District,NJ,146,810
28806,34,1650,Bernards Township School District,NJ,103,5485
3825,34,1710,Bethlehem Township School District,NJ,6,406
2573,34,1740,Beverly City School District,NJ,44,416
87792,34,1770,Black Horse Pike Regional School District,NJ,540,4652
7462,34,1800,Blairstown Township School District,NJ,29,509
54199,34,1830,Bloomfield Township School District,NJ,722,7551
7814,34,1860,Bloomingdale Borough School District,NJ,79,1013
809,34,1890,Bloomsbury Borough School District,NJ,9,95
8988,34,1920,Bogota Borough School District,NJ,136,1375
9053,34,1950,Boonton Town School District,NJ,119,1201
4501,34,1980,Boonton Township School District,NJ,14,763
16792,34,2030,Bordentown Regional School District,NJ,65,2325
12408,34,2100,Bound Brook Borough School District,NJ,289,1861
4308,34,2130,Bradley Beach Borough School District,NJ,41,363
15464,34,2160,Branchburg Township School District,NJ,58,2327
76994,34,2220,Brick Township School District,NJ,614,10532
27533,34,2250,Bridgeton City School District,NJ,1301,5530
55698,34,2280,Bridgewater-Raritan Regional School District,NJ,340,9126
5012,34,2310,Brielle Borough School District,NJ,28,837
7845,34,2340,Brigantine City School District,NJ,73,695
1851,34,2370,Brooklawn Borough School District,NJ,52,289
11726,34,2400,Buena Regional School District,NJ,210,1795
10031,34,2430,Burlington City School District,NJ,196,1473
24692,34,2460,Burlington Township School District,NJ,201,3962
8265,34,2520,Butler Borough School District,NJ,78,1083
8207,34,2550,Byram Township School District,NJ,33,858
20452,34,2580,Caldwell-West Caldwell School District,NJ,111,3180
1027,34,2610,Califon Borough School District,NJ,5,109
73231,34,2640,Camden City School District,NJ,5539,15070
2728,34,2700,Cape May City School District,NJ,9,137
301,34,2760,Cape May Point Borough School District,NJ,1,12
6525,34,2790,Carlstadt Borough School District,NJ,54,602
16787,34,2800,Carlstadt-East Rutherford School District,NJ,52,663
26117,34,2820,Carteret Borough School District,NJ,718,4479
13247,34,2850,Cedar Grove Township School District,NJ,55,1956
53559,34,2910,Central Regional School District,NJ,182,2484
76049,34,3000,Cherry Hill Township School District,NJ,907,12712
1567,34,3030,Chesilhurst Borough School District,NJ,48,209
9648,34,3060,Chester Township School District,NJ,29,1227
9701,34,3090,Chesterfield Township School District,NJ,7,737
17568,34,3120,Cinnaminson Township School District,NJ,93,2961
16052,34,3150,Clark Township School District,NJ,54,2527
9083,34,3180,Clayton Borough School District,NJ,183,1546
29782,34,3210,Clearview Regional School District,NJ,118,2677
5445,34,3240,Clementon Borough School District,NJ,197,826
26309,34,3270,Cliffside Park Borough School District,NJ,546,3030
90755,34,3300,Clifton City School District,NJ,1895,14137
4550,34,3330,Clinton Town-Glen Gardner School District,NJ,16,457
13794,34,3360,Clinton Township School District,NJ,27,1305
8800,34,3390,Closter Borough School District,NJ,46,1167
14471,34,3420,Collingswood Borough School District,NJ,148,1896
10095,34,3450,Colts Neck Township School District,NJ,48,1265
4715,34,3480,Commercial Township School District,NJ,175,872
479,34,3510,Corbin City School District,NJ,4,60
3962,34,3540,Cranbury Township School District,NJ,16,834
24627,34,3570,Cranford Township School District,NJ,91,4417
9374,34,3600,Cresskill Borough School District,NJ,82,2021
23475,34,3620,Cumberland Regional School District,NJ,151,1291
905,34,3630,Deal Borough School District,NJ,25,141
3167,34,3660,Deerfield Township School District,NJ,45,418
4967,34,3690,Delanco Township School District,NJ,51,672
4658,34,3720,Delaware Township School District,NJ,11,395
16741,34,3750,Delaware Valley Regional School District,NJ,29,840
18411,34,3780,Delran Township School District,NJ,148,3032
21457,34,15450,Delsea Regional High School School District,NJ,101,1706
5100,34,3810,Demarest Borough School District,NJ,23,691
6194,34,3840,Dennis Township School District,NJ,92,937
17569,34,3870,Denville Township School District,NJ,41,1857
32981,34,3900,Deptford Township School District,NJ,363,4562
20584,34,3930,Dover Town School District,NJ,457,2916
1413,34,3960,Downe Township School District,NJ,28,217
18291,34,3990,Dumont Borough School District,NJ,140,2864
7875,34,4020,Dunellen Borough School District,NJ,143,1432
1801,34,4050,Eagleswood Township School District,NJ,14,133
4001,34,4080,East Amwell Township School District,NJ,21,355
51268,34,4110,East Brunswick Township School District,NJ,467,9426
12073,34,4140,East Greenwich Township School District,NJ,45,1387
11405,34,4170,East Hanover Township School District,NJ,28,1065
2635,34,4200,East Newark Borough School District,NJ,106,390
71046,34,4230,East Orange City School District,NJ,2314,11990
10262,34,4290,East Rutherford Borough School District,NJ,74,862
36390,34,4320,East Windsor Regional School District,NJ,454,5787
6374,34,4350,Eastampton Township School District,NJ,32,625
41564,34,4380,Eastern Camden County Regional School District,NJ,131,2262
13680,34,4410,Eatontown Borough School District,NJ,151,1140
14680,34,4440,Edgewater Borough School District,NJ,107,1464
9194,34,4470,Edgewater Park Township School District,NJ,123,1265
110942,34,4500,Edison Township School District,NJ,1103,18790
4469,34,4530,Egg Harbor City School District,NJ,104,486
48640,34,4560,Egg Harbor Township School District,NJ,933,8349
141788,34,4590,Elizabeth City School District,NJ,5044,25353
4563,34,4620,Elk Township School District,NJ,26,380
21936,34,4660,Elmwood Park Borough School District,NJ,355,3064
1017,34,4680,Elsinboro Township School District,NJ,15,126
7465,34,4710,Emerson Borough School District,NJ,40,1204
30011,34,4740,Englewood City School District,NJ,528,4337
5470,34,4770,Englewood Cliffs Borough School District,NJ,37,876
2290,34,4830,Essex Fells Borough School District,NJ,3,241
1696,34,4860,Estell Manor City School District,NJ,28,276
48210,34,4890,Evesham Township School District,NJ,152,4891
37725,34,4920,Ewing Township School District,NJ,454,4376
6307,34,4950,Fair Haven Borough School District,NJ,13,1043
35764,34,4980,Fair Lawn Borough School District,NJ,280,6102
8034,34,5010,Fairfield Township School District,NJ,42,723
5601,34,5040,Fairfield Township School District,NJ,77,486
15385,34,5070,Fairview Borough School District,NJ,558,2268
1513,34,5130,Farmingdale Borough School District,NJ,11,146
28929,34,5190,Flemington-Raritan Regional School District,NJ,135,3208
13191,34,5220,Florence Township School District,NJ,123,1864
12925,34,5250,Florham Park Borough School District,NJ,26,1169
1841,34,5280,Folsom Borough School District,NJ,19,279
41154,34,5310,Fort Lee Borough School District,NJ,364,4838
6229,34,5340,Frankford Township School District,NJ,28,526
5022,34,5400,Franklin Borough School District,NJ,47,459
11345,34,5370,Franklin Lakes Borough School District,NJ,46,1381
16894,34,5430,Franklin Township School District,NJ,78,1255
3337,34,5460,Franklin Township School District,NJ,10,312
70760,34,5490,Franklin Township School District,NJ,766,8854
3033,34,5520,Franklin Township School District,NJ,13,212
3307,34,5550,Fredon Township School District,NJ,12,249
12614,34,5580,Freehold Borough School District,NJ,280,1393
198857,34,5610,Freehold Regional School District,NJ,637,11517
35584,34,5640,Freehold Township School District,NJ,184,3759
2247,34,5670,Frelinghuysen Township School District,NJ,10,178
1399,34,5700,Frenchtown Borough School District,NJ,13,125
38444,34,5730,Galloway Township School District,NJ,399,3474
33438,34,5760,Garfield City School District,NJ,829,5289
4600,34,5790,Garwood Borough School District,NJ,27,612
13069,34,5820,Gateway Regional School District,NJ,87,989
2233,34,5850,Gibbsboro Borough School District,NJ,21,235
23876,34,5880,Glassboro Borough School District,NJ,280,2168
7963,34,5940,Glen Ridge Borough School District,NJ,33,1905
12424,34,5970,Glen Rock Borough School District,NJ,43,2777
11714,34,6000,Gloucester City School District,NJ,499,2211
67359,34,6030,Gloucester Township School District,NJ,908,7146
8317,34,8,Great Meadows Regional School District,NJ,70,1097
76769,34,6060,Greater Egg Harbor Regional School District,NJ,449,4087
7536,34,6120,Green Brook Township School District,NJ,42,1238
3708,34,6090,Green Township School District,NJ,20,634
778,34,6150,Greenwich Township School District,NJ,8,83
5071,34,6180,Greenwich Township School District,NJ,49,721
5593,34,6210,Greenwich Township School District,NJ,52,1023
12205,34,6240,Guttenberg Town School District,NJ,497,1718
47133,34,6270,Hackensack City School District,NJ,732,5324
10472,34,6300,Hackettstown Town School District,NJ,149,1480
7645,34,6330,Haddon Heights Borough School District,NJ,25,1211
15716,34,6360,Haddon Township School District,NJ,130,2365
12811,34,6390,Haddonfield Borough School District,NJ,52,2946
6213,34,6420,Hainesport Township School District,NJ,23,649
9095,34,6450,Haledon Borough School District,NJ,202,1081
3339,34,6480,Hamburg Borough School District,NJ,13,249
27942,34,6510,Hamilton Township School District,NJ,362,2989
93440,34,6540,Hamilton Township School District,NJ,1476,14175
14956,34,6570,Hammonton Town School District,NJ,194,2414
1469,34,6600,Hampton Borough School District,NJ,9,131
5002,34,6630,Hampton Township School District,NJ,16,334
39404,34,6660,Hanover Park Regional School District,NJ,34,1654
15074,34,6690,Hanover Township School District,NJ,31,1455
3976,34,6720,Harding Township School District,NJ,17,643
8306,34,6780,Hardyston Township School District,NJ,38,670
2558,34,6810,Harmony Township School District,NJ,19,357
4855,34,6840,Harrington Park Borough School District,NJ,22,655
19754,34,6870,Harrison Town School District,NJ,509,2414
14069,34,6900,Harrison Township School District,NJ,67,1504
12478,34,6930,Hasbrouck Heights Borough School District,NJ,88,1863
3423,34,6960,Haworth Borough School District,NJ,11,446
19730,34,6990,Hawthorne Borough School District,NJ,261,2940
20247,34,13680,Hazlet Township School District,NJ,158,2994
9090,34,99501,Henry Hudson Regional School District,NJ,56,902
946,34,7080,Hi-Nella Borough School District,NJ,16,138
3622,34,7110,High Bridge Borough School District,NJ,25,363
21761,34,7140,High Point Regional School District,NJ,64,1030
15543,34,7170,Highland Park Borough School District,NJ,202,2343
45257,34,7230,Hillsborough Township School District,NJ,242,7856
10386,34,7260,Hillsdale Borough School District,NJ,33,1276
23190,34,7290,Hillside Township School District,NJ,488,3753
4360,34,7320,Ho-Ho-Kus Borough School District,NJ,13,926
61363,34,7350,Hoboken City School District,NJ,308,4338
5288,34,7380,Holland Township School District,NJ,19,489
17506,34,7410,Holmdel Township School District,NJ,118,3300
14682,34,7440,Hopatcong Borough School District,NJ,101,1798
1875,34,7470,Hope Township School District,NJ,13,243
4883,34,7500,Hopewell Township School District,NJ,46,484
22486,34,7530,Hopewell Valley Regional School District,NJ,88,4276
53784,34,7560,Howell Township School District,NJ,461,5934
54061,34,7590,Hunterdon Central Regional School District,NJ,92,2710
833,34,7650,Interlaken Borough School District,NJ,2,93
62437,34,7680,Irvington Township School District,NJ,2342,10834
1726,34,7710,Island Heights Borough School District,NJ,4,129
61227,34,7740,Jackson Township School District,NJ,1231,11926
5964,34,7770,Jamesburg Borough School District,NJ,91,903
21093,34,7800,Jefferson Township School District,NJ,106,2980
297021,34,7830,Jersey City School District,NJ,9375,39091
11377,34,34001,Joint Base McGuire-Dix-Lakehurst,NJ,58,1542
9814,34,7860,Keansburg Borough School District,NJ,363,1563
42655,34,7890,Kearny Town School District,NJ,1211,6474
8703,34,7920,Kenilworth Borough School District,NJ,87,1468
7248,34,7950,Keyport Borough School District,NJ,121,873
31343,34,7980,Kingsway Regional School District,NJ,90,2496
3883,34,8010,Kingwood Township School District,NJ,14,349
10235,34,8040,Kinnelon Borough School District,NJ,44,1867
14431,34,8060,Kittatinny Regional School District,NJ,41,1018
2957,34,8070,Knowlton Township School District,NJ,17,185
29968,34,8100,Lacey Township School District,NJ,262,4632
2411,34,8130,Lafayette Township School District,NJ,14,222
1707,34,15150,Lake Como Borough School District,NJ,27,192
2757,34,8160,Lakehurst Borough School District,NJ,62,482
23161,34,8190,Lakeland Regional School District,NJ,45,1121
141352,34,8220,Lakewood Township School District,NJ,8218,41513
2018,34,8280,Laurel Springs Borough School District,NJ,27,300
1869,34,8310,Lavallette Borough School District,NJ,6,135
3014,34,8340,Lawnside Borough School District,NJ,98,477
3117,34,8370,Lawrence Township School District,NJ,51,583
33487,34,8400,Lawrence Township School District,NJ,292,4644
1701,34,8430,Lebanon Borough School District,NJ,5,124
6328,34,8460,Lebanon Township School District,NJ,11,601
149613,34,8490,Lenape Regional School District,NJ,210,7683
15278,34,8500,Lenape Valley Regional School District,NJ,36,736
9527,34,8520,Leonia Borough School District,NJ,126,1634
11210,34,8580,Lincoln Park Borough School District,NJ,75,1361
45168,34,8610,Linden City School District,NJ,1182,7289
22075,34,8640,Lindenwold Borough School District,NJ,902,3370
7087,34,8670,Linwood City School District,NJ,35,831
21737,34,8700,Little Egg Harbor Township School District,NJ,127,1456
13423,34,8730,Little Falls Township School District,NJ,75,1038
11250,34,8760,Little Ferry Borough School District,NJ,171,1393
6168,34,8790,Little Silver Borough School District,NJ,10,833
31976,34,8820,Livingston Township School District,NJ,133,6592
225,34,790,Loch Arbour School District,NJ,2,28
26834,34,8850,Lodi Borough School District,NJ,516,3756
6188,34,8880,Logan Township School District,NJ,47,1143
6824,34,8910,Long Beach Island School District,NJ,9,228
31859,34,8940,Long Branch City School District,NJ,1036,4593
8862,34,12660,Long Hill Township School District,NJ,28,983
908,34,8671,Longport Borough School District,NJ,6,87
8968,34,9000,Lopatcong Township School District,NJ,72,1210
1744,34,9030,Lower Alloways Creek Township School District,NJ,25,260
25459,34,9090,Lower Cape May Regional School District,NJ,182,1508
21735,34,9150,Lower Township School District,NJ,180,1312
13182,34,9180,Lumberton Township School District,NJ,60,1418
23059,34,9210,Lyndhurst Township School District,NJ,262,2985
17395,34,9240,Madison Borough School District,NJ,84,2876
4439,34,9300,Magnolia Borough School District,NJ,65,442
26098,34,9330,Mahwah Township School District,NJ,120,3290
26305,34,9360,Mainland Regional School District,NJ,115,1468
43513,34,9390,Manalapan-Englishtown Regional School District,NJ,200,4775
5974,34,9420,Manasquan Borough School District,NJ,17,847
47183,34,9450,Manchester Township School District,NJ,289,3263
1499,34,9480,Mannington Township School District,NJ,23,203
9160,34,9510,Mansfield Township School District,NJ,17,639
7951,34,9540,Mansfield Township School District,NJ,55,586
15713,34,9600,Mantua Township School District,NJ,65,1249
11337,34,9630,Manville Borough School District,NJ,179,1534
20571,34,9660,Maple Shade Township School District,NJ,237,2595
5406,34,9690,Margate City School District,NJ,18,486
41754,34,9720,Marlboro Township School District,NJ,221,5255
29069,34,9750,Matawan-Aberdeen Regional School District,NJ,292,3979
6279,34,9780,Maurice River Township School District,NJ,57,500
10322,34,9810,Maywood Borough School District,NJ,87,1441
4390,34,9840,Medford Lakes Borough School District,NJ,8,543
25221,34,9870,Medford Township School District,NJ,46,2963
5116,34,9900,Mendham Borough School District,NJ,9,577
6179,34,9930,Mendham Township School District,NJ,9,860
3897,34,9960,Merchantville Borough School District,NJ,61,594
15525,34,9990,Metuchen Borough School District,NJ,77,2690
20083,34,10020,Middle Township School District,NJ,408,2892
15093,34,10050,Middlesex Borough School District,NJ,155,2509
67513,34,10110,Middletown Township School District,NJ,395,10922
7182,34,10140,Midland Park Borough School District,NJ,28,1112
1258,34,10170,Milford Borough School District,NJ,5,101
22157,34,10200,Millburn Township School District,NJ,115,5416
10439,34,10230,Millstone Township School District,NJ,82,1896
7257,34,10290,Milltown Borough School District,NJ,64,1230
27763,34,10320,Millville City School District,NJ,1023,5346
4124,34,10350,Mine Hill Township School District,NJ,34,534
3193,34,10380,Monmouth Beach Borough School District,NJ,10,256
34059,34,10440,Monmouth Regional School District,NJ,108,1354
38282,34,10470,Monroe Township School District,NJ,503,6306
50112,34,10500,Monroe Township School District,NJ,184,6944
3877,34,10530,Montague Township School District,NJ,36,501
41764,34,10560,Montclair Town School District,NJ,285,7672
25289,34,10590,Montgomery Township School District,NJ,141,5280
8638,34,10620,Montvale Borough School District,NJ,31,1052
23057,34,10650,Montville Township School District,NJ,112,3884
3208,34,10680,Moonachie Borough School District,NJ,65,507
21986,34,10710,Moorestown Township School District,NJ,96,4225
57806,34,10740,Morris Hills Regional School District,NJ,101,2843
6319,34,10770,Morris Plains Borough School District,NJ,24,934
44321,34,10810,Morris Township School District,NJ,458,5666
6069,34,10860,Mount Arlington Borough School District,NJ,28,625
4744,34,10890,Mount Ephraim Borough School District,NJ,57,651
10276,34,10920,Mount Holly Township School District,NJ,93,1048
45953,34,10950,Mount Laurel Township School District,NJ,167,4365
29667,34,10980,Mount Olive Township School District,NJ,173,4780
4593,34,11010,Mountain Lakes Borough School District,NJ,17,1130
7250,34,11040,Mountainside Borough School District,NJ,20,1268
5913,34,11070,Mullica Township School District,NJ,60,581
3121,34,11100,National Park Borough School District,NJ,27,239
4654,34,11130,Neptune City School District,NJ,61,484
28231,34,11160,Neptune Township School District,NJ,524,3629
3466,34,11190,Netcong Borough School District,NJ,26,294
56992,34,11220,New Brunswick City School District,NJ,1711,8570
1546,34,11250,New Hanover Township School District,NJ,19,260
17329,34,11280,New Milford Borough School District,NJ,123,2541
14096,34,11310,New Providence Borough School District,NJ,34,2678
317969,34,11340,Newark City School District,NJ,14373,56125
1830,34,11370,Newfield Elementary School District,NJ,18,313
8561,34,11400,Newton Town School District,NJ,157,1157
16851,34,11430,North Arlington Borough School District,NJ,171,2168
64351,34,11460,North Bergen Township School District,NJ,2318,8858
45276,34,11490,North Brunswick Township School District,NJ,628,6737
6832,34,11520,North Caldwell Borough School District,NJ,16,725
8969,34,11550,North Haledon Borough School District,NJ,51,777
4718,34,11580,North Hanover Township School District,NJ,20,334
52294,34,11610,North Hunterdon-Voorhees Regional School District,NJ,62,2476
23607,34,11640,North Plainfield Borough School District,NJ,572,3653
12666,34,9550,North Warren Regional School District,NJ,55,925
3568,34,11670,North Wildwood City School District,NJ,43,234
26920,34,11700,Northern Burlington Regional School District,NJ,44,1721
15565,34,11730,Northern Highlands Regional School District,NJ,25,1022
38858,34,11760,Northern Valley Regional School District,NJ,84,2684
8575,34,11790,Northfield City School District,NJ,78,963
4875,34,11820,Northvale Borough School District,NJ,20,522
5776,34,11850,Norwood Borough School District,NJ,30,680
30764,34,11880,Nutley Town School District,NJ,263,4689
13054,34,11910,Oakland Borough School District,NJ,38,1558
4009,34,11940,Oaklyn Borough School District,NJ,38,516
11065,34,11970,Ocean City School District,NJ,81,1180
2020,34,12030,Ocean Gate Borough School District,NJ,12,129
27840,34,12060,Ocean Township School District,NJ,351,4099
9240,34,12090,Ocean Township School District,NJ,87,953
7645,34,12120,Oceanport Borough School District,NJ,23,684
2308,34,12150,Ogdensburg Borough School District,NJ,17,219
68964,34,9270,Old Bridge Township School District,NJ,562,10049
6029,34,12180,Old Tappan Borough School District,NJ,22,766
1941,34,12210,Oldmans Township School District,NJ,33,324
8442,34,12240,Oradell Borough School District,NJ,19,829
35157,34,12270,Orange City Township School District,NJ,1280,6015
2497,34,12300,Oxford Township School District,NJ,33,378
20778,34,12360,Palisades Park Borough School District,NJ,426,2075
7658,34,12390,Palmyra Borough School District,NJ,60,865
27338,34,12420,Paramus Borough School District,NJ,191,4204
9096,34,12450,Park Ridge Borough School District,NJ,35,1420
57680,34,12480,Parsippany-Troy Hills Township School District,NJ,295,7787
35446,34,12510,Pascack Valley Regional School District,NJ,40,2081
70871,34,12540,Passaic City School District,NJ,3157,15244
24466,34,12600,Passaic County Manchester Regional School District,NJ,175,1275
38058,34,12570,Passaic Valley Regional School District,NJ,139,1579
160488,34,12690,Paterson City School District,NJ,8067,30865
6390,34,12720,Paulsboro Borough School District,NJ,283,1203
26963,34,12810,Pemberton Township School District,NJ,376,4022
13689,34,12840,Penns Grove-Carneys Point Regional School District,NJ,644,2395
37818,34,12870,Pennsauken Township School District,NJ,1306,6286
12887,34,9120,Pennsville Township School District,NJ,244,1882
15992,34,12900,Pequannock Township School District,NJ,53,2264
57167,34,12930,Perth Amboy City School District,NJ,2153,10853
15582,34,12960,Phillipsburg Town School District,NJ,597,2623
10980,34,12990,Pine Hill Borough School District,NJ,277,1695
28673,34,13000,Pinelands Regional School District,NJ,153,1876
62703,34,13050,Piscataway Township School District,NJ,539,7922
9055,34,13080,Pitman Borough School District,NJ,70,1369
10286,34,13110,Pittsgrove Township School District,NJ,204,1616
56371,34,13140,Plainfield City School District,NJ,2008,10739
20973,34,13200,Pleasantville City School District,NJ,757,3595
8442,34,13230,Plumsted Township School District,NJ,62,1381
3312,34,13260,Pohatcong Township School District,NJ,29,423
5330,34,13320,Point Pleasant Beach Borough School District,NJ,28,677
19809,34,13290,Point Pleasant Borough School District,NJ,83,3310
11180,34,13350,Pompton Lakes Borough School District,NJ,119,1762
1119,34,13380,Port Republic City School District,NJ,3,180
31061,34,13410,Princeton Public Schools,NJ,186,4610
6402,34,13470,Prospect Park Borough School District,NJ,184,913
2621,34,13500,Quinton Township School District,NJ,56,376
30523,34,13530,Rahway City School District,NJ,489,4435
41381,34,13560,Ramapo-Indian Hill Regional School District,NJ,53,2544
15153,34,13590,Ramsey Borough School District,NJ,70,2721
45436,34,13620,Rancocas Valley Regional School District,NJ,110,2316
27220,34,13650,Randolph Township School District,NJ,127,4912
16473,34,13710,Readington Township School District,NJ,44,1581
13014,34,13740,Red Bank Borough School District,NJ,227,1235
23392,34,13750,Red Bank Regional School District,NJ,97,1119
11777,34,13770,Ridgefield Borough School District,NJ,238,1676
13541,34,13800,Ridgefield Park Township School District,NJ,198,2013
26602,34,13830,Ridgewood Village School District,NJ,117,6061
11792,34,13860,Ringwood Borough School District,NJ,48,1290
20779,34,12260,River Dell Regional School District,NJ,44,1822
12338,34,13890,River Edge Borough School District,NJ,36,1268
10146,34,13950,River Vale Township School District,NJ,20,1231
4218,34,13980,Riverdale Borough School District,NJ,29,405
8239,34,14010,Riverside Township School District,NJ,134,1268
2846,34,14040,Riverton Borough School District,NJ,14,420
15668,34,17100,Robbinsville Township School District,NJ,81,3300
5953,34,14070,Rochelle Park Township School District,NJ,44,725
6776,34,14100,Rockaway Borough School District,NJ,34,640
26023,34,14130,Rockaway Township School District,NJ,87,2494
417,34,14160,Rockleigh Borough School District,NJ,4,51
813,34,14220,Roosevelt Borough School District,NJ,7,98
6429,34,14250,Roseland Borough School District,NJ,13,521
23437,34,14280,Roselle Borough School District,NJ,504,3605
14424,34,14310,Roselle Park Borough School District,NJ,211,2319
23570,34,14340,Roxbury Township School District,NJ,134,3610
7388,34,14370,Rumson Borough School District,NJ,29,1158
13695,34,14400,Rumson-Fair Haven Regional School District,NJ,18,1049
8491,34,14430,Runnemede Borough School District,NJ,90,832
19285,34,14460,Rutherford Borough School District,NJ,120,2899
14637,34,14490,Saddle Brook Township School District,NJ,118,2030
3453,34,14520,Saddle River Borough School District,NJ,17,478
5381,34,14550,Salem City School District,NJ,489,1123
2028,34,14610,Sandyston-Walpack Township School District,NJ,4,128
46761,34,14640,Sayreville Borough School District,NJ,587,7152
33813,34,14670,Scotch Plains-Fanwood Regional School District,NJ,158,6417
1877,34,14730,Sea Girt Borough School District,NJ,6,194
2073,34,14760,Sea Isle City School District,NJ,8,118
2552,34,14790,Seaside Heights Borough School District,NJ,29,178
1502,34,14820,Seaside Park Borough School District,NJ,3,36
22528,34,14850,Secaucus Town School District,NJ,298,3038
6651,34,14880,Shamong Township School District,NJ,22,785
19477,34,14940,Shore Regional School District,NJ,55,939
4209,34,14970,Shrewsbury Borough School District,NJ,17,501
5678,34,15000,Somerdale Borough School District,NJ,74,524
10644,34,15030,Somers Point City School District,NJ,119,802
11774,34,9,Somerset Hills Regional School District,NJ,88,2201
12779,34,15090,Somerville Borough School District,NJ,126,1595
9705,34,15120,South Amboy City School District,NJ,147,1390
5033,34,15180,South Bound Brook Borough School District,NJ,68,630
48512,34,15210,South Brunswick Township School District,NJ,400,9037
2766,34,15240,South Hackensack Township School District,NJ,54,416
3502,34,15270,South Harrison Township School District,NJ,21,366
7802,34,769,South Hunterdon Regional School District,NJ,52,849
45078,34,15330,South Orange-Maplewood School District,NJ,306,8186
25098,34,15360,South Plainfield Borough School District,NJ,238,4024
16621,34,15390,South River Borough School District,NJ,275,2619
10622,34,15420,Southampton Township School District,NJ,39,732
37827,34,15480,Southern Regional School District,NJ,110,2777
20037,34,15510,Sparta Township School District,NJ,92,3670
10950,34,15540,Spotswood Borough School District,NJ,89,1510
2806,34,15570,Spring Lake Borough School District,NJ,13,301
4920,34,15600,Spring Lake Heights Borough School District,NJ,32,582
17740,34,15630,Springfield Township School District,NJ,102,2687
3341,34,15660,Springfield Township School District,NJ,10,265
29928,34,15690,Stafford Township School District,NJ,106,2505
3605,34,15720,Stanhope Borough School District,NJ,19,309
17238,34,2880,Sterling High School School District,NJ,99,867
4093,34,15750,Stillwater Township School District,NJ,11,287
784,34,15810,Stone Harbor Borough School District,NJ,2,68
1325,34,15840,Stow Creek Township School District,NJ,13,133
7121,34,15870,Stratford Borough School District,NJ,82,750
23462,34,15900,Summit City School District,NJ,158,4967
13122,34,15960,Sussex-Wantage Regional School District,NJ,101,1280
15768,34,15990,Swedesboro-Woolwich School District,NJ,74,1891
6976,34,16020,Tabernacle Township School District,NJ,24,747
42235,34,16080,Teaneck Township School District,NJ,412,7053
15778,34,16110,Tenafly Borough School District,NJ,124,3854
5996,34,16170,Tewksbury Township School District,NJ,14,630
20741,34,4,The Chathams School District,NJ,51,4262
20380,34,16200,Tinton Falls Borough School District,NJ,101,1669
117216,34,16230,Toms River Regional School District,NJ,1554,19633
11118,34,16260,Totowa Borough School District,NJ,89,1081
91997,34,16290,Trenton City School District,NJ,4864,17184
3741,34,16320,Tuckerton Borough School District,NJ,22,242
5758,34,16350,Union Beach Borough School District,NJ,69,861
69661,34,16380,Union City School District,NJ,3343,11107
6646,34,16440,Union Township School District,NJ,13,484
61681,34,16500,Union Township School District,NJ,694,8673
7721,34,16530,Upper Deerfield Township School District,NJ,150,976
9062,34,16560,Upper Freehold Regional School District,NJ,51,1645
3487,34,16590,Upper Pittsgrove Township School District,NJ,52,503
8553,34,16620,Upper Saddle River Borough School District,NJ,39,1208
12356,34,16650,Upper Township School District,NJ,108,2075
9364,34,16680,Ventnor City School District,NJ,142,990
22861,34,16710,Vernon Township School District,NJ,178,3404
14872,34,16740,Verona Borough School District,NJ,49,2546
61382,34,16800,Vineland City School District,NJ,1635,11311
31692,34,16830,Voorhees Township School District,NJ,218,3278
10299,34,16860,Waldwick Borough School District,NJ,52,1780
26686,34,16890,Wall Township School District,NJ,155,3997
12152,34,16920,Wallington Borough School District,NJ,172,1464
18975,34,16870,Wallkill Valley Regional School District,NJ,49,784
11369,34,16950,Wanaque Borough School District,NJ,55,1006
25077,34,16970,Warren Hills Regional School District,NJ,135,1675
16481,34,16980,Warren Township School District,NJ,50,1947
7459,34,17010,Washington Borough School District,NJ,66,580
713,34,17040,Washington Township School District,NJ,5,75
50205,34,17070,Washington Township School District,NJ,472,8348
18689,34,17130,Washington Township School District,NJ,46,2172
6634,34,17160,Washington Township School District,NJ,31,511
6675,34,17190,Watchung Borough School District,NJ,27,693
32018,34,17220,Watchung Hills Regional School District,NJ,46,1752
10630,34,17250,Waterford Township School District,NJ,157,1565
55098,34,17280,Wayne Township School District,NJ,436,8979
17466,34,17310,Weehawken Township School District,NJ,238,2004
2355,34,17340,Wenonah Borough School District,NJ,4,211
995,34,17400,West Cape May Borough School District,NJ,5,31
22894,34,17430,West Deptford Township School District,NJ,228,3244
23585,34,17460,West Essex Regional School District,NJ,63,1978
8639,34,17490,West Long Branch Borough School District,NJ,84,800
24976,34,17520,West Milford Township School District,NJ,154,3583
39631,34,17550,West Morris Regional School District,NJ,44,2538
53739,34,17580,West New York Town School District,NJ,2068,7281
49850,34,17610,West Orange Town School District,NJ,617,7885
532,34,17670,West Wildwood Borough School District,NJ,3,42
54720,34,17700,West Windsor-Plainsboro Regional School District,NJ,266,10381
9391,34,17730,Westampton Township School District,NJ,49,1045
32047,34,17760,Westfield Town School District,NJ,103,7152
4398,34,17790,Westville Borough School District,NJ,57,349
21060,34,17820,Westwood Regional School District,NJ,95,3146
2658,34,17850,Weymouth Township School District,NJ,29,273
7437,34,17880,Wharton Borough School District,NJ,64,700
4707,34,17910,White Township School District,NJ,31,453
5082,34,17940,Wildwood City School District,NJ,206,657
3056,34,17970,Wildwood Crest Borough School District,NJ,45,306
32832,34,18000,Willingboro Township School District,NJ,550,4914
1469,34,18030,Winfield Township School District,NJ,5,173
40708,34,18060,Winslow Township School District,NJ,959,6549
10380,34,18300,Wood-Ridge Borough School District,NJ,61,1563
2097,34,18090,Woodbine Borough School District,NJ,83,322
106876,34,18120,Woodbridge Township School District,NJ,1323,16032
10276,34,18150,Woodbury City School District,NJ,302,1662
3195,34,18180,Woodbury Heights Borough School District,NJ,12,254
6275,34,18210,Woodcliff Lake Borough School District,NJ,11,785
13517,34,17640,Woodland Park Borough School District,NJ,180,1320
1590,34,18240,Woodland Township School District,NJ,6,109
2960,34,18270,Woodlynne Borough School District,NJ,165,625
7987,34,18330,Woodstown-Pilesgrove Regional School District,NJ,125,1391
16982,34,18360,Wyckoff Township School District,NJ,37,2258
45530,35,30,Alamogordo Public Schools,NM,1531,6401
677359,35,60,Albuquerque Public Schools,NM,15259,100025
878,35,90,Animas Public Schools,NM,58,118
19298,35,120,Artesia Public Schools,NM,629,3906
16508,35,150,Aztec Municipal Schools,NM,420,2780
30029,35,180,Belen Consolidated Schools,NM,1163,4952
26812,35,210,Bernalillo Public Schools,NM,511,3703
15863,35,240,Bloomfield Municipal Schools,NM,652,2971
4573,35,270,Capitan Municipal Schools,NM,108,527
40340,35,300,Carlsbad Municipal Schools,NM,1224,7610
1486,35,330,Carrizozo Municipal Schools,NM,53,181
29313,35,390,Central Consolidated Schools,NM,1765,5506
2796,35,420,Chama Valley Independent Schools,NM,94,388
3296,35,480,Cimarron Public Schools,NM,75,381
3409,35,510,Clayton Public Schools,NM,135,529
3430,35,540,Cloudcroft Municipal Schools,NM,81,420
44195,35,570,Clovis Municipal Schools,NM,1818,8220
7380,35,600,Cobre Consolidated Schools,NM,299,1043
412,35,630,Corona Municipal Schools,NM,19,48
4136,35,660,Cuba Independent Schools,NM,158,672
25878,35,690,Deming Public Schools,NM,1555,4815
501,35,720,Des Moines Municipal Schools,NM,14,100
4223,35,750,Dexter Consolidated Schools,NM,101,672
576,35,790,Dora Consolidated Schools,NM,49,118
3709,35,810,Dulce Independent Schools,NM,266,891
377,35,840,Elida Municipal Schools,NM,13,78
36819,35,900,Española Municipal Schools,NM,1082,5869
4450,35,930,Estancia Municipal Schools,NM,245,684
3390,35,960,Eunice Municipal Schools,NM,52,705
59133,35,990,Farmington Municipal Schools,NM,1513,11118
446,35,1020,Floyd Municipal Schools,NM,18,88
1657,35,1050,Fort Sumner Municipal Schools,NM,81,282
69332,35,1080,Gadsden Independent Schools,NM,3670,14010
61893,35,1110,Gallup-McKinley County Schools,NM,3889,12666
288,35,1140,Grady Municipal Schools,NM,7,45
26458,35,1170,Grants-Cibola County Schools,NM,1442,4647
1955,35,1200,Hagerman Municipal Schools,NM,68,390
5136,35,1230,Hatch Valley Municipal Schools,NM,188,1133
51736,35,1260,Hobbs Municipal Schools,NM,2144,10926
885,35,1290,Hondo Valley Public Schools,NM,42,141
257,35,1320,House Municipal Schools,NM,6,35
2329,35,1350,Jal Public Schools,NM,50,492
1380,35,1380,Jemez Mountain Public Schools,NM,53,202
5364,35,1410,Jemez Valley Public Schools,NM,89,777
656,35,1470,Lake Arthur Municipal Schools,NM,18,126
166630,35,1500,Las Cruces Public Schools,NM,6321,26025
12291,35,1530,Las Vegas City Public Schools,NM,498,1511
1160,35,1590,Logan Municipal Schools,NM,27,140
3088,35,1620,Lordsburg Municipal Schools,NM,155,529
19675,35,1650,Los Alamos Public Schools,NM,82,3171
52927,35,1680,Los Lunas Public Schools,NM,1703,9214
1958,35,1710,Loving Municipal Schools,NM,57,445
16475,35,1740,Lovington Public Schools,NM,544,3695
2692,35,1770,Magdalena Municipal Schools,NM,317,499
387,35,1800,Maxwell Municipal Schools,NM,18,65
1058,35,1830,Melrose Public Schools,NM,31,190
2755,35,1980,Mesa Vista Consolidated Schools,NM,85,318
3443,35,1860,Mora Independent Schools,NM,93,423
23380,35,1890,Moriarty Municipal Schools,NM,581,3536
219,35,1920,Mosquero Municipal Schools,NM,6,16
1866,35,1950,Mountainair Public Schools,NM,77,250
4607,35,2010,Pecos Independent Schools,NM,194,538
2964,35,2040,Peñasco Independent Schools,NM,72,392
9917,35,2070,Pojoaque Valley Public Schools,NM,175,1456
17085,35,2100,Portales Municipal Schools,NM,790,3001
2178,35,2130,Quemado Independent Schools,NM,75,185
3912,35,2160,Questa Independent Schools,NM,73,450
6998,35,2190,Raton Public Schools,NM,250,920
1842,35,2220,Reserve Independent Schools,NM,54,177
112446,35,10,Rio Rancho Public Schools,NM,1896,19760
56675,35,2250,Roswell Independent Schools,NM,2599,10428
370,35,2280,Roy Municipal Schools,NM,9,44
12793,35,2310,Ruidoso Municipal Schools,NM,398,1753
397,35,2340,San Jon Municipal Schools,NM,7,65
130523,35,2370,Santa Fe Public Schools,NM,2077,14406
4277,35,2400,Santa Rosa Consolidated Schools,NM,118,630
20161,35,2430,Silver City Consolidated Schools,NM,633,2618
11064,35,2460,Socorro Consolidated Schools,NM,485,1619
1642,35,2490,Springer Municipal Schools,NM,32,171
26860,35,2520,Taos Municipal Schools,NM,554,3068
1228,35,2550,Tatum Municipal Schools,NM,26,248
1947,35,2580,Texico Municipal Schools,NM,53,425
11389,35,2610,Truth or Consequences Schools,NM,458,1418
6553,35,2640,Tucumcari Public Schools,NM,352,1057
9019,35,2670,Tularosa Municipal Schools,NM,443,1690
515,35,1,Vaughn Municipal Schools,NM,54,91
500,35,2730,Wagon Mound Public Schools,NM,15,52
9464,35,1560,West Las Vegas Public Schools,NM,391,1147
7055,35,2800,Zuni Public Schools,NM,448,1355
6630,36,2370,Addison Central School District,NY,278,1259
8487,36,5040,Adirondack Central School District,NY,212,1307
3594,36,2400,Afton Central School District,NY,78,537
9232,36,2430,Akron Central School District,NY,96,1404
100836,36,2460,Albany City School District,NY,2684,11813
13824,36,2520,Albion Central School District,NY,291,1765
12826,36,2550,Alden Central School District,NY,85,1789
5020,36,2580,Alexander Central School District,NY,80,834
3497,36,2670,Alexandria Central School District,NY,58,541
7265,36,2700,Alfred-Almond Central School District,NY,71,580
8690,36,15,Allegany-Limestone Central School District,NY,226,1175
7239,36,2820,Altmar-Parish-Williamstown Central School District,NY,241,1220
2247,36,2880,Amagansett Union Free School District,NY,6,300
24184,36,2920,Amherst Central School District,NY,320,3526
27594,36,2940,Amityville Union Free School District,NY,379,3628
25354,36,2970,Amsterdam City School District,NY,984,4012
1024,36,3000,Andes Central School District,NY,6,63
2010,36,3030,Andover Central School District,NY,36,289
11340,36,3180,Ardsley Union Free School District,NY,55,2294
3742,36,3210,Argyle Central School District,NY,66,472
2831,36,3240,Arkport Central School District,NY,59,407
57908,36,3270,Arlington Central School District,NY,421,8488
11367,36,3420,Attica Central School District,NY,166,1370
8866,36,16170,AuSable Valley Central School District,NY,164,1152
31915,36,3480,Auburn City School District,NY,822,4239
18444,36,16,Averill Park Central School District,NY,143,2801
3281,36,3630,Avoca Central School District,NY,91,535
6954,36,3660,Avon Central School District,NY,75,931
11968,36,3720,Babylon Union Free School District,NY,60,1744
5035,36,3810,Bainbridge-Guilford Central School District,NY,107,787
34322,36,3840,Baldwin Union Free School District,NY,331,5359
37284,36,3870,Baldwinsville Central School District,NY,347,6050
32081,36,3930,Ballston Spa Central School District,NY,313,4219
4693,36,3960,Barker Central School District,NY,76,793
18390,36,3990,Batavia City School District,NY,420,2565
10331,36,4050,Bath Central School District,NY,270,1488
35567,36,4080,Bay Shore Union Free School District,NY,509,5914
13927,36,4110,Bayport-Blue Point Union Free School District,NY,64,2137
27870,36,4140,Beacon City School District,NY,208,2890
5614,36,4200,Beaver River Central School District,NY,113,982
28940,36,19950,Bedford Central School District,NY,342,4431
12994,36,4290,Beekmantown Central School District,NY,256,1983
2293,36,4350,Belfast Central School District,NY,81,372
3170,36,4370,Belleville Henderson Central School District,NY,80,565
12652,36,4410,Bellmore Union Free School District,NY,31,1036
71028,36,19020,Bellmore-Merrick Central High School District,NY,148,5993
4711,36,4530,Bemus Point Central School District,NY,72,709
6340,36,4620,Berlin Central School District,NY,87,835
6367,36,4650,Berne-Knox-Westerlo Central School District,NY,72,856
29096,36,4710,Bethlehem Central School District,NY,129,4705
19490,36,4740,Bethpage Union Free School District,NY,124,3000
48512,36,4870,Binghamton City School District,NY,1466,6188
6881,36,24630,Blind Brook-Rye Union Free School District,NY,17,1385
4331,36,12,Bolivar-Richburg Central School District,NY,118,702
1699,36,5010,Bolton Central School District,NY,19,133
3895,36,1189,Boquet Valley Central School District at Elizabethtown-Lewis-Westport,NY,39,454
1848,36,5220,Bradford Central School District,NY,67,282
5733,36,27960,Brasher Falls Central School District,NY,172,1045
90706,36,5280,Brentwood Union Free School District,NY,1979,15956
21877,36,5310,Brewster Central School District,NY,251,3057
7475,36,5340,Briarcliff Manor Union Free School District,NY,18,1300
2466,36,5370,Bridgehampton Union Free School District,NY,11,330
24660,36,5460,Brighton Central School District,NY,190,3774
10890,36,5,Broadalbin-Perth Central School District,NY,174,1689
25866,36,5580,Brockport Central School District,NY,409,3567
4179,36,5610,Brocton Central School District,NY,107,570
6669,36,5640,Bronxville Union Free School District,NY,23,1513
1210,36,5670,Brookfield Central School District,NY,30,232
23728,36,15780,Brookhaven-Comsewogue Union Free School District,NY,219,3479
8393,36,5520,Brunswick Central School District (Brittonkill),NY,83,1198
4902,36,5820,Brushton-Moira Central School District,NY,173,917
277289,36,5850,Buffalo City School District,NY,12303,45130
19765,36,5940,Burnt Hills-Ballston Lake Central School District,NY,110,3432
11882,36,6060,Byram Hills Central School District,NY,54,2400
7067,36,6090,Byron-Bergen Central School District,NY,88,996
9535,36,6160,Cairo-Durham Central School District,NY,137,1193
5570,36,6180,Caledonia-Mumford Central School District,NY,63,831
6156,36,6210,Cambridge Central School District,NY,94,845
12701,36,6240,Camden Central School District,NY,351,2076
5101,36,20,Campbell-Savona Central School District,NY,124,808
6517,36,6300,Canajoharie Central School District,NY,232,1201
27110,36,6330,Canandaigua City School District,NY,346,3623
1546,36,6360,Canaseraga Central School District,NY,45,242
9326,36,6390,Canastota Central School District,NY,160,1367
4920,36,6420,Candor Central School District,NY,74,761
5607,36,124,Canisteo-Greenwood Central School District,NY,147,916
12282,36,6470,Canton Central School District,NY,117,1310
9568,36,6540,Carle Place Union Free School District,NY,63,1445
29632,36,6570,Carmel Central School District,NY,237,3946
17487,36,6630,Carthage Central School District,NY,395,3406
6219,36,6660,Cassadaga Valley Central School District,NY,201,946
5543,36,6690,Cato-Meridian Central School District,NY,85,937
11712,36,6720,Catskill Central School District,NY,239,1334
6402,36,24,Cattaraugus-Little Valley Central School District,NY,302,1072
9907,36,6780,Cazenovia Central School District,NY,76,1446
8064,36,6840,Center Moriches Union Free School District,NY,68,1290
40226,36,6870,Central Islip Union Free School District,NY,823,6536
24835,36,6900,Central Square Central School District,NY,555,3831
13730,36,1087,Central Valley Central School District,NY,332,2105
16862,36,6990,Chappaqua Central School District,NY,49,3593
3050,36,7050,Charlotte Valley Central School District,NY,66,413
3003,36,7080,Chateaugay Central School District,NY,79,517
9004,36,7110,Chatham Central School District,NY,113,1071
5153,36,18,Chautauqua Lake Central School District,NY,147,695
2838,36,7170,Chazy Union Free School District,NY,38,463
21280,36,7230,Cheektowaga Central School District,NY,480,2694
18788,36,18600,Cheektowaga-Maryvale Union Free School District,NY,331,2352
11379,36,27000,Cheektowaga-Sloan Union Free School District,NY,244,1544
9130,36,7260,Chenango Forks Central School District,NY,131,1508
12073,36,7290,Chenango Valley Central School District,NY,158,1792
4062,36,6,Cherry Valley-Springfield Central School District,NY,66,548
6844,36,7380,Chester Union Free School District,NY,79,1025
13282,36,7470,Chittenango Central School District,NY,123,1900
27701,36,7530,Churchville-Chili Central School District,NY,318,4302
3232,36,7560,Cincinnatus Central School District,NY,78,515
30273,36,7590,Clarence Central School District,NY,175,5216
50568,36,20340,Clarkstown Central School District,NY,419,8702
12149,36,7680,Cleveland Hill Union Free School District,NY,229,1561
1933,36,7710,Clifton-Fine Central School District,NY,37,248
11567,36,7770,Clinton Central School District,NY,103,1366
5486,36,7860,Clyde-Savannah Central School District,NY,158,1012
3144,36,7890,Clymer Central School District,NY,113,651
13372,36,10,Cobleskill-Richmondville Central School District,NY,225,1680
18442,36,7980,Cohoes City School District,NY,395,2140
8518,36,8010,Cold Spring Harbor Central School District,NY,37,1834
2455,36,8100,Colton-Pierrepont Central School District,NY,31,364
37448,36,8130,Commack Union Free School District,NY,157,6371
39182,36,8160,Connetquot Central School District,NY,232,5737
6322,36,8250,Cooperstown Central School District,NY,51,677
2712,36,8280,Copenhagen Central School District,NY,67,500
31798,36,8310,Copiague Union Free School District,NY,543,4791
7763,36,8370,Corinth Central School District,NY,122,1114
32200,36,8400,Corning City School District,NY,697,4964
17848,36,8430,Cornwall Central School District,NY,122,3283
22635,36,8460,Cortland City School District,NY,454,2475
11806,36,8490,Coxsackie-Athens Central School District,NY,149,1177
9686,36,8580,Croton-Harmon Union Free School District,NY,47,1699
2012,36,8610,Crown Point Central School District,NY,32,267
6339,36,32010,Cuba-Rushford Central School District,NY,205,967
4554,36,21450,Dalton-Nunda Central School District (Keshequa),NY,75,613
9725,36,8790,Dansville Central School District,NY,198,1407
2232,36,8850,DeRuyter Central School District,NY,57,333
26647,36,8880,Deer Park Union Free School District,NY,308,4156
7707,36,8910,Delaware Academy Central School District at Delhi,NY,69,743
15801,36,9030,Depew Union Free School District,NY,190,2077
3350,36,9060,Deposit Central School District,NY,94,508
9800,36,9120,Dobbs Ferry Union Free School District,NY,52,1743
4850,36,1,Dolgeville Central School District,NY,127,785
9781,36,9210,Dover Union Free School District,NY,140,1411
1794,36,9240,Downsville Central School District,NY,16,188
12222,36,9330,Dryden Central School District,NY,228,1713
4912,36,9360,Duanesburg Central School District,NY,30,721
6040,36,9390,Dundee Central School District,NY,235,1081
13835,36,9420,Dunkirk City School District,NY,798,2112
12951,36,9540,East Aurora Union Free School District,NY,69,2076
6741,36,4920,East Bloomfield Central School District,NY,74,911
31240,36,9630,East Greenbush Central School District,NY,290,4693
11548,36,9660,East Hampton Union Free School District,NY,93,1568
27063,36,9690,East Irondequoit Central School District,NY,475,3204
25451,36,9720,East Islip Union Free School District,NY,145,3964
52190,36,9840,East Meadow Union Free School District,NY,379,7764
6558,36,9870,East Moriches Union Free School District,NY,37,1102
5590,36,9900,East Quogue Union Free School District,NY,42,849
139378,36,27810,East Ramapo Central School District (Spring Valley),NY,13449,39016
8736,36,9930,East Rochester Union Free School District,NY,143,1141
10021,36,9960,East Rockaway Union Free School District,NY,55,1352
21765,36,9990,East Syracuse-Minoa Central School District,NY,297,3239
9105,36,10050,East Williston Union Free School District,NY,52,1809
20167,36,10080,Eastchester Union Free School District,NY,79,3188
19185,36,125,Eastport-South Manor Central School District,NY,124,3077
9804,36,10170,Eden Central School District,NY,61,1515
7838,36,10200,Edgemont Union Free School District,NY,33,1810
1418,36,10230,Edinburg Common School District,NY,13,111
2964,36,10260,Edmeston Central School District,NY,72,426
3197,36,3,Edwards-Knox Central School District,NY,91,534
2484,36,10380,Elba Central School District,NY,33,425
4672,36,10410,Eldred Central School District,NY,98,595
12551,36,10500,Ellenville Central School District,NY,334,1607
3107,36,10530,Ellicottville Central School District,NY,73,461
42794,36,10560,Elmira City School District,NY,1511,6452
6461,36,10590,Elmira Heights Central School District,NY,172,991
52726,36,10620,Elmont Union Free School District,NY,371,3835
9616,36,10650,Elmsford Union Free School District,NY,107,1264
13637,36,10680,Elwood Union Free School District,NY,95,2190
16606,36,16560,Evans-Brant Central School District (Lake Shore),NY,192,2308
4792,36,10860,Fabius-Pompey Central School District,NY,38,807
40682,36,10890,Fairport Central School District,NY,320,6142
6770,36,10920,Falconer Central School District,NY,218,1155
12323,36,10950,Fallsburg Central School District,NY,692,1843
41148,36,10980,Farmingdale Union Free School District,NY,273,5682
26047,36,18330,Fayetteville-Manlius Central School District,NY,140,4820
5177,36,11070,Fillmore Central School District,NY,164,853
1052,36,21540,Fire Island Union Free School District,NY,5,100
427,36,11100,Fishers Island Union Free School District,NY,1,60
20528,36,11160,Floral Park-Bellerose Union Free School District,NY,58,1681
5266,36,25320,Florida Union Free School District,NY,59,859
8665,36,11190,Fonda-Fultonville Central School District,NY,163,1476
3577,36,11250,Forestville Central School District,NY,85,512
5357,36,11280,Fort Ann Central School District,NY,46,471
2858,36,11310,Fort Edward Union Free School District,NY,70,401
5395,36,11370,Fort Plain Central School District,NY,294,1061
6773,36,11400,Frankfort-Schuyler Central School District,NY,120,1013
1898,36,11430,Franklin Central School District,NY,50,244
25839,36,11460,Franklin Square Union Free School District,NY,84,1951
4366,36,11490,Franklinville Central School District,NY,227,728
12574,36,11520,Fredonia Central School District,NY,294,1522
41364,36,11550,Freeport Union Free School District,NY,778,6438
4669,36,11610,Frewsburg Central School District,NY,165,817
2093,36,11640,Friendship Central School District,NY,72,343
38260,36,11670,Frontier Central School District,NY,351,5424
19820,36,11700,Fulton City School District,NY,728,3323
7038,36,11730,Galway Central School District,NY,71,1028
5424,36,11740,Gananda Central School District,NY,66,960
23216,36,11760,Garden City Union Free School District,NY,53,4429
2832,36,11860,Garrison Union Free School District,NY,24,405
33403,36,11880,Gates-Chili Central School District,NY,555,4465
8772,36,11910,General Brown Central School District,NY,180,1633
3715,36,17,Genesee Valley Central School District,NY,101,522
11146,36,11940,Geneseo Central School District,NY,107,1105
17290,36,11970,Geneva City School District,NY,378,2185
2207,36,22100,Georgetown-South Otselic Central School District,NY,46,361
4611,36,12030,Germantown Central School District,NY,48,522
2808,36,4757,Gilbertsville-Mount Upton Central School District,NY,53,350
2426,36,12120,Gilboa-Conesville Central School District,NY,35,300
28297,36,12180,Glen Cove City School District,NY,397,3696
15312,36,12240,Glens Falls City School District,NY,260,1968
2342,36,2310,Glens Falls Common School District,NY,60,304
18003,36,12270,Gloversville City School District,NY,689,2738
9694,36,12300,Gorham-Middlesex Central School District (Marcus Whitman),NY,208,1586
19762,36,12330,Goshen Central School District,NY,180,3131
10197,36,12360,Gouverneur Central School District,NY,249,1567
10804,36,12390,Gowanda Central School District,NY,269,1309
21308,36,7020,Grand Island Central School District,NY,141,3406
6942,36,12450,Granville Central School District,NY,158,1022
48063,36,12510,Great Neck Union Free School District,NY,514,8411
82011,36,12630,Greece Central School District,NY,1567,11895
2982,36,12660,Green Island Union Free School District,NY,50,311
22711,36,12720,Greenburgh Central School District,NY,171,2321
6370,36,12750,Greene Central School District,NY,98,997
5142,36,12840,Greenport Union Free School District,NY,81,635
8181,36,12870,Greenville Central School District,NY,114,1140
6462,36,12900,Greenwich Central School District,NY,77,936
6074,36,12960,Greenwood Lake Union Free School District,NY,45,797
5762,36,13020,Groton Central School District,NY,133,876
38606,36,13080,Guilderland Central School District,NY,240,5440
6168,36,13110,Hadley-Luzerne Central School District,NY,109,734
5630,36,13230,Haldane Central School District,NY,36,791
48726,36,13290,Half Hollow Hills Central School District,NY,324,8136
24691,36,13350,Hamburg Central School District,NY,138,3788
6768,36,13380,Hamilton Central School District,NY,30,550
1788,36,13440,Hammond Central School District,NY,54,287
3831,36,13470,Hammondsport Central School District,NY,71,465
14682,36,13530,Hampton Bays Union Free School District,NY,190,2070
2496,36,13560,Hancock Central School District,NY,71,323
7907,36,13590,Hannibal Central School District,NY,297,1338
18786,36,13620,Harborfields Central School District,NY,83,3112
4886,36,13710,Harpursville Central School District,NY,120,842
28274,36,13740,Harrison Central School District,NY,179,4934
2202,36,13770,Harrisville Central School District,NY,39,332
2893,36,13830,Hartford Central School District,NY,59,426
9243,36,13950,Hastings-on-Hudson Union Free School District,NY,44,1746
22918,36,13980,Hauppauge Union Free School District,NY,147,3395
50624,36,14010,Haverstraw-Stony Point Central School District (North Rockland),NY,1115,8685
48489,36,14130,Hempstead Union Free School District,NY,1435,8013
17149,36,14190,Hendrick Hudson Central School District,NY,118,2410
9400,36,14220,Herkimer Central School District,NY,245,1264
2594,36,14250,Hermon-DeKalb Central School District,NY,91,509
25308,36,14280,Herricks Union Free School District,NY,133,4108
4123,36,14310,Heuvelton Central School District,NY,106,956
22108,36,31710,Hewlett-Woodmere Union Free School District,NY,276,4701
41737,36,14340,Hicksville Union Free School District,NY,477,5614
13000,36,14400,Highland Central School District,NY,129,1709
13268,36,14430,Highland Falls Central School District,NY,102,2018
27622,36,14460,Hilton Central School District,NY,280,4688
2725,36,14490,Hinsdale Central School District,NY,128,424
6767,36,14550,Holland Central School District,NY,71,944
8977,36,14580,Holland Patent Central School District,NY,241,1525
7160,36,14610,Holley Central School District,NY,141,948
11782,36,14640,Homer Central School District,NY,168,1866
5916,36,14670,Honeoye Central School District,NY,51,677
13518,36,14700,Honeoye Falls-Lima Central School District,NY,83,2314
6478,36,14730,Hoosic Valley Central School District,NY,86,947
7710,36,14760,Hoosick Falls Central School District,NY,172,1216
10231,36,14820,Hornell City School District,NY,366,1653
26163,36,14850,Horseheads Central School District,NY,366,4200
15178,36,14940,Hudson City School District,NY,310,1579
15283,36,14970,Hudson Falls Central School District,NY,337,2123
3801,36,15060,Hunter-Tannersville Central School District,NY,67,522
36081,36,15090,Huntington Union Free School District,NY,434,4939
33872,36,15180,Hyde Park Central School District,NY,308,3708
1356,36,15270,Indian Lake Central School District,NY,14,126
24271,36,15300,Indian River Central School District,NY,627,4137
353,36,15330,Inlet Common School District,NY,7,31
17296,36,15360,Iroquois Central School District,NY,75,2535
9678,36,15450,Irvington Union Free School District,NY,39,1797
8933,36,15480,Island Park Union Free School District,NY,76,1172
15407,36,15510,Island Trees Union Free School District,NY,127,2404
19648,36,15540,Islip Union Free School District,NY,173,3042
70090,36,15570,Ithaca City School District,NY,555,5824
29329,36,15630,Jamestown City School District,NY,1890,4598
18997,36,9090,Jamesville-DeWitt Central School District,NY,177,3016
3082,36,7,Jasper-Troupsburg Central School District,NY,237,723
1762,36,15720,Jefferson Central School District,NY,34,206
17414,36,15810,Jericho Union Free School District,NY,176,3134
2345,36,15870,Johnsburg Central School District,NY,36,266
19152,36,15900,Johnson City Central School District,NY,542,2591
10874,36,15980,Johnstown City School District,NY,234,1555
8168,36,15990,Jordan-Elbridge Central School District,NY,99,1166
17948,36,16080,Katonah-Lewisboro Union Free School District,NY,70,3195
1139,36,16140,Keene Central School District,NY,9,116
4895,36,16200,Kendall Central School District,NY,81,712
66206,36,16230,Kenmore-Tonawanda Union Free School District,NY,841,8853
13244,36,15210,Kinderhook Central School District (Ichabod Crane),NY,127,1654
22464,36,16260,Kings Park Central School District,NY,96,3295
52840,36,16290,Kingston City School District,NY,854,6529
33813,36,4758,Kiryas Joel Village Union Free School District,NY,4800,12417
2992,36,16380,La Fargeville Central School District,NY,90,598
5093,36,16410,LaFayette Central School District,NY,69,712
19873,36,16440,Lackawanna City School District,NY,885,3251
6738,36,16470,Lake George Central School District,NY,57,747
5986,36,16500,Lake Placid Central School District,NY,62,676
888,36,16530,Lake Pleasant Central School District,NY,8,67
35785,36,16620,Lakeland Central School District,NY,220,5500
43967,36,16680,Lancaster Central School District,NY,271,6491
7872,36,16710,Lansing Central School District,NY,87,1334
17212,36,16740,Lansingburgh Central School District,NY,557,2588
2552,36,16800,Laurens Central School District,NY,49,301
39021,36,16830,Lawrence Union Free School District,NY,753,8417
8455,36,16950,Le Roy Central School District,NY,117,1267
5415,36,17130,Letchworth Central School District,NY,123,888
46233,36,17160,Levittown Union Free School District,NY,262,7246
18183,36,17190,Lewiston-Porter Central School District,NY,156,2277
10873,36,17220,Liberty Central School District,NY,520,1708
41969,36,17380,Lindenhurst Union Free School District,NY,418,6128
4091,36,17430,Lisbon Central School District,NY,62,636
6749,36,17460,Little Falls City School District,NY,160,1102
51682,36,17520,Liverpool Central School District,NY,711,7440
3372,36,17580,Livingston Manor Central School District,NY,62,492
10504,36,17640,Livonia Central School District,NY,107,1473
35307,36,17670,Lockport City School District,NY,885,5131
16131,36,17700,Locust Valley Central School District,NY,116,2685
40550,36,17730,Long Beach City School District,NY,236,4403
656,36,17760,Long Lake Central School District,NY,15,59
68327,36,19230,Longwood Central School District,NY,722,8978
8623,36,17820,Lowville Academy and Central School District,NY,236,1542
2365,36,17880,Lyme Central School District,NY,46,373
18331,36,17910,Lynbrook Union Free School District,NY,117,3152
3800,36,17940,Lyncourt Union Free School District,NY,94,575
4057,36,17970,Lyndonville Central School District,NY,92,667
6766,36,18030,Lyons Central School District,NY,234,1065
2983,36,18080,Madison Central School District,NY,106,523
4301,36,18090,Madrid-Waddington Central School District,NY,89,679
26001,36,18120,Mahopac Central School District,NY,190,4033
14751,36,18150,Maine-Endwell Central School District,NY,219,2503
17459,36,18180,Malone Central School District,NY,420,2273
15584,36,18210,Malverne Union Free School District,NY,118,2379
31040,36,18240,Mamaroneck Union Free School District,NY,235,5790
5990,36,24270,Manchester-Shortsville Central School District,NY,83,797
16414,36,18270,Manhasset Union Free School District,NY,88,3191
4532,36,18450,Marathon Central School District,NY,146,825
10052,36,18480,Marcellus Central School District,NY,77,1594
3609,36,18510,Margaretville Central School District,NY,35,370
5471,36,18540,Marion Central School District,NY,94,832
13417,36,18570,Marlboro Central School District,NY,151,1887
46612,36,18630,Massapequa Union Free School District,NY,138,7701
16347,36,18660,Massena Central School District,NY,508,2567
9415,36,21,Mattituck-Cutchogue Union Free School District,NY,53,1216
5774,36,18750,Mayfield Central School District,NY,110,871
3308,36,18840,McGraw Central School District,NY,62,534
10510,36,18900,Mechanicville City School District,NY,156,1489
10561,36,18960,Medina Central School District,NY,218,1473
4044,36,18990,Menands Union Free School District,NY,59,505
18042,36,19110,Merrick Union Free School District,NY,35,1583
12408,36,19170,Mexico Central School District,NY,372,2163
61982,36,19200,Middle Country Central School District,NY,629,9235
5570,36,19260,Middleburgh Central School District,NY,69,662
46479,36,19320,Middletown City School District,NY,1056,7577
2923,36,19350,Milford Central School District,NY,36,325
7899,36,19380,Millbrook Central School District,NY,39,1174
15249,36,19410,Miller Place Union Free School District,NY,76,2586
25689,36,19500,Mineola Union Free School District,NY,159,3210
774,36,19530,Minerva Central School District,NY,8,83
23614,36,19560,Minisink Valley Central School District,NY,253,4033
40313,36,19650,Monroe-Woodbury Central School District,NY,980,8330
4346,36,19710,Montauk Union Free School District,NY,19,479
23610,36,19740,Monticello Central School District,NY,1210,3565
6986,36,19800,Moravia Central School District,NY,115,937
4617,36,19830,Moriah Central School District,NY,74,597
2580,36,19860,Morris Central School District,NY,56,316
2631,36,19890,Morristown Central School District,NY,64,450
5502,36,19920,Morrisville-Eaton Central School District,NY,68,671
7011,36,30930,Mount Markham Central School District,NY,156,1149
4880,36,20010,Mount Morris Central School District,NY,111,549
12975,36,20160,Mount Pleasant Central School District,NY,74,2252
12704,36,20040,Mount Sinai Union Free School District,NY,62,2084
74039,36,20100,Mount Vernon School District,NY,1425,10302
14611,36,20190,Nanuet Union Free School District,NY,159,2494
5180,36,20220,Naples Central School District,NY,94,692
16873,36,20370,New Hartford Central School District,NY,192,2740
23823,36,20400,New Hyde Park-Garden City Park Union Free School District,NY,92,1773
4301,36,20430,New Lebanon Central School District,NY,49,538
20064,36,20460,New Paltz Central School District,NY,161,2196
79884,36,20490,New Rochelle City School District,NY,1116,11412
408,36,20520,New Suffolk Common School District,NY,0,52
8478072,36,20580,New York City Department Of Education,NY,282054,1205433
5081,36,20610,New York Mills Union Free School District,NY,124,659
14455,36,20640,Newark Central School District,NY,345,2131
7277,36,20670,Newark Valley Central School District,NY,159,1158
69992,36,20700,Newburgh City School District,NY,1782,11461
411,36,20730,Newcomb Central School District,NY,3,40
10104,36,20760,Newfane Central School District,NY,137,1535
5352,36,20790,Newfield Central School District,NY,132,833
47962,36,20820,Niagara Falls City School District,NY,2188,7563
26462,36,20850,Niagara-Wheatfield Central School District,NY,412,3834
25343,36,20880,Niskayuna Central School District,NY,166,4598
31035,36,20910,North Babylon Union Free School District,NY,331,4715
26660,36,20940,North Bellmore Union Free School District,NY,69,2090
4141,36,20970,North Collins Central School District,NY,54,671
43719,36,21000,North Colonie Central School District,NY,387,6362
1996,36,31410,North Greenbush Common School District (Williams),NY,12,222
13674,36,21120,North Merrick Union Free School District,NY,31,1204
8268,36,16980,North Rose-Wolcott Central School District,NY,182,1290
7452,36,21180,North Salem Central School District,NY,29,1160
16605,36,26370,North Shore Central School District,NY,81,2868
58216,36,21210,North Syracuse Central School District,NY,770,8991
30052,36,21240,North Tonawanda City School District,NY,547,3941
4318,36,16960,North Warren Central School District,NY,56,485
6209,36,30390,Northeast Central School District,NY,69,787
8661,36,21250,Northeastern Clinton Central School District,NY,173,1304
6026,36,21260,Northern Adirondack Central School District,NY,129,858
35859,36,21270,Northport-East Northport Union Free School District,NY,142,5406
2776,36,21300,Northville Central School District,NY,33,360
12203,36,21330,Norwich City School District,NY,252,1830
6255,36,21360,Norwood-Norfolk Central School District,NY,169,998
23502,36,21480,Nyack Union Free School District,NY,263,3159
5000,36,21510,Oakfield-Alabama Central School District,NY,69,832
37370,36,21570,Oceanside Union Free School District,NY,194,6044
5224,36,21630,Odessa-Montour Central School District,NY,112,722
10346,36,21660,Ogdensburg City School District,NY,265,1485
14937,36,21720,Olean City School District,NY,749,2314
14019,36,13,Oneida City School District,NY,227,1926
20053,36,21780,Oneonta City School District,NY,233,1597
5568,36,21810,Onondaga Central School District,NY,87,896
15198,36,21840,Onteora Central School District,NY,155,1589
5693,36,1107,Oppenheim-Ephratah-St. Johnsville Central School District,NY,181,905
34119,36,21900,Orchard Park Central School District,NY,138,5476
4461,36,21960,Oriskany Central School District,NY,70,668
37046,36,22020,Ossining Union Free School District,NY,465,5061
31792,36,22050,Oswego City School District,NY,900,3927
6372,36,29240,Otego-Unadilla Central School District,NY,81,748
13562,36,22170,Owego-Apalachin Central School District,NY,215,1887
4767,36,22260,Oxford Academy and Central School District,NY,92,711
13586,36,22290,Oyster Bay-East Norwich Central School District,NY,90,2084
1960,36,21930,Oysterponds Union Free School District,NY,8,178
12727,36,22380,Palmyra-Macedon Central School District,NY,217,1890
3281,36,22410,Panama Central School District,NY,129,569
2807,36,22440,Parishville-Hopkinton Central School District,NY,76,488
52128,36,22470,Patchogue-Medford Union Free School District,NY,522,7136
4477,36,22500,Pavilion Central School District,NY,76,746
8802,36,22530,Pawling Central School District,NY,57,1222
16026,36,22560,Pearl River Union Free School District,NY,105,2672
24281,36,22650,Peekskill City School District,NY,436,3232
13104,36,22680,Pelham Union Free School District,NY,72,2829
6761,36,8340,Pembroke Central School District,NY,82,1008
31915,36,22710,Penfield Central School District,NY,220,5142
14957,36,22740,Penn Yan Central School District,NY,359,2234
7109,36,22770,Perry Central School District,NY,140,889
12061,36,22830,Peru Central School District,NY,232,1930
11111,36,22890,Phelps-Clifton Springs Central School District,NY,152,1633
11532,36,22920,Phoenix Central School District,NY,311,1767
32651,36,23010,Pine Bush Central School District,NY,881,5788
8479,36,23040,Pine Plains Central School District,NY,70,960
3937,36,23070,Pine Valley Central School District (South Dayton),NY,272,834
294,36,23130,Piseco Common School District,NY,2,29
34761,36,23160,Pittsford Central School District,NY,166,6263
19144,36,23190,Plainedge Union Free School District,NY,72,3021
30377,36,23220,Plainview-Old Bethpage Central School District,NY,147,5206
19353,36,23280,Plattsburgh City School District,NY,368,1975
9451,36,23310,Pleasantville Union Free School District,NY,41,1538
3435,36,23340,Pocantico Hills Central School District,NY,27,463
3943,36,23370,Poland Central School District,NY,56,572
5747,36,23430,Port Byron Central School District,NY,117,865
34942,36,23460,Port Chester-Rye Union Free School District,NY,680,5150
7704,36,23490,Port Jefferson Union Free School District,NY,32,1079
17516,36,23520,Port Jervis City School District,NY,456,2757
32361,36,23580,Port Washington Union Free School District,NY,234,5725
4643,36,23640,Portville Central School District,NY,117,731
13517,36,23670,Potsdam Central School District,NY,148,1400
32009,36,23760,Poughkeepsie City School District,NY,898,4378
2743,36,23790,Prattsburgh Central School District,NY,96,488
5898,36,23880,Pulaski Central School District,NY,176,1000
604,36,23970,Putnam Central School District,NY,9,86
10865,36,24000,Putnam Valley Central School District,NY,94,1602
22810,36,24030,Queensbury Union Free School District,NY,317,3281
1887,36,24060,Quogue Union Free School District,NY,2,294
6224,36,24090,Randolph Central School District,NY,272,1251
131,36,24120,Raquette Lake Union Free School District,NY,0,2
14282,36,24150,Ravena-Coeymans-Selkirk Central School District,NY,159,1981
5235,36,24210,Red Creek Central School District,NY,98,843
12694,36,24240,Red Hook Central School District,NY,92,1711
2853,36,24360,Remsen Central School District,NY,59,419
2534,36,24420,Remsenburg-Speonk Union Free School District,NY,7,386
9188,36,24450,Rensselaer City School District,NY,230,1149
9835,36,24480,Rhinebeck Central School District,NY,51,1062
3749,36,24570,Richfield Springs Central School District,NY,80,469
1880,36,24660,Ripley Central School District,NY,71,292
42228,36,24690,Riverhead Central School District,NY,688,5820
209313,36,24750,Rochester City School District,NY,10303,31635
24056,36,24780,Rockville Centre Union Free School District,NY,108,4194
17568,36,24840,Rocky Point Union Free School District,NY,132,2847
36625,36,24900,Rome City School District,NY,1506,5584
4269,36,24930,Romulus Central School District,NY,103,606
16660,36,24960,Rondout Valley Central School District,NY,207,1982
19527,36,24990,Roosevelt Union Free School District,NY,472,3242
1796,36,25020,Roscoe Central School District,NY,30,226
18147,36,25050,Roslyn Union Free School District,NY,142,3458
21389,36,4,Rotterdam-Mohonasen Central School District,NY,284,3234
2420,36,25110,Roxbury Central School District,NY,17,231
8749,36,25140,Royalton-Hartland Central School District,NY,137,1403
55376,36,25170,Rush-Henrietta Central School District,NY,656,6153
15361,36,25260,Rye City School District,NY,52,3297
9152,36,25290,Rye Neck Union Free School District,NY,55,1702
82126,36,25350,Sachem Central School District,NY,562,12333
2997,36,14880,Sackets Harbor Central School District,NY,34,419
8601,36,25380,Sag Harbor Union Free School District,NY,53,1167
745,36,25410,Sagaponack Common School District,NY,2,123
7697,36,25440,Salamanca City School District,NY,473,1342
3711,36,25470,Salem Central School District,NY,86,560
7618,36,25500,Salmon River Central School District,NY,348,1455
5438,36,25650,Sandy Creek Central School District,NY,135,820
11957,36,9,Saranac Central School District,NY,141,1533
11436,36,25740,Saranac Lake Central School District,NY,143,1242
52752,36,25770,Saratoga Springs City School District,NY,384,6811
20514,36,25800,Saugerties Central School District,NY,287,2541
6232,36,2,Sauquoit Valley Central School District,NY,122,1063
18619,36,25920,Sayville Union Free School District,NY,67,2806
19070,36,25950,Scarsdale Union Free School District,NY,55,4614
15025,36,25980,Schalmont Central School District,NY,109,2129
68829,36,26010,Schenectady City School District,NY,2607,10579
2393,36,3060,Schenevus Central School District,NY,23,265
6147,36,26070,Schodack Central School District,NY,68,1008
6485,36,26100,Schoharie Central School District,NY,121,899
2094,36,26130,Schroon Lake Central School District,NY,29,210
10205,36,26160,Schuylerville Central School District,NY,113,1609
2159,36,26190,Scio Central School District,NY,50,325
19078,36,26310,Scotia-Glenville Central School District,NY,181,2699
16048,36,26400,Seaford Union Free School District,NY,64,2523
9365,36,26430,Seneca Falls Central School District,NY,176,1353
122916,36,26520,Sewanhaka Central High School District,NY,544,9373
1980,36,26580,Sharon Springs Central School District,NY,51,286
3274,36,26640,Shelter Island Union Free School District,NY,5,345
69550,36,26670,Shenendehowa Central School District,NY,419,10374
8072,36,26700,Sherburne-Earlville Central School District,NY,143,1278
2716,36,26730,Sherman Central School District,NY,138,556
12128,36,26760,Sherrill City School District,NY,248,1995
12670,36,26840,Shoreham-Wading River Central School District,NY,55,2071
7328,36,26850,Sidney Central School District,NY,167,973
5828,36,26880,Silver Creek Central School District,NY,171,915
8487,36,26940,Skaneateles Central School District,NY,55,1376
56917,36,27060,Smithtown Central School District,NY,224,8999
7167,36,27120,Sodus Central School District,NY,174,979
9653,36,27150,Solvay Union Free School District,NY,227,1416
20652,36,27180,Somers Central School District,NY,68,3046
40023,36,27210,South Colonie Central School District,NY,450,5120
29236,36,8,South Country Central School District,NY,441,4294
21939,36,27240,South Glens Falls Central School District,NY,239,3157
39607,36,27300,South Huntington Union Free School District,NY,487,5930
10364,36,2340,South Jefferson Central School District,NY,218,1983
2426,36,27330,South Kortright Central School District,NY,38,295
6636,36,27360,South Lewis Central School District,NY,166,1054
21695,36,27450,South Orangetown Central School District,NY,120,3253
6744,36,22140,South Seneca Central School District,NY,224,1026
13721,36,27540,Southampton Union Free School District,NY,95,1906
5861,36,27570,Southern Cayuga Central School District,NY,90,829
6647,36,27620,Southold Union Free School District,NY,34,761
9657,36,27660,Southwestern Central School District at Jamestown,NY,200,1393
8947,36,6500,Spackenkill Union Free School District,NY,76,1421
5914,36,27750,Spencer-Van Etten Central School District,NY,150,965
23774,36,27780,Spencerport Central School District,NY,298,3820
8139,36,27900,Springs Union Free School District,NY,73,1111
12879,36,12990,Springville-Griffith Institute Central School,NY,122,1869
2069,36,27990,St. Regis Falls Central School District,NY,46,303
2505,36,28020,Stamford Central School District,NY,42,248
18844,36,28050,Starpoint Central School District,NY,174,3183
7891,36,28110,Stillwater Central School District,NY,61,1100
2666,36,28140,Stockbridge Valley Central School District,NY,33,399
31767,36,28320,Suffern Central School District,NY,840,5939
10015,36,23,Sullivan West Central School District,NY,156,1262
10032,36,28380,Susquehanna Valley Central School District,NY,151,1596
39919,36,28500,Sweet Home Central School District,NY,507,4164
35286,36,28560,Syosset Central School District,NY,250,6813
146529,36,28590,Syracuse City School District,NY,6265,21624
11607,36,28620,Taconic Hills Central School District,NY,192,1350
7241,36,7650,Thousand Islands Central School District,NY,110,986
49402,36,28200,Three Village Central School District,NY,179,6144
5265,36,28680,Ticonderoga Central School District,NY,106,631
5173,36,28710,Tioga Central School District,NY,97,842
15071,36,28740,Tonawanda City School District,NY,257,2047
2175,36,28800,Town of Webb Union Free School District,NY,13,205
6199,36,28890,Tri-Valley Central School District,NY,130,957
41865,36,28950,Troy City School District,NY,1124,4888
7129,36,28980,Trumansburg Central School District,NY,111,1058
3717,36,29070,Tuckahoe Common School District,NY,29,493
7874,36,29040,Tuckahoe Union Free School District,NY,38,1152
5694,36,29130,Tully Central School District,NY,48,908
5375,36,29160,Tupper Lake Central School District,NY,101,730
3617,36,29190,Tuxedo Union Free School District,NY,8,337
5283,36,19,Unadilla Valley Central School District,NY,156,864
20302,36,28650,Union Free School District of the Tarrytowns,NY,233,2739
5790,36,29250,Union Springs Central School District,NY,64,892
31160,36,10710,Union-Endicott Central School District,NY,651,4370
44357,36,29280,Uniondale Union Free School District,NY,796,6438
64220,36,29370,Utica City School District,NY,4604,11393
10137,36,29400,Valhalla Union Free School District,NY,56,1478
28512,36,19680,Valley Central School District (Montgomery),NY,323,4867
64215,36,29520,Valley Stream Central High School District,NY,351,4968
30116,36,29430,Valley Stream Union Free School District 13,NY,158,2214
15454,36,29460,Valley Stream Union Free School District 24,NY,104,1220
18645,36,29490,Valley Stream Union Free School District 30,NY,136,1488
1614,36,22200,Van Hornesville-Owen D. Young Central School District,NY,69,300
32415,36,29610,Vestal Central School District,NY,308,3913
26934,36,29640,Victor Central School District,NY,232,4582
7882,36,29670,Voorheesville Central School District,NY,37,1289
958,36,29760,Wainscott Common School District,NY,2,121
22783,36,29790,Wallkill Central School District,NY,248,3044
6453,36,29820,Walton Central School District,NY,137,800
17625,36,29850,Wantagh Union Free School District,NY,61,3107
76691,36,29880,Wappingers Central School District,NY,605,11287
5491,36,29910,Warrensburg Central School District,NY,122,738
6428,36,29940,Warsaw Central School District,NY,99,851
24067,36,29970,Warwick Valley Central School District,NY,161,4153
26461,36,30030,Washingtonville Central School District,NY,658,5135
5875,36,30060,Waterford-Halfmoon Union Free School District,NY,90,829
11301,36,14,Waterloo Central School District,NY,277,1825
28893,36,30120,Watertown City School District,NY,1053,4430
5263,36,30160,Waterville Central School District,NY,129,798
11661,36,30210,Watervliet City School District,NY,318,1626
7642,36,30240,Watkins Glen Central School District,NY,152,995
9487,36,30270,Waverly Central School District,NY,207,1454
8505,36,11,Wayland-Cohocton Central School District,NY,198,1286
15338,36,30330,Wayne Central School District,NY,203,2328
59678,36,30360,Webster Central School District,NY,530,9195
5151,36,30420,Weedsport Central School District,NY,56,770
927,36,30450,Wells Central School District,NY,6,101
9086,36,30480,Wellsville Central School District,NY,186,1262
28146,36,30540,West Babylon Union Free School District,NY,238,3910
4374,36,30600,West Canada Valley Central School District,NY,126,743
31916,36,30630,West Genesee Central School District,NY,289,5011
18193,36,30660,West Hempstead Union Free School District,NY,190,3230
23493,36,15390,West Irondequoit Central School District,NY,327,3826
27455,36,30690,West Islip Union Free School District,NY,123,4416
54081,36,30780,West Seneca Central School District,NY,509,7348
1952,36,30900,West Valley Central School District,NY,40,256
26985,36,30960,Westbury Union Free School District,NY,494,4189
4637,36,30990,Westfield Central School District,NY,120,645
6735,36,31020,Westhampton Beach Union Free School District,NY,58,979
12717,36,7320,Westhill Central School District,NY,119,2003
6039,36,31050,Westmoreland Central School District,NY,68,919
5776,36,31170,Wheatland-Chili Central School District,NY,74,769
1345,36,31200,Wheelerville Union Free School District,NY,14,142
59677,36,31260,White Plains City School District,NY,676,7537
4676,36,31290,Whitehall Central School District,NY,132,741
24795,36,31320,Whitesboro Central School District,NY,385,3380
1108,36,31350,Whitesville Central School District,NY,41,237
8657,36,31380,Whitney Point Central School District,NY,193,1443
50614,36,18690,William Floyd Union Free School District,NY,1088,8508
6754,36,31440,Williamson Central School District,NY,116,1066
75749,36,31470,Williamsville Central School District,NY,518,11523
2371,36,31500,Willsboro Central School District,NY,30,241
8149,36,31560,Wilson Central School District,NY,105,1180
3042,36,31590,Windham-Ashland-Jewett Central School District,NY,61,348
9926,36,2730,Windsor Central School District,NY,155,1635
2434,36,31740,Worcester Central School District,NY,39,314
13162,36,31800,Wyandanch Union Free School District,NY,384,2542
3508,36,31830,Wynantskill Union Free School District,NY,20,507
1565,36,31860,Wyoming Central School District,NY,20,244
211988,36,31920,Yonkers City School District,NY,4434,30219
4837,36,31950,York Central School District,NY,64,669
15398,36,8970,Yorkshire-Pioneer Central School District,NY,390,2442
20917,36,31980,Yorktown Central School District,NY,128,3683
183040,37,30,Alamance-Burlington Schools,NC,5467,29773
36693,37,90,Alexander County Schools,NC,779,5268
11379,37,120,Alleghany County Schools,NC,319,1390
22432,37,180,Anson County Schools,NC,860,3128
27266,37,210,Ashe County Schools,NC,840,3377
30392,37,240,Asheboro City Schools,NC,957,4964
44986,37,270,Asheville City Schools,NC,643,4675
17811,37,300,Avery County Schools,NC,345,1893
44576,37,330,Beaufort County Schools,NC,1522,6248
16939,37,360,Bertie County Schools,NC,461,2077
29777,37,390,Bladen County Schools,NC,1220,4444
167112,37,420,Brunswick County Schools,NC,2507,16551
234224,37,450,Buncombe County Schools,NC,4457,31504
88545,37,480,Burke County Schools,NC,2731,11855
218200,37,530,Cabarrus County Schools,NC,3474,41427
80739,37,580,Caldwell County Schools,NC,1953,11796
11184,37,600,Camden County Schools,NC,132,1968
35803,37,383,Camp Lejeune Schools,NC,150,2627
70259,37,630,Carteret County Schools,NC,972,9035
22363,37,660,Caswell County Schools,NC,729,3090
113557,37,690,Catawba County Schools,NC,2903,18586
93897,37,720,Chapel Hill-Carrboro Schools,NC,854,12309
1206285,37,2970,Charlotte-Mecklenburg Schools,NC,26828,192923
83874,37,750,Chatham County Schools,NC,1174,11824
8486,37,153,Cherokee Central Schools,NC,608,1764
30373,37,780,Cherokee County Schools,NC,843,3499
12042,37,870,Clay County Schools,NC,229,1317
102194,37,900,Cleveland County Schools,NC,3143,16789
15790,37,930,Clinton City Schools,NC,720,2822
37088,37,960,Columbus County Schools,NC,1345,5570
104167,37,3310,Craven County Schools,NC,2512,15579
315030,37,11,Cumberland County Schools,NC,12573,58508
32278,37,1080,Currituck County Schools,NC,520,5374
38183,37,1110,Dare County Schools,NC,550,5131
139945,37,1140,Davidson County Schools,NC,2519,22528
45383,37,1170,Davie County Schools,NC,735,7044
50539,37,1200,Duplin County Schools,NC,2407,8615
343628,37,1260,Durham Public Schools,NC,6920,46936
13891,37,840,Edenton-Chowan Schools,NC,467,1999
49124,37,1320,Edgecombe County Schools,NC,2334,8261
6315,37,1380,Elkin City Schools,NC,198,921
398143,37,1500,Forsyth County Schools,NC,10147,65686
23409,37,148,Fort Bragg Schools,NC,269,2651
79771,37,1530,Franklin County Schools,NC,1867,12498
242010,37,1620,Gaston County Schools,NC,5539,39412
10299,37,1680,Gates County Schools,NC,236,1465
8179,37,1770,Graham County Schools,NC,245,1085
61544,37,1800,Granville County Schools,NC,1535,9200
20671,37,1830,Greene County Schools,NC,667,2849
558816,37,1920,Guilford County Schools,NC,15995,90443
27085,37,1950,Halifax County Schools,NC,970,3900
146096,37,2010,Harnett County Schools,NC,3557,26467
63047,37,2040,Haywood County Schools,NC,1463,8162
120771,37,2100,Henderson County Schools,NC,2241,16468
19169,37,2160,Hertford County Schools,NC,776,2830
34241,37,2190,Hickory City Schools,NC,991,5000
55373,37,2250,Hoke County Schools,NC,2327,10383
4583,37,2280,Hyde County Schools,NC,126,497
167897,37,2310,Iredell-Statesville Schools,NC,2981,26464
41272,37,2340,Jackson County Schools,NC,775,4586
249794,37,2370,Johnston County Schools,NC,5663,45384
9462,37,2400,Jones County Schools,NC,349,1302
35906,37,2430,Kannapolis City Schools,NC,1082,6129
68537,37,2560,Lee County Schools,NC,2129,11679
55332,37,2610,Lenoir County Schools,NC,2389,9160
22111,37,2640,Lexington City Schools,NC,819,3437
97611,37,2680,Lincoln County Schools,NC,1735,14851
38717,37,2760,Macon County Schools,NC,934,5245
22352,37,2820,Madison County Schools,NC,504,2831
21523,37,2880,Martin County Schools,NC,900,3263
45269,37,2940,McDowell County Schools,NC,1199,6456
15030,37,3000,Mitchell County Schools,NC,372,2052
26364,37,3060,Montgomery County Schools,NC,893,4039
108417,37,3090,Moore County Schools,NC,2194,17361
38464,37,3120,Mooresville City Schools,NC,734,7133
10963,37,3210,Mount Airy City Schools,NC,448,1599
97990,37,3270,Nash-Rocky Mount Schools,NC,2894,15780
243333,37,3330,New Hanover County Schools,NC,3977,30903
19256,37,3360,Newton-Conover City Schools,NC,581,3002
16580,37,3420,Northampton County Schools,NC,708,2142
177151,37,3450,Onslow County Schools,NC,5019,33560
58980,37,3480,Orange County Schools,NC,803,9006
12550,37,3510,Pamlico County Schools,NC,307,1308
41418,37,3540,Pasquotank County Schools,NC,1292,6266
70077,37,3570,Pender County Schools,NC,1389,11832
13460,37,3600,Perquimans County Schools,NC,405,1875
40143,37,3630,Person County Schools,NC,1107,6086
180783,37,12,Pitt County Schools,NC,5065,27597
20320,37,3720,Polk County Schools,NC,406,2343
117997,37,3780,Randolph County Schools,NC,2753,19534
41990,37,3870,Richmond County Schools,NC,1973,7265
13520,37,3900,Roanoke Rapids City Schools,NC,561,2546
118624,37,3930,Robeson County Schools,NC,6406,22086
93517,37,3990,Rockingham County Schools,NC,2979,14091
144203,37,4050,Rowan-Salisbury Schools,NC,4376,23465
65587,37,4080,Rutherford County Schools,NC,1846,9715
44614,37,4140,Sampson County Schools,NC,1997,8033
33898,37,4200,Scotland County Schools,NC,1945,5878
67326,37,4320,Stanly County Schools,NC,1666,10785
45857,37,4380,Stokes County Schools,NC,906,6404
54269,37,4410,Surry County Schools,NC,2069,8551
9469,37,4440,Swain County Schools,NC,191,1319
15753,37,4500,Thomasville City Schools,NC,685,2695
34103,37,4530,Transylvania County Schools,NC,617,3980
3517,37,4590,Tyrrell County Schools,NC,119,497
263386,37,4620,Union County Public Schools,NC,4377,50885
42337,37,4650,Vance County Schools,NC,1932,7390
1232444,37,4720,Wake County Schools,NC,19416,205079
19081,37,4740,Warren County Schools,NC,702,2496
10654,37,4800,Washington County Schools,NC,470,1488
54997,37,4830,Watauga County Schools,NC,547,4926
120338,37,4880,Wayne County Public Schools,NC,5800,20473
6387,37,4890,Weldon City Schools,NC,251,964
12966,37,4920,Whiteville City Schools,NC,504,1882
66186,37,4950,Wilkes County Schools,NC,1931,9529
79958,37,5020,Wilson County Schools,NC,3666,13461
37995,37,5040,Yadkin County Schools,NC,1107,5818
18993,37,5070,Yancey County Schools,NC,467,2456
1039,38,1760,Alexander Public School District 2,ND,25,222
424,38,1950,Anamoose Public School District 14,ND,12,73
1064,38,2014,Apple Creek Public School District 39,ND,1,241
967,38,2170,Ashley Public School District 9,ND,38,137
1756,38,60,Barnes County North Public School District 7,ND,39,302
1503,38,2380,Beach Public School District 3,ND,20,203
5099,38,2530,Belcourt Public School District 7,ND,347,1283
1346,38,6210,Belfield Public School District 13,ND,35,295
4622,38,32,Beulah Public School District 27,ND,61,811
1063,38,2840,Billings County Public School District 1,ND,13,161
99136,38,14,Bismarck Public School District 1,ND,1145,16831
4204,38,3060,Bottineau Public School District 1,ND,66,661
516,38,3090,Bowbells Public School District 14,ND,11,95
2591,38,3200,Bowman County Public School District 1,ND,55,459
768,38,3590,Burke Central Public School District 36,ND,15,142
3258,38,53,Carrington Public School District 49,ND,50,548
2394,38,18,Cavalier Public School District 6,ND,28,389
2030,38,52,Center-Stanton Public School District 1,ND,50,374
4188,38,4090,Central Cass Public School District 17,ND,37,940
1557,38,4140,Central Valley Public School District 3,ND,18,306
2409,38,40,Dakota Prairie Public School District 1,ND,59,365
11023,38,5040,Devils Lake Public School District 1,ND,326,2122
29420,38,38,Dickinson Public School District 1,ND,606,5787
2004,38,5160,Divide County Public School District 1,ND,53,365
656,38,29,Drake Public School District 57,ND,17,99
939,38,5340,Drayton Public School District 19,ND,5,153
2684,38,5460,Dunseith Public School District 1,ND,203,695
87,38,5670,Earl Public School District 18,ND,0,11
1292,38,5850,Edgeley Public School District 3,ND,26,214
521,38,5950,Edmore Public School District 2,ND,4,76
828,38,6010,Eight Mile Public School District 6,ND,13,200
1260,38,45,Elgin-New Leipzig Public School District 49,ND,57,168
2116,38,6090,Ellendale Public School District 40,ND,63,355
943,38,6360,Emerado Public School District 127,ND,16,155
2078,38,61,Enderlin Area Public School District 24,ND,47,333
560,38,6690,Fairmount Public School District 18,ND,11,92
104195,38,6780,Fargo Public School District 1,ND,1711,14393
1190,38,49,Fessenden-Bowdon Public School District 25,ND,15,194
837,38,6910,Finley-Sharon Public School District 19,ND,10,151
849,38,6930,Flasher Public School District 39,ND,21,166
579,38,56,Fordville-Lankin Public School District 5,ND,3,92
241,38,33,Fort Ransom Public School District 6,ND,1,47
1662,38,7170,Fort Totten Public School District 30,ND,192,498
2474,38,7200,Fort Yates Public School District 4,ND,205,642
924,38,43,Gackle-Streeter Public School District 56,ND,27,132
2683,38,7590,Garrison Public School District 51,ND,25,384
1150,38,7830,Glen Ullin Public School District 48,ND,14,183
1147,38,7850,Glenburn Public School District 26,ND,24,233
5370,38,406,Grafton Public School District 18,ND,144,931
63021,38,8130,Grand Forks Public School District 1,ND,953,9011
852,38,8460,Grenora Public School District 99,ND,15,174
1694,38,4560,Griggs County Central School District 18,ND,34,285
1764,38,8710,Hankinson Public School District 8,ND,28,313
2593,38,8890,Harvey Public School District 38,ND,65,408
1231,38,9000,Hatton-Eielson Public School District 7,ND,20,255
790,38,9130,Hazelton-Moffit-Braddock Public School District 6,ND,21,142
3195,38,31,Hazen Public School District 3,ND,39,594
1178,38,9180,Hebron Public School District 13,ND,18,222
1886,38,9410,Hettinger Public School District 13,ND,37,278
2442,38,9570,Hillsboro Public School District 9,ND,38,446
1169,38,404,Hope-Page Public School District 85,ND,9,170
115,38,9810,Horse Creek Public School District 32,ND,0,29
18483,38,21,Jamestown Public School District 1,ND,269,2629
1690,38,10180,Kenmare Public School District 28,ND,17,294
340,38,10260,Kensal Public School District 19,ND,2,70
2376,38,389,Kidder County School District 1,ND,58,396
2657,38,10270,Killdeer Public School District 16,ND,48,470
4122,38,25,Kindred Public School District 2,ND,33,882
839,38,10500,Kulm Public School District 7,ND,18,112
1722,38,10740,LaMoure Public School District 8,ND,31,264
1282,38,10600,Lakota Public School District 66,ND,16,201
2897,38,10810,Langdon Area Public School District 23,ND,56,510
2450,38,10860,Larimore Public School District 44,ND,34,418
840,38,10980,Leeds Public School District 6,ND,35,160
2051,38,58,Lewis and Clark Public School District 161,ND,23,419
1177,38,11140,Lidgerwood Public School District 28,ND,28,199
1560,38,17,Linton Public School District 36,ND,36,232
3555,38,11430,Lisbon Public School District 19,ND,51,563
1012,38,57,Litchville-Marion Public School District 46,ND,12,163
235,38,11540,Little Heart Public School District 4,ND,6,52
292,38,11610,Lone Tree Public School District 6,ND,3,47
920,38,11700,Maddock Public School District 9,ND,26,155
29257,38,11820,Mandan Public School District 1,ND,539,5018
1099,38,11850,Mandaree Public School District 36,ND,74,297
138,38,11970,Manning Public School District 45,ND,1,27
1352,38,12000,Manvel Public School District 125,ND,18,294
1650,38,12020,Maple Valley Public School District 4,ND,30,306
1707,38,12030,Mapleton Public School District 7,ND,12,338
154,38,12120,Marmarth Public School District 12,ND,8,22
1026,38,12350,Max Public School District 50,ND,25,168
3593,38,41,May-Port CG Public School District 14,ND,26,566
888,38,80783,McClusky-Goodrich Public School District 29,ND,29,114
11041,38,12540,McKenzie County Public School District 1,ND,178,2486
749,38,12660,Medina Public School District 3,ND,18,126
493,38,12720,Menoken Public School District 33,ND,8,97
1107,38,42,Midkota Public School District 7,ND,16,175
1348,38,12920,Midway Public School District 128,ND,19,260
1181,38,12930,Milnor Public School District 2,ND,17,195
358,38,12990,Minnewaukan Public School District 5,ND,24,60
54404,38,13030,Minot Public School District 1,ND,913,8704
1043,38,13050,Minto Public School District 20,ND,11,204
2071,38,50,Mohall-Lansford-Sherwood Public School District 1,ND,37,393
504,38,13230,Montpelier Public School District 14,ND,12,106
1421,38,46,Mott-Regent Public School District 1,ND,45,276
1760,38,13400,Mount Pleasant Public School District 4,ND,72,335
529,38,13440,Munich Public School District 19,ND,13,86
1292,38,13510,Napoleon Public School District 2,ND,35,237
152,38,15,Naughton Public School District 25,ND,0,25
3217,38,13660,Nedrose Public School District 4,ND,66,624
1861,38,13710,Nesson Public School District 2,ND,20,459
1412,38,27,New England Public School District 9,ND,35,256
2213,38,59,New Rockford-Sheyenne Public School District 2,ND,63,408
2076,38,392,New Salem-Almont School District,ND,37,361
4716,38,13920,New Town Public School District 1,ND,196,1079
646,38,825,Newburg United Public School District 54,ND,10,105
2498,38,54,North Border School District 100,ND,47,418
1125,38,14290,North Sargent Public School District 3,ND,19,187
1699,38,390,North Star School District,ND,27,286
2634,38,44,Northern Cass Public School District 97,ND,11,550
1637,38,14340,Northwood Public School District 129,ND,20,338
2757,38,14500,Oakes Public School District 41,ND,54,469
268,38,14520,Oberon Public School District 16,ND,10,66
2491,38,401,Park River Area Public School District 8,ND,49,444
1436,38,14940,Parshall Public School District 3,ND,25,282
535,38,15150,Pingree-Buchanan Public School District 10,ND,10,107
880,38,24,Powers Lake Public School District 27,ND,10,178
1673,38,48,Richardton-Taylor Public School District 34,ND,44,348
1439,38,36,Richland Public School District 44,ND,12,265
1067,38,16050,Rolette Public School District 29,ND,40,209
650,38,16090,Roosevelt Public School District 18,ND,24,120
3736,38,16130,Rugby Public School District 5,ND,85,684
1385,38,16430,Sargent Central Public School District 6,ND,22,203
921,38,16470,Sawyer Public School District 16,ND,3,183
864,38,23,Scranton Public School District 33,ND,15,160
321,38,16510,Selfridge Public School District 8,ND,28,65
985,38,16980,Solen Public School District 3,ND,125,281
1601,38,17130,South Heart Public School District 9,ND,17,341
1064,38,17170,South Prairie Public School District 70,ND,10,222
1306,38,17460,St. John Public School District 3,ND,80,301
3612,38,17570,Stanley Public School District 2,ND,79,741
352,38,17670,Starkweather Public School District 44,ND,8,50
530,38,17760,Sterling Public School District 35,ND,14,97
933,38,16,Strasburg Public School District 15,ND,15,123
1975,38,17910,Surrey Public School District 41,ND,29,429
109,38,17940,Sweet Briar Public School District 17,ND,2,17
2356,38,47,TGU Public School District 60,ND,59,424
2492,38,18280,Thompson Public School District 61,ND,12,583
3152,38,39,Tioga Public School District 15,ND,32,641
1288,38,18500,Turtle Lake-Mercer Public School District 72,ND,27,205
342,38,18600,Twin Buttes Public School District 37,ND,20,85
1539,38,18660,Underwood Public School District 8,ND,35,217
3369,38,18730,United Public School District 7,ND,50,751
8060,38,18850,Valley City Public School District 2,ND,97,1154
1335,38,397,Valley-Edinburg Public School District 118,ND,20,209
2170,38,17040,Velva Public School District 1,ND,49,432
9666,38,19020,Wahpeton Public School District 37,ND,155,1390
976,38,19260,Warwick Public School District 29,ND,89,251
1964,38,19290,Washburn Public School District 4,ND,20,317
83276,38,19410,West Fargo Public School District 6,ND,1453,14330
724,38,19470,Westhope Public School District 17,ND,13,133
751,38,19680,White Shield Public School District 85,ND,35,185
34599,38,405,Williston Basin Public School District 7,ND,743,7394
1658,38,13200,Wilton Public School District 1,ND,17,264
388,38,20130,Wing Public School District 28,ND,5,77
1356,38,20190,Wishek Public School District 19,ND,28,207
1241,38,20310,Wyndmere Public School District 42,ND,10,204
605,38,20340,Yellowstone Public School District 14,ND,14,136
244,38,20400,Zeeland Public School District 4,ND,6,37
7201,39,4518,Ada Exempted Village School District,OH,103,946
23604,39,6190,Adams County/Ohio Valley Local School District,OH,863,4287
6931,39,4949,Adena Local School District,OH,152,1294
180442,39,4348,Akron City School District,OH,8383,27193
10453,39,4590,Alexander Local School District,OH,216,1544
5831,39,4575,Allen East Local School District,OH,78,1085
20971,39,4349,Alliance City School District,OH,801,3112
9087,39,4684,Amanda-Clearcreek Local School District,OH,161,1749
26115,39,4519,Amherst Exempted Village School District,OH,295,4281
5266,39,10004,Anna Local School District,OH,48,996
3323,39,4662,Ansonia Local School District,OH,52,635
31908,39,4820,Anthony Wayne Local School District,OH,226,5803
3822,39,4899,Antwerp Local School District,OH,55,691
2972,39,10002,Arcadia Local School District,OH,33,447
6001,39,4663,Arcanum-Butler Local School District,OH,92,1121
7245,39,4704,Archbold Area Local School District,OH,92,1271
3517,39,4742,Arlington Local School District,OH,43,717
25302,39,4350,Ashland City School District,OH,614,3808
26690,39,4351,Ashtabula Area City School District,OH,1173,4094
34867,39,4352,Athens City School District,OH,426,2667
18170,39,4917,Aurora City School District,OH,87,3146
35007,39,4829,Austintown Local School District,OH,856,4694
25543,39,4812,Avon Lake City School District,OH,144,4584
25567,39,4811,Avon Local School District,OH,228,5359
4043,39,4670,Ayersville Local School District,OH,54,655
24695,39,4353,Barberton City School District,OH,834,3622
7626,39,4520,Barnesville Exempted Village School District,OH,200,1235
15101,39,4630,Batavia Local School District,OH,300,2604
11942,39,4576,Bath Local School District,OH,215,1782
15853,39,4354,Bay Village City School District,OH,75,2941
13765,39,4355,Beachwood City School District,OH,161,2310
14852,39,4642,Beaver Local School District,OH,255,1763
59029,39,4724,Beavercreek City School District,OH,468,9954
29186,39,10017,Bedford City School District,OH,842,3706
9024,39,4357,Bellaire Local School District,OH,294,1238
17752,39,4727,Bellbrook-Sugarcreek Local School District,OH,176,3411
16129,39,4358,Bellefontaine City School District,OH,439,2810
13141,39,4359,Bellevue City School District,OH,271,2271
8753,39,4361,Belpre City School District,OH,259,1220
11178,39,4807,Benjamin Logan Local School District,OH,148,1961
9797,39,4892,Benton-Carroll-Salem Local School District,OH,147,1479
52433,39,4360,Berea City School District,OH,781,6694
13262,39,4716,Berkshire Local School District,OH,125,2139
5381,39,4685,Berne Union Local School District,OH,87,955
10482,39,4861,Bethel Local School District,OH,228,2064
9535,39,4631,Bethel-Tate Local School District,OH,183,1611
14270,39,4362,Bexley City School District,OH,85,2955
25611,39,4674,Big Walnut Local School District,OH,161,4792
10132,39,4846,Black River Local School District,OH,294,1849
8855,39,4638,Blanchester Local School District,OH,204,1534
12958,39,4686,Bloom-Carroll Local School District,OH,110,2497
4348,39,4959,Bloom-Vernon Local School District,OH,107,740
4360,39,5009,Bloomfield-Mespo Local School District,OH,129,1155
6356,39,4521,Bluffton Exempted Village School District,OH,61,1070
36042,39,4830,Boardman Local School District,OH,917,4899
2281,39,4976,Botkins Local School District,OH,17,418
36292,39,4363,Bowling Green City School District,OH,436,3639
3190,39,4522,Bradford Exempted Village School District,OH,82,592
26965,39,4364,Brecksville-Broadview Heights City School District,OH,227,4553
5866,39,4523,Bridgeport Exempted Village School District,OH,188,791
4997,39,4761,Bright Local School District,OH,144,885
5661,39,5011,Bristol Local School District,OH,113,1215
8379,39,5012,Brookfield Local School District,OH,166,1096
11141,39,4365,Brooklyn City School District,OH,278,1523
9749,39,4867,Brookville Local School District,OH,122,1663
4809,39,4617,Brown Local School District,OH,113,702
48568,39,4366,Brunswick City School District,OH,481,7523
13179,39,4367,Bryan City School District,OH,302,2088
4993,39,4650,Buckeye Central Local School District,OH,81,832
10538,39,4585,Buckeye Local School District,OH,288,1652
13261,39,4778,Buckeye Local School District,OH,375,1903
15576,39,4847,Buckeye Local School District,OH,124,2280
19557,39,4675,Buckeye Valley Local School District,OH,127,3111
10187,39,4368,Bucyrus City School District,OH,243,1565
8327,39,4525,Caldwell Exempted Village School District,OH,140,886
14985,39,4369,Cambridge City School District,OH,508,2314
7728,39,4370,Campbell City School District,OH,519,1292
22100,39,4694,Canal Winchester Local School District,OH,499,4589
19224,39,4831,Canfield Local School District,OH,170,3150
60460,39,4371,Canton City School District,OH,3889,10137
12334,39,4983,Canton Local School District,OH,333,1906
15614,39,4717,Cardinal Local School District,OH,264,3393
6654,39,4879,Cardington-Lincoln Local School District,OH,139,1075
5025,39,4526,Carey Exempted Village School District,OH,83,864
10763,39,5041,Carlisle Local School District,OH,140,1717
15644,39,4527,Carrollton Exempted Village School District,OH,353,2499
6791,39,4725,Cedar Cliff Local School District,OH,44,717
18934,39,10030,Celina City School District,OH,355,3026
6747,39,4782,Centerburg Local School District,OH,76,1252
61379,39,4373,Centerville City School District,OH,641,10170
6069,39,4671,Central Local School District,OH,82,1108
11336,39,4528,Chagrin Falls Exempted Village School District,OH,44,1910
9345,39,5013,Champion Local School District,OH,127,1456
21540,39,4718,Chardon Local School District,OH,181,3234
6834,39,4529,Chesapeake Union Exempted Village School District,OH,161,1132
22918,39,4374,Chillicothe City School District,OH,674,3447
9048,39,5053,Chippewa Local School District,OH,160,1417
346102,39,4375,Cincinnati City School District,OH,13481,49775
16165,39,4376,Circleville City School District,OH,391,2460
12103,39,4628,Clark-Shawnee Local School District,OH,264,2033
3405,39,10026,Clay Local School District,OH,105,533
11680,39,4377,Claymont City School District,OH,445,2132
10761,39,4941,Clear Fork Valley Local School District,OH,195,2004
6360,39,4813,Clearview Local School District,OH,290,1099
13000,39,4632,Clermont Northeastern Local School District,OH,192,1955
56607,39,4379,Cleveland Heights-University Heights City School District,OH,1588,8388
367384,39,4378,Cleveland Municipal School District,OH,21063,55585
10331,39,4639,Clinton-Massie Local School District,OH,123,1815
19919,39,4848,Cloverleaf Local School District,OH,216,2777
12417,39,10020,Clyde-Green Springs Exempted Village School District,OH,291,2062
6947,39,4531,Coldwater Exempted Village School District,OH,56,1436
649,39,6496,College Corner Local School District,OH,19,140
5423,39,4651,Colonel Crawford Local School District,OH,71,834
6860,39,4814,Columbia Local School District,OH,60,957
7899,39,4532,Columbiana Exempted Village School District,OH,103,1045
585551,39,4380,Columbus City School District,OH,20182,79479
5081,39,4931,Columbus Grove Local School District,OH,64,1009
13838,39,4381,Conneaut Area City School District,OH,465,1958
3056,39,4754,Conotton Valley Union Local School District,OH,73,463
3345,39,4932,Continental Local School District,OH,38,613
21868,39,4998,Copley-Fairlawn City School District,OH,223,3372
4031,39,4743,Cory-Rawson Local School District,OH,71,758
11375,39,4382,Coshocton City School District,OH,384,1865
12575,39,4999,Coventry Local School District,OH,196,1439
5103,39,4533,Covington Exempted Village School District,OH,89,907
5281,39,10008,Crestline Exempted Village School District,OH,167,900
5674,39,4643,Crestview Local School District,OH,103,985
7320,39,4942,Crestview Local School District,OH,215,1573
4625,39,5035,Crestview Local School District,OH,64,846
13823,39,4918,Crestwood Local School District,OH,128,1797
5237,39,4535,Crooksville Exempted Village School District,OH,161,955
40647,39,4383,Cuyahoga Falls City School District,OH,576,5191
3913,39,4655,Cuyahoga Heights Local School District,OH,35,614
7627,39,5054,Dalton Local School District,OH,213,1546
4861,39,4893,Danbury Local School District,OH,48,424
4091,39,4783,Danville Local School District,OH,118,919
5654,39,4792,Dawson-Bryant Local School District,OH,172,947
147981,39,4384,Dayton City School District,OH,7663,23292
11828,39,4385,Deer Park Community City School District,OH,174,1440
16867,39,4386,Defiance City School District,OH,396,2705
42759,39,4387,Delaware City School District,OH,456,6435
9822,39,4388,Delphos City School District,OH,152,1607
17199,39,4389,Dover City School District,OH,346,2781
98316,39,4702,Dublin City School District,OH,1161,18886
16561,39,4390,East Cleveland City School District,OH,1049,2393
7833,39,4640,East Clinton Local School District,OH,188,1376
7339,39,6968,East Guernsey Local School District,OH,220,1317
22613,39,4768,East Holmes Local School District,OH,465,5506
10143,39,10013,East Knox Local School District,OH,214,1835
14780,39,4391,East Liverpool City School District,OH,741,2300
13031,39,4883,East Muskingum Local School District,OH,204,2212
7868,39,4392,East Palestine City School District,OH,231,1256
8756,39,4603,Eastern Local School District,OH,245,1566
4856,39,4851,Eastern Local School District,OH,76,773
4819,39,4912,Eastern Local School District,OH,231,864
8829,39,5067,Eastwood Local School District,OH,115,1532
14017,39,4393,Eaton Community City School District,OH,252,2245
3754,39,5061,Edgerton Local School District,OH,57,638
20270,39,4609,Edgewood City School District,OH,478,3969
9065,39,4678,Edison Local (formerly Berlin-Milan) School District,OH,185,1499
13482,39,4779,Edison Local School District,OH,343,2015
3173,39,5062,Edon Northwest Local School District,OH,62,546
6805,39,4841,Elgin Local School District,OH,158,1145
18628,39,4577,Elida Local School District,OH,560,3106
6191,39,5068,Elmwood Local School District,OH,105,1166
52079,39,4394,Elyria City School District,OH,1748,7691
48758,39,4395,Euclid City School District,OH,2140,7851
7651,39,4705,Evergreen Local School District,OH,104,1389
7850,39,5032,Fairbanks Local School District,OH,44,1432
42662,39,4396,Fairborn City School District,OH,913,5399
69894,39,4610,Fairfield City School District,OH,1556,11705
5012,39,4762,Fairfield Local School District,OH,90,964
11120,39,4687,Fairfield Union Local School District,OH,160,2124
10059,39,4793,Fairland Local School District,OH,197,1552
2065,39,4977,Fairlawn Local School District,OH,27,367
12142,39,4984,Fairless Local School District,OH,209,1908
3119,39,4536,Fairport Harbor Exempted Village School District,OH,68,395
16572,39,4397,Fairview Park City School District,OH,166,2260
2470,39,4706,Fayette Local School District,OH,44,409
4677,39,4604,Fayetteville-Perry Local School District,OH,104,817
7938,39,4591,Federal Hocking Local School District,OH,209,1111
5087,39,4633,Felicity-Franklin Local School District,OH,114,856
17715,39,4919,Field Local School District,OH,164,2429
40549,39,10000,Findlay City School District,OH,771,5750
10854,39,4733,Finneytown Local School District,OH,220,1790
11683,39,4815,Firelands Local School District,OH,158,1726
47197,39,4734,Forest Hills Local School District,OH,411,9820
5791,39,5048,Fort Frye Local School District,OH,111,963
4031,39,4978,Fort Loramie Local School District,OH,28,805
4122,39,4859,Fort Recovery Local School District,OH,49,899
13918,39,4399,Fostoria City School District,OH,572,2290
21749,39,4400,Franklin City School District,OH,493,3314
12578,39,4884,Franklin Local School District,OH,302,2185
3342,39,4664,Franklin Monroe Local School District,OH,51,651
7890,39,4785,Fredericktown Local School District,OH,169,1471
28674,39,4401,Fremont City School District,OH,989,4578
4569,39,5049,Frontier Local School District,OH,128,668
51192,39,4696,Gahanna-Jefferson City School District,OH,763,9916
13181,39,4402,Galion City School District,OH,331,2106
14957,39,6568,Gallia County Local School District,OH,714,2731
13832,39,4403,Gallipolis City School District,OH,685,2220
11482,39,5027,Garaway Local School District,OH,205,2597
27049,39,4404,Garfield Heights City School District,OH,1351,4818
15769,39,4405,Geneva Area City School District,OH,424,2361
8287,39,4894,Genoa Area Local School District,OH,84,1259
6780,39,4537,Georgetown Exempted Village School District,OH,248,1094
5162,39,4538,Gibsonburg Exempted Village School District,OH,122,851
10591,39,4406,Girard City School District,OH,302,1661
16905,39,4634,Goshen Local School District,OH,278,2954
11368,39,4619,Graham Local School District,OH,171,1889
9992,39,4586,Grand Valley Local School District,OH,246,2177
8933,39,4407,Grandview Heights City School District,OH,28,1295
15043,39,4539,Granville Exempted Village School District,OH,69,2999
3984,39,4961,Green Local School District,OH,114,658
27386,39,5001,Green Local School District,OH,334,4639
6985,39,5055,Green Local School District,OH,156,1295
8405,39,4726,Greeneview Local School District,OH,147,1449
12407,39,4540,Greenfield Exempted Village School District,OH,392,2263
11955,39,4623,Greenon Local School District,OH,159,2010
21658,39,4409,Greenville City School District,OH,491,3264
50393,39,4697,Groveport Madison Local School District,OH,1729,9144
64725,39,4410,Hamilton City School District,OH,2508,10445
15243,39,4695,Hamilton Local School District,OH,491,3133
2704,39,4749,Hardin Northern Local School District,OH,57,454
4662,39,4979,Hardin-Houston Local School District,OH,82,895
12075,39,4524,Harrison Hills City School District,OH,298,1849
10716,39,4411,Heath City School District,OH,154,1784
5330,39,4541,Hicksville Exempted Village School District,OH,111,980
20326,39,4849,Highland Local School District,OH,99,3777
10745,39,4880,Highland Local School District,OH,171,1767
100718,39,4701,Hilliard City School District,OH,1640,19344
16574,39,4412,Hillsboro City School District,OH,448,2651
6719,39,4582,Hillsdale Local School District,OH,125,1164
2387,39,4757,Holgate Local School District,OH,29,430
4248,39,4970,Hopewell-Loudon Local School District,OH,56,716
21967,39,5016,Howland Local School District,OH,352,2960
12912,39,4542,Hubbard Exempted Village School District,OH,211,1818
42483,39,4875,Huber Heights City School District,OH,1195,7447
25280,39,5002,Hudson City School District,OH,122,5402
5987,39,4950,Huntington Local School District,OH,153,1080
10300,39,4413,Huron City School District,OH,135,1422
7439,39,4656,Independence Local School District,OH,47,1273
18160,39,4780,Indian Creek Local School District,OH,527,2584
13794,39,4543,Indian Hill Exempted Village School District,OH,107,2935
11533,39,4808,Indian Lake Local School District,OH,172,1601
10056,39,5028,Indian Valley Local School District,OH,234,1717
9929,39,4414,Ironton City School District,OH,389,1489
2577,39,10005,Jackson Center Local School District,OH,33,494
15798,39,4415,Jackson City School District,OH,488,2728
40455,39,4985,Jackson Local School District,OH,425,6630
5900,39,4832,Jackson-Milton Local School District,OH,96,839
8808,39,4920,James A. Garfield Local School District,OH,99,1415
11419,39,4587,Jefferson Area Local School District,OH,310,1946
7377,39,4825,Jefferson Local School District,OH,134,1131
5569,39,4868,Jefferson Township Local School District,OH,222,793
1920,39,4933,Jennings Local School District,OH,9,374
11092,39,4798,Johnstown-Monroe Local School District,OH,106,1972
13253,39,4826,Jonathan Alder Local School District,OH,143,2400
5894,39,5017,Joseph Badger Local School District,OH,95,874
3420,39,4934,Kalida Local School District,OH,17,629
250,39,4679,Kelleys Island Local School District,OH,1,13
18147,39,4719,Kenston Local School District,OH,118,3073
34152,39,4416,Kent City School District,OH,433,3075
11348,39,10025,Kenton City School District,OH,394,2001
58161,39,4418,Kettering City School District,OH,1064,8979
11720,39,4816,Keystone Local School District,OH,157,1869
31896,39,5043,Kings Local School District,OH,425,5686
7962,39,4787,Kirtland Local School District,OH,48,1331
8131,39,5024,LaBrae Local School District,OH,170,1044
20210,39,4986,Lake Local School District,OH,248,3831
11704,39,5069,Lake Local School District,OH,190,1765
12526,39,5018,Lakeview Local School District,OH,147,1845
49878,39,4419,Lakewood City School District,OH,618,5327
14715,39,4799,Lakewood Local School District,OH,177,2162
106669,39,4611,Lakota Local School District,OH,1743,21261
6663,39,4956,Lakota Local School District,OH,133,1158
51846,39,4420,Lancaster City School District,OH,996,7543
43232,39,4421,Lebanon City School District,OH,550,6856
4330,39,10007,Leetonia Exempted Village School District,OH,138,715
3644,39,4935,Leipsic Local School District,OH,71,721
17093,39,4943,Lexington Local School District,OH,238,2864
5511,39,4758,Liberty Center Local School District,OH,77,1012
11820,39,5019,Liberty Local School District,OH,256,1650
8051,39,4688,Liberty Union-Thurston Local School District,OH,90,1387
7145,39,4744,Liberty-Benton Local School District,OH,67,1367
29982,39,4800,Licking Heights Local School District,OH,593,5587
11057,39,4801,Licking Valley Local School District,OH,171,2153
27753,39,4422,Lima City School District,OH,1676,5088
4314,39,10022,Lincolnview Local School District,OH,51,809
5255,39,4545,Lisbon Exempted Village School District,OH,166,778
38694,39,5044,Little Miami Local School District,OH,342,6526
4372,39,4423,Lockland Local School District,OH,241,726
13432,39,4908,Logan Elm Local School District,OH,215,2077
23197,39,4424,Logan-Hocking Local School District,OH,630,3766
15001,39,4425,London City School District,OH,288,2290
55836,39,4426,Lorain City School District,OH,3006,9848
3305,39,5020,Lordstown Local School District,OH,46,466
7918,39,4546,Loudonville-Perrysville Exempted Village School District,OH,165,1291
18771,39,4987,Louisville City School District,OH,313,3116
28250,39,4427,Loveland City School District,OH,337,5807
1872,39,4833,Lowellville Local School District,OH,47,292
3418,39,4944,Lucas Local School District,OH,56,569
6477,39,4763,Lynchburg-Clay Local School District,OH,141,1191
21234,39,4870,Mad River Local School District,OH,612,3604
9462,39,4428,Madeira City School District,OH,47,2104
8457,39,4612,Madison Local School District,OH,145,1560
18537,39,4788,Madison Local School District,OH,296,2825
27149,39,4945,Madison Local School District,OH,575,3319
13808,39,4827,Madison-Plains Local School District,OH,145,1458
4618,39,537,Manchester Local School District,OH,188,820
8713,39,5000,Manchester Local School District,OH,110,1398
33434,39,4429,Mansfield City School District,OH,1527,5205
23247,39,4430,Maple Heights City School District,OH,1319,4257
6772,39,4583,Mapleton Local School District,OH,198,1234
5023,39,5021,Maplewood Local School District,OH,62,712
7436,39,4680,Margaretta Local School District,OH,120,1094
8815,39,4431,Mariemont City School District,OH,76,1892
22405,39,10019,Marietta City School District,OH,646,2923
28881,39,4433,Marion City School District,OH,1516,5163
4048,39,10031,Marion Local School District,OH,22,950
14861,39,4988,Marlington Local School District,OH,267,2252
9179,39,4434,Martins Ferry City School District,OH,333,1421
39566,39,4547,Marysville Exempted Village School District,OH,305,6385
57600,39,5045,Mason City School District,OH,621,11818
28540,39,4435,Massillon City School District,OH,1045,4417
6805,39,5015,Mathews Local School District,OH,93,852
17220,39,4436,Maumee City School District,OH,286,2737
34033,39,4437,Mayfield City School District,OH,369,4875
10365,39,4885,Maysville Local School District,OH,218,1740
3767,39,4745,McComb Local School District,OH,64,774
3786,39,5022,McDonald Local School District,OH,58,651
4828,39,4548,Mechanicsburg Exempted Village School District,OH,75,841
47145,39,4438,Medina City School District,OH,378,7486
10959,39,4852,Meigs Local School District,OH,435,1691
60705,39,4549,Mentor Exempted Village School District,OH,452,8387
8717,39,4862,Miami East Local School District,OH,75,1498
15452,39,10010,Miami Trace Local School District,OH,318,2680
39930,39,4439,Miamisburg City School District,OH,806,6278
120,39,4895,Middle Bass Local School District,OH,1,13
52278,39,4440,Middletown City School District,OH,2451,8430
24357,39,4817,Midview Local School District,OH,375,3211
45840,39,4550,Milford Exempted Village School District,OH,395,7900
3536,39,5063,Millcreek-West Unity Local School District,OH,71,564
2031,39,4936,Miller City-New Cleveland Local School District,OH,6,421
9776,39,4551,Milton-Union Exempted Village School District,OH,179,1545
11682,39,4989,Minerva Local School District,OH,279,1939
7400,39,4962,Minford Local School District,OH,215,1350
4580,39,4594,Minster Local School District,OH,32,942
3866,39,4667,Mississinawa Valley Local School District,OH,116,713
4150,39,5003,Mogadore Local School District,OH,68,684
5723,39,5074,Mohawk Local School District,OH,58,874
16167,39,94,Monroe Local School District,OH,259,3169
3888,39,4771,Monroeville Local School District,OH,44,675
5487,39,4552,Montpelier Exempted Village School District,OH,162,896
12724,39,4877,Morgan Local School District,OH,342,1886
8122,39,4553,Mount Gilead Exempted Village School District,OH,166,1184
25106,39,4441,Mount Healthy City School District,OH,1333,4763
31986,39,10012,Mount Vernon City School District,OH,623,4527
14296,39,4443,Napoleon Area City School District,OH,211,2258
6633,39,4927,National Trail Local School District,OH,175,1088
8128,39,4444,Nelsonville-York City School District,OH,264,1069
24485,39,4699,New Albany-Plain Local School District,OH,245,5743
2229,39,4446,New Boston Local School District,OH,115,346
4097,39,4595,New Bremen Local School District,OH,14,780
2350,39,4596,New Knoxville Local School District,OH,11,456
6788,39,4871,New Lebanon Local School District,OH,186,1135
10774,39,4447,New Lexington City School District,OH,327,1844
5931,39,4772,New London Local School District,OH,134,1000
3978,39,4613,New Miami Local School District,OH,149,624
22265,39,4448,New Philadelphia City School District,OH,549,3471
13875,39,4555,New Richmond Exempted Village School District,OH,226,2336
1844,39,4971,New Riegel Local School District,OH,19,329
51875,39,4445,Newark City School District,OH,1290,7840
6132,39,4554,Newcomerstown Exempted Village School District,OH,175,1017
8434,39,4556,Newton Falls Exempted Village School District,OH,178,1239
3446,39,4863,Newton Local School District,OH,39,649
18031,39,4449,Niles City School District,OH,553,2542
6128,39,4890,Noble Local School District,OH,161,1163
32752,39,5004,Nordonia Hills City School District,OH,222,4389
4213,39,5070,North Baltimore Local School District,OH,142,729
10,39,4896,North Bass Local School District,OH,0,0
30045,39,4450,North Canton City School District,OH,332,4735
4034,39,5064,North Central Local School District,OH,60,671
10994,39,4451,North College Hill City School District,OH,509,2059
11348,39,4802,North Fork Local School District,OH,169,1971
31581,39,4452,North Olmsted City School District,OH,625,4408
36310,39,4453,North Ridgeville City School District,OH,277,5441
36713,39,4454,North Royalton City School District,OH,432,5222
9368,39,5033,North Union Local School District,OH,112,1601
22973,39,4625,Northeastern Local School District,OH,286,3536
6340,39,4672,Northeastern Local School District,OH,64,946
14559,39,4905,Northern Local School District,OH,279,2592
34637,39,4872,Northmont City School District,OH,537,5761
8117,39,4881,Northmor Local School District,OH,212,1355
9099,39,4803,Northridge Local School District,OH,78,1517
9925,39,4873,Northridge Local School District,OH,573,1544
76180,39,4736,Northwest Local School District,OH,1765,12845
9102,39,4963,Northwest Local School District,OH,270,1498
13116,39,4990,Northwest Local School District,OH,163,2025
10817,39,4626,Northwestern Local School District,OH,180,1866
7909,39,10033,Northwestern Local School District,OH,280,1547
5146,39,5071,Northwood Local School District,OH,108,843
13976,39,4455,Norton City School District,OH,186,2203
18728,39,4456,Norwalk City School District,OH,437,3156
8151,39,5056,Norwayne Local School District,OH,154,1463
19197,39,4457,Norwood City School District,OH,472,2492
7353,39,4776,Oak Hill Union Local School District,OH,260,1334
65669,39,4737,Oak Hills Local School District,OH,955,11788
9549,39,4458,Oakwood City School District,OH,52,2313
11255,39,4459,Oberlin City School District,OH,159,1184
3098,39,10021,Old Fort Local School District,OH,40,506
114467,39,4676,Olentangy Local School District,OH,598,23389
23282,39,4657,Olmsted Falls City School District,OH,237,3777
11372,39,4947,Ontario Local School District,OH,143,1837
14338,39,10016,Orange City School District,OH,108,2690
22669,39,4460,Oregon City School District,OH,349,3550
11015,39,4461,Orrville City School District,OH,240,1899
5211,39,4991,Osnaburg Local School District,OH,97,835
9815,39,5072,Otsego Local School District,OH,136,1676
4914,39,4821,Ottawa Hills Local School District,OH,56,1167
9115,39,4937,Ottawa-Glandorf Local School District,OH,86,1751
2632,39,4938,Ottoville Local School District,OH,12,460
16756,39,10015,Painesville City Local School District,OH,621,2851
5916,39,4951,Paint Valley Local School District,OH,133,967
3476,39,4939,Pandora-Gilboa Local School District,OH,35,672
5938,39,4857,Parkway Local School District,OH,132,1103
111523,39,4463,Parma City School District,OH,2230,14265
5203,39,4759,Patrick Henry Local School District,OH,84,926
9737,39,4557,Paulding Exempted Village School District,OH,213,1661
13551,39,4681,Perkins Local School District,OH,196,2008
3612,39,4578,Perry Local School District,OH,133,598
8853,39,4790,Perry Local School District,OH,92,1580
30393,39,4992,Perry Local School District,OH,537,4579
32984,39,4558,Perrysburg Exempted Village School District,OH,276,6102
2034,39,4707,Pettisville Local School District,OH,26,401
58891,39,4689,Pickerington Local School District,OH,893,12349
7965,39,4708,Pike-Delta-York Local School District,OH,131,1357
24454,39,4464,Piqua City School District,OH,663,3983
48557,39,4993,Plain Local School District,OH,998,7023
8612,39,4842,Pleasant Local School District,OH,158,1379
5052,39,4946,Plymouth-Shiloh Local School District,OH,129,1019
14874,39,4834,Poland Local School District,OH,171,2277
12983,39,4465,Port Clinton City School District,OH,216,1544
19131,39,10027,Portsmouth City School District,OH,927,2861
8918,39,4928,Preble Shawnee Local School District,OH,159,1504
44165,39,4467,Princeton City School District,OH,1222,6902
666,39,4897,Put-in-Bay Local School District,OH,2,58
8660,39,4588,Pymatuning Valley Local School District,OH,290,1508
20665,39,4468,Ravenna City School District,OH,475,2774
10838,39,4469,Reading Community City School District,OH,241,1665
21897,39,5005,Revere Local School District,OH,132,3710
44355,39,4700,Reynoldsburg City School District,OH,1289,8494
9895,39,4659,Richmond Heights Local School District,OH,204,1159
4486,39,4843,Ridgedale Local School District,OH,87,781
3438,39,4750,Ridgemont Local School District,OH,87,775
9010,39,4647,Ridgewood Local School District,OH,167,1561
6468,39,4607,Ripley-Union-Lewis-Huntington Local School District,OH,265,945
6881,39,10028,Rittman Exempted Village School District,OH,184,1093
16741,39,4844,River Valley Local School District,OH,246,1998
14918,39,4648,River View Local School District,OH,339,2580
5556,39,4751,Riverdale Local School District,OH,106,1027
3692,39,4809,Riverside Local School District,OH,61,689
37532,39,10014,Riverside Local School District,OH,306,5543
8213,39,4794,Rock Hill Local School District,OH,236,1471
21726,39,4470,Rocky River City School District,OH,171,3317
11215,39,4730,Rolling Hills Local School District,OH,334,1779
8693,39,4921,Rootstown Local School District,OH,84,1287
16617,39,4614,Ross Local School District,OH,216,3150
13656,39,4560,Rossford Exempted Village School District,OH,228,1845
1826,39,4981,Russia Local School District,OH,14,371
16259,39,10006,Salem City School District,OH,466,2332
24470,39,4474,Sandusky City School District,OH,1267,3688
7990,39,4994,Sandy Valley Local School District,OH,172,1311
8237,39,4913,Scioto Valley Local School District,OH,380,1398
4120,39,4835,Sebring Local School District,OH,109,544
4946,39,4968,Seneca East Local School District,OH,59,819
4914,39,4600,Shadyside Local School District,OH,99,672
32552,39,4475,Shaker Heights City School District,OH,573,5758
16833,39,4579,Shawnee Local School District,OH,258,2927
13864,39,4476,Sheffield-Sheffield Lake City School District,OH,224,1882
13105,39,10009,Shelby City School District,OH,310,2290
24585,39,10003,Sidney City School District,OH,613,4071
24359,39,4660,Solon City School District,OH,256,4938
4844,39,4773,South Central Local School District,OH,146,1008
34388,39,4479,South Euclid-Lyndhurst City School District,OH,704,4680
11474,39,4795,South Point Local School District,OH,298,1727
7022,39,4836,South Range Local School District,OH,87,1154
150895,39,4480,South-Western City School District,OH,4580,27293
11268,39,4922,Southeast Local School District,OH,159,1726
18629,39,5058,Southeast Local School District,OH,523,4608
4264,39,4627,Southeastern Local School District,OH,57,760
6098,39,4952,Southeastern Local School District,OH,139,1020
5178,39,4644,Southern Local School District,OH,183,825
4496,39,4853,Southern Local School District,OH,105,690
4403,39,4906,Southern Local School District,OH,143,730
3689,39,5023,Southington Local School District,OH,80,647
29416,39,4804,Southwest Licking Local School District,OH,390,5437
27401,39,4738,Southwest Local School District,OH,496,5235
5104,39,4580,Spencerville Local School District,OH,102,920
36882,39,5042,Springboro Community City School District,OH,226,7554
54566,39,4481,Springfield City School District,OH,2425,9126
30171,39,4822,Springfield Local School District,OH,600,4584
8108,39,4837,Springfield Local School District,OH,132,1047
18384,39,5006,Springfield Local School District,OH,377,2493
6207,39,4471,St. Bernard-Elmwood Place City School District,OH,243,1023
15674,39,4599,St. Clairsville-Richland City School District,OH,192,1824
4779,39,4858,St. Henry Consolidated Local School District,OH,20,1002
13265,39,4472,St. Marys City School District,OH,170,2310
15174,39,4482,Steubenville City School District,OH,823,2323
39757,39,4483,Stow-Munroe Falls City School District,OH,383,5878
4609,39,5029,Strasburg-Franklin Local School District,OH,54,642
17285,39,4923,Streetsboro City School District,OH,193,2304
46123,39,4484,Strongsville City School District,OH,487,7263
11028,39,4485,Struthers City School District,OH,474,1739
3442,39,5065,Stryker Local School District,OH,57,487
8968,39,4709,Swanton Local School District,OH,152,1420
15995,39,4865,Switzerland of Ohio Local School District,OH,423,2356
36711,39,4486,Sycamore Community City School District,OH,384,7220
54208,39,4487,Sylvania City School District,OH,784,9835
4015,39,4796,Symmes Valley Local School District,OH,107,689
38185,39,4615,Talawanda City School District,OH,375,3713
18370,39,4488,Tallmadge City School District,OH,234,2881
27189,39,4909,Teays Valley Local School District,OH,314,4484
18477,39,4624,Tecumseh Local School District,OH,414,3164
16180,39,4739,Three Rivers Local School District,OH,178,2937
22261,39,4489,Tiffin City School District,OH,463,3078
15743,39,4561,Tipp City Exempted Village School District,OH,134,2819
212814,39,4490,Toledo City School District,OH,10476,34466
5537,39,4491,Toronto City School District,OH,239,818
5556,39,4926,Tri-County North Local School District,OH,85,904
17489,39,4887,Tri-Valley Local School District,OH,368,3325
4104,39,4668,Tri-Village Local School District,OH,79,776
5704,39,4620,Triad Local School District,OH,74,985
4258,39,4592,Trimble Local School District,OH,145,678
13386,39,5059,Triway Local School District,OH,240,2238
19728,39,4869,Trotwood-Madison City School District,OH,1083,3411
32202,39,4492,Troy City School District,OH,559,5342
10056,39,5030,Tuscarawas Valley Local School District,OH,134,1601
9216,39,4995,Tuslaw Local School District,OH,138,1603
5465,39,4900,Twin Valley Community Local School District,OH,95,941
27348,39,5007,Twinsburg City School District,OH,284,4629
8588,39,4601,Union Local School District,OH,183,1426
15685,39,4953,Union-Scioto Local School District,OH,268,1935
6973,39,4645,United Local School District,OH,132,1098
37791,39,4493,Upper Arlington City School District,OH,171,7861
11116,39,10024,Upper Sandusky Exempted Village School District,OH,169,1735
3980,39,4752,Upper Scioto Valley Local School District,OH,93,699
14698,39,4494,Urbana City School District,OH,310,2106
6014,39,4964,Valley Local School District,OH,122,842
10978,39,4874,Valley View Local School District,OH,202,2167
7211,39,10001,Van Buren Local School District,OH,50,1116
14077,39,10023,Van Wert City School District,OH,316,2161
24516,39,4495,Vandalia-Butler City School District,OH,357,3820
1615,39,4747,Vanlue Local School District,OH,16,269
14385,39,4682,Vermilion Local School District,OH,210,1933
6500,39,4563,Versailles Exempted Village School District,OH,51,1299
12493,39,5039,Vinton County Local School District,OH,441,1946
29033,39,10029,Wadsworth City School District,OH,276,4742
4495,39,4690,Walnut Township Local School District,OH,71,601
19069,39,4498,Wapakoneta City School District,OH,326,3167
34534,39,4499,Warren City School District,OH,1952,5920
13938,39,10018,Warren Local School District,OH,338,2280
15137,39,4500,Warrensville Heights City School District,OH,816,2480
13798,39,10011,Washington Court House City School District,OH,444,2337
47130,39,4823,Washington Local School District,OH,1350,7711
7338,39,4965,Washington-Nile Local School District,OH,279,1283
8037,39,4924,Waterloo Local School District,OH,112,1282
10289,39,4564,Wauseon Exempted Village School District,OH,169,1788
11124,39,4914,Waverly City School District,OH,432,1857
9873,39,5046,Wayne Local School District,OH,80,1707
5317,39,4903,Wayne Trace Local School District,OH,97,911
2670,39,4597,Waynesfield-Goshen Local School District,OH,38,435
5367,39,5025,Weathersfield Local School District,OH,102,763
8805,39,4565,Wellington Exempted Village School District,OH,122,1297
8999,39,4502,Wellston City School District,OH,323,1574
4304,39,4503,Wellsville Local School District,OH,213,671
12148,39,4838,West Branch Local School District,OH,266,1911
28215,39,4505,West Carrollton City School District,OH,727,3970
74380,39,4635,West Clermont Local School District,OH,902,10580
21251,39,4722,West Geauga Local School District,OH,119,2982
18828,39,4769,West Holmes Local School District,OH,441,3467
5970,39,4621,West Liberty-Salem Local School District,OH,56,1074
14092,39,4888,West Muskingum Local School District,OH,230,1947
17517,39,4606,Western Brown Local School District,OH,624,3078
4280,39,4915,Western Local School District,OH,270,848
6585,39,4774,Western Reserve Local School District,OH,172,1120
3855,39,4839,Western Reserve Local School District,OH,43,552
104696,39,4504,Westerville City School District,OH,1960,18984
8792,39,4910,Westfall Local School District,OH,139,1445
33573,39,4506,Westlake City School District,OH,337,4739
8249,39,4966,Wheelersburg Local School District,OH,189,1334
20621,39,4507,Whitehall City School District,OH,954,4015
12638,39,4508,Wickliffe City School District,OH,202,1684
10601,39,4509,Willard City School District,OH,327,1804
6502,39,4636,Williamsburg Local School District,OH,111,961
66568,39,4510,Willoughby-Eastlake City School District,OH,823,8236
20955,39,4511,Wilmington City School District,OH,520,3295
3502,39,4566,Windham Exempted Village School District,OH,76,510
28234,39,4408,Winton Woods City School District,OH,914,5054
3315,39,5051,Wolf Creek Local School District,OH,62,595
6436,39,4957,Woodmore Local School District,OH,78,1000
19402,39,4997,Woodridge Local School District,OH,373,2511
29854,39,10032,Wooster City School District,OH,629,4001
68480,39,4513,Worthington City School District,OH,786,12438
6118,39,4652,Wynford Local School District,OH,123,1048
8745,39,4514,Wyoming City School District,OH,66,2246
37502,39,4515,Xenia Community City School District,OH,821,5534
4457,39,4567,Yellow Springs Exempted Village School District,OH,52,584
61303,39,4516,Youngstown City School District,OH,4808,9624
9272,39,4954,Zane Trace Local School District,OH,155,1515
26071,39,4517,Zanesville City School District,OH,1066,4321
2688,40,2370,Achille Public Schools,OK,52,455
14930,40,2430,Ada Public Schools,OK,540,2556
4921,40,2460,Adair Public Schools,OK,103,874
2690,40,2520,Afton Public Schools,OK,102,448
1374,40,2550,Agra Public Schools,OK,61,257
531,40,2580,Albion Public School,OK,22,80
1563,40,2670,Alex Public Schools,OK,38,290
1024,40,2720,Aline-Cleo Public Schools,OK,23,165
2258,40,2760,Allen Public Schools,OK,69,474
3077,40,2790,Allen-Bowden Public School,OK,104,460
19443,40,2850,Altus Public Schools,OK,836,3423
7388,40,2880,Alva Public Schools,OK,183,1130
1903,40,2910,Amber-Pocasset Public Schools,OK,32,363
7441,40,3000,Anadarko Public Schools,OK,401,1511
2567,40,3010,Anderson Public School,OK,40,345
5376,40,3060,Antlers Public Schools,OK,194,934
1767,40,3120,Arapaho Public Schools,OK,24,324
19243,40,3180,Ardmore Public Schools,OK,836,3285
1994,40,3210,Arkoma Public Schools,OK,96,386
889,40,3240,Arnett Public Schools,OK,18,151
1132,40,3300,Asher Public Schools,OK,34,203
4691,40,3360,Atoka Public Schools,OK,239,807
1460,40,3450,Avant Public School,OK,28,236
592,40,3510,Balko Public Schools,OK,12,95
3105,40,3540,Banner Public School,OK,32,571
2162,40,3570,Barnsdall Public Schools,OK,39,391
41029,40,3630,Bartlesville Public Schools,OK,1170,7431
1099,40,3660,Battiest Public Schools,OK,62,193
471,40,3690,Bearden Public School,OK,28,98
1603,40,3750,Beaver Public Schools,OK,45,254
5443,40,3810,Beggs Public Schools,OK,175,1090
913,40,3840,Belfonte Public School,OK,62,154
1428,40,3930,Bennington Public Schools,OK,48,265
4002,40,4020,Berryhill Public Schools,OK,63,821
4084,40,4110,Bethany Public Schools,OK,139,884
5631,40,4230,Bethel Public Schools,OK,149,1089
909,40,4350,Big Pasture Public Schools,OK,17,146
868,40,4360,Billings Public Schools,OK,13,94
1567,40,33603,Binger-Oney Public Schools,OK,56,246
2720,40,4470,Bishop Public School,OK,99,530
42074,40,4500,Bixby Public Schools,OK,535,9213
6741,40,4630,Blackwell Public Schools,OK,308,1257
1735,40,4650,Blair Public Schools,OK,61,316
11190,40,4680,Blanchard Public Schools,OK,157,2160
1459,40,4830,Bluejacket Public Schools,OK,45,253
1865,40,4860,Boise City Public Schools,OK,105,387
1126,40,4950,Bokoshe Public Schools,OK,44,203
2280,40,5010,Boone-Apache Public Schools,OK,57,425
1797,40,5040,Boswell Public Schools,OK,91,340
1303,40,5130,Bowlegs Public Schools,OK,67,221
582,40,5160,Bowring Public School,OK,13,69
1099,40,5280,Braggs Public Schools,OK,34,179
2127,40,5340,Bray-Doyle Public Schools,OK,51,357
9665,40,5400,Bridge Creek Public Schools,OK,173,1883
2600,40,5430,Briggs Public School,OK,83,446
9039,40,5460,Bristow Public Schools,OK,348,1672
129091,40,5490,Broken Arrow Public Schools,OK,2213,24214
7343,40,5520,Broken Bow Public Schools,OK,446,1490
1322,40,5580,Brushy Public School,OK,73,234
1403,40,5760,Buffalo Public Schools,OK,41,241
1082,40,5820,Buffalo Valley Public Schools,OK,31,177
585,40,5910,Burlington Public Schools,OK,25,117
2829,40,14,Burns Flat-Dill City Schools,OK,117,561
1695,40,6000,Butner Public Schools,OK,81,323
9094,40,6060,Byng Public Schools,OK,163,1715
8650,40,6120,Cache Public Schools,OK,190,1872
2556,40,6150,Caddo Public Schools,OK,49,513
5290,40,6180,Calera Public Schools,OK,119,926
1117,40,6240,Calumet Public Schools,OK,10,222
1234,40,6270,Calvin Public Schools,OK,42,218
2264,40,6330,Cameron Public Schools,OK,82,399
3881,40,6390,Canadian Public Schools,OK,100,497
1589,40,6420,Caney Public Schools,OK,48,296
5570,40,25470,Caney Valley Public Schools,OK,142,1057
1824,40,6480,Canton Public Schools,OK,77,347
1353,40,6510,Canute Public Schools,OK,43,274
2245,40,6630,Carnegie Public Schools,OK,93,390
1208,40,6690,Carney Public Schools,OK,56,220
3001,40,6810,Cashion Public Schools,OK,36,707
12399,40,6870,Catoosa Public Schools,OK,282,2085
553,40,6930,Cave Springs Public Schools,OK,44,104
1374,40,6960,Cement Public Schools,OK,49,253
2086,40,7170,Central High Public Schools,OK,61,393
1857,40,7140,Central Public Schools,OK,87,337
6172,40,7290,Chandler Public Schools,OK,238,1030
1340,40,7320,Chattanooga Public Schools,OK,38,288
9876,40,7350,Checotah Public Schools,OK,370,1513
7060,40,7380,Chelsea Public Schools,OK,185,1139
1795,40,7410,Cherokee Public Schools,OK,49,338
1484,40,7500,Cheyenne Public Schools,OK,50,289
17596,40,7560,Chickasha Public Schools,OK,560,2575
5500,40,21780,Chisholm Public Schools,OK,63,1143
33874,40,7620,Choctaw/Nicoma Park Schools,OK,600,6743
5456,40,7670,Chouteau-Mazie Public Schools,OK,140,961
1754,40,7710,Cimarron Public Schools,OK,35,312
26090,40,7740,Claremore Public Schools,OK,451,4000
1313,40,7800,Clayton Public Schools,OK,68,187
1865,40,8010,Cleora Public School,OK,26,168
9346,40,8040,Cleveland Public Schools,OK,346,1688
9635,40,8070,Clinton Public Schools,OK,440,2011
4011,40,8130,Coalgate Public Schools,OK,149,683
4811,40,8220,Colbert Public Schools,OK,125,760
3008,40,8250,Colcord Public Schools,OK,153,500
1003,40,8310,Coleman Public Schools,OK,29,161
16310,40,8370,Collinsville Public Schools,OK,251,3210
5193,40,8460,Comanche Public Schools,OK,152,890
3831,40,8490,Commerce Public Schools,OK,163,812
2059,40,8610,Copan Public Schools,OK,31,337
4608,40,8640,Cordell Public Schools,OK,205,798
414,40,8730,Cottonwood Public School,OK,11,59
1575,40,8790,Covington-Douglas Schools,OK,24,291
20128,40,8850,Coweta Public Schools,OK,371,3656
4267,40,8940,Coyle Public Schools,OK,50,403
3587,40,9000,Crescent Public Schools,OK,58,526
2835,40,9060,Crooked Oak Public Schools,OK,195,602
2465,40,9090,Crowder Public Schools,OK,65,394
2023,40,9150,Crutcho Public School,OK,121,381
10889,40,9240,Cushing Public Schools,OK,315,1656
1499,40,9300,Cyril Public Schools,OK,51,282
1318,40,9360,Dahlonegah Public School,OK,69,260
3431,40,9390,Dale Public Schools,OK,74,639
744,40,9420,Darlington Public School,OK,10,115
1892,40,9450,Davenport Public Schools,OK,73,374
367,40,798,Davidson Public Schools,OK,9,49
5034,40,9510,Davis Public Schools,OK,111,904
38402,40,9570,Deer Creek Public Schools,OK,540,9047
814,40,17020,Deer Creek-Lamont Schools,OK,35,180
1560,40,9720,Denison Public School,OK,73,314
2058,40,9750,Depew Public Schools,OK,69,379
1388,40,9780,Dewar Public Schools,OK,41,264
5503,40,9810,Dewey Public Schools,OK,184,1002
4640,40,9870,Dibble Public Schools,OK,114,848
5829,40,9910,Dickson Public Schools,OK,153,994
1000,40,10050,Dover Public Schools,OK,37,208
1279,40,10170,Drummond Public Schools,OK,23,267
3297,40,10200,Drumright Public Schools,OK,157,558
584,40,10260,Duke Public Schools,OK,27,117
23503,40,10290,Duncan Public Schools,OK,843,3822
21319,40,10350,Durant Public Schools,OK,703,3612
909,40,10440,Eagletown Public Schools,OK,40,165
1422,40,10500,Earlsboro Public Schools,OK,55,280
169802,40,10590,Edmond Public Schools,OK,2623,32382
18743,40,10650,El Reno Public Schools,OK,439,3047
10263,40,10710,Elgin Public Schools,OK,213,2203
11305,40,10740,Elk City Public Schools,OK,563,2195
3068,40,10860,Elmore City-Pernell Schools,OK,95,541
2140,40,10890,Empire Public Schools,OK,46,382
45636,40,10920,Enid Public Schools,OK,1484,8451
1414,40,11040,Erick Public Schools,OK,65,263
7421,40,11160,Eufaula Public Schools,OK,221,1006
2987,40,11250,Fairland Public Schools,OK,95,560
3799,40,11280,Fairview Public Schools,OK,141,731
659,40,11400,Fanshawe Public School,OK,31,133
1557,40,11430,Fargo Public Schools,OK,47,295
254,40,11580,Felt Public Schools,OK,15,54
2738,40,11700,Fletcher Public Schools,OK,92,521
790,40,11760,Flower Mound Public School,OK,13,168
903,40,11850,Forest Grove Public School,OK,29,157
675,40,11880,Forgan Public Schools,OK,25,110
1486,40,33602,Fort Cobb-Broxton Schools,OK,58,294
7236,40,11970,Fort Gibson Public Schools,OK,187,1563
1489,40,12000,Fort Supply Public Schools,OK,14,101
2309,40,12300,Fort Towson Public Schools,OK,80,367
1463,40,12060,Fox Public Schools,OK,27,226
3273,40,12090,Foyil Public Schools,OK,79,595
3767,40,12150,Frederick Public Schools,OK,241,705
402,40,12180,Freedom Public Schools,OK,6,55
1205,40,12210,Friend Public School,OK,26,188
1799,40,12240,Frink-Chambers Public School,OK,39,301
1318,40,20,Frontier Public Schools,OK,57,304
1534,40,12390,Gans Public Schools,OK,61,246
1720,40,12420,Garber Public Schools,OK,34,336
1726,40,12570,Geary Public Schools,OK,77,323
4484,40,12630,Geronimo Public Schools,OK,62,328
2261,40,12690,Glencoe Public Schools,OK,74,466
14700,40,12720,Glenpool Public Schools,OK,320,3195
698,40,12750,Glover Public School,OK,23,149
1142,40,12870,Goodwell Public Schools,OK,20,151
2932,40,12900,Gore Public Schools,OK,108,493
818,40,13080,Gracemont Public Schools,OK,23,156
1111,40,782,Graham-Dustin Public Schools,OK,78,193
4703,40,13230,Grand View Public School,OK,130,771
1070,40,13200,Grandfield Public Schools,OK,48,161
747,40,13260,Grandview Public School,OK,18,134
2030,40,13290,Granite Public Schools,OK,43,210
4815,40,13500,Grove Public School,OK,64,742
18564,40,13530,Grove Public Schools,OK,545,2429
28334,40,13560,Guthrie Public Schools,OK,579,4146
13584,40,13590,Guymon Public Schools,OK,482,3000
696,40,13600,Gypsy Public School,OK,19,104
2433,40,13620,Haileyville Public Schools,OK,60,418
1054,40,13650,Hammon Public Schools,OK,30,200
494,40,13680,Hanna Public Schools,OK,34,90
363,40,13740,Hardesty Public Schools,OK,16,77
1691,40,13830,Harmony Public School,OK,49,319
12615,40,13890,Harrah Public Schools,OK,344,2385
3833,40,13920,Hartshorne Public Schools,OK,144,672
6483,40,13950,Haskell Public Schools,OK,134,855
2327,40,14080,Haworth Public Schools,OK,85,429
1147,40,14100,Haywood Public School,OK,38,206
3006,40,14130,Healdton Public Schools,OK,106,575
4706,40,14160,Heavener Public Schools,OK,219,932
4066,40,14340,Hennessey Public Schools,OK,121,830
6926,40,14370,Henryetta Public Schools,OK,338,1255
6851,40,14520,Hilldale Public Schools,OK,204,1442
6636,40,14610,Hinton Public Schools,OK,97,719
3702,40,14700,Hobart Public Schools,OK,230,707
1796,40,14730,Hodgen Public School,OK,33,159
7322,40,14790,Holdenville Public Schools,OK,333,1038
2284,40,14850,Hollis Public Schools,OK,154,420
1164,40,14890,Holly Creek Public School,OK,51,218
4298,40,14970,Hominy Public Schools,OK,106,531
2322,40,15090,Hooker Public Schools,OK,43,498
1657,40,15120,Howe Public Schools,OK,56,334
8602,40,15210,Hugo Public Schools,OK,579,1560
3360,40,15240,Hulbert Public Schools,OK,115,537
2154,40,32,Hydro-Eakly Public Schools,OK,63,429
7186,40,15370,Idabel Public Schools,OK,433,1452
1391,40,15420,Indiahoma Public Schools,OK,27,270
1639,40,15450,Indianola Public Schools,OK,50,294
7038,40,15480,Inola Public Schools,OK,98,1294
9701,40,15690,Jay Public Schools,OK,424,1567
79911,40,15720,Jenks Public Schools,OK,1375,15390
834,40,15750,Jennings Public School,OK,47,170
6472,40,15840,Jones Public Schools,OK,175,1241
307,40,15900,Justice Public School,OK,14,41
4284,40,15930,Justus-Tiawah Public School,OK,41,774
3797,40,15990,Kansas Public Schools,OK,135,687
7087,40,16170,Kellyville Public Schools,OK,179,1291
388,40,16320,Kenwood Public School,OK,19,61
2369,40,16350,Keota Public Schools,OK,154,415
3540,40,16380,Ketchum Public Schools,OK,104,465
4403,40,33,Keys Public Schools,OK,100,637
3483,40,16470,Keystone Public School,OK,81,588
3343,40,16500,Kiefer Public Schools,OK,71,618
1272,40,16530,Kildare Public School,OK,19,210
7144,40,16560,Kingfisher Public Schools,OK,184,1428
7579,40,16590,Kingston Public Schools,OK,160,1074
1313,40,16620,Kinta Public Schools,OK,53,231
1968,40,16650,Kiowa Public Schools,OK,48,235
3229,40,16710,Konawa Public Schools,OK,108,569
2960,40,16720,Krebs Public School,OK,69,545
1298,40,16740,Kremlin-Hillsdale Schools,OK,27,270
2392,40,17040,Lane Public School,OK,52,264
4081,40,17190,Latta Public Schools,OK,108,892
2069,40,17220,Laverne Public Schools,OK,48,376
86404,40,17250,Lawton Public Schools,OK,3555,14348
1557,40,17280,LeFlore Public Schools,OK,54,299
811,40,17310,Leach Public School,OK,33,146
871,40,17370,Leedey Public Schools,OK,19,164
7771,40,17580,Lexington Public Schools,OK,137,938
2398,40,17700,Liberty Public School,OK,113,438
3145,40,17760,Liberty Public Schools,OK,100,605
5726,40,17850,Lindsay Public Schools,OK,194,1128
6932,40,17880,Little Axe Public Schools,OK,173,1167
7016,40,18000,Locust Grove Public Schools,OK,196,1160
631,40,22950,Lomega Public Schools,OK,18,115
6974,40,18090,Lone Grove Public Schools,OK,156,1383
4526,40,18240,Lone Star Public School,OK,169,802
730,40,18270,Lone Wolf Public Schools,OK,31,114
769,40,18390,Lookeba-Sickles Public Schools,OK,23,145
1308,40,18480,Lowrey Public School,OK,33,244
1162,40,18570,Lukfata Public School,OK,33,217
6020,40,18630,Luther Public Schools,OK,165,1130
1861,40,18660,Macomb Public Schools,OK,56,370
8568,40,18700,Madill Public Schools,OK,313,1607
3288,40,18780,Mangum Public Schools,OK,182,584
7803,40,18840,Mannford Public Schools,OK,240,1377
960,40,18870,Mannsville Public School,OK,52,195
860,40,18900,Maple Public School,OK,6,160
681,40,18960,Marble City Public School,OK,42,124
5707,40,18990,Marietta Public School,OK,213,1075
7101,40,19080,Marlow Public Schools,OK,173,1212
1254,40,19200,Maryetta Public Schools,OK,76,272
975,40,19260,Mason Public Schools,OK,36,198
1687,40,19290,Maud Public Schools,OK,53,280
2160,40,19380,Maysville Public Schools,OK,101,352
17507,40,19440,McAlester Public Schools,OK,747,2973
1884,40,19500,McCord Public School,OK,50,272
907,40,19410,McCurtain Public Schools,OK,72,181
12097,40,19560,McLoud Public Schools,OK,352,1911
1939,40,19620,Medford Public Schools,OK,52,312
4751,40,19680,Meeker Public Schools,OK,147,838
3539,40,19800,Merritt Public Schools,OK,91,705
14437,40,19860,Miami Public Schools,OK,659,2619
2290,40,19890,Middleberg Public School,OK,37,473
1548,40,14670,Midway Public Schools,OK,64,316
82630,40,19950,Midwest City-Del City Schools,OK,3017,14773
1202,40,19980,Milburn Public Schools,OK,53,228
799,40,20040,Mill Creek Public Schools,OK,33,159
3371,40,20080,Millwood Public Schools,OK,129,511
2505,40,20100,Minco Public Schools,OK,51,471
38,40,20160,Moffett Public School,OK,2,6
953,40,20190,Monroe Public School,OK,35,196
152718,40,20250,Moore Public Schools,OK,2840,25985
2023,40,20280,Mooreland Public Schools,OK,58,449
4031,40,20310,Morris Public Schools,OK,139,797
2657,40,20340,Morrison Public Schools,OK,63,535
2002,40,20430,Moseley Public School,OK,62,335
959,40,20460,Moss Public Schools,OK,27,147
3670,40,20550,Mounds Public Schools,OK,108,685
1538,40,29886,Mountain View-Gotebo Schools,OK,67,299
663,40,20640,Moyers Public Schools,OK,33,92
7911,40,20880,Muldrow Public Schools,OK,378,1409
1449,40,20910,Mulhall-Orlando Public Schools,OK,22,266
37038,40,20970,Muskogee Public Schools,OK,1762,6441
78166,40,21000,Mustang Public Schools,OK,1068,14928
453,40,21120,Nashoba Public School,OK,22,68
1945,40,21180,Navajo Public Schools,OK,40,343
1253,40,21360,New Lima Public Schools,OK,48,229
12902,40,21510,Newcastle Public Schools,OK,183,2511
3642,40,21540,Newkirk Public Schools,OK,122,678
2674,40,21600,Ninnekah Public Schools,OK,56,466
16955,40,21630,Noble Public Schools,OK,401,3052
128227,40,21720,Norman Public Schools,OK,1993,16756
3804,40,802,North Rock Creek Public School,OK,104,738
1508,40,21900,Norwood Public School,OK,31,250
5524,40,21930,Nowata Public Schools,OK,254,970
690,40,22160,Oak Grove Public School,OK,16,110
4357,40,22350,Oakdale Public School,OK,46,1102
1705,40,22410,Oaks-Mission Public Schools,OK,55,360
1426,40,22560,Oilton Public Schools,OK,59,267
2283,40,22590,Okarche Public Schools,OK,24,401
2563,40,22620,Okay Public Schools,OK,46,381
1615,40,22650,Okeene Public Schools,OK,44,318
5962,40,6850,Okemah Public Schools,OK,260,956
298795,40,22770,Oklahoma City Public Schools,OK,14614,52108
2563,40,21,Oklahoma Union Public Schools,OK,78,454
13017,40,22800,Okmulgee Public Schools,OK,653,1997
2009,40,22830,Oktaha Public Schools,OK,48,406
2398,40,22860,Olive Public Schools,OK,70,359
1003,40,797,Olustee-Eldorado Public Schools,OK,58,200
10294,40,23040,Oologah-Talala Public Schools,OK,137,1906
452,40,23070,Optima Public School,OK,10,92
593,40,23220,Osage Hills Public School,OK,8,65
1542,40,23190,Osage Public School,OK,29,275
59525,40,23280,Owasso Public Schools,OK,814,11801
1640,40,23340,Paden Public Schools,OK,74,311
3284,40,23370,Panama Public Schools,OK,106,631
1159,40,23400,Panola Public Schools,OK,71,193
1191,40,23430,Paoli Public Schools,OK,43,239
6948,40,23550,Pauls Valley Public Schools,OK,331,1294
4292,40,23580,Pawhuska Public Schools,OK,155,739
3909,40,23610,Pawnee Public Schools,OK,138,666
1108,40,10560,Peavine Public School,OK,41,198
369,40,23700,Peckham Public School,OK,4,55
1611,40,23730,Peggs Public School,OK,40,269
8539,40,23800,Perkins-Tryon Public Schools,OK,210,1655
6548,40,23850,Perry Public Schools,OK,148,1066
24368,40,23970,Piedmont Public Schools,OK,261,5372
1245,40,24150,Pioneer Public School,OK,20,213
2102,40,24510,Pioneer-Pleasant Vale Schools,OK,62,399
731,40,24180,Pittsburg Public Schools,OK,16,137
8104,40,24240,Plainview Public Schools,OK,228,1622
488,40,24330,Pleasant Grove Public School,OK,20,94
4240,40,24630,Pocola Public Schools,OK,147,712
27955,40,24690,Ponca City Public Schools,OK,1132,5146
1367,40,24720,Pond Creek-Hunter Schools,OK,72,288
3670,40,30197,Porter Consolidated Schools,OK,56,606
1998,40,24840,Porum Public Schools,OK,53,369
12064,40,24870,Poteau Public Schools,OK,448,2258
6066,40,24930,Prague Public Schools,OK,208,1117
894,40,25050,Preston Public Schools,OK,26,138
1689,40,25080,Pretty Water Public School,OK,51,232
2716,40,25170,Prue Public Schools,OK,64,406
14283,40,25200,Pryor Public Schools,OK,532,2609
9131,40,25230,Purcell Public Schools,OK,245,1612
129330,40,25290,Putnam City Public Schools,OK,5149,22179
2803,40,25320,Quapaw Public Schools,OK,81,490
2007,40,25410,Quinton Public Schools,OK,91,399
2214,40,25500,Rattan Public Schools,OK,90,402
1088,40,25530,Ravia Public School,OK,43,154
1320,40,25590,Red Oak Public Schools,OK,60,236
543,40,25800,Reydon Public Schools,OK,21,94
1793,40,25860,Ringling Public Schools,OK,64,337
1666,40,25920,Ringwood Public Schools,OK,47,338
2601,40,25950,Ripley Public Schools,OK,73,479
1743,40,26010,Riverside Public School,OK,40,297
1185,40,26100,Robin Hill Public School,OK,13,213
3652,40,33601,Rock Creek Public Schools,OK,113,646
538,40,26250,Rocky Mountain Public School,OK,21,112
1584,40,26280,Roff Public Schools,OK,43,316
5128,40,26310,Roland Public Schools,OK,195,999
2874,40,26550,Rush Springs Public Schools,OK,81,492
266,40,26580,Ryal Public School,OK,8,46
1299,40,26610,Ryan Public Schools,OK,53,228
4420,40,26730,Salina Public Schools,OK,137,751
11875,40,26790,Sallisaw Public Schools,OK,579,2053
26214,40,26880,Sand Springs Public Schools,OK,678,4887
23731,40,26910,Sapulpa Public Schools,OK,928,3943
825,40,26940,Sasakwa Public Schools,OK,32,159
1397,40,27000,Savanna Public Schools,OK,28,239
5811,40,27060,Sayre Public Schools,OK,183,651
753,40,27090,Schulter Public Schools,OK,35,124
1736,40,27240,Seiling Public Schools,OK,50,378
8090,40,27300,Seminole Public Schools,OK,388,1529
1572,40,27330,Sentinel Public Schools,OK,60,303
7112,40,27390,Sequoyah Public Schools,OK,106,1219
1008,40,27420,Shady Grove Public School,OK,33,160
1210,40,27450,Shady Point Public School,OK,41,225
1360,40,21030,Sharon-Mutual Public Schools,OK,31,253
1530,40,27540,Shattuck Public Schools,OK,43,272
27389,40,27570,Shawnee Public Schools,OK,1213,4405
1395,40,27630,Shidler Public Schools,OK,29,196
8665,40,27640,Silo Public Schools,OK,143,1540
13166,40,27750,Skiatook Public Schools,OK,277,2335
1688,40,27840,Smithville Public Schools,OK,84,287
2441,40,27930,Snyder Public Schools,OK,92,448
1259,40,27960,Soper Public Schools,OK,45,234
1294,40,26640,South Coffeyville Schools,OK,31,231
2330,40,27990,South Rock Creek Public School,OK,51,443
5733,40,28170,Sperry Public Schools,OK,121,1029
6680,40,28200,Spiro Public Schools,OK,233,1148
1328,40,28350,Springer Public Schools,OK,25,212
2165,40,28590,Sterling Public Schools,OK,30,346
552,40,28620,Stidham Public School,OK,31,98
6345,40,28650,Stigler Public Schools,OK,229,1046
56826,40,28680,Stillwater Public Schools,OK,923,6406
6827,40,28710,Stilwell Public Schools,OK,399,1321
3049,40,28800,Stonewall Public Schools,OK,90,582
218,40,28920,Straight Public School,OK,11,51
3609,40,28980,Stratford Public Schools,OK,165,741
892,40,29010,Stringtown Public Schools,OK,28,162
2143,40,29040,Strother Public Schools,OK,86,393
4658,40,29070,Stroud Public Schools,OK,259,834
891,40,29100,Stuart Public Schools,OK,25,166
8027,40,29160,Sulphur Public Schools,OK,220,1303
456,40,29310,Sweetwater Public Schools,OK,18,99
22421,40,29380,Tahlequah Public Schools,OK,673,3346
2192,40,29400,Talihina Public Schools,OK,97,399
737,40,29430,Taloga Public Schools,OK,18,125
1069,40,29520,Tannehill Public School,OK,40,226
10031,40,29610,Tecumseh Public Schools,OK,381,1915
1161,40,29640,Temple Public Schools,OK,53,187
1411,40,29670,Tenkiller Public School,OK,38,208
1044,40,29820,Texhoma Public Schools,OK,20,209
2013,40,29850,Thackerville Public Schools,OK,79,334
2621,40,15,Thomas-Fay-Custer Unified Schools,OK,95,579
2955,40,13,Timberlake Public Schools,OK,50,324
1226,40,30030,Tipton Public Schools,OK,38,243
4592,40,30060,Tishomingo Public Schools,OK,241,763
3699,40,30120,Tonkawa Public Schools,OK,134,709
296730,40,30240,Tulsa Public Schools,OK,11050,48629
1072,40,30270,Tupelo Public Schools,OK,39,178
1126,40,30290,Turkey Ford Public School,OK,42,152
2458,40,30300,Turner Public Schools,OK,61,396
1987,40,30330,Turpin Public Schools,OK,64,435
1715,40,30360,Tushka Public Schools,OK,67,314
539,40,30390,Tuskahoma Public School,OK,22,68
10388,40,30420,Tuttle Public Schools,OK,137,1999
1689,40,30450,Twin Hills Public School,OK,57,326
954,40,30480,Tyrone Public Schools,OK,33,168
1958,40,30630,Union City Public Schools,OK,24,301
90702,40,30600,Union Public Schools,OK,2583,17264
3899,40,30870,Valliant Public Schools,OK,143,723
4194,40,30960,Vanoss Public Schools,OK,82,775
1328,40,30990,Varnum Public Schools,OK,26,182
2250,40,31020,Velma-Alma Public Schools,OK,54,388
1212,40,31080,Verden Public Schools,OK,27,222
6714,40,31110,Verdigris Public Schools,OK,82,1381
4382,40,31140,Vian Public Schools,OK,212,748
1486,40,31170,Vici Public Schools,OK,43,281
9034,40,31290,Vinita Public Schools,OK,361,1556
14633,40,31350,Wagoner Public Schools,OK,407,2315
642,40,31380,Wainwright Public School,OK,17,115
3314,40,31470,Walters Public Schools,OK,121,605
1635,40,31500,Wanette Public Schools,OK,54,260
1183,40,31590,Wapanucka Public Schools,OK,78,242
3401,40,31650,Warner Public Schools,OK,81,509
5424,40,31710,Washington Public Schools,OK,55,1061
3469,40,31770,Watonga Public Schools,OK,153,688
1489,40,31860,Watts Public Schools,OK,63,236
2049,40,31950,Waukomis Public Schools,OK,41,376
2400,40,31980,Waurika Public Schools,OK,108,457
3774,40,32010,Wayne Public Schools,OK,89,653
1317,40,32040,Waynoka Public Schools,OK,43,252
14463,40,32070,Weatherford Public Schools,OK,366,2371
1432,40,32130,Webbers Falls Public Schools,OK,32,235
1941,40,32190,Welch Public Schools,OK,99,398
1900,40,32220,Weleetka Public Schools,OK,92,304
3306,40,32280,Wellston Public Schools,OK,130,560
18634,40,32370,Western Heights Public Schools,OK,1238,3664
5408,40,32400,Westville Public Schools,OK,320,1090
2064,40,32430,Wetumka Public Schools,OK,88,356
3793,40,32460,Wewoka Public Schools,OK,203,731
925,40,32610,White Oak Public Schools,OK,27,159
1506,40,32640,White Rock Public School,OK,63,269
1357,40,32670,Whitebead Public School,OK,49,221
742,40,32700,Whitefield Public School,OK,30,133
1033,40,32730,Whitesboro Public Schools,OK,38,162
586,40,32760,Wickliffe Public School,OK,17,85
4451,40,32790,Wilburton Public Schools,OK,177,777
758,40,32880,Wilson Public Schools,OK,14,114
2492,40,32940,Wilson Public Schools,OK,69,490
2363,40,32970,Wister Public Schools,OK,82,424
1522,40,33090,Woodall Public School,OK,41,272
2359,40,30048,Woodland Public Schools,OK,70,375
14551,40,33180,Woodward Public Schools,OK,525,2624
1471,40,33210,Wright City Public Schools,OK,50,259
4304,40,33240,Wyandotte Public Schools,OK,150,861
4233,40,33300,Wynnewood Public Schools,OK,125,738
629,40,33330,Wynona Public Schools,OK,20,102
2747,40,33360,Yale Public Schools,OK,90,477
318,40,33390,Yarbrough Public Schools,OK,10,62
58961,40,33480,Yukon Public Schools,OK,849,11024
666,40,33540,Zaneis Public School,OK,25,114
731,40,33600,Zion Public School,OK,19,152
83,41,990,Adel School District 21,OR,0,5
1306,41,1020,Adrian School District 61,OR,31,234
1047,41,1200,Alsea School District 7J,OR,17,167
4900,41,1230,Amity School District 4J,OR,71,816
402,41,1350,Annex School District 29,OR,15,67
911,41,1470,Arlington School District 3,OR,24,146
153,41,1500,Arock School District 81,OR,10,35
25564,41,1560,Ashland School District 5,OR,370,2947
76,41,1590,Ashwood School District 8,OR,3,18
14482,41,1620,Astoria School District 1,OR,284,1863
2938,41,1660,Athena-Weston School District 29J,OR,46,488
14016,41,1710,Baker School District 5J,OR,332,2095
7069,41,1800,Bandon School District 54,OR,155,696
6480,41,1830,Banks School District 13,OR,49,1168
297009,41,1920,Beaverton School District 48J,OR,3124,45628
145681,41,1980,Bend-La Pine Administrative School District 1,OR,1449,19879
43103,41,2040,Bethel School District 52,OR,947,6196
628,41,2160,Blachly School District 090,OR,15,98
309,41,2190,Black Butte School District 41,OR,15,27
14128,41,2310,Brookings-Harbor School District 17,OR,271,1516
374,41,1740,Burnt River School District 30J,OR,11,41
1231,41,2580,Butte Falls School District 91,OR,17,189
872,41,2610,Camas Valley School District 21J,OR,22,165
32358,41,2640,Canby School District 86,OR,396,4870
15734,41,2780,Cascade School District 5,OR,245,2719
44569,41,2800,Centennial School District 28J,OR,1168,7448
5587,41,5760,Central Curry School District 1,OR,128,582
5744,41,2910,Central Linn School District 552,OR,78,980
31851,41,2940,Central Point School District 6,OR,559,5100
25584,41,2840,Central School District 13J,OR,489,3970
5241,41,3260,Clatskanie School District 6J,OR,87,776
4420,41,3270,Colton School District 53,OR,62,693
1072,41,3330,Condon School District 25J,OR,15,144
26831,41,3660,Coos Bay School District 9,OR,801,3505
7081,41,3390,Coquille School District 8,OR,184,993
3742,41,3420,Corbett School District 39,OR,48,621
74079,41,3480,Corvallis School District 509J,OR,725,7486
1565,41,3540,Cove School District 15,OR,32,313
9827,41,3690,Creswell School District 40,OR,180,1551
27424,41,3720,Crook County School District,OR,567,3976
2337,41,3780,Crow-Applegate-Lorane Sd 66,OR,32,307
4307,41,3840,Culver School District 4,OR,64,703
23906,41,3860,Dallas School District 2,OR,426,3705
67370,41,3940,David Douglas School District 40,OR,2048,10295
6079,41,3990,Dayton School District 8,OR,101,1103
381,41,4020,Dayville School District 16J,OR,9,54
98,41,4170,Diamond School District 7,OR,0,9
22,41,4290,Double O School District 28,OR,0,0
1198,41,3960,Douglas County SD 15,OR,30,152
48939,41,10710,Douglas County SD 4,OR,1139,7024
140,41,4380,Drewsey School District 13,OR,8,11
1825,41,4410,Dufur School District 29,OR,33,339
30684,41,4500,Eagle Point School District 9,OR,604,5194
967,41,4530,Echo School District 5,OR,14,169
2698,41,4590,Elgin School District 23,OR,73,467
1293,41,4620,Elkton School District 34,OR,18,162
3310,41,5080,Enterprise School District 21,OR,58,590
14995,41,4700,Estacada School District 108,OR,182,2358
166532,41,4740,Eugene School District 4J,OR,2387,19170
1395,41,3,Falls City School District 57,OR,49,210
12724,41,4950,Fern Ridge School District 28J,OR,205,1866
40896,41,5160,Forest Grove School District 15,OR,610,7015
660,41,5250,Fossil School District 21J,OR,7,62
74,41,5310,Frenchglen School District 16,OR,1,9
3210,41,5430,Gaston School District 511J,OR,36,504
6787,41,15,Gervais School District 1,OR,128,1350
11682,41,5610,Gladstone School District 115,OR,133,1668
2900,41,5640,Glendale School District 77,OR,65,404
5938,41,5670,Glide School District 12,OR,114,863
39438,41,5910,Grants Pass School District 7,OR,1172,6493
71516,41,1120,Greater Albany School District 8J,OR,1193,11422
81257,41,6000,Gresham-Barlow School District 1J,OR,1507,13155
5976,41,2490,Harney County School District 3,OR,137,874
761,41,3600,Harney County School District 4,OR,20,72
1426,41,3630,Harney County Union High School District 1J,OR,18,72
287,41,6120,Harper School District 66,OR,16,64
5547,41,19,Harrisburg School District 7J,OR,95,1016
484,41,6270,Helix School District 1,OR,5,121
30052,41,6300,Hermiston School District 8,OR,800,5894
143546,41,23,Hillsboro School District 1J,OR,1714,22232
23764,41,6510,Hood River County School District 1,OR,456,3791
594,41,6600,Huntington School District 16J,OR,25,86
1357,41,6630,Imbler School District 11,OR,27,207
701,41,47,Ione School District 2,OR,59,119
17972,41,6740,Jefferson County School District 509J,OR,610,3167
6912,41,6710,Jefferson School District 14J,OR,101,1192
1030,41,6750,Jewell School District 8,OR,34,150
4790,41,6780,John Day School District 3,OR,67,637
407,41,6820,Jordan Valley School District 3,OR,15,69
2287,41,6870,Joseph School District 6,OR,46,264
14037,41,6930,Junction City School District 69,OR,233,2127
82,41,6960,Juntura School District 12,OR,0,6
45777,41,7020,Klamath County School District,OR,1129,7514
24661,41,7080,Klamath Falls City Schools,OR,791,3834
3643,41,40,Knappa School District 4,OR,91,611
17135,41,7200,La Grande School District 1,OR,418,2669
45462,41,7230,Lake Oswego School District 7J,OR,274,7627
5553,41,7280,Lakeview School District 7,OR,174,852
33717,41,7380,Lebanon Community School District 9,OR,715,5418
51369,41,7500,Lincoln County School District,OR,1174,5833
424,41,7530,Long Creek School District 17,OR,41,71
2852,41,7590,Lowell School District 71,OR,40,477
1649,41,7710,Mapleton School District 32,OR,33,194
2003,41,7740,Marcola School District 79J,OR,16,267
71,41,7880,McDermitt School District 51,OR,1,10
2382,41,7980,McKenzie School District 68,OR,35,219
43419,41,8010,McMinnville School District 40,OR,778,6569
93999,41,8040,Medford School District 549,OR,1971,15467
11677,41,8160,Milton-Freewater School District 7,OR,327,2139
375,41,8280,Mitchell School District 55,OR,16,39
21660,41,8310,Molalla River School District 35,OR,314,3542
3419,41,8430,Monroe School District 1J,OR,49,496
371,41,8460,Monument School District 8,OR,20,41
11667,41,8520,Morrow School District 1,OR,265,2376
4201,41,8550,Mount Angel School District 91,OR,55,736
5073,41,640,Myrtle Point School District 41,OR,130,744
8533,41,8650,Neah-Kah-Nie School District 56,OR,202,895
4725,41,8700,Nestucca Valley School District 101J,OR,141,616
39187,41,8720,Newberg School District 29J,OR,483,5918
16868,41,8820,North Bend School District 13,OR,446,2221
128275,41,8830,North Clackamas School District 12,OR,1782,18885
2767,41,4350,North Douglas School District 22,OR,68,393
1962,41,11400,North Lake School District 14,OR,78,300
11205,41,8880,North Marion School District 15,OR,210,1960
785,41,8940,North Powder School District 8J,OR,18,171
17293,41,20,North Santiam School District 29J,OR,225,2856
21660,41,48,North Wasco School District 21,OR,548,3388
5193,41,9000,Nyssa School District 26,OR,220,1330
3215,41,9120,Oakland School District 1,OR,81,492
4538,41,9150,Oakridge School District 76,OR,134,597
19367,41,9270,Ontario School District 8,OR,853,3397
61489,41,9330,Oregon City School District 62,OR,726,9485
32455,41,10890,Oregon Trail School District 46,OR,379,5070
510,41,9430,Paisley School District 11,OR,12,88
26091,41,9480,Parkrose School District 3,OR,538,3433
22638,41,9510,Pendleton School District 16,OR,432,3472
1108,41,9530,Perrydale School District 21,OR,28,191
9818,41,9600,Philomath School District 17J,OR,118,1485
25665,41,9630,Phoenix-Talent School District 4,OR,444,3320
1832,41,9660,Pilot Rock School District 2,OR,19,264
40,41,9690,Pine Creek School District 5,OR,6,9
1811,41,9720,Pine-Eagle School District 61,OR,41,270
204,41,9750,Pinehurst School District 94,OR,3,23
6848,41,9870,Pleasant Hill School District 1,OR,99,950
86,41,9960,Plush School District 18,OR,2,11
3623,41,10020,Port Orford-Langlois School District 2J,OR,133,337
506762,41,10040,Portland School District 1J,OR,4551,54218
840,41,10080,Powers School District 31,OR,13,122
1132,41,10110,Prairie City School District 4,OR,33,152
967,41,10200,Prospect School District 59,OR,18,124
7808,41,3265,Rainier School District 13,OR,173,1170
59778,41,10350,Redmond School District 2J,OR,791,8376
6104,41,10410,Reedsport School District 105,OR,177,770
75315,41,10520,Reynolds School District 7,OR,2151,12165
2537,41,10530,Riddle School District 70,OR,64,383
3132,41,10560,Riverdale School District 51J,OR,18,470
9937,41,10680,Rogue River School District 35,OR,171,1168
276189,41,10820,Salem-Keizer School District 24J,OR,6181,46225
4477,41,8100,Santiam Canyon School District 129J,OR,75,694
16451,41,10980,Scappoose School District 1J,OR,201,2456
4328,41,11040,Scio School District 95,OR,59,751
13818,41,11100,Seaside School District 10,OR,273,1611
8159,41,11220,Sheridan School District 48J,OR,125,1020
2002,41,11250,Sherman School District 1,OR,55,305
35839,41,11290,Sherwood School District 88J,OR,214,6763
21333,41,11450,Silver Falls School District 4J,OR,298,3934
9734,41,11490,Sisters School District 6,OR,100,1234
16150,41,5100,Siuslaw School District 97J,OR,247,1415
185,41,5020,South Harney School District 33,OR,4,16
19717,41,11580,South Lane School District 45J,OR,528,2877
12381,41,11610,South Umpqua School District 19,OR,266,1838
2141,41,21,South Wasco County School District 1,OR,45,284
403,41,11640,Spray School District 1,OR,8,39
76516,41,11670,Springfield School District 19,OR,1724,11097
22298,41,11720,St. Helens School District 502,OR,401,3411
1349,41,11760,St. Paul School District 45,OR,7,260
2847,41,11790,Stanfield School District 61,OR,25,555
106,41,11910,Suntex School District 10,OR,3,18
10391,41,11940,Sutherlin School District 130,OR,252,1554
16328,41,11970,Sweet Home School District 55,OR,374,2638
50067,41,6900,Three Rivers School District,OR,1159,6544
89240,41,12240,Tigard-Tualatin School District 23J,OR,999,12865
14003,41,12320,Tillamook School District 9,OR,664,2240
54,41,12360,Troy School District 54,OR,0,5
210,41,12540,Ukiah School District 80,OR,1,30
6846,41,12600,Umatilla School District 6,OR,215,1549
2562,41,12690,Union School District 5,OR,56,455
4958,41,14,Vale School District 84,OR,186,1023
4246,41,12930,Vernonia School District 47J,OR,81,685
1871,41,12990,Wallowa School District 12,OR,48,302
7432,41,13080,Warrenton-Hammond School District 30,OR,152,1122
51921,41,13170,West Linn School District 3J,OR,468,9121
6770,41,13350,Willamina School District 30J,OR,144,1106
10972,41,13490,Winston-Dillard School District 116,OR,247,1698
29618,41,13530,Woodburn School District 103,OR,855,5590
7465,41,16,Yamhill-Carlton School District 1,OR,89,1188
2717,41,13650,Yoncalla School District 32,OR,64,404
24481,42,2010,Abington Heights School District,PA,228,4179
62740,42,2040,Abington School District,PA,651,10223
21768,42,2100,Albert Gallatin Area School District,PA,532,3351
9091,42,2130,Aliquippa School District,PA,372,1296
9599,42,2190,Allegheny Valley School District,PA,141,1048
5369,42,2310,Allegheny-Clarion Valley School District,PA,85,769
126705,42,2280,Allentown City School District,PA,5433,22047
56110,42,2340,Altoona Area School District,PA,1550,8209
23171,42,2440,Ambridge Area School District,PA,445,2918
12657,42,2490,Annville-Cleona School District,PA,148,1907
8147,42,2480,Antietam School District,PA,216,1328
8930,42,2550,Apollo-Ridge School District,PA,151,1340
39881,42,2590,Armstrong School District,PA,832,5878
14357,42,2670,Athens Area School District,PA,285,2408
1097,42,2700,Austin Area School District,PA,14,131
3867,42,2760,Avella Area School District,PA,61,554
33479,42,2790,Avon Grove School District,PA,336,6104
12602,42,2820,Avonworth School District,PA,71,2076
12442,42,2910,Bald Eagle Area School District,PA,149,1764
37995,42,2970,Baldwin-Whitehall School District,PA,578,5250
22768,42,3000,Bangor Area School District,PA,329,3285
15025,42,3120,Beaver Area School District,PA,116,2303
16238,42,3180,Bedford Area School District,PA,251,2113
18342,42,3210,Belle Vernon Area School District,PA,392,2629
28981,42,3240,Bellefonte Area School District,PA,288,3395
8132,42,3300,Bellwood-Antis School District,PA,111,1310
63056,42,3330,Bensalem Township School District,PA,916,8289
5479,42,3390,Benton Area School District,PA,90,794
8102,42,3360,Bentworth School District,PA,144,1231
5393,42,3420,Berlin Brothersvalley School District,PA,84,797
13601,42,3450,Bermudian Springs School District,PA,170,2212
22046,42,3480,Berwick Area School District,PA,561,3209
33456,42,3510,Bethel Park School District,PA,261,4715
124964,42,3570,Bethlehem Area School District,PA,2093,16808
8448,42,3600,Bethlehem-Center School District,PA,169,1287
13288,42,3630,Big Beaver Falls Area School District,PA,423,1849
22214,42,3660,Big Spring School District,PA,447,3735
17764,42,3688,Blackhawk School District,PA,220,2756
4679,42,3690,Blacklick Valley School District,PA,120,696
12691,42,3750,Blairsville-Saltsburg School District,PA,270,1629
18771,42,3840,Bloomsburg Area School District,PA,283,1831
20791,42,3870,Blue Mountain School District,PA,271,3159
6906,42,3900,Blue Ridge School District,PA,155,962
51224,42,3960,Boyertown Area School District,PA,487,8329
18858,42,4020,Bradford Area School District,PA,438,2555
12934,42,4050,Brandywine Heights Area School District,PA,140,1749
9931,42,4140,Brentwood Borough School District,PA,224,1374
9916,42,4200,Bristol Borough School District,PA,231,1523
54593,42,4230,Bristol Township School District,PA,939,7729
7331,42,4260,Brockway Area School District,PA,159,1119
11573,42,4320,Brookville Area School District,PA,219,1741
13238,42,4080,Brownsville Area School District,PA,298,1667
1306,42,4090,Bryn Athyn School District,PA,10,215
9241,42,4500,Burgettstown Area School District,PA,143,1297
13760,42,4530,Burrell School District,PA,192,1833
55581,42,4590,Butler Area School District,PA,819,7178
9580,42,4710,California Area School District,PA,162,1073
9610,42,4740,Cambria Heights School District,PA,152,1453
4348,42,4830,Cameron County School District,PA,127,623
8633,42,4860,Camp Hill School District,PA,68,1504
40261,42,4890,Canon-McMillan School District,PA,427,6097
5824,42,4920,Canton Area School District,PA,122,1015
11216,42,4980,Carbondale Area School District,PA,484,1872
41886,42,5010,Carlisle Area School District,PA,858,6178
14454,42,5040,Carlynton School District,PA,262,1697
6437,42,5070,Carmichaels Area School District,PA,232,1014
11518,42,5160,Catasauqua Area School District,PA,260,1771
50104,42,5190,Centennial School District,PA,487,6430
121567,42,5310,Central Bucks School District,PA,650,19793
13096,42,5340,Central Cambria School District,PA,180,1803
15157,42,5370,Central Columbia School District,PA,200,2151
105166,42,5400,Central Dauphin School District,PA,2499,16598
6329,42,14850,Central Fulton School District,PA,154,911
14153,42,5430,Central Greene School District,PA,445,1768
17531,42,824,Central Valley School District,PA,237,2537
40353,42,5490,Central York School District,PA,646,6637
72091,42,5550,Chambersburg Area School District,PA,1428,11266
11803,42,5640,Charleroi School District,PA,356,1632
32186,42,5700,Chartiers Valley School District,PA,364,3906
9855,42,5730,Chartiers-Houston School District,PA,153,1391
38439,42,5760,Cheltenham School District,PA,419,5564
40308,42,5860,Chester-Upland School District,PA,2542,7082
10155,42,5880,Chestnut Ridge School District,PA,213,1480
25099,42,5910,Chichester School District,PA,682,3673
6088,42,6030,Clairton City School District,PA,371,863
7468,42,6060,Clarion Area School District,PA,116,865
7485,42,6090,Clarion-Limestone Area School District,PA,108,952
5236,42,6120,Claysburg-Kimmel School District,PA,130,830
17857,42,6150,Clearfield Area School District,PA,519,2479
69148,42,6240,Coatesville Area School District,PA,1419,10236
24358,42,6270,Cocalico School District,PA,270,4545
48472,42,19470,Colonial School District,PA,288,7137
10397,42,6360,Columbia Borough School District,PA,297,1485
3928,42,6390,Commodore Perry School District,PA,130,614
7367,42,6420,Conemaugh Township Area School District,PA,87,977
5864,42,6430,Conemaugh Valley School District,PA,185,816
35914,42,6480,Conestoga Valley School District,PA,653,6374
30005,42,6550,Conewago Valley School District,PA,471,4582
16916,42,6590,Conneaut School District,PA,541,2507
30793,42,6660,Connellsville Area School District,PA,709,4513
20651,42,6780,Conrad Weiser Area School District,PA,295,3182
6567,42,6810,Cornell School District,PA,132,713
38278,42,6840,Cornwall-Lebanon School District,PA,475,6017
13577,42,6860,Corry Area School District,PA,516,2358
5344,42,6930,Coudersport Area School District,PA,127,759
74633,42,6960,Council Rock School District,PA,381,12172
8740,42,7050,Cranberry Area School District,PA,177,1271
28686,42,7080,Crawford Central School District,PA,676,3871
20703,42,5460,Crestwood School District,PA,217,3482
69624,42,7110,Cumberland Valley School District,PA,778,11738
7115,42,7140,Curwensville Area School District,PA,218,1107
20983,42,7200,Dallas School District,PA,209,3111
45686,42,7230,Dallastown Area School District,PA,612,7463
22924,42,7290,Daniel Boone Area School District,PA,277,3915
18844,42,7320,Danville Area School District,PA,294,2678
14689,42,7540,Deer Lakes School District,PA,136,1972
31964,42,7530,Delaware Valley School District,PA,496,4353
16595,42,7560,Derry Area School District,PA,365,2135
25287,42,7590,Derry Township School District,PA,261,4428
22893,42,7650,Donegal School District,PA,240,3574
25109,42,7680,Dover Area School District,PA,397,3806
80271,42,7710,Downingtown Area School District,PA,369,14778
30389,42,7830,DuBois Area School District,PA,806,4523
14105,42,7980,Dunmore School District,PA,214,1890
5175,42,8010,Duquesne City School District,PA,426,909
14233,42,8060,East Allegheny School District,PA,419,1840
10477,42,8490,East Lycoming School District,PA,190,1690
59418,42,8550,East Penn School District,PA,542,9757
22203,42,8580,East Pennsboro Area School District,PA,336,3091
49108,42,8670,East Stroudsburg Area School District,PA,1126,6733
33726,42,8820,Eastern Lancaster County School District,PA,517,6334
22723,42,8460,Eastern Lebanon County School District,PA,247,4064
20288,42,8790,Eastern York School District,PA,329,3013
69419,42,8850,Easton Area School District,PA,1116,9755
17188,42,9090,Elizabeth Forward School District,PA,239,2427
32416,42,9120,Elizabethtown Area School District,PA,284,4671
7042,42,9150,Elk Lake School District,PA,150,1098
13318,42,9240,Ellwood City Area School District,PA,287,1837
35845,42,9270,Ephrata Area School District,PA,420,5565
93737,42,9300,Erie City School District,PA,4346,14066
9367,42,9360,Everett Area School District,PA,217,1281
28013,42,9480,Exeter Township School District,PA,399,4386
8460,42,9540,Fairfield Area School District,PA,88,1224
11010,42,9570,Fairview School District,PA,92,2036
4412,42,9660,Fannett-Metal School District,PA,173,784
4733,42,9690,Farrell Area School District,PA,236,680
4392,42,9750,Ferndale Area School District,PA,217,675
17224,42,9780,Fleetwood Area School District,PA,256,2772
2732,42,9870,Forbes Road School District,PA,53,403
7106,42,8280,Forest Area School District,PA,94,584
5688,42,9930,Forest City Regional School District,PA,123,803
11880,42,9940,Forest Hills School District,PA,236,1906
8014,42,9960,Fort Cherry School District,PA,99,1091
14609,42,9990,Fort LeBoeuf School District,PA,267,2276
28996,42,10070,Fox Chapel Area School District,PA,263,4963
14729,42,10200,Franklin Area School District,PA,362,2085
23487,42,10230,Franklin Regional School District,PA,219,3680
7345,42,10350,Frazier School District,PA,81,1033
10675,42,10380,Freedom Area School District,PA,168,1456
12445,42,10440,Freeport Area School District,PA,85,1978
2722,42,10530,Galeton Area School District,PA,46,270
31195,42,10590,Garnet Valley School District,PA,147,5160
31265,42,10620,Gateway School District,PA,601,4035
15596,42,10650,General McLane School District,PA,203,2255
28903,42,10710,Gettysburg Area School District,PA,354,3336
10672,42,10740,Girard School District,PA,230,1699
4964,42,10830,Glendale School District,PA,101,727
32381,42,10860,Governor Mifflin School District,PA,478,4716
36315,42,10870,Great Valley School District,PA,223,5687
23965,42,10950,Greater Johnstown School District,PA,1637,3612
29603,42,10980,Greater Latrobe School District,PA,444,4030
18411,42,16290,Greater Nanticoke Area School District,PA,611,2789
20460,42,11010,Greencastle-Antrim School District,PA,270,3558
25410,42,10920,Greensburg Salem School District,PA,536,3016
9991,42,11160,Greenville Area School District,PA,194,1303
5669,42,11190,Greenwood School District,PA,92,946
16275,42,11220,Grove City Area School District,PA,208,2270
7405,42,11310,Halifax Area School District,PA,133,1137
18082,42,11340,Hamburg Area School District,PA,337,2566
18202,42,11400,Hampton Township School District,PA,106,3133
15845,42,11420,Hanover Area School District,PA,562,2526
16962,42,11450,Hanover Public School District,PA,359,2203
16443,42,11490,Harbor Creek School District,PA,168,2382
2136,42,11520,Harmony Area School District,PA,110,361
51258,42,11580,Harrisburg City School District,PA,3291,9040
35722,42,11610,Hatboro-Horsham School District,PA,291,5640
51135,42,11670,Haverford Township School District,PA,273,8632
80126,42,11700,Hazleton Area School District,PA,2849,13572
48115,42,11760,Hempfield Area School District,PA,624,5886
51863,42,11790,Hempfield School District,PA,579,8429
15862,42,11820,Hermitage School District,PA,251,2028
19660,42,11880,Highlands School District,PA,540,2664
26303,42,11940,Hollidaysburg Area School District,PA,319,3662
6099,42,13290,Homer-Center School District,PA,131,832
18221,42,12030,Hopewell Area School District,PA,198,2574
19681,42,12090,Huntingdon Area School District,PA,257,2096
32130,42,12150,Indiana Area School District,PA,716,3284
23905,42,12170,Interboro School District,PA,521,3662
6961,42,12210,Iroquois School District,PA,198,1219
3811,42,12300,Jamestown Area School District,PA,82,451
8688,42,12330,Jeannette City School District,PA,366,1159
5258,42,12390,Jefferson-Morgan School District,PA,135,793
4844,42,12420,Jenkintown School District,PA,48,853
17403,42,12480,Jersey Shore Area School District,PA,353,2785
15958,42,12540,Jim Thorpe Area School District,PA,275,2243
4219,42,12570,Johnsonburg Area School District,PA,95,581
22864,42,12600,Juniata County School District,PA,416,3584
4813,42,12630,Juniata Valley School District,PA,115,781
7005,42,12660,Kane Area School District,PA,150,1061
9709,42,9600,Karns City Area School District,PA,101,1327
28357,42,12690,Kennett Consolidated School District,PA,330,4622
35846,42,12725,Keystone Central School District,PA,1110,5057
20729,42,12750,Keystone Oaks School District,PA,219,2297
7466,42,12720,Keystone School District,PA,111,1250
27344,42,12840,Kiski Area School District,PA,556,3827
18411,42,21930,Knoch School District,PA,155,2505
17458,42,12930,Kutztown Area School District,PA,196,1878
8187,42,12990,Lackawanna Trail School District,PA,144,1197
16665,42,13020,Lake-Lehman School District,PA,179,2144
11980,42,13050,Lakeland School District,PA,190,1793
7921,42,13080,Lakeview School District,PA,199,1210
26031,42,13110,Lampeter-Strasburg School District,PA,300,4314
77544,42,13140,Lancaster School District,PA,2428,11760
21860,42,13320,Laurel Highlands School District,PA,468,2936
7252,42,13380,Laurel School District,PA,76,1122
28045,42,13440,Lebanon School District,PA,1092,5144
5668,42,13470,Leechburg Area School District,PA,95,757
17710,42,13500,Lehighton Area School District,PA,293,2435
17851,42,13590,Lewisburg Area School District,PA,165,2101
14361,42,13710,Ligonier Valley School District,PA,266,1776
8665,42,14460,Line Mountain School District,PA,193,1410
15531,42,13980,Littlestown Area School District,PA,201,2280
26216,42,14100,Lower Dauphin School District,PA,376,4610
69925,42,14160,Lower Merion School District,PA,406,12336
14285,42,14190,Lower Moreland Township School District,PA,158,2698
11464,42,14310,Loyalsock Township School District,PA,220,1701
10861,42,14430,Mahanoy Area School District,PA,300,1159
27789,42,14550,Manheim Central School District,PA,329,4331
44765,42,14580,Manheim Township School District,PA,381,7124
9753,42,14730,Marion Center Area School District,PA,327,1653
39763,42,14760,Marple Newtown School District,PA,268,6031
24340,42,14790,Mars Area School District,PA,96,4140
11704,42,14880,McGuffey School District,PA,182,1836
28213,42,14940,McKeesport Area School District,PA,1217,3986
36239,42,15030,Mechanicsburg Area School District,PA,539,5270
10281,42,15120,Mercer Area School District,PA,159,1198
36892,42,14250,Methacton School District,PA,258,5964
6618,42,15150,Meyersdale Area School District,PA,217,1006
15555,42,15170,Mid Valley School District,PA,356,2243
17175,42,15210,Midd-West School District,PA,531,2810
20670,42,15240,Middletown Area School District,PA,379,2960
2394,42,15270,Midland Borough School District,PA,93,386
43101,42,15290,Mifflin County School District,PA,1306,7083
15912,42,26010,Mifflinburg Area School District,PA,341,2571
53449,42,15330,Millcreek Township School District,PA,723,7927
6707,42,15360,Millersburg Area School District,PA,144,973
5540,42,15450,Millville Area School District,PA,110,824
15840,42,15480,Milton Area School District,PA,331,2196
8857,42,15510,Minersville Area School District,PA,247,1379
9821,42,15540,Mohawk Area School District,PA,167,1479
6804,42,15600,Monessen City School District,PA,283,865
9130,42,17100,Moniteau School District,PA,113,1312
7494,42,15660,Montgomery Area School District,PA,215,1196
28307,42,15720,Montour School District,PA,239,3687
13075,42,15750,Montoursville Area School District,PA,217,2079
10340,42,15810,Montrose Area School District,PA,168,1359
29282,42,15830,Moon Area School District,PA,285,4417
9864,42,15900,Morrisville Borough School District,PA,198,1420
8534,42,15960,Moshannon Valley School District,PA,138,848
11344,42,15990,Mount Carmel Area School District,PA,342,1564
33564,42,16110,Mount Lebanon School District,PA,200,5778
16483,42,16170,Mount Pleasant Area School District,PA,313,2137
8950,42,16020,Mount Union Area School District,PA,212,1342
7762,42,16050,Mountain View School District,PA,143,1042
26819,42,16200,Muhlenberg School District,PA,743,4483
7131,42,16230,Muncy School District,PA,106,1083
32816,42,16380,Nazareth Area School District,PA,263,5324
73682,42,16410,Neshaminy School District,PA,734,10739
9633,42,16440,Neshannock Township School District,PA,97,1399
10201,42,16530,New Brighton Area School District,PA,269,1500
22426,42,16620,New Castle Area School District,PA,1276,3376
11384,42,16860,New Hope-Solebury School District,PA,46,1541
16764,42,16740,New Kensington-Arnold School District,PA,745,2279
7792,42,16890,Newport School District,PA,160,1232
67714,42,16980,Norristown Area School District,PA,1687,9306
55634,42,17010,North Allegheny School District,PA,240,9574
4594,42,17130,North Clarion County School District,PA,82,746
10512,42,17160,North East School District,PA,210,1741
39642,42,17220,North Hills School District,PA,324,5104
108238,42,17280,North Penn School District,PA,970,15709
20805,42,17310,North Pocono School District,PA,343,3434
16115,42,10110,North Schuylkill School District,PA,369,2316
8155,42,10115,North Star School District,PA,143,1181
45402,42,17370,Northampton Area School District,PA,519,6177
5308,42,17460,Northeast Bradford School District,PA,99,956
26620,42,17520,Northeastern York School District,PA,505,4571
6676,42,17580,Northern Bedford County School District,PA,110,1210
7294,42,17610,Northern Cambria School District,PA,155,1152
17732,42,17640,Northern Lebanon School District,PA,204,3000
13288,42,17670,Northern Lehigh School District,PA,214,2008
3910,42,17700,Northern Potter School District,PA,125,637
14160,42,17730,Northern Tioga School District,PA,305,2121
25955,42,17760,Northern York County School District,PA,312,4276
12877,42,17770,Northgate School District,PA,188,1284
8529,42,17790,Northwest Area School District,PA,143,1232
15263,42,17850,Northwestern Lehigh School District,PA,113,2550
11459,42,17880,Northwestern School District,PA,228,1551
36330,42,17940,Norwin School District,PA,396,5417
19220,42,18030,Octorara Area School District,PA,416,3569
13511,42,18090,Oil City Area School District,PA,445,2034
8535,42,18120,Old Forge School District,PA,182,1230
13554,42,18150,Oley Valley School District,PA,173,1885
3024,42,18210,Oswayo Valley School District,PA,68,479
3752,42,18240,Otto-Eldred School District,PA,89,567
38643,42,18270,Owen J. Roberts School District,PA,246,6477
28498,42,18300,Oxford Area School District,PA,634,4862
15633,42,18330,Palisades School District,PA,105,1910
14169,42,18360,Palmerton Area School District,PA,198,1950
25884,42,18390,Palmyra Area School District,PA,232,4184
13211,42,18450,Panther Valley School District,PA,545,2039
67848,42,18510,Parkland School District,PA,712,11713
12997,42,18570,Pen Argyl Area School District,PA,161,1745
14677,42,13770,Penn Cambria School District,PA,201,1811
40556,42,18590,Penn Hills School District,PA,1023,5426
45178,42,18630,Penn Manor School District,PA,604,6866
27795,42,18580,Penn-Delco School District,PA,258,3944
26245,42,18660,Penn-Trafford School District,PA,277,4178
22439,42,18740,Penncrest School District,PA,520,3413
52016,42,18750,Pennridge School District,PA,378,8049
5606,42,18780,Penns Manor Area School District,PA,115,832
12924,42,18810,Penns Valley Area School District,PA,348,2316
73187,42,18840,Pennsbury School District,PA,575,11729
23243,42,18900,Pequea Valley School District,PA,542,5187
39537,42,18930,Perkiomen Valley School District,PA,205,6089
23046,42,18960,Peters Township School District,PA,127,4608
1573916,42,18990,Philadelphia City School District,PA,66837,235636
14654,42,19020,Philipsburg-Osceola Area School District,PA,252,1681
37398,42,19050,Phoenixville Area School District,PA,272,5135
11691,42,19140,Pine Grove Area School District,PA,187,1945
26190,42,2850,Pine-Richland School District,PA,123,5442
301753,42,19170,Pittsburgh School District,PA,7410,30856
27590,42,19200,Pittston Area School District,PA,555,3854
31921,42,19290,Pleasant Valley School District,PA,508,4616
26737,42,19350,Plum Borough School District,PA,258,3990
62978,42,19500,Pocono Mountain School District,PA,1540,9220
5494,42,19530,Port Allegany School District,PA,193,930
5911,42,19560,Portage Area School District,PA,151,900
22463,42,19650,Pottsgrove School District,PA,332,3736
24052,42,19680,Pottstown School District,PA,768,3823
19027,42,19710,Pottsville Area School District,PA,649,2917
20069,42,19800,Punxsutawney Area School District,PA,528,3303
6378,42,19830,Purchase Line School District,PA,159,958
13917,42,19860,Quaker Valley School District,PA,121,2447
38107,42,19890,Quakertown Community School District,PA,334,5712
33692,42,19920,Radnor Township School District,PA,177,5166
97389,42,20040,Reading School District,PA,6827,18949
39772,42,20100,Red Lion Area School District,PA,728,6577
7669,42,20130,Redbank Valley School District,PA,132,1170
8651,42,20220,Reynolds School District,PA,214,1201
13955,42,20250,Richland School District,PA,152,1705
6651,42,20310,Ridgway Area School District,PA,131,1027
41266,42,20370,Ridley School District,PA,693,6489
24994,42,20400,Ringgold School District,PA,528,3174
10013,42,17430,Riverside Beaver County School District,PA,143,1521
12308,42,23250,Riverside School District,PA,328,1782
9111,42,20430,Riverview School District,PA,112,1148
6641,42,20460,Rochester Area School District,PA,177,872
5233,42,20520,Rockwood Area School District,PA,70,707
37931,42,20550,Rose Tree Media School District,PA,167,5320
14025,42,20730,Salisbury Township School District,PA,181,2115
2889,42,20760,Salisbury-Elk Lick School District,PA,148,522
17779,42,11730,Saucon Valley School District,PA,158,2610
7769,42,20850,Sayre Area School District,PA,114,1220
8461,42,20910,Schuylkill Haven Area School District,PA,161,1382
16078,42,20970,Schuylkill Valley School District,PA,214,2394
76668,42,21090,Scranton School District,PA,3273,11569
22452,42,21120,Selinsgrove Area School District,PA,476,3201
55310,42,22440,Seneca Valley School District,PA,330,8542
3360,42,21180,Shade-Central City School District,PA,62,415
37627,42,21200,Shaler Area School District,PA,364,4750
19725,42,21240,Shamokin Area School District,PA,691,2725
2604,42,21270,Shanksville-Stonycreek School District,PA,42,377
12849,42,21330,Sharon City School District,PA,580,1972
7314,42,21420,Sharpsville Area School District,PA,137,1047
7101,42,21490,Shenandoah Valley School District,PA,372,1219
7614,42,21510,Shenango Area School District,PA,132,1160
22227,42,21540,Shikellamy School District,PA,548,3275
30248,42,21570,Shippensburg Area School District,PA,655,4899
21415,42,21660,Slippery Rock Area School District,PA,174,2210
5359,42,21690,Smethport Area School District,PA,92,750
33585,42,21810,Solanco School District,PA,1053,6806
20448,42,21840,Somerset Area School District,PA,319,2326
48690,42,21870,Souderton Area School District,PA,408,7928
11270,42,21910,South Allegheny School District,PA,315,1641
20139,42,22170,South Eastern School District,PA,311,3329
18083,42,20580,South Fayette Township School District,PA,165,3484
17134,42,22050,South Middleton School District,PA,222,2659
13512,42,22060,South Park School District,PA,176,2058
6045,42,22230,South Side Area School District,PA,86,983
30992,42,22470,South Western School District,PA,435,5129
9039,42,22140,South Williamsport Area School District,PA,176,1416
31365,42,22400,Southeast Delco School District,PA,1274,5549
4082,42,22200,Southeastern Greene School District,PA,101,644
10286,42,22260,Southern Columbia Area School District,PA,117,1471
5391,42,22290,Southern Fulton School District,PA,91,779
7462,42,22320,Southern Huntingdon County School District,PA,100,1102
23971,42,22350,Southern Lehigh School District,PA,173,3929
14541,42,22370,Southern Tioga School District,PA,284,2070
22357,42,22380,Southern York County School District,PA,270,3614
14471,42,22410,Southmoreland School District,PA,331,2008
12968,42,22530,Spring Cove School District,PA,208,1993
30180,42,22590,Spring Grove Area School District,PA,430,4862
54463,42,22560,Spring-Ford Area School District,PA,351,9286
28237,42,22600,Springfield School District,PA,226,4986
21364,42,22620,Springfield Township School District,PA,128,3464
6246,42,22710,St. Clair Area School District,PA,170,882
17976,42,20640,St. Marys Area School District,PA,230,2585
95744,42,22770,State College Area School District,PA,559,8713
15297,42,22790,Steel Valley School District,PA,402,1905
9212,42,22800,Steelton-Highspire School District,PA,554,1761
12161,42,22830,Sto-Rox School District,PA,717,2022
34658,42,22860,Stroudsburg Area School District,PA,761,4928
5927,42,22920,Sullivan County School District,PA,57,425
4783,42,22980,Susquehanna Community School District,PA,148,705
27355,42,23010,Susquehanna Township School District,PA,588,4164
14583,42,23040,Susquenita School District,PA,186,2010
16451,42,23220,Tamaqua Area School District,PA,448,2613
12992,42,23490,Titusville Area School District,PA,612,2250
10246,42,23550,Towanda Area School District,PA,181,1633
45025,42,23640,Tredyffrin-Easttown School District,PA,240,8228
6502,42,23700,Tri-Valley School District,PA,81,1029
26452,42,23760,Trinity Area School District,PA,430,3687
10375,42,23790,Troy Area School District,PA,200,1734
13178,42,23820,Tulpehocken Area School District,PA,208,2344
17424,42,23850,Tunkhannock Area School District,PA,313,2398
2542,42,23880,Turkeyfoot Valley Area School District,PA,70,328
18340,42,22740,Tuscarora School District,PA,292,3106
6553,42,23970,Tussey Mountain School District,PA,130,938
26534,42,24000,Twin Valley School District,PA,400,4457
12843,42,24030,Tyrone Area School District,PA,278,2030
5207,42,24060,Union Area School District,PA,153,756
6237,42,24090,Union City Area School District,PA,199,1004
4118,42,24120,Union School District,PA,116,615
21633,42,24150,Uniontown Area School District,PA,635,3165
25494,42,24210,Unionville-Chadds Ford School District,PA,115,4498
7254,42,24240,United School District,PA,147,1087
11414,42,24300,Upper Adams School District,PA,175,1827
95065,42,24320,Upper Darby School District,PA,3426,15768
9674,42,24360,Upper Dauphin Area School District,PA,279,1755
27388,42,24390,Upper Dublin School District,PA,128,4963
41181,42,24480,Upper Merion Area School District,PA,419,5369
26806,42,24510,Upper Moreland Township School District,PA,281,3996
25523,42,24540,Upper Perkiomen School District,PA,257,4246
20843,42,24570,Upper St. Clair School District,PA,107,4357
5973,42,24630,Valley Grove School District,PA,137,833
18556,42,24650,Valley View School District,PA,356,2809
26409,42,24750,Wallenpaupack Area School District,PA,353,3027
23186,42,24790,Wallingford-Swarthmore School District,PA,156,4178
34650,42,24820,Warren County School District,PA,696,5091
15786,42,24870,Warrior Run School District,PA,220,2045
32992,42,24960,Warwick School District,PA,311,5147
15107,42,24990,Washington School District,PA,557,1805
9761,42,25080,Wattsburg Area School District,PA,145,1534
20492,42,24970,Wayne Highlands School District,PA,464,2759
33895,42,25110,Waynesboro Area School District,PA,570,5245
5053,42,25140,Weatherly Area School District,PA,87,696
11984,42,25170,Wellsboro Area School District,PA,228,1802
23654,42,25200,West Allegheny School District,PA,265,3629
7315,42,25230,West Branch Area School District,PA,140,991
116568,42,25290,West Chester Area School District,PA,598,16105
4030,42,25440,West Greene School District,PA,131,694
21011,42,25590,West Jefferson Hills School District,PA,204,3382
6656,42,25650,West Middlesex Area School District,PA,107,1025
20456,42,25680,West Mifflin Area School District,PA,542,2743
19468,42,25740,West Perry School District,PA,349,3231
68849,42,25830,West Shore School District,PA,921,9613
25088,42,25980,West York Area School District,PA,537,3677
5174,42,26040,Western Beaver County School District,PA,70,751
18463,42,26070,Western Wayne School District,PA,250,2013
11867,42,26130,Westmont Hilltop School District,PA,244,1788
33485,42,26250,Whitehall-Coplay School District,PA,705,5091
63897,42,26300,Wilkes-Barre Area School District,PA,2461,9215
14134,42,26370,Wilkinsburg Borough School District,PA,475,1569
43913,42,26390,William Penn School District,PA,1593,7282
7445,42,26400,Williams Valley School District,PA,189,1187
3369,42,26430,Williamsburg Community School District,PA,56,589
39375,42,26460,Williamsport Area School District,PA,1397,5542
10657,42,26520,Wilmington Area School District,PA,243,1702
16978,42,26550,Wilson Area School District,PA,296,2402
42275,42,26580,Wilson School District,PA,621,6856
8250,42,26610,Windber Area School District,PA,221,1243
40252,42,2400,Wissahickon School District,PA,323,6638
44370,42,16500,Woodland Hills School District,PA,1408,5801
8547,42,26700,Wyalusing Area School District,PA,140,1410
18894,42,26730,Wyoming Area School District,PA,379,2705
42561,42,25950,Wyoming Valley West School District,PA,1437,6456
13645,42,26760,Wyomissing Area School District,PA,208,2158
46253,42,26820,York City School District,PA,2970,8402
24129,42,26850,York Suburban School District,PA,373,3713
15101,42,21150,Yough School District,PA,322,2023
16934,44,30,Barrington School District,RI,118,3508
33211,44,65,Bristol-Warren Regional School District,RI,232,3243
16529,44,90,Burrillville School District,RI,228,2561
23102,44,120,Central Falls School District,RI,1184,4517
24508,44,150,Chariho Regional School District,RI,207,3045
36125,44,210,Coventry School District,RI,360,4960
84838,44,240,Cranston School District,RI,1434,12073
37241,44,270,Cumberland School District,RI,328,5852
14487,44,300,East Greenwich School District,RI,82,2741
48221,44,330,East Providence School District,RI,701,5786
13093,44,360,Exeter-West Greenwich Regional School District,RI,99,1792
4571,44,390,Foster Elementary School District,RI,24,250
14775,44,420,Foster-Glocester Regional School District,RI,82,1297
10203,44,450,Glocester Elementary School District,RI,44,607
5418,44,510,Jamestown School District,RI,19,616
30247,44,540,Johnston School District,RI,479,3920
23046,44,570,Lincoln School District,RI,315,3718
3524,44,600,Little Compton School District,RI,21,402
16641,44,630,Middletown School District,RI,159,2238
14587,44,660,Narragansett School District,RI,77,1164
1415,44,690,New Shoreham School District,RI,4,133
24524,44,720,Newport School District,RI,355,2127
27838,44,750,North Kingstown School District,RI,238,3899
34897,44,780,North Providence School District,RI,533,4367
12877,44,810,North Smithfield School District,RI,110,1830
77340,44,840,Pawtucket School District,RI,2249,11643
17417,44,870,Portsmouth School District,RI,100,2385
195318,44,900,Providence School District,RI,7672,29296
10622,44,960,Scituate School District,RI,89,1569
22626,44,990,Smithfield School District,RI,145,2751
32052,44,1020,South Kingstown School District,RI,193,3070
15944,44,1050,Tiverton School District,RI,106,1812
83838,44,1110,Warwick School District,RI,806,10051
31392,44,1140,West Warwick School District,RI,537,3831
23448,44,1170,Westerly School District,RI,235,2558
44233,44,1200,Woonsocket School District,RI,1747,6579
23624,45,690,Abbeville County School District,SC,689,3468
181712,45,720,Aiken County School District,SC,6318,28211
7551,45,750,Allendale County School District,SC,419,962
62109,45,780,Anderson School District 1,SC,1313,11781
24612,45,810,Anderson School District 2,SC,722,4053
15646,45,840,Anderson School District 3,SC,537,2608
24710,45,870,Anderson School District 4,SC,507,3485
90348,45,900,Anderson School District 5,SC,2778,14405
12870,45,3916,Bamberg County School District,SC,512,1707
20495,45,99501,Barnwell County School District,SC,1022,3524
201775,45,1110,Beaufort County School District,SC,3013,24845
264276,45,1170,Berkeley County School District,SC,5358,44869
14249,45,1250,Calhoun County School District,SC,407,1969
431001,45,1440,Charleston County School District,SC,8037,58345
55554,45,1500,Cherokee County School District,SC,1889,9260
32323,45,1530,Chester County School District,SC,1034,5278
44488,45,1560,Chesterfield County School District,SC,1815,7299
31030,45,3915,Clarendon County School District,SC,950,4003
39259,45,1830,Colleton County School District,SC,1749,6672
62425,45,1860,Darlington County School District,SC,2699,10189
6796,45,1950,Dillon School District 3,SC,308,1273
20781,45,1920,Dillon School District 4,SC,1226,3814
157082,45,2010,Dorchester School District 2,SC,3189,28618
17581,45,2,Dorchester School District 4,SC,396,2335
29455,45,2070,Edgefield County School District,SC,671,3572
20369,45,2100,Fairfield County School District,SC,662,2705
106970,45,2130,Florence School District 1,SC,3396,18252
6432,45,2160,Florence School District 2,SC,202,1070
19123,45,2190,Florence School District 3,SC,916,3543
5524,45,2250,Florence School District 5,SC,239,1161
66035,45,2280,Georgetown County School District,SC,2264,8210
590640,45,2310,Greenville County School District,SC,11866,98736
58963,45,2340,Greenwood School District 50,SC,2057,9602
6684,45,2370,Greenwood School District 51,SC,265,1104
7721,45,2400,Greenwood School District 52,SC,241,1297
18172,45,3912,Hampton County School District,SC,761,2732
413391,45,2490,Horry County School District,SC,10942,50713
35618,45,2520,Jasper County School District,SC,1185,4218
71698,45,2550,Kershaw County School District,SC,1950,12450
111652,45,2580,Lancaster County School District,SC,2225,17404
39731,45,2610,Laurens School District 55,SC,1679,6333
20658,45,2640,Laurens School District 56,SC,989,3155
15958,45,2670,Lee County School District,SC,722,2299
156766,45,2700,Lexington School District 1,SC,3174,30043
69533,45,2730,Lexington School District 2,SC,2052,9669
14142,45,2760,Lexington School District 3,SC,417,2169
19233,45,2790,Lexington School District 4,SC,832,3359
108896,45,2820,Lexington School District 5,SC,1987,19033
28368,45,3908,Marion School District 10,SC,1948,4586
25498,45,2970,Marlboro County School District,SC,1194,3718
9983,45,3000,McCormick County School District,SC,208,719
39203,45,3030,Newberry County School District,SC,1643,6138
82475,45,3060,Oconee County School District,SC,3704,11708
83129,45,3910,Orangeburg County School District,SC,3482,13204
138207,45,3330,Pickens County School District,SC,2671,18838
210112,45,3360,Richland School District 1,SC,6450,26674
167782,45,3390,Richland School District 2,SC,4668,31184
14946,45,3460,Saluda County School District,SC,511,2444
39352,45,3480,Spartanburg School District 1,SC,1022,6611
79371,45,3510,Spartanburg School District 2,SC,2086,14146
18123,45,3540,Spartanburg School District 3,SC,509,2963
21035,45,3570,Spartanburg School District 4,SC,501,3315
63818,45,3600,Spartanburg School District 5,SC,1385,12060
76547,45,3630,Spartanburg School District 6,SC,2192,13170
60901,45,3660,Spartanburg School District 7,SC,1933,9189
104776,45,3902,Sumter County Consolidated School District,SC,3862,17712
26678,45,3750,Union County School District,SC,1025,4171
29865,45,3780,Williamsburg County School District,SC,1263,4214
35701,45,3810,York School District 1,SC,844,5989
49311,45,3840,York School District 2,SC,641,8895
130213,45,3870,York School District 3,SC,2691,20196
87776,45,3900,York School District 4,SC,836,18703
32266,46,2070,Aberdeen School District 06-1,SD,489,5575
2000,46,42,Agar-Blunt-Onida School District 58-3,SD,19,337
2512,46,28,Alcester-Hudson School District 61-1,SD,19,423
2106,46,39540,Andes Central School District 11-1,SD,129,486
1960,46,3720,Arlington School District 38-1,SD,21,319
1053,46,3780,Armour School District 21-1,SD,13,208
1183,46,4270,Avon School District 04-1,SD,32,225
2340,46,4680,Baltic School District 49-1,SD,16,520
8725,46,5610,Belle Fourche School District 09-1,SD,203,1587
3289,46,6240,Bennett County School District 03-1,SD,257,741
3785,46,6360,Beresford School District 61-2,SD,37,709
698,46,6960,Big Stone City School District 25-1,SD,10,68
904,46,7050,Bison School District 52-1,SD,34,180
4793,46,7400,Bon Homme School District 04-2,SD,71,593
744,46,7800,Bowdle School District 22-1,SD,16,117
23824,46,7950,Brandon Valley School District 49-2,SD,162,5486
1855,46,21420,Bridgewater-Emery School District 30-3,SD,47,376
2952,46,41,Britton-Hecla School District 45-4,SD,48,463
28921,46,8520,Brookings School District 05-1,SD,255,4087
1211,46,9512,Burke School District 26-2,SD,33,208
1284,46,10320,Canistota School District 43-1,SD,22,268
6507,46,10560,Canton School District 41-1,SD,54,1366
1599,46,11280,Castlewood School District 28-1,SD,29,343
1677,46,11760,Centerville School District 60-1,SD,26,300
5970,46,12000,Chamberlain School District 07-1,SD,300,1235
1828,46,12300,Chester School District 39-1,SD,16,326
2613,46,12940,Clark School District 12-2,SD,42,477
1721,46,14100,Colman-Egan School District 50-5,SD,32,347
851,46,14130,Colome School District 59-3,SD,51,158
1999,46,80445,Corsica-Stickney School District 21-3,SD,51,374
9095,46,16950,Custer School District 16-1,SD,90,948
8631,46,36990,Dakota Valley School District 61-8,SD,64,1484
1798,46,17850,De Smet School District 38-2,SD,31,337
6286,46,18120,Dell Rapids School District 49-3,SD,30,1296
2101,46,78300,Deubrook School District 05-6,SD,24,432
3431,46,36,Deuel School District 19-4,SD,27,594
936,46,19170,Doland School District 56-2,SD,19,164
16198,46,19410,Douglas School District 51-1,SD,278,3100
1683,46,19450,Dupree School District 64-2,SD,133,242
4659,46,20100,Eagle Butte School District 20-1,SD,443,1264
1136,46,20850,Edgemont School District 23-1,SD,24,143
898,46,34440,Edmunds Central School District 22-5,SD,21,150
321,46,21300,Elk Mountain School District 16-2,SD,16,28
4537,46,21340,Elk Point-Jefferson School District 61-7,SD,24,849
1600,46,21390,Elkton School District 05-3,SD,29,332
1631,46,22410,Estelline School District 28-2,SD,39,286
852,46,22500,Ethan School District 17-1,SD,10,188
1198,46,22560,Eureka School District 44-1,SD,23,169
794,46,22940,Faith School District 46-2,SD,20,157
1854,46,24030,Faulkton School District 24-4,SD,46,330
3834,46,24390,Flandreau School District 50-3,SD,70,720
835,46,24540,Florence School District 14-1,SD,12,174
862,46,21400,Frederick Area School District 06-2,SD,19,162
2497,46,25500,Freeman School District 33-1,SD,68,458
2823,46,26370,Garretson School District 49-4,SD,14,626
1009,46,26490,Gayville-Volin School District 63-1,SD,7,192
1288,46,26970,Gettysburg School District 53-1,SD,18,252
2186,46,29880,Gregory School District 26-4,SD,64,385
3389,46,45,Groton Area School District 06-6,SD,39,663
1608,46,30490,Haakon School District 27-1,SD,28,282
3762,46,30800,Hamlin School District 28-3,SD,61,935
1869,46,2640,Hanson School District 30-1,SD,34,381
1325,46,9300,Harding County School District 31-1,SD,29,219
37125,46,31350,Harrisburg School District 41-2,SD,209,6859
521,46,32340,Henry School District 14-2,SD,25,113
640,46,32430,Herreid School District 10-1,SD,13,103
1627,46,80440,Highmore-Harrold School District 34-2,SD,55,324
3406,46,33360,Hill City School District 51-2,SD,29,451
1434,46,46,Hitchcock-Tulare School District 56-6,SD,28,269
6188,46,34480,Hot Springs School District 23-2,SD,105,744
1249,46,34600,Hoven School District 53-2,SD,24,185
2276,46,25,Howard School District 48-3,SD,43,380
16931,46,35480,Huron School District 02-2,SD,505,3469
2501,46,36060,Ipswich School District 22-6,SD,50,399
2053,46,80439,Irene-Wakonda School District 13-3,SD,24,334
1251,46,36150,Iroquois School District 02-3,SD,26,258
886,46,19580,Jones County School District 37-3,SD,32,148
2974,46,80437,Kadoka School District 35-2,SD,295,728
1384,46,38220,Kimball School District 07-2,SD,49,220
1142,46,39990,Lake Preston School District 38-3,SD,31,208
1475,46,40860,Langford School District 45-5,SD,38,264
7033,46,41300,Lead-Deadwood School District 40-1,SD,107,762
1962,46,41520,Lemmon School District 52-4,SD,57,297
6955,46,41550,Lennox School District 41-4,SD,42,1349
1174,46,41640,Leola School District 44-2,SD,43,228
3013,46,44770,Lyman School District 42-1,SD,171,604
8454,46,39600,Madison Central School District 39-2,SD,101,1233
1697,46,45450,Marion School District 60-3,SD,23,289
2393,46,1026,McCook Central School District 43-7,SD,44,510
663,46,46260,McIntosh School District 15-1,SD,65,133
2332,46,46380,McLaughlin School District 15-2,SD,325,602
20581,46,69930,Meade School District 46-1,SD,224,3019
1618,46,47100,Menno School District 33-2,SD,33,286
6778,46,2,Milbank School District 25-4,SD,100,1127
2811,46,47942,Miller Area School District 29-4,SD,27,494
18802,46,48390,Mitchell School District 17-2,SD,311,3149
4118,46,80441,Mobridge-Pollock School District 62-6,SD,129,707
1008,46,48780,Montrose School District 43-2,SD,6,214
923,46,49650,Mount Vernon School District 17-3,SD,10,179
1238,46,50670,New Underwood School District 51-3,SD,10,216
2257,46,50850,Newell School District 09-2,SD,46,394
1617,46,51750,Northwestern Area School District 56-7,SD,58,265
404,46,52770,Oelrichs School District 23-3,SD,10,66
13360,46,65460,Oglala Lakota County School District 65-1,SD,1279,3529
1429,46,80447,Oldham-Ramona-Rutland 39-6,SD,19,265
2380,46,54270,Parker School District 60-4,SD,28,473
2992,46,54300,Parkston School District 33-3,SD,55,642
16565,46,55260,Pierre School District 32-2,SD,223,2923
1315,46,55710,Plankinton School District 01-1,SD,26,238
3280,46,80438,Platte-Geddes School District 11-5,SD,94,686
105185,46,59820,Rapid City School District 51-4,SD,1725,16395
3196,46,60450,Redfield School District 56-4,SD,82,517
867,46,63360,Rosholt School District 54-4,SD,46,170
1251,46,3932,Sanborn Central School District 55-5,SD,20,257
1737,46,65180,Scotland School District 04-3,SD,30,301
1567,46,1028,Selby School District 62-5,SD,23,222
173303,46,66270,Sioux Falls School District 49-5,SD,2462,29745
3914,46,66300,Sioux Valley School District 05-5,SD,32,723
7984,46,53,Sisseton School District 54-2,SD,292,1817
482,46,75600,Smee School District 15-3,SD,70,132
838,46,7670,South Central School District 26-5,SD,24,175
19362,46,66930,Spearfish School District 40-2,SD,176,2381
3015,46,24850,Stanley County School District 57-1,SD,33,491
651,46,70140,Summit School District 54-6,SD,36,145
10178,46,52,Tea Area School District 41-5,SD,81,2292
1427,46,71880,Timber Lake School District 20-3,SD,64,336
9172,46,72090,Todd County School District 66-1,SD,1036,2788
6323,46,44940,Tri-Valley School District 49-6,SD,66,1273
1356,46,72450,Tripp-Delmont School District 33-5,SD,40,270
13611,46,74370,Vermillion School District 13-1,SD,220,1720
2447,46,74520,Viborg Hurley School District 60-6,SD,44,442
4039,46,75420,Wagner School District 11-4,SD,257,906
1570,46,75660,Wall School District 51-5,SD,13,283
1042,46,76020,Warner School District 06-5,SD,5,240
27112,46,76620,Watertown School District 14-4,SD,296,4490
1097,46,76680,Waubay School District 18-3,SD,54,230
1017,46,76740,Waverly School District 14-5,SD,13,199
3533,46,76990,Webster School District 18-5,SD,111,591
1572,46,77460,Wessington Springs School District 36-2,SD,42,263
7387,46,31710,West Central School District 49-7,SD,59,1684
708,46,78510,White Lake School District 01-3,SD,9,118
1811,46,78570,White River School District 47-1,SD,121,420
1336,46,79350,Willow Lake School District 12-3,SD,29,329
1540,46,3,Wilmot School District 54-7,SD,44,248
4814,46,79710,Winner School District 59-2,SD,164,784
1391,46,80100,Wolsey-Wessington School District 02-6,SD,16,324
1224,46,80190,Woonsocket School District 55-4,SD,43,206
21299,46,80430,Yankton School District 63-3,SD,284,3276
4117,47,30,Alamo City School District,TN,78,387
11565,47,60,Alcoa City School District,TN,213,1905
52138,47,90,Anderson County School District,TN,1102,7257
28168,47,152,Arlington Community School District,TN,232,4622
15003,47,120,Athens City Schools,TN,331,1547
56578,47,153,Bartlett City School District,TN,1134,10683
54228,47,180,Bedford County School District,TN,2166,9971
3724,47,210,Bells City School District,TN,43,324
16173,47,240,Benton County School District,TN,552,2434
15591,47,270,Bledsoe County School District,TN,362,1704
97090,47,300,Blount County School District,TN,1284,13217
3363,47,1390,Bradford Special School District,TN,78,577
63147,47,330,Bradley County School District,TN,1286,10529
27702,47,360,Bristol City School District,TN,890,3925
40238,47,420,Campbell County School District,TN,1580,6050
15142,47,450,Cannon County School District,TN,444,2383
42593,47,510,Carter County School District,TN,1084,5512
42604,47,570,Cheatham County School District,TN,660,6650
17876,47,600,Chester County School District,TN,449,2875
33070,47,630,Claiborne County School District,TN,906,4615
237874,47,3030,Clarksville-Montgomery County School System,TN,6325,44657
7857,47,660,Clay County School District,TN,334,1166
50635,47,690,Cleveland City School District,TN,1230,7782
10620,47,720,Clinton City School District,TN,140,829
37596,47,750,Cocke County School District,TN,1334,4853
41326,47,780,Coffee County School District,TN,1146,5570
50233,47,149,Collierville School District,TN,650,10859
13972,47,850,Crockett County School District,TN,275,1677
65618,47,900,Cumberland County School District,TN,1656,8174
7482,47,930,Dayton City Elementary School District,TN,155,813
21747,47,990,DeKalb County School District,TN,597,3340
11800,47,960,Decatur County School District,TN,335,1782
57641,47,1020,Dickson County School District,TN,1133,9343
20438,47,1050,Dyer County School District,TN,529,3596
15965,47,1080,Dyersburg City School District,TN,711,2814
14841,47,1110,Elizabethton City School District,TN,425,1879
3838,47,1140,Etowah City School District,TN,91,429
44476,47,1170,Fayette County School District,TN,766,5673
7355,47,1200,Fayetteville City School District,TN,280,1127
20129,47,1230,Fentress County School District,TN,732,3075
8151,47,78,Fort Campbell Schools,TN,83,1704
43569,47,1290,Franklin County School District,TN,929,6157
44357,47,1260,Franklin Special School District,TN,294,4191
40441,47,151,Germantown Municipal School District,TN,334,8221
20129,47,1400,Gibson County School District,TN,424,4021
30971,47,1410,Giles County School District,TN,833,4733
25073,47,1440,Grainger County School District,TN,630,3475
57140,47,1470,Greene County School District,TN,1495,7813
16258,47,1500,Greeneville City School District,TN,536,2503
14148,47,1530,Grundy County School District,TN,571,2182
67715,47,1,Hamblen County School District,TN,2098,11924
386256,47,1590,Hamilton County School District,TN,11591,58614
7038,47,1620,Hancock County School District,TN,388,1132
25434,47,1650,Hardeman County School District,TN,940,3656
27617,47,1680,Hardin County School District,TN,1064,4077
56525,47,1740,Hawkins County School District,TN,1129,7455
17097,47,1770,Haywood County School District,TN,812,2749
28183,47,1800,Henderson County School District,TN,694,3839
32883,47,1830,Henry County School District,TN,684,3623
25859,47,1860,Hickman County School District,TN,733,3975
3889,47,1890,Hollow Rock-Bruceton Special School District,TN,140,645
8538,47,1920,Houston County School District,TN,268,1377
7931,47,1950,Humboldt City School District,TN,324,1260
19554,47,1980,Humphreys County School District,TN,452,2989
7986,47,2010,Huntingdon Special School District,TN,257,1353
12376,47,2070,Jackson County School District,TN,398,1675
100409,47,2580,Jackson-Madison County School System,TN,3706,16371
59217,47,2100,Jefferson County School District,TN,1274,8486
68360,47,2130,Johnson City School District,TN,1657,9036
18506,47,2160,Johnson County School District,TN,585,2263
56608,47,2190,Kingsport City School District,TN,1964,8265
506748,47,2220,Knox County School District,TN,11789,77470
6422,47,2280,Lake County School District,TN,257,690
13657,47,154,Lakeland School System District,TN,204,2112
24630,47,2310,Lauderdale County School District,TN,1070,3900
46467,47,2340,Lawrence County School District,TN,1381,8652
44429,47,2370,Lebanon Special School District,TN,640,4969
11196,47,2400,Lenoir City School District,TN,315,2015
13418,47,2430,Lewis County School District,TN,387,2199
8072,47,2460,Lexington City School System,TN,217,885
29396,47,2490,Lincoln County School District,TN,692,4862
50933,47,2520,Loudon County School District,TN,797,6648
27189,47,2550,Macon County School District,TN,951,5044
12795,47,2610,Manchester City School District,TN,416,1677
28813,47,2640,Marion County School District,TN,745,4239
37847,47,2670,Marshall County School District,TN,746,6545
33556,47,2700,Maryville City School District,TN,400,5900
113411,47,2760,Maury County School District,TN,1959,18607
7757,47,2790,McKenzie Special School District,TN,227,1193
56753,47,2820,McMinn County School District,TN,1074,6853
26103,47,2880,McNairy County School District,TN,845,4155
13937,47,2910,Meigs County School District,TN,407,2144
729505,47,3180,Metropolitan Nashville Public School District,TN,17234,102072
11248,47,2970,Milan Special School District,TN,364,2055
16259,47,150,Millington Municipal School District,TN,565,2741
49154,47,3000,Monroe County School District,TN,881,5834
6773,47,3060,Moore County School District,TN,109,973
21954,47,3090,Morgan County School District,TN,610,3249
168906,47,3150,Murfreesboro City School District,TN,2098,15433
7174,47,3210,Newport City School District,TN,336,823
33187,47,3240,Oak Ridge City School District,TN,641,5254
19372,47,3270,Obion County School District,TN,516,2973
3014,47,3300,Oneida Special School District,TN,151,479
23551,47,3330,Overton County School District,TN,559,3602
12020,47,3360,Paris Special School District,TN,379,1313
8987,47,3390,Perry County School District,TN,344,1467
5108,47,3420,Pickett County School District,TN,156,635
18338,47,3450,Polk County School District,TN,453,2549
84894,47,3480,Putnam County School District,TN,2396,13083
34759,47,3510,Rhea County School District,TN,814,4615
1013,47,3540,Richard City Special School District,TN,62,188
52866,47,3590,Roane County School District,TN,1116,7408
78459,47,3600,Robertson County School District,TN,1743,13705
4889,47,3660,Rogersville City Schools,TN,113,498
376996,47,3690,Rutherford County School District,TN,6090,53010
19503,47,3720,Scott County School District,TN,646,3319
17620,47,3750,Sequatchie County School District,TN,523,2530
100184,47,3780,Sevier County School District,TN,2478,15331
718851,47,148,Shelby County School District,TN,45255,129725
20783,47,3870,Smith County School District,TN,472,3497
2433,47,3900,South Carroll Special School District,TN,82,437
14365,47,3960,Stewart County School District,TN,404,2239
81238,47,3990,Sullivan County School District,TN,2205,11056
211721,47,4020,Sumner County School District,TN,3444,35730
13451,47,4050,Sweetwater City School District,TN,279,1495
62187,47,4080,Tipton County School District,TN,1981,10925
8751,47,4100,Trenton Special School District,TN,258,1381
12159,47,4170,Trousdale County School District,TN,237,1723
21527,47,4200,Tullahoma City School District,TN,934,3834
17872,47,4230,Unicoi County School District,TN,421,2402
10889,47,4260,Union City School District,TN,457,1900
21064,47,4290,Union County School District,TN,701,3266
6686,47,4320,Van Buren County School District,TN,219,990
43619,47,4350,Warren County School District,TN,1349,7318
71282,47,4380,Washington County School District,TN,1325,10068
15974,47,4440,Wayne County School District,TN,413,1936
33162,47,4470,Weakley County School District,TN,928,4628
7042,47,4490,West Carroll Special District,TN,219,1150
29108,47,4500,White County School District,TN,786,4657
269136,47,4530,Williamson County School District,TN,1399,49307
169948,47,4550,Wilson County School District,TN,1733,24404
1124,48,7380,Abbott Independent School District,TX,16,189
3518,48,7410,Abernathy Independent School District,TX,119,757
108178,48,7440,Abilene Independent School District,TX,4069,17800
9394,48,7470,Academy Independent School District,TX,193,2129
260,48,7500,Adrian Independent School District,TX,7,32
1495,48,7530,Agua Dulce Independent School District,TX,52,327
33104,48,7590,Alamo Heights Independent School District,TX,315,5657
6289,48,7650,Alba-Golden Independent School District,TX,127,927
2454,48,7680,Albany Independent School District,TX,41,400
317535,48,7710,Aldine Independent School District,TX,21188,67951
38457,48,7780,Aledo Independent School District,TX,322,9092
24157,48,7800,Alice Independent School District,TX,1717,4782
289792,48,7830,Alief Independent School District,TX,17701,52288
131243,48,7890,Allen Independent School District,TX,1249,25010
8084,48,7950,Alpine Independent School District,TX,157,1008
3463,48,7980,Alto Independent School District,TX,121,638
24692,48,11,Alvarado Independent School District,TX,509,4554
145597,48,8090,Alvin Independent School District,TX,2714,28235
4955,48,8100,Alvord Independent School District,TX,54,904
169894,48,8130,Amarillo Independent School District,TX,8195,32359
911,48,8160,Amherst Independent School District,TX,32,187
8192,48,8190,Anahuac Independent School District,TX,165,1432
4411,48,8230,Anderson-Shiro Consolidated Independent School District,TX,100,811
18923,48,8280,Andrews Independent School District,TX,533,4407
45598,48,8310,Angleton Independent School District,TX,924,7364
24250,48,8340,Anna Independent School District,TX,402,4893
3976,48,8400,Anson Independent School District,TX,116,644
3917,48,8430,Anthony Independent School District,TX,183,875
1172,48,8460,Anton Independent School District,TX,43,232
1163,48,8490,Apple Springs Independent School District,TX,31,181
1597,48,8520,Aquilla Independent School District,TX,52,275
11559,48,8580,Aransas Pass Independent School District,TX,373,1826
2827,48,8610,Archer City Independent School District,TX,68,491
19107,48,8670,Argyle Independent School District,TX,115,4566
383964,48,8700,Arlington Independent School District,TX,12072,66303
5786,48,8730,Arp Independent School District,TX,151,920
1210,48,6,Aspermont Independent School District,TX,44,199
24268,48,8870,Athens Independent School District,TX,910,3932
10139,48,8880,Atlanta Independent School District,TX,394,1839
15726,48,8910,Aubrey Independent School District,TX,205,3085
778447,48,8940,Austin Independent School District,TX,12930,90045
732,48,9000,Austwell-Tivoli Independent School District,TX,17,117
1070,48,9030,Avalon Independent School District,TX,23,214
1410,48,9060,Avery Independent School District,TX,30,206
1149,48,9090,Avinger Independent School District,TX,48,174
3423,48,9150,Axtell Independent School District,TX,82,621
48546,48,9200,Azle Independent School District,TX,1001,8213
2592,48,9280,Baird Independent School District,TX,70,379
5143,48,9300,Ballinger Independent School District,TX,302,894
484,48,9330,Balmorhea Independent School District,TX,15,107
19523,48,9360,Bandera Independent School District,TX,345,2483
6157,48,9390,Bangs Independent School District,TX,174,831
4376,48,9410,Banquete Independent School District,TX,129,839
30329,48,9450,Barbers Hill Independent School District,TX,494,6922
3045,48,9540,Bartlett Independent School District,TX,59,514
75400,48,9570,Bastrop Independent School District,TX,2002,14836
20473,48,9630,Bay City Independent School District,TX,1029,3962
127147,48,9670,Beaumont Independent School District,TX,5498,21389
2459,48,9690,Beckville Independent School District,TX,63,510
26477,48,9720,Beeville Independent School District,TX,1057,3730
740,48,9750,Bellevue Independent School District,TX,15,104
4561,48,9780,Bells Independent School District,TX,69,912
14144,48,9810,Bellville Independent School District,TX,306,2393
68643,48,9860,Belton Independent School District,TX,1395,13738
2344,48,9870,Ben Bolt-Palito Blanco Independent School District,TX,122,446
1667,48,99130,Benavides Independent School District,TX,88,279
259,48,9980,Benjamin Independent School District,TX,33,45
4298,48,10140,Big Sandy Independent School District,TX,160,728
2648,48,10170,Big Sandy Independent School District,TX,116,572
25109,48,10200,Big Spring Independent School District,TX,796,4044
150644,48,10230,Birdville Independent School District,TX,3415,25587
5317,48,10260,Bishop Consolidated Independent School District,TX,192,1042
878,48,5,Blackwell Consolidated Independent School District,TX,12,110
8952,48,10320,Blanco Independent School District,TX,108,1162
4964,48,10350,Bland Independent School District,TX,134,1060
1154,48,10380,Blanket Independent School District,TX,27,174
1311,48,10440,Bloomburg Independent School District,TX,45,252
5106,48,10470,Blooming Grove Independent School District,TX,172,1056
3653,48,10500,Bloomington Independent School District,TX,108,721
5394,48,10590,Blue Ridge Independent School District,TX,103,1041
1402,48,10620,Bluff Dale Independent School District,TX,20,261
1902,48,10650,Blum Independent School District,TX,51,330
63507,48,10710,Boerne Independent School District,TX,743,12299
812,48,10740,Boles Independent School District,TX,23,167
4410,48,10780,Boling Independent School District,TX,114,846
17996,48,10800,Bonham Independent School District,TX,409,2350
1571,48,10830,Booker Independent School District,TX,52,316
564,48,10860,Borden County Independent School District,TX,6,89
13321,48,10890,Borger Independent School District,TX,441,2585
2543,48,10910,Bosqueville Independent School District,TX,41,501
2009,48,10950,Bovina Independent School District,TX,77,415
11983,48,10990,Bowie Independent School District,TX,308,2063
8124,48,11010,Boyd Independent School District,TX,131,1396
125,48,11040,Boys Ranch Independent School District,TX,4,50
3191,48,11070,Brackett Independent School District,TX,91,395
6495,48,11110,Brady Independent School District,TX,262,1042
4912,48,44470,Brazos Independent School District,TX,122,811
69801,48,11190,Brazosport Independent School District,TX,1557,12862
9360,48,11220,Breckenridge Independent School District,TX,331,1417
2359,48,11250,Bremond Independent School District,TX,51,419
34338,48,11280,Brenham Independent School District,TX,945,5398
16051,48,11310,Bridge City Independent School District,TX,304,3255
15122,48,11340,Bridgeport Independent School District,TX,305,2641
2658,48,11430,Broaddus Independent School District,TX,103,380
8788,48,11460,Brock Independent School District,TX,78,1959
1477,48,11490,Bronte Independent School District,TX,56,263
2099,48,11520,Brookeland Independent School District,TX,62,266
895,48,11550,Brookesmith Independent School District,TX,12,115
6740,48,11580,Brooks County Independent School District,TX,545,1270
9961,48,11610,Brownfield Independent School District,TX,573,1995
18183,48,11640,Brownsboro Independent School District,TX,518,2857
197346,48,11680,Brownsville Independent School District,TX,14304,41866
21830,48,11700,Brownwood Independent School District,TX,805,3350
4071,48,11730,Bruceville-Eddy Independent School District,TX,103,658
110488,48,11790,Bryan Independent School District,TX,3674,18445
1280,48,11820,Bryson Independent School District,TX,28,225
747,48,11850,Buckholts Independent School District,TX,21,130
425,48,11910,Buena Vista Independent School District,TX,14,94
5184,48,11990,Buffalo Independent School District,TX,223,997
15183,48,12060,Bullard Independent School District,TX,274,2926
7770,48,12090,Buna Independent School District,TX,167,1371
20544,48,12120,Burkburnett Independent School District,TX,340,3399
2023,48,12150,Burkeville Independent School District,TX,60,256
73562,48,12180,Burleson Independent School District,TX,1030,14154
29204,48,12220,Burnet Consolidated Independent School District,TX,508,4149
3391,48,12240,Burton Independent School District,TX,74,494
7121,48,35570,Bushland Independent School District,TX,111,1528
901,48,12360,Bynum Independent School District,TX,15,157
10091,48,12390,Caddo Mills Independent School District,TX,150,2242
21802,48,12420,Calallen Independent School District,TX,536,4162
11521,48,12460,Caldwell Independent School District,TX,341,1978
19942,48,12480,Calhoun County Independent School District,TX,618,3302
8214,48,12510,Callisburg Independent School District,TX,135,1176
1466,48,12540,Calvert Independent School District,TX,49,229
8731,48,12640,Cameron Independent School District,TX,353,1392
2771,48,12660,Campbell Independent School District,TX,55,470
3464,48,12700,Canadian Independent School District,TX,91,695
15039,48,12750,Canton Independent School District,TX,372,2590
37642,48,12780,Canutillo Independent School District,TX,1153,7401
73165,48,12810,Canyon Independent School District,TX,1208,12894
2298,48,12870,Carlisle Independent School District,TX,83,485
8181,48,12990,Carrizo Springs Consolidated Independent School District,TX,602,1671
34627,48,13020,Carroll Independent School District,TX,225,8695
202120,48,13050,Carrollton-Farmers Branch Independent School District,TX,3191,28689
16160,48,13110,Carthage Independent School District,TX,477,2710
21625,48,13170,Castleberry Independent School District,TX,780,3942
9970,48,13200,Cayuga Independent School District,TX,70,490
50478,48,13230,Cedar Hill Independent School District,TX,1383,10186
3086,48,13260,Celeste Independent School District,TX,64,609
17045,48,13290,Celina Independent School District,TX,123,3751
11518,48,13320,Center Independent School District,TX,600,2275
4204,48,13350,Center Point Independent School District,TX,112,722
802,48,13380,Centerville Independent School District,TX,18,128
4427,48,13410,Centerville Independent School District,TX,146,652
3683,48,13440,Central Heights Independent School District,TX,141,815
8742,48,13500,Central Independent School District,TX,251,1585
47815,48,13590,Channelview Independent School District,TX,2536,11057
576,48,13620,Channing Independent School District,TX,27,148
24230,48,13650,Chapel Hill Independent School District,TX,875,3976
2951,48,13680,Chapel Hill Independent School District,TX,76,613
2375,48,13710,Charlotte Independent School District,TX,127,465
561,48,13740,Cherokee Independent School District,TX,9,90
1230,48,13770,Chester Independent School District,TX,27,220
4550,48,13800,Chico Independent School District,TX,88,791
6675,48,13860,Childress Independent School District,TX,211,949
909,48,13890,Chillicothe Independent School District,TX,32,154
2185,48,13920,Chilton Independent School District,TX,80,430
15626,48,13960,China Spring Independent School District,TX,280,3347
1691,48,13980,Chireno Independent School District,TX,59,337
5206,48,12,Chisum Independent School District,TX,142,1006
2476,48,14010,Christoval Independent School District,TX,20,471
5379,48,14070,Cisco Independent School District,TX,236,873
4600,48,14130,City View Independent School District,TX,124,860
2853,48,14160,Clarendon Independent School District,TX,95,434
5553,48,14190,Clarksville Independent School District,TX,224,760
1753,48,14250,Claude Independent School District,TX,40,281
260677,48,14280,Clear Creek Independent School District,TX,4884,46635
46656,48,14310,Cleburne Independent School District,TX,904,8212
39193,48,14370,Cleveland Independent School District,TX,3901,10439
7135,48,14400,Clifton Independent School District,TX,138,1004
50982,48,14430,Clint Independent School District,TX,3033,11991
13545,48,14450,Clyde Consolidated Independent School District,TX,148,1499
3291,48,14490,Coahoma Independent School District,TX,60,638
14919,48,14520,Coldspring-Oakhurst Consolidated Independent School District,TX,346,1858
5296,48,14550,Coleman Independent School District,TX,246,817
137551,48,7350,College Station Independent School District,TX,1921,17431
3771,48,14580,Collinsville Independent School District,TX,79,709
2446,48,14600,Colmesneil Independent School District,TX,65,420
7256,48,14640,Colorado Independent School District,TX,267,1083
21788,48,14670,Columbia-Brazoria Independent School District,TX,387,3754
10714,48,14700,Columbus Independent School District,TX,372,1749
193618,48,14730,Comal Independent School District,TX,2547,33813
7543,48,14760,Comanche Independent School District,TX,308,1285
9132,48,14790,Comfort Independent School District,TX,129,1198
14309,48,14820,Commerce Independent School District,TX,332,1838
17519,48,14850,Community Independent School District,TX,313,3530
3810,48,14880,Como-Pickton Consolidated Independent School District,TX,129,730
402,48,14920,Comstock Independent School District,TX,1,48
16448,48,14970,Connally Independent School District,TX,713,2925
418443,48,15000,Conroe Independent School District,TX,6898,80444
1263,48,15120,Coolidge Independent School District,TX,57,260
5154,48,15150,Cooper Independent School District,TX,220,935
58725,48,15210,Coppell Independent School District,TX,412,13968
43067,48,15240,Copperas Cove Independent School District,TX,1481,7576
243300,48,15270,Corpus Christi Independent School District,TX,8542,40645
4795,48,15300,Corrigan-Camden Independent School District,TX,202,856
33598,48,15330,Corsicana Independent School District,TX,1395,6722
303,48,15360,Cotton Center Independent School District,TX,9,59
6560,48,15400,Cotulla Independent School District,TX,269,901
1390,48,15420,Coupland Independent School District,TX,21,249
1621,48,15480,Covington Independent School District,TX,65,296
27376,48,15510,Crandall Independent School District,TX,648,6442
4594,48,15540,Crane Independent School District,TX,149,1020
896,48,15570,Cranfills Gap Independent School District,TX,32,146
2910,48,15600,Crawford Independent School District,TX,40,580
2799,48,15690,Crockett County Consolidated Common School District,TX,93,517
8668,48,15720,Crockett Independent School District,TX,557,1538
34526,48,15750,Crosby Independent School District,TX,1238,7189
1914,48,1,Crosbyton Consolidated Independent School District,TX,136,347
2607,48,15810,Cross Plains Independent School District,TX,130,401
3023,48,15840,Cross Roads Independent School District,TX,75,499
1075,48,15870,Crowell Independent School District,TX,37,179
113374,48,15910,Crowley Independent School District,TX,3586,21820
7001,48,15930,Crystal City Independent School District,TX,500,1505
10597,48,15960,Cuero Independent School District,TX,424,1705
2272,48,15990,Culberson County-Allamoore Independent School District,TX,103,378
2304,48,16020,Cumby Collegiate Independent School District,TX,62,435
3083,48,16080,Cushing Independent School District,TX,97,538
649749,48,16110,Cypress-Fairbanks Independent School District,TX,21530,130101
1712,48,16140,D'Hanis Independent School District,TX,39,221
8015,48,16180,Daingerfield-Lone Star Independent School District,TX,405,1400
10494,48,16200,Dalhart Independent School District,TX,311,2072
1124863,48,16230,Dallas Independent School District,TX,33849,180441
1161,48,16260,Damon Independent School District,TX,27,209
5044,48,16290,Danbury Independent School District,TX,61,871
427,48,16320,Darrouzett Independent School District,TX,20,75
342,48,16350,Dawson Independent School District,TX,22,100
3012,48,16380,Dawson Independent School District,TX,92,559
39913,48,16410,Dayton Independent School District,TX,1829,8199
4491,48,16440,De Leon Independent School District,TX,151,697
4293,48,16570,DeKalb Independent School District,TX,159,755
62778,48,16860,DeSoto Independent School District,TX,1955,12227
21203,48,16500,Decatur Independent School District,TX,361,4002
54139,48,16530,Deer Park Independent School District,TX,1551,10560
83529,48,16620,Del Valle Independent School District,TX,3086,13628
496,48,16650,Dell City Independent School District,TX,10,37
32892,48,16710,Denison Independent School District,TX,898,5472
250681,48,16740,Denton Independent School District,TX,2992,37300
5672,48,16770,Denver City Independent School District,TX,185,1349
2134,48,16890,Detroit Independent School District,TX,63,376
1086,48,16920,Devers Independent School District,TX,26,251
10709,48,16950,Devine Independent School District,TX,309,1904
798,48,16980,Dew Independent School District,TX,27,131
3063,48,17010,Deweyville Independent School District,TX,102,431
8636,48,17040,Diboll Independent School District,TX,292,1582
71484,48,17070,Dickinson Independent School District,TX,2173,12502
6221,48,17100,Dilley Independent School District,TX,400,1246
1425,48,17130,Dime Box Independent School District,TX,23,206
5120,48,17160,Dimmitt Independent School District,TX,274,1111
221,48,17190,Divide Independent School District,TX,4,29
1159,48,17280,Dodd City Independent School District,TX,18,191
76453,48,17390,Donna Independent School District,TX,8137,19558
295,48,17400,Doss Consolidated Common School District,TX,3,57
2136,48,17460,Douglass Independent School District,TX,40,393
44910,48,8,Dripping Springs Independent School District,TX,220,9130
1283,48,17550,Driscoll Independent School District,TX,34,284
7079,48,17580,Dublin Independent School District,TX,250,1301
19879,48,17610,Dumas Independent School District,TX,884,4463
78118,48,17640,Duncanville Independent School District,TX,2406,15407
121060,48,17700,Eagle Mountain-Saginaw Independent School District,TX,2578,24730
58829,48,17730,Eagle Pass Independent School District,TX,4396,13129
40717,48,17760,Eanes Independent School District,TX,287,8524
5623,48,17790,Early Independent School District,TX,125,879
4102,48,17830,East Bernard Independent School District,TX,86,747
65936,48,17850,East Central Independent School District,TX,1934,12890
7560,48,17880,East Chambers Independent School District,TX,182,1386
6468,48,17960,Eastland Independent School District,TX,228,961
170022,48,18000,Ector County Independent School District,TX,6036,36800
1347,48,18030,Ector Independent School District,TX,32,277
17827,48,18060,Edcouch-Elsa Independent School District,TX,900,4265
2625,48,18070,Eden Consolidated Independent School District,TX,45,190
6318,48,18120,Edgewood Independent School District,TX,171,1132
60139,48,18150,Edgewood Independent School District,TX,3584,11522
182048,48,18180,Edinburg Consolidated Independent School District,TX,11671,41224
8684,48,18210,Edna Independent School District,TX,422,1580
18553,48,18280,El Campo Independent School District,TX,763,3671
322857,48,18300,El Paso Independent School District,TX,12972,53337
2668,48,18330,Electra Independent School District,TX,71,439
28684,48,18360,Elgin Independent School District,TX,792,5767
6229,48,18390,Elkhart Independent School District,TX,279,1269
4785,48,18480,Elysian Fields Independent School District,TX,110,832
34849,48,18540,Ennis Independent School District,TX,862,6774
1985,48,18600,Era Independent School District,TX,24,341
3100,48,18690,Eula Independent School District,TX,110,541
9164,48,18720,Eustace Independent School District,TX,354,1440
1361,48,18750,Evadale Independent School District,TX,22,236
1767,48,18780,Evant Independent School District,TX,53,256
28778,48,18810,Everman Independent School District,TX,1339,6392
462,48,18840,Excelsior Independent School District,TX,20,84
859,48,18890,Ezzell Independent School District,TX,11,114
8107,48,18900,Fabens Independent School District,TX,217,1720
10181,48,18940,Fairfield Independent School District,TX,248,1841
1654,48,19020,Falls City Independent School District,TX,16,293
1537,48,19050,Fannindel Independent School District,TX,67,223
11697,48,19080,Farmersville Independent School District,TX,217,2262
2266,48,19110,Farwell Independent School District,TX,54,394
1526,48,19140,Fayetteville Independent School District,TX,14,173
13215,48,19170,Ferris Independent School District,TX,397,2601
3762,48,19280,Flatonia Independent School District,TX,64,582
6913,48,19320,Florence Independent School District,TX,105,1169
26996,48,19350,Floresville Independent School District,TX,572,4632
32217,48,19380,Flour Bluff Independent School District,TX,719,5340
3163,48,19440,Floydada Collegiate Independent School District,TX,204,623
477,48,19500,Follett Independent School District,TX,17,80
1143,48,19530,Forestburg Independent School District,TX,40,189
76083,48,19560,Forney Independent School District,TX,2054,18030
2214,48,19620,Forsan Independent School District,TX,61,498
523883,48,19650,Fort Bend Independent School District,TX,10487,101169
1535,48,20100,Fort Davis Independent School District,TX,10,49
732,48,11400,Fort Elliott Consolidated Independent School District,TX,13,131
1576,48,20130,Fort Hancock Independent School District,TX,56,208
7904,48,20160,Fort Sam Houston Independent School District,TX,48,1163
12917,48,20190,Fort Stockton Independent School District,TX,495,2291
549288,48,19700,Fort Worth Independent School District,TX,19961,94717
5977,48,19740,Franklin Independent School District,TX,134,1004
4449,48,19770,Frankston Independent School District,TX,167,709
24694,48,19840,Fredericksburg Independent School District,TX,440,3591
2820,48,19820,Freer Independent School District,TX,246,594
62295,48,19830,Frenship Independent School District,TX,1120,11250
31973,48,19950,Friendswood Independent School District,TX,309,7107
4941,48,19980,Friona Independent School District,TX,181,1018
323846,48,20010,Frisco Independent School District,TX,2325,65273
1969,48,20040,Frost Independent School District,TX,50,381
1947,48,20070,Fruitvale Independent School District,TX,63,329
20698,48,20220,Gainesville Independent School District,TX,678,3679
94582,48,20250,Galena Park Independent School District,TX,5622,20140
59772,48,20280,Galveston Independent School District,TX,1838,7184
3375,48,20310,Ganado Independent School District,TX,91,597
309977,48,20340,Garland Independent School District,TX,8336,58641
2173,48,20370,Garner Independent School District,TX,38,299
3161,48,20400,Garrison Independent School District,TX,120,599
1914,48,20460,Gary Independent School District,TX,45,336
25023,48,20500,Gatesville Independent School District,TX,614,2951
945,48,20520,Gause Independent School District,TX,19,135
6848,48,20550,George West Independent School District,TX,196,1057
112806,48,20600,Georgetown Independent School District,TX,919,16258
1716,48,20610,Gholson Independent School District,TX,53,266
10775,48,20640,Giddings Independent School District,TX,315,1697
18024,48,20700,Gilmer Independent School District,TX,615,3053
12136,48,20760,Gladewater Independent School District,TX,431,2130
1153,48,20790,Glasscock County Independent School District,TX,16,198
10031,48,20850,Glen Rose Independent School District,TX,193,1665
11666,48,20960,Godley Independent School District,TX,177,2582
880,48,20970,Gold-Burg Independent School District,TX,17,127
3450,48,21000,Goldthwaite Consolidated Independent School District,TX,90,557
7221,48,21030,Goliad Independent School District,TX,216,1063
13608,48,21060,Gonzales Independent School District,TX,837,2490
2018,48,21090,Goodrich Independent School District,TX,52,292
127373,48,21150,Goose Creek Consolidated Independent School District,TX,5338,25558
1388,48,21180,Gordon Independent School District,TX,32,211
1805,48,21270,Gorman Independent School District,TX,59,289
544,48,21300,Grady Independent School District,TX,21,153
2623,48,21330,Graford Independent School District,TX,65,351
13492,48,21360,Graham Independent School District,TX,404,2354
65613,48,21390,Granbury Independent School District,TX,1133,9726
125404,48,21420,Grand Prairie Independent School District,TX,4025,25966
7713,48,21450,Grand Saline Independent School District,TX,164,1350
459,48,21480,Grandfalls-Royalty Independent School District,TX,17,98
6392,48,21540,Grandview Independent School District,TX,82,1350
141,48,21560,Grandview-Hopkins Independent School District,TX,5,22
3133,48,21590,Granger Independent School District,TX,35,469
7352,48,21600,Grape Creek Independent School District,TX,202,1454
4029,48,21630,Grapeland Independent School District,TX,132,626
87872,48,21660,Grapevine-Colleyville Independent School District,TX,891,14867
40544,48,21720,Greenville Independent School District,TX,1251,7257
11567,48,21750,Greenwood Independent School District,TX,249,3119
23836,48,21780,Gregory-Portland Independent School District,TX,715,4818
9380,48,21810,Groesbeck Independent School District,TX,299,1413
727,48,21840,Groom Independent School District,TX,19,113
5255,48,21900,Groveton Independent School District,TX,182,729
1573,48,21930,Gruver Independent School District,TX,26,344
4189,48,21960,Gunter Independent School District,TX,47,1010
1103,48,21990,Gustine Independent School District,TX,19,171
206,48,22020,Guthrie Common School District,TX,5,37
2540,48,22050,Hale Center Independent School District,TX,78,494
8241,48,22120,Hallettsville Independent School District,TX,124,1233
1222,48,22140,Hallsburg Independent School District,TX,26,234
23746,48,22170,Hallsville Independent School District,TX,759,4998
5433,48,22230,Hamilton Independent School District,TX,182,937
2340,48,22260,Hamlin Independent School District,TX,73,407
9708,48,22320,Hamshire-Fannett Independent School District,TX,161,1877
1035,48,22350,Happy Independent School District,TX,13,206
8599,48,22380,Hardin Independent School District,TX,379,1895
12826,48,22410,Hardin-Jefferson Independent School District,TX,230,2532
63148,48,22470,Harlandale Independent School District,TX,3146,11698
3391,48,22500,Harleton Independent School District,TX,89,629
92805,48,22530,Harlingen Consolidated Independent School District,TX,5171,18367
7270,48,22560,Harmony Independent School District,TX,151,1027
4244,48,22590,Harper Independent School District,TX,65,575
121,48,22620,Harrold Independent School District,TX,2,19
1177,48,22650,Hart Independent School District,TX,26,214
526,48,22680,Hartley Independent School District,TX,17,122
3090,48,22710,Harts Bluff Independent School District,TX,75,650
4036,48,22740,Haskell Consolidated Independent School District,TX,150,541
5803,48,22770,Hawkins Independent School District,TX,135,740
3318,48,22800,Hawley Independent School District,TX,81,602
140758,48,10,Hays Consolidated Independent School District,TX,2072,26867
7658,48,22830,Hearne Independent School District,TX,449,1447
448,48,22850,Hedley Independent School District,TX,22,62
7032,48,22890,Hemphill Independent School District,TX,232,761
10378,48,22920,Hempstead Independent School District,TX,405,1871
23891,48,22970,Henderson Independent School District,TX,638,3618
5707,48,22980,Henrietta Independent School District,TX,126,887
18246,48,23010,Hereford Independent School District,TX,904,4050
741,48,23040,Hermleigh Independent School District,TX,35,168
3314,48,23070,Hico Independent School District,TX,88,599
7779,48,23100,Hidalgo Independent School District,TX,576,1722
515,48,23160,High Island Independent School District,TX,6,65
347,48,23190,Highland Independent School District,TX,3,57
36160,48,23250,Highland Park Independent School District,TX,179,8176
8137,48,35560,Highland Park Independent School District,TX,113,647
11429,48,23280,Hillsboro Independent School District,TX,450,2054
11452,48,23310,Hitchcock Independent School District,TX,385,1901
2598,48,23370,Holland Independent School District,TX,49,528
5132,48,23400,Holliday Independent School District,TX,53,950
13647,48,23430,Hondo Independent School District,TX,363,1995
3858,48,23460,Honey Grove Independent School District,TX,99,696
4144,48,23490,Hooks Independent School District,TX,110,738
1569426,48,23640,Houston Independent School District,TX,66709,246648
6761,48,23670,Howe Independent School District,TX,183,1468
568,48,23700,Hubbard Independent School District,TX,9,111
2160,48,23730,Hubbard Independent School District,TX,106,386
1658,48,23760,Huckabay Independent School District,TX,33,236
12788,48,23790,Hudson Independent School District,TX,408,2684
18972,48,23820,Huffman Independent School District,TX,542,3855
4473,48,23850,Hughes Springs Independent School District,TX,165,848
3408,48,23880,Hull-Daisetta Independent School District,TX,150,719
230791,48,23910,Humble Independent School District,TX,6170,48302
1659,48,23970,Hunt Independent School District,TX,24,205
8563,48,24000,Huntington Independent School District,TX,216,1581
77774,48,24030,Huntsville Independent School District,TX,1737,7818
170719,48,24060,Hurst-Euless-Bedford Independent School District,TX,3626,27159
53753,48,24100,Hutto Independent School District,TX,559,10117
3908,48,24120,Idalou Independent School District,TX,66,847
4635,48,24150,Industrial Independent School District,TX,89,994
10575,48,24180,Ingleside Independent School District,TX,404,2085
8653,48,24210,Ingram Independent School District,TX,209,1194
3544,48,24240,Iola Independent School District,TX,56,580
13909,48,24260,Iowa Park Consolidated Independent School District,TX,158,1980
587,48,24300,Ira Independent School District,TX,5,127
1370,48,24330,Iraan-Sheffield Collegiate Independent School District,TX,45,289
962,48,24360,Iredell Independent School District,TX,40,163
1526,48,30360,Irion County Independent School District,TX,27,256
195997,48,24420,Irving Independent School District,TX,5718,34628
3661,48,24450,Italy Independent School District,TX,73,663
4124,48,24480,Itasca Independent School District,TX,172,824
6966,48,24530,Jacksboro Independent School District,TX,197,1137
26362,48,24590,Jacksonville Independent School District,TX,1081,4924
19849,48,24600,Jarrell Independent School District,TX,192,2765
14917,48,24630,Jasper Independent School District,TX,714,2464
661,48,24660,Jayton-Girard Independent School District,TX,19,133
8951,48,24730,Jefferson Independent School District,TX,373,1191
4583,48,24750,Jim Hogg County Independent School District,TX,308,983
7159,48,24780,Jim Ned Consolidated Independent School District,TX,90,1542
3375,48,24810,Joaquin Independent School District,TX,90,590
6906,48,24840,Johnson City Independent School District,TX,84,732
1440,48,24900,Jonesboro Independent School District,TX,61,242
34332,48,24930,Joshua Independent School District,TX,592,6964
6976,48,24960,Jourdanton Independent School District,TX,248,1351
156035,48,24990,Judson Independent School District,TX,4680,30090
4024,48,25020,Junction Independent School District,TX,154,544
2252,48,25110,Karnack Independent School District,TX,49,232
5543,48,25140,Karnes City Independent School District,TX,205,860
427908,48,25170,Katy Independent School District,TX,10291,95268
26035,48,25200,Kaufman Independent School District,TX,772,5225
6147,48,25230,Keene Independent School District,TX,113,1050
195086,48,25260,Keller Independent School District,TX,2997,40553
168,48,25290,Kelton Independent School District,TX,2,30
13734,48,25320,Kemp Independent School District,TX,422,2458
325,48,25410,Kenedy County-Wide Common School District,TX,5,37
6564,48,25440,Kenedy Independent School District,TX,194,740
2024,48,25470,Kennard Independent School District,TX,55,306
23130,48,25500,Kennedale Independent School District,TX,547,4447
4060,48,25530,Kerens Independent School District,TX,143,719
6461,48,25560,Kermit Independent School District,TX,231,1333
36798,48,25590,Kerrville Independent School District,TX,861,4871
21780,48,25620,Kilgore Independent School District,TX,795,4213
244322,48,25660,Killeen Independent School District,TX,9344,48885
25009,48,25680,Kingsville Independent School District,TX,1306,4293
7302,48,25710,Kirbyville Consolidated Independent School District,TX,264,1316
293014,48,25740,Klein Independent School District,TX,9317,59724
529,48,25790,Klondike Independent School District,TX,9,105
877,48,25800,Knippa Independent School District,TX,42,187
1383,48,25870,Knox City-O'Brien Consolidated Independent School District,TX,56,246
2135,48,25890,Kopperl Independent School District,TX,62,309
8124,48,25920,Kountze Independent School District,TX,243,1418
1049,48,25950,Kress Independent School District,TX,43,193
11914,48,25980,Krum Independent School District,TX,140,2200
15072,48,26040,La Feria Independent School District,TX,669,3006
295,48,26070,La Gloria Independent School District,TX,22,72
12514,48,26100,La Grange Independent School District,TX,297,2049
110819,48,26130,La Joya Independent School District,TX,9864,26997
46817,48,26190,La Porte Independent School District,TX,1113,8550
1419,48,26250,La Pryor Independent School District,TX,104,296
14963,48,26280,La Vega Independent School District,TX,678,2770
20148,48,26310,La Vernia Independent School District,TX,262,3846
3756,48,26340,La Villa Independent School District,TX,85,567
2732,48,26220,LaPoyner Independent School District,TX,89,438
10958,48,26370,Lackland Independent School District,TX,26,589
13191,48,26400,Lago Vista Independent School District,TX,122,1705
28645,48,26430,Lake Dallas Independent School District,TX,313,4706
66950,48,26470,Lake Travis Independent School District,TX,548,12030
20267,48,26490,Lake Worth Independent School District,TX,888,3883
224042,48,26580,Lamar Consolidated Independent School District,TX,3916,42993
10676,48,26610,Lamesa Independent School District,TX,504,1857
23208,48,26640,Lampasas Independent School District,TX,512,3660
42841,48,26670,Lancaster Independent School District,TX,1556,9073
1603,48,26700,Laneville Independent School District,TX,41,253
83955,48,26790,Laredo Independent School District,TX,6819,17659
1245,48,26850,Lasara Independent School District,TX,60,233
2005,48,26910,Latexo Independent School District,TX,58,290
599,48,26970,Lazbuddie Independent School District,TX,28,118
1980,48,27000,Leakey Independent School District,TX,60,248
251360,48,27030,Leander Independent School District,TX,1827,47422
874,48,27060,Leary Independent School District,TX,36,186
531,48,27090,Lefors Independent School District,TX,13,114
1260,48,27120,Leggett Independent School District,TX,44,241
3838,48,27180,Leon Independent School District,TX,141,670
4515,48,27210,Leonard Independent School District,TX,112,902
15279,48,27240,Levelland Independent School District,TX,688,2964
899,48,27270,Leveretts Chapel Independent School District,TX,37,179
367223,48,27300,Lewisville Independent School District,TX,3753,59852
6540,48,27330,Lexington Independent School District,TX,79,968
31457,48,27420,Liberty Hill Independent School District,TX,207,6548
14185,48,27450,Liberty Independent School District,TX,723,3042
14175,48,27390,Liberty-Eylau Independent School District,TX,643,2428
25074,48,27510,Lindale Independent School District,TX,602,4988
5174,48,27540,Linden-Kildare Consolidated Independent School District,TX,149,773
2304,48,27570,Lindsay Independent School District,TX,25,426
1349,48,27600,Lingleville Independent School District,TX,38,244
2352,48,27630,Lipan Independent School District,TX,51,411
19107,48,27690,Little Cypress-Mauriceville Consolidated Independent School District,TX,469,3759
60680,48,27720,Little Elm Independent School District,TX,726,9905
6335,48,27750,Littlefield Independent School District,TX,378,1224
34634,48,27780,Livingston Independent School District,TX,1029,4975
20621,48,27810,Llano Independent School District,TX,512,2372
36110,48,27870,Lockhart Independent School District,TX,925,6101
1797,48,27890,Lockney Independent School District,TX,56,327
219,48,27930,Lohn Independent School District,TX,5,19
1642,48,27960,Lometa Independent School District,TX,73,320
3118,48,27990,London Independent School District,TX,22,831
6214,48,28020,Lone Oak Independent School District,TX,105,1232
58827,48,28110,Longview Independent School District,TX,2602,9690
402,48,28140,Loop Independent School District,TX,24,96
824,48,28170,Loraine Independent School District,TX,33,139
8423,48,28200,Lorena Independent School District,TX,135,1743
1313,48,28230,Lorenzo Independent School District,TX,78,259
51911,48,28290,Los Fresnos Consolidated Independent School District,TX,2630,11641
2260,48,28350,Louise Independent School District,TX,32,407
18545,48,28380,Lovejoy Independent School District,TX,81,4265
5321,48,28410,Lovelady Independent School District,TX,71,517
196563,48,28500,Lubbock Independent School District,TX,5836,30311
39731,48,15180,Lubbock-Cooper Independent School District,TX,640,8171
821,48,28530,Lueders-Avoca Independent School District,TX,33,136
46572,48,28550,Lufkin Independent School District,TX,1612,8236
9245,48,28590,Luling Independent School District,TX,207,1450
22563,48,13530,Lumberton Independent School District,TX,439,4480
5834,48,28620,Lyford Consolidated Independent School District,TX,362,1146
8538,48,28650,Lytle Independent School District,TX,383,1735
24577,48,28680,Mabank Independent School District,TX,878,3954
13547,48,28710,Madisonville Consolidated Independent School District,TX,502,2156
86554,48,28740,Magnolia Independent School District,TX,1465,16737
10016,48,28780,Malakoff Independent School District,TX,323,1273
616,48,28800,Malone Independent School District,TX,18,96
591,48,28830,Malta Independent School District,TX,12,95
67488,48,28890,Manor Independent School District,TX,1965,11474
185851,48,28920,Mansfield Independent School District,TX,4450,39491
491,48,28980,Marathon Independent School District,TX,8,56
29868,48,29010,Marble Falls Independent School District,TX,610,4305
2153,48,29040,Marfa Independent School District,TX,72,271
9762,48,29100,Marion Independent School District,TX,148,1586
9134,48,29130,Marlin Independent School District,TX,400,1206
34650,48,29160,Marshall Independent School District,TX,1483,5657
3344,48,29190,Mart Independent School District,TX,168,711
2427,48,29220,Martins Mill Independent School District,TX,58,407
1187,48,29250,Martinsville Independent School District,TX,35,232
4112,48,29280,Mason Independent School District,TX,107,589
782,48,29370,Matagorda Independent School District,TX,9,61
8732,48,29400,Mathis Independent School District,TX,467,1533
2101,48,29460,Maud Independent School District,TX,59,402
2258,48,29520,May Independent School District,TX,56,263
7065,48,29580,Maypearl Independent School District,TX,87,1381
125223,48,29670,McAllen Independent School District,TX,7224,23329
2123,48,29700,McCamey Independent School District,TX,79,439
2173,48,29760,McDade Independent School District,TX,42,385
6598,48,29820,McGregor Independent School District,TX,219,1311
159312,48,29850,McKinney Independent School District,TX,1929,29224
922,48,29880,McLean Independent School District,TX,30,153
708,48,29910,McLeod Independent School District,TX,20,125
565,48,29940,McMullen County Independent School District,TX,13,85
822,48,30000,Meadow Independent School District,TX,29,190
2169,48,30030,Medina Independent School District,TX,88,242
37802,48,30060,Medina Valley Independent School District,TX,737,7146
20791,48,30120,Melissa Independent School District,TX,174,4739
2462,48,30180,Memphis Independent School District,TX,136,405
1860,48,30210,Menard Independent School District,TX,80,256
21764,48,30250,Mercedes Independent School District,TX,1794,5098
2640,48,30300,Meridian Independent School District,TX,59,400
6783,48,30340,Merkel Independent School District,TX,230,1264
187162,48,30390,Mesquite Independent School District,TX,7356,40418
11150,48,30420,Mexia Independent School District,TX,402,1976
1245,48,30450,Meyersville Independent School District,TX,29,240
799,48,30480,Miami Independent School District,TX,15,151
172020,48,30570,Midland Independent School District,TX,4780,35471
59057,48,30600,Midlothian Independent School District,TX,623,12520
52135,48,30640,Midway Independent School District,TX,732,9223
912,48,30660,Midway Independent School District,TX,18,137
2036,48,30690,Milano Independent School District,TX,47,346
3989,48,30720,Mildred Independent School District,TX,96,717
1722,48,30750,Miles Independent School District,TX,51,325
1648,48,30780,Milford Independent School District,TX,40,306
1674,48,30810,Miller Grove Independent School District,TX,48,289
5596,48,30870,Millsap Independent School District,TX,75,911
10910,48,30930,Mineola Independent School District,TX,347,1755
21014,48,30950,Mineral Wells Independent School District,TX,935,3845
68717,48,31040,Mission Consolidated Independent School District,TX,5013,14866
10272,48,31170,Monahans-Wickett-Pyote Independent School District,TX,401,2177
570,48,31200,Montague Independent School District,TX,5,71
4530,48,31230,Monte Alto Independent School District,TX,285,1078
62054,48,31260,Montgomery Independent School District,TX,689,11147
4856,48,31290,Moody Independent School District,TX,122,867
466,48,31320,Moran Independent School District,TX,21,71
1041,48,31380,Morgan Independent School District,TX,49,148
1017,48,31410,Morgan Mill Independent School District,TX,22,164
1929,48,31470,Morton Independent School District,TX,126,341
1022,48,31500,Motley County Independent School District,TX,50,146
2068,48,31560,Moulton Independent School District,TX,41,320
859,48,31620,Mount Calm Independent School District,TX,22,174
1724,48,31650,Mount Enterprise Independent School District,TX,42,316
23878,48,31760,Mount Pleasant Independent School District,TX,1019,4828
9254,48,31770,Mount Vernon Independent School District,TX,260,1511
3077,48,31860,Muenster Independent School District,TX,30,587
6718,48,31890,Muleshoe Independent School District,TX,362,1388
786,48,31920,Mullin Independent School District,TX,39,110
221,48,31950,Mumford Independent School District,TX,7,40
1697,48,31970,Munday Consolidated Independent School District,TX,76,348
923,48,32010,Murchison Independent School District,TX,31,167
47188,48,32090,Nacogdoches Independent School District,TX,2112,7562
6688,48,32130,Natalia Independent School District,TX,171,1150
11209,48,32160,Navarro Independent School District,TX,151,2102
24302,48,32190,Navasota Independent School District,TX,894,3914
749,48,32220,Nazareth Independent School District,TX,15,175
1548,48,32250,Neches Independent School District,TX,57,304
29884,48,32280,Nederland Independent School District,TX,613,5389
17639,48,32310,Needville Independent School District,TX,337,3464
7202,48,32340,New Boston Independent School District,TX,308,1322
73961,48,32370,New Braunfels Independent School District,TX,1097,12657
95627,48,32400,New Caney Independent School District,TX,2425,18935
3785,48,32430,New Deal Independent School District,TX,102,727
5138,48,32460,New Diana Independent School District,TX,126,1047
1275,48,32490,New Home Independent School District,TX,33,300
1818,48,32610,New Summerfield Independent School District,TX,57,346
5016,48,32640,New Waverly Independent School District,TX,110,927
1007,48,32700,Newcastle Independent School District,TX,26,200
6224,48,32730,Newton Independent School District,TX,254,992
5016,48,32740,Nixon-Smiley Consolidated Independent School District,TX,299,1006
5013,48,32790,Nocona Independent School District,TX,144,859
800,48,32880,Nordheim Independent School District,TX,15,129
3767,48,32910,Normangee Independent School District,TX,67,578
459304,48,32940,North East Independent School District,TX,10247,77519
2503,48,32970,North Hopkins Independent School District,TX,82,490
18486,48,33010,North Lamar Independent School District,TX,570,3218
1867,48,33030,North Zulch Independent School District,TX,65,360
196,48,33090,Northside Independent School District,TX,4,27
704957,48,33120,Northside Independent School District,TX,16406,125043
143226,48,33180,Northwest Independent School District,TX,1748,29531
1273,48,33240,Nueces Canyon Consolidated Independent School District,TX,45,149
1528,48,33270,Nursery Independent School District,TX,37,267
1047,48,33390,O'Donnell Independent School District,TX,48,210
1118,48,33340,Oakwood Independent School District,TX,34,184
5001,48,33360,Odem-Edroy Independent School District,TX,138,953
1223,48,33420,Oglesby Independent School District,TX,36,179
91,48,33570,Olfen Independent School District,TX,1,10
4020,48,33630,Olney Independent School District,TX,116,686
2883,48,33660,Olton Independent School District,TX,85,599
8333,48,33690,Onalaska Independent School District,TX,272,1281
7338,48,33720,Orange Grove Independent School District,TX,322,1553
8601,48,33780,Orangefield Independent School District,TX,150,1816
4649,48,33840,Ore City Independent School District,TX,175,807
3237,48,33870,Overton Independent School District,TX,93,531
1245,48,33900,Paducah Independent School District,TX,61,195
388,48,33960,Paint Creek Independent School District,TX,17,59
653,48,33980,Paint Rock Independent School District,TX,13,69
6831,48,34020,Palacios Independent School District,TX,264,1319
21524,48,34050,Palestine Independent School District,TX,818,3827
7578,48,34110,Palmer Independent School District,TX,153,1460
1036,48,34140,Palo Pinto Independent School District,TX,12,113
19313,48,34170,Pampa Independent School District,TX,687,3669
3253,48,34230,Panhandle Independent School District,TX,43,603
1086,48,7,Panther Creek Consolidated Independent School District,TX,24,127
6817,48,34260,Paradise Independent School District,TX,89,1269
21687,48,34290,Paris Independent School District,TX,1128,3793
270551,48,34320,Pasadena Independent School District,TX,13927,54385
282,48,34380,Patton Springs Independent School District,TX,15,41
627,48,34410,Pawnee Independent School District,TX,11,87
114770,48,34440,Pearland Independent School District,TX,1562,22905
12603,48,34470,Pearsall Independent School District,TX,708,2217
7005,48,34500,Peaster Independent School District,TX,103,1323
11779,48,34550,Pecos-Barstow-Toyah Independent School District,TX,463,2323
659,48,34560,Penelope Independent School District,TX,15,101
2504,48,34630,Perrin-Whitt Consolidated Independent School District,TX,40,419
9558,48,34650,Perryton Independent School District,TX,311,2067
1215,48,34680,Petersburg Independent School District,TX,37,225
2907,48,34710,Petrolia Consolidated Independent School District,TX,64,449
1554,48,34770,Pettus Independent School District,TX,35,259
5451,48,34800,Pewitt Consolidated Independent School District,TX,224,887
180297,48,34830,Pflugerville Independent School District,TX,4095,30508
139654,48,34860,Pharr-San Juan-Alamo Independent School District,TX,10535,30791
10291,48,34920,Pilot Point Independent School District,TX,158,1687
26006,48,34980,Pine Tree Independent School District,TX,1109,5031
13618,48,35010,Pittsburg Independent School District,TX,615,2597
1874,48,35040,Plains Independent School District,TX,123,474
25316,48,35070,Plainview Independent School District,TX,1354,4760
426866,48,35100,Plano Independent School District,TX,4316,63974
11861,48,35130,Pleasant Grove Independent School District,TX,245,2221
20093,48,35190,Pleasanton Independent School District,TX,929,3840
2266,48,41580,Plemons-Stinnett-Phillips Consolidated Independent School District,TX,32,418
13163,48,35250,Point Isabel Independent School District,TX,405,1898
8636,48,35310,Ponder Independent School District,TX,121,1741
4178,48,35340,Poolville Independent School District,TX,92,692
3133,48,35370,Port Aransas Independent School District,TX,30,313
53305,48,35400,Port Arthur Independent School District,TX,2871,10686
27193,48,35430,Port Neches-Groves Independent School District,TX,578,5264
4504,48,35490,Post Independent School District,TX,139,652
9967,48,35520,Poteet Independent School District,TX,435,1888
4230,48,35550,Poth Independent School District,TX,59,726
10222,48,35580,Pottsboro Independent School District,TX,178,1596
1500,48,35700,Prairie Lea Independent School District,TX,31,202
777,48,35730,Prairie Valley Independent School District,TX,11,121
6051,48,35740,Prairiland Independent School District,TX,172,1115
3248,48,35760,Premont Independent School District,TX,219,683
3533,48,35800,Presidio Independent School District,TX,267,828
346,48,35820,Priddy Independent School District,TX,6,35
30503,48,35850,Princeton Independent School District,TX,543,6327
330,48,35890,Pringle-Morse Consolidated Independent School District,TX,4,68
7393,48,35910,Progreso Independent School District,TX,566,1754
88381,48,36000,Prosper Independent School District,TX,517,20968
2735,48,36180,Quanah Independent School District,TX,125,443
4917,48,36210,Queen City Independent School District,TX,166,820
22512,48,36240,Quinlan Independent School District,TX,585,3793
9330,48,36300,Quitman Independent School District,TX,227,1311
12832,48,36360,Rains Independent School District,TX,339,1931
1910,48,36390,Ralls Independent School District,TX,128,400
185,48,36420,Ramirez Common School District,TX,7,21
1355,48,36450,Randolph Field Independent School District,TX,8,368
2915,48,36480,Ranger Independent School District,TX,142,419
1005,48,36510,Rankin Independent School District,TX,25,200
12210,48,36540,Raymondville Independent School District,TX,666,2040
3139,48,36570,Reagan County Independent School District,TX,82,659
2899,48,36630,Red Lick Independent School District,TX,33,593
38054,48,36660,Red Oak Independent School District,TX,813,7572
5166,48,36750,Redwater Independent School District,TX,105,982
3717,48,36780,Refugio Independent School District,TX,174,667
3625,48,36930,Ricardo Independent School District,TX,147,719
6659,48,36970,Rice Consolidated Independent School District,TX,241,1273
4218,48,36960,Rice Independent School District,TX,156,1023
1889,48,36990,Richards Independent School District,TX,28,274
244335,48,37020,Richardson Independent School District,TX,5363,41868
733,48,37080,Richland Springs Independent School District,TX,13,105
2349,48,37110,Riesel Independent School District,TX,55,453
41258,48,37140,Rio Grande City Grulla Independent School District,TX,4746,9949
8741,48,37170,Rio Hondo Independent School District,TX,494,1808
5292,48,37200,Rio Vista Independent School District,TX,84,982
1316,48,37230,Rising Star Independent School District,TX,41,187
6524,48,37260,River Road Independent School District,TX,246,1200
3741,48,42120,Rivercrest Independent School District,TX,127,692
1615,48,37320,Riviera Independent School District,TX,49,245
1770,48,37380,Robert Lee Independent School District,TX,59,285
12199,48,37410,Robinson Independent School District,TX,210,2392
15165,48,37440,Robstown Independent School District,TX,627,2695
1326,48,37470,Roby Consolidated Independent School District,TX,33,250
753,48,37500,Rochelle Independent School District,TX,20,89
9642,48,37590,Rockdale Independent School District,TX,354,1657
23214,48,8550,Rockport-Fulton Independent School District,TX,762,3009
1163,48,3,Rocksprings Independent School District,TX,62,189
110224,48,37650,Rockwall Independent School District,TX,1389,22129
4288,48,37710,Rogers Independent School District,TX,94,876
24480,48,37740,Roma Independent School District,TX,2162,5579
5580,48,37800,Roosevelt Independent School District,TX,170,1064
1409,48,37830,Ropes Independent School District,TX,23,261
1689,48,37860,Roscoe Collegiate Independent School District,TX,49,370
4845,48,37900,Rosebud-Lott Independent School District,TX,125,841
1740,48,38040,Rotan Independent School District,TX,64,272
346053,48,38080,Round Rock Independent School District,TX,3153,58627
1948,48,38100,Round Top-Carmine Independent School District,TX,19,219
13796,48,38190,Royal Independent School District,TX,533,2606
40949,48,38220,Royse City Independent School District,TX,729,8799
811,48,38280,Rule Independent School District,TX,37,123
1282,48,38310,Runge Independent School District,TX,53,259
12175,48,38360,Rusk Independent School District,TX,350,1999
6323,48,38400,S and S Consolidated Independent School District,TX,119,1090
2130,48,38430,Sabinal Independent School District,TX,87,355
7047,48,38460,Sabine Independent School District,TX,220,1473
329,48,38490,Sabine Pass Independent School District,TX,0,22
1681,48,38520,Saint Jo Independent School District,TX,27,296
10248,48,38580,Salado Independent School District,TX,130,2069
1314,48,38610,Saltillo Independent School District,TX,53,286
2757,48,38640,Sam Rayburn Independent School District,TX,39,424
101232,48,38700,San Angelo Independent School District,TX,2596,16777
318410,48,38730,San Antonio Independent School District,TX,14559,51675
4804,48,38760,San Augustine Independent School District,TX,238,737
45042,48,38790,San Benito Consolidated Independent School District,TX,3510,9903
5946,48,38820,San Diego Independent School District,TX,379,1092
14665,48,38850,San Elizario Independent School District,TX,825,3264
47595,48,38900,San Felipe-Del Rio Consolidated Independent School District,TX,2058,9448
849,48,38910,San Isidro Independent School District,TX,63,141
98685,48,38970,San Marcos Consolidated Independent School District,TX,1385,10754
996,48,39000,San Perlita Independent School District,TX,35,152
4160,48,39030,San Saba Independent School District,TX,164,636
172,48,39060,San Vicente Independent School District,TX,1,9
608,48,39120,Sands Consolidated Independent School District,TX,28,141
4459,48,39150,Sanford-Fritch Independent School District,TX,75,701
18380,48,39180,Sanger Independent School District,TX,243,3125
1593,48,39210,Santa Anna Independent School District,TX,68,308
28070,48,39270,Santa Fe Independent School District,TX,621,4972
198,48,39300,Santa Gertrudis Independent School District,TX,9,31
2883,48,39330,Santa Maria Independent School District,TX,157,669
4750,48,39360,Santa Rosa Independent School District,TX,210,1013
3378,48,39390,Santo Independent School District,TX,67,519
1969,48,39450,Savoy Independent School District,TX,36,298
92332,48,39480,Schertz-Cibolo-Universal City Independent School District,TX,1298,18120
2302,48,39510,Schleicher Independent School District,TX,85,383
5130,48,39540,Schulenburg Independent School District,TX,129,766
6675,48,39570,Scurry-Rosser Independent School District,TX,130,1328
2784,48,39600,Seagraves Independent School District,TX,97,609
15466,48,39630,Sealy Independent School District,TX,506,2830
52979,48,39690,Seguin Independent School District,TX,1207,7905
19784,48,39750,Seminole Independent School District,TX,1058,5169
3564,48,39780,Seymour Independent School District,TX,133,581
6611,48,39870,Shallowater Independent School District,TX,124,1542
2183,48,39900,Shamrock Independent School District,TX,88,427
54434,48,39930,Sharyland Independent School District,TX,2856,12600
3213,48,39960,Shelbyville Independent School District,TX,111,573
49483,48,39990,Sheldon Independent School District,TX,2713,11970
10015,48,40020,Shepherd Independent School District,TX,522,1816
51328,48,40080,Sherman Independent School District,TX,1483,8824
4147,48,40110,Shiner Independent School District,TX,90,783
607,48,40170,Sidney Independent School District,TX,14,86
1518,48,40200,Sierra Blanca Independent School District,TX,14,48
17415,48,40230,Silsbee Independent School District,TX,558,3111
1009,48,40290,Silverton Independent School District,TX,48,158
5701,48,40320,Simms Independent School District,TX,64,493
10071,48,40350,Sinton Independent School District,TX,456,1936
566,48,40380,Sivells Bend Independent School District,TX,2,66
2707,48,40410,Skidmore-Tynan Independent School District,TX,77,482
7841,48,40440,Slaton Independent School District,TX,244,1455
2598,48,40470,Slidell Independent School District,TX,54,408
2304,48,40500,Slocum Independent School District,TX,104,373
14784,48,40550,Smithville Independent School District,TX,255,2477
1647,48,40590,Smyer Independent School District,TX,54,307
3700,48,40620,Snook Independent School District,TX,122,662
14889,48,40650,Snyder Independent School District,TX,563,2845
243895,48,40710,Socorro Independent School District,TX,9853,53184
18354,48,40740,Somerset Independent School District,TX,1056,3880
4958,48,40770,Somerville Independent School District,TX,153,729
3269,48,40800,Sonora Independent School District,TX,95,605
48906,48,40680,South San Antonio Independent School District,TX,2630,9900
213,48,40890,Southland Independent School District,TX,5,39
32914,48,40920,Southside Independent School District,TX,1548,7046
70861,48,40950,Southwest Independent School District,TX,3122,15396
3464,48,41010,Spearman Independent School District,TX,115,736
20658,48,41070,Splendora Independent School District,TX,558,4363
194162,48,41100,Spring Branch Independent School District,TX,6257,36943
9490,48,41190,Spring Hill Independent School District,TX,331,2228
212629,48,41220,Spring Independent School District,TX,11263,42669
1558,48,41250,Springlake-Earth Independent School District,TX,45,333
27685,48,41280,Springtown Independent School District,TX,542,4874
1443,48,2,Spur Independent School District,TX,36,179
1830,48,41340,Spurger Independent School District,TX,69,293
20671,48,41350,Stafford Municipal School District,TX,449,3255
3367,48,41400,Stamford Independent School District,TX,175,571
4337,48,41430,Stanton Independent School District,TX,165,1019
30128,48,41520,Stephenville Independent School District,TX,586,4134
1387,48,41550,Sterling City Independent School District,TX,39,306
5309,48,41610,Stockdale Independent School District,TX,97,909
2371,48,41670,Stratford Independent School District,TX,69,447
681,48,41700,Strawn Independent School District,TX,25,101
1423,48,41760,Sudan Independent School District,TX,71,344
1272,48,41790,Sulphur Bluff Independent School District,TX,22,226
25660,48,41820,Sulphur Springs Independent School District,TX,774,4412
1415,48,41850,Sundown Independent School District,TX,28,358
7899,48,41880,Sunnyvale Independent School District,TX,81,1746
1916,48,41910,Sunray Collegiate Independent School District,TX,48,442
11304,48,41970,Sweeny Independent School District,TX,253,2076
912,48,42000,Sweet Home Independent School District,TX,5,141
11942,48,42030,Sweetwater Independent School District,TX,621,2152
4896,48,42060,Taft Independent School District,TX,267,874
2870,48,42090,Tahoka Independent School District,TX,111,597
12305,48,42210,Tarkington Independent School District,TX,476,2838
5574,48,42240,Tatum Independent School District,TX,112,1014
20906,48,42280,Taylor Independent School District,TX,312,3333
7445,48,42300,Teague Independent School District,TX,218,1179
62478,48,42330,Temple Independent School District,TX,2051,10153
2267,48,42360,Tenaha Independent School District,TX,98,463
761,48,42390,Terlingua Common School District,TX,31,83
718,48,42420,Terrell County Independent School District,TX,25,110
38291,48,42450,Terrell Independent School District,TX,1036,6754
32417,48,42480,Texarkana Independent School District,TX,1802,6061
60625,48,42510,Texas City Independent School District,TX,2698,10174
395,48,42540,Texhoma Independent School District,TX,11,64
962,48,42570,Texline Independent School District,TX,29,231
3437,48,42630,Thorndale Independent School District,TX,49,572
4386,48,42660,Thrall Independent School District,TX,49,670
4383,48,42690,Three Rivers Independent School District,TX,92,527
551,48,42720,Three Way Independent School District,TX,9,83
1113,48,42780,Throckmorton Collegiate Independent School District,TX,42,194
3753,48,42810,Tidehaven Independent School District,TX,89,705
3578,48,42840,Timpson Independent School District,TX,132,667
1878,48,42870,Tioga Independent School District,TX,39,381
3290,48,42900,Tolar Independent School District,TX,39,649
4769,48,42930,Tom Bean Independent School District,TX,59,814
101945,48,42960,Tomball Independent School District,TX,1678,21937
3681,48,42990,Tornillo Independent School District,TX,140,880
782,48,43110,Trent Independent School District,TX,27,140
4194,48,43140,Trenton Independent School District,TX,99,825
900,48,43170,Trinidad Independent School District,TX,31,155
7636,48,43200,Trinity Independent School District,TX,256,1101
5674,48,43230,Troup Independent School District,TX,166,1074
7797,48,43260,Troy Independent School District,TX,208,1762
5128,48,43320,Tulia Independent School District,TX,325,936
14377,48,43350,Tuloso-Midway Independent School District,TX,482,3024
866,48,43400,Turkey-Quitaque Independent School District,TX,18,153
137571,48,43470,Tyler Independent School District,TX,4608,23181
3183,48,43530,Union Grove Independent School District,TX,63,617
2175,48,43560,Union Hill Independent School District,TX,59,317
187988,48,43650,United Independent School District,TX,10205,43670
1290,48,43680,Utopia Independent School District,TX,55,159
22070,48,43720,Uvalde Consolidated Independent School District,TX,1287,4232
243,48,43740,Valentine Independent School District,TX,2,7
3548,48,43760,Valley Mills Independent School District,TX,80,669
18211,48,43800,Valley View Independent School District,TX,1347,4497
3888,48,43860,Valley View Independent School District,TX,101,705
10055,48,43890,Van Alstyne Independent School District,TX,110,2097
16379,48,43920,Van Independent School District,TX,512,2767
5241,48,43950,Van Vleck Independent School District,TX,113,864
1201,48,43980,Vega Independent School District,TX,15,152
13469,48,44010,Venus Independent School District,TX,308,2660
1344,48,44040,Veribest Independent School District,TX,29,288
11925,48,44110,Vernon Independent School District,TX,345,1747
84162,48,44150,Victoria Independent School District,TX,3200,15228
24184,48,44160,Vidor Independent School District,TX,738,4438
798,48,44250,Vysehrad Independent School District,TX,8,83
112508,48,44280,Waco Independent School District,TX,4757,17636
1897,48,44310,Waelder Independent School District,TX,144,329
149,48,44370,Walcott Independent School District,TX,6,28
5266,48,44410,Wall Independent School District,TX,75,1224
50970,48,44430,Waller Independent School District,TX,1406,9056
146,48,44490,Walnut Bend Independent School District,TX,3,19
1282,48,44520,Walnut Springs Independent School District,TX,42,217
6252,48,44580,Warren Independent School District,TX,172,1024
4313,48,44670,Waskom Independent School District,TX,120,690
1931,48,44710,Water Valley Independent School District,TX,20,355
66824,48,44730,Waxahachie Independent School District,TX,1095,12051
69182,48,44800,Weatherford Independent School District,TX,1103,11218
880,48,44810,Webb Consolidated Independent School District,TX,19,178
4737,48,44820,Weimar Independent School District,TX,122,790
2545,48,44890,Wellington Independent School District,TX,116,509
722,48,44910,Wellman-Union Consolidated Independent School District,TX,86,210
1990,48,44940,Wells Independent School District,TX,65,408
76115,48,44960,Weslaco Independent School District,TX,4666,16588
3221,48,45000,West Hardin County Consolidated Independent School District,TX,56,535
8502,48,45040,West Independent School District,TX,158,1516
18621,48,45090,West Orange-Cove Consolidated Independent School District,TX,938,3219
7998,48,45120,West Oso Independent School District,TX,449,1572
5640,48,45150,West Rusk County Consolidated Independent School District,TX,189,1105
2665,48,45180,West Sabine Independent School District,TX,118,482
918,48,45210,Westbrook Independent School District,TX,22,154
482,48,45240,Westhoff Independent School District,TX,12,71
362,48,45330,Westphalia Independent School District,TX,1,52
14452,48,43290,Westwood Independent School District,TX,343,1591
12911,48,45380,Wharton Independent School District,TX,453,2111
1870,48,45420,Wheeler Independent School District,TX,52,374
1525,48,45450,White Deer Independent School District,TX,35,252
6649,48,45480,White Oak Independent School District,TX,166,1540
39570,48,45540,White Settlement Independent School District,TX,1049,7232
828,48,45570,Whiteface Consolidated Independent School District,TX,30,167
30987,48,45600,Whitehouse Independent School District,TX,799,6268
11388,48,45630,Whitesboro Independent School District,TX,251,1858
4482,48,45670,Whitewright Independent School District,TX,105,872
435,48,45690,Whitharral Independent School District,TX,4,77
11156,48,45720,Whitney Independent School District,TX,331,1643
88023,48,45780,Wichita Falls Independent School District,TX,2343,14857
392,48,45840,Wildorado Independent School District,TX,8,65
55442,48,45900,Willis Independent School District,TX,1064,9710
18531,48,45950,Wills Point Independent School District,TX,569,3278
804,48,45990,Wilson Independent School District,TX,35,156
18873,48,9,Wimberley Independent School District,TX,145,2659
1447,48,46080,Windthorst Independent School District,TX,23,254
968,48,46170,Wink-Loving Independent School District,TX,39,200
10395,48,46200,Winnsboro Independent School District,TX,277,1542
7183,48,46230,Winona Independent School District,TX,281,1250
3145,48,46260,Winters Independent School District,TX,214,543
4318,48,46320,Woden Independent School District,TX,144,759
3929,48,46350,Wolfe City Independent School District,TX,103,751
2486,48,46380,Woodsboro Independent School District,TX,69,390
449,48,46410,Woodson Independent School District,TX,16,89
10352,48,46440,Woodville Independent School District,TX,289,1233
2137,48,46470,Wortham Independent School District,TX,55,400
26903,48,46500,Wylie Independent School District,TX,330,5640
93277,48,46530,Wylie Independent School District,TX,1117,19235
4007,48,46590,Yantis Independent School District,TX,75,415
9012,48,46620,Yoakum Independent School District,TX,436,1662
3338,48,46650,Yorktown Independent School District,TX,49,538
190038,48,46680,Ysleta Independent School District,TX,9311,33210
13819,48,46710,Zapata County Independent School District,TX,1461,3325
2675,48,46740,Zavalla Independent School District,TX,61,411
792,48,46770,Zephyr Independent School District,TX,18,109
448451,49,30,Alpine School District,UT,6325,107128
7424,49,60,Beaver School District,UT,199,1588
64120,49,90,Box Elder School District,UT,911,14336
87828,49,120,Cache School District,UT,1182,23014
232243,49,142,Canyons School District,UT,2527,41803
20613,49,150,Carbon School District,UT,600,3894
956,49,180,Daggett School District,UT,17,162
378470,49,210,Davis School District,UT,4628,83912
20803,49,240,Duchesne School District,UT,514,4953
10161,49,270,Emery School District,UT,275,2097
5290,49,300,Garfield School District,UT,105,849
10292,49,330,Grand School District,UT,215,1600
421335,49,360,Granite School District,UT,7406,75676
65936,49,390,Iron School District,UT,1580,12897
318332,49,420,Jordan School District,UT,3670,72185
12357,49,450,Juab School District,UT,268,3073
8525,49,480,Kane School District,UT,161,1429
57659,49,510,Logan School District,UT,886,7595
13572,49,540,Millard School District,UT,360,3119
13093,49,570,Morgan School District,UT,118,3377
39415,49,600,Murray School District,UT,491,5740
169310,49,630,Nebo School District,UT,2554,42294
13268,49,660,North Sanpete School District,UT,331,2539
5861,49,690,North Summit School District,UT,53,1008
91857,49,720,Ogden School District,UT,2628,15101
28683,49,750,Park City School District,UT,167,4610
1534,49,780,Piute School District,UT,42,223
129473,49,810,Provo School District,UT,1807,17346
2752,49,840,Rich School District,UT,66,564
204949,49,870,Salt Lake City School District,UT,2366,24580
14097,49,900,San Juan School District,UT,705,3056
22520,49,930,Sevier School District,UT,506,4585
17464,49,960,South Sanpete School District,UT,238,2746
8565,49,990,South Summit School District,UT,73,1518
940,49,1020,Tintic School District,UT,30,154
84488,49,1050,Tooele School District,UT,1196,19282
38307,49,1080,Uintah School District,UT,958,8668
37858,49,1110,Wasatch School District,UT,417,8222
207943,49,1140,Washington School District,UT,3719,37254
2608,49,1170,Wayne School District,UT,59,426
184261,49,1200,Weber School District,UT,3172,38039
15905,50,99903,Addison Central Supervisory District,VT,127,1753
7795,50,99902,Addison Northwest Supervisory District,VT,61,919
16424,50,7,Barre Supervisory Union,VT,184,2256
15605,50,99906,Bennington Rutland Supervisory Union,VT,158,2203
45415,50,99915,Burlington Supervisory District,VT,436,3753
11275,50,99909,Caledonia Central Supervisory Union,VT,174,1557
11661,50,404,Central Vermont Supervisory Union,VT,133,1321
27630,50,99914,Champlain Valley Supervisory District,VT,133,4276
17771,50,99907,Colchester Supervisory District,VT,128,2279
3004,50,99919,Essex North Supervisory Union,VT,41,409
24519,50,394,Essex-Westford Supervisory School District,VT,130,3580
11550,50,99920,Franklin Northeast Supervisory Union,VT,189,1901
11456,50,99922,Franklin West Supervisory Union,VT,96,1992
7528,50,99924,Grand Isle Supervisory Union,VT,95,950
13198,50,405,Greater Rutland County Supervisory Union,VT,144,1768
10676,50,99954,Hartford Supervisory District,VT,122,1357
13690,50,99942,Harwood Unified Union Supervisory District,VT,73,1899
12615,50,407,Kingdom East Supervisory District,VT,152,1662
12880,50,99925,Lamoille North Supervisory Union,VT,176,1856
11678,50,99926,Lamoille South Supervisory Union,VT,128,1765
1347,50,99963,Lincoln Supervisory District,VT,11,191
16224,50,99923,Maple Run Supervisory District,VT,260,2339
6152,50,99933,Mill River Unified Union Supervisory District,VT,74,818
10884,50,99910,Milton Supervisory District,VT,105,1567
11836,50,99921,Missisquoi Valley School District (Supervisory),VT,151,1786
8757,50,406,Montpelier-Roxbury Supervisory Union,VT,83,1180
15902,50,99912,Mount Mansfield Unified Union School District (Supervisory),VT,77,2505
9036,50,99951,Mountain Views Supervisory Union,VT,63,1174
9470,50,99901,Mt. Abraham Unified School District (Supervisory),VT,79,1221
19039,50,99931,North Country Supervisory Union,VT,376,2660
12962,50,99927,Orange East Supervisory Union,VT,182,1796
7415,50,99928,Orange Southwest Supervisory Union,VT,104,911
7686,50,99934,Orleans Central Supervisory Union,VT,186,1179
7958,50,99935,Orleans Southwest Supervisory Union,VT,122,1087
2342,50,384,Rivendell Interstate Supervisory District,VT,29,274
15709,50,99940,Rutland City Supervisory District,VT,285,1900
11475,50,99936,Rutland Northeast Supervisory Union,VT,146,1573
3609,50,99955,School Administrative Unit 70,VT,18,640
10347,50,99904,Slate Valley Unified Union School District (Supervisory),VT,149,1299
20597,50,99916,South Burlington Supervisory District,VT,154,2605
5231,50,99905,Southwest Vermont Supervisory Union,VT,421,3503
9053,50,99956,Springfield Supervisory District,VT,172,1160
7433,50,99911,St. Johnsbury Supervisory District,VT,151,1083
8735,50,385,Two Rivers Supervisory Union,VT,116,1109
9857,50,99932,Washington Central Supervisory Union,VT,64,1422
12495,50,99930,White River Valley Supervisory Union,VT,139,1679
9700,50,99946,Windham Central Supervisory Union,VT,106,1144
8819,50,99947,Windham Northeast Supervisory Union,VT,170,1209
20850,50,99948,Windham Southeast Supervisory Union,VT,331,2682
6025,50,99949,Windham Southwest Supervisory Union,VT,84,786
11180,50,99952,Windsor Southeast Supervisory Union,VT,114,1456
8133,50,99917,Winooski Supervisory District,VT,137,786
33411,51,60,Accomack County Public Schools,VA,1059,4990
117313,51,90,Albemarle County Public Schools,VA,1072,16831
159102,51,120,Alexandria City Public Schools,VA,1991,18315
20295,51,152,Alleghany Highlands Public Schools,VA,478,2970
13716,51,180,Amelia County Public Schools,VA,246,2064
31650,51,210,Amherst County Public Schools,VA,564,4600
16957,51,240,Appomattox County Public Schools,VA,458,2742
239807,51,270,Arlington County Public Schools,VA,2214,31281
78622,51,300,Augusta County Public Schools,VA,786,11008
4071,51,330,Bath County Public Schools,VA,66,468
82182,51,360,Bedford County Public Schools,VA,1130,12143
6186,51,390,Bland County Public Schools,VA,82,663
34129,51,420,Botetourt County Public Schools,VA,307,4785
16316,51,450,Bristol City Public Schools,VA,580,2398
15750,51,480,Brunswick County Public Schools,VA,416,1833
18632,51,510,Buchanan County Public Schools,VA,581,2374
17115,51,540,Buckingham County Public Schools,VA,450,2325
6581,51,560,Buena Vista City Public Schools,VA,183,989
55342,51,600,Campbell County Public Schools,VA,920,8192
33477,51,660,Caroline County Public Schools,VA,741,5762
29242,51,690,Carroll County Public Schools,VA,607,3837
6564,51,720,Charles City County Public Schools,VA,96,679
11258,51,750,Charlotte County Public Schools,VA,437,1809
44767,51,780,Charlottesville City Public Schools,VA,789,5198
254997,51,810,Chesapeake City Public Schools,VA,5114,45673
389793,51,840,Chesterfield County Public Schools,VA,5392,68672
15598,51,870,Clarke County Public Schools,VA,160,2307
3976,51,930,Colonial Beach Town Public Schools,VA,96,498
18674,51,960,Colonial Heights City Public Schools,VA,516,3487
4829,51,1020,Craig County Public Schools,VA,83,586
56125,51,1050,Culpeper County Public Schools,VA,1270,10335
10062,51,1080,Cumberland County Public Schools,VA,261,1505
781,51,22,Dahlgren Department of Defense School District,VA,2,131
41993,51,1110,Danville City Public Schools,VA,2345,7003
13411,51,1140,Dickenson County Public Schools,VA,434,1972
28576,51,1170,Dinwiddie County Public Schools,VA,542,4386
5402,51,1190,Emporia City Public Schools,VA,328,1020
10683,51,1200,Essex County Public Schools,VA,257,1397
26340,51,1230,Fairfax City Public Schools,VA,394,4317
1160925,51,1260,Fairfax County Public Schools,VA,11871,194370
15034,51,1290,Falls Church City Public Schools,VA,88,2752
75865,51,1320,Fauquier County Public Schools,VA,753,13364
15658,51,1350,Floyd County Public Schools,VA,278,2206
28746,51,1380,Fluvanna County Public Schools,VA,323,4074
8373,51,1410,Franklin City Public Schools,VA,569,1604
55637,51,1440,Franklin County Public Schools,VA,1195,7562
98109,51,1470,Frederick County Public Schools,VA,1207,16394
29992,51,1510,Fredericksburg City Public Schools,VA,758,4507
6739,51,1560,Galax City Public Schools,VA,402,1241
16533,51,1590,Giles County Public Schools,VA,324,2473
40154,51,1620,Gloucester County Public Schools,VA,579,6015
28223,51,1650,Goochland County Public Schools,VA,207,3381
15265,51,1690,Grayson County Public Schools,VA,391,1942
21744,51,1710,Greene County Public Schools,VA,404,3650
11150,51,1740,Greensville County Public Schools,VA,336,1307
33448,51,1770,Halifax County Public Schools,VA,860,5035
137596,51,1800,Hampton City Public Schools,VA,4509,21558
115309,51,1830,Hanover County Public Schools,VA,1326,18670
51164,51,1860,Harrisonburg City Public Schools,VA,1312,6238
338696,51,1890,Henrico County Public Schools,VA,5532,53352
49385,51,1920,Henry County Public Schools,VA,1229,7299
2348,51,1950,Highland County Public Schools,VA,46,254
22970,51,1980,Hopewell City Public Schools,VA,947,4218
40942,51,2010,Isle of Wight County Public Schools,VA,539,6555
82797,51,36,James City County Public Schools,VA,869,12191
28035,51,2100,King George County Public Schools,VA,373,5268
15545,51,2120,King William County Public Schools,VA,205,2458
6747,51,2070,King and Queen County Public Schools,VA,136,842
11062,51,2160,Lancaster County Public Schools,VA,236,1264
21780,51,2190,Lee County Public Schools,VA,737,3063
7802,51,2220,Lexington City Public Schools,VA,96,687
443380,51,2250,Loudoun County Public Schools,VA,3022,87604
42109,51,2280,Louisa County Public Schools,VA,684,6148
12060,51,2310,Lunenburg County Public Schools,VA,397,1741
80301,51,2340,Lynchburg City Public Schools,VA,2216,10393
14252,51,2370,Madison County Public Schools,VA,235,2138
43616,51,2360,Manassas City Public Schools,VA,1225,8212
16611,51,2390,Manassas Park City Public Schools,VA,299,2845
13834,51,2400,Martinsville City Public Schools,VA,845,2750
8602,51,2430,Mathews County Public Schools,VA,138,1001
30824,51,2460,Mecklenburg County Public Schools,VA,752,4180
10949,51,2490,Middlesex County Public Schools,VA,228,1364
98998,51,2520,Montgomery County Public Schools,VA,1045,11404
14766,51,2580,Nelson County Public Schools,VA,337,1898
27218,51,2610,New Kent County Public Schools,VA,193,3802
183056,51,2640,Newport News City Public Schools,VA,5177,29949
231105,51,2670,Norfolk City Public Schools,VA,7085,32138
12004,51,2710,Northampton County Public Schools,VA,357,1632
12397,51,2730,Northumberland County Public Schools,VA,252,1258
3478,51,2760,Norton City Public Schools,VA,147,580
15632,51,2790,Nottoway County Public Schools,VA,477,2206
38986,51,2820,Orange County Public Schools,VA,698,6219
23686,51,2850,Page County Public Schools,VA,516,3424
17308,51,2880,Patrick County Public Schools,VA,431,2298
34058,51,2910,Petersburg City Public Schools,VA,2006,5741
59410,51,2940,Pittsylvania County Public Schools,VA,1124,7992
12854,51,2980,Poquoson City Public Schools,VA,114,2278
96482,51,3000,Portsmouth City Public Schools,VA,3500,15578
32392,51,3030,Powhatan County Public Schools,VA,263,4486
22276,51,3060,Prince Edward County Public Schools,VA,564,2506
43589,51,3090,Prince George County Public Schools,VA,670,6475
491025,51,3130,Prince William County Public Schools,VA,7298,94669
33579,51,3150,Pulaski County Public Schools,VA,640,4395
7656,51,23,Quantico Marine Corps Center School District,VA,18,968
17273,51,3180,Radford City Public Schools,VA,244,1577
7479,51,3210,Rappahannock County Public Schools,VA,119,990
233655,51,3240,Richmond City Public Schools,VA,7869,27209
9215,51,3270,Richmond County Public Schools,VA,222,1237
97912,51,3300,Roanoke City Public Schools,VA,3441,15596
97334,51,3330,Roanoke County Public Schools,VA,1002,14608
22368,51,3370,Rockbridge County Public Schools,VA,296,2900
87674,51,3390,Rockingham County Public Schools,VA,1306,14407
25420,51,3420,Russell County Public Schools,VA,671,3613
25908,51,3460,Salem City Public Schools,VA,422,3618
21388,51,3480,Scott County Public Schools,VA,715,2973
45441,51,3510,Shenandoah County Public Schools,VA,839,6995
29137,51,3520,Smyth County Public Schools,VA,776,4189
17941,51,3600,Southampton County Public Schools,VA,336,2516
152021,51,3640,Spotsylvania County Public Schools,VA,2528,27933
167241,51,3660,Stafford County Public Schools,VA,1972,33723
26361,51,3690,Staunton City Public Schools,VA,582,3494
103105,51,3710,Suffolk City Public Schools,VA,1968,17612
6579,51,3750,Surry County Public Schools,VA,139,822
10753,51,3780,Sussex County Public Schools,VA,327,1276
38875,51,3810,Tazewell County Public Schools,VA,1069,5702
454808,51,3840,Virginia Beach City Public Schools,VA,6472,72162
42461,51,3870,Warren County Public Schools,VA,605,6681
54098,51,3900,Washington County Public Schools,VA,931,7163
23498,51,3930,Waynesboro City Public Schools,VA,685,3730
3687,51,3950,West Point Town Public Schools,VA,34,644
15259,51,3980,Westmoreland County Public Schools,VA,382,2025
16030,51,4020,Williamsburg City Public Schools,VA,258,1355
27800,51,4050,Winchester City Public Schools,VA,805,4494
34973,51,4080,Wise County Public Schools,VA,1198,5074
28100,51,4110,Wythe County Public Schools,VA,592,4025
71410,51,4150,York County Public Schools,VA,609,12595
21217,53,30,Aberdeen School District,WA,709,3478
4215,53,60,Adna School District,WA,45,758
523,53,90,Almira School District,WA,11,98
23299,53,150,Anacortes School District,WA,195,2785
35056,53,240,Arlington School District,WA,533,6002
3243,53,280,Asotin-Anatone School District,WA,29,485
105117,53,300,Auburn School District,WA,2933,18575
25348,53,330,Bainbridge Island School District,WA,150,3995
86455,53,380,Battle Ground School District,WA,988,15849
153490,53,390,Bellevue School District,WA,1401,22751
116265,53,420,Bellingham School District,WA,929,12435
61,53,450,Benge School District,WA,1,16
127791,53,480,Bethel School District,WA,2704,24343
436,53,510,Bickleton School District,WA,10,79
19413,53,570,Blaine School District,WA,204,2450
1157,53,630,Boistfort School District,WA,22,221
51012,53,660,Bremerton School District,WA,901,5589
4750,53,690,Brewster School District,WA,214,942
3650,53,720,Bridgeport School District,WA,82,673
1380,53,750,Brinnon School District,WA,13,113
23232,53,780,Burlington-Edison School District,WA,356,3664
36445,53,810,Camas School District,WA,273,7419
3430,53,840,Cape Flattery School District,WA,69,541
975,53,870,Carbonado School District,WA,4,210
10608,53,950,Cascade School District,WA,123,1596
8091,53,960,Cashmere School District,WA,129,1536
11086,53,990,Castle Rock School District,WA,156,1662
678,53,1050,Centerville School District,WA,36,94
75406,53,1080,Central Kitsap School District,WA,795,11204
97782,53,1110,Central Valley School District,WA,1218,17085
27123,53,1140,Centralia School District,WA,765,4393
16811,53,1170,Chehalis School District,WA,320,2969
44496,53,1230,Cheney School District,WA,566,6266
6330,53,1260,Chewelah School District,WA,133,937
12930,53,1290,Chimacum School District,WA,184,1124
19329,53,1320,Clarkston School District,WA,487,2751
9625,53,1350,Cle Elum-Roslyn School District,WA,119,1097
92106,53,1410,Clover Park School District,WA,2008,13799
4025,53,1440,Colfax School District,WA,65,621
13826,53,1470,College Place School District,WA,243,2028
1194,53,1500,Colton School District,WA,16,250
1369,53,1560,Columbia (Stevens) School District,WA,50,205
3997,53,1590,Columbia (Walla Walla) School District,WA,87,753
12879,53,1630,Colville School District,WA,384,1996
5325,53,1660,Concrete School District,WA,75,705
3323,53,1680,Conway School District,WA,47,534
2039,53,1710,Cosmopolis School District,WA,28,311
1604,53,3440,Coulee-Hartline School District,WA,40,246
10666,53,1800,Coupeville School District,WA,104,1085
2685,53,1830,Crescent School District,WA,62,339
1396,53,1860,Creston School District,WA,33,114
1417,53,1890,Curlew School District,WA,47,165
2063,53,1920,Cusick School District,WA,75,326
803,53,1950,Damman School District,WA,10,115
3561,53,1980,Darrington School District,WA,40,509
3274,53,2010,Davenport School District,WA,112,588
3741,53,2040,Dayton School District,WA,92,514
12850,53,2070,Deer Park School District,WA,214,2376
10890,53,2130,Dieringer School District,WA,126,2296
542,53,2160,Dixie School District,WA,1,74
29852,53,2280,East Valley School District (Spokane),WA,543,4697
18593,53,5370,East Valley School District (Yakima),WA,515,3534
36338,53,2310,Eastmont School District,WA,816,6294
1257,53,2340,Easton School District,WA,12,160
13127,53,2370,Eatonville School District,WA,174,2223
185216,53,2400,Edmonds School District,WA,2255,24603
30374,53,2460,Ellensburg School District,WA,426,3660
9458,53,2490,Elma School District,WA,262,1576
521,53,2520,Endicott School District,WA,12,90
2583,53,2550,Entiat School District,WA,37,417
28529,53,1,Enumclaw School District,WA,251,4736
13772,53,2610,Ephrata School District,WA,495,2895
921,53,2640,Evaline School District,WA,17,132
154665,53,2670,Everett School District,WA,2244,23163
164711,53,2700,Evergreen School District (Clark),WA,2621,26694
486,53,2730,Evergreen School District (Stevens),WA,19,56
151826,53,2820,Federal Way School District,WA,4134,24447
36926,53,2850,Ferndale School District,WA,543,6112
24216,53,2880,Fife Public Schools,WA,458,4106
5251,53,2910,Finley School District,WA,93,920
57895,53,2940,Franklin Pierce School District,WA,1533,9347
5012,53,2970,Freeman School District,WA,29,998
797,53,3000,Garfield School District,WA,28,132
493,53,3030,Glenwood School District,WA,10,62
8119,53,3090,Goldendale School District,WA,162,1076
4561,53,3130,Grand Coulee Dam School District,WA,149,670
15363,53,3150,Grandview School District,WA,820,3712
6277,53,3180,Granger School District,WA,249,1577
16704,53,3210,Granite Falls School District,WA,182,2838
2988,53,3240,Grapeview School District,WA,34,347
1073,53,3270,Great Northern School District,WA,33,188
1054,53,3300,Green Mountain School District,WA,13,205
6499,53,3330,Griffin School District,WA,48,901
830,53,3360,Harrington School District,WA,25,145
5810,53,3510,Highland School District,WA,131,1264
143261,53,3540,Highline School District,WA,3449,20421
11510,53,3570,Hockinson School District,WA,114,2174
6743,53,3600,Hood Canal School District,WA,107,714
11153,53,3660,Hoquiam School District,WA,412,1799
1246,53,2,Inchelium School District,WA,47,200
636,53,3720,Index School District,WA,3,55
124013,53,3750,Issaquah School District,WA,829,23076
332,53,3780,Kahlotus School District,WA,7,60
7910,53,3810,Kalama School District,WA,92,1373
531,53,3870,Keller School District,WA,26,110
31487,53,3,Kelso School District,WA,708,5585
105786,53,3930,Kennewick School District,WA,2450,20796
185376,53,3960,Kent School District,WA,4462,30469
6117,53,3990,Kettle Falls School District,WA,160,941
9726,53,4020,Kiona-Benton City School District,WA,152,1758
4514,53,4050,Kittitas School District,WA,62,761
603,53,4080,Klickitat School District,WA,14,82
10067,53,4170,La Center School District,WA,107,1930
5262,53,4110,La Conner School District,WA,61,585
633,53,4150,LaCrosse School District,WA,13,90
8223,53,1200,Lake Chelan School District,WA,107,1267
1059,53,7050,Lake Quinault School District,WA,15,172
52664,53,4200,Lake Stevens School District,WA,649,10407
221487,53,4230,Lake Washington School District,WA,1461,36176
17513,53,4260,Lakewood School District,WA,291,2681
173,53,4290,Lamont School District,WA,7,28
5144,53,4380,Liberty School District,WA,37,830
1292,53,4410,Lind School District,WA,51,303
48091,53,4470,Longview Public Schools,WA,1118,7315
2043,53,4500,Loon Lake School District,WA,41,255
3004,53,4530,Lopez School District,WA,40,276
3260,53,4590,Lyle School District,WA,70,418
23167,53,4620,Lynden School District,WA,263,4311
3131,53,4650,Mabton School District,WA,101,765
585,53,4710,Mansfield School District,WA,8,85
3870,53,4740,Manson School District,WA,72,626
1641,53,4800,Mary M. Knight School District,WA,27,210
3835,53,4830,Mary Walker School District,WA,132,639
79272,53,4860,Marysville School District,WA,1382,12728
3616,53,4890,McCleary School District,WA,36,567
63325,53,4920,Mead School District,WA,736,12063
11478,53,4950,Medical Lake School District,WA,125,1808
26548,53,4980,Mercer Island School District,WA,135,4956
11614,53,5010,Meridian School District,WA,153,1690
6610,53,5020,Methow Valley School District,WA,103,833
518,53,5040,Mill A School District,WA,9,71
42776,53,5130,Monroe School District,WA,406,6745
8506,53,5160,Montesano School District,WA,97,1321
2923,53,5190,Morton School District,WA,32,342
48844,53,5220,Moses Lake School District,WA,1960,9724
4639,53,5250,Mossyrock School District,WA,77,718
4389,53,5280,Mount Adams School District,WA,126,992
15887,53,5310,Mount Baker School District,WA,175,2412
349,53,5340,Mount Pleasant School District,WA,5,39
41057,53,5400,Mount Vernon School District,WA,759,6754
113116,53,5430,Mukilteo School District,WA,2358,17182
8828,53,5460,Naches Valley School District,WA,189,1603
4838,53,5490,Napavine School District,WA,83,796
2402,53,5520,Naselle-Grays River Valley School District,WA,40,325
1361,53,5550,Nespelem School District,WA,77,245
9134,53,5610,Newport School District,WA,237,1443
9611,53,5640,Nine Mile Falls School District,WA,130,1564
11610,53,5670,Nooksack Valley School District,WA,165,2189
8776,53,5700,North Beach School District,WA,135,698
11251,53,5730,North Franklin School District,WA,238,2196
51812,53,5760,North Kitsap School District,WA,535,7200
17199,53,5790,North Mason School District,WA,358,2512
300,53,5820,North River School District,WA,8,50
114953,53,5850,North Thurston Public Schools,WA,1425,17086
1652,53,5880,Northport School District,WA,59,225
156469,53,5910,Northshore School District,WA,1036,26639
41700,53,5940,Oak Harbor School District,WA,525,5959
818,53,5970,Oakesdale School District,WA,9,131
2678,53,6000,Oakville School District,WA,51,446
12383,53,6060,Ocean Beach School District,WA,153,977
7875,53,6090,Ocosta School District,WA,110,648
1767,53,6120,Odessa School District,WA,38,308
5760,53,6150,Okanogan School District,WA,159,963
73019,53,6180,Olympia School District,WA,785,10439
11199,53,6220,Omak School District,WA,341,1871
6205,53,6240,Onalaska School District,WA,93,959
492,53,6270,Onion Creek School District,WA,18,62
6340,53,6300,Orcas Island School District,WA,70,566
908,53,6330,Orchard Prairie School District,WA,9,177
1006,53,6360,Orient School District,WA,22,129
1778,53,6390,Orondo School District,WA,16,260
4686,53,6420,Oroville School District,WA,134,689
17059,53,6450,Orting School District,WA,202,3277
16940,53,6480,Othello School District,WA,911,4557
276,53,6510,Palisades School District,WA,4,46
1408,53,6540,Palouse School District,WA,14,247
89167,53,6570,Pasco School District,WA,3545,20277
1590,53,6600,Pateros School District,WA,60,286
400,53,6630,Paterson School District,WA,4,89
1834,53,6660,Pe Ell School District,WA,24,255
71778,53,6690,Peninsula School District,WA,601,11785
11838,53,6750,Pioneer School District,WA,224,1534
2363,53,6780,Pomeroy School District,WA,58,362
32205,53,6820,Port Angeles School District,WA,519,4257
16453,53,6840,Port Townsend School District,WA,188,1312
1653,53,6870,Prescott School District,WA,55,344
14028,53,6900,Prosser School District,WA,283,2949
35294,53,6930,Pullman School District,WA,423,3365
143016,53,6960,Puyallup School District,WA,2301,25768
568,53,1380,Queets-Clearwater School District,WA,9,31
1963,53,6990,Quilcene School District,WA,23,194
6674,53,7020,Quillayute Valley School District,WA,165,1153
14312,53,7080,Quincy School District,WA,587,3126
5960,53,7110,Rainier School District,WA,58,1029
4104,53,7140,Raymond School District,WA,126,587
5248,53,7210,Reardan-Edwall School District,WA,75,996
134889,53,7230,Renton School District,WA,2279,18001
3233,53,7260,Republic School District,WA,77,379
82615,53,7320,Richland School District,WA,1252,15747
22386,53,7350,Ridgefield School District,WA,157,4141
2425,53,7380,Ritzville School District,WA,53,416
12451,53,7440,Riverside School District,WA,193,2053
22350,53,4560,Riverview School District,WA,130,3867
15581,53,7470,Rochester School District,WA,241,2490
215,53,7530,Roosevelt School District,WA,5,43
1158,53,7560,Rosalia School District,WA,29,247
7319,53,7620,Royal School District,WA,229,1640
9059,53,7650,San Juan Island School District,WA,75,859
632,53,7680,Satsop School District,WA,17,109
760696,53,7710,Seattle Public Schools,WA,6021,70524
30973,53,7740,Sedro-Woolley School District,WA,440,5069
20366,53,7770,Selah School District,WA,534,4152
2365,53,7800,Selkirk School District,WA,107,322
33614,53,7830,Sequim School District,WA,392,3102
265,53,7860,Shaw Island School District,WA,2,22
26780,53,7900,Shelton School District,WA,874,4249
74332,53,7920,Shoreline School District,WA,680,10480
938,53,7950,Skamania School District,WA,17,122
662,53,7980,Skykomish School District,WA,5,69
60813,53,8020,Snohomish School District,WA,542,10871
42314,53,8040,Snoqualmie Valley School District,WA,193,7855
3899,53,8070,Soap Lake School District,WA,150,607
2724,53,8100,South Bend School District,WA,62,358
77484,53,8160,South Kitsap School District,WA,944,11752
16831,53,8190,South Whidbey School District,WA,137,1743
2440,53,8220,Southside School District,WA,71,362
247830,53,8250,Spokane Public Schools,WA,3904,35414
774,53,8280,Sprague School District,WA,33,129
1136,53,8310,St. John School District,WA,14,162
38316,53,8340,Stanwood-Camano School District,WA,395,5447
108,53,8370,Star School District,WA,2,25
183,53,8400,Starbuck School District,WA,2,16
94,53,8430,Stehekin School District,WA,1,15
23739,53,8460,Steilacoom Historical School District,WA,257,3987
283,53,8490,Steptoe School District,WA,1,53
7189,53,8520,Stevenson-Carson School District,WA,115,885
15582,53,8550,Sultan School District,WA,197,2534
681,53,8580,Summit Valley School District,WA,26,113
56728,53,8610,Sumner School District,WA,628,10704
24869,53,8670,Sunnyside School District,WA,1378,6163
236273,53,8700,Tacoma Public Schools,WA,4873,33474
1235,53,8730,Taholah School District,WA,43,343
44837,53,8760,Tahoma School District,WA,400,9197
995,53,8790,Tekoa School District,WA,17,169
10553,53,8820,Tenino School District,WA,127,1516
1532,53,8850,Thorp School District,WA,29,211
5209,53,8910,Toledo School District,WA,62,875
7326,53,8940,Tonasket School District,WA,275,1095
14696,53,8970,Toppenish School District,WA,714,3450
1186,53,9000,Touchet School District,WA,21,218
4216,53,9030,Toutle Lake School District,WA,77,780
1229,53,9060,Trout Lake School District,WA,32,202
21293,53,8130,Tukwila School District,WA,643,3020
44540,53,9100,Tumwater School District,WA,537,6943
3895,53,9150,Union Gap School District,WA,247,805
32736,53,9180,University Place School District,WA,549,5734
1568,53,9240,Valley School District,WA,64,288
172188,53,9270,Vancouver Public Schools,WA,2733,24853
11399,53,9300,Vashon Island School District,WA,111,1432
3860,53,9330,Wahkiakum School District,WA,77,500
8425,53,9360,Wahluke School District,WA,353,2005
1541,53,9390,Waitsburg School District,WA,15,273
39424,53,9450,Walla Walla Public Schools,WA,777,5916
14142,53,9480,Wapato School District,WA,858,3469
3965,53,9510,Warden School District,WA,165,863
23303,53,9540,Washougal School District,WA,260,3729
343,53,9570,Washtucna School District,WA,5,66
1868,53,9600,Waterville School District,WA,45,326
1446,53,9630,Wellpinit School District,WA,62,315
48195,53,9660,Wenatchee School District,WA,992,8466
21939,53,9690,West Valley School District (Spokane),WA,260,3220
32657,53,9720,West Valley School District (Yakima),WA,736,6250
4320,53,9750,White Pass School District,WA,78,481
25202,53,9780,White River School District,WA,240,4736
9660,53,9810,White Salmon Valley School District,WA,140,1230
1529,53,9840,Wilbur School District,WA,39,226
2403,53,9870,Willapa Valley School District,WA,37,305
603,53,9900,Wilson Creek School District,WA,25,111
5106,53,9930,Winlock School District,WA,82,833
915,53,9990,Wishkah Valley School District,WA,23,145
399,53,10020,Wishram School District,WA,21,44
14632,53,10050,Woodland School District,WA,204,2683
80737,53,10110,Yakima School District,WA,4628,16472
36650,53,10140,Yelm Community Schools,WA,532,6561
5266,53,10170,Zillah School District,WA,132,1196
15369,54,30,Barbour County School District,WV,540,2265
136287,54,60,Berkeley County School District,WV,3422,22799
20496,54,90,Boone County School District,WV,657,3188
12051,54,120,Braxton County School District,WV,352,1684
21285,54,150,Brooke County School District,WV,377,2752
91489,54,180,Cabell County School District,WV,2399,13423
5873,54,210,Calhoun County School District,WV,201,794
7689,54,240,Clay County School District,WV,317,1284
7615,54,270,Doddridge County School District,WV,131,802
38600,54,300,Fayette County School District,WV,1702,5977
7116,54,330,Gilmer County School District,WV,168,789
10971,54,360,Grant County School District,WV,296,1556
31851,54,390,Greenbrier County School District,WV,865,4645
23793,54,420,Hampshire County School District,WV,643,3078
28054,54,450,Hancock County School District,WV,801,3821
14335,54,480,Hardy County School District,WV,381,2081
64472,54,510,Harrison County School District,WV,1588,10131
27718,54,540,Jackson County School District,WV,834,4342
61264,54,570,Jefferson County School District,WV,725,9494
173906,54,600,Kanawha County School District,WV,4932,25449
16477,54,630,Lewis County School District,WV,509,2639
19377,54,660,Lincoln County School District,WV,794,3231
30560,54,690,Logan County School District,WV,1139,4811
55649,54,720,Marion County School District,WV,1294,8190
29354,54,750,Marshall County School District,WV,990,4077
24770,54,780,Mason County School District,WV,750,3724
17147,54,810,McDowell County School District,WV,901,2423
57524,54,840,Mercer County School District,WV,2087,9198
26778,54,870,Mineral County School District,WV,727,3970
21712,54,900,Mingo County School District,WV,1248,3572
108697,54,930,Monongalia School District,WV,1455,12448
12462,54,960,Monroe County School District,WV,316,1773
17780,54,990,Morgan County School District,WV,299,2234
24017,54,1020,Nicholas County School District,WV,747,3699
41090,54,1050,Ohio County School District,WV,1278,6024
5944,54,1080,Pendleton County School District,WV,135,832
7358,54,1110,Pleasants County School District,WV,178,1037
7653,54,1140,Pocahontas County School District,WV,226,1024
34055,54,1170,Preston County School District,WV,820,4614
57067,54,1200,Putnam County School District,WV,916,9189
72379,54,1230,Raleigh County School District,WV,2911,11499
27190,54,1260,Randolph County School District,WV,721,3637
8170,54,1290,Ritchie County School District,WV,229,1164
13540,54,1320,Roane County School District,WV,473,2024
11544,54,1350,Summers County School District,WV,336,1372
16438,54,1380,Taylor County School District,WV,461,2433
6573,54,1410,Tucker County School District,WV,108,693
7843,54,1440,Tyler County School District,WV,255,1184
23650,54,1470,Upshur County School District,WV,801,3628
37589,54,1500,Wayne County School District,WV,1058,5641
7947,54,1530,Webster County School District,WV,354,1195
13766,54,1560,Wetzel County School District,WV,456,2090
4924,54,1590,Wirt County School District,WV,166,769
82757,54,1620,Wood County School District,WV,2253,12851
19964,54,1650,Wyoming County School District,WV,737,3001
3703,55,30,Abbotsford School District,WI,78,741
14230,55,60,Adams-Friendship Area School District,WI,238,1388
3148,55,120,Albany School District,WI,28,458
5185,55,150,Algoma School District,WI,79,716
2932,55,210,Alma Center School District,WI,76,522
1525,55,180,Alma School District,WI,17,192
2563,55,240,Almond-Bancroft School District,WI,29,437
10433,55,270,Altoona School District,WI,126,1588
10017,55,300,Amery School District,WI,143,1455
17205,55,360,Antigo School District,WI,416,2582
103415,55,390,Appleton Area School District,WI,1299,16145
6403,55,420,Arcadia School District,WI,162,1443
1904,55,450,Argyle School District,WI,66,305
35366,55,6180,Arrowhead Union High School District,WI,40,2040
13346,55,510,Ashland School District,WI,341,2106
15655,55,540,Ashwaubenon School District,WI,167,2359
4402,55,570,Athens School District,WI,91,865
4529,55,600,Auburndale School District,WI,75,823
4860,55,630,Augusta School District,WI,250,987
9925,55,720,Baldwin-Woodville Area School District,WI,105,1744
3966,55,780,Bangor School District,WI,52,709
21402,55,810,Baraboo School District,WI,316,3481
2423,55,840,Barneveld School District,WI,20,426
8959,55,870,Barron Area School District,WI,248,1437
3467,55,900,Bayfield School District,WI,136,508
22901,55,960,Beaver Dam School District,WI,378,3559
2293,55,11550,Beecher-Dunbar-Pembine School District,WI,56,320
5734,55,990,Belleville School District,WI,38,924
2305,55,1020,Belmont Community School District,WI,76,477
36510,55,1050,Beloit School District,WI,1306,6269
9287,55,1080,Beloit Turner School District,WI,122,1412
1581,55,1110,Benton School District,WI,20,272
10626,55,1140,Berlin Area School District,WI,267,1801
11035,55,15480,Big Foot Union High School District,WI,22,429
2389,55,1170,Birchwood School District,WI,27,242
2603,55,5730,Black Hawk School District,WI,87,396
12577,55,1260,Black River Falls School District,WI,253,1770
4308,55,16,Blair-Taylor School District,WI,123,854
7639,55,1350,Bloomer School District,WI,114,1240
6370,55,1470,Bonduel School District,WI,133,1052
5881,55,1500,Boscobel Area School District,WI,182,936
2388,55,1560,Bowler School District,WI,60,385
4706,55,1590,Boyceville Community School District,WI,75,776
1288,55,1650,Brighton No. 1 School District,WI,4,111
5843,55,1680,Brillion School District,WI,53,952
5949,55,1710,Bristol No. 1 School District,WI,24,665
6300,55,1740,Brodhead School District,WI,119,1060
12311,55,1800,Brown Deer School District,WI,233,1926
3600,55,1830,Bruce School District,WI,89,518
23734,55,1890,Burlington Area School District,WI,326,3854
1162,55,1920,Butternut School District,WI,26,156
5393,55,2040,Cadott Community School District,WI,154,960
2403,55,2070,Cambria-Friesland School District,WI,47,487
6333,55,2100,Cambridge School District,WI,40,892
4951,55,2130,Cameron School District,WI,73,876
10281,55,2160,Campbellsport School District,WI,80,1552
4148,55,2340,Cashton School District,WI,221,985
1824,55,2400,Cassville School District,WI,39,256
6172,55,2430,Cedar Grove-Belgium Area School District,WI,44,1015
21720,55,2460,Cedarburg School District,WI,97,3712
6486,55,58,Chequamegon School District,WI,124,746
8365,55,61,Chetek-Weyerhaeuser Area School District,WI,202,1204
7372,55,2520,Chilton School District,WI,80,1081
36181,55,2550,Chippewa Falls Area School District,WI,500,5471
1820,55,2580,Clayton School District,WI,33,309
3524,55,2610,Clear Lake School District,WI,58,589
5921,55,2640,Clinton Community School District,WI,82,1019
9566,55,2670,Clintonville School District,WI,165,1427
4587,55,2700,Cochrane-Fountain City School District,WI,44,600
7187,55,2730,Colby School District,WI,171,1475
4993,55,2760,Coleman School District,WI,88,773
4812,55,2790,Colfax School District,WI,61,748
8580,55,2820,Columbus School District,WI,64,1364
2868,55,2880,Cornell School District,WI,106,517
5933,55,2910,Crandon School District,WI,158,872
6645,55,2970,Crivitz School District,WI,106,813
4986,55,3030,Cuba City School District,WI,54,750
17918,55,3060,Cudahy School District,WI,369,2537
6101,55,3090,Cumberland School District,WI,50,977
36265,55,13170,D.C. Everest Area School District,WI,411,6216
5281,55,3150,Darlington Community School District,WI,229,976
25044,55,3210,De Pere Unified School District,WI,182,4840
4518,55,3240,De Soto Area School District,WI,84,655
23874,55,3180,DeForest Area School District,WI,155,4439
4654,55,3270,Deerfield Community School District,WI,33,849
16657,55,3640,Delavan-Darien School District,WI,220,2432
8957,55,3660,Denmark School District,WI,68,1568
5927,55,7260,Dodgeland School District,WI,97,823
8476,55,3690,Dodgeville School District,WI,114,1289
1952,55,3750,Dover No. 1 School District,WI,6,109
4388,55,3810,Drummond Area School District,WI,54,405
7530,55,3840,Durand School District,WI,185,1265
12190,55,4020,East Troy Community School District,WI,84,1810
88947,55,4050,Eau Claire Area School District,WI,1085,12115
3652,55,4080,Edgar School District,WI,53,719
12893,55,4110,Edgerton School District,WI,95,2075
3237,55,4170,Elcho School District,WI,33,288
3809,55,4200,Eleva-Strum School District,WI,58,689
5340,55,4230,Elk Mound Area School District,WI,80,1048
3731,55,4260,Elkhart Lake-Glenbeulah School District,WI,20,478
17874,55,4290,Elkhorn Area School District,WI,150,2962
11554,55,4320,Ellsworth Community School District,WI,98,1789
49848,55,1770,Elmbrook School District,WI,194,8974
2039,55,4350,Elmwood School District,WI,24,305
2555,55,4410,Erin School District,WI,4,247
10061,55,4440,Evansville Community School District,WI,83,1735
4484,55,4500,Fall Creek School District,WI,45,815
3065,55,4530,Fall River School District,WI,23,500
5088,55,4590,Fennimore Community School District,WI,195,985
4223,55,14970,Flambeau School District,WI,179,719
4673,55,4650,Florence School District,WI,77,484
54692,55,4680,Fond du Lac School District,WI,910,8391
3945,55,4720,Fontana Joint No. 8 School District,WI,7,208
18829,55,4740,Fort Atkinson School District,WI,166,2725
7280,55,4800,Fox Point Joint No. 2 School District,WI,19,942
29269,55,4830,Franklin Public School District,WI,254,4763
3760,55,4860,Frederic School District,WI,90,540
10085,55,4920,Freedom Area School District,WI,57,1935
9349,55,4960,Galesville-Ettrick-Trempealeau School District,WI,103,1673
1100,55,5100,Geneva Joint No. 4 School District,WI,4,109
5046,55,5130,Genoa City Joint No. 2 School District,WI,41,607
27896,55,5160,Germantown School District,WI,134,4699
6911,55,5220,Gibraltar Area School District,WI,46,598
4043,55,5250,Gillett School District,WI,86,567
3057,55,5280,Gilman School District,WI,107,562
1089,55,5370,Gilmanton School District,WI,25,207
13197,55,5460,Glendale-River Hills School District,WI,107,1254
4132,55,5520,Glenwood City School District,WI,54,659
1051,55,5580,Goodman-Armstrong School District,WI,15,106
15167,55,5610,Grafton School District,WI,78,2321
2092,55,5640,Granton Area School District,WI,155,497
5317,55,5670,Grantsburg School District,WI,87,751
143477,55,5820,Green Bay Area School District,WI,2702,22804
2789,55,5880,Green Lake School District,WI,14,284
14621,55,5910,Greendale School District,WI,182,2657
28798,55,5940,Greenfield School District,WI,464,3804
3349,55,5970,Greenwood School District,WI,143,731
1722,55,56,Gresham School District,WI,26,222
29591,55,6030,Hamilton School District,WI,142,5049
19264,55,6090,Hartford Joint No. 1 School District,WI,143,2123
33559,55,6120,Hartford Union High School District,WI,66,1589
12030,55,6140,Hartland-Lakeside Joint No. 3 School District,WI,52,1359
15007,55,6270,Hayward Community School District,WI,324,2161
4714,55,75,Herman-Neosho-Rubicon School District,WI,26,465
1596,55,6420,Highland School District,WI,35,268
3222,55,6450,Hilbert School District,WI,20,536
4534,55,6480,Hillsboro School District,WI,219,967
22383,55,6540,Holmen School District,WI,192,4117
7025,55,80,Holy Hill Area School District,WI,19,682
5675,55,6570,Horicon School District,WI,89,856
23146,55,6600,Hortonville School District,WI,121,4713
33008,55,6630,Howard-Suamico School District,WI,201,5919
6052,55,6660,Howards Grove School District,WI,34,959
34519,55,6690,Hudson School District,WI,214,5918
4263,55,6750,Hurley School District,WI,77,583
3197,55,6780,Hustisford School District,WI,21,473
2593,55,6810,Independence School District,WI,66,551
4519,55,6840,Iola-Scandinavia School District,WI,51,658
4380,55,6870,Iowa-Grant School District,WI,89,780
1658,55,6960,Ithaca School District,WI,28,278
64603,55,7020,Janesville School District,WI,1266,9967
13223,55,7050,Jefferson School District,WI,115,1752
5129,55,7170,Johnson Creek School District,WI,42,723
1284,55,7230,Juda School District,WI,20,220
30755,55,7290,Kaukauna Area School District,WI,240,5099
128982,55,7320,Kenosha School District,WI,2369,20253
24323,55,3510,Kettle Moraine School District,WI,109,3925
13958,55,7380,Kewaskum School District,WI,112,2167
6791,55,7410,Kewaunee School District,WI,68,1011
3268,55,12540,Kickapoo Area School District,WI,175,647
8465,55,7440,Kiel Area School District,WI,63,1362
24866,55,7470,Kimberly Area School District,WI,138,4675
2339,55,7500,Kohler School District,WI,7,523
64525,55,7530,La Crosse School District,WI,828,7170
1976,55,7560,La Farge School District,WI,94,389
3691,55,4620,Lac du Flambeau No. 1 School District,WI,126,455
4952,55,7590,Ladysmith School District,WI,163,755
4510,55,13,Lake Country School District,WI,11,432
18262,55,7620,Lake Geneva Joint No. 1 School District,WI,153,1847
25407,55,7650,Lake Geneva-Genoa City Union High School District,WI,72,1237
2702,55,7680,Lake Holcombe School District,WI,59,355
10095,55,7710,Lake Mills Area School District,WI,65,1529
20033,55,9630,Lakeland Union High School District,WI,86,885
6402,55,7770,Lancaster Community School District,WI,129,1117
1521,55,7830,Laona School District,WI,28,205
2705,55,7860,Lena School District,WI,34,458
999,55,8040,Linn Joint No. 4 School District,WI,5,103
1289,55,8070,Linn Joint No. 6 School District,WI,2,105
8659,55,8160,Little Chute Area School District,WI,80,1444
9777,55,8190,Lodi School District,WI,50,1489
6921,55,8220,Lomira School District,WI,64,1146
3918,55,8250,Loyal School District,WI,164,908
3522,55,8280,Luck School District,WI,39,472
11571,55,8340,Luxemburg-Casco School District,WI,94,1932
290711,55,8520,Madison Metropolitan School District,WI,2947,31256
5083,55,8550,Manawa School District,WI,69,834
40263,55,8610,Manitowoc School District,WI,648,5857
5488,55,4770,Maple Dale-Indian Hill School District,WI,25,582
8277,55,8640,Maple School District,WI,102,1316
4572,55,8670,Marathon City School District,WI,40,846
15741,55,8700,Marinette School District,WI,350,2273
4034,55,8730,Marion School District,WI,116,647
6599,55,8760,Markesan School District,WI,194,1216
6026,55,8790,Marshall School District,WI,68,1003
27575,55,8820,Marshfield School District,WI,409,4247
10004,55,8850,Mauston School District,WI,157,1469
7914,55,8880,Mayville School District,WI,89,1180
13275,55,8910,McFarland School District,WI,67,2482
13536,55,8940,Medford Area School District,WI,231,2273
1830,55,8970,Mellen School District,WI,40,273
4570,55,9000,Melrose-Mindoro School District,WI,109,831
25328,55,9030,Menasha School District,WI,519,3686
4556,55,9070,Menominee Indian School District,WI,374,1069
31199,55,9060,Menomonee Falls School District,WI,139,4428
28396,55,9090,Menomonie Area School District,WI,349,3572
29194,55,9130,Mequon-Thiensville School District,WI,115,4555
1675,55,9150,Mercer School District,WI,23,159
19496,55,9210,Merrill Area School District,WI,271,2656
6943,55,9360,Merton Community School District,WI,18,888
45642,55,9510,Middleton-Cross Plains School District,WI,307,7869
20215,55,9570,Milton School District,WI,151,3550
568160,55,9600,Milwaukee School District,WI,29363,102826
4322,55,9660,Mineral Point School District,WI,40,690
7581,55,9690,Minocqua Joint No. 1 School District,WI,44,564
6149,55,9750,Mishicot School District,WI,46,973
5903,55,9780,Mondovi School District,WI,119,980
19713,55,9810,Monona Grove School District,WI,143,3322
15456,55,9840,Monroe School District,WI,255,2321
6644,55,9870,Montello School District,WI,137,939
2554,55,9900,Monticello School District,WI,29,394
13216,55,9960,Mosinee School District,WI,110,2177
13678,55,9990,Mount Horeb Area School District,WI,79,2509
30422,55,10060,Mukwonago School District,WI,138,5056
30533,55,10170,Muskego-Norway School District,WI,124,5027
4949,55,10230,Necedah Area School District,WI,80,759
47231,55,10320,Neenah School District,WI,578,8013
6373,55,10350,Neillsville School District,WI,153,1083
9110,55,10380,Nekoosa School District,WI,182,1222
1975,55,10440,New Auburn School District,WI,52,331
37551,55,10470,New Berlin School District,WI,154,5368
4931,55,10500,New Glarus School District,WI,30,872
9245,55,10530,New Holstein School District,WI,106,1381
5192,55,10560,New Lisbon School District,WI,65,633
16033,55,10590,New London School District,WI,195,2585
20710,55,10620,New Richmond School District,WI,218,3718
2482,55,10680,Niagara School District,WI,43,379
25966,55,5490,Nicolet Union High School District,WI,58,1386
36,55,10710,Norris School District,WI,0,14
1927,55,12510,North Cape School District,WI,11,220
3108,55,4980,North Crawford School District,WI,86,499
8824,55,10740,North Fond du Lac School District,WI,104,1381
2769,55,9300,North Lake School District,WI,6,280
3162,55,1530,North Lakeland School District,WI,20,162
5788,55,4890,Northern Ozaukee School District,WI,43,854
12677,55,3860,Northland Pines School District,WI,202,1449
3351,55,9720,Northwood School District,WI,53,342
4398,55,10770,Norwalk-Ontario-Wilton School District,WI,190,998
843,55,10800,Norway Joint No. 7 School District,WI,6,90
40710,55,10830,Oak Creek-Franklin School District,WI,586,6619
3243,55,10860,Oakfield School District,WI,29,583
38247,55,10890,Oconomowoc Area School District,WI,183,5887
11476,55,10950,Oconto Falls School District,WI,129,1770
7690,55,10920,Oconto School District,WI,168,1100
8234,55,10980,Omro School District,WI,81,1443
18178,55,11010,Onalaska School District,WI,200,2905
6244,55,11070,Oostburg School District,WI,37,1109
24787,55,11100,Oregon School District,WI,112,4188
9843,55,11160,Osceola School District,WI,91,1584
80845,55,11190,Oshkosh Area School District,WI,1404,10867
5963,55,11220,Osseo-Fairchild School District,WI,171,1121
4592,55,11310,Owen-Withee School District,WI,135,994
7707,55,11350,Palmyra-Eagle Area School District,WI,48,1072
6778,55,11370,Pardeeville Area School District,WI,88,1008
1664,55,11400,Paris Joint No. 1 School District,WI,5,163
6100,55,11130,Parkview School District,WI,68,970
2882,55,1310,Pecatonica Area School District,WI,48,468
2050,55,11580,Pepin Area School District,WI,21,242
6352,55,11610,Peshtigo School District,WI,108,1018
19196,55,11640,Pewaukee School District,WI,97,2799
1285,55,11710,Phelps School District,WI,18,132
6061,55,11730,Phillips School District,WI,121,815
3686,55,11790,Pittsville School District,WI,51,586
15728,55,11850,Platteville School District,WI,269,1876
1793,55,11880,Plum City School District,WI,26,257
17415,55,11940,Plymouth School District,WI,157,2484
3703,55,11970,Port Edwards School District,WI,74,714
18245,55,12000,Port Washington-Saukville School District,WI,152,2638
17260,55,12060,Portage Community School District,WI,197,2387
2187,55,12090,Potosi School District,WI,33,333
6737,55,12120,Poynette School District,WI,45,1005
1953,55,12180,Prairie Farm School District,WI,32,350
8009,55,12150,Prairie du Chien Area School District,WI,122,1026
2916,55,12210,Prentice School District,WI,75,421
8442,55,12240,Prescott School District,WI,45,1434
3238,55,12300,Princeton School District,WI,76,448
24112,55,12330,Pulaski Community School District,WI,205,4476
140853,55,12360,Racine School District,WI,4828,23706
5670,55,12390,Randall Joint No. 1 School District,WI,29,587
3230,55,12420,Randolph School District,WI,34,551
6103,55,12450,Random Lake School District,WI,51,903
3405,55,12480,Raymond No. 14 School District,WI,19,354
17944,55,12660,Reedsburg School District,WI,305,3079
4742,55,12690,Reedsville School District,WI,68,809
21261,55,12720,Rhinelander School District,WI,310,2817
3278,55,12780,Rib Lake School District,WI,52,520
16476,55,12810,Rice Lake Area School District,WI,301,2449
10579,55,12960,Richland School District,WI,250,1639
3060,55,8130,Richmond School District,WI,4,447
2996,55,12990,Rio Community School District,WI,22,448
10801,55,13020,Ripon Area School District,WI,141,1665
25549,55,13050,River Falls School District,WI,145,3644
3505,55,17,River Ridge School District,WI,80,587
9523,55,14250,River Valley School District,WI,101,1406
4834,55,10140,Riverdale School District,WI,105,735
5481,55,13100,Rosendale-Brandon School District,WI,32,918
3996,55,13140,Rosholt School District,WI,38,634
3803,55,4380,Royall School District,WI,107,633
9460,55,13350,Salem School District,WI,60,1004
16744,55,13410,Sauk Prairie School District,WI,140,2742
1639,55,13470,Seneca School District,WI,43,218
5381,55,13500,Sevastopol School District,WI,48,603
13146,55,13530,Seymour Community School District,WI,188,2295
1967,55,13560,Sharon Joint No. 11 School District,WI,19,243
17393,55,13620,Shawano School District,WI,350,2538
62891,55,13650,Sheboygan Area School District,WI,1130,10381
11952,55,13680,Sheboygan Falls School District,WI,108,1720
3787,55,13710,Shell Lake School District,WI,95,595
4349,55,13770,Shiocton School District,WI,43,760
13641,55,13800,Shorewood School District,WI,86,2085
2121,55,13830,Shullsburg School District,WI,71,380
3990,55,13860,Silver Lake Joint No. 1 School District,WI,29,408
3391,55,13890,Siren School District,WI,45,422
16867,55,13950,Slinger School District,WI,104,2858
2279,55,13980,Solon Springs School District,WI,34,319
8966,55,14010,Somerset School District,WI,77,1599
20469,55,14040,South Milwaukee School District,WI,422,3245
2041,55,12030,South Shore School District,WI,27,226
8268,55,14130,Southern Door County School District,WI,79,1142
3981,55,6300,Southwestern Wisconsin School District,WI,28,660
18433,55,14160,Sparta Area School District,WI,367,3380
4439,55,14190,Spencer School District,WI,50,828
10975,55,14220,Spooner Area School District,WI,198,1442
4391,55,14340,Spring Valley School District,WI,45,736
8759,55,6060,St. Croix Central School District,WI,63,1578
7460,55,13230,St. Croix Falls School District,WI,85,1072
9017,55,13260,St. Francis School District,WI,88,909
7919,55,14430,Stanley-Boyd Area School District,WI,127,1233
58217,55,14490,Stevens Point Area School District,WI,689,7819
1789,55,14520,Stockbridge School District,WI,7,236
2777,55,9390,Stone Bank School District,WI,11,277
22181,55,14550,Stoughton Area School District,WI,194,3440
5145,55,14580,Stratford School District,WI,56,960
9164,55,14610,Sturgeon Bay School District,WI,114,1117
50796,55,14640,Sun Prairie Area School District,WI,513,8755
33532,55,14670,Superior School District,WI,628,4553
4293,55,14700,Suring School District,WI,69,441
3277,55,9240,Swallow School District,WI,7,560
4698,55,14820,Thorp School District,WI,148,1111
4634,55,14850,Three Lakes School District,WI,37,529
1886,55,14880,Tigerton School District,WI,59,282
20490,55,14910,Tomah Area School District,WI,438,3666
10309,55,14940,Tomahawk School District,WI,120,1218
5223,55,330,Tomorrow River School District,WI,44,849
3850,55,52,Trevor-Wilmot Consolidated School District,WI,19,458
4031,55,11820,Tri-County Area School District,WI,62,641
3352,55,15060,Turtle Lake School District,WI,50,472
3699,55,15090,Twin Lakes No. 4 School District,WI,30,383
12486,55,15120,Two Rivers School District,WI,208,1763
5293,55,15180,Union Grove Joint No. 1 School District,WI,57,608
13679,55,15150,Union Grove Union High School District,WI,43,764
7424,55,750,Unity School District,WI,113,1029
6830,55,15210,Valders Area School District,WI,68,1110
31029,55,15330,Verona Area School District,WI,271,5853
9114,55,15360,Viroqua Area School District,WI,212,1601
3729,55,15390,Wabeno Area School District,WI,49,362
3834,55,15450,Walworth Joint No. 1 School District,WI,38,433
4008,55,15540,Washburn School District,WI,64,519
788,55,15570,Washington Island School District,WI,8,76
1944,55,15700,Washington-Caldwell School District,WI,8,233
14296,55,15660,Waterford Joint No. 1 School District,WI,95,1644
19010,55,15600,Waterford Union High School District,WI,44,1061
5600,55,15720,Waterloo School District,WI,48,844
30020,55,15750,Watertown School District,WI,414,4491
96287,55,15780,Waukesha School District,WI,944,13228
23010,55,15810,Waunakee Community School District,WI,109,4738
15662,55,15840,Waupaca School District,WI,215,2269
19007,55,15870,Waupun School District,WI,148,2371
55592,55,15900,Wausau School District,WI,833,8668
4165,55,15930,Wausaukee School District,WI,72,402
11464,55,15960,Wautoma Area School District,WI,263,1455
47627,55,15990,Wauwatosa School District,WI,304,7275
1437,55,16020,Wauzeka-Steuben School District,WI,30,237
6363,55,16230,Webster School District,WI,100,614
66438,55,16260,West Allis School District,WI,1409,9498
53001,55,16290,West Bend School District,WI,481,7784
25555,55,16320,West De Pere School District,WI,179,4044
10386,55,16350,West Salem School District,WI,98,1914
8070,55,16410,Westby Area School District,WI,249,1554
9342,55,16440,Westfield School District,WI,185,1279
2489,55,16470,Weston School District,WI,80,486
20752,55,13290,Westosha Central High School District,WI,44,1141
6936,55,16500,Weyauwega-Fremont School District,WI,68,962
4158,55,16560,Wheatland Joint No. 1 School District,WI,28,419
1517,55,16590,White Lake School District,WI,35,187
14719,55,16620,Whitefish Bay School District,WI,65,3381
4979,55,16650,Whitehall School District,WI,106,914
20452,55,16680,Whitewater School District,WI,192,2016
17939,55,6000,Whitnall School District,WI,167,2607
5138,55,16710,Wild Rose School District,WI,60,614
3986,55,16740,Williams Bay School District,WI,21,586
18924,55,16770,Wilmot Union High School District,WI,46,1018
10007,55,16830,Winneconne Community School District,WI,68,1614
3268,55,16860,Winter School District,WI,68,371
13578,55,17040,Wisconsin Dells School District,WI,201,1752
6564,55,1230,Wisconsin Heights School District,WI,38,980
35113,55,17070,Wisconsin Rapids School District,WI,762,5486
7562,55,17100,Wittenberg-Birnamwood School District,WI,120,1212
3083,55,17130,Wonewoc-Union Center School District,WI,73,526
5598,55,17160,Woodruff Joint No. 1 School District,WI,36,449
7702,55,17190,Wrightstown Community School District,WI,53,1510
2977,55,17220,Yorkville Joint No. 2 School District,WI,22,354
39288,56,730,Albany County School District 1,WY,373,4293
3428,56,1420,Big Horn County School District 1,WY,87,768
3608,56,1460,Big Horn County School District 2,WY,88,688
2895,56,3170,Big Horn County School District 3,WY,49,454
2294,56,1090,Big Horn County School District 4,WY,43,319
47946,56,1470,Campbell County School District 1,WY,645,9415
9790,56,1030,Carbon County School District 1,WY,156,1659
4526,56,1700,Carbon County School District 2,WY,79,645
9743,56,2140,Converse County School District 1,WY,187,1801
4023,56,2150,Converse County School District 2,WY,47,702
7775,56,2370,Crook County School District 1,WY,136,1449
11554,56,2870,Fremont County School District 1,WY,121,1929
2185,56,4450,Fremont County School District 14,WY,82,549
1879,56,2670,Fremont County School District 2,WY,55,198
2018,56,2820,Fremont County School District 21,WY,138,514
1442,56,5700,Fremont County School District 24,WY,37,267
16966,56,5220,Fremont County School District 25,WY,357,3037
1577,56,960,Fremont County School District 38,WY,62,369
2100,56,2830,Fremont County School District 6,WY,76,384
12536,56,2990,Goshen County School District 1,WY,217,1869
4625,56,3310,Hot Springs County School District 1,WY,87,726
8803,56,3770,Johnson County School District 1,WY,90,1283
95622,56,1980,Laramie County School District 1,WY,1304,15316
6161,56,4120,Laramie County School District 2,WY,60,1101
3614,56,4030,Lincoln County School District 1,WY,33,627
16769,56,4060,Lincoln County School District 2,WY,215,3158
80410,56,4510,Natrona County School District 1,WY,1404,14006
2352,56,4230,Niobrara County School District 1,WY,59,308
12870,56,5160,Park County School District 1,WY,237,2046
789,56,4380,Park County School District 16,WY,12,101
16954,56,2070,Park County School District 6,WY,197,2547
7093,56,5090,Platte County School District 1,WY,121,1052
1467,56,3180,Platte County School District 2,WY,34,221
5603,56,5690,Sheridan County School District 1,WY,50,937
26968,56,5695,Sheridan County School District 2,WY,345,4131
407,56,5680,Sheridan County School District 3,WY,5,68
6805,56,4860,Sublette County School District 1,WY,58,1101
2777,56,1260,Sublette County School District 9,WY,37,488
28791,56,5302,Sweetwater County School District 1,WY,471,5154
12416,56,5762,Sweetwater County School District 2,WY,140,2412
23272,56,5830,Teton County School District 1,WY,98,2829
14064,56,2760,Uinta County School District 1,WY,309,2680
3219,56,4500,Uinta County School District 4,WY,37,719
3338,56,4260,Uinta County School District 6,WY,28,739
6922,56,6240,Washakie County School District 1,WY,111,1087
740,56,5820,Washakie County School District 2,WY,10,85
5498,56,4830,Weston County School District 1,WY,82,770
1368,56,6090,Weston County School District 7,WY,23,207
3203295,72,30,Puerto Rico,PR,192971,386483
