ceeb,org_name,sc_instnm,state,region,urbanicity,latitude,longitude,sc_control,sc_preddeg,iclevel,carnegie_basic,sc_ugds,sc_tuition_in,net_price,sc_pct_pell,sc_adm_rate,sc_sat_avg,sc_completion_150_4yr,cluster,cluster_fine,pca_1,pca_2
005001,Abraham Baldwin Agric College,Abraham Baldwin Agricultural College,GA,South,2.0,31.481889,-83.528281,1.0,3.0,1.0,23.0,3218.0,3195.0,6061.0,0.3412,0.7716,994.0,0.2912,0.0,3.0,-1.8647942788722527,-0.4104710900650748
006001,Abilene Christian University,Abilene Christian University,TX,South,4.0,32.468943,-99.709797,2.0,3.0,1.0,17.0,3129.0,42380.0,27401.0,0.2202,0.6388,1189.0,0.6021,1.0,4.0,1.8865410751798077,0.9362050823710186
003311,Academy Educ Ctr,Academy College,MN,Midwest,4.0,44.855722,-93.299809,3.0,3.0,1.0,28.0,112.0,18252.0,31307.0,0.3243,,,1.0,1.0,2.0,1.863488378901108,-1.1786314625864598
002002,Academy of the New Church,Bryn Athyn College of the New Church,PA,Northeast,3.0,40.134393,-75.060808,2.0,3.0,1.0,21.0,273.0,27804.0,19600.0,0.4632,0.742,1174.0,0.4632,1.0,2.0,1.2147943275735318,-1.6933739580051501
004001,Adams State University,Adams State University,CO,West,2.0,37.473636,-105.879642,1.0,3.0,1.0,18.0,1239.0,9776.0,14173.0,0.3499,,,0.3165,0.0,3.0,-1.0787515024974017,-0.679786387461412
001001,Adrian College,Adrian College,MI,Midwest,2.0,41.898591,-84.061481,2.0,3.0,1.0,22.0,1635.0,40556.0,21504.0,0.3114,0.6837,1030.0,0.5595,1.0,5.0,1.3660493389098132,-0.6228103445892565
002003,Adelphi University,Adelphi University,NY,Northeast,3.0,40.721439,-73.653321,2.0,3.0,1.0,17.0,5077.0,47290.0,28348.0,0.2944,0.7751,1224.0,0.6893,1.0,4.0,1.9419141339774593,0.5859300098949122
005002,Agnes Scott College,Agnes Scott College,GA,South,3.0,33.769268,-84.295459,2.0,3.0,1.0,21.0,898.0,48150.0,24224.0,0.3613,0.6731,1296.0,0.7052,1.0,2.0,1.8569535009688583,-0.5907233512238289
001003,Alabama A&M University,Alabama A & M University,AL,South,4.0,34.783368,-86.568502,1.0,3.0,1.0,18.0,5726.0,10024.0,14559.0,0.6441,0.6622,947.0,0.2874,0.0,0.0,-1.2904586445762238,-0.21663089818031747
005790,Alamance Community College,Alamance Community College,NC,South,3.0,36.066683,-79.357657,1.0,2.0,2.0,6.0,2393.0,2528.0,14047.0,0.3074,,,,0.0,0.0,-1.2677233856806513,0.07579181812509606
001237,Alaska Bible College,Alaska Bible College,AK,West,3.0,61.598553,-149.111972,2.0,3.0,1.0,24.0,34.0,10930.0,14093.0,0.4872,,,1.0,1.0,1.0,0.6216072093567772,-2.933571027873912
004201,Alaska Pacific University,Alaska Pacific University,AK,West,4.0,61.190968,-149.804168,2.0,3.0,1.0,22.0,400.0,20760.0,18976.0,0.3442,0.8621,,0.4688,1.0,2.0,1.0265358108927072,-0.6894348555498259
001006,Alabama State University,Alabama State University,AL,South,4.0,32.364317,-86.295677,1.0,3.0,1.0,17.0,3322.0,11248.0,13889.0,0.7203,0.9564,977.0,0.3018,0.0,1.0,-1.2633178265823437,-0.7548882525844622
002013,Albany College of Pharmacy,Albany College of Pharmacy and Health Sciences,NY,Northeast,4.0,42.650371,-73.779063,2.0,3.0,1.0,26.0,509.0,40375.0,26027.0,0.2928,0.5908,1280.0,0.6882,1.0,2.0,2.0878855285780453,-0.21080980712754588
005004,Albany State University,Albany State University,GA,South,4.0,31.56928,-84.141825,1.0,3.0,1.0,19.0,5829.0,5934.0,14251.0,0.6498,,,0.2279,0.0,0.0,-1.4367345112804142,-0.25817360156791874
002005,Alfred University,Alfred University,NY,Northeast,1.0,42.254476,-77.788106,2.0,3.0,1.0,18.0,1401.0,39530.0,22701.0,0.3898,0.4833,1205.0,0.555,1.0,5.0,1.296960412509665,-1.3274078273353291
005028,Allegany College Of Maryland,Allegany College of Maryland,MD,South,2.0,39.652152,-78.730398,1.0,2.0,2.0,7.0,1743.0,4730.0,10107.0,0.3029,,,,0.0,3.0,-1.478119029466186,-0.5125776128606986
003610,Allen C,Allen College,IA,Midwest,4.0,42.530084,-92.340148,2.0,3.0,1.0,26.0,279.0,20444.0,,0.2662,,,,,,,
006305,Allen County Community College,Allen County Community College,KS,Midwest,2.0,37.938038,-95.396377,1.0,2.0,2.0,3.0,761.0,3920.0,5899.0,0.172,,,,0.0,3.0,-1.4422417373057381,-0.5331947662212156
001011,Alpena Community College,Alpena Community College,MI,Midwest,2.0,45.081647,-83.445069,1.0,2.0,1.0,14.0,715.0,5130.0,4067.0,0.2077,,,0.502,0.0,3.0,-1.5214350111121875,-0.7071171775806822
001010,Alma College,Alma College,MI,Midwest,2.0,43.38004,-84.672053,2.0,3.0,1.0,22.0,1208.0,47430.0,24663.0,0.2092,0.6566,,0.6373,1.0,5.0,1.8662726627788124,-0.3250412194806875
005006,Allen University,Allen University,SC,South,4.0,34.010348,-81.020045,2.0,3.0,1.0,21.0,635.0,14304.0,11081.0,0.7977,0.3212,,0.1323,1.0,1.0,-0.02196812767030024,-2.286453288026796
002006,Allegheny College,Allegheny College,PA,Northeast,2.0,41.64869,-80.147168,2.0,3.0,1.0,21.0,1209.0,54960.0,21900.0,0.2515,0.5853,1292.0,0.6653,1.0,5.0,1.9648251356012527,-0.41842654804901763
004002,Allan Hancock College,Allan Hancock College,CA,West,4.0,34.943716,-120.421144,1.0,2.0,2.0,2.0,7911.0,1156.0,4638.0,0.2327,,,,0.0,0.0,-1.8069377866705063,1.2763462586467826
001098,Alice Lloyd College,Alice Lloyd College,KY,South,1.0,37.335087,-82.875068,2.0,3.0,1.0,22.0,528.0,14080.0,17839.0,0.5565,0.8557,980.0,0.2636,1.0,5.0,0.1891969628860732,-2.659594074609132
000771,Alexandria Technical College,Alexandria Technical & Community College,MN,Midwest,2.0,45.873107,-95.372369,1.0,2.0,2.0,9.0,1438.0,6213.0,14150.0,0.1557,,,,0.0,3.0,-1.0193237967505675,-0.033879558529520154
001008,Alcorn State University,Alcorn State University,MS,South,1.0,31.877216,-91.142854,1.0,3.0,1.0,20.0,2290.0,8549.0,14040.0,0.7742,0.2466,1039.0,0.4615,0.0,1.0,-1.6761925079434372,-2.366163228118253
002004,Albright College,Albright College,PA,Northeast,4.0,40.361351,-75.909742,2.0,3.0,1.0,21.0,1296.0,28794.0,21664.0,0.5039,0.8615,,0.4215,1.0,2.0,1.200609480046872,-0.6271328136975706
001007,Albion College,Albion College,MI,Midwest,2.0,42.245049,-84.745639,2.0,3.0,1.0,21.0,1347.0,55746.0,16882.0,0.4526,0.8316,,0.5709,1.0,5.0,1.4968213665139132,-1.1823713638475075
003001,Albertus Magnus College,Albertus Magnus College,CT,Northeast,4.0,41.332519,-72.923848,2.0,3.0,1.0,19.0,882.0,39924.0,32681.0,0.4711,0.6437,,0.4609,1.0,2.0,2.2075272010395435,-0.4788177293952405
002431,Alvernia College,Alvernia University,PA,Northeast,4.0,40.310028,-75.936754,2.0,3.0,1.0,17.0,2042.0,42810.0,28329.0,0.337,0.6232,1160.0,0.5849,1.0,2.0,2.0341996954089177,0.36557501394064734
001012,Alverno College,Alverno College,WI,Midwest,4.0,42.982842,-87.965174,2.0,3.0,1.0,18.0,724.0,32794.0,16722.0,0.4911,0.931,,0.5051,1.0,2.0,1.1042884398426573,-0.9569163084380556
006005,Alvin Community College,Alvin Community College,TX,South,3.0,29.396244,-95.240671,1.0,2.0,2.0,9.0,3451.0,1834.0,4233.0,0.2312,,,,0.0,0.0,-1.8109101385824686,0.38503225426378057
006006,Amarillo College,Amarillo College,TX,South,4.0,35.187839,-101.846988,1.0,2.0,2.0,4.0,7347.0,2136.0,6040.0,0.4395,,,,0.0,0.0,-1.8637221656660596,0.4590294105277339
006140,Amber University,Amberton University,TX,South,3.0,32.859931,-96.65302,2.0,3.0,1.0,18.0,110.0,,,0.2276,,,,,,,
007024,American Acad Dramatic Arts West,American Academy of Dramatic Arts-Los Angeles,CA,West,4.0,34.095378,-118.343701,2.0,2.0,2.0,-2.0,169.0,39475.0,40991.0,0.2785,0.8968,,,1.0,2.0,2.9469555641275957,-0.4592891547030969
000774,American Academy McAllister Inst,American Academy McAllister Institute of Funeral Service,NY,Northeast,4.0,40.757105,-73.986466,2.0,2.0,2.0,12.0,282.0,20018.0,21682.0,0.3665,,,,1.0,2.0,1.2803094375421427,-0.9502653872466104
001013,American Academy Of Art,American Academy of Art College,IL,Midwest,4.0,41.87742,-87.624788,3.0,3.0,1.0,30.0,90.0,39510.0,34298.0,0.6306,,,0.45,1.0,2.0,2.45966387809034,-2.1871864831474594
002603,American Academy Of Dramatics,American Academy of Dramatic Arts-New York,NY,Northeast,4.0,40.745545,-73.984843,2.0,2.0,2.0,12.0,225.0,39475.0,54625.0,0.2249,0.8135,,,1.0,4.0,3.766113774124163,0.014755036038436461
003002,American International College,American International College,MA,Northeast,4.0,42.112346,-72.558338,2.0,3.0,1.0,17.0,1097.0,42970.0,25299.0,0.5004,0.969,,0.4228,1.0,2.0,1.8484868207226557,-0.556710664023001
001031,American Islamic College,American Islamic College,IL,Midwest,4.0,41.954969,-87.646898,2.0,3.0,1.0,-2.0,6.0,7650.0,,0.0,1.0,,,,,,
006000,American Public University,American Public University System,WV,South,2.0,39.287826,-77.860121,3.0,3.0,1.0,18.0,38976.0,8400.0,9104.0,0.2467,,,0.5323,0.0,0.0,-0.7595362459237688,0.8037650644300961
000020,American Samoa Cmty College,American Samoa Community College,AS,Other/Territory,1.0,-14.322636,-170.742774,1.0,2.0,1.0,14.0,884.0,5460.0,4812.0,0.6717,,,0.4774,0.0,3.0,-1.9967155841166224,-2.614561598263941
003003,Amherst College,Amherst College,MA,Northeast,4.0,42.372459,-72.518493,2.0,3.0,1.0,21.0,1907.0,67280.0,18246.0,0.216,0.0982,1494.0,0.9342,1.0,4.0,2.333397399418344,0.7746485991715986
001030,Andrews U,Andrews University,MI,Midwest,2.0,41.963859,-86.355815,2.0,3.0,1.0,17.0,1262.0,33710.0,18597.0,0.22,0.874,1177.0,0.6593,1.0,5.0,1.115802996360696,-0.512366266241447
006644,Angelo State University,Angelo State University,TX,South,4.0,31.440914,-100.465051,1.0,3.0,1.0,18.0,5515.0,8319.0,12893.0,0.2707,0.7923,1049.0,0.4073,0.0,0.0,-1.1384039357071603,1.0454556093939003
003005,Anna Maria College,Anna Maria College,MA,Northeast,1.0,42.330542,-71.91896,2.0,3.0,1.0,19.0,948.0,43064.0,29396.0,0.3424,0.8956,,0.4044,1.0,5.0,1.857380898928877,-1.2384145973180538
006024,Anoka-Ramsey Community College,Anoka-Ramsey Community College,MN,Midwest,3.0,45.172978,-93.351697,1.0,2.0,2.0,3.0,3983.0,5682.0,11471.0,0.1962,,,,0.0,0.0,-1.248803131328618,0.693410647721196
004005,Antelope Valley College,Antelope Valley Community College District,CA,West,3.0,34.676207,-118.186166,1.0,2.0,1.0,14.0,10905.0,1124.0,8263.0,0.4203,,,0.3061,0.0,0.0,-1.926932040635238,0.41640826918240187
001862,Antioch S Calif Los Angeles,Antioch University-Los Angeles,CA,West,3.0,33.988533,-118.384458,2.0,3.0,1.0,18.0,61.0,,,0.3514,,,,,,,
003071,Antioch S Calif Santa Barbara,Santa Barbara City College,CA,West,4.0,34.406788,-119.698045,1.0,2.0,2.0,1.0,10070.0,1234.0,10029.0,0.1552,,,,0.0,0.0,-1.4948945770097728,1.7429550680776116
004527,Antioch School for Adult and Experiential Learning,Antioch College,OH,Midwest,1.0,39.799806,-83.888077,2.0,3.0,1.0,21.0,127.0,37143.0,6602.0,0.748,0.8167,,0.2632,1.0,1.0,0.41065968064855124,-4.051560403994063
000971,Antonelli Inst Art Photograhy,PITC Institute,PA,Northeast,3.0,40.097592,-75.145122,3.0,2.0,2.0,-2.0,113.0,,19304.0,0.3509,,,,,,,
001017,Antioch College,Antioch College,OH,Midwest,1.0,39.799806,-83.888077,2.0,3.0,1.0,21.0,127.0,37143.0,6602.0,0.748,0.8167,,0.2632,1.0,1.0,0.41065968064855124,-4.051560403994063
005019,Anne Arundel Community College,Anne Arundel Community College,MD,South,3.0,39.049813,-76.512223,1.0,2.0,2.0,5.0,8570.0,4178.0,15929.0,0.1977,,,,0.0,0.0,-1.2319126093318282,1.1277048098773332
005009,Andrew College,Andrew College,GA,South,1.0,31.772321,-84.795021,2.0,2.0,1.0,14.0,293.0,19126.0,21934.0,0.6235,0.5115,,0.2696,1.0,5.0,0.5991124107709217,-3.096773055105621
001016,Anderson University,Anderson University,IN,Midwest,4.0,40.112768,-85.664315,2.0,3.0,1.0,20.0,1070.0,35640.0,22144.0,0.3587,0.5342,1054.0,0.4942,1.0,2.0,1.5199695577480035,-0.20553842781530887
005008,Anderson College,Anderson University,SC,South,4.0,34.5152,-82.640358,2.0,3.0,1.0,18.0,3080.0,33580.0,28183.0,0.2166,0.5281,1190.0,0.6834,1.0,4.0,1.66951576751674,0.8958524782436598
005007,American University,American University,DC,South,4.0,38.936005,-77.088875,2.0,3.0,1.0,16.0,7593.0,56543.0,41945.0,0.1273,0.4738,1392.0,0.7849,1.0,4.0,3.021258106649472,1.9910201291392047
004004,American River College,American River College,CA,West,3.0,38.65085,-121.349672,1.0,2.0,2.0,5.0,25758.0,1288.0,4628.0,0.1989,,,,0.0,0.0,-2.079907846773561,1.5708317589302265
002486,American Intercontinental University,American InterContinental University-Atlanta,GA,South,4.0,33.938779,-84.354907,3.0,2.0,1.0,19.0,670.0,13416.0,15774.0,0.833,,,0.2105,1.0,1.0,0.16652626829038167,-2.3252958426753736
002401,American Bapt C ABT,American Baptist College,TN,South,4.0,36.202623,-86.789912,2.0,3.0,1.0,22.0,48.0,12474.0,19294.0,0.6792,,,0.3333,1.0,1.0,0.8509081063132625,-3.0327122200182015
007305,Appalachian Bible College,Appalachian Bible College,WV,South,3.0,37.853335,-81.198867,2.0,3.0,1.0,24.0,168.0,18230.0,17401.0,0.4091,0.9857,1068.0,0.7561,1.0,2.0,0.8183435818242891,-1.8681063579486348
005010,Appalachian State University,Appalachian State University,NC,South,2.0,36.215536,-81.680583,1.0,3.0,1.0,18.0,19304.0,7541.0,16487.0,0.257,0.8864,1187.0,0.7311,0.0,0.0,-1.391749140728159,0.9410629713574717
002039,Arcadia University,Arcadia University,PA,Northeast,3.0,40.092606,-75.163876,2.0,3.0,1.0,18.0,1799.0,48290.0,25866.0,0.2765,0.7919,1210.0,0.6401,1.0,4.0,2.0143632023788904,0.10936458513844917
006011,Arkansas State University,Arkansas State University,AR,South,4.0,35.842388,-90.679988,1.0,3.0,1.0,16.0,7994.0,7754.0,13085.0,0.3679,0.6967,1119.0,0.551,0.0,0.0,-1.27732852304832,0.8854946499248613
000782,Arkansas State University Beebe,Arkansas State University-Beebe,AR,South,2.0,35.074176,-91.895351,1.0,2.0,2.0,4.0,1902.0,3216.0,8652.0,0.3289,,,,0.0,3.0,-1.6347069952625155,-0.5907235051513343
006010,Arkansas Tech University,Arkansas Tech University,AR,South,2.0,35.293237,-93.13562,1.0,2.0,1.0,18.0,5993.0,8508.0,12171.0,0.3375,0.9629,1050.0,0.4866,0.0,3.0,-1.473048811429351,0.027282737327912032
006039,Arlington Baptist University,Arlington Baptist University,TX,South,4.0,32.739489,-97.156024,2.0,3.0,1.0,22.0,268.0,19290.0,28599.0,0.5509,,,0.0455,1.0,1.0,1.3857620035070208,-1.569280720232727
001002,Art Academy of Cincinnati,Art Academy of Cincinnati,OH,Midwest,4.0,39.108805,-84.513913,2.0,3.0,1.0,30.0,254.0,40250.0,38041.0,0.4803,0.3314,,0.4444,1.0,2.0,2.6367396256660216,-1.0934168614393531
004009,Art Center College of Design,Art Center College of Design,CA,West,4.0,34.169031,-118.185102,2.0,3.0,1.0,20.0,2054.0,51640.0,50209.0,0.245,0.7498,,0.8261,1.0,4.0,3.4422342666004693,1.092771486810644
007301,Arkansas Baptist College,Arkansas Baptist College,AR,South,4.0,34.734751,-92.290555,2.0,3.0,1.0,23.0,373.0,8760.0,11139.0,0.4597,,,0.0798,1.0,1.0,0.15651316831786535,-1.3931308762539591
004013,Arizona Western College,Arizona Western College,AZ,West,4.0,32.689306,-114.495968,1.0,2.0,2.0,2.0,5536.0,3020.0,9582.0,0.3918,,,,0.0,0.0,-1.5535999170608032,0.6201334970483859
004007,Arizona State University,Arizona State University Campus Immersion,AZ,West,4.0,33.417721,-111.934383,1.0,3.0,1.0,15.0,64398.0,12051.0,13670.0,0.2966,0.9019,,0.6785,0.0,0.0,-1.3728837312875524,2.279743084512629
001018,Aquinas College,Aquinas College,MI,Midwest,4.0,42.96019,-85.628785,2.0,3.0,1.0,21.0,1085.0,38520.0,18902.0,0.2301,0.9314,1087.0,0.625,1.0,2.0,1.5297378122076857,0.2276889820651972
002029,Art Institute of Pittsburgh,Pittsburgh Institute of Mortuary Science Inc,PA,Northeast,4.0,40.459175,-79.930487,2.0,2.0,2.0,12.0,369.0,,,0.2518,0.4898,,,,,,
001021,Ashland University,Ashland University,OH,Midwest,2.0,40.861755,-82.321061,2.0,3.0,1.0,18.0,2250.0,28910.0,21994.0,0.276,0.8057,1119.0,0.6059,1.0,5.0,1.0203835316255716,-0.4081084954968229
003656,Asnuntuck Community Tech Coll,Connecticut State Community College,CT,Northeast,3.0,41.998409,-72.570177,1.0,2.0,2.0,8.0,32292.0,5092.0,8865.0,0.4371,,,,0.0,0.0,-1.8628922428961103,0.8835489172404568
003009,Assumption College,Assumption University,MA,Northeast,4.0,42.294226,-71.828991,2.0,3.0,1.0,19.0,1664.0,49414.0,28853.0,0.1937,0.8654,,0.7459,1.0,4.0,2.4019590656379384,0.8183014852059216
002009,Assumpton College For Sisters,Assumption College for Sisters,NJ,Northeast,3.0,40.905857,-74.490693,2.0,2.0,2.0,1.0,35.0,5773.0,,0.0,,,,,,,
000706,Athens State University,Athens State University,AL,South,2.0,34.806793,-86.964698,1.0,3.0,1.0,22.0,2407.0,,,0.4238,,,,,,,
002945,ATI  Ft. Lauderdale,Keiser University-Ft Lauderdale,FL,South,4.0,26.185869,-80.163959,2.0,2.0,1.0,17.0,17370.0,24136.0,34439.0,0.5756,0.9742,,0.5479,1.0,2.0,1.1760564095877413,0.5116076887230699
005725,Atlanta Metropolitan College,Atlanta Metropolitan State College,GA,South,4.0,33.70893,-84.404659,1.0,2.0,1.0,23.0,1348.0,3105.0,5090.0,0.5382,,,0.1429,0.0,0.0,-1.6975463253062009,-0.7317247779513665
002024,Atlantic Cape Community Coll,Atlantic Cape Community College,NJ,Northeast,1.0,39.462081,-74.680019,1.0,2.0,2.0,1.0,3860.0,4863.0,8502.0,0.4981,,,,0.0,3.0,-1.8433801802738121,-1.2009481915348368
001036,Auburn University at Montgomery,Auburn University at Montgomery,AL,South,4.0,32.36736,-86.177544,1.0,3.0,1.0,18.0,2693.0,9436.0,14596.0,0.4275,0.9263,1090.0,0.3568,0.0,0.0,-1.0228101452876772,0.1704597959700118
001025,Augustana College,Augustana College,IL,Midwest,4.0,41.502365,-90.55057,2.0,3.0,1.0,21.0,2418.0,49834.0,23127.0,0.2192,0.6765,1133.0,0.7918,1.0,4.0,1.9785446067159398,0.7914266794761833
006015,Augustana University,Augustana University,SD,Midwest,4.0,43.525148,-96.736975,2.0,3.0,1.0,19.0,1818.0,39190.0,24723.0,0.16,0.5925,1187.0,0.7563,1.0,4.0,1.8341485135700408,0.8133900565041152
006016,Austin College,Austin College,TX,South,4.0,33.646345,-96.596331,2.0,3.0,1.0,21.0,1125.0,46500.0,23451.0,0.3042,0.4666,1272.0,0.6949,1.0,2.0,1.8937910717985014,0.10786834377985298
006759,Austin Community College,Austin Community College District,TX,South,4.0,30.326304,-97.713778,1.0,2.0,1.0,14.0,25969.0,2550.0,6306.0,0.2309,,,0.18,0.0,0.0,-1.8734189906228478,1.8225893946164942
004249,Ave Maria University,Ave Maria University,FL,South,1.0,26.335983,-81.438945,2.0,3.0,1.0,21.0,1229.0,28222.0,23655.0,0.2318,0.4481,,0.5548,1.0,5.0,1.0417020333892175,-0.9301539142073845
004596,Azusa Pacific University,Azusa Pacific University,CA,West,3.0,34.130047,-117.888375,2.0,3.0,1.0,16.0,2977.0,43600.0,19798.0,0.3465,0.7948,1155.0,0.6442,1.0,2.0,1.323308165357179,0.0408705850683929
001887,Baker C Jackson,Jackson College,MI,Midwest,1.0,42.16483,-84.403942,1.0,2.0,1.0,14.0,3213.0,7040.0,7657.0,0.3442,,,0.1738,0.0,3.0,-1.7293949328406082,-0.7927218759268052
001527,Baker College Of Muskegon,Muskegon Community College,MI,Midwest,4.0,43.250329,-86.196384,1.0,2.0,2.0,5.0,2781.0,6990.0,5196.0,0.2832,,,,0.0,0.0,-1.4366083846921833,0.5395106725550557
001051,Ball State University,Ball State University,IN,Midwest,4.0,40.203431,-85.409043,1.0,3.0,1.0,16.0,13770.0,10758.0,15898.0,0.3358,0.716,1172.0,0.6327,0.0,0.0,-1.0412282910079649,1.3149276831903043
002165,Baltimore Hebrew University,University of Baltimore,MD,South,4.0,39.305834,-76.616591,1.0,3.0,1.0,18.0,1229.0,9772.0,17546.0,0.4317,0.8555,1060.0,0.4673,0.0,0.0,-0.7365958184986227,-0.18841554542963915
005209,Baptist College Florida,Baptist University of Florida,FL,South,1.0,30.962708,-85.503931,2.0,3.0,1.0,22.0,248.0,13800.0,8829.0,0.3403,0.641,1045.0,0.6923,1.0,5.0,-0.017275623433161566,-2.3962424525101444
007042,Baptist Missionary Assoc Theol Sem,Baptist Missionary Association Theological Seminary,TX,South,2.0,31.978961,-95.255524,2.0,3.0,1.0,24.0,49.0,10050.0,,0.339,0.2308,,,,,,
001050,Baldwin-Wallace College,Baldwin Wallace University,OH,Midwest,3.0,41.373017,-81.851145,2.0,3.0,1.0,18.0,2775.0,37938.0,27654.0,0.285,0.7685,1176.0,0.6861,1.0,2.0,1.6726832743243194,0.20671483619426753
004015,Bakersfield College,Bakersfield College,CA,West,4.0,35.40911,-118.973753,1.0,2.0,1.0,14.0,16451.0,1430.0,4751.0,0.2876,,,0.2263,0.0,0.0,-1.9485805522662025,1.4476196384835578
006031,Baker University,Baker University,KS,Midwest,1.0,38.778712,-95.187346,2.0,3.0,1.0,17.0,1080.0,33900.0,22500.0,0.2386,0.921,950.0,0.5938,1.0,5.0,1.220966413703932,-1.0073041587139298
005270,Baker College of Owosso,Baker College,MI,Midwest,2.0,42.984804,-84.172404,2.0,3.0,1.0,19.0,3026.0,12810.0,15171.0,0.3811,0.875,1080.0,0.3133,1.0,5.0,0.046551813489712345,-0.8283604802191179
006030,Bacone College,Bacone College,OK,South,2.0,35.777082,-95.334046,2.0,3.0,1.0,22.0,106.0,15060.0,12197.0,0.5296,,,0.0239,1.0,1.0,0.30528614123220554,-3.017310431868265
003075,Babson College,Babson College,MA,Northeast,3.0,42.297017,-71.264057,2.0,3.0,1.0,29.0,2696.0,56032.0,38876.0,0.1423,0.1974,1435.0,0.9236,1.0,4.0,2.981161905431201,1.0097431116246056
001028,Austin Peay State University,Austin Peay State University,TN,South,4.0,36.533319,-87.354081,1.0,3.0,1.0,18.0,7365.0,8675.0,14846.0,0.456,0.9595,1050.0,0.445,0.0,0.0,-1.2105050174585064,0.5650564182903892
001027,Aurora University,Aurora University,IL,Midwest,3.0,41.753631,-88.349023,2.0,3.0,1.0,17.0,4021.0,28220.0,18992.0,0.4345,0.8514,1072.0,0.5832,1.0,2.0,0.7464930324215784,-0.31774241297236394
006014,Augsburg College,Augsburg University,MN,Midwest,4.0,44.966307,-93.240436,2.0,3.0,1.0,18.0,2429.0,43942.0,23875.0,0.515,0.7653,,0.5244,1.0,2.0,1.614217687186287,-0.27478010635745637
004802,Audrey Cohen College,Metropolitan College of New York,NY,Northeast,4.0,40.708706,-74.014702,2.0,3.0,1.0,19.0,430.0,20188.0,25180.0,0.608,0.7654,,0.2474,1.0,1.0,1.2215820713355716,-1.5435426781994497
001005,Auburn University,Auburn University,AL,South,4.0,32.599378,-85.488258,1.0,3.0,1.0,15.0,25732.0,12536.0,23897.0,0.1226,0.5047,1318.0,0.7921,0.0,0.0,-0.5503333422498127,2.505126895144272
006228,Barclay College,Barclay College,KS,Midwest,1.0,37.62012,-99.105351,2.0,3.0,1.0,22.0,161.0,26590.0,28827.0,0.6513,0.5449,,0.5517,1.0,5.0,1.3180513911238685,-3.355997954157476
002037,Bard College,Bard College,NY,Northeast,1.0,42.020386,-73.909927,2.0,3.0,1.0,21.0,2280.0,63612.0,31771.0,0.2308,0.5229,1387.0,0.7271,1.0,5.0,2.549812434499591,-0.2493562550550861
003795,Bard College at Simon's Rock,Simon's Rock at Bard College,MA,Northeast,1.0,42.208803,-73.379201,2.0,2.0,1.0,23.0,237.0,66594.0,36684.0,0.2349,0.9721,,0.5417,1.0,5.0,3.249728084152244,-1.2923542259515972
002038,Barnard College,Barnard College,NY,Northeast,4.0,40.810098,-73.963346,2.0,3.0,1.0,21.0,3219.0,66246.0,39253.0,0.154,0.0796,1500.0,0.9294,1.0,4.0,3.389982729561449,1.5338645147320595
005053,Barry University,Barry University,FL,South,3.0,25.878908,-80.198925,2.0,3.0,1.0,17.0,2245.0,33450.0,22978.0,0.4571,0.5907,,0.3659,1.0,2.0,1.1336767488892536,-0.5868713394457875
004020,Barstow Community College,Barstow Community College,CA,West,2.0,34.870285,-117.023412,1.0,2.0,2.0,7.0,2585.0,1104.0,12347.0,0.4745,,,,0.0,3.0,-1.6461657797876286,-0.8360602824414965
000784,Barton County Community College,Barton County Community College,KS,Midwest,1.0,38.403529,-98.731648,1.0,2.0,2.0,3.0,2273.0,3616.0,11865.0,0.1836,,,,0.0,3.0,-1.4305516960108235,-0.3619468038448547
003076,Bates College,Bates College,ME,Northeast,4.0,44.105299,-70.203333,2.0,3.0,1.0,21.0,1753.0,63478.0,30703.0,0.1022,0.1302,1446.0,0.9059,1.0,4.0,2.9846740874180546,1.2810787820816985
000181,Bastyr University,Bastyr University,WA,West,3.0,47.729935,-122.251708,2.0,3.0,1.0,17.0,58.0,,,0.3784,,,,,,,
005016,Barton College,Barton College,NC,South,2.0,35.734376,-77.913867,2.0,3.0,1.0,22.0,1020.0,35600.0,23665.0,0.369,0.9587,,0.5152,1.0,5.0,1.3061322515596199,-1.0502604943763996
001049,Bay De Noc Community College,Bay de Noc Community College,MI,Midwest,2.0,45.772586,-87.085228,1.0,2.0,2.0,5.0,1100.0,5910.0,9766.0,0.2439,,,,0.0,3.0,-1.2884523767592087,-0.5387678215682469
006032,Baylor University,Baylor University,TX,South,4.0,31.546872,-97.121041,2.0,3.0,1.0,15.0,15007.0,54844.0,41942.0,0.1298,0.5099,1313.0,0.8016,1.0,4.0,2.862317261009896,2.3075047654475647
003611,Beacon C,Beacon College,FL,South,3.0,28.811281,-81.87415,2.0,3.0,1.0,22.0,497.0,49230.0,36576.0,0.2601,0.6037,,0.5732,1.0,4.0,2.7181549779103733,-0.34895761435603617
006055,Bee County College,Coastal Bend College,TX,South,2.0,28.435194,-97.755896,1.0,2.0,2.0,9.0,1793.0,2933.0,3886.0,0.2769,,,,0.0,3.0,-1.8485800906531475,-0.5042247903150062
000928,Bel-Rea Institute of Animal Technology,Bel-Rea Institute of Animal Technology,CO,West,3.0,39.686194,-104.876207,3.0,2.0,2.0,10.0,161.0,13819.0,24961.0,0.4067,0.5942,,,1.0,2.0,1.111972105262798,-1.7260689694631222
001055,Belhaven College,Belhaven University,MS,South,4.0,32.318415,-90.169228,2.0,3.0,1.0,17.0,1370.0,29195.0,22078.0,0.4454,0.5325,1050.0,0.5113,1.0,2.0,1.162510159870444,-0.4210796590148142
001056,Bellarmine College,Bellarmine University,KY,South,4.0,38.219279,-85.704997,2.0,3.0,1.0,17.0,2286.0,47180.0,23587.0,0.2501,0.9359,1208.0,0.6775,1.0,2.0,1.8527831118528777,0.6541395930808186
004029,Bellevue College,Bellevue College,WA,West,4.0,47.584014,-122.150118,1.0,2.0,1.0,23.0,6901.0,4305.0,11289.0,0.0977,,,0.335,0.0,0.0,-1.2326829403400328,1.7958170718328268
003499,Bellingham Tech C,Bellingham Technical College,WA,West,4.0,48.766189,-122.51216,1.0,2.0,1.0,14.0,1523.0,4226.0,4971.0,0.3113,,,0.4545,0.0,0.0,-1.5012989675226787,0.211084747417821
005055,Belmont Abbey College,Belmont Abbey College,NC,South,3.0,35.260651,-81.041315,2.0,3.0,1.0,22.0,1454.0,19500.0,23613.0,0.2542,0.9038,1082.0,0.4637,1.0,2.0,0.9721609843078369,-0.16690643765846205
001072,Belmont Tech College,Belmont College,OH,Midwest,1.0,40.07695,-80.964901,1.0,2.0,2.0,8.0,484.0,4815.0,5919.0,0.3098,,,,0.0,3.0,-1.5685680503195643,-1.6428738774142047
001046,Bellin College of Nursing,Bellin College,WI,Midwest,3.0,44.468277,-87.921722,2.0,3.0,1.0,26.0,338.0,28211.0,27313.0,0.1332,1.0,,0.7429,1.0,2.0,1.8059558253924441,-0.36311679287765414
006053,Bellevue University,Bellevue University,NE,Midwest,3.0,41.150225,-95.91764,2.0,3.0,1.0,18.0,10426.0,8886.0,28345.0,0.2891,,,0.5588,1.0,2.0,0.629198754583985,0.669896822007247
001058,Belmont University,Belmont University,TN,South,4.0,36.135589,-86.794807,2.0,3.0,1.0,17.0,7306.0,41320.0,32096.0,0.1852,0.9636,1301.0,0.717,1.0,4.0,2.000421113000894,1.5356586881459542
001059,Beloit College,Beloit College,WI,Midwest,4.0,42.504022,-89.029285,2.0,3.0,1.0,21.0,898.0,58554.0,21924.0,0.2946,0.5736,1318.0,0.6718,1.0,2.0,2.2719657091345242,0.07652806362515426
006676,Bemidji State University,Bemidji State University,MN,Midwest,2.0,47.482341,-94.874119,1.0,3.0,1.0,20.0,3120.0,10164.0,17050.0,0.2628,0.7066,1090.0,0.534,0.0,3.0,-0.9484593715768195,0.0362246661060491
005056,Benedict College,Benedict College,SC,South,4.0,34.012941,-81.020403,2.0,3.0,1.0,22.0,1573.0,18000.0,17781.0,0.6348,0.673,910.0,0.2115,1.0,1.0,0.4306079373044004,-1.1500882986999144
006056,Benedictine College,Benedictine College,KS,Midwest,2.0,39.573079,-95.113858,2.0,3.0,1.0,22.0,2236.0,34800.0,27477.0,0.1621,0.7645,1244.0,0.6507,1.0,5.0,1.578073748466866,0.10275681636006236
001707,Benedictine University,Benedictine University,IL,Midwest,3.0,41.777569,-88.097307,2.0,3.0,1.0,18.0,1817.0,34290.0,23529.0,0.3918,0.7722,,0.5095,1.0,2.0,1.3269550746253942,-0.4581211787807172
005058,Bennett College,Bennett College,NC,South,4.0,36.067531,-79.77998,2.0,3.0,1.0,21.0,191.0,19140.0,22858.0,0.75,0.3361,890.0,0.2063,1.0,1.0,0.9745522170347793,-2.5165512583558347
003080,Bennington College,Bennington College,VT,Northeast,2.0,42.919547,-73.237799,2.0,3.0,1.0,21.0,759.0,64644.0,31918.0,0.2124,0.4804,1358.0,0.6667,1.0,4.0,2.8923915379866783,-0.3106547386316817
003096,Bentley University,Bentley University,MA,Northeast,4.0,42.385995,-71.222839,2.0,3.0,1.0,18.0,4288.0,58150.0,38787.0,0.1508,0.4844,1340.0,0.8821,1.0,4.0,3.0801312057779366,1.6286360262873194
001060,Berea College,Berea College,KY,South,2.0,37.57202,-84.292893,2.0,3.0,1.0,21.0,1472.0,49326.0,4483.0,0.8101,0.3271,1248.0,0.6204,1.0,1.0,0.29870803937297347,-2.598951660989809
002032,Bergen Community College,Bergen Community College,NJ,Northeast,3.0,40.951782,-74.088804,1.0,2.0,2.0,1.0,10597.0,4757.0,9376.0,0.3429,,,,0.0,0.0,-1.6002346806687764,0.6702709917094283
007711,Berkeley City College,Berkeley City College,CA,West,4.0,37.869769,-122.269877,1.0,2.0,2.0,3.0,4541.0,1148.0,8957.0,0.1258,,,,0.0,0.0,-1.4083744284020476,1.4382161954023183
000954,Berkeley College New York City,Berkeley College-New York,NY,Northeast,4.0,40.753986,-73.979458,3.0,3.0,1.0,22.0,1514.0,28600.0,25133.0,0.5352,,,0.4025,1.0,2.0,1.3318253069797594,-0.61410849261147
003107,Berklee College of Music,Berklee College of Music,MA,Northeast,4.0,42.346646,-71.089405,2.0,3.0,1.0,18.0,7510.0,50270.0,50404.0,0.1536,0.4991,,0.6635,1.0,4.0,3.374647648594972,2.0051022946795745
006774,Berklee Online,Berklee College of Music,MA,Northeast,4.0,42.346646,-71.089405,2.0,3.0,1.0,18.0,7510.0,50270.0,50404.0,0.1536,0.4991,,0.6635,1.0,4.0,3.374647648594972,2.0051022946795745
003102,Berkshire Community College,Berkshire Community College,MA,Northeast,1.0,42.45975,-73.314704,1.0,2.0,2.0,4.0,1100.0,5612.0,8177.0,0.3607,,,,0.0,3.0,-1.5378651648085393,-1.336110778490202
005059,Berry College,Berry College,GA,South,3.0,34.290414,-85.189202,2.0,3.0,1.0,20.0,2213.0,40416.0,21568.0,0.2434,0.6185,1223.0,0.7391,1.0,2.0,1.4334579106175165,0.18321102820784133
000731,Beth Hamedrash Shaarei Yosher Institute,Beth Hamedrash Shaarei Yosher Institute,NY,Northeast,4.0,40.635444,-73.981202,2.0,2.0,1.0,-2.0,83.0,12000.0,4596.0,0.7703,0.9032,,0.35,1.0,1.0,0.006886073280676696,-3.25737657764485
002166,Beth Medrash Govoha,Beth Medrash Govoha,NJ,Northeast,4.0,40.095672,-74.221328,2.0,3.0,1.0,24.0,3532.0,,,0.7274,,,,,,,
006035,Bethany Lutheran College,Bethany Lutheran College,MN,Midwest,4.0,44.166649,-93.990805,2.0,3.0,1.0,21.0,682.0,30010.0,17680.0,0.221,0.5096,1144.0,0.5956,1.0,2.0,1.2882888132153112,-0.040108005773201776
005060,Bethany College,Bethany College,WV,South,1.0,40.205819,-80.560056,2.0,3.0,1.0,21.0,642.0,34816.0,15306.0,0.4097,0.6049,,0.4625,1.0,5.0,0.7582407538283145,-1.9494537080206547
006034,Bethany College,Bethany College,KS,Midwest,1.0,38.580598,-97.67367,2.0,3.0,1.0,22.0,583.0,31946.0,29203.0,0.4328,0.786,,0.2867,1.0,5.0,1.4669919370850872,-1.9148540888522383
006037,Bethel College,Bethel College-North Newton,KS,Midwest,2.0,38.075169,-97.343256,2.0,3.0,1.0,22.0,499.0,34002.0,24392.0,0.3879,0.957,,0.4309,1.0,5.0,1.4492270709739943,-1.4789548605414062
005082,Beulah Heights Bible College,Beulah Heights University,GA,South,4.0,33.736993,-84.35768,2.0,3.0,1.0,21.0,158.0,8492.0,5970.0,0.2238,,,0.1667,1.0,2.0,0.18637691069076992,-1.057695354410601
004024,Big Bend Community College,Big Bend Community College,WA,West,2.0,47.183651,-119.325678,1.0,2.0,1.0,5.0,1281.0,4909.0,10875.0,0.2944,,,0.3667,0.0,3.0,-1.3634335134144415,-0.5443838395159695
004017,Biola University,Biola University,CA,West,3.0,33.906203,-118.014374,2.0,3.0,1.0,17.0,3390.0,46704.0,28101.0,0.2601,0.6008,1258.0,0.6881,1.0,4.0,1.9057193903775935,0.543202306068869
001064,Birmingham Southern College,Birmingham-Southern College,AL,South,4.0,33.513774,-86.850552,2.0,3.0,1.0,21.0,713.0,22750.0,23351.0,0.2256,0.5194,1197.0,0.6418,1.0,2.0,1.3070769007269007,0.007228307631562381
006041,Bismarck State College,Bismarck State College,ND,Midwest,4.0,46.821459,-100.816534,1.0,2.0,1.0,14.0,2629.0,5195.0,10725.0,0.1403,,,0.4803,0.0,0.0,-1.0769985708315721,1.0795339812868268
006042,Black Hills State University,Black Hills State University,SD,Midwest,2.0,44.494889,-103.870966,1.0,3.0,1.0,20.0,1935.0,9000.0,17001.0,0.1849,0.9443,1050.0,0.3858,0.0,3.0,-0.8520313247276912,0.06672784876100998
001065,Blackburn College,Blackburn College,IL,Midwest,2.0,39.287896,-89.870241,2.0,3.0,1.0,22.0,341.0,26758.0,21814.0,0.544,0.8014,,0.5241,1.0,5.0,1.033649980387453,-2.29746017995011
000379,Blackfeet Community College,Blackfeet Community College,MT,West,1.0,48.551927,-113.009387,2.0,2.0,1.0,33.0,240.0,3610.0,6319.0,0.7982,,,0.0769,0.0,1.0,-0.7890051876729188,-4.0452218604658885
003082,Bladen CC,Bladen Community College,NC,South,1.0,34.644691,-78.731119,1.0,2.0,2.0,9.0,880.0,2558.0,7858.0,0.6708,,,,0.0,3.0,-1.9580818030978207,-2.59702691741938
006043,Blinn College,Blinn College District,TX,South,2.0,30.160457,-96.40852,1.0,2.0,2.0,1.0,16156.0,4580.0,17225.0,0.1987,,,,0.0,3.0,-1.3688039900232034,1.0497667404045676
002044,Bloomfield College,Bloomfield College of Montclair State University,NJ,Northeast,3.0,40.795105,-74.194309,2.0,3.0,1.0,21.0,901.0,30680.0,18778.0,0.6892,0.6723,,0.3105,1.0,1.0,0.8986866073212971,-1.8940131804872198
001066,Blue Mountain College,Blue Mountain Christian University,MS,South,1.0,34.67209,-89.02924,2.0,3.0,1.0,22.0,536.0,19280.0,18062.0,0.2623,1.0,1047.0,0.512,1.0,5.0,0.5803347030296006,-1.5804055087568534
004025,Blue Mountain Community Coll,Blue Mountain Community College,OR,West,2.0,45.677313,-118.816944,1.0,2.0,2.0,3.0,977.0,6941.0,12133.0,0.3716,,,,0.0,3.0,-1.252438662517297,-0.9194330648984325
005064,Bluefield State College,Bluefield State University,WV,South,2.0,37.265732,-81.239037,1.0,3.0,1.0,22.0,1231.0,10240.0,12529.0,0.4075,0.8722,998.0,0.3456,0.0,3.0,-1.2097111534112115,-0.9838427791172601
005065,Bob Jones University,Bob Jones University,SC,South,4.0,34.874016,-82.365838,2.0,3.0,1.0,20.0,2209.0,23400.0,17529.0,0.2923,,,0.6961,1.0,2.0,0.7889996910096324,0.25390390274371816
004018,Boise State University,Boise State University,ID,West,4.0,43.604284,-116.203301,1.0,3.0,1.0,16.0,17081.0,8782.0,19182.0,0.1794,0.8396,,0.6187,0.0,0.0,-0.880543756180727,2.092584777488567
005576,Bon Secours Memorial Sch Nrsng,Bon Secours Memorial College of Nursing,VA,South,3.0,37.646698,-77.433569,2.0,3.0,1.0,26.0,527.0,,,0.2058,,,,,,,
000891,Boise Bible College,Boise Bible College,ID,West,3.0,43.658651,-116.291321,2.0,3.0,1.0,24.0,103.0,11240.0,16884.0,0.4688,0.9643,1080.0,0.4815,1.0,1.0,0.624714139562978,-2.2910171218471707
002901,Boricua College,Boricua College,NY,Northeast,4.0,40.833434,-73.9458,2.0,3.0,1.0,22.0,401.0,12525.0,14187.0,0.8517,,,0.7063,1.0,1.0,0.22883929874146147,-2.635938927267316
003083,Boston College,Boston College,MA,Northeast,4.0,42.336213,-71.169242,2.0,3.0,1.0,15.0,9865.0,67680.0,39866.0,0.1273,0.1565,1501.0,0.9099,1.0,4.0,3.3121356817337424,2.1979260061818637
003084,Boston Conservatory,The New England Conservatory of Music,MA,Northeast,4.0,42.340946,-71.08629,2.0,3.0,1.0,30.0,371.0,58550.0,42556.0,0.0752,0.4275,,0.7778,1.0,4.0,3.7313607858673348,0.742805809417985
003087,Boston University,Boston University,MA,Northeast,4.0,42.351118,-71.107942,2.0,3.0,1.0,15.0,17850.0,65168.0,26996.0,0.1797,0.1085,1473.0,0.8997,1.0,4.0,2.4173867872002024,2.112818838107603
003089,Bowdoin College,Bowdoin College,ME,Northeast,2.0,43.907134,-69.963942,2.0,3.0,1.0,21.0,1846.0,64910.0,20786.0,0.1614,0.0802,1514.0,0.956,1.0,5.0,2.207175212766922,0.15541516276963646
005401,Bowie State University,Bowie State University,MD,South,3.0,39.018185,-76.759721,1.0,3.0,1.0,18.0,5207.0,8999.0,19335.0,0.439,0.8354,935.0,0.3814,0.0,0.0,-1.0130404674056044,0.11007461082778318
001069,Bowling Green State University,Bowling Green State University-Main Campus,OH,Midwest,2.0,41.375513,-83.640896,1.0,3.0,1.0,16.0,12255.0,14081.0,20918.0,0.227,0.8061,1118.0,0.6277,0.0,3.0,-0.8096568720314513,0.9153981660197467
000749,Bowling Green State Univ: Firelands Col,Bowling Green State University-Firelands,OH,Midwest,1.0,41.397566,-82.594266,1.0,2.0,1.0,5.0,1134.0,6206.0,17791.0,0.2618,,,0.1016,0.0,3.0,-0.9884442026570168,-0.882008564635702
001070,Bradley University,Bradley University,IL,Midwest,4.0,40.696896,-89.616786,2.0,3.0,1.0,17.0,3865.0,39680.0,23572.0,0.2942,0.7666,1237.0,0.7214,1.0,2.0,1.5673071909739498,0.7002752207060173
005066,Brenau University,Brenau University,GA,South,4.0,34.303117,-83.821513,2.0,3.0,1.0,17.0,981.0,33275.0,20786.0,0.4671,0.8696,1087.0,0.3536,1.0,2.0,1.2511681222816569,-0.6539534848536439
005068,Brewton-Parker College,Brewton-Parker Christian University,GA,South,1.0,32.185718,-82.586136,2.0,3.0,1.0,22.0,684.0,21696.0,21983.0,0.461,0.8635,,0.2349,1.0,5.0,0.671933051388484,-2.090357910229127
006046,Briar Cliff College,Briar Cliff University,IA,Midwest,4.0,42.526443,-96.428444,2.0,3.0,1.0,17.0,626.0,35534.0,21590.0,0.295,,,0.4937,1.0,2.0,1.6192857456840386,-0.2537981446389426
005067,Brevard College,Brevard College,NC,South,2.0,35.236763,-82.729494,2.0,3.0,1.0,22.0,760.0,31250.0,21376.0,0.3769,0.395,1064.0,0.3902,1.0,5.0,1.0930769089369048,-1.2823041585141461
003092,Brandeis University,Brandeis University,MA,Northeast,4.0,42.365727,-71.260155,2.0,3.0,1.0,15.0,3663.0,64946.0,33885.0,0.144,0.3531,1473.0,0.8611,1.0,4.0,3.0520123834598816,1.5505983868736974
005786,Bridgevalley Cmnty/Tech Col,BridgeValley Community & Technical College,WV,South,3.0,38.353846,-81.6983,1.0,2.0,2.0,7.0,1734.0,5282.0,4992.0,0.4168,,,,0.0,3.0,-1.7023246437169088,-0.5753563895393098
005069,Bridgewater College,Bridgewater College,VA,South,3.0,38.378484,-78.969007,2.0,3.0,1.0,21.0,1388.0,41350.0,20173.0,0.2939,0.9081,1225.0,0.4944,1.0,2.0,1.4207600997271692,-0.2378699342152343
003517,Bridgewater State College,Bridgewater State University,MA,Northeast,3.0,41.98749,-70.974553,1.0,3.0,1.0,18.0,7899.0,11389.0,17970.0,0.3031,0.8919,1127.0,0.5461,0.0,0.0,-0.8663250428067767,0.8259723687496117
004657,Brigham Young Univ,Brigham Young University-Idaho,ID,West,2.0,43.818408,-111.782431,2.0,3.0,1.0,22.0,42090.0,4656.0,7131.0,0.2487,0.9695,1123.0,0.5508,0.0,0.0,-0.9766969941251674,0.8620637909139204
004019,Brigham Young University,Brigham Young University,UT,West,4.0,40.250851,-111.649281,2.0,3.0,1.0,16.0,32221.0,6496.0,14487.0,0.3229,0.6919,1376.0,0.8221,0.0,0.0,-0.3065387640569462,1.3973536459327245
004106,Brigham Young University-Hawaii,Brigham Young University-Hawaii,HI,West,2.0,21.642074,-157.926586,2.0,3.0,1.0,22.0,2812.0,6438.0,13884.0,0.2969,0.3787,1104.0,0.5439,0.0,3.0,-0.17911703089871805,-0.5382836761301996
005342,Brightpoint Community College,Brightpoint Community College,VA,South,3.0,37.346254,-77.407919,1.0,2.0,2.0,3.0,5548.0,4938.0,5583.0,0.2138,,,,0.0,0.0,-1.7061742921195784,0.7188468500283068
003110,Bristol Community College,Bristol Community College,MA,Northeast,3.0,41.721994,-71.119133,1.0,2.0,2.0,1.0,5073.0,5412.0,6235.0,0.4335,,,,0.0,0.0,-1.703233829470425,-0.051173801026400116
002051,Bronx Community College-Cuny,CUNY Bronx Community College,NY,Northeast,4.0,40.858112,-73.912043,1.0,2.0,2.0,1.0,5766.0,5206.0,4342.0,0.5748,,,,0.0,0.0,-1.8198923086332701,-0.10512842078788527
002181,Brookdale Community College,Brookdale Community College,NJ,Northeast,3.0,40.324906,-74.132746,1.0,2.0,2.0,4.0,7898.0,5921.0,8882.0,0.2339,,,,0.0,0.0,-1.4624213987290353,0.9095323131770632
002048,Broome Community College,SUNY Broome Community College,NY,Northeast,3.0,42.135872,-75.908065,1.0,2.0,2.0,2.0,3203.0,7470.0,8035.0,0.3559,,,,0.0,0.0,-1.414443555244738,0.03302936974642165
005074,Broward Cmty Coll Central,Broward College,FL,South,4.0,26.119422,-80.14183,1.0,2.0,1.0,14.0,23799.0,2830.0,14553.0,0.4002,,,0.3611,0.0,0.0,-1.5410155759014421,1.298946303245869
005735,Broward Cmty Coll Coconut Crk,Broward College,FL,South,4.0,26.119422,-80.14183,1.0,2.0,1.0,14.0,23799.0,2830.0,14553.0,0.4002,,,0.3611,0.0,0.0,-1.5410155759014421,1.298946303245869
005741,Broward Cmty Coll Hollywood,Broward College,FL,South,4.0,26.119422,-80.14183,1.0,2.0,1.0,14.0,23799.0,2830.0,14553.0,0.4002,,,0.3611,0.0,0.0,-1.5410155759014421,1.298946303245869
003094,Brown University,Brown University,RI,Northeast,4.0,41.82617,-71.40385,2.0,3.0,1.0,15.0,7273.0,68230.0,26572.0,0.1327,0.0523,1546.0,0.9571,1.0,4.0,2.6622001943152203,1.8489304560192994
007314,Brunswick Community College,Brunswick Community College,NC,South,1.0,34.038973,-78.22979,1.0,2.0,2.0,2.0,1124.0,2532.0,8785.0,0.3212,,,,0.0,3.0,-1.679326707432502,-1.2331616802264416
006058,Bryan College Of Health Sci,Bryan College of Health Sciences,NE,Midwest,4.0,40.796768,-96.651532,2.0,3.0,1.0,26.0,534.0,20070.0,25884.0,0.2124,0.6291,,0.7547,1.0,2.0,1.4726205689351535,-0.08061947015027371
000577,Bryant & Stratton Bsns Inst Cleveland,Bryant & Stratton College-Parma,OH,Midwest,3.0,41.404607,-81.781757,2.0,2.0,1.0,14.0,522.0,19542.0,14325.0,0.6827,,,0.2069,1.0,1.0,0.36383683912357045,-2.317525542584524
003617,Bryant & Stratton College,Bryant & Stratton College-Wauwatosa,WI,Midwest,3.0,43.043215,-88.050983,2.0,2.0,1.0,23.0,952.0,19944.0,15135.0,0.5738,,,0.2349,1.0,1.0,0.4093591002929688,-1.6243945667366964
000814,Bryant & Stratton College,Bryant & Stratton College-Parma,OH,Midwest,3.0,41.404607,-81.781757,2.0,2.0,1.0,14.0,522.0,19542.0,14325.0,0.6827,,,0.2069,1.0,1.0,0.36383683912357045,-2.317525542584524
004761,Bryant & Stratton College Va Beach,Bryant & Stratton College-Virginia Beach,VA,South,4.0,36.827826,-76.13819,2.0,2.0,1.0,14.0,1327.0,18457.0,12134.0,0.6187,,,0.281,1.0,1.0,0.18162612545838283,-1.2521377966710567
002477,Bryn Mawr Coll Div Spec Stds,Bryn Mawr College,PA,Northeast,3.0,40.02736,-75.313223,2.0,3.0,1.0,21.0,1346.0,62560.0,40690.0,0.1434,0.3106,1404.0,0.8559,1.0,4.0,3.3809065969561884,0.7298316684479407
002049,Bryn Mawr College,Bryn Mawr College,PA,Northeast,3.0,40.02736,-75.313223,2.0,3.0,1.0,21.0,1346.0,62560.0,40690.0,0.1434,0.3106,1404.0,0.8559,1.0,4.0,3.3809065969561884,0.7298316684479407
002018,Bryant & Stratton College,Bryant & Stratton College-Albany,NY,Northeast,3.0,42.698125,-73.809977,2.0,2.0,1.0,14.0,224.0,18892.0,12452.0,0.6531,,,0.2195,1.0,1.0,0.4508923365567115,-2.6142316194749617
001908,Bryan College,Bryan College-Dayton,TN,South,2.0,35.497209,-84.999552,2.0,3.0,1.0,20.0,815.0,18900.0,16494.0,0.224,,,0.5593,1.0,5.0,0.568371321587262,-0.8554905896853188
002050,Bucknell University,Bucknell University,PA,Northeast,2.0,40.954317,-76.882616,2.0,3.0,1.0,21.0,3818.0,64772.0,40429.0,0.111,0.3201,1389.0,0.8623,1.0,4.0,3.177358190210626,0.9609312594637851
002066,Bucks County Community College,Bucks County Community College,PA,Northeast,1.0,40.239102,-74.965841,1.0,2.0,2.0,2.0,5199.0,5021.0,7561.0,0.2209,,,,0.0,3.0,-1.7226151569634103,-0.09021856204561224
006047,Buena Vista College,Buena Vista University,IA,Midwest,2.0,42.642255,-95.208529,2.0,3.0,1.0,19.0,1378.0,40190.0,18321.0,0.4254,0.7176,1090.0,0.4729,1.0,5.0,1.124308952879189,-1.154596015613959
003123,Bunker Hill Community College,Bunker Hill Community College,MA,Northeast,4.0,42.374806,-71.069263,1.0,2.0,2.0,1.0,7322.0,5520.0,6313.0,0.3815,,,,0.0,0.0,-1.5941755885147573,0.722317893258007
006191,Butler Community College,Butler Community College,KS,Midwest,2.0,37.806699,-96.882987,1.0,2.0,2.0,1.0,5694.0,3556.0,16051.0,0.3075,,,,0.0,3.0,-1.3277839281209782,0.11982789939224066
002069,Butler County Community Coll,Butler County Community College,PA,Northeast,2.0,40.829364,-79.911433,1.0,2.0,2.0,4.0,1882.0,5610.0,6075.0,0.3477,,,,0.0,3.0,-1.604773504753262,-0.6468639394906271
001073,Butler University,Butler University,IN,Midwest,4.0,39.8374,-86.172167,2.0,3.0,1.0,18.0,4383.0,45980.0,38472.0,0.1378,0.8587,1282.0,0.8015,1.0,4.0,2.6520746027925637,1.5581757178067452
004226,Butte College,Butte College,CA,West,1.0,39.649782,-121.644831,1.0,2.0,2.0,7.0,8384.0,1336.0,4632.0,0.3359,,,,0.0,3.0,-2.2464643736691525,-0.28015925596536545
003532,C Court Reporting,College of Court Reporting Inc,IN,Midwest,3.0,41.467574,-87.066331,3.0,2.0,2.0,13.0,183.0,10080.0,41410.0,0.3548,,,,1.0,2.0,1.9396790744090713,-1.3659364155054923
007142,C Marshall Island,College of the Marshall Islands,MH,Other/Territory,,7.102688,171.378129,1.0,2.0,1.0,14.0,1216.0,6840.0,11050.0,0.9552,,,0.1418,,,,
006713,C Ozarks,College of the Ozarks,MO,Midwest,2.0,36.616019,-93.238174,2.0,3.0,1.0,22.0,1415.0,21290.0,7669.0,0.4364,0.1487,1125.0,0.6131,1.0,5.0,-0.023842351909238373,-1.44725238477921
005136,Cabarrus College Health Sci,Cabarrus College of Health Sciences,NC,South,4.0,35.440038,-80.600824,2.0,2.0,1.0,26.0,602.0,16070.0,17271.0,0.2772,0.4921,1020.0,0.4545,1.0,2.0,0.7688223272373487,-0.38403699942662567
004084,Cabrillo College,Cabrillo College,CA,West,3.0,36.989448,-121.924797,1.0,2.0,2.0,1.0,7404.0,1270.0,13328.0,0.224,,,,0.0,0.0,-1.4414715947178625,0.9870557719248143
002072,Caldwell College,Caldwell University,NJ,Northeast,3.0,40.832753,-74.272571,2.0,3.0,1.0,19.0,1437.0,39450.0,21188.0,0.4592,0.654,,0.587,1.0,2.0,1.3942734325267796,-0.7652437024696338
005146,Caldwell Community College,Caldwell Community College and Technical Institute,NC,South,3.0,35.854604,-81.484148,1.0,2.0,2.0,2.0,2331.0,2537.0,5517.0,0.2914,,,,0.0,0.0,-1.7064635726781945,0.0017420220629964433
003609,Calif Inst Integ Std,California Institute of Integral Studies,CA,West,4.0,37.774924,-122.416102,2.0,3.0,1.0,17.0,57.0,,,0.5402,,,,,,,
004094,California Baptist College,California Baptist University,CA,West,4.0,33.929321,-117.425619,2.0,3.0,1.0,18.0,7914.0,39720.0,27384.0,0.4096,0.7357,,0.5953,1.0,2.0,1.530360122534841,0.7885210501392392
004031,California College of Arts and Crafts,California College of the Arts,CA,West,4.0,37.767485,-122.399451,2.0,3.0,1.0,30.0,1044.0,57946.0,42168.0,0.2474,0.9102,,0.634,1.0,4.0,3.3054348212214895,0.6800231460909038
004034,California Institute of Technology,California Institute of Technology,CA,West,4.0,34.137349,-118.125878,2.0,3.0,1.0,15.0,1023.0,63255.0,18902.0,0.1487,0.0314,,0.9316,1.0,4.0,2.301519555120816,0.7307945063776886
004049,California Institute of the Arts,California Institute of the Arts,CA,West,3.0,34.39327,-118.566837,2.0,3.0,1.0,19.0,881.0,56724.0,48536.0,0.2202,0.2595,,0.6415,1.0,4.0,3.5371194993205046,0.3643721556873429
004088,California Lutheran University,California Lutheran University,CA,West,4.0,34.224566,-118.878924,2.0,3.0,1.0,18.0,2374.0,50670.0,26433.0,0.3016,0.8888,1224.0,0.7402,1.0,4.0,2.078007005703484,0.6313101731310706
004035,California Maritime Academy,Cal Poly Maritime Academy,CA,West,4.0,38.069061,-122.231551,1.0,3.0,1.0,22.0,761.0,7672.0,17555.0,0.2871,0.9873,,0.6682,0.0,0.0,-0.5998481070754259,0.14949730783733425
004399,California State Los Angeles,California State University-Los Angeles,CA,West,4.0,34.066927,-118.168965,1.0,3.0,1.0,18.0,21478.0,6813.0,4113.0,0.6605,0.9193,,0.5257,0.0,0.0,-2.1485252305014955,0.2920110267519328
001945,California State University at Monterey Bay,California State University-Monterey Bay,CA,West,3.0,36.652397,-121.796178,1.0,3.0,1.0,18.0,5811.0,7437.0,14487.0,0.4299,0.9483,,0.6323,0.0,0.0,-1.3148196158001184,0.19795522849353492
004110,California State University Bakersfield,California State University-Bakersfield,CA,West,4.0,35.350005,-119.104711,1.0,3.0,1.0,18.0,8183.0,7696.0,5825.0,0.612,0.8819,,0.4931,0.0,0.0,-1.8434644359811094,0.01582270493074891
004048,California State University Chico,California State University-Chico,CA,West,4.0,39.729712,-121.844859,1.0,3.0,1.0,18.0,13057.0,8064.0,14838.0,0.4008,0.9372,,0.6363,0.0,0.0,-1.2619774772075567,1.1162867806160437
004312,California State University Fresno,California State University-Fresno,CA,West,4.0,36.811154,-119.744569,1.0,3.0,1.0,16.0,21070.0,6980.0,6480.0,0.5573,0.9638,,0.5482,0.0,0.0,-1.9350487474022284,0.6794855618800483
004589,California State University Fullerton,California State University-Fullerton,CA,West,3.0,33.881506,-117.885446,1.0,3.0,1.0,16.0,36956.0,7073.0,5646.0,0.4714,0.8674,,0.6922,0.0,0.0,-2.1170754957488573,0.840559548128934
004389,California State University Long Beach,California State University-Long Beach,CA,West,4.0,33.782818,-118.11204,1.0,3.0,1.0,16.0,34131.0,7008.0,8931.0,0.4932,0.4712,,0.6986,0.0,0.0,-1.8291985330561946,1.1770613903801248
004707,California State University Northridge,California State University-Northridge,CA,West,4.0,34.240126,-118.529319,1.0,3.0,1.0,18.0,32357.0,7095.0,7599.0,0.5599,0.9315,,0.5618,0.0,0.0,-1.9405396362817167,0.8981423350047547
004671,California State University Sacramento,California State University-Sacramento,CA,West,4.0,38.559415,-121.423549,1.0,3.0,1.0,18.0,27867.0,7602.0,10512.0,0.4863,0.9362,,0.5582,0.0,0.0,-1.6901719388757392,1.126858483240583
004099,California State University San Bernardino,California State University-San Bernardino,CA,West,4.0,34.182622,-117.323801,1.0,3.0,1.0,16.0,15771.0,7675.0,5918.0,0.5713,0.9825,,0.5465,0.0,0.0,-1.909907581427788,0.48395836232642014
004011,"California State University, East Bay",California State University-East Bay,CA,West,3.0,37.657694,-122.054135,1.0,3.0,1.0,16.0,10422.0,7055.0,11276.0,0.4357,0.9681,,0.4551,0.0,0.0,-1.5929361161638447,0.4190933012532711
002647,California University of Pennsylvania,Pennsylvania Western University,PA,Northeast,2.0,40.064964,-79.88679,1.0,3.0,1.0,18.0,8134.0,11388.0,19352.0,0.3686,0.9365,1076.0,0.5103,0.0,3.0,-0.9661754976936477,0.22124898821667544
001776,Calumet College of St. Joseph,Calumet College of Saint Joseph,IN,Midwest,3.0,41.671008,-87.494123,2.0,3.0,1.0,20.0,560.0,22650.0,20739.0,0.4849,,,0.299,1.0,2.0,0.9402284707369992,-1.4785200634846452
004713,California State University Stanislaus,California State University-Stanislaus,CA,West,3.0,37.52577,-120.852511,1.0,3.0,1.0,18.0,8564.0,7826.0,5671.0,0.5531,0.9747,,0.58,0.0,0.0,-1.9285152280654856,-0.16333215584106411
005677,California State University San Marcos,California State University-San Marcos,CA,West,3.0,33.130569,-117.159013,1.0,3.0,1.0,18.0,14174.0,7739.0,10550.0,0.436,0.957,,0.5418,0.0,0.0,-1.6591991117782812,0.5641055342825015
004082,California State Polytechnic University Pomona,California State Polytechnic University-Pomona,CA,West,3.0,34.057912,-117.821476,1.0,3.0,1.0,18.0,24271.0,7439.0,11580.0,0.4603,0.737,,0.6674,0.0,0.0,-1.715454151285093,0.7562340644395706
007669,California Northstate Univ,California Northstate University,CA,West,3.0,38.405942,-121.481542,3.0,3.0,1.0,-2.0,69.0,56501.0,,0.0,0.8485,,0.8788,,,,
003612,Cambridge C MA,Cambridge College,MA,Northeast,4.0,42.381091,-71.072646,2.0,3.0,1.0,18.0,591.0,18072.0,,0.331,,,0.125,,,,
002121,Camden County College,Camden County College,NJ,Northeast,3.0,39.784874,-75.038381,1.0,2.0,2.0,3.0,6555.0,3960.0,5124.0,0.3906,,,,0.0,0.0,-1.8130408176529316,0.20173875797843047
006080,Cameron University,Cameron University,OK,South,4.0,34.606487,-98.434163,1.0,3.0,1.0,20.0,2534.0,6900.0,10705.0,0.4124,,,0.2154,0.0,0.0,-1.2855643280498672,0.1238654663714887
007606,Campbell U Post Bac Studies Pr,Campbell University,NC,South,2.0,35.409149,-78.738238,2.0,3.0,1.0,17.0,2790.0,40410.0,23991.0,0.3332,0.9429,,0.5586,1.0,5.0,1.3389517523597696,-0.39293033416104856
005100,Campbell University,Campbell University,NC,South,2.0,35.409149,-78.738238,2.0,3.0,1.0,17.0,2790.0,40410.0,23991.0,0.3332,0.9429,,0.5586,1.0,5.0,1.3389517523597696,-0.39293033416104856
001097,Campbellsville University,Campbellsville University,KY,South,2.0,37.343342,-85.348943,2.0,3.0,1.0,18.0,2641.0,26990.0,18246.0,0.2154,0.9833,,0.4713,1.0,5.0,0.7285419964180769,-0.16987251489543073
004109,Canada College,Canada College,CA,West,3.0,37.44877,-122.265398,1.0,2.0,2.0,3.0,4878.0,1332.0,10.0,0.1001,,,,0.0,0.0,-1.9907105117736321,1.0342977275221303
003289,Cape Cod Community College,Cape Cod Community College,MA,Northeast,4.0,41.691911,-70.337334,1.0,2.0,2.0,5.0,2223.0,5712.0,8403.0,0.3142,,,,0.0,0.0,-1.239990932468421,0.4011957667470735
005094,Cape Fear Community College,Cape Fear Community College,NC,South,4.0,34.240624,-77.948306,1.0,2.0,2.0,1.0,9497.0,2748.0,5416.0,0.1766,,,,0.0,0.0,-1.7169941876209422,1.506407136402379
001099,Capital University,Capital University,OH,Midwest,3.0,39.954875,-82.937867,2.0,3.0,1.0,18.0,1709.0,41788.0,23585.0,0.3101,0.7317,1118.0,0.6554,1.0,2.0,1.627034176935107,-0.15225456147315367
001474,Carl Albert State College,Carl Albert State College,OK,South,2.0,35.039173,-94.633986,1.0,2.0,2.0,1.0,1114.0,4230.0,6855.0,0.4853,,,,0.0,3.0,-1.7370364341658766,-1.423342277300295
001982,Carl Sandburg College,Carl Sandburg College,IL,Midwest,2.0,40.98128,-90.408203,1.0,2.0,2.0,2.0,1124.0,5300.0,1036.0,0.4319,,,,0.0,3.0,-1.9202849113363194,-1.3140251435442245
006081,Carleton College,Carleton College,MN,Midwest,2.0,44.462318,-93.154666,2.0,3.0,1.0,21.0,2019.0,65457.0,27320.0,0.1404,0.2228,1491.0,0.9119,1.0,4.0,2.521846848149826,0.32175452247617825
002104,Carlos Albizu University,Albizu University-San Juan,PR,Other/Territory,4.0,18.466573,-66.113908,2.0,3.0,1.0,26.0,758.0,7797.0,10933.0,0.6913,1.0,,0.69,1.0,1.0,-0.13265914083856714,-1.861247528936975
002074,Carnegie Mellon University,Carnegie Mellon University,PA,Northeast,4.0,40.44357,-79.941993,2.0,3.0,1.0,15.0,7187.0,63829.0,31671.0,0.1521,0.114,1545.0,0.9252,1.0,4.0,2.7893521610751777,1.8169878771989154
005555,Carolina University,Carolina University,NC,South,4.0,36.087962,-80.250153,2.0,3.0,1.0,20.0,424.0,16000.0,18866.0,0.4562,0.34,,0.2923,1.0,2.0,0.7690021953480609,-1.1652307760982519
006211,Carolinas C Hlth Sci,Carolinas College of Health Sciences,NC,South,4.0,35.181863,-80.927508,1.0,2.0,1.0,26.0,409.0,19095.0,,0.1663,0.8148,,1.0,,,,
004041,Carroll College,Carroll College,MT,West,4.0,46.600771,-112.040285,2.0,3.0,1.0,22.0,1052.0,40352.0,24842.0,0.1804,0.7264,1170.0,0.6633,1.0,2.0,1.902919424793086,0.5690262452751071
001101,Carroll College,Carroll University,WI,Midwest,4.0,43.004527,-88.228114,2.0,3.0,1.0,18.0,2525.0,37230.0,24362.0,0.2165,0.5841,1209.0,0.696,1.0,2.0,1.6617175132100892,0.7590766856258757
005797,Carroll Community College,Carroll Community College,MD,South,2.0,39.531805,-76.991113,1.0,2.0,2.0,5.0,2006.0,4128.0,3917.0,0.1553,,,,0.0,3.0,-1.7352818618594479,-0.012787369626166112
001103,Carthage College,Carthage College,WI,Midwest,4.0,42.622969,-87.820924,2.0,3.0,1.0,20.0,2628.0,36500.0,24813.0,0.2577,0.8415,1113.0,0.6051,1.0,2.0,1.6260918995885436,0.6353345380654591
002859,Cascadia College,Cascadia College,WA,West,3.0,47.760915,-122.191572,1.0,2.0,1.0,14.0,970.0,4914.0,12612.0,0.0976,,,0.4124,0.0,3.0,-0.9576526941002166,0.44287491313062927
001105,Case Western Reserve University,Case Western Reserve University,OH,Midwest,4.0,41.507419,-81.609596,2.0,3.0,1.0,15.0,6108.0,64671.0,38909.0,0.1708,0.2868,1501.0,0.8695,1.0,4.0,3.1592174557714823,1.7307160987137906
004043,Casper College,Casper College,WY,West,4.0,42.832788,-106.326712,1.0,2.0,2.0,5.0,2239.0,4410.0,7852.0,0.2335,,,,0.0,0.0,-1.3422000981405342,0.7158392010863168
005103,Catawba College,Catawba College,NC,South,3.0,35.691443,-80.482751,2.0,3.0,1.0,22.0,1127.0,33400.0,18210.0,0.3942,0.777,1136.0,0.5211,1.0,2.0,1.0329345686574711,-0.7712740459283217
005098,Catawba Valley Cmty College,Catawba Valley Community College,NC,South,4.0,35.699732,-81.28792,1.0,2.0,2.0,2.0,3517.0,2367.0,9415.0,0.3253,,,,0.0,0.0,-1.4745677731797013,0.5455464240070856
005104,Catholic University of America,The Catholic University of America,DC,South,4.0,38.933651,-76.997909,2.0,3.0,1.0,16.0,3063.0,55834.0,32798.0,0.1674,0.8384,,0.8133,1.0,4.0,2.622041558968484,1.2715128062623027
002010,Cayuga Community College,Cayuga County Community College,NY,Northeast,2.0,42.943726,-76.542867,1.0,2.0,2.0,3.0,1146.0,6462.0,7278.0,0.1716,,,,0.0,3.0,-1.302912186126588,-0.24958594059664688
005091,Cecil Community College,Cecil College,MD,South,1.0,39.642225,-75.955949,1.0,2.0,2.0,4.0,1369.0,5370.0,10097.0,0.2578,,,,0.0,3.0,-1.506169932763505,-0.8766339921873316
002079,Cedar Crest College,Cedar Crest College,PA,Northeast,4.0,40.586318,-75.519221,2.0,3.0,1.0,20.0,857.0,44934.0,22909.0,0.3861,0.9913,1070.0,0.5822,1.0,2.0,1.9057973178177205,-0.2964807738613622
002080,Centenary College,Centenary University,NJ,Northeast,3.0,40.84764,-74.833644,2.0,3.0,1.0,19.0,934.0,37732.0,19037.0,0.3772,0.9668,,0.5659,1.0,2.0,1.357698399930183,-0.7295597026054915
006082,Centenary College of Louisiana,Centenary College of Louisiana,LA,South,4.0,32.483335,-93.730834,2.0,3.0,1.0,21.0,615.0,40000.0,25159.0,0.3891,0.5442,1171.0,0.5988,1.0,2.0,1.818649320464929,-0.5064649745906663
001151,Cedarville College,Cedarville University,OH,Midwest,1.0,39.749237,-83.814692,2.0,3.0,1.0,19.0,3815.0,36078.0,25022.0,0.154,0.6282,1246.0,0.7431,1.0,5.0,1.2897283288814305,-0.038529359427854654
000788,Central Baptist College,Central Baptist College,AR,South,4.0,35.083838,-92.445021,2.0,3.0,1.0,22.0,477.0,19680.0,16664.0,0.422,0.4636,1022.0,0.3529,1.0,2.0,0.7697999296713197,-0.9937594502666602
006088,Central Christian Coll Kansas,Central Christian College of Kansas,KS,Midwest,2.0,38.357978,-97.668597,2.0,3.0,1.0,22.0,394.0,21000.0,12473.0,0.4311,,,0.2303,1.0,5.0,0.4264387169665617,-1.9942479272921714
006145,Central Christian College of the Bible,Central Christian College of the Bible,MO,Midwest,2.0,39.395963,-92.427259,2.0,3.0,1.0,24.0,144.0,11200.0,13866.0,0.5316,,,0.4091,1.0,1.0,0.28554667716792875,-2.8857034351264743
006087,Central College,Central College,IA,Midwest,2.0,41.401539,-92.922199,2.0,3.0,1.0,21.0,1062.0,20988.0,22353.0,0.2139,0.7897,1115.0,0.6916,1.0,5.0,0.966148834008111,-0.6052006337167541
003898,Central Connecticut State University,Central Connecticut State University,CT,Northeast,3.0,41.692502,-72.765991,1.0,3.0,1.0,18.0,7670.0,12460.0,16435.0,0.3486,0.7553,1091.0,0.4933,0.0,0.0,-0.9464540561954152,0.6369683720470235
006045,Central Lakes College,Central Lakes College-Brainerd,MN,Midwest,2.0,46.345969,-94.216495,1.0,2.0,2.0,6.0,1486.0,6209.0,12829.0,0.1455,,,,0.0,3.0,-1.0872426328308589,-3.040556489892522e-06
006089,Central Methodist College,Central Methodist University-College of Liberal Arts and Sciences,MO,Midwest,1.0,39.150497,-92.685253,2.0,3.0,1.0,22.0,1015.0,27140.0,25477.0,0.3698,0.879,1090.0,0.525,1.0,5.0,1.0861431423211387,-1.5017652322777657
001106,Central Michigan University,Central Michigan University,MI,Midwest,2.0,43.591203,-84.77525,1.0,3.0,1.0,16.0,9916.0,14190.0,16041.0,0.3064,0.9101,1099.0,0.6184,0.0,3.0,-1.0946963883025456,0.4649338919240034
006090,Central Missouri SU,University of Central Missouri,MO,Midwest,2.0,38.759111,-93.737428,1.0,3.0,1.0,18.0,5653.0,9739.0,15336.0,0.2565,0.6861,1090.0,0.494,0.0,3.0,-1.1402469432280398,0.32529345692330663
007331,Central Ohio Technical College,Central Ohio Technical College,OH,Midwest,3.0,40.069314,-82.447441,1.0,2.0,1.0,9.0,1549.0,5136.0,10075.0,0.26,,,0.2423,0.0,3.0,-1.2418726616936557,-0.019691444724270573
004090,Central Oregon Community Coll,Central Oregon Community College,OR,West,4.0,44.071401,-121.348585,1.0,2.0,2.0,2.0,3577.0,4941.0,10765.0,0.2416,,,,0.0,0.0,-1.2497789804899357,0.9619152034939777
001061,Central Pennsylvania College,Central Penn College,PA,Northeast,3.0,40.3049,-76.934461,3.0,3.0,1.0,22.0,721.0,19404.0,19279.0,0.4266,0.2593,,0.3889,1.0,2.0,0.8231207756842729,-1.1443355943947962
005102,Central Piedmont Cmty Coll,Central Piedmont Community College,NC,South,4.0,35.217774,-80.829796,1.0,2.0,2.0,2.0,13640.0,2792.0,3660.0,0.3868,,,,0.0,0.0,-2.0268573958941976,0.9211991493245193
001107,Central State University,Central State University,OH,Midwest,1.0,39.715787,-83.880186,1.0,3.0,1.0,22.0,3412.0,7824.0,16544.0,0.4218,0.46,,0.2557,0.0,3.0,-1.3002997390434607,-0.9088505015569972
006130,Central Texas College,Central Texas College,TX,South,3.0,31.120516,-97.810827,1.0,2.0,2.0,6.0,5985.0,3150.0,6408.0,0.3112,,,,0.0,0.0,-1.8022349695215143,0.413376292196572
004044,Central Washington University,Central Washington University,WA,West,2.0,47.002687,-120.538368,1.0,3.0,1.0,18.0,8081.0,9192.0,14715.0,0.3114,0.9022,,0.4985,0.0,3.0,-1.3292140260875962,0.38444213262787413
000549,Central Yeshiva Tomchei Tmimim Lubavitz,Central Yeshiva Tomchei Tmimim Lubavitz,NY,Northeast,4.0,40.669694,-73.938778,2.0,3.0,1.0,24.0,810.0,8400.0,19406.0,0.6445,0.8846,,0.0278,1.0,1.0,0.43347425308113957,-1.5146478657541604
004045,Centralia College,Centralia College,WA,West,2.0,46.715017,-122.960591,1.0,2.0,1.0,23.0,1476.0,5109.0,7600.0,0.209,,,0.4582,0.0,3.0,-1.48879379723718,-0.21773352912198723
001109,Centre College,Centre College,KY,South,2.0,37.645709,-84.779392,2.0,3.0,1.0,21.0,1346.0,50550.0,21497.0,0.2122,0.5434,1345.0,0.8529,1.0,5.0,1.7160210506691003,-0.29628571625848177
007321,Centrl Ohio Technical College,Central Ohio Technical College,OH,Midwest,3.0,40.069314,-82.447441,1.0,2.0,1.0,9.0,1549.0,5136.0,10075.0,0.26,,,0.2423,0.0,3.0,-1.2418726616936557,-0.019691444724270573
006388,Century College,Century College,MN,Midwest,3.0,45.041823,-92.982105,1.0,2.0,2.0,5.0,5971.0,6182.0,10037.0,0.3264,,,,0.0,0.0,-1.473111122768608,0.4182655003428281
004027,Cerro Coso Community College,Cerro Coso Community College,CA,West,1.0,35.567525,-117.66767,1.0,2.0,2.0,3.0,3496.0,1384.0,6078.0,0.1409,,,,0.0,3.0,-1.8823697997711093,-0.005045843461743264
004115,Centrl Wyoming College,Central Wyoming College,WY,West,2.0,43.030556,-108.426738,1.0,2.0,1.0,5.0,981.0,4680.0,13622.0,0.1768,,,0.4043,0.0,3.0,-1.092049995561582,-0.22558589216842073
004725,Chabot College,Chabot College,CA,West,3.0,37.642458,-122.105636,1.0,2.0,2.0,1.0,10861.0,1150.0,4616.0,0.1782,,,,0.0,0.0,-1.9345827296040259,1.2165669219277362
006466,Chadron State College,Chadron State College,NE,Midwest,2.0,42.8199,-103.001615,1.0,3.0,1.0,19.0,1634.0,8078.0,13308.0,0.3587,,,0.3807,0.0,3.0,-1.183824922608359,-0.6851782261364587
004046,Chaffey Community College,Chaffey College,CA,West,3.0,34.147663,-117.573932,1.0,2.0,2.0,1.0,13568.0,1184.0,5743.0,0.2834,,,,0.0,0.0,-1.9886521119477822,0.9717880011840738
007993,Chamberlain Col Nrsng Irving,Chamberlain University-North Carolina,NC,South,4.0,35.13766,-80.931971,3.0,3.0,1.0,26.0,216.0,19686.0,21664.0,0.3806,0.6667,,0.0,1.0,2.0,1.1913996830622045,-1.1687971463374487
005759,Chamberlain Col Nursng Addison,Chamberlain University-Illinois,IL,Midwest,3.0,41.949727,-88.038558,3.0,3.0,1.0,26.0,12188.0,20604.0,26933.0,0.2994,0.8857,868.0,0.5,1.0,2.0,0.8731717233555254,0.7658168868210276
005768,Chamberlain Sch Nursing Az,Chamberlain University-Arizona,AZ,West,4.0,33.565758,-112.104601,3.0,3.0,1.0,26.0,745.0,20462.0,37002.0,0.4352,0.875,,0.6667,1.0,2.0,1.8136063580359363,-0.45708739354282596
007866,Chamberlain Univ,Chamberlain University-Illinois,IL,Midwest,4.0,41.880848,-87.640164,3.0,3.0,1.0,-2.0,12188.0,20604.0,26933.0,0.2994,0.8857,868.0,0.5,1.0,2.0,0.9919890273451124,1.1734650596022165
003291,Champlain College,Champlain College,VT,Northeast,4.0,44.473287,-73.202746,2.0,3.0,1.0,18.0,2870.0,45550.0,35000.0,0.2314,0.6672,1262.0,0.6301,1.0,4.0,2.500590120877423,1.0145017800193337
004454,Champion Christian College,Champion Christian College,AR,South,4.0,34.499589,-93.065945,2.0,3.0,1.0,23.0,128.0,10870.0,15220.0,0.6111,,,,1.0,1.0,0.48704883951815287,-2.3816715797933274
004105,Chaminade University of Honolulu,Chaminade University of Honolulu,HI,West,4.0,21.28995,-157.807851,2.0,3.0,1.0,19.0,1648.0,29970.0,28061.0,0.422,0.9263,1155.0,0.5814,1.0,2.0,1.5083492348184477,-0.0818567075174321
007274,Chamberlain College Of Nursing,Fox College,IL,Midwest,3.0,41.563842,-87.785169,3.0,2.0,2.0,8.0,239.0,17190.0,13506.0,0.4603,0.7656,,,1.0,1.0,0.5411715544622411,-1.9452612623420065
006736,Chamberlain College Of Nursing,Chamberlain University-Illinois,CA,West,4.0,41.880848,-87.640164,3.0,3.0,1.0,-2.0,12188.0,20604.0,26933.0,0.2994,0.8857,868.0,0.5,1.0,2.0,0.9502148834331847,1.26160943628974
007444,Chamberlain Colg Nursing-Lv,Chamberlain University-Nevada,NV,West,4.0,36.185176,-115.313525,3.0,3.0,1.0,26.0,573.0,20462.0,40925.0,0.4268,0.75,,0.0,1.0,2.0,2.0702115792428524,-0.5028154237047926
004047,Chapman University,Chapman University,CA,West,4.0,33.79302,-117.852518,2.0,3.0,1.0,16.0,7629.0,62784.0,47527.0,0.1974,0.5561,1353.0,0.8036,1.0,4.0,3.465935519366085,1.941611547369593
004982,Charles R. Drew Univ Allied Health,Charles R Drew University of Medicine and Science,CA,West,3.0,33.925658,-118.242791,2.0,3.0,1.0,26.0,233.0,18933.0,27789.0,0.313,0.3878,,0.5,1.0,2.0,1.4310307025753808,-1.143288792209275
005079,Charleston Southern University,Charleston Southern University,SC,South,4.0,32.983047,-80.072587,2.0,3.0,1.0,19.0,2716.0,31030.0,21955.0,0.3456,0.7609,1056.0,0.4858,1.0,2.0,1.1811853008277589,0.27771509088097973
009901,Charter Oak State C,Charter Oak State College,CT,Northeast,3.0,41.666848,-72.781239,1.0,3.0,1.0,21.0,1620.0,8506.0,15663.0,0.3771,,,,0.0,3.0,-0.8864974500892624,-0.2661495606207818
004745,Chemeketa Community College,Chemeketa Community College,OR,West,3.0,44.978655,-122.978076,1.0,2.0,1.0,2.0,6457.0,6210.0,8457.0,0.3393,,,0.2215,0.0,0.0,-1.6204435832980133,0.4780230709441378
005143,Chesapeake College,Chesapeake College,MD,South,1.0,38.952193,-76.083668,1.0,2.0,2.0,4.0,1275.0,4010.0,4178.0,0.2664,,,,0.0,3.0,-1.8584859033454273,-1.032157241735898
001084,Chattanooga State Community College,Chattanooga State Community College,TN,South,4.0,35.100202,-85.237389,1.0,2.0,2.0,4.0,4689.0,4550.0,5702.0,0.3496,,,,0.0,0.0,-1.6706230318095974,0.5646460567326523
002082,Chestnut Hill College,Chestnut Hill College,PA,Northeast,4.0,40.08678,-75.228742,2.0,3.0,1.0,19.0,931.0,39410.0,29944.0,0.4732,0.7913,,0.561,1.0,2.0,2.0359931781540976,-0.5005281375611286
002648,Cheyney University of Pennsylvania,Cheyney University of Pennsylvania,PA,Northeast,1.0,39.932274,-75.529262,1.0,3.0,1.0,21.0,721.0,10904.0,9837.0,0.4103,,,0.1616,0.0,3.0,-1.2629372611615726,-1.6623673213406451
002227,Chicago C Commerce,Columbia College Chicago,IL,Midwest,4.0,41.874261,-87.624667,2.0,3.0,1.0,19.0,6294.0,32520.0,26788.0,0.4318,0.9117,,0.4846,1.0,2.0,1.3429082909927277,0.455197437490278
005962,Chicago Schl Prof Psychology,The Chicago School at Chicago,IL,Midwest,4.0,41.888293,-87.63379,2.0,3.0,1.0,26.0,31.0,20844.0,,0.4706,0.3333,,,,,,
001118,Chicago State University,Chicago State University,IL,Midwest,4.0,41.718446,-87.609384,1.0,3.0,1.0,18.0,1418.0,12754.0,10133.0,0.5497,0.4052,,0.1695,0.0,1.0,-1.0998321186454252,-0.6261036061726383
005107,Chowan College,Roanoke-Chowan Community College,NC,South,1.0,36.324827,-77.023662,1.0,2.0,2.0,1.0,265.0,2642.0,8076.0,0.3392,,,,0.0,3.0,-1.5035103056640684,-2.0171415079412554
001121,Christian Brothers University,Christian Brothers University,TN,South,4.0,35.127437,-89.983241,2.0,3.0,1.0,19.0,953.0,37300.0,10896.0,0.3057,0.8842,1069.0,0.5599,1.0,2.0,0.9722021961793166,-0.2106769499238749
005106,Chipola Junior College,Chipola College,FL,South,2.0,30.789228,-85.23139,1.0,2.0,1.0,23.0,1218.0,3120.0,832.0,0.2689,,,0.6126,0.0,3.0,-1.939799358315056,-0.7076070833803599
005128,Christopher Newport University,Christopher Newport University,VA,South,4.0,37.062495,-76.494364,1.0,3.0,1.0,20.0,4402.0,16351.0,22197.0,0.1457,0.8796,1207.0,0.7508,0.0,0.0,-0.26990671716104464,1.553527577805742
000945,Cincinnati College of Mortuary Science,Cincinnati College of Mortuary Science,OH,Midwest,3.0,39.206578,-84.505604,2.0,3.0,1.0,30.0,101.0,,,0.2418,,,,,,,
004054,Claremont McKenna College,Claremont McKenna College,CA,West,3.0,34.102154,-117.711188,2.0,3.0,1.0,21.0,1379.0,64150.0,27384.0,0.1948,0.1112,1514.0,0.9517,1.0,4.0,2.5806169553755063,0.43061077204791115
005110,Clark Atlanta University,Clark Atlanta University,GA,South,4.0,33.747628,-84.412584,2.0,3.0,1.0,16.0,3482.0,26446.0,35115.0,0.691,0.6463,,0.478,1.0,1.0,1.4427519482017481,-0.6635032806481302
004055,Clark College Wa,Clark College,WA,West,4.0,45.636133,-122.651257,1.0,2.0,1.0,14.0,4699.0,4632.0,9826.0,0.2211,,,0.3574,0.0,0.0,-1.3358573241954497,1.1537664977034443
003279,Clark University,Clark University,MA,Northeast,4.0,42.249987,-71.823356,2.0,3.0,1.0,16.0,2336.0,55160.0,27711.0,0.2126,0.4167,1339.0,0.7712,1.0,4.0,2.4461692289940014,0.9399101685528571
002250,Clarkson College,Clarkson College,NE,Midwest,4.0,41.259165,-95.974847,2.0,3.0,1.0,26.0,611.0,15168.0,15928.0,0.3043,0.6429,,0.75,1.0,2.0,0.7027218180884777,-0.5060881162226762
002084,Clarkson University,Clarkson University,NY,Northeast,2.0,44.662716,-74.999359,2.0,3.0,1.0,16.0,2406.0,57950.0,31955.0,0.2046,0.7716,1307.0,0.7356,1.0,4.0,2.520333097126299,0.2435464192913151
005145,Clayton State College,Clayton  State University,GA,South,3.0,33.594079,-84.328174,1.0,3.0,1.0,19.0,4390.0,5068.0,10145.0,0.5191,0.7059,973.0,0.3539,0.0,0.0,-1.6564433119078155,-0.4076758215537279
005975,Clear Creek Baptist Bible College,Clear Creek Baptist Bible College,KY,South,1.0,36.725236,-83.727702,2.0,3.0,1.0,24.0,132.0,10120.0,10255.0,0.4436,,,0.3333,1.0,5.0,-0.0332656329231799,-3.073085989662878
004089,Clatsop Community College,Clatsop Community College,OR,West,2.0,46.183107,-123.823339,1.0,2.0,2.0,3.0,506.0,4575.0,13433.0,0.3782,,,,0.0,3.0,-1.1569459974866425,-1.2640058939575805
006099,Clarke University,Clarke University,IA,Midwest,4.0,42.509475,-90.690487,2.0,3.0,1.0,17.0,782.0,39600.0,20068.0,0.3592,0.6816,1060.0,0.5494,1.0,2.0,1.5762454098499084,-0.3652376623697622
004111,Clackamas Community College,Clackamas Community College,OR,West,3.0,45.323185,-122.574272,1.0,2.0,2.0,3.0,4575.0,6210.0,8236.0,0.243,,,,0.0,0.0,-1.5048518517507778,0.6439798547132728
002246,City University of New York: La Guardia Community,New York University,NY,Northeast,4.0,40.729452,-73.997264,2.0,3.0,1.0,15.0,29430.0,60438.0,35035.0,0.1856,0.0941,1527.0,0.8846,1.0,4.0,2.6223939107956884,2.4193758890935126
004042,City University,City University of Seattle,WA,West,4.0,47.617381,-122.344594,2.0,3.0,1.0,17.0,1091.0,14589.0,35049.0,0.1284,,,0.1667,1.0,2.0,1.709174113859867,0.7466208467804483
005111,Clemson University,Clemson University,SC,South,3.0,34.679381,-82.835114,1.0,3.0,1.0,15.0,22778.0,15554.0,22112.0,0.1453,0.3805,1341.0,0.879,0.0,0.0,-0.6723549946769283,1.9520297457992966
005140,Cleveland Community College,Cleveland Community College,NC,South,2.0,35.279833,-81.492856,1.0,2.0,2.0,5.0,1236.0,2602.0,414.0,0.4784,,,,0.0,3.0,-2.140564018607686,-1.4468898173838693
001152,Cleveland Institute of Art,Cleveland Institute of Art,OH,Midwest,4.0,41.510435,-81.602416,2.0,3.0,1.0,30.0,560.0,47880.0,32072.0,0.3767,0.5628,1156.0,0.6753,1.0,2.0,2.503850924310552,-0.37332875268839494
001124,Cleveland Institute of Music,Cleveland Institute of Music,OH,Midwest,4.0,41.512444,-81.608878,2.0,3.0,1.0,30.0,193.0,42500.0,32623.0,0.1457,0.3818,,0.6852,1.0,2.0,2.7140600484674735,-0.1107978712195392
001221,Cleveland State University,Cleveland State University,OH,Midwest,4.0,41.502281,-81.674355,1.0,3.0,1.0,16.0,9077.0,12613.0,16065.0,0.3901,0.9548,980.0,0.4891,0.0,0.0,-0.9535228704348986,0.9322730609628955
002135,Clinton Community College,Clinton Community College,NY,Northeast,2.0,44.64841,-73.439739,1.0,2.0,2.0,2.0,388.0,6831.0,9385.0,0.2213,,,,0.0,3.0,-1.0493791292552512,-0.9267307789993178
005743,Clinton Junior College,Clinton College,SC,South,4.0,34.913721,-81.043469,2.0,3.0,1.0,23.0,94.0,10516.0,14501.0,0.7614,,,0.1111,1.0,1.0,0.3703633904558997,-3.073857967275356
007973,Clovis Community College,Clovis Community College,CA,West,4.0,36.88686,-119.731261,1.0,2.0,2.0,3.0,6759.0,1334.0,7118.0,0.2043,,,,0.0,0.0,-1.622971361351183,1.3339607616483282
002156,Cmty Coll Allegheny Co Alghny,Community College of Allegheny County,PA,Northeast,4.0,40.450908,-80.018453,1.0,2.0,2.0,8.0,9305.0,4842.0,8166.0,0.2925,,,,0.0,0.0,-1.4846075382827866,1.1750589715964934
001355,Coastal Alabama Cmty College,Coastal Alabama Community College,AL,South,2.0,30.851343,-87.778193,1.0,2.0,2.0,4.0,4714.0,4980.0,9514.0,0.346,,,,0.0,3.0,-1.6899285744587622,-0.18011620178434876
005134,Coastal Carolina Cmty College,Coastal Carolina Community College,NC,South,4.0,34.771687,-77.384785,1.0,2.0,2.0,4.0,2682.0,2462.0,7779.0,0.3066,,,,0.0,0.0,-1.502593936679369,0.45574527242090623
000933,Coastline Community College,Coastline Community College,CA,West,4.0,33.716054,-117.928979,1.0,2.0,2.0,3.0,7007.0,1180.0,9605.0,0.1018,,,,0.0,0.0,-1.4218370991916183,1.7458221571118078
004097,Cochise College,Cochise County Community College District,AZ,West,4.0,31.564597,-110.246946,1.0,2.0,2.0,9.0,3007.0,2232.0,7420.0,0.3858,,,,0.0,0.0,-1.5931995083968717,0.3053795237538486
002894,Cochran School of Nursing,Cochran School of Nursing,NY,Northeast,3.0,40.969116,-73.885705,2.0,2.0,2.0,10.0,112.0,,,0.4435,,,,,,,
003280,Colby College,Colby College,ME,Northeast,2.0,44.564211,-69.66337,2.0,3.0,1.0,21.0,2282.0,66600.0,23939.0,0.1318,0.0683,1500.0,0.9022,1.0,4.0,2.4159400314654547,0.41836440366004174
003281,Colby-Sawyer College,Colby-Sawyer College,NH,Northeast,1.0,43.411663,-71.975805,2.0,3.0,1.0,22.0,778.0,18400.0,25857.0,0.2298,0.8998,,0.6162,1.0,5.0,1.0456045448095799,-1.1451746791381978
005112,Coker University,Coker University,SC,South,2.0,34.37696,-80.070416,2.0,3.0,1.0,20.0,807.0,31854.0,18045.0,0.2949,0.9723,,0.3462,1.0,5.0,0.9869340767341366,-1.0061174407793407
006102,Coffeyville Community College,Coffeyville Community College,KS,Midwest,2.0,37.033814,-95.621374,1.0,2.0,2.0,1.0,870.0,3040.0,5481.0,0.3175,,,,0.0,3.0,-1.6232985384851237,-0.9907578512102345
006101,Coe College,Coe College,IA,Midwest,4.0,41.988263,-91.658192,2.0,3.0,1.0,21.0,1246.0,52576.0,19155.0,0.3568,0.7067,1206.0,0.59,1.0,2.0,1.8462621244850848,-0.05714916516201423
005837,Coastal Carolina University,Coastal Carolina University,SC,South,4.0,33.794995,-79.011767,1.0,3.0,1.0,18.0,9909.0,11640.0,13742.0,0.2676,0.8019,1128.0,0.5084,0.0,0.0,-1.082158199223455,1.3782971783436646
001939,Coastal Alabama Community Coll,Coastal Alabama Community College,AL,South,2.0,30.851343,-87.778193,1.0,2.0,2.0,4.0,4714.0,4980.0,9514.0,0.346,,,,0.0,3.0,-1.6899285744587622,-0.18011620178434876
000883,Colegio Universitario del Este,Universidad Ana G. Mendez-Carolina Campus,PR,Other/Territory,3.0,18.414805,-65.983869,2.0,3.0,1.0,18.0,4383.0,6920.0,7569.0,0.699,,,0.3641,0.0,1.0,-0.7358855465188364,-1.4825703550663205
002086,Colgate University,Colgate University,NY,Northeast,1.0,42.819475,-75.536346,2.0,3.0,1.0,21.0,3122.0,67024.0,28920.0,0.1268,0.1195,1480.0,0.9053,1.0,5.0,2.530873098271432,0.25421217523405387
002041,Coll Tech Univ Of Montana,The University of Montana,MT,West,4.0,46.859312,-113.982912,1.0,3.0,1.0,15.0,7079.0,8152.0,17118.0,0.2751,0.956,1190.0,0.4544,0.0,0.0,-0.9460890438090881,1.2886811174097481
007233,College For America Sthrn Nh U,University of New Hampshire College of Professional Studies Online,NH,Northeast,4.0,42.987209,-71.468755,1.0,3.0,1.0,20.0,1019.0,7812.0,14106.0,0.3188,,,0.1429,0.0,0.0,-0.7549039215253678,0.09228052537972968
002087,College Misericordia,Misericordia University,PA,Northeast,3.0,41.345277,-75.971541,2.0,3.0,1.0,17.0,1632.0,38370.0,24829.0,0.1903,0.8489,,0.692,1.0,4.0,1.7426524036612714,0.2873326170077843
004118,College Of Alameda,College of Alameda,CA,West,3.0,37.781017,-122.279303,1.0,2.0,2.0,3.0,4274.0,1148.0,9280.0,0.0993,,,,0.0,0.0,-1.4802125786223639,1.0984054488669448
005078,College of Coastal Georgia,College of Coastal Georgia,GA,South,4.0,31.181983,-81.486169,1.0,3.0,1.0,22.0,2794.0,3483.0,12905.0,0.4051,0.9851,1001.0,0.2556,0.0,0.0,-1.280206224504642,0.20629218692325654
001083,College Of Dupage,College of DuPage,IL,Midwest,3.0,41.841577,-88.071635,1.0,2.0,2.0,9.0,15185.0,4320.0,6182.0,0.2048,,,,0.0,0.0,-1.786604087153832,1.2418836196963792
004060,College of Idaho,The College of Idaho,ID,West,3.0,43.652284,-116.677992,2.0,3.0,1.0,22.0,1049.0,36030.0,20566.0,0.2405,0.4722,1166.0,0.6412,1.0,2.0,1.380546500849083,-0.13798840352159802
004061,College Of Marin-Marin Campus,College of Marin,CA,West,3.0,37.951918,-122.548758,1.0,2.0,2.0,6.0,3928.0,1558.0,15517.0,0.1684,,,,0.0,0.0,-1.1748256476564174,0.9020308526234034
002088,College of Mount St. Vincent,University of Mount Saint Vincent,NY,Northeast,4.0,40.913657,-73.908887,2.0,3.0,1.0,22.0,2373.0,42740.0,19920.0,0.4325,0.8464,1110.0,0.5714,1.0,2.0,1.4866360909939413,-0.012762619695943517
005144,College of Southern Maryland,College of Southern Maryland,MD,South,1.0,38.55895,-77.009245,1.0,2.0,2.0,2.0,4422.0,4200.0,9867.0,0.2473,,,,0.0,3.0,-1.7276845369868752,-0.27197847376995965
006104,College of St. Benedict,College of Saint Benedict,MN,Midwest,3.0,45.561792,-94.319888,2.0,3.0,1.0,21.0,1392.0,53884.0,28065.0,0.1871,0.9136,1185.0,0.8304,1.0,4.0,2.3552300771196255,0.31823683950787246
006105,College of St. Catherine,St Catherine University,MN,Midwest,4.0,44.924926,-93.183761,2.0,3.0,1.0,17.0,2393.0,49758.0,21563.0,0.3582,0.9407,1190.0,0.6513,1.0,2.0,1.7878112292018495,0.27498191892925405
002090,College of St. Elizabeth,Saint Elizabeth University,NJ,Northeast,3.0,40.78182,-74.438221,2.0,3.0,1.0,19.0,636.0,35942.0,17949.0,0.5414,0.7721,,0.4024,1.0,2.0,1.1796800052368503,-1.5233069991840624
006106,College of St. Mary,College of Saint Mary,NE,Midwest,4.0,41.240028,-96.021425,2.0,3.0,1.0,19.0,455.0,23340.0,14986.0,0.3692,0.4395,1120.0,0.5941,1.0,2.0,0.8935581609662038,-0.8406922268222847
005133,College Of The Albemarle,College of the Albemarle,NC,South,2.0,36.324885,-76.219765,1.0,2.0,2.0,3.0,1271.0,2249.0,4751.0,0.1876,,,,0.0,3.0,-1.7009994187276227,-0.35199063767190186
003282,College of the Holy Cross,College of the Holy Cross,MA,Northeast,4.0,42.23752,-71.808214,2.0,3.0,1.0,21.0,3015.0,60850.0,36868.0,0.1473,0.211,1354.0,0.8961,1.0,4.0,3.116105557117417,1.4579620422082795
004100,College Of The Redwoods,College of the Redwoods,CA,West,1.0,40.698427,-124.195293,1.0,2.0,2.0,7.0,3514.0,1147.0,3214.0,0.3339,,,,0.0,3.0,-2.191147977477193,-0.7228460260990184
004071,College Of The Sequoias,College of the Sequoias,CA,West,4.0,36.323877,-119.315182,1.0,2.0,2.0,1.0,10752.0,1394.0,29.0,0.3515,,,,0.0,0.0,-2.1846226153157513,0.947582028512094
004087,College Of The Siskiyous,College of the Siskiyous,CA,West,1.0,41.413005,-122.38909,1.0,2.0,2.0,5.0,1080.0,1444.0,7241.0,0.2786,,,,0.0,3.0,-1.741563986142344,-1.052665935868797
007924,College of Western Idaho,College of Western Idaho,ID,West,1.0,43.614106,-116.507314,1.0,2.0,2.0,3.0,5898.0,3336.0,7697.0,0.2286,,,,0.0,3.0,-1.8859114344161807,-0.02103124875946734
005115,College of William and Mary,William & Mary,VA,South,3.0,37.269489,-76.708214,1.0,3.0,1.0,16.0,6949.0,25040.0,22529.0,0.1208,0.3272,1458.0,0.9101,0.0,0.0,-0.1622111827560174,1.5186363868053703
001134,College of Wooster,The College of Wooster,OH,Midwest,2.0,40.81046,-81.934674,2.0,3.0,1.0,21.0,1876.0,59550.0,25766.0,0.1952,0.5432,1370.0,0.7394,1.0,5.0,2.2310865097311305,0.0336243716107574
004659,Colorado Christian University,Colorado Christian University,CO,West,3.0,39.71388,-105.09456,2.0,3.0,1.0,18.0,5363.0,39266.0,25458.0,0.329,,,0.5532,1.0,2.0,1.4173856384628163,0.4432068358085151
004072,Colorado College,Colorado College,CO,West,4.0,38.84886,-104.822697,2.0,3.0,1.0,21.0,2139.0,67932.0,31678.0,0.1381,0.2003,1445.0,0.86,1.0,4.0,3.017388617250146,1.3375409479441631
001951,Collin County Community College District,Collin County Community College District,TX,South,3.0,33.16241,-96.63894,1.0,2.0,1.0,14.0,25857.0,1864.0,8986.0,0.1622,,,0.2181,0.0,0.0,-1.8164014242701527,1.6871844265357299
006133,College Of The Mainland,College of the Mainland,TX,South,4.0,29.39581,-94.999602,1.0,2.0,1.0,6.0,3342.0,1773.0,1975.0,0.2764,,,0.2825,0.0,0.0,-1.8441307069460056,0.5862527596485736
004085,College Of The Desert,College of the Desert,CA,West,4.0,33.732108,-116.388271,1.0,2.0,2.0,1.0,8900.0,1326.0,11812.0,0.3244,,,,0.0,0.0,-1.5074883390531615,1.1115584979538686
004117,College Of The Canyons,College of the Canyons,CA,West,3.0,34.403993,-118.568698,1.0,2.0,2.0,2.0,15365.0,1176.0,2114.0,0.1663,,,,0.0,0.0,-2.112166615711092,1.3953281891499492
003305,College of the Atlantic,College of the Atlantic,ME,Northeast,1.0,44.395258,-68.221517,2.0,3.0,1.0,21.0,358.0,46179.0,24028.0,0.2653,0.6502,,0.6923,1.0,5.0,1.8744928043446685,-1.500781459358969
006107,College of St. Scholastica,The College of Saint Scholastica,MN,Midwest,4.0,46.816082,-92.106134,2.0,3.0,1.0,17.0,1725.0,40454.0,23949.0,0.2322,0.9378,1190.0,0.6299,1.0,2.0,1.7835469448095684,0.5307278920548716
002091,College of St. Rose,The College of Saint Rose,NY,Northeast,4.0,42.664297,-73.786661,2.0,3.0,1.0,18.0,1238.0,37452.0,23819.0,0.3862,0.734,,0.5095,1.0,2.0,1.672731563212505,-0.15060502210282029
004136,College of Southern Nevada,College of Southern Nevada,NV,West,4.0,36.158114,-115.233099,1.0,2.0,1.0,14.0,27341.0,4110.0,6329.0,0.2957,,,0.1785,0.0,0.0,-1.8691231071435497,1.708550906197629
004114,College Of Southern Idaho,College of Southern Idaho,ID,West,4.0,42.579837,-114.473901,1.0,2.0,1.0,6.0,3476.0,3360.0,7005.0,0.1871,,,0.3509,0.0,0.0,-1.451687427495065,1.0777837284159333
004070,College Of San Mateo,College of San Mateo,CA,West,4.0,37.535698,-122.334801,1.0,2.0,2.0,2.0,7359.0,1332.0,1504.0,0.1271,,,,0.0,0.0,-1.8767499604937694,1.5703401585109182
005114,College of Notre Dame of Maryland,Notre Dame of Maryland University,MD,South,4.0,39.350612,-76.619739,2.0,3.0,1.0,18.0,684.0,41910.0,24536.0,0.3227,0.8647,,0.5195,1.0,2.0,1.8770955246637826,-0.21676504660059184
005113,College of Charleston,College of Charleston,SC,South,4.0,32.784225,-79.939794,1.0,3.0,1.0,19.0,10366.0,12978.0,19518.0,0.1947,0.72,1238.0,0.6498,0.0,0.0,-0.6847930278143924,1.7452256402887272
001035,College for Creative Studies,College for Creative Studies,MI,Midwest,4.0,42.361839,-83.062352,2.0,3.0,1.0,30.0,1285.0,51355.0,33342.0,0.2826,0.9276,,0.6962,1.0,4.0,2.6190841472016775,0.4068606407890998
004484,Colorado Mesa University,Colorado Mesa University,CO,West,4.0,39.080643,-108.553275,1.0,3.0,1.0,22.0,7604.0,9712.0,15331.0,0.274,0.8139,1070.0,0.4152,0.0,0.0,-1.0049636070345467,1.3131666832676208
004665,Colorado Northwestern Cmty Col,Colorado Northwestern Community College,CO,West,1.0,40.081112,-108.790048,1.0,2.0,2.0,5.0,500.0,4454.0,12316.0,0.1764,,,,0.0,3.0,-1.1824423183361195,-0.9833257195015248
003211,Colorado Sch Trades,Colorado School of Trades,CO,West,3.0,39.74181,-105.104174,3.0,2.0,2.0,11.0,108.0,,22635.0,0.2821,0.7692,,,,,,
004073,Colorado School of Mines,Colorado School of Mines,CO,West,3.0,39.751443,-105.223364,1.0,3.0,1.0,15.0,5801.0,21186.0,29240.0,0.1333,0.5971,1403.0,0.8012,0.0,0.0,0.11286865373404555,1.5318656332299714
006903,Colorado State Univ Global,Colorado State University Global,CO,West,4.0,39.724786,-104.786666,1.0,3.0,1.0,18.0,6202.0,8400.0,14099.0,0.2427,0.9286,,,0.0,0.0,-1.054413326720807,1.2974788670011754
004075,Colorado State University,Colorado State University-Fort Collins,CO,West,4.0,40.574805,-105.080732,1.0,3.0,1.0,15.0,25148.0,12896.0,20332.0,0.1889,0.8959,,0.6691,0.0,0.0,-0.763152140026858,2.292023770341228
004611,Colorado State University Pueblo,Colorado State University Pueblo,CO,West,4.0,38.30859,-104.579033,1.0,3.0,1.0,19.0,3028.0,9401.0,12948.0,0.2785,0.9984,1005.0,0.3798,0.0,0.0,-1.0018512338612484,0.808283753067491
004133,Colorado Tech,Colorado Technical University-Colorado Springs,CO,West,4.0,38.895069,-104.85716,3.0,3.0,1.0,17.0,25932.0,12760.0,14954.0,0.6832,,,0.1761,0.0,1.0,-0.336204711978153,0.06821975523808418
004077,Columbia Basin College,Columbia Basin College,WA,West,3.0,46.25216,-119.12103,1.0,2.0,1.0,23.0,4226.0,6194.0,8302.0,0.2406,,,0.2765,0.0,0.0,-1.4876360241869726,0.6140897636430751
001135,Columbia College,Columbia College Chicago,IL,Midwest,4.0,41.874261,-87.624667,2.0,3.0,1.0,19.0,6294.0,32520.0,26788.0,0.4318,0.9117,,0.4846,1.0,2.0,1.3429082909927277,0.455197437490278
005117,Columbia College,Columbia College,SC,South,4.0,34.045581,-81.029967,2.0,3.0,1.0,20.0,1245.0,21450.0,23650.0,0.5313,0.9579,,0.5346,1.0,2.0,0.9630904805246308,-0.7982738257572941
004108,Columbia College,Columbia College,CA,West,1.0,38.030367,-120.388385,1.0,2.0,2.0,1.0,1917.0,1547.0,15468.0,0.22,,,,0.0,3.0,-1.3434959411421956,-0.44949053343996875
006095,Columbia College,Columbia College,MO,Midwest,4.0,38.957388,-92.326354,2.0,3.0,1.0,18.0,5359.0,24326.0,24051.0,0.4412,,,0.4537,1.0,2.0,0.9687817902954616,0.2529199174707686
003185,Columbia Gorge CC,Columbia Gorge Community College,OR,West,2.0,45.590724,-121.190197,1.0,2.0,2.0,3.0,515.0,5544.0,10550.0,0.2148,,,,0.0,3.0,-1.1592302589614787,-0.713677976736286
002138,Columbia Greene Community Coll,Columbia-Greene Community College,NY,Northeast,1.0,42.217613,-73.818113,1.0,2.0,2.0,2.0,900.0,5904.0,5576.0,0.2951,,,,0.0,3.0,-1.5864934333435186,-1.2380745992843332
005116,Columbia International University,Columbia International University,SC,South,4.0,34.07551,-81.07443,2.0,3.0,1.0,19.0,690.0,27900.0,21660.0,0.2827,0.9758,,0.6552,1.0,2.0,1.3326056949446852,-0.2004376179167641
007707,Columbia U Occup Thrpy Ms Prgm,Columbia University in the City of New York,NY,Northeast,4.0,40.808286,-73.961885,2.0,3.0,1.0,15.0,8899.0,69045.0,20148.0,0.2254,0.0423,1547.0,0.9496,1.0,4.0,2.241277726689726,1.538876011787975
002594,Columbia U Sch Continuing Educ,Columbia University in the City of New York,NY,Northeast,4.0,40.808286,-73.961885,2.0,3.0,1.0,15.0,8899.0,69045.0,20148.0,0.2254,0.0423,1547.0,0.9496,1.0,4.0,2.241277726689726,1.538876011787975
002095,Columbia Univ General Studies,Columbia University in the City of New York,NY,Northeast,4.0,40.808286,-73.961885,2.0,3.0,1.0,15.0,8899.0,69045.0,20148.0,0.2254,0.0423,1547.0,0.9496,1.0,4.0,2.241277726689726,1.538876011787975
001085,Columbus College of Art and Design,Columbus College of Art & Design,OH,Midwest,4.0,39.966074,-82.989479,2.0,3.0,1.0,30.0,891.0,39650.0,30139.0,0.3975,0.7174,,0.6133,1.0,2.0,2.0657387938555574,-0.2967232740844402
002111,Columbia Univ Engin & App Sci,Columbia University in the City of New York,NY,Northeast,4.0,40.808286,-73.961885,2.0,3.0,1.0,15.0,8899.0,69045.0,20148.0,0.2254,0.0423,1547.0,0.9496,1.0,4.0,2.241277726689726,1.538876011787975
002142,Columbia U Nursing,Columbia University in the City of New York,NY,Northeast,4.0,40.808286,-73.961885,2.0,3.0,1.0,15.0,8899.0,69045.0,20148.0,0.2254,0.0423,1547.0,0.9496,1.0,4.0,2.241277726689726,1.538876011787975
001081,Columbia State Community Coll,Columbia State Community College,TN,South,2.0,35.616757,-87.101917,1.0,2.0,2.0,1.0,3679.0,4904.0,4576.0,0.2999,,,,0.0,3.0,-1.8819404722485575,-0.20862376379748862
005097,Columbia Junior College of Business,Columbia College,SC,South,4.0,34.045581,-81.029967,2.0,3.0,1.0,20.0,1245.0,21450.0,23650.0,0.5313,0.9579,,0.5346,1.0,2.0,0.9630904805246308,-0.7982738257572941
005123,Columbus State University,Columbus State University,GA,South,4.0,32.50096,-84.94106,1.0,3.0,1.0,18.0,5537.0,5751.0,11889.0,0.444,0.9924,994.0,0.4174,0.0,0.0,-1.4025312849952536,0.4072133678698026
007031,Commonwealth Inst of Funeral Service,Commonwealth Institute of Funeral Service,TX,South,4.0,29.989545,-95.430153,2.0,2.0,2.0,12.0,382.0,15313.0,42938.0,0.3564,,,,1.0,2.0,2.126125415326775,-0.5381038855014111
002025,Community C Alleghny Co North,Community College of Allegheny County,PA,Northeast,4.0,40.450908,-80.018453,1.0,2.0,2.0,8.0,9305.0,4842.0,8166.0,0.2925,,,,0.0,0.0,-1.4846075382827866,1.1750589715964934
005781,Community Christian College,Community Christian College,CA,West,4.0,34.068664,-117.217101,2.0,2.0,2.0,3.0,428.0,9695.0,20033.0,0.7897,,,,1.0,1.0,0.3989551671343366,-2.2802041436037994
005131,Community Cl Baltimore Harbor,Baltimore City Community College,MD,South,4.0,39.319978,-76.662878,1.0,2.0,2.0,4.0,3234.0,3314.0,9769.0,0.4059,,,,0.0,0.0,-1.4760248116066006,0.23134775312087355
005137,Community Colg Baltimore Cnty,Baltimore City Community College,MD,South,4.0,39.319978,-76.662878,1.0,2.0,2.0,4.0,3234.0,3314.0,9769.0,0.4059,,,,0.0,0.0,-1.4760248116066006,0.23134775312087355
005051,Community Coll Baltimore Lbrty,Baltimore City Community College,MD,South,4.0,39.319978,-76.662878,1.0,2.0,2.0,4.0,3234.0,3314.0,9769.0,0.4059,,,,0.0,0.0,-1.4760248116066006,0.23134775312087355
002682,Community Coll Of Philadelphia,Community College of Philadelphia,PA,Northeast,4.0,39.962458,-75.165604,1.0,2.0,2.0,1.0,11312.0,4632.0,12293.0,0.5325,,,,0.0,0.0,-1.4849725504591949,0.4821019330638623
002126,Community College Beaver Co,Community College of Beaver County,PA,Northeast,3.0,40.655601,-80.305876,1.0,2.0,2.0,7.0,1092.0,7290.0,6980.0,0.2531,,,,0.0,3.0,-1.2301577689667071,-0.15145570063983943
000969,Community College of Aurora,Community College of Aurora,CO,West,4.0,39.71788,-104.802673,1.0,2.0,2.0,3.0,3346.0,4030.0,7466.0,0.1647,,,,0.0,0.0,-1.3838805031425037,1.1484450976560163
004137,Community College of Denver,Community College of Denver,CO,West,4.0,39.741413,-105.001044,1.0,2.0,1.0,14.0,5156.0,4902.0,9431.0,0.3098,,,0.1579,0.0,0.0,-1.4312789666277852,0.8835985772153664
003286,Community College of Vermont,Community College of Vermont,VT,Northeast,1.0,44.280811,-72.573774,1.0,2.0,2.0,6.0,3093.0,3560.0,10599.0,0.2818,,,,0.0,3.0,-1.570250552786312,-0.5282383226235468
003733,Community College Rhode Island,Community College of Rhode Island,RI,Northeast,4.0,41.712817,-71.481509,1.0,2.0,2.0,1.0,11455.0,5326.0,5240.0,0.4298,,,,0.0,0.0,-1.7638721465068161,0.7570927323916258
004078,Compton Community College,Compton College,CA,West,3.0,33.878226,-118.209463,1.0,2.0,2.0,6.0,2881.0,1142.0,11103.0,0.2712,,,,0.0,0.0,-1.453584479484041,0.3238081215860437
006112,Conception Seminary College,Conception Seminary College,MO,Midwest,1.0,40.24044,-94.682831,2.0,3.0,1.0,24.0,32.0,25208.0,33216.0,0.1154,1.0,1250.0,0.6429,1.0,5.0,2.169126021271814,-2.203020025114833
006116,Concordia College,Concordia University-Nebraska,NE,Midwest,2.0,40.914853,-97.089054,2.0,3.0,1.0,18.0,1270.0,39330.0,24016.0,0.1136,0.9004,1148.0,0.6408,1.0,5.0,1.6542752362932414,-0.024307560592046834
006113,Concordia College: Moorhead,Concordia College at Moorhead,MN,Midwest,3.0,46.862482,-96.76749,2.0,3.0,1.0,21.0,1721.0,30020.0,25651.0,0.1976,0.6306,1192.0,0.7183,1.0,2.0,1.4694765964121146,0.20076223184928502
006127,Concordia University,Concordia University Texas,TX,South,4.0,30.420232,-97.835703,2.0,3.0,1.0,18.0,1388.0,36690.0,22240.0,0.3978,0.9106,988.0,0.4051,1.0,2.0,1.4304638775304004,-0.19715185053237685
004069,Concordia University,Concordia University-Irvine,CA,West,4.0,33.653665,-117.812305,2.0,3.0,1.0,17.0,1456.0,41390.0,28046.0,0.2295,0.5986,,0.625,1.0,2.0,2.0169690235415243,0.6071596176420565
001140,Concordia University Chicago,Concordia University-Chicago,IL,Midwest,3.0,41.898696,-87.809482,2.0,3.0,1.0,18.0,1337.0,36258.0,16774.0,0.4458,0.9336,,0.474,1.0,2.0,1.0316402756212035,-0.8799835552211555
001139,Concordia University Wisconsin,Concordia University-Wisconsin,WI,Midwest,3.0,43.253387,-87.91552,2.0,3.0,1.0,17.0,2310.0,34250.0,26067.0,0.2247,0.6753,1250.0,0.6431,1.0,2.0,1.5520647578866023,0.28318502454823485
003284,Connecticut College,Connecticut College,CT,Northeast,4.0,41.379833,-72.107321,2.0,3.0,1.0,21.0,1960.0,64812.0,33998.0,0.1432,0.3828,1412.0,0.8375,1.0,4.0,3.151810720331588,1.245671590984417
006117,Connors State College,Connors State College,OK,South,1.0,35.492873,-95.319541,1.0,2.0,2.0,4.0,1672.0,3704.0,11716.0,0.4739,,,,0.0,3.0,-1.6664734554763532,-1.527041943312071
002097,Cooper Union,The Cooper Union for the Advancement of Science and Art,NY,Northeast,4.0,40.728148,-73.991609,2.0,3.0,1.0,22.0,891.0,46820.0,16478.0,0.2792,0.1905,1480.0,0.8032,1.0,2.0,1.6949915952382832,0.022425615118138717
002564,Cooking Inst Chicago,School of the Art Institute of Chicago,IL,Midwest,4.0,41.88105,-87.625758,2.0,3.0,1.0,30.0,2762.0,54530.0,49822.0,0.1911,0.7642,,0.6402,1.0,4.0,3.5453515785147096,1.353501589913356
001115,Conservatory of Music of Puerto Rico,Puerto Rico Conservatory of Music,PR,Other/Territory,4.0,18.454016,-66.078811,1.0,3.0,1.0,30.0,295.0,3370.0,5244.0,0.6598,0.8101,,0.5714,0.0,1.0,-1.5005200738114568,-1.8975036070245148
001142,Copiah-Lincoln Community Coll,Copiah-Lincoln Community College,MS,South,1.0,31.69272,-90.400234,1.0,2.0,2.0,4.0,1948.0,4000.0,3472.0,0.3838,,,,0.0,3.0,-2.0523368422021506,-1.2461925454028757
003889,Copper Mountain College,Copper Mountain Community College,CA,West,1.0,34.140464,-116.213939,1.0,2.0,2.0,1.0,1090.0,1114.0,7962.0,0.4432,,,,0.0,3.0,-1.840611725676276,-1.6197015754181445
005122,Coppin State College,Coppin State University,MD,South,4.0,39.311258,-76.658687,1.0,3.0,1.0,20.0,1756.0,7001.0,6007.0,0.5304,0.4956,,0.2559,0.0,0.0,-1.5668175997016154,-0.5364542597372858
006119,Cornell College,Cornell College,IA,Midwest,2.0,41.924554,-91.423741,2.0,3.0,1.0,21.0,1074.0,50634.0,25079.0,0.2896,0.8066,1246.0,0.7167,1.0,5.0,1.9412091692494873,-0.6399007427566878
002098,Cornell University,Cornell University,NY,Northeast,4.0,42.4472,-76.483084,2.0,3.0,1.0,15.0,15935.0,66014.0,32337.0,0.1821,0.0816,1520.0,0.9514,1.0,4.0,2.743684036576259,2.1273208926717357
002106,Corning Community College,SUNY Corning Community College,NY,Northeast,1.0,42.116736,-77.072138,1.0,2.0,2.0,3.0,1249.0,5966.0,8488.0,0.1712,,,,0.0,3.0,-1.3850762436349409,-0.5998857099269362
000058,Cornish College of the Arts,Cornish College of the Arts,WA,West,4.0,47.618174,-122.336238,2.0,3.0,1.0,30.0,480.0,39913.0,39060.0,0.3002,0.7046,,0.5198,1.0,2.0,2.6786943391398066,-0.046276986329609665
004121,Cosumnes River College,Cosumnes River College,CA,West,4.0,38.45295,-121.423108,1.0,2.0,2.0,5.0,13527.0,1288.0,4648.0,0.2521,,,,0.0,0.0,-1.9006998757303424,1.4737029965954442
006120,Cottey College,Cottey College,MO,Midwest,2.0,37.836127,-94.371311,2.0,3.0,1.0,23.0,266.0,26209.0,18154.0,0.4534,0.6631,1190.0,0.6145,1.0,5.0,0.929749925841231,-2.1545968559879403
002124,County College Of Morris,County College of Morris,NJ,Northeast,3.0,40.859141,-74.579873,1.0,2.0,2.0,2.0,5315.0,6210.0,9259.0,0.2393,,,,0.0,0.0,-1.3762061112651067,0.7021480103882108
006124,Covenant College,Covenant College,GA,South,3.0,34.965161,-85.375066,2.0,3.0,1.0,21.0,858.0,40464.0,24832.0,0.1845,0.8176,1254.0,0.7186,1.0,2.0,1.8014799632779686,-0.03137261958581633
004126,Crafton Hills College,Crafton Hills College,CA,West,3.0,34.039178,-117.101173,1.0,2.0,2.0,1.0,5074.0,1188.0,10655.0,0.1461,,,,0.0,0.0,-1.4681610483305483,1.037501629592856
005148,Craven Community College,Craven Community College,NC,South,2.0,35.111516,-77.102232,1.0,2.0,2.0,2.0,1877.0,2022.0,4402.0,0.3426,,,,0.0,3.0,-1.9058512486314283,-0.7116077478717141
006121,Creighton University,Creighton University,NE,Midwest,4.0,41.265361,-95.947811,2.0,3.0,1.0,16.0,4231.0,47000.0,32380.0,0.1061,0.7231,1324.0,0.8052,1.0,4.0,2.3872546501105236,1.574939816347279
000794,Criswell College,Criswell College,TX,South,4.0,32.793513,-96.77669,2.0,3.0,1.0,22.0,118.0,14310.0,12929.0,0.3443,0.9167,,0.5714,1.0,2.0,0.6850525614110641,-1.491981346063031
002109,Crouse Hospital,Pomeroy College of Nursing at Crouse Hospital,NY,Northeast,3.0,43.101054,-76.056002,2.0,2.0,2.0,10.0,179.0,19228.0,22322.0,0.3488,0.4,,,1.0,2.0,1.255869994929424,-1.5150954866091477
006138,Crowder College,Crowder College,MO,Midwest,2.0,36.814906,-94.368315,1.0,2.0,2.0,4.0,2622.0,6180.0,5161.0,0.3463,,,,0.0,3.0,-1.739642972151712,-0.5325809740592649
006131,Crowleys Ridge College,Crowley's Ridge College,AR,South,1.0,36.064845,-90.584395,2.0,3.0,1.0,22.0,162.0,16440.0,17236.0,0.48,,,0.2609,1.0,5.0,0.4694612116653247,-2.9644803001629896
006639,Crown College,Crown College,MN,Midwest,1.0,44.885393,-93.743019,2.0,3.0,1.0,19.0,789.0,30200.0,27324.0,0.2446,0.6281,,0.6434,1.0,5.0,1.4116430508315876,-1.140280009452267
003301,Culinary Institute Of America,Culinary Institute of America,NY,Northeast,3.0,41.745806,-73.933231,2.0,2.0,1.0,30.0,2988.0,38410.0,31864.0,0.2789,0.9176,1089.0,0.6467,1.0,4.0,1.9574951104389429,0.3708881821233329
006123,Culver-Stockton College,Culver-Stockton College,MO,Midwest,1.0,40.128993,-91.529374,2.0,3.0,1.0,22.0,884.0,29915.0,22080.0,0.3578,0.98,1020.0,0.5017,1.0,5.0,1.0187055215528051,-1.556762042014047
001146,Cumberland University,Cumberland University,TN,South,2.0,36.204514,-86.298782,2.0,3.0,1.0,19.0,2053.0,27840.0,18292.0,0.3254,0.67,,0.4698,1.0,5.0,0.7112884964675464,-0.6752610500197486
002046,CUNY Brooklyn College,CUNY Brooklyn College,NY,Northeast,4.0,40.631517,-73.949898,1.0,3.0,1.0,18.0,10443.0,7452.0,2943.0,0.5639,0.5366,1310.0,0.5658,0.0,0.0,-1.9111601482913714,0.22130651021742204
002778,CUNY College of Staten Island,College of Staten Island CUNY,NY,Northeast,4.0,40.601831,-74.14849,1.0,3.0,1.0,18.0,9387.0,7490.0,5115.0,0.4925,,,0.3278,0.0,0.0,-1.7227564812224612,0.4502002915817486
003988,Cuny Graduate Center,CUNY Graduate School and University Center,NY,Northeast,4.0,40.748612,-73.983822,1.0,3.0,1.0,15.0,3067.0,7410.0,,0.3788,0.3861,,,,,,
002115,CUNY John Jay Col Criminal Justice,CUNY John Jay College of Criminal Justice,NY,Northeast,4.0,40.770351,-73.98841,1.0,3.0,1.0,18.0,11340.0,7470.0,3046.0,0.5919,0.5722,1140.0,0.5549,0.0,0.0,-1.9393992156865543,0.16493419968500855
002312,CUNY Lehman College,CUNY Lehman College,NY,Northeast,4.0,40.872962,-73.895379,1.0,3.0,1.0,18.0,10438.0,7410.0,3482.0,0.6053,0.5543,1010.0,0.4929,0.0,0.0,-1.9153153983772717,0.08249411807263689
007585,Cuny School Prof Studies,CUNY Graduate School and University Center,NY,Northeast,4.0,40.748612,-73.983822,1.0,3.0,1.0,15.0,3067.0,7410.0,,0.3788,0.3861,,,,,,
002992,CUNY York College,CUNY York College,NY,Northeast,4.0,40.701576,-73.796313,1.0,3.0,1.0,20.0,4439.0,7358.0,4734.0,0.4343,0.5942,1100.0,0.3027,0.0,0.0,-1.586032557021858,0.27950994907397175
002083,CUNY: City College,CUNY City College,NY,Northeast,4.0,40.819846,-73.948542,1.0,3.0,1.0,16.0,11934.0,7340.0,3486.0,0.5958,0.5807,1340.0,0.5466,0.0,0.0,-1.9307366428053783,0.18162859736350634
003285,Curry College,Curry College,MA,Northeast,3.0,42.238061,-71.116539,2.0,3.0,1.0,20.0,1757.0,46220.0,29504.0,0.2831,0.9205,1130.0,0.4825,1.0,4.0,2.1450840051444207,0.11141220218532762
002100,Curtis Institute of Music,Curtis Institute of Music,PA,Northeast,4.0,39.948857,-75.170727,2.0,3.0,1.0,30.0,106.0,6000.0,,0.0097,0.0695,,0.9474,,,,
002750,CUNY Queens College,CUNY Queens College,NY,Northeast,4.0,40.736416,-73.820053,1.0,3.0,1.0,18.0,13060.0,7538.0,3830.0,0.4772,0.6852,1210.0,0.6016,0.0,0.0,-1.8295121399316199,0.6495967067645531
002460,CUNY Medgar Evers College,CUNY Medgar Evers College,NY,Northeast,4.0,40.666256,-73.957076,1.0,3.0,1.0,21.0,3404.0,7352.0,5881.0,0.5679,0.8339,980.0,0.2229,0.0,0.0,-1.5861611459910214,-0.3059789229255103
002301,CUNY Hunter College,CUNY Hunter College,NY,Northeast,4.0,40.768669,-73.964795,1.0,3.0,1.0,18.0,16642.0,7382.0,2446.0,0.5501,0.5405,1350.0,0.6099,0.0,0.0,-2.0016444657593087,0.4925151018544281
002063,CUNY Borough of Manhattan CC,CUNY Borough of Manhattan Community College,NY,Northeast,4.0,40.71879,-74.011826,1.0,2.0,2.0,1.0,16850.0,5170.0,4907.0,0.5674,,,,0.0,0.0,-1.9518202734692447,0.4575618476013783
002034,CUNY Baruch College,CUNY Bernard M Baruch College,NY,Northeast,4.0,40.740238,-73.983417,1.0,3.0,1.0,18.0,15734.0,7464.0,2978.0,0.5533,0.5048,1310.0,0.7211,0.0,0.0,-1.9645173131365867,0.4614170187167216
004252,Cuyamaca College,Cuyamaca College,CA,West,3.0,32.744305,-116.942854,1.0,2.0,2.0,2.0,6788.0,1340.0,6187.0,0.2378,,,,0.0,0.0,-1.8176596242226566,0.7977171780487702
007149,Dakota County Tech C,Dakota County Technical College,MN,Midwest,1.0,44.737255,-93.07805,1.0,2.0,2.0,7.0,2083.0,6419.0,11140.0,0.2713,,,,0.0,3.0,-1.4388496697087887,-0.7058576129382218
006247,Dakota State University,Dakota State University,SD,Midwest,2.0,44.013014,-97.113358,1.0,3.0,1.0,19.0,1969.0,9633.0,19725.0,0.1596,0.9787,1129.0,0.493,0.0,3.0,-0.6709348904290504,0.2059227065815352
006159,Dallas Baptist University,Dallas Baptist University,TX,South,4.0,32.710017,-96.947006,2.0,3.0,1.0,17.0,2526.0,38140.0,30092.0,0.239,0.9108,1109.0,0.6041,1.0,4.0,1.9218541850176512,0.7745081038339321
000792,Dallas Christian College,Dallas Christian College,TX,South,3.0,32.913692,-96.887117,2.0,3.0,1.0,22.0,272.0,20260.0,22456.0,0.5219,0.8403,1022.0,0.2391,1.0,1.0,0.988052209352656,-1.9459946705559212
006607,Dallas College,Dallas College,TX,South,4.0,32.766319,-96.794036,1.0,2.0,1.0,6.0,41815.0,2370.0,4146.0,0.2291,,,0.3553,0.0,0.0,-2.066792762062958,2.0330719464327522
006519,Dallas College North Lake,Dallas College,TX,South,4.0,32.766319,-96.794036,1.0,2.0,1.0,6.0,41815.0,2370.0,4146.0,0.2291,,,0.3553,0.0,0.0,-2.066792762062958,2.0330719464327522
007032,Dallas I Funrl Srvc,Dallas Institute of Funeral Service,TX,South,4.0,32.771368,-96.683404,2.0,2.0,2.0,12.0,483.0,13496.0,19845.0,0.4674,,,,1.0,2.0,0.7173532586481494,-1.1429652965899553
003351,Dartmouth College,Dartmouth College,NH,Northeast,2.0,43.704115,-72.289949,2.0,3.0,1.0,15.0,4367.0,65739.0,28619.0,0.1483,0.0623,1533.0,0.9596,1.0,4.0,2.5264340013857227,0.7394066467925249
005167,Dalton College,Dalton State College,GA,South,4.0,34.774221,-85.002775,1.0,3.0,1.0,22.0,4419.0,3283.0,4694.0,0.4977,,,0.2959,0.0,0.0,-1.8667784495316044,-0.007885429519306507
006155,Dakota Wesleyan University,Dakota Wesleyan University,SD,Midwest,2.0,43.697432,-98.031188,2.0,3.0,1.0,22.0,661.0,32890.0,19300.0,0.2628,0.7277,,0.4643,1.0,5.0,1.1963341222304118,-0.9773121151193248
005150,Davidson College,Davidson College,NC,South,3.0,35.499767,-80.843979,2.0,3.0,1.0,21.0,1901.0,60300.0,18127.0,0.1655,0.1448,1448.0,0.9189,1.0,4.0,1.929592200092798,0.46164088844167284
005151,Davis and Elkins College,Davis & Elkins College,WV,South,2.0,38.931232,-79.846022,2.0,3.0,1.0,22.0,681.0,31270.0,19428.0,0.4031,0.5823,985.0,0.366,1.0,5.0,0.9866360717946459,-1.4553150880965438
002233,Davis College,Davis College,NY,Northeast,1.0,43.730713,-73.812057,2.0,3.0,1.0,24.0,88.0,17500.0,14320.0,0.3562,0.3333,,0.3889,1.0,5.0,0.6430410257248763,-2.8251841580576675
004280,Dawson Community College,Dawson Community College,MT,West,2.0,47.085396,-104.725485,1.0,2.0,2.0,3.0,226.0,4485.0,10094.0,0.2684,,,,0.0,3.0,-1.128789002273736,-1.3205631560063416
005159,Daytona State College,Daytona State College,FL,South,4.0,29.20278,-81.049513,1.0,2.0,1.0,23.0,9367.0,3106.0,7201.0,0.3393,,,0.4123,0.0,0.0,-1.7335730765677355,0.9537488378135389
004286,De Anza College,De Anza College,CA,West,4.0,37.319914,-122.045783,1.0,2.0,2.0,5.0,14978.0,1562.0,4667.0,0.1799,,,,0.0,0.0,-1.8519456869075002,1.7801349437738516
003352,Dean College,Dean College,MA,Northeast,3.0,42.085634,-71.397813,2.0,3.0,1.0,22.0,1142.0,44960.0,30236.0,0.296,0.7371,,0.4317,1.0,2.0,2.20339639752707,-0.14436864308596103
006160,Del Mar College,Del Mar College,TX,South,4.0,27.763619,-97.40762,1.0,2.0,1.0,7.0,9038.0,3440.0,4250.0,0.3323,,,0.128,0.0,0.0,-1.8701621827641557,0.922231251847898
001162,Defiance College,Defiance College,OH,Midwest,2.0,41.296842,-84.357075,2.0,3.0,1.0,22.0,454.0,38778.0,23722.0,0.4795,0.4243,,0.3667,1.0,5.0,1.501158645235882,-1.8267623552858174
002125,Delaware County Community Coll,Delaware County Community College,PA,Northeast,3.0,39.966724,-75.39308,1.0,2.0,2.0,4.0,7065.0,6660.0,7395.0,0.398,,,,0.0,0.0,-1.6281322838818004,0.2611176613791219
005153,Delaware State University,Delaware State University,DE,South,4.0,39.187173,-75.54053,1.0,3.0,1.0,19.0,4630.0,10314.0,15745.0,0.4335,0.6167,984.0,0.3866,0.0,0.0,-1.0239499408502126,0.43806827284836986
005154,Delaware Tech Cmty Clg Wlmngtn,Delaware College of Art and Design,DE,South,4.0,39.741947,-75.549882,2.0,2.0,2.0,12.0,104.0,30280.0,31763.0,0.4016,0.6103,,,1.0,2.0,2.1450610945023203,-1.3944031666808074
002510,Delaware Valley College,Delaware Valley University,PA,Northeast,3.0,40.298659,-75.158452,2.0,3.0,1.0,20.0,1644.0,43300.0,27243.0,0.2921,0.9249,1180.0,0.522,1.0,2.0,1.9402172713967663,-0.0027758314285840037
001816,Delta College,Delta College,MI,Midwest,1.0,43.559491,-83.985943,1.0,2.0,2.0,1.0,6061.0,4640.0,4550.0,0.3536,,,,0.0,3.0,-2.0730960954958366,-0.5707822432291517
001163,Delta State University,Delta State University,MS,South,2.0,33.744745,-90.735365,1.0,3.0,1.0,18.0,1613.0,8605.0,13778.0,0.4314,0.9968,1091.0,0.4686,0.0,3.0,-1.2523916117740597,-0.9279122694991626
001164,Denison University,Denison University,OH,Midwest,3.0,40.071505,-82.523272,2.0,3.0,1.0,21.0,2398.0,64000.0,38111.0,0.128,0.1693,1395.0,0.8006,1.0,4.0,3.1557899520499015,0.9972483310009278
007419,Denver College Of Nursing,Denver College of Nursing,CO,West,4.0,39.75303,-104.994725,3.0,3.0,1.0,26.0,949.0,,,0.2514,,,,,,,
001165,DePaul University,DePaul University,IL,Midwest,4.0,41.877618,-87.62724,2.0,3.0,1.0,16.0,14283.0,44460.0,29141.0,0.3066,0.7353,1254.0,0.7,1.0,4.0,1.7953190943535642,1.408628748440201
001166,DePauw University,DePauw University,IN,Midwest,2.0,39.640904,-86.860363,2.0,3.0,1.0,21.0,1804.0,57070.0,24546.0,0.1575,0.5406,1287.0,0.8,1.0,5.0,2.126550358287815,0.11444479286996552
002021,Desales University,DeSales University,PA,Northeast,3.0,40.539091,-75.375608,2.0,3.0,1.0,17.0,2113.0,44800.0,30465.0,0.2288,0.7858,1199.0,0.7102,1.0,4.0,2.1667559527083022,0.3977433508346088
003492,Design Inst S Diego,Design Institute of San Diego,CA,West,4.0,32.880926,-117.167374,3.0,3.0,1.0,30.0,92.0,29350.0,31293.0,0.5484,0.875,,0.5,1.0,2.0,2.0123392460924827,-1.9050148299243812
001171,DeVry University Chicago,University of Chicago,IL,Midwest,4.0,41.787994,-87.599539,2.0,3.0,1.0,15.0,7540.0,66939.0,18967.0,0.1447,0.0479,1554.0,0.9491,1.0,4.0,2.14996487611465,1.666283493921846
006585,Devry University San Diego,University of San Diego,CA,West,4.0,32.770816,-117.192073,2.0,3.0,1.0,16.0,5619.0,56444.0,31265.0,0.1935,0.4675,,0.8158,1.0,4.0,2.4581530759466057,1.5401450019448246
004295,Diablo Valley College,Diablo Valley College,CA,West,3.0,37.968516,-122.073142,1.0,2.0,2.0,1.0,14734.0,1312.0,6142.0,0.1673,,,,0.0,0.0,-1.887308570273412,1.4274596950720484
002186,Dickinson College,Dickinson College,PA,Northeast,4.0,40.202796,-77.197854,2.0,3.0,1.0,21.0,2157.0,63475.0,32191.0,0.1365,0.4308,,0.8342,1.0,4.0,3.00549637983574,1.2830945119334414
006164,Dillard University,Dillard University,LA,South,4.0,29.996587,-90.06464,2.0,3.0,1.0,21.0,1111.0,22194.0,18553.0,0.6781,0.4051,1089.0,0.451,1.0,1.0,0.6184448506061871,-1.4366313595041125
006477,Dickinson State University,Dickinson State University,ND,Midwest,2.0,46.882917,-102.799679,1.0,3.0,1.0,22.0,1108.0,9118.0,15270.0,0.2176,0.6005,,0.4339,0.0,3.0,-0.8793582726538948,-0.34639363833700254
006977,Devry Univ Raleigh-Durham,Shaw University,NC,South,4.0,35.771181,-78.637693,2.0,3.0,1.0,22.0,839.0,17176.0,14083.0,0.6515,0.3048,,0.2025,1.0,1.0,0.29329345035380067,-1.574913869332536
006092,DeVry Institute Technology Kansas City,Kansas City Art Institute,MO,Midwest,4.0,39.046353,-94.583594,2.0,3.0,1.0,30.0,782.0,43550.0,29555.0,0.4173,0.6035,,0.6491,1.0,2.0,2.156634894952169,-0.4139532344365233
004550,Dine College,Dine College,AZ,West,1.0,36.293328,-109.21684,1.0,2.0,1.0,33.0,1507.0,1410.0,10218.0,0.3895,,,0.0549,0.0,3.0,-1.7204438531349837,-1.2379972077854162
006174,Divine Word College,Divine Word College,IA,Midwest,1.0,42.441721,-90.934578,2.0,3.0,1.0,21.0,61.0,15000.0,,0.1176,,,1.0,,,,
006166,Dodge City Cmty College,Dodge City Community College,KS,Midwest,2.0,37.776891,-100.037481,1.0,2.0,2.0,5.0,1200.0,4650.0,6147.0,0.279,,,,0.0,3.0,-1.5598700909643717,-0.6772894194731981
001667,Dominican University,Dominican University,IL,Midwest,3.0,41.902678,-87.823003,2.0,3.0,1.0,18.0,2271.0,37844.0,15113.0,0.4934,0.798,1022.0,0.6236,1.0,2.0,0.8717424150001503,-0.7990566318769811
002190,Dominican University New York,Dominican University New York,NY,Northeast,3.0,41.047419,-73.950555,2.0,3.0,1.0,17.0,1083.0,33060.0,26187.0,0.4111,0.7883,1160.0,0.5677,1.0,2.0,1.5502567887932017,-0.7071896568627397
004284,Dominican University of California,Dominican University of California,CA,West,4.0,37.981279,-122.512051,2.0,3.0,1.0,19.0,1178.0,50666.0,34269.0,0.2986,0.9562,1194.0,0.7627,1.0,4.0,2.6073634091839266,0.4042007370070127
006296,Dona Ana Branch CC New Mexico State Univ,New Mexico State University-Dona Ana,NM,West,4.0,32.354486,-106.737172,1.0,2.0,2.0,5.0,4812.0,2322.0,4621.0,0.3437,,,,0.0,0.0,-1.7807076560320736,0.6475353435634669
006167,Donnelly College,Donnelly College,KS,Midwest,4.0,39.112346,-94.649827,2.0,2.0,1.0,23.0,343.0,10350.0,15025.0,0.6313,,,0.38,1.0,1.0,0.3488142032509647,-1.9845268947753851
002455,Dorothea Hopfer Sch Nursing,Montefiore School of Nursing,NY,Northeast,3.0,40.912133,-73.840582,2.0,2.0,2.0,10.0,115.0,,,0.3663,,,,,,,
006168,Drake University,Drake University,IA,Midwest,4.0,41.60129,-93.652163,2.0,3.0,1.0,17.0,2669.0,49944.0,30042.0,0.2095,0.6413,1288.0,0.7731,1.0,4.0,2.3430785171253157,0.9702241359864561
002193,Drew University,Drew University,NJ,Northeast,3.0,40.761829,-74.424584,2.0,3.0,1.0,21.0,1510.0,45360.0,25644.0,0.2723,0.6944,1247.0,0.7243,1.0,2.0,1.94504406987818,0.01608445068275916
002194,Drexel University,Drexel University,PA,Northeast,4.0,39.955217,-75.190051,2.0,3.0,1.0,15.0,13509.0,60663.0,38428.0,0.2516,0.7753,1337.0,0.7712,1.0,4.0,2.8807037457718914,1.8510148234923944
006169,Drury College,Drury University,MO,Midwest,4.0,37.219681,-93.286192,2.0,3.0,1.0,22.0,1367.0,35235.0,21523.0,0.272,0.5887,1212.0,0.6602,1.0,2.0,1.503098493775639,0.209295533751759
005174,Duke Univ Allied Health,Duke University,NC,South,4.0,36.001135,-78.937624,2.0,3.0,1.0,15.0,6417.0,65805.0,34454.0,0.1274,0.0678,1539.0,0.9583,1.0,4.0,2.925287333780957,1.863425290747553
005156,Duke University,Duke University,NC,South,4.0,36.001135,-78.937624,2.0,3.0,1.0,15.0,6417.0,65805.0,34454.0,0.1274,0.0678,1539.0,0.9583,1.0,4.0,2.925287333780957,1.863425290747553
005938,Dull Knife Memorial College,Chief Dull Knife College,MT,West,1.0,45.625568,-106.664593,1.0,2.0,2.0,33.0,226.0,2260.0,9594.0,0.3077,,,,0.0,3.0,-1.3711767815168157,-1.8875992419351446
002265,Dunwoody Inst,Dunwoody College of Technology,MN,Midwest,4.0,44.97281,-93.290608,2.0,2.0,1.0,23.0,1417.0,25659.0,27023.0,0.2929,0.9847,1050.0,0.627,1.0,2.0,1.4878372398061455,0.1682400055996958
002196,Duquesne University,Duquesne University,PA,Northeast,4.0,40.43589,-79.993123,2.0,3.0,1.0,16.0,5216.0,47146.0,34978.0,0.1814,0.7885,1257.0,0.7555,1.0,4.0,2.4927851220159907,1.4950717498777515
002198,Dutchess Community College,Dutchess Community College,NY,Northeast,3.0,41.724245,-73.904652,1.0,2.0,2.0,2.0,3696.0,5346.0,8433.0,0.1877,,,,0.0,0.0,-1.3501952619216282,0.6876948438654439
005172,Durham Technical Community Col,Durham Technical Community College,NC,South,4.0,35.974768,-78.8817,1.0,2.0,2.0,6.0,3195.0,1986.0,1183.0,0.3073,,,,0.0,0.0,-1.896722423758693,0.4457401979837257
001195,Earlham College,Earlham College,IN,Midwest,2.0,39.823431,-84.915037,2.0,3.0,1.0,21.0,612.0,51840.0,24516.0,0.25,0.7422,1250.0,0.6794,1.0,5.0,2.065013809133567,-0.7777504115568595
005180,East Carolina University,East Carolina University,NC,South,4.0,35.607186,-77.368291,1.0,3.0,1.0,16.0,19857.0,7361.0,16514.0,0.3134,0.9006,1143.0,0.6214,0.0,0.0,-1.2057075948569997,1.5709876715539923
001196,East Central Cmty College,East Central Community College,MS,South,1.0,32.441164,-89.113706,1.0,2.0,2.0,4.0,1584.0,3865.0,5770.0,0.4046,,,,0.0,3.0,-1.9175240836066694,-1.3906289136570622
000845,East Central College,East Central College,MO,Midwest,2.0,38.431845,-90.97809,1.0,2.0,2.0,5.0,1719.0,3888.0,12522.0,0.3306,,,,0.0,3.0,-1.33780927270814,-0.5987488220854563
006186,East Central U,East Central University,OK,South,2.0,34.771934,-96.663849,1.0,3.0,1.0,18.0,2157.0,8032.0,9287.0,0.3982,0.6555,1019.0,0.3274,0.0,3.0,-1.5290209311490324,-0.7332190360286758
005200,East Georgia State College,East Georgia State College,GA,South,2.0,32.594944,-82.309021,1.0,2.0,1.0,14.0,1368.0,2736.0,9380.0,0.4958,,,0.1376,0.0,3.0,-1.6870150002640611,-1.3337704617804766
004296,East Los Angeles College,East Los Angeles College,CA,West,3.0,34.040531,-118.148785,1.0,2.0,2.0,2.0,24401.0,1238.0,9791.0,0.2227,,,,0.0,0.0,-1.8156269902340105,1.5311394641687224
001197,East Mississippi Community Col,East Mississippi Community College,MS,South,1.0,32.830246,-88.483516,1.0,2.0,2.0,7.0,2914.0,3950.0,3880.0,0.4549,,,,0.0,3.0,-2.149149224660514,-1.2925371532827183
002650,East Stroudsburg Univ of PA,East Stroudsburg University of Pennsylvania,PA,Northeast,2.0,40.99599,-75.173905,1.0,3.0,1.0,18.0,4611.0,11036.0,15089.0,0.3987,0.9288,1078.0,0.4383,0.0,3.0,-1.1391650734000367,-0.22569066546515693
001198,East Tennessee State University,East Tennessee State University,TN,South,4.0,36.301643,-82.366954,1.0,3.0,1.0,16.0,9807.0,9950.0,15794.0,0.3519,0.8706,1114.0,0.4988,0.0,0.0,-1.086341426108907,1.0939526604384755
006187,East Texas Baptist University,East Texas Baptist University,TX,South,2.0,32.557847,-94.374488,2.0,3.0,1.0,20.0,1364.0,30050.0,23790.0,0.3141,0.601,,0.4797,1.0,5.0,1.1432709832110601,-0.7473298638760453
000798,East-West University,East-West University,IL,Midwest,4.0,41.871309,-87.624793,2.0,3.0,1.0,21.0,528.0,26100.0,21055.0,0.8015,,,0.2295,1.0,1.0,0.9457873420508532,-2.1880068746560086
003966,Eastern Connecticut State University,Eastern Connecticut State University,CT,Northeast,2.0,41.721673,-72.218753,1.0,3.0,1.0,20.0,3377.0,13292.0,20480.0,0.2817,0.8055,1200.0,0.5814,0.0,3.0,-0.6455884664227508,0.1211244683066483
005073,Eastern Florida State College,Eastern Florida State College,FL,South,4.0,28.170002,-80.670781,1.0,2.0,1.0,23.0,10162.0,2496.0,5939.0,0.2788,,,0.5122,0.0,0.0,-1.785515389315561,1.1856436859202784
002264,Eastern Gateway Comm College,Eastern Gateway Community College,OH,Midwest,4.0,40.376215,-80.668798,1.0,2.0,2.0,2.0,13293.0,4205.0,4181.0,0.2968,,,,0.0,0.0,-1.8279119527965417,1.2317341460692166
000975,Eastern Idaho Tec C,College of Eastern Idaho,ID,West,4.0,43.486041,-111.985519,1.0,2.0,2.0,8.0,1396.0,3390.0,8728.0,0.2679,,,,0.0,0.0,-1.2790148266975918,0.3673460590980761
001199,Eastern Illinois University,Eastern Illinois University,IL,Midwest,2.0,39.479843,-88.175658,1.0,3.0,1.0,18.0,4398.0,13403.0,14093.0,0.3087,0.6775,1010.0,0.4517,0.0,3.0,-1.0976967788992587,0.023899702845075227
001200,Eastern Kentucky University,Eastern Kentucky University,KY,South,2.0,37.740845,-84.300796,1.0,3.0,1.0,17.0,11674.0,10130.0,9962.0,0.3861,0.7809,1089.0,0.4974,0.0,3.0,-1.683216191174697,0.16507354801351612
003372,Eastern Maine Community Colleg,Eastern Maine Community College,ME,Northeast,4.0,44.826048,-68.74445,1.0,2.0,2.0,8.0,1692.0,3877.0,8036.0,0.2803,,,,0.0,0.0,-1.246228726856304,0.36918192119349824
005181,Eastern Mennonite University,Eastern Mennonite University,VA,South,4.0,38.471134,-78.880326,2.0,3.0,1.0,19.0,800.0,41860.0,23615.0,0.2691,0.9975,,0.4709,1.0,2.0,1.8432083060213924,0.03610351726320885
001201,Eastern Michigan University,Eastern Michigan University,MI,Midwest,3.0,42.251675,-83.627443,1.0,3.0,1.0,16.0,10751.0,15510.0,17084.0,0.3656,0.8135,1046.0,0.4549,0.0,0.0,-0.9385611205982323,0.7268482000012471
003365,Eastern Nazarene College,Eastern Nazarene College,MA,Northeast,3.0,42.271228,-71.011079,2.0,3.0,1.0,20.0,378.0,28610.0,17733.0,0.3496,0.5896,1035.0,0.3529,1.0,2.0,1.175979425160681,-1.1539997779021918
004299,Eastern New Mexico University,Eastern New Mexico University-Main Campus,NM,West,2.0,34.175592,-103.34819,1.0,3.0,1.0,18.0,3186.0,6863.0,6199.0,0.3201,0.5492,965.0,0.3981,0.0,3.0,-1.715703914890579,-0.23746474436051335
006189,Eastern Oklahoma State College,Eastern Oklahoma State College,OK,South,1.0,34.914079,-95.328995,1.0,2.0,2.0,1.0,950.0,4767.0,11020.0,0.4176,,,,0.0,3.0,-1.5407644103223117,-1.610401452942359
004300,Eastern Oregon State College,Eastern Oregon University,OR,West,2.0,45.319795,-118.092495,1.0,3.0,1.0,20.0,2201.0,10671.0,15987.0,0.3598,0.9876,,0.3662,0.0,3.0,-1.0519254701027971,-0.400598236424561
004301,Eastern Washington University,Eastern Washington University,WA,West,2.0,47.490667,-117.583808,1.0,3.0,1.0,18.0,6517.0,8353.0,13091.0,0.3451,0.9177,,0.4721,0.0,3.0,-1.4334826858286573,0.13198391459291917
004700,Eastern Wyoming College,Eastern Wyoming College,WY,West,2.0,42.079354,-104.190823,1.0,2.0,2.0,9.0,489.0,4290.0,4989.0,0.1337,,,,0.0,3.0,-1.4234908766310226,-0.5382802860789304
002224,Eastman School Music Univ Rochester,University of Rochester,NY,Northeast,4.0,43.126397,-77.631202,2.0,3.0,1.0,15.0,6488.0,64348.0,30248.0,0.1624,0.3585,1480.0,0.8448,1.0,4.0,2.7369630568386296,1.7139549256830653
005223,Eckerd College,Eckerd College,FL,South,4.0,27.715798,-82.687043,2.0,3.0,1.0,21.0,1984.0,50374.0,33011.0,0.1621,0.7869,1256.0,0.6756,1.0,4.0,2.541167403779748,1.0441505737694516
003147,ECPI Tech C: Roanoke,Roanoke College,VA,South,3.0,37.294861,-80.055467,2.0,3.0,1.0,21.0,1801.0,36774.0,27786.0,0.2432,0.8007,1193.0,0.6589,1.0,2.0,1.6883013025064517,0.14477360686866178
004307,Edmonds Community College,Edmonds College,WA,West,3.0,47.816376,-122.327598,1.0,2.0,1.0,14.0,3354.0,4669.0,13461.0,0.1457,,,0.3315,0.0,0.0,-1.1493008606910524,0.8954914269741332
003507,Educ Am: Honolulu,Honolulu Community College,HI,West,4.0,21.321785,-157.87,1.0,2.0,2.0,8.0,1897.0,3174.0,6399.0,0.1724,,,,0.0,0.0,-1.384240946551552,0.8212891419419698
005182,Edward Waters College,Edward Waters University,FL,South,4.0,30.34479,-81.684879,2.0,3.0,1.0,22.0,1113.0,14878.0,13580.0,0.7557,0.8481,,0.2795,1.0,1.0,0.07372588133497567,-1.823960702483653
004302,El Camino College,El Camino Community College District,CA,West,3.0,33.885229,-118.329913,1.0,2.0,2.0,1.0,18994.0,1144.0,5170.0,0.2937,,,,0.0,0.0,-2.0806297377719116,1.0933700099240258
006199,El Centro College,Wade College,TX,South,4.0,32.800854,-96.819516,3.0,2.0,1.0,22.0,205.0,17692.0,21998.0,0.6815,,,0.4545,1.0,1.0,0.9267867000722976,-2.2617564973815902
006203,El Paso Community College,El Paso Community College,TX,South,4.0,31.773359,-106.373616,1.0,2.0,2.0,1.0,23859.0,3274.0,4154.0,0.3646,,,,0.0,0.0,-2.055921528973569,1.2851077446386787
002243,Electronic Data Processing College of Puerto Rico,EDP University of Puerto Rico Inc-San Juan,PR,Other/Territory,4.0,18.415375,-66.055403,2.0,2.0,1.0,23.0,1258.0,7050.0,4989.0,0.5775,0.7714,,0.2362,0.0,1.0,-0.4637900305699543,-1.2975662594963417
005629,Elizabeth City State University,Elizabeth City State University,NC,South,2.0,36.277978,-76.214041,1.0,3.0,1.0,22.0,1863.0,3412.0,7237.0,0.5253,0.7049,,0.4809,0.0,3.0,-1.8517339312702468,-1.3105302521622144
002225,Elizabethtown College,Elizabethtown College,PA,Northeast,3.0,40.149236,-76.593224,2.0,3.0,1.0,20.0,1815.0,36842.0,26198.0,0.1917,0.7677,1190.0,0.7707,1.0,4.0,1.7523114960740964,0.3439454128127773
006193,Ellsworth Community College,Ellsworth Community College,IA,Midwest,2.0,42.527524,-93.265853,1.0,2.0,2.0,4.0,540.0,5304.0,10915.0,0.3505,,,,0.0,3.0,-1.216572814517647,-1.2526552689210162
001204,Elmhurst University,Elmhurst University,IL,Midwest,3.0,41.897164,-87.945369,2.0,3.0,1.0,18.0,2954.0,41628.0,21063.0,0.368,0.7574,1116.0,0.6519,1.0,2.0,1.3581756667406018,-0.12191046768407786
002226,Elmira College,Elmira College,NY,Northeast,4.0,42.0961,-76.813459,2.0,3.0,1.0,22.0,582.0,37932.0,23735.0,0.3498,0.908,1239.0,0.6404,1.0,2.0,1.8277460897789695,-0.3925618671795501
003283,Elms College,College of Our Lady of the Elms,MA,Northeast,3.0,42.141781,-72.60154,2.0,3.0,1.0,19.0,951.0,42061.0,21436.0,0.4184,0.8766,1240.0,0.6474,1.0,2.0,1.5812354632371635,-0.8051034202048313
005183,Elon University,Elon University,NC,South,3.0,36.104148,-79.50344,2.0,3.0,1.0,17.0,6402.0,44536.0,41048.0,0.0915,0.6731,1222.0,0.8296,1.0,4.0,2.5483362626962878,1.5364405640432663
005190,Embry-Riddle Aeronautical Univ,Embry-Riddle Aeronautical University-Daytona Beach,FL,South,4.0,29.189903,-81.048367,2.0,3.0,1.0,18.0,7535.0,42304.0,40289.0,0.1507,0.6628,1256.0,0.6736,1.0,4.0,2.488961897842636,1.791431837559149
004305,Embry-Riddle Aeronautical Univ Prescott,Embry-Riddle Aeronautical University-Prescott,AZ,West,4.0,34.616766,-112.449741,2.0,3.0,1.0,22.0,3245.0,42204.0,39983.0,0.174,0.7519,1256.0,0.6976,1.0,4.0,2.5966518169538433,1.3673739401638416
003367,Emerson College,Emerson College,MA,Northeast,4.0,42.352202,-71.065384,2.0,3.0,1.0,18.0,4145.0,55392.0,46766.0,0.1499,0.4748,1359.0,0.7927,1.0,4.0,3.4293005550285653,1.7074106575291557
003368,Emmanuel College,Emmanuel College,MA,Northeast,4.0,42.340602,-71.103634,2.0,3.0,1.0,21.0,1874.0,46686.0,31569.0,0.2034,0.806,1263.0,0.6582,1.0,4.0,2.439209872987797,0.8628121609714419
005185,Emory and Henry College,Emory & Henry University,VA,South,1.0,36.772857,-81.829142,2.0,3.0,1.0,19.0,1107.0,35280.0,20591.0,0.4085,0.963,1171.0,0.5375,1.0,5.0,0.9706179576883034,-1.6009766872176154
005196,Emory University Sch Med,Emory University,GA,South,4.0,33.790183,-84.325512,2.0,3.0,1.0,15.0,7275.0,60774.0,23911.0,0.1818,0.111,1507.0,0.9176,1.0,4.0,2.1503335281562315,1.5566185121450882
006335,Emporia State University,Emporia State University,KS,Midwest,2.0,38.414784,-96.179021,1.0,3.0,1.0,18.0,2328.0,7356.0,15702.0,0.3401,0.9774,1090.0,0.543,0.0,3.0,-1.1184211493170282,-0.4167524871811941
003369,Endicott College,Endicott College,MA,Northeast,3.0,42.553296,-70.840847,2.0,3.0,1.0,18.0,3101.0,39212.0,39324.0,0.1313,0.7229,1263.0,0.7543,1.0,4.0,2.4871937595684503,1.0166149480487128
005187,Emory University,Emory University,GA,South,4.0,33.790183,-84.325512,2.0,3.0,1.0,15.0,7275.0,60774.0,23911.0,0.1818,0.111,1507.0,0.9176,1.0,4.0,2.1503335281562315,1.5566185121450882
002213,Erie Community Coll City,Erie Community College,NY,Northeast,4.0,42.881771,-78.872679,1.0,2.0,2.0,5.0,5906.0,6100.0,6358.0,0.3752,,,,0.0,0.0,-1.5361403543926833,0.642775670595998
002228,Erie Community College North,Erie Community College,NY,Northeast,4.0,42.881771,-78.872679,1.0,2.0,2.0,5.0,5906.0,6100.0,6358.0,0.3752,,,,0.0,0.0,-1.5361403543926833,0.642775670595998
002211,Erie Community College: South,Erie Community College,NY,Northeast,4.0,42.881771,-78.872679,1.0,2.0,2.0,5.0,5906.0,6100.0,6358.0,0.3752,,,,0.0,0.0,-1.5361403543926833,0.642775670595998
007036,Escuela de Artes Plasticas de Puerto Rico,Escuela de Artes Plasticas y Diseno de Puerto Rico,PR,Other/Territory,4.0,18.46778,-66.121348,1.0,3.0,1.0,30.0,497.0,4902.0,5231.0,0.7689,1.0,985.0,0.4493,0.0,1.0,-1.6197804344415545,-2.0152705640556343
005188,Erskine College,Erskine College,SC,South,1.0,34.332087,-82.39095,2.0,3.0,1.0,17.0,821.0,36710.0,22018.0,0.4014,0.6056,,0.4859,1.0,5.0,1.1415499357350058,-1.6945541913698734
002237,Essex County College,Essex County College,NJ,Northeast,4.0,40.738444,-74.178234,1.0,2.0,2.0,4.0,5643.0,5346.0,4622.0,0.5087,,,,0.0,0.0,-1.7467121826268652,0.12165990336756886
002521,Eugene Lang College New School ,The New School,NY,Northeast,4.0,40.735508,-73.997114,2.0,3.0,1.0,16.0,6819.0,56386.0,55359.0,0.1532,0.6252,,0.7119,1.0,4.0,3.837938360582864,2.066059819801094
006198,Evangel College,Evangel University,MO,Midwest,4.0,37.220956,-93.262614,2.0,3.0,1.0,-2.0,1205.0,27192.0,18705.0,0.3612,0.693,1182.0,0.648,1.0,2.0,1.0625894539279412,-0.256893443447716
001206,Eureka College,Eureka College,IL,Midwest,2.0,40.71482,-89.269624,2.0,3.0,1.0,22.0,522.0,28400.0,19767.0,0.4758,0.8847,,0.4057,1.0,5.0,0.9598929822254518,-1.865534514947603
004303,Everett Community College,Everett Community College,WA,West,4.0,48.006626,-122.204736,1.0,2.0,1.0,3.0,4378.0,4301.0,10627.0,0.1574,,,0.3826,0.0,0.0,-1.243188422325786,1.3520157279679528
004292,Evergreen State College,The Evergreen State College,WA,West,3.0,47.07382,-122.977492,1.0,3.0,1.0,19.0,2042.0,8999.0,22585.0,0.4108,0.9723,1161.0,0.4356,0.0,0.0,-0.6584974885191187,-0.12922599942950894
004273,Evergreen Valley College,Evergreen Valley College,CA,West,4.0,37.30167,-121.76561,1.0,2.0,2.0,2.0,7670.0,1366.0,12591.0,0.2405,,,,0.0,0.0,-1.3772551115506615,1.3444968106142623
003390,Fairfield University,Fairfield University,CT,Northeast,3.0,41.157673,-73.255903,2.0,3.0,1.0,17.0,4938.0,56360.0,46274.0,0.0683,0.4498,1323.0,0.8379,1.0,4.0,3.3486165412286906,1.6727481354925093
002263,Fairleigh Dickinson University,Fairleigh Dickinson University-Metropolitan Campus,NJ,Northeast,3.0,40.897209,-74.028986,2.0,3.0,1.0,18.0,2578.0,35822.0,15266.0,0.2151,0.9591,,0.6171,1.0,2.0,1.0656618202302997,0.2775993175612261
002262,Fairleigh Dickinson University: Madison,Drew University,NJ,Northeast,3.0,40.761829,-74.424584,2.0,3.0,1.0,21.0,1510.0,45360.0,25644.0,0.2723,0.6944,1247.0,0.7243,1.0,2.0,1.94504406987818,0.01608445068275916
006214,Faith Baptist Bible Col Theol Sem,Faith Baptist Bible College and Theological Seminary,IA,Midwest,3.0,41.737082,-93.624422,2.0,3.0,1.0,22.0,371.0,19530.0,17819.0,0.374,0.4968,1088.0,0.6105,1.0,2.0,0.839651105940247,-1.3509310549979168
002526,Farmingdale State University,Farmingdale State College,NY,Northeast,3.0,40.754224,-73.42832,1.0,3.0,1.0,22.0,9117.0,8576.0,9173.0,0.3575,0.6912,1104.0,0.5706,0.0,0.0,-1.484320772117548,0.5661685887477391
004457,Fashion Inst Design Mrchndsng,FIDM-Fashion Institute of Design & Merchandising,CA,West,4.0,34.044209,-118.25993,3.0,2.0,1.0,23.0,1319.0,34325.0,41493.0,0.262,0.415,,0.6715,1.0,4.0,2.5133043919897022,0.5842658388795465
002257,Fashion Institute of Technology,Fashion Institute of Technology,NY,Northeast,4.0,40.74731,-73.994781,1.0,2.0,1.0,20.0,7575.0,6170.0,22024.0,0.323,0.5761,,0.8333,0.0,0.0,-0.6964018454615837,1.1655239288463632
001034,Faulkner University,Faulkner University,AL,South,4.0,32.384181,-86.21641,2.0,3.0,1.0,18.0,1555.0,23920.0,21165.0,0.4381,0.6613,1016.0,0.3766,1.0,2.0,0.9414516998347197,-0.3790732883047309
005212,Fayetteville State University,Fayetteville State University,NC,South,4.0,35.073641,-78.891696,1.0,3.0,1.0,19.0,5493.0,3969.0,7360.0,0.5259,0.7989,972.0,0.352,0.0,0.0,-1.7593159727157255,0.0412622553912295
005208,Fayetteville Tech Comm Coll,Fayetteville Technical Community College,NC,South,4.0,35.068851,-78.92658,1.0,2.0,2.0,5.0,8814.0,2628.0,3723.0,0.3436,,,,0.0,0.0,-1.9274169079809669,0.8576455981920258
004318,Feather River Community Coll,Feather River Community College District,CA,West,1.0,39.953101,-120.973067,1.0,2.0,1.0,14.0,1574.0,1465.0,6520.0,0.2031,,,0.4688,0.0,3.0,-1.7800408033965789,-0.6109812889448226
002321,Felician College,Felician University,NJ,Northeast,3.0,40.867272,-74.096452,2.0,3.0,1.0,19.0,1754.0,37830.0,41315.0,0.5155,0.9401,1020.0,0.4968,1.0,2.0,2.345980151256526,-0.5982328932616097
001222,Ferris State University,Ferris State University,MI,Midwest,2.0,43.687724,-85.481925,1.0,3.0,1.0,17.0,8087.0,13630.0,12202.0,0.3358,0.8058,1001.0,0.4787,0.0,3.0,-1.30728339206287,0.2044091416172956
005213,Ferrum College,Ferrum College,VA,South,1.0,36.926431,-80.020614,2.0,3.0,1.0,22.0,745.0,38320.0,22085.0,0.4651,1.0,990.0,0.2886,1.0,5.0,1.1596630836219568,-1.9554852753095435
002134,Finger Lakes Community College,Finger Lakes Community College,NY,Northeast,1.0,42.867556,-77.241801,1.0,2.0,2.0,3.0,2900.0,6138.0,14186.0,0.2581,,,,0.0,3.0,-1.2732461376816242,-0.4107826233155476
003391,Fisher College,Fisher College,MA,Northeast,4.0,42.355253,-71.074125,2.0,3.0,1.0,22.0,1138.0,35013.0,25702.0,0.42,0.7075,,0.2844,1.0,2.0,1.6872520548648524,-0.30069845397499406
001224,Fisk University,Fisk University,TN,South,4.0,36.167087,-86.804805,2.0,3.0,1.0,21.0,950.0,24298.0,26135.0,0.4827,0.5791,1236.0,0.4351,1.0,2.0,1.260445427513189,-0.7081608198019773
003518,Fitchburg State College,Fitchburg State University,MA,Northeast,3.0,42.588298,-71.789666,1.0,3.0,1.0,18.0,2825.0,11046.0,15432.0,0.3101,0.8994,1114.0,0.5273,0.0,0.0,-0.8576642136658826,0.2569425124977342
003142,Five Towns College,Five Towns College,NY,Northeast,3.0,40.794506,-73.369348,3.0,3.0,1.0,30.0,533.0,29950.0,20799.0,0.4456,0.7203,,0.4898,1.0,2.0,1.2529440349698375,-1.2719950758844965
005235,Flagler College,Flagler College,FL,South,3.0,29.892733,-81.314887,2.0,3.0,1.0,22.0,2404.0,26610.0,29951.0,0.2831,0.7809,1099.0,0.5589,1.0,2.0,1.4235096961031073,0.11187971841462395
007300,Flashpoint Chicago,The Chicago School at Chicago,IL,Midwest,4.0,41.888293,-87.63379,2.0,3.0,1.0,26.0,31.0,20844.0,,0.4706,0.3333,,,,,,
004317,Flathead Valley Community Coll,Flathead Valley Community College,MT,West,2.0,48.227389,-114.327258,1.0,2.0,2.0,6.0,1166.0,4748.0,8723.0,0.1647,,,,0.0,3.0,-1.3690866937066448,-0.16486546915612588
005207,Florence Darlington Tech Clg,Florence-Darlington Technical College,SC,South,1.0,34.243882,-79.81469,1.0,2.0,2.0,7.0,2890.0,4636.0,598.0,0.451,,,,0.0,3.0,-2.2994980197192842,-1.323724039206851
005215,Florida A&M Univ,Florida Agricultural and Mechanical University,FL,South,4.0,30.428504,-84.290226,1.0,3.0,1.0,16.0,7516.0,5785.0,15847.0,0.5557,0.2112,1100.0,0.5194,0.0,0.0,-1.3233621871271057,0.2195074992160493
005229,Florida Atlantic University,Florida Atlantic University,FL,South,4.0,26.372421,-80.102978,1.0,3.0,1.0,16.0,23458.0,4879.0,8001.0,0.3515,0.7344,1119.0,0.6433,0.0,0.0,-1.7897309431445745,1.386056814011454
005221,Florida Gulf Coast University,Florida Gulf Coast University,FL,South,3.0,26.463638,-81.7726,1.0,3.0,1.0,17.0,13809.0,6118.0,10319.0,0.2857,0.7675,1120.0,0.5602,0.0,0.0,-1.6148196160686656,0.9883907080860125
005080,Florida Institute of Technology,Florida Institute of Technology,FL,South,4.0,28.065773,-80.623123,2.0,3.0,1.0,16.0,3235.0,44360.0,35300.0,0.201,0.6253,1213.0,0.6545,1.0,4.0,2.3771539820507965,1.1416177818373932
000428,"Florida Metropolitan University, Tampa College",Florida College,FL,South,3.0,28.034936,-82.383289,2.0,2.0,1.0,23.0,589.0,18920.0,22527.0,0.209,0.6645,1068.0,0.5064,1.0,2.0,1.071760809831998,-0.4718394795771616
005191,Florida SouthWestern State,Florida SouthWestern State College,FL,South,3.0,26.552403,-81.887102,1.0,2.0,1.0,23.0,10613.0,3401.0,8249.0,0.3357,,,0.3854,0.0,0.0,-1.8042470556732837,0.6367017051528184
004462,Folsom Lake College,Folsom Lake College,CA,West,4.0,38.661372,-121.127486,1.0,2.0,2.0,2.0,8937.0,1288.0,3661.0,0.1594,,,,0.0,0.0,-1.8178851896361434,1.5819191235316634
002047,Fond Du Lac College,Fond du Lac Tribal and Community College,MN,Midwest,2.0,46.690069,-92.451326,1.0,2.0,1.0,33.0,457.0,5999.0,10704.0,0.1905,,,0.2083,0.0,3.0,-1.0584185100102774,-0.7701028256038958
006216,Fontbonne College,Fontbonne University,MO,Midwest,3.0,38.642697,-90.315712,2.0,3.0,1.0,19.0,632.0,28976.0,18251.0,0.4795,0.9503,,0.5683,1.0,2.0,0.9825498147200459,-1.3939329126759838
002259,Fordham University,Fordham University,NY,Northeast,4.0,40.859354,-73.882705,2.0,3.0,1.0,16.0,10239.0,61992.0,42581.0,0.2086,0.5628,1412.0,0.8027,1.0,4.0,3.218320759446438,1.9312913346380436
007119,Fond Du Lac Trib CC,Fond du Lac Tribal and Community College,MN,Midwest,2.0,46.690069,-92.451326,1.0,2.0,1.0,33.0,457.0,5999.0,10704.0,0.1905,,,0.2083,0.0,3.0,-1.0584185100102774,-0.7701028256038958
005219,Florida State University,Florida State University,FL,South,4.0,30.443147,-84.295064,1.0,3.0,1.0,15.0,31812.0,5656.0,10997.0,0.2375,0.2538,1323.0,0.8299,0.0,0.0,-1.5664316081464302,1.9838674814316477
005232,Florida State Col Jacksonville,Florida State College at Jacksonville,FL,South,4.0,30.334918,-81.659901,1.0,2.0,1.0,23.0,17739.0,2878.0,2760.0,0.3336,,,0.3243,0.0,0.0,-2.0723749199344113,1.226266535702231
005218,Florida Southern College,Florida Southern College,FL,South,4.0,28.032443,-81.948203,2.0,3.0,1.0,19.0,2607.0,42360.0,29664.0,0.2602,0.5907,1263.0,0.6933,1.0,4.0,2.0044389757969068,0.7364145196108132
005217,Florida Memorial College,Florida Memorial University,FL,South,3.0,25.918278,-80.270753,2.0,3.0,1.0,22.0,1299.0,19110.0,18749.0,0.6621,0.7431,,0.3023,1.0,1.0,0.4055621126473261,-1.7278107176087152
005206,Florida International University,Florida International University,FL,South,3.0,25.75732,-80.373928,1.0,3.0,1.0,15.0,38761.0,6565.0,9133.0,0.4042,0.5884,1154.0,0.7387,0.0,0.0,-1.9160144098601635,1.0670167707752745
005216,Florida College,Florida College,FL,South,3.0,28.034936,-82.383289,2.0,2.0,1.0,23.0,589.0,18920.0,22527.0,0.209,0.6645,1068.0,0.5064,1.0,2.0,1.071760809831998,-0.4718394795771616
005234,Forsyth Technical Cmty Coll,Forsyth Technical Community College,NC,South,4.0,36.06854,-80.272215,1.0,2.0,2.0,4.0,6939.0,2256.0,6342.0,0.411,,,,0.0,0.0,-1.8132681714494077,0.5360873594361215
006218,Fort Hays State University,Fort Hays State University,KS,Midwest,2.0,38.872156,-99.342503,1.0,3.0,1.0,18.0,9792.0,5633.0,13493.0,0.2227,0.9177,1118.0,0.4785,0.0,3.0,-1.4212781839382178,0.6638021370561559
005171,Fort Lauderdale College,Arizona College of Nursing-Fort Lauderdale,FL,South,4.0,26.205783,-80.138479,3.0,3.0,1.0,-2.0,412.0,25973.0,35522.0,0.6667,,,,1.0,1.0,1.8003739718526524,-1.6274715583904318
004310,Fort Lewis College,Fort Lewis College,CO,West,2.0,37.275939,-107.867422,1.0,3.0,1.0,22.0,3070.0,9670.0,17339.0,0.361,0.932,1084.0,0.4315,0.0,3.0,-1.062408625997796,-0.22843805298819103
005220,Fort Valley State College,Fort Valley State University,GA,South,2.0,32.537595,-83.89537,1.0,3.0,1.0,20.0,2541.0,5392.0,11609.0,0.7195,0.628,864.0,0.4519,0.0,1.0,-1.7560737039721224,-1.7682414616176152
005972,Fort Peck Community College,Fort Peck Community College,MT,West,1.0,48.113569,-105.193021,1.0,2.0,2.0,33.0,426.0,2250.0,2449.0,0.208,,,,0.0,3.0,-1.77467300860683,-1.3233460142081703
002670,Fox College,Fox College,IL,Midwest,3.0,41.563842,-87.785169,3.0,2.0,2.0,8.0,239.0,17190.0,13506.0,0.4603,0.7656,,,1.0,1.0,0.5411715544622411,-1.9452612623420065
005442,Francis Marion University,Francis Marion University,SC,South,1.0,34.189777,-79.652854,1.0,3.0,1.0,19.0,2640.0,11160.0,13451.0,0.3884,0.8223,1039.0,0.4273,0.0,3.0,-1.3556003317530612,-0.9294499506820787
001133,Franciscan University of Steubenville,Franciscan University of Steubenville,OH,Midwest,4.0,40.376919,-80.620524,2.0,3.0,1.0,19.0,2775.0,32630.0,23987.0,0.2101,0.7223,1218.0,0.7709,1.0,2.0,1.4939439422851637,0.7937303019541289
002261,Franklin and Marshall College,Franklin and Marshall College,PA,Northeast,4.0,40.048045,-76.319037,2.0,3.0,1.0,21.0,1904.0,68380.0,39061.0,0.1668,0.3183,1394.0,0.8602,1.0,4.0,3.515530979034613,1.2407416895973886
006222,Frank Phillips College,Frank Phillips College,TX,South,2.0,35.657778,-101.406005,1.0,2.0,2.0,3.0,749.0,3712.0,10803.0,0.2356,,,,0.0,3.0,-1.2887215090480708,-0.6889593824818856
003519,Framingham State College,Framingham State University,MA,Northeast,4.0,42.297116,-71.437565,1.0,3.0,1.0,18.0,2556.0,11630.0,16698.0,0.3448,0.8487,1150.0,0.4954,0.0,0.0,-0.6648017499149175,0.514239292885866
001228,Franklin College,Franklin College,IN,Midwest,3.0,39.478298,-86.047182,2.0,3.0,1.0,21.0,872.0,37350.0,22762.0,0.385,0.7058,1119.0,0.634,1.0,2.0,1.4970505383133197,-0.7872343047427396
003395,Franklin Pierce College,Franklin Pierce University,NH,Northeast,1.0,42.78014,-72.058011,2.0,3.0,1.0,19.0,1055.0,44963.0,26906.0,0.2716,0.9019,1030.0,0.461,1.0,5.0,1.8191017023187706,-0.9586828585596835
001229,Franklin University,Franklin University,OH,Midwest,4.0,39.95831,-82.990375,2.0,3.0,1.0,18.0,5111.0,9577.0,22605.0,0.3343,,,0.3025,1.0,2.0,0.5384760729685641,0.4920549173054615
005230,Frederick Community College,Frederick Community College,MD,South,4.0,39.452241,-77.417849,1.0,2.0,2.0,8.0,4116.0,3772.0,2801.0,0.1759,,,,0.0,0.0,-1.6953858018245576,1.0668832486870385
001230,Freed-Hardeman University,Freed-Hardeman University,TN,South,2.0,35.440611,-88.637964,2.0,3.0,1.0,19.0,1244.0,25000.0,20082.0,0.2249,0.9062,1109.0,0.6837,1.0,5.0,0.8765340213249055,-0.5619529720090155
004311,Fresno City College,Fresno City College,CA,West,4.0,36.768164,-119.796096,1.0,2.0,2.0,5.0,18774.0,1334.0,1699.0,0.2827,,,,0.0,0.0,-2.1311600562861117,1.4873951808539343
006224,Friends University,Friends University,KS,Midwest,4.0,37.678459,-97.367048,2.0,3.0,1.0,18.0,1015.0,32748.0,25752.0,0.3365,0.5564,1014.0,0.6149,1.0,2.0,1.6510377073742184,-0.12212046999306995
005402,Frostburg State University,Frostburg State University,MD,South,2.0,39.650918,-78.934293,1.0,3.0,1.0,18.0,2849.0,9998.0,15323.0,0.3285,0.8944,,0.5207,0.0,3.0,-1.137619299925342,-0.2549801869961056
003164,Full Sail University,Full Sail University,FL,South,3.0,28.596546,-81.301286,3.0,3.0,1.0,18.0,25195.0,26417.0,31759.0,0.5669,,,0.4959,1.0,2.0,0.931459651254576,0.29569135749857733
004314,Fullerton College,Fullerton College,CA,West,3.0,33.875514,-117.918255,1.0,2.0,2.0,1.0,16637.0,1150.0,8090.0,0.259,,,,0.0,0.0,-1.8773702300992634,1.1903987182889706
002254,Fulton-Montgomery Community College,Fulton-Montgomery Community College,NY,Northeast,1.0,42.983805,-74.297492,1.0,2.0,2.0,1.0,953.0,6054.0,7803.0,0.277,,,,0.0,3.0,-1.458117016053954,-1.1145302291553125
005222,Furman University,Furman University,SC,South,3.0,34.924676,-82.440458,2.0,3.0,1.0,21.0,2322.0,58312.0,29997.0,0.1121,0.5257,1364.0,0.8149,1.0,4.0,2.5134732657526926,0.8991075591260103
005678,Galen College Of Nursing,Galen College of Nursing-Tampa Bay,FL,South,4.0,27.865391,-82.648151,3.0,2.0,1.0,10.0,1601.0,16400.0,29598.0,0.4832,,,0.6449,1.0,2.0,1.126935167714569,-0.45517126574786787
002270,Gannon University,Gannon University,PA,Northeast,4.0,42.128403,-80.087166,2.0,3.0,1.0,17.0,2467.0,37951.0,23206.0,0.22,0.767,,0.6954,1.0,2.0,1.675288059847758,0.7691969167315524
005242,Gardner-Webb University,Gardner-Webb University,NC,South,1.0,35.24732,-81.668141,2.0,3.0,1.0,17.0,1836.0,33450.0,24137.0,0.2682,0.8702,1146.0,0.6194,1.0,5.0,1.1339992449947875,-0.8204462730348175
005240,Gallaudet College,Gallaudet University,DC,South,4.0,38.907371,-76.993675,2.0,3.0,1.0,17.0,879.0,18382.0,14085.0,0.5427,0.6094,857.0,0.4656,1.0,1.0,0.40576819197588176,-1.161268636221864
005279,Garrett College,Garrett College,MD,South,1.0,39.560493,-79.342923,1.0,2.0,2.0,1.0,424.0,4060.0,6396.0,0.3057,,,,0.0,3.0,-1.5978135357665424,-1.6821111912361046
003425,Gateway Community College,Connecticut State Community College,CT,Northeast,4.0,41.303785,-72.927682,1.0,2.0,2.0,4.0,32292.0,5092.0,8865.0,0.4371,,,,0.0,0.0,-1.7440749389065233,1.2911970900216456
004678,Gavilan Community Coll,Gavilan College,CA,West,1.0,36.972627,-121.569842,1.0,2.0,2.0,1.0,4410.0,1506.0,2244.0,0.2412,,,,0.0,3.0,-2.196379918959658,-0.2955668731665733
001520,Generations College,Generations College,IL,Midwest,4.0,41.881773,-87.626675,2.0,2.0,2.0,4.0,317.0,12700.0,19558.0,0.7822,,,,1.0,1.0,0.5578102957981529,-2.4771008423816583
002272,Genesee Community College,Genesee Community College,NY,Northeast,2.0,43.017016,-78.138079,1.0,2.0,2.0,5.0,1966.0,5800.0,7989.0,0.2228,,,,0.0,3.0,-1.4079168395579769,-0.1580976107955121
002273,Geneva College,Geneva College,PA,Northeast,3.0,40.772518,-80.321826,2.0,3.0,1.0,20.0,1000.0,33610.0,21043.0,0.3179,,,0.6146,1.0,2.0,1.3759971303129208,-0.485768510497361
004325,George Fox University,George Fox University,OR,West,2.0,45.303629,-122.967494,2.0,3.0,1.0,17.0,2505.0,40940.0,29981.0,0.2675,0.9641,1170.0,0.6868,1.0,5.0,1.7556928231100177,-0.05052094274280296
005827,George Mason University,George Mason University,VA,South,3.0,38.83195,-77.307063,1.0,3.0,1.0,15.0,27083.0,13815.0,18287.0,0.2951,0.8883,1247.0,0.6932,0.0,0.0,-1.0704792184621144,1.4463848508615422
005246,George Washington University,George Washington University,DC,South,4.0,38.89923,-77.048363,2.0,3.0,1.0,15.0,10848.0,64990.0,37454.0,0.1483,0.4354,1433.0,0.8518,1.0,4.0,2.963356449282793,2.0850225576986188
001249,Georgetown College,Georgetown College,KY,South,2.0,38.207615,-84.553767,2.0,3.0,1.0,21.0,1180.0,42010.0,13485.0,0.3439,0.7388,1149.0,0.4754,1.0,5.0,0.9515964919764457,-0.9894807441645893
005244,Georgetown University,Georgetown University,DC,South,4.0,38.908809,-77.073463,2.0,3.0,1.0,15.0,7462.0,65081.0,39433.0,0.1032,0.1308,1494.0,0.943,1.0,4.0,3.164467931636621,2.0870131930038665
005268,Georgetown University Sch Med,Georgetown University,DC,South,4.0,38.908809,-77.073463,2.0,3.0,1.0,15.0,7462.0,65081.0,39433.0,0.1032,0.1308,1494.0,0.943,1.0,4.0,3.164467931636621,2.0870131930038665
005252,Georgia College,Georgia College & State University,GA,South,2.0,33.082787,-83.231962,1.0,3.0,1.0,18.0,5599.0,8998.0,18809.0,0.1637,0.8777,1150.0,0.6157,0.0,3.0,-0.9601637631060164,0.700069012850086
004796,Georgia Gwinnett College,Georgia Gwinnett College,GA,South,3.0,33.979409,-84.00459,1.0,3.0,1.0,22.0,11156.0,4458.0,11696.0,0.5034,0.9557,,0.198,0.0,0.0,-1.724866697740644,0.12520145157751714
005237,Georgia Highlands College,Georgia Highlands College,GA,South,3.0,34.169791,-85.207356,1.0,2.0,1.0,23.0,4441.0,2944.0,6588.0,0.3936,,,0.2079,0.0,0.0,-1.8156114922512743,-0.022713000636152288
005248,Georgia Institute of Technology,Georgia Institute of Technology-Main Campus,GA,South,4.0,33.77242,-84.394832,1.0,3.0,1.0,15.0,18260.0,11764.0,13289.0,0.1367,0.1646,1447.0,0.9228,0.0,0.0,-1.0972692624704146,2.1352275496195268
005249,Georgia Military College,Georgia Military College,GA,South,2.0,33.07944,-83.224211,1.0,2.0,1.0,14.0,3936.0,8112.0,14693.0,0.3298,,,0.3294,0.0,3.0,-1.2790500584794096,-0.12080829892273803
005711,Georgia Perimeter College,Georgia State University-Perimeter College,GA,South,4.0,33.7527,-84.38667,1.0,2.0,2.0,1.0,12871.0,2960.0,10102.0,0.4317,0.9959,963.0,,0.0,0.0,-1.703331099262905,0.8243078550927402
005253,Georgia Southern University,Georgia Southern University,GA,South,2.0,32.426153,-81.784045,1.0,3.0,1.0,16.0,21029.0,5905.0,16531.0,0.3549,0.8963,1057.0,0.5205,0.0,0.0,-1.5268459287529514,0.6288691785283332
005250,Georgia Southwestern College,Georgia Southwestern State University,GA,South,2.0,32.054662,-84.217738,1.0,3.0,1.0,19.0,2291.0,4980.0,12052.0,0.4066,0.7716,998.0,0.3191,0.0,3.0,-1.4887768152540586,-0.7144054796488034
005251,Georgia State University,Georgia State University,GA,South,4.0,33.7527,-84.38667,1.0,3.0,1.0,15.0,27109.0,8478.0,15931.0,0.5011,0.6228,1149.0,0.5372,0.0,0.0,-1.3956309423578406,1.0629481483178556
002274,Georgian Court College,Georgian Court University,NJ,Northeast,4.0,40.099617,-74.228186,2.0,3.0,1.0,18.0,1174.0,37110.0,20218.0,0.3025,0.7052,,0.5509,1.0,2.0,1.5426610351106411,0.06608531928470561
005276,Germanna Community College,Germanna Community College,VA,South,1.0,38.375532,-77.78012,1.0,2.0,2.0,2.0,5469.0,5066.0,6239.0,0.2512,,,,0.0,3.0,-1.9313970859684368,-0.22532719205013815
002275,Gettysburg College,Gettysburg College,PA,Northeast,2.0,39.836597,-77.236792,2.0,3.0,1.0,21.0,2209.0,64230.0,32775.0,0.2099,0.4751,1350.0,0.8273,1.0,4.0,2.7617056682127568,0.23402018671906893
001261,Glen Oaks Community College,Glen Oaks Community College,MI,Midwest,1.0,41.892504,-85.496929,1.0,2.0,2.0,6.0,577.0,4128.0,7930.0,0.2572,,,,0.0,3.0,-1.4687627908056813,-1.3478313071474444
004327,Glendale Community College,Glendale Community College,CA,West,4.0,34.16745,-118.227666,1.0,2.0,2.0,1.0,9807.0,1181.0,7461.0,0.353,,,,0.0,0.0,-1.781120518891571,0.9979158169786269
005254,Glenville State College,Glenville State University,WV,South,1.0,38.93547,-80.834295,1.0,3.0,1.0,22.0,1177.0,9412.0,16358.0,0.4204,,,0.3549,0.0,3.0,-1.1518870056981483,-1.411550622638975
001250,Gogebic Community College,Gogebic Community College,MI,Midwest,2.0,46.471893,-90.165592,1.0,2.0,2.0,7.0,508.0,5590.0,5216.0,0.3548,,,,0.0,3.0,-1.5060420309353721,-1.3745474870415089
004329,Golden Gate University,Golden Gate University,CA,West,4.0,37.789374,-122.398969,2.0,3.0,1.0,18.0,550.0,31243.0,,0.2196,,,,,,,
004339,Golden West College,Golden West College,CA,West,3.0,33.732531,-118.002568,1.0,2.0,2.0,2.0,8919.0,1196.0,2861.0,0.2274,,,,0.0,0.0,-2.0339939476801066,0.922305458621444
004330,Gonzaga University,Gonzaga University,WA,West,4.0,47.666531,-117.400625,2.0,3.0,1.0,17.0,5098.0,53500.0,36371.0,0.1326,0.7596,1316.0,0.8687,1.0,4.0,2.7042301467440812,1.7581002661907217
001259,Good Samaritan College Nursing,Good Samaritan College of Nursing and Health Science,OH,Midwest,4.0,39.140348,-84.521196,2.0,2.0,1.0,26.0,455.0,15470.0,22626.0,0.4324,0.1693,,0.75,1.0,2.0,1.0168604498329654,-1.0080294263985254
003417,Gordon College,Gordon College,MA,Northeast,1.0,42.590567,-70.82151,2.0,3.0,1.0,21.0,1247.0,28100.0,24817.0,0.2102,0.5878,1268.0,0.6763,1.0,5.0,1.2228348286076656,-0.7962175905190118
001251,Goshen College,Goshen College,IN,Midwest,4.0,41.563582,-85.827795,2.0,3.0,1.0,22.0,761.0,37760.0,15725.0,0.3738,0.8894,1049.0,0.6047,1.0,2.0,1.2822380415581938,-0.5015717633823017
003169,Goucher Coll Post-Bacc Pre-Med,Goucher College,MD,South,4.0,39.410175,-76.594843,2.0,3.0,1.0,21.0,948.0,51250.0,23774.0,0.3123,0.729,1225.0,0.6,1.0,2.0,2.0738993553000222,0.029650289692930522
000807,Governors State University,Governors State University,IL,Midwest,3.0,41.449103,-87.716441,1.0,3.0,1.0,18.0,2518.0,11320.0,9477.0,0.524,,,0.196,0.0,0.0,-1.3661954192273027,-0.6782602456588895
005257,Goucher College,Goucher College,MD,South,4.0,39.410175,-76.594843,2.0,3.0,1.0,21.0,948.0,51250.0,23774.0,0.3123,0.729,1225.0,0.6,1.0,2.0,2.0738993553000222,0.029650289692930522
005256,Gordon State College,Gordon State College,GA,South,2.0,33.04571,-84.154508,1.0,2.0,1.0,23.0,2605.0,3475.0,8918.0,0.4723,0.8678,950.0,0.1731,0.0,3.0,-1.7715600602114705,-0.9350660129792199
005255,Goldey-Beacom College,Goldey-Beacom College,DE,South,3.0,39.741501,-75.689624,2.0,3.0,1.0,18.0,634.0,13440.0,16957.0,0.3887,0.7653,,0.5886,1.0,2.0,0.46081758861646166,-1.179726132320815
003416,Goddard College,Goddard College,VT,Northeast,1.0,44.279087,-72.438388,2.0,3.0,1.0,20.0,113.0,19568.0,30152.0,0.5268,0.1951,,0.75,1.0,5.0,1.3809466719659582,-3.072346167370637
001238,God's Bible School and College,Gods Bible School and College,OH,Midwest,4.0,39.1153,-84.505703,2.0,3.0,1.0,22.0,285.0,7696.0,3138.0,0.2339,0.6403,,0.5,1.0,2.0,-0.03195663792992704,-0.8573586545104896
003333,Globe Institute Of Technology,Fashion Institute of Technology,NY,Northeast,4.0,40.74731,-73.994781,1.0,2.0,1.0,20.0,7575.0,6170.0,22024.0,0.323,0.5761,,0.8333,0.0,0.0,-0.6964018454615837,1.1655239288463632
000809,Grace Christian University,Grace Christian University,MI,Midwest,4.0,42.919541,-85.692077,2.0,3.0,1.0,22.0,707.0,14992.0,13996.0,0.4979,0.9931,,0.4286,1.0,1.0,0.42321352077393326,-1.1434100309211395
001252,Grace College,Grace College and Theological Seminary,IN,Midwest,2.0,41.22595,-85.814228,2.0,3.0,1.0,19.0,1511.0,30034.0,18406.0,0.2873,0.8078,1088.0,0.6991,1.0,5.0,0.9157593411967586,-0.6865062105613017
006249,Graceland College,Graceland University-Lamoni,IA,Midwest,1.0,40.615966,-93.924893,2.0,3.0,1.0,18.0,901.0,33220.0,15975.0,0.4516,0.8322,,0.3834,1.0,5.0,0.7170679250449634,-1.940606357156419
006250,Grambling State University,Grambling State University,LA,South,2.0,32.523797,-92.713245,1.0,3.0,1.0,18.0,4144.0,7683.0,19125.0,0.7217,0.2368,955.0,0.3234,0.0,1.0,-1.3638159966513295,-1.4166227622007401
004331,Grand Canyon University,Grand Canyon University,AZ,West,4.0,33.513231,-112.129929,3.0,3.0,1.0,17.0,68619.0,17450.0,21931.0,0.4308,0.6036,1095.0,0.4304,0.0,0.0,0.21920198031506313,1.562781847392889
001254,Grand Rapids Community College,Grand Rapids Community College,MI,Midwest,4.0,42.967076,-85.665625,1.0,2.0,2.0,4.0,10530.0,4059.0,11153.0,0.2656,,,,0.0,0.0,-1.3999645866496284,1.3216905093424118
001258,Grand Valley State University,Grand Valley State University,MI,Midwest,2.0,42.963001,-85.889826,1.0,3.0,1.0,17.0,19073.0,14628.0,17096.0,0.2577,0.9469,1079.0,0.6865,0.0,0.0,-1.089574259411026,0.9764243913049419
006251,Grand View University,Grand View University,IA,Midwest,4.0,41.620039,-93.600954,2.0,3.0,1.0,20.0,1472.0,33450.0,21613.0,0.3811,0.9838,,0.5579,1.0,2.0,1.359208661314718,-0.1483790993617297
002280,Gratz College,Gratz College,PA,Northeast,3.0,40.067206,-75.133915,2.0,3.0,1.0,20.0,158.0,,,0.0079,,,,,,,
004332,Grays Harbor College,Grays Harbor College,WA,West,1.0,46.953881,-123.803068,1.0,2.0,1.0,14.0,1058.0,4751.0,3149.0,0.2814,,,0.3156,0.0,3.0,-1.8597538576251904,-1.1079778568985958
003661,Great Bay Community College,Great Bay Community College,NH,Northeast,3.0,43.072093,-70.798969,1.0,2.0,2.0,6.0,1262.0,7200.0,18587.0,0.2636,,,,0.0,3.0,-0.6437644499495274,0.04220308235251474
007320,Great Lakes Christian College,Great Lakes Christian College,MI,Midwest,3.0,42.754249,-84.638714,2.0,3.0,1.0,22.0,156.0,19990.0,18700.0,0.6241,,,0.2593,1.0,1.0,0.8428173093361709,-2.6419076948998055
007625,Great Northern University,Great Northern University,WA,West,4.0,47.675837,-117.400562,2.0,3.0,1.0,-2.0,36.0,17700.0,31680.0,0.4571,1.0,,,1.0,2.0,1.8967996033356866,-2.1072376597074096
004337,Green River Community College,Green River College,WA,West,4.0,47.313648,-122.175819,1.0,2.0,1.0,23.0,4573.0,4580.0,12447.0,0.1943,,,0.4121,0.0,0.0,-1.1727273589805136,1.2704638278843214
003420,Greenfield Community College,Greenfield Community College,MA,Northeast,2.0,42.599512,-72.630977,1.0,2.0,2.0,5.0,1232.0,5810.0,8081.0,0.296,,,,0.0,3.0,-1.3862265544965047,-0.6449016155715934
005260,Greensboro College,Greensboro College,NC,South,4.0,36.071082,-79.800232,2.0,3.0,1.0,20.0,656.0,20400.0,19314.0,0.4507,0.9205,,0.4081,1.0,2.0,0.8614132751383722,-0.8967577903094626
001256,Greenville University,Greenville University,IL,Midwest,2.0,38.894162,-89.40824,2.0,3.0,1.0,20.0,873.0,30598.0,21270.0,0.3766,0.9537,1034.0,0.5136,1.0,5.0,1.1023008229534361,-1.2282721438061073
006252,Grinnell College,Grinnell College,IA,Midwest,2.0,41.747952,-92.722094,2.0,3.0,1.0,21.0,1705.0,64862.0,15608.0,0.1688,0.1268,1486.0,0.8747,1.0,5.0,1.883263489846293,-0.026673382283985386
002277,Grove City College,Grove City College,PA,Northeast,2.0,41.1558,-80.081481,2.0,3.0,1.0,22.0,2221.0,20890.0,,0.0,0.734,1261.0,0.7972,,,,
002302,Guam Community College,Guam Community College,GU,Other/Territory,3.0,13.440649,144.808944,1.0,2.0,1.0,4.0,1263.0,3414.0,4620.0,0.5229,,,0.224,0.0,3.0,-1.7720255208257725,-1.115256217041718
005261,Guilford College,Guilford College,NC,South,4.0,36.094233,-79.887737,2.0,3.0,1.0,21.0,1011.0,41140.0,19779.0,0.4358,0.8376,1120.0,0.4766,1.0,2.0,1.4526682460585842,-0.4927362327573995
005275,Guilford Tech C C Jamestown,Guilford College,NC,South,4.0,36.094233,-79.887737,2.0,3.0,1.0,21.0,1011.0,41140.0,19779.0,0.4358,0.8376,1120.0,0.4766,1.0,2.0,1.4526682460585842,-0.4927362327573995
005271,Gulf Coast Community College,Gulf Coast State College,FL,South,4.0,30.185542,-85.727918,1.0,2.0,1.0,14.0,3614.0,2370.0,2339.0,0.2763,,,0.448,0.0,0.0,-1.8188735754747427,0.6340158201924765
006200,Gupton Jones College of Funeral Service,Gupton Jones College of Funeral Service,GA,South,3.0,33.710709,-84.179775,2.0,2.0,2.0,12.0,451.0,21000.0,21563.0,0.3688,,,,1.0,2.0,1.0015884563169124,-1.165861192544253
006253,Gustavus Adolphus College,Gustavus Adolphus College,MN,Midwest,2.0,44.323626,-93.972196,2.0,3.0,1.0,21.0,1930.0,54310.0,26895.0,0.2138,0.618,1320.0,0.7585,1.0,5.0,2.1154949668487175,-0.035655828083434565
002278,Gwynedd-Mercy College,Gwynedd Mercy University,PA,Northeast,3.0,40.19774,-75.237224,2.0,3.0,1.0,17.0,1141.0,38310.0,27141.0,0.2996,0.9361,1110.0,0.5849,1.0,2.0,1.8360639452805432,-0.2424248130860767
005290,Hagerstown Community College,Hagerstown Community College,MD,South,3.0,39.631009,-77.667379,1.0,2.0,2.0,5.0,2783.0,4320.0,7672.0,0.3045,,,,0.0,0.0,-1.575520853884235,0.0840752355214928
000621,Halifax Community College,Halifax Community College,NC,South,1.0,36.427712,-77.617681,1.0,2.0,2.0,6.0,540.0,2608.0,4073.0,0.3106,,,,0.0,3.0,-1.8066515918541735,-1.6215147049529015
003166,Hallmark Inst Aero,Hallmark University,TX,South,4.0,29.466862,-98.685754,2.0,3.0,1.0,22.0,781.0,,11130.0,0.4963,0.9823,,0.6827,,,,
002286,Hamilton College,Hamilton College,NY,Northeast,3.0,43.050245,-75.408195,2.0,3.0,1.0,21.0,2045.0,65740.0,28314.0,0.181,0.1177,1487.0,0.9125,1.0,4.0,2.721823710487117,0.653523257889152
006265,Hamline University,Hamline University,MN,Midwest,4.0,44.966246,-93.164479,2.0,3.0,1.0,18.0,1685.0,48311.0,21385.0,0.3977,0.8983,1197.0,0.5771,1.0,2.0,1.75911739938338,-0.04872490438818255
005291,Hampden-Sydney College,Hampden-Sydney College,VA,South,1.0,37.240615,-78.464216,2.0,3.0,1.0,21.0,876.0,52388.0,24668.0,0.22,0.5013,1168.0,0.6527,1.0,5.0,1.8823455886903464,-0.887765683347514
003447,Hampshire College,Hampshire College,MA,Northeast,1.0,42.325852,-72.531469,2.0,3.0,1.0,21.0,716.0,56630.0,25810.0,0.376,0.7035,,0.5723,1.0,5.0,2.090720038738411,-1.458061348777656
005292,Hampton U,Hampton University,VA,South,3.0,37.019944,-76.339161,2.0,3.0,1.0,17.0,3254.0,29162.0,32145.0,0.3806,0.4827,1062.0,0.5567,1.0,2.0,1.4953838021553694,-0.035536104740069435
001290,Hanover College,Hanover College,IN,Midwest,2.0,38.715642,-85.460051,2.0,3.0,1.0,21.0,958.0,42894.0,21826.0,0.26,0.8397,1197.0,0.6356,1.0,5.0,1.5758141607076803,-0.686113956657968
005303,Harford Community College,Harford Community College,MD,South,1.0,39.56131,-76.282845,1.0,2.0,2.0,4.0,3628.0,3974.0,9953.0,0.2244,,,,0.0,3.0,-1.6815570909994078,-0.28925354305449913
006267,Harding University,Harding University,AR,South,2.0,35.247386,-91.726143,2.0,3.0,1.0,17.0,3323.0,24888.0,20579.0,0.1922,1.0,1187.0,0.7094,1.0,5.0,0.7721202656627952,0.04385570650226295
006268,Hardin-Simmons University,Hardin-Simmons University,TX,South,4.0,32.476434,-99.73564,2.0,3.0,1.0,17.0,1275.0,31686.0,21031.0,0.3838,0.9653,1064.0,0.4956,1.0,2.0,1.2397379917190547,-0.2382404635090181
002287,Harcum College,Harcum College,PA,Northeast,3.0,40.022582,-75.314801,2.0,2.0,2.0,7.0,904.0,29900.0,24791.0,0.5341,,,,1.0,2.0,1.3146858582045065,-1.2685557863381494
006269,Harris Stowe State University,Harris-Stowe State University,MO,Midwest,4.0,38.631744,-90.224288,1.0,3.0,1.0,22.0,1086.0,6442.0,13459.0,0.7288,,,0.2741,0.0,1.0,-1.207520162101566,-1.3824356014038706
002309,Harrisburg Area Community Coll,Harrisburg Area Community College,PA,Northeast,4.0,40.296777,-76.886408,1.0,2.0,2.0,8.0,9802.0,7373.0,12117.0,0.3288,,,,0.0,0.0,-1.2336866996665463,1.1434772841523124
004511,Harrisburg University of Science,Harrisburg University of Science and Technology,PA,Northeast,4.0,40.26193,-76.880261,2.0,3.0,1.0,18.0,650.0,23900.0,13766.0,0.4823,0.8178,,0.4337,1.0,2.0,0.7558932976998699,-1.0311485969051803
004340,Hartnell College,Hartnell College,CA,West,4.0,36.675091,-121.666054,1.0,2.0,2.0,1.0,7153.0,1404.0,2895.0,0.2747,,,,0.0,0.0,-1.909092776354554,1.0563812296977049
002288,Hartwick College,Hartwick College,NY,Northeast,2.0,42.457599,-75.071994,2.0,3.0,1.0,21.0,1099.0,52849.0,29800.0,0.3503,0.687,1170.0,0.4615,1.0,5.0,2.262286432984695,-0.7178734862491422
003500,Harvard Undergrad Transfer Adm,Harvard University,MA,Northeast,4.0,42.374471,-71.118313,2.0,3.0,1.0,15.0,7755.0,59076.0,16816.0,0.1579,0.0345,1553.0,0.9733,1.0,4.0,1.8374966312907226,1.5992535329971744
004341,Harvey Mudd College,Harvey Mudd College,CA,West,3.0,34.106515,-117.709837,2.0,3.0,1.0,21.0,915.0,66255.0,32492.0,0.141,0.1306,1537.0,0.9375,1.0,4.0,3.021401519041399,0.5015206353576043
000919,Haskell Indian Junior College,Haskell Indian Nations University,KS,Midwest,4.0,38.938834,-95.232879,1.0,2.0,1.0,33.0,879.0,600.0,3031.0,0.619,0.8832,,0.4259,0.0,1.0,-1.8224191768281934,-1.280973327923209
006270,Hastings College,Hastings College,NE,Midwest,2.0,40.59025,-98.374403,2.0,3.0,1.0,22.0,957.0,36130.0,21554.0,0.2894,0.6987,,0.5327,1.0,5.0,1.336006252364842,-0.836916882374697
002289,Haverford College,Haverford College,PA,Northeast,3.0,40.007452,-75.305207,2.0,3.0,1.0,21.0,1421.0,68300.0,25210.0,0.1407,0.1291,1498.0,0.894,1.0,4.0,2.7203744441576707,0.589404074477828
004352,Hawaii Pacific University,Hawaii Pacific University,HI,West,4.0,21.310306,-157.859645,2.0,3.0,1.0,18.0,2502.0,33020.0,30557.0,0.2,0.8448,1180.0,0.4121,1.0,4.0,1.8384319428171443,0.9593159192020224
003435,Hebrew College,Hebrew College,MA,Northeast,4.0,42.335716,-71.241226,2.0,4.0,1.0,24.0,0.0,,,,,,,,,,
000817,Hebrew Theological College,Hebrew Theological College,IL,Midwest,4.0,42.010103,-87.760874,2.0,3.0,1.0,21.0,81.0,14700.0,11197.0,0.1188,0.92,,0.7308,1.0,2.0,0.8908167932852474,-0.9130560480887446
002022,Helena College Univ Of Montana,Helena College University of Montana,MT,West,4.0,46.595384,-112.016035,1.0,2.0,2.0,9.0,641.0,3975.0,14455.0,0.1856,,,,0.0,0.0,-0.771776361397395,0.3560079723314142
002327,Helene Fuld Sch Nursing Ny,Helene Fuld College of Nursing,NY,Northeast,4.0,40.802495,-73.943356,2.0,2.0,1.0,26.0,722.0,24648.0,37732.0,0.3676,0.2381,,,1.0,2.0,2.129347759944039,-0.24079372678580166
006272,Henderson State University,Henderson State University,AR,South,2.0,34.128155,-93.059703,1.0,3.0,1.0,19.0,1491.0,7885.0,17574.0,0.461,0.8192,,0.3805,0.0,3.0,-1.081825916492959,-1.0231916589894956
006273,Hendrix College,Hendrix College,AR,South,4.0,35.101565,-92.443256,2.0,3.0,1.0,21.0,1094.0,36650.0,23409.0,0.2341,0.5298,1336.0,0.6923,1.0,2.0,1.654155489753906,0.2775814600665346
003449,Hellenic College,Hellenic College-Holy Cross Greek Orthodox School of Theology,MA,Northeast,3.0,42.317018,-71.129418,2.0,3.0,1.0,21.0,49.0,22490.0,14334.0,0.1795,0.9048,,0.4444,1.0,2.0,1.25623254162284,-1.6404536938086052
001292,Heidelberg College,Heidelberg University,OH,Midwest,2.0,41.114833,-83.168387,2.0,3.0,1.0,20.0,884.0,33628.0,21662.0,0.2851,0.6773,,0.4984,1.0,5.0,1.2823342373161688,-0.8753271691513262
005293,High Point University,High Point University,NC,South,4.0,35.972035,-79.994675,2.0,3.0,1.0,22.0,4970.0,44208.0,40721.0,0.105,0.7683,1242.0,0.7,1.0,4.0,2.668858559670941,1.7650652683172101
006274,Hesston College,Hesston College,KS,Midwest,1.0,38.134558,-97.433883,2.0,2.0,1.0,23.0,308.0,31368.0,21458.0,0.3025,,,0.5741,1.0,5.0,1.2350620955399576,-1.8806336447667005
002316,Herkimer County Community Coll,Herkimer County Community College,NY,Northeast,2.0,43.032738,-75.007206,1.0,2.0,2.0,5.0,1144.0,5776.0,10530.0,0.3961,,,,0.0,3.0,-1.3217521573971092,-1.0002876244123162
004348,Highline Community College,Highline College,WA,West,3.0,47.388231,-122.303064,1.0,2.0,1.0,14.0,3487.0,4623.0,10878.0,0.1712,,,0.3862,0.0,0.0,-1.3141644605717335,0.7890441825489249
002334,Hilbert College,Hilbert College,NY,Northeast,3.0,42.75464,-78.820257,2.0,3.0,1.0,22.0,922.0,32150.0,22100.0,0.4376,0.9802,1060.0,0.4699,1.0,2.0,1.3094573973745005,-0.9418897541169516
006285,Hill College,Hill College,TX,South,2.0,32.010928,-97.088332,1.0,2.0,2.0,3.0,2269.0,3570.0,6615.0,0.2963,,,,0.0,3.0,-1.7352464305290805,-0.4147537612670199
005304,Hillsborough Community College,Hillsborough College,FL,South,4.0,27.934888,-82.456253,1.0,2.0,1.0,2.0,19998.0,2506.0,4929.0,0.416,,,0.332,0.0,0.0,-2.049558595092048,1.0228585696301256
001295,Hillsdale College,Hillsdale College,MI,Midwest,2.0,41.933682,-84.633195,2.0,3.0,1.0,21.0,1563.0,32092.0,,0.0,0.2059,1433.0,0.8482,,,,
001858,Hinds Community College,Hinds Community College,MS,South,1.0,32.256109,-90.416118,1.0,2.0,2.0,8.0,6514.0,3825.0,3158.0,0.3822,,,,0.0,3.0,-2.2607185546100768,-0.6505266765823695
001296,Hinds Community College,Hinds Community College,MS,South,1.0,32.256109,-90.416118,1.0,2.0,2.0,8.0,6514.0,3825.0,3158.0,0.3822,,,,0.0,3.0,-2.2607185546100768,-0.6505266765823695
001297,Hiram College,Hiram College,OH,Midwest,1.0,41.3107,-81.143981,2.0,3.0,1.0,22.0,731.0,26265.0,20088.0,0.3194,0.9339,,0.5914,1.0,5.0,0.8618218900343824,-1.5659139049432569
002294,Hobart/William Smith College,Hobart William Smith Colleges,NY,Northeast,2.0,42.858131,-76.985516,2.0,3.0,1.0,21.0,1606.0,63268.0,31057.0,0.2412,0.5728,1296.0,0.7271,1.0,4.0,2.666666599652843,-0.06316322716923717
005306,Hobe Sound Bible College,Hobe Sound Bible College,FL,South,3.0,27.066304,-80.13184,2.0,3.0,1.0,22.0,125.0,9068.0,10888.0,0.2667,,,0.6071,1.0,2.0,0.35064415016138534,-1.659739493880144
001822,Hocking College,Hocking College,OH,Midwest,1.0,39.441954,-82.220791,1.0,2.0,2.0,7.0,1648.0,5300.0,13362.0,0.4649,,,,0.0,3.0,-1.4658480955471813,-1.4793916958087827
005307,Hodges University,Hodges University,FL,South,4.0,26.610865,-81.821419,2.0,3.0,1.0,20.0,171.0,15580.0,22602.0,0.2465,,,0.2239,1.0,2.0,1.2572480251819516,-0.8246415313082447
002295,Hofstra University,Hofstra University,NY,Northeast,3.0,40.715959,-73.60078,2.0,3.0,1.0,17.0,6155.0,55450.0,35129.0,0.243,0.7059,1294.0,0.671,1.0,4.0,2.558174209890392,1.0071831523312198
005294,Hollins University,Hollins University,VA,South,3.0,37.354201,-79.943277,2.0,3.0,1.0,21.0,673.0,42260.0,22263.0,0.3314,0.7086,1256.0,0.6968,1.0,2.0,1.6432838961590779,-0.692103950952309
001299,Holmes Junior College,Holmes Community College,MS,South,1.0,32.969985,-89.915803,1.0,2.0,2.0,8.0,3847.0,3510.0,5980.0,0.4222,,,,0.0,3.0,-2.0683377352913395,-1.0142888041209626
000921,Holy Apostles College and Seminary,Holy Apostles College and Seminary,CT,Northeast,3.0,41.60682,-72.647853,2.0,3.0,1.0,19.0,203.0,9580.0,16073.0,0.1624,,,1.0,1.0,2.0,0.7563216349440262,-0.9446608561762787
001309,Holy Cross College,Holy Cross College,IN,Midwest,3.0,41.698996,-86.253822,2.0,3.0,1.0,21.0,533.0,35500.0,26470.0,0.2897,0.7371,1229.0,0.2947,1.0,2.0,1.7889790239618595,-0.6550165211177826
002297,Holy Family University,Holy Family University,PA,Northeast,4.0,40.060581,-74.986451,2.0,3.0,1.0,18.0,2298.0,33968.0,12251.0,0.3971,0.7422,1030.0,0.6039,1.0,2.0,0.8462309133736982,-0.06544547655480555
003437,Holyoke Community College,Holyoke Community College,MA,Northeast,1.0,42.194781,-72.651252,1.0,2.0,2.0,1.0,3164.0,5810.0,6860.0,0.3851,,,,0.0,3.0,-1.7850852805419222,-0.9178454495535472
004350,Honolulu Community College,Honolulu Community College,HI,West,4.0,21.321785,-157.87,1.0,2.0,2.0,8.0,1897.0,3174.0,6399.0,0.1724,,,,0.0,0.0,-1.384240946551552,0.8212891419419698
005296,Hood College,Hood College,MD,South,4.0,39.420631,-77.419049,2.0,3.0,1.0,18.0,1202.0,45870.0,23707.0,0.3627,0.7813,,0.5529,1.0,2.0,1.8334211570737984,-0.06590250138041207
001301,Hope College,Hope College,MI,Midwest,4.0,42.787247,-86.100971,2.0,3.0,1.0,21.0,3274.0,40420.0,25749.0,0.1643,0.7585,1237.0,0.8226,1.0,4.0,1.8311103572275342,1.1103677649683503
004614,Hope International University,Hope International University,CA,West,3.0,33.87616,-117.88573,2.0,3.0,1.0,19.0,549.0,36250.0,27653.0,0.4288,0.3539,,0.4565,1.0,2.0,1.7216122173364448,-1.0208844955956378
002303,Hostos Community College,CUNY Hostos Community College,NY,Northeast,4.0,40.81812,-73.926759,1.0,2.0,2.0,1.0,4883.0,5208.0,5001.0,0.627,,,,0.0,0.0,-1.7988429848171488,-0.36179149094165697
003446,Housatonic Community College,Connecticut State Community College,CT,Northeast,4.0,41.175228,-73.191003,1.0,2.0,2.0,4.0,32292.0,5092.0,8865.0,0.4371,,,,0.0,0.0,-1.7440749389065233,1.2911970900216456
006282,Houston Baptist University,University of Houston,TX,South,4.0,29.720393,-95.343537,1.0,3.0,1.0,15.0,37175.0,9711.0,13853.0,0.4089,0.6953,1229.0,0.6492,0.0,0.0,-1.4479645205375762,1.5225368879506824
000929,Houston Community College,Houston City College,TX,South,4.0,29.742114,-95.377319,1.0,2.0,1.0,1.0,37970.0,2040.0,6738.0,0.3654,,,0.1697,0.0,0.0,-2.0278364218030758,1.5392855005559478
006277,Howard College,Howard College,TX,South,2.0,32.252292,-101.450104,1.0,2.0,2.0,6.0,1588.0,2766.0,7681.0,0.1932,,,,0.0,3.0,-1.5679619753859881,-0.2182622948431858
005308,Howard Community College,Howard Community College,MD,South,4.0,39.213636,-76.877964,1.0,2.0,2.0,2.0,6779.0,4080.0,10225.0,0.2815,,,,0.0,0.0,-1.4483461189458853,1.0455202958538037
006278,Howard Payne University,Howard Payne University,TX,South,2.0,31.716467,-98.985204,2.0,3.0,1.0,22.0,716.0,33322.0,25255.0,0.4217,0.6769,1019.0,0.3112,1.0,5.0,1.3372139129871745,-1.4027804507412738
005297,Howard University,Howard University,DC,South,4.0,38.922392,-77.018966,2.0,3.0,1.0,16.0,9604.0,33344.0,47919.0,0.4053,0.3489,1205.0,0.689,1.0,4.0,2.3945663846672858,1.0629749342101602
002291,Hudson County Community Coll,Hudson County Community College,NJ,Northeast,4.0,40.7303,-74.062903,1.0,2.0,2.0,4.0,6386.0,5020.0,5902.0,0.5616,,,,0.0,0.0,-1.7479469572142663,0.012024465998704478
007695,Hult International Business Sc,Hult International Business School,MA,Northeast,4.0,42.369968,-71.070645,2.0,3.0,1.0,29.0,694.0,54890.0,42402.0,0.0836,0.5335,,0.6582,1.0,4.0,3.5097463131151803,0.9962265154489707
002313,Humacao Community College,Humacao Community College,PR,Other/Territory,3.0,18.148274,-65.826857,2.0,2.0,1.0,23.0,207.0,6560.0,2879.0,0.9673,,,0.5493,1.0,1.0,-0.7289268509491645,-3.9979759545302525
001303,Huntingdon College,Huntingdon College,AL,South,4.0,32.351034,-86.284366,2.0,3.0,1.0,22.0,865.0,28650.0,21401.0,0.3879,0.7083,1148.0,0.4694,1.0,2.0,1.2255244057302108,-0.45815571183821485
004355,Idaho State University,Idaho State University,ID,West,4.0,42.863832,-112.432312,1.0,3.0,1.0,16.0,7260.0,8356.0,17324.0,0.2684,,,0.383,0.0,0.0,-0.9277594785820515,1.3288574816736343
006281,Hutchinson Community College,Hutchinson Community College,KS,Midwest,2.0,38.068035,-97.92135,1.0,2.0,2.0,6.0,2911.0,3420.0,5300.0,0.2379,,,,0.0,3.0,-1.748150573460295,-0.11507946414057343
007310,Huntington Junior College of Business,Ameritas College,WV,South,4.0,38.419732,-82.443234,2.0,2.0,2.0,10.0,209.0,10050.0,10729.0,0.8707,,,,1.0,1.0,-0.0520898781274343,-3.1221146268912743
001304,Huntington College,Huntington University,IN,Midwest,2.0,40.898152,-85.497317,2.0,3.0,1.0,20.0,1016.0,29982.0,13710.0,0.2937,0.7115,1124.0,0.682,1.0,5.0,0.7202537708998382,-0.9697268975564671
002300,Hudson Valley Community Coll,Hudson Valley Community College,NY,Northeast,4.0,42.696509,-73.683734,1.0,2.0,2.0,5.0,6359.0,6694.0,7118.0,0.2852,,,,0.0,0.0,-1.4202296975219804,1.0102929153004583
001315,Illinois College,Illinois College,IL,Midwest,2.0,39.7313,-90.246171,2.0,3.0,1.0,21.0,925.0,37470.0,17945.0,0.3512,0.7467,1082.0,0.6109,1.0,5.0,1.141440983522537,-1.112400051337135
001318,Illinois Institute of Technology,Illinois Institute of Technology,IL,Midwest,4.0,41.8313,-87.627321,2.0,3.0,1.0,16.0,2812.0,51763.0,19353.0,0.2906,0.5542,1296.0,0.7244,1.0,2.0,1.7567410083724286,0.5748484749940308
006303,Incarnate Word College,University of the Incarnate Word,TX,South,4.0,29.46708,-98.46583,2.0,3.0,1.0,17.0,4545.0,35660.0,20498.0,0.4293,0.9336,1042.0,0.5184,1.0,2.0,1.0981078024509767,0.24646445876813997
006304,Independence Community College,Independence Community College,KS,Midwest,1.0,37.195614,-95.720518,1.0,2.0,2.0,2.0,518.0,4260.0,6262.0,0.4017,,,,0.0,3.0,-1.6479030101259728,-1.9317471168534208
004358,Imperial Valley College,Imperial Valley College,CA,West,1.0,32.827209,-115.503563,1.0,2.0,2.0,1.0,6881.0,1126.0,1697.0,0.5042,,,,0.0,3.0,-2.507779139239762,-1.011822842061121
001320,Illinois Wesleyan University,Illinois Wesleyan University,IL,Midwest,4.0,40.489901,-88.992014,2.0,3.0,1.0,22.0,1570.0,55704.0,29550.0,0.2318,0.4517,1242.0,0.8254,1.0,4.0,2.554950983484187,0.6599094605937208
001319,Illinois State University,Illinois State University,IL,Midwest,3.0,40.509403,-88.990058,1.0,3.0,1.0,16.0,18414.0,16021.0,18996.0,0.3005,0.8901,1127.0,0.6632,0.0,0.0,-0.8548927012921191,1.2510968975730623
001312,Illinois Central College,Illinois Central College,IL,Midwest,3.0,40.707235,-89.52485,1.0,2.0,2.0,3.0,4909.0,4650.0,11510.0,0.2225,,,,0.0,0.0,-1.3303319607476716,0.6979223638309151
005322,Indian River Community College,Indian River State College,FL,South,3.0,27.42416,-80.358682,1.0,2.0,1.0,23.0,11571.0,2764.0,5202.0,0.3302,,,0.4248,0.0,0.0,-1.995230005287318,0.6526823556852588
001323,Indiana Institute of Technology,Indiana Institute of Technology,IN,Midwest,4.0,41.078365,-85.116479,2.0,3.0,1.0,18.0,1361.0,30446.0,21318.0,0.3383,0.5689,,0.3139,1.0,2.0,1.2983419017504931,-0.059560285540697026
001322,Indiana State University,Indiana State University,IN,Midwest,4.0,39.469073,-87.407846,1.0,3.0,1.0,17.0,6620.0,9992.0,12188.0,0.3905,0.915,,0.4107,0.0,0.0,-1.190359246133907,0.7050546492169083
001337,Indiana University at Kokomo,Indiana University-Kokomo,IN,Midwest,4.0,40.460062,-86.132048,1.0,3.0,1.0,20.0,2308.0,8179.0,6276.0,0.3469,0.8469,1063.0,0.4475,0.0,0.0,-1.363159395706269,0.24576800181551697
001324,Indiana University Bloomington,Indiana University-Bloomington,IN,Midwest,4.0,39.16609,-86.526559,1.0,3.0,1.0,15.0,36571.0,11790.0,15342.0,0.1669,0.8037,1308.0,0.8117,0.0,0.0,-1.0622796223092381,2.3903302360517076
001194,Indiana University East,Indiana University-East,IN,Midwest,2.0,39.868707,-84.881923,1.0,3.0,1.0,20.0,2446.0,8179.0,9082.0,0.3378,0.7124,1135.0,0.4536,0.0,3.0,-1.4530475772868936,-0.47020612684079444
006312,Indian Hills Cmty Coll Ottumwa,Indian Hills Community College,IA,Midwest,2.0,41.045105,-92.394736,1.0,2.0,2.0,8.0,1635.0,4872.0,7492.0,0.2234,,,,0.0,3.0,-1.4868291774500682,-0.309113939305134
006907,Indiana University Fort Wayne,Purdue University Fort Wayne,IN,Midwest,4.0,41.117278,-85.108962,1.0,3.0,1.0,19.0,5450.0,9254.0,11513.0,0.2305,0.8566,1078.0,0.3247,0.0,0.0,-1.0956253873327768,1.1583304571629645
001325,Indiana University Indianapolis,Indiana University-Indianapolis,IN,Midwest,4.0,39.772948,-86.172217,1.0,3.0,1.0,16.0,16582.0,10449.0,11408.0,0.3627,0.8139,1146.0,0.5387,0.0,0.0,-1.3396976132231784,1.2481172756713521
001338,Indiana University Northwest,Indiana University-Northwest,IN,Midwest,3.0,41.557324,-87.337249,1.0,3.0,1.0,20.0,2582.0,8179.0,5970.0,0.4255,0.767,1067.0,0.3685,0.0,0.0,-1.5760097606794847,-0.3874425129620429
002652,Indiana University of Pennsylvania,Indiana University of Pennsylvania,PA,Northeast,2.0,40.617531,-79.159332,1.0,3.0,1.0,16.0,6893.0,11380.0,17216.0,0.3576,0.912,1052.0,0.5239,0.0,3.0,-1.0462765132650382,0.14882528961774016
001339,Indiana University South Bend,Indiana University-South Bend,IN,Midwest,4.0,41.665324,-86.221991,1.0,3.0,1.0,19.0,3807.0,8179.0,8364.0,0.4117,0.8599,1072.0,0.3574,0.0,0.0,-1.3791511057471735,0.2932828622937034
001314,Indiana University Southeast,Indiana University-Southeast,IN,Midwest,3.0,38.345191,-85.819985,1.0,3.0,1.0,19.0,3088.0,8179.0,8257.0,0.3381,0.8312,1097.0,0.3341,0.0,0.0,-1.4147189131306346,0.03998616205912109
001446,Indiana Wesleyan University,Indiana Wesleyan University-Marion,IN,Midwest,2.0,40.517937,-85.667503,2.0,3.0,1.0,20.0,1927.0,31168.0,23069.0,0.2549,0.8221,1074.0,0.6633,1.0,5.0,1.1857624131122688,-0.38108585268917466
002065,Inter Amer Univ PR Fajardo,Inter American University of Puerto Rico-Fajardo,PR,Other/Territory,3.0,18.329222,-65.648052,2.0,3.0,1.0,22.0,1149.0,5580.0,8787.0,0.8348,0.3556,,0.3285,0.0,1.0,-0.6071622808379488,-2.6126677545927555
002077,Inter Amer Univ PR Guayama,Inter American University of Puerto Rico-Guayama,PR,Other/Territory,4.0,17.96635,-66.108164,2.0,3.0,1.0,22.0,1661.0,5580.0,8932.0,0.752,0.485,,0.3936,0.0,1.0,-0.47436429797805163,-1.7298459081443
000873,Inter Amer Univ PR Metro,Inter American University of Puerto Rico-Metro,PR,Other/Territory,4.0,18.368988,-66.077711,2.0,3.0,1.0,18.0,2692.0,5580.0,8964.0,0.6592,0.6644,,0.316,0.0,1.0,-0.4765280409187825,-1.164591264375086
002067,Inter American University of Puerto Rico: Barranqu,Inter American University of Puerto Rico-Barranquitas,PR,Other/Territory,3.0,18.182777,-66.303153,2.0,3.0,1.0,22.0,919.0,5542.0,7382.0,0.889,0.6583,,0.3837,0.0,1.0,-0.6901750179679257,-2.9331566230696757
003531,Inter American University of Puerto Rico: Ponce Ca,Inter American University of Puerto Rico-Ponce,PR,Other/Territory,1.0,18.007388,-66.578498,2.0,3.0,1.0,22.0,2602.0,5580.0,8245.0,0.8194,0.7029,,0.4311,0.0,1.0,-0.9889107702747425,-2.978131386645169
002318,Interior Des Inst,Interior Designers Institute,CA,West,4.0,33.641393,-117.865722,3.0,2.0,1.0,30.0,107.0,20250.0,,0.3438,,,0.875,,,,
006314,Inver Hills Community College,Inver Hills Community College,MN,Midwest,3.0,44.828599,-93.055255,1.0,2.0,2.0,3.0,2203.0,6007.0,10651.0,0.2327,,,,0.0,0.0,-1.2187851516133363,0.26358242078069954
002324,Iona University,Iona University,NY,Northeast,3.0,40.925725,-73.788046,2.0,3.0,1.0,18.0,2731.0,45880.0,27951.0,0.2615,0.9114,1167.0,0.5744,1.0,4.0,2.0000109136546356,0.3814275027008635
006217,Iowa Central C C Ft Dodge,Iowa Central Community College,IA,Midwest,2.0,42.490067,-94.20299,1.0,2.0,2.0,5.0,3107.0,5376.0,9601.0,0.3124,,,,0.0,3.0,-1.5271222458793685,-0.27349934101347656
006302,Iowa Western Community College,Iowa Western Community College,IA,Midwest,3.0,41.272168,-95.797975,1.0,2.0,2.0,6.0,3029.0,6780.0,11574.0,0.2591,,,,0.0,0.0,-1.2160443255364368,0.3453384596772833
002325,Ithaca College,Ithaca College,NY,Northeast,3.0,42.422154,-76.494136,2.0,3.0,1.0,18.0,4350.0,50510.0,32965.0,0.1901,0.6994,1285.0,0.7411,1.0,4.0,2.388967945315273,0.960918412634537
005340,J Sargeant Reynolds Cmty Col,J Sargeant Reynolds Community College,VA,South,3.0,37.636837,-77.473918,1.0,2.0,2.0,9.0,5284.0,5136.0,4553.0,0.3004,,,,0.0,0.0,-1.814041714188196,0.3770276692760923
001340,Jackson Community College,Jackson College,MI,Midwest,1.0,42.16483,-84.403942,1.0,2.0,1.0,14.0,3213.0,7040.0,7657.0,0.3442,,,0.1738,0.0,3.0,-1.7293949328406082,-0.7927218759268052
005347,J Sargeant Reynolds Parham Rd,J Sargeant Reynolds Community College,VA,South,3.0,37.636837,-77.473918,1.0,2.0,2.0,9.0,5284.0,5136.0,4553.0,0.3004,,,,0.0,0.0,-1.814041714188196,0.3770276692760923
005676,J Sargeant Reynolds Downtown,J Sargeant Reynolds Community College,VA,South,3.0,37.636837,-77.473918,1.0,2.0,2.0,9.0,5284.0,5136.0,4553.0,0.3004,,,,0.0,0.0,-1.814041714188196,0.3770276692760923
002721,ITT Little Rock,University of Arkansas at Little Rock,AR,South,4.0,34.723254,-92.339778,1.0,3.0,1.0,16.0,4740.0,8455.0,16136.0,0.4105,0.5774,1049.0,0.4142,0.0,0.0,-1.0448579236565767,0.524167294126016
001326,Itawamba Community College,Itawamba Community College,MS,South,1.0,34.276519,-88.412073,1.0,2.0,2.0,4.0,4018.0,3420.0,5034.0,0.4553,,,,0.0,3.0,-2.1536760525665692,-1.1229517292467064
003048,Island Drafting Tech,Island Drafting and Technical Institute,NY,Northeast,3.0,40.6756,-73.416761,3.0,2.0,2.0,11.0,53.0,19200.0,21392.0,0.7015,,,,1.0,1.0,1.1221117327916368,-3.363704532266112
003356,Irvine Valley College,Irvine Valley College,CA,West,4.0,33.675381,-117.777539,1.0,2.0,2.0,2.0,9577.0,1156.0,1886.0,0.2061,,,,0.0,0.0,-1.963157223998324,1.426367981895912
006306,Iowa State University,Iowa State University,IA,Midwest,4.0,42.026212,-93.648504,1.0,3.0,1.0,15.0,25033.0,10497.0,18165.0,0.1846,0.8913,1199.0,0.7547,0.0,0.0,-0.9050151089658409,2.1716398790507245
006196,Iowa Lakes Community College,Iowa Lakes Community College,IA,Midwest,2.0,43.401376,-94.835661,1.0,2.0,2.0,8.0,995.0,7196.0,10846.0,0.204,,,,0.0,3.0,-1.1460476525094994,-0.42471152509832855
003047,Interntl C Broadcst,International College of Broadcasting,OH,Midwest,4.0,39.764986,-84.137499,3.0,2.0,2.0,1.0,44.0,12430.0,18284.0,0.7429,,,,1.0,1.0,0.8158006001218345,-3.322881959654042
000946,Inter Amer Univ PR San German,Inter American University of Puerto Rico-San German,PR,Other/Territory,3.0,18.08353,-67.05082,2.0,3.0,1.0,20.0,2641.0,5580.0,9034.0,0.8245,0.5067,,0.4272,0.0,1.0,-0.7153791675398097,-2.16258273938987
002043,Inter Amer Univ PR Bayamon,Inter American University of Puerto Rico-Bayamon,PR,Other/Territory,4.0,18.351631,-66.182473,2.0,3.0,1.0,22.0,3453.0,5580.0,8783.0,0.8089,0.3642,,0.3301,0.0,1.0,-0.6396600952071801,-1.571239061327207
000180,Institute of American Indian Arts,Institute of American Indian and Alaska Native Culture and Arts Development,NM,West,1.0,35.586563,-106.010015,1.0,3.0,1.0,33.0,307.0,5801.0,12322.0,0.2038,1.0,,0.2453,0.0,3.0,-1.0870954859828443,-1.3111796388261618
002266,Jackson State Community College,Jackson State Community College,TN,South,4.0,35.645571,-88.780005,1.0,2.0,2.0,2.0,2211.0,4516.0,7343.0,0.4062,,,,0.0,0.0,-1.5106124038215742,0.016959322158437963
001341,Jackson State University,Jackson State University,MS,South,4.0,32.296105,-90.207405,1.0,3.0,1.0,16.0,4769.0,9090.0,20191.0,0.6838,0.9103,974.0,0.3219,0.0,1.0,-1.019840134503016,-0.37497794864171036
006317,Jacksonville College,Jacksonville College-Main Campus,TX,South,2.0,31.965846,-95.281311,2.0,2.0,2.0,3.0,197.0,8220.0,11674.0,0.2357,,,,1.0,5.0,0.2018550637470067,-1.7298113329909497
001736,Jacksonville State University,Jacksonville State University,AL,South,3.0,33.822938,-85.765321,1.0,3.0,1.0,18.0,7030.0,12426.0,14850.0,0.4309,0.7622,1055.0,0.5112,0.0,0.0,-1.1901047769099564,0.24672462596981962
005331,Jacksonville University,Jacksonville University,FL,South,4.0,30.353227,-81.60458,2.0,3.0,1.0,18.0,2649.0,46180.0,26255.0,0.2993,0.5729,1211.0,0.5697,1.0,2.0,1.904586170217506,0.5840235523053533
005392,James Madison University,James Madison University,VA,South,4.0,38.436311,-78.870484,1.0,3.0,1.0,16.0,20497.0,13576.0,21816.0,0.1683,0.7625,1247.0,0.8087,0.0,0.0,-0.629908675936425,2.2099862850714738
002346,Jamestown Business College,Jamestown Business College,NY,Northeast,2.0,42.095452,-79.249601,3.0,2.0,1.0,29.0,251.0,12945.0,7732.0,0.6864,0.8582,,0.6053,1.0,1.0,-0.14144147321246484,-3.1860371555208986
006318,Jamestown College,University of Jamestown,ND,Midwest,2.0,46.914302,-98.698416,2.0,3.0,1.0,20.0,947.0,24820.0,20318.0,0.2607,0.9351,,0.4402,1.0,5.0,0.9543822743512573,-0.8300756160807703
002335,Jamestown Community College,Jamestown Community College,NY,Northeast,2.0,42.1146,-79.218967,1.0,2.0,2.0,2.0,1692.0,6600.0,9507.0,0.2125,,,,0.0,3.0,-1.27166667022539,-0.16986061811273367
006320,Jefferson College,Jefferson College,MO,Midwest,1.0,38.259889,-90.558954,1.0,2.0,2.0,4.0,2514.0,4500.0,7734.0,0.2951,,,,0.0,3.0,-1.7257093813404834,-0.7560022317237403
002345,Jefferson Community College,Jefferson Community College,NY,Northeast,4.0,43.992827,-75.935051,1.0,2.0,2.0,2.0,1523.0,6048.0,11012.0,0.3255,,,,0.0,0.0,-1.0405439435700836,0.21298728797864613
001352,Jefferson State Community Coll,Jefferson State Community College,AL,South,4.0,33.652535,-86.707233,1.0,2.0,2.0,8.0,5443.0,5040.0,9024.0,0.2863,,,,0.0,0.0,-1.4532255338129423,0.9099022627789558
002339,Jewish Theol Sem Amer,Jewish Theological Seminary of America,NY,Northeast,4.0,40.811892,-73.960582,2.0,3.0,1.0,24.0,172.0,65545.0,29744.0,0.0537,0.4507,1507.0,0.8684,1.0,4.0,3.392753449521875,0.3087784981964268
001357,John A. Logan College,John A Logan College,IL,Midwest,2.0,37.747453,-89.09021,1.0,2.0,2.0,9.0,2018.0,4630.0,5321.0,0.2916,,,,0.0,3.0,-1.6949739494966813,-0.4768328458867907
006321,John Brown University,John Brown University,AR,South,2.0,36.189812,-94.560283,2.0,3.0,1.0,19.0,1415.0,30832.0,21144.0,0.2138,0.6764,1222.0,0.6677,1.0,5.0,1.0966803825103495,-0.40762895304906815
000539,John A. Gupton College,John A Gupton College,TN,South,4.0,36.156633,-86.7948,2.0,2.0,2.0,12.0,160.0,12040.0,19772.0,0.3622,0.8387,1050.0,,1.0,2.0,0.9215420741852762,-1.3260365383727153
001342,John Carroll University,John Carroll University,OH,Midwest,3.0,41.490259,-81.531224,2.0,3.0,1.0,18.0,2228.0,49100.0,28617.0,0.1978,0.811,1295.0,0.7649,1.0,4.0,2.159905699767648,0.4896857643613535
004576,John Paul the Great Catholic University,John Paul the Great Catholic University,CA,West,3.0,33.12085,-117.082401,2.0,3.0,1.0,22.0,297.0,29500.0,29124.0,0.38,0.7929,1181.0,0.6533,1.0,2.0,1.730332144694782,-1.174194429409331
001374,John Wood Community College,John Wood Community College,IL,Midwest,2.0,39.913741,-91.335828,1.0,2.0,2.0,4.0,1387.0,5700.0,6596.0,0.3935,,,,0.0,3.0,-1.6146904107894087,-0.9960698137904177
005532,Johns Hopkins Univ Peabody Conserv,Johns Hopkins University,MD,South,4.0,39.328977,-76.621595,2.0,3.0,1.0,15.0,5617.0,63340.0,18161.0,0.1976,0.0756,1553.0,0.9463,1.0,4.0,1.9484424551913262,1.3105346744085737
005346,Johns Hopkins Univ Sch Med,Johns Hopkins University,MD,South,4.0,39.328977,-76.621595,2.0,3.0,1.0,15.0,5617.0,63340.0,18161.0,0.1976,0.0756,1553.0,0.9463,1.0,4.0,1.9484424551913262,1.3105346744085737
005332,Johns Hopkins University,Johns Hopkins University,MD,South,4.0,39.328977,-76.621595,2.0,3.0,1.0,15.0,5617.0,63340.0,18161.0,0.1976,0.0756,1553.0,0.9463,1.0,4.0,1.9484424551913262,1.3105346744085737
005335,Johns Hopkns Univ Cty,Johns Hopkins University,MD,South,4.0,39.328977,-76.621595,2.0,3.0,1.0,15.0,5617.0,63340.0,18161.0,0.1976,0.0756,1553.0,0.9463,1.0,4.0,1.9484424551913262,1.3105346744085737
003465,Johnson & Wales University,Johnson & Wales University-Providence,RI,Northeast,4.0,41.819956,-71.41277,2.0,3.0,1.0,18.0,3913.0,40408.0,32478.0,0.3018,0.837,1107.0,0.5488,1.0,4.0,2.109554696682501,0.8521394132690795
005333,Johnson C. Smith University,Johnson C Smith University,NC,South,4.0,35.243033,-80.857251,2.0,3.0,1.0,21.0,1047.0,20480.0,20011.0,0.6778,0.4287,,0.3414,1.0,1.0,0.6543050168737296,-1.455652931513415
006325,Johnson County Community Coll,Johnson County Community College,KS,Midwest,4.0,38.924125,-94.727798,1.0,2.0,2.0,3.0,10634.0,2328.0,13153.0,0.1649,,,,0.0,0.0,-1.269441935038049,1.6975421337580536
001345,Johnson University,Johnson University,TN,South,1.0,35.937193,-83.750273,2.0,3.0,1.0,19.0,703.0,20318.0,20303.0,0.3827,0.5377,1072.0,0.6216,1.0,5.0,0.5966951281249815,-1.8331424203638127
001347,Jones County Junior College,Jones County Junior College,MS,South,2.0,31.596936,-89.200895,1.0,2.0,2.0,4.0,3248.0,4000.0,7945.0,0.3769,,,,0.0,3.0,-1.768886977834898,-0.5004900352936442
000727,Johnston Community College,Johnston Community College,NC,South,2.0,35.501418,-78.332293,1.0,2.0,2.0,5.0,2998.0,2657.0,3946.0,0.2317,,,,0.0,3.0,-1.8988752223127423,-0.09250441598961373
210059,Johns Hopkins Center Talented Youth,Johns Hopkins University,MD,South,4.0,39.328977,-76.621595,2.0,3.0,1.0,15.0,5617.0,63340.0,18161.0,0.1976,0.0756,1553.0,0.9463,1.0,4.0,1.9484424551913262,1.3105346744085737
002340,Juilliard School,The Juilliard School,NY,Northeast,4.0,40.773725,-73.982913,2.0,3.0,1.0,30.0,460.0,56550.0,37903.0,0.1331,0.0896,,0.9,1.0,4.0,3.345234014178697,0.568021662860918
001365,Kalamazoo College,Kalamazoo College,MI,Midwest,4.0,42.290789,-85.601857,2.0,3.0,1.0,21.0,1175.0,58764.0,18873.0,0.2322,0.7623,1270.0,0.817,1.0,2.0,2.1214859238833106,0.3880306340406364
001378,Kalamazoo Valley Cmty College,Kalamazoo Valley Community College,MI,Midwest,3.0,42.225948,-85.682144,1.0,2.0,2.0,2.0,4885.0,4046.0,2991.0,0.2663,,,,0.0,0.0,-1.8360423297794537,0.42014988733704983
005937,Kansas City Coll Bible School,Kansas Christian College,KS,Midwest,4.0,38.994848,-94.666878,2.0,3.0,1.0,23.0,143.0,10950.0,15686.0,0.5798,,,0.2857,1.0,1.0,0.5769575295762245,-2.220015685140701
006334,Kansas State University,Kansas State University,KS,Midwest,4.0,39.188648,-96.581077,1.0,3.0,1.0,15.0,14835.0,10942.0,17883.0,0.1934,0.7936,1149.0,0.7047,0.0,0.0,-0.8321388145190542,1.8814571819492165
006337,Kansas Wesleyan University,Kansas Wesleyan University,KS,Midwest,2.0,38.813795,-97.607973,2.0,3.0,1.0,22.0,894.0,33470.0,23369.0,0.4083,0.8498,,0.3846,1.0,5.0,1.2725097867013515,-1.2809552460479272
003472,Keene State College,Keene State College,NH,Northeast,2.0,42.926452,-72.279276,1.0,3.0,1.0,22.0,2680.0,14710.0,19164.0,0.2371,0.8909,,0.5844,0.0,3.0,-0.6031825687596835,0.15499161788116095
000619,Kehilath Yakov Rabbinical Seminary,Kehilath Yakov Rabbinical Seminary,NY,Northeast,1.0,41.220521,-73.814887,2.0,3.0,1.0,24.0,206.0,12800.0,3074.0,0.8717,,,0.4694,1.0,1.0,-0.6247654362898515,-4.408100391890793
002517,Kean University,Kean University,NJ,Northeast,3.0,40.677981,-74.233503,1.0,3.0,1.0,17.0,10842.0,13426.0,12168.0,0.4631,0.7688,1150.0,0.4338,0.0,0.0,-1.2868505534847305,0.35206081637553294
002355,Katharine Gibbs School: New York,The New School,NY,Northeast,4.0,40.735508,-73.997114,2.0,3.0,1.0,16.0,6819.0,56386.0,55359.0,0.1532,0.6252,,0.7119,1.0,4.0,3.837938360582864,2.066059819801094
004377,Kapiolani Community College,Kapiolani Community College,HI,West,4.0,21.27148,-157.800213,1.0,2.0,2.0,6.0,3955.0,3284.0,5194.0,0.1702,,,,0.0,0.0,-1.557748959719236,1.1755317648162773
006330,Kansas City Art Institute,Kansas City Art Institute,MO,Midwest,4.0,39.046353,-94.583594,2.0,3.0,1.0,30.0,782.0,43550.0,29555.0,0.4173,0.6035,,0.6491,1.0,2.0,2.156634894952169,-0.4139532344365233
002341,Juniata College,Juniata College,PA,Northeast,2.0,40.500523,-78.017292,2.0,3.0,1.0,21.0,1175.0,56402.0,27663.0,0.2621,0.7165,1185.0,0.6891,1.0,5.0,2.3120318313972055,-0.3812531483762113
007004,Keiser University,Keiser University-Ft Lauderdale,FL,South,4.0,26.185869,-80.163959,2.0,2.0,1.0,17.0,17370.0,24136.0,34439.0,0.5756,0.9742,,0.5479,1.0,2.0,1.1760564095877413,0.5116076887230699
001375,Kellogg Community College,Kellogg Community College,MI,Midwest,4.0,42.335638,-85.177329,1.0,2.0,2.0,9.0,2781.0,3798.0,4867.0,0.2346,,,,0.0,0.0,-1.512661797998959,0.6857403239228025
004373,Kenai Peninsula College,Alaska Christian College,AK,West,1.0,60.490459,-151.136005,2.0,2.0,2.0,1.0,60.0,9014.0,5427.0,0.7763,0.8936,,,1.0,1.0,-0.4441436041438278,-4.623962956935167
005359,Kennesaw State University,Kennesaw State University,GA,South,3.0,34.038807,-84.583052,1.0,3.0,1.0,16.0,39503.0,5786.0,16972.0,0.3538,0.6918,1120.0,0.4806,0.0,0.0,-1.4852173266956952,1.3567925508873127
001434,Kent State U Tuscarawas,Kent State University at Tuscarawas,OH,Midwest,2.0,40.467736,-81.407707,1.0,2.0,1.0,23.0,1502.0,7272.0,11480.0,0.3077,,,0.371,0.0,3.0,-1.2533978312620955,-0.5774966032515654
001485,Kent State Univ Ashtabula,Kent State University at Ashtabula,OH,Midwest,2.0,41.888296,-80.830377,1.0,2.0,1.0,14.0,1314.0,7272.0,10753.0,0.3444,,,0.2584,0.0,3.0,-1.2995744455018676,-0.7826330679394511
000328,Kent State Univ East Liverpool,Kent State University at East Liverpool,OH,Midwest,2.0,40.616966,-80.576702,1.0,2.0,1.0,14.0,705.0,7272.0,10569.0,0.2378,,,0.098,0.0,3.0,-1.1309752431526439,-0.7168289502469645
006979,Kent State Univ Geauga,Kent State University at Geauga,OH,Midwest,1.0,41.483727,-81.143085,1.0,2.0,1.0,14.0,1547.0,7272.0,10964.0,0.2669,,,0.2593,0.0,3.0,-1.3730635079598557,-0.8340746320038404
000683,Kent State Univ Salem Regional,Kent State University at Salem,OH,Midwest,1.0,40.86408,-80.835458,1.0,2.0,1.0,23.0,1127.0,7272.0,11593.0,0.3109,,,0.2819,0.0,3.0,-1.3240194293170537,-1.1364768473647338
001384,Kentucky Mt Bible College,Kentucky Mountain Bible College,KY,South,1.0,37.603443,-83.438765,2.0,3.0,1.0,21.0,72.0,10060.0,9904.0,0.5513,0.3571,980.0,0.3571,1.0,1.0,-0.04312797512672563,-3.753423497198802
001368,Kentucky State University,Kentucky State University,KY,South,2.0,38.201427,-84.855402,1.0,3.0,1.0,22.0,1317.0,9214.0,8900.0,0.5652,0.9255,910.0,0.2714,0.0,3.0,-1.5656210107365487,-1.5621792569732293
001370,Kenyon College,Kenyon College,OH,Midwest,1.0,40.374408,-82.397977,2.0,3.0,1.0,21.0,1753.0,69330.0,29383.0,0.1008,0.3071,1440.0,0.8675,1.0,5.0,2.681654095909163,0.03689384163009987
001369,Kentucky Wesleyan College,Kentucky Wesleyan College,KY,South,4.0,37.744489,-87.119658,2.0,3.0,1.0,22.0,799.0,33393.0,36431.0,0.4157,0.67,1043.0,0.526,1.0,2.0,2.1611598392742115,-0.3579388368111233
001377,Kentucky Christian College,Kentucky Christian University,KY,South,2.0,38.338805,-82.945561,2.0,3.0,1.0,22.0,441.0,25000.0,22139.0,0.3704,0.6238,1044.0,0.3377,1.0,5.0,1.0357634513206377,-1.5567888627324045
000593,Kent State University: Trumbull,Kent State University at Trumbull,OH,Midwest,1.0,41.278748,-80.836233,1.0,2.0,1.0,23.0,1648.0,7272.0,10679.0,0.3654,,,0.2677,0.0,3.0,-1.4736272594589828,-1.1535424023439476
001367,Kent State University,Kent State University at Kent,OH,Midwest,3.0,41.146653,-81.342533,1.0,3.0,1.0,15.0,19134.0,12846.0,19614.0,0.2737,0.8665,1095.0,0.6545,0.0,0.0,-0.9025595555596474,1.3526642341739181
000585,Kent State U Stark Campus,Kent State University at Stark,OH,Midwest,3.0,40.868568,-81.43731,1.0,2.0,1.0,14.0,2626.0,7272.0,11310.0,0.2903,,,0.3726,0.0,0.0,-1.2171148000675114,0.16458364661708028
003475,Kennebec Valley Cmty College,Kennebec Valley Community College,ME,Northeast,2.0,44.594149,-69.61157,1.0,2.0,2.0,8.0,1538.0,3562.0,6994.0,0.3096,,,,0.0,3.0,-1.556578223659225,-0.6126679954071063
000602,Kettering College of Medical Arts,Kettering College,OH,Midwest,4.0,39.695052,-84.192006,2.0,3.0,1.0,26.0,543.0,15672.0,15156.0,0.2419,0.8286,1120.0,0.65,1.0,2.0,0.7427835122444647,-0.3519765917743851
001246,Kettering University,Kettering University,MI,Midwest,4.0,43.012468,-83.71282,2.0,3.0,1.0,19.0,1279.0,46380.0,33092.0,0.1681,0.7909,1219.0,0.7054,1.0,4.0,2.545016655019352,0.7724973139634456
002350,Keuka C,Keuka College,NY,Northeast,2.0,42.615253,-77.090562,2.0,3.0,1.0,19.0,920.0,38000.0,25989.0,0.4355,0.9388,1090.0,0.4877,1.0,5.0,1.575683260103712,-1.252420384471571
002351,Keystone College,Keystone College,PA,Northeast,3.0,41.558969,-75.777456,2.0,3.0,1.0,22.0,870.0,17850.0,21461.0,0.4481,0.796,1030.0,0.4116,1.0,2.0,0.8473351451407835,-1.1072798824524681
006341,Kilgore College,Kilgore College,TX,South,2.0,32.377821,-94.871468,1.0,2.0,2.0,5.0,3133.0,2160.0,6629.0,0.3719,,,,0.0,3.0,-1.884899927555511,-0.5305074435751287
002353,King's College,King's College,PA,Northeast,4.0,41.250097,-75.879822,2.0,3.0,1.0,19.0,1519.0,42600.0,23281.0,0.2729,0.932,1150.0,0.601,1.0,2.0,1.8535391715547707,0.374439347538548
002358,Kingsborough Community College,CUNY Kingsborough Community College,NY,Northeast,4.0,40.577222,-73.935812,1.0,2.0,2.0,2.0,7632.0,5252.0,5436.0,0.2893,,,,0.0,0.0,-1.5847833146426735,1.0535452435895145
006027,Kirkwood Community College,Kirkwood Community College,IA,Midwest,4.0,41.911268,-91.651172,1.0,2.0,2.0,8.0,7438.0,5980.0,9388.0,0.2363,,,,0.0,0.0,-1.360060848718016,1.241235959923074
001382,Kirtland Community College,Kirtland Community College,MI,Midwest,1.0,44.601785,-84.706254,1.0,2.0,2.0,9.0,965.0,4980.0,9615.0,0.3435,,,,0.0,3.0,-1.4992619585654168,-1.369563482823322
001372,Knox College,Knox College,IL,Midwest,2.0,40.943064,-90.373165,2.0,3.0,1.0,21.0,997.0,55587.0,24875.0,0.2972,0.7113,1250.0,0.6751,1.0,5.0,2.084626245929718,-0.6746121189105954
002653,Kutztown University of Pennsylvania,Kutztown University of Pennsylvania,PA,Northeast,2.0,40.513561,-75.783933,1.0,3.0,1.0,18.0,6348.0,11230.0,21205.0,0.3063,0.9483,1170.0,0.5411,0.0,3.0,-0.78569546176037,0.3427549202556725
002363,La Salle University,La Salle University,PA,Northeast,4.0,40.037979,-75.153061,2.0,3.0,1.0,17.0,1985.0,35570.0,21409.0,0.3264,0.8619,,0.579,1.0,2.0,1.4601287967637402,0.24753776198075628
004380,La Sierra University,La Sierra University,CA,West,4.0,33.910704,-117.500054,2.0,3.0,1.0,19.0,1155.0,35910.0,26217.0,0.4735,0.933,,0.6806,1.0,2.0,1.6038294297031104,-0.42600210153469503
006576,Labette Community College,Labette Community College,KS,Midwest,2.0,37.339062,-95.255368,1.0,2.0,2.0,5.0,766.0,3968.0,7795.0,0.2189,,,,0.0,3.0,-1.3765646365621307,-0.6686418488012813
003287,Laboure Junior College,Laboure College of Healthcare,MA,Northeast,3.0,42.260866,-71.058279,2.0,2.0,1.0,26.0,717.0,33663.0,,0.3664,0.4054,,,,,,
002373,Lackawanna College,Lackawanna College,PA,Northeast,4.0,41.411556,-75.658963,2.0,2.0,1.0,23.0,1837.0,17950.0,21248.0,0.5814,,,0.3773,1.0,1.0,0.7394854176386311,-0.8026660590468709
002361,Lafayette College,Lafayette College,PA,Northeast,3.0,40.69956,-75.209786,2.0,3.0,1.0,21.0,2746.0,62574.0,32496.0,0.103,0.3147,1419.0,0.8805,1.0,4.0,2.8641039108267927,1.1109152103682862
005362,LaGrange College,LaGrange College,GA,South,2.0,33.038564,-85.043113,2.0,3.0,1.0,22.0,566.0,34540.0,17805.0,0.4366,0.6427,,0.4176,1.0,5.0,1.0011107083342063,-1.6659018034258393
000717,Lake Area Technical Institute,Lake Area Technical College,SD,Midwest,2.0,44.901714,-97.095229,1.0,2.0,2.0,7.0,1710.0,6718.0,14826.0,0.2605,,,,0.0,3.0,-1.075355711546886,-0.30483377714357945
007248,Laguna College Art and Design,Laguna College of Art and Design,CA,West,1.0,33.561448,-117.772564,2.0,3.0,1.0,30.0,776.0,35650.0,42354.0,0.3141,0.7761,,0.6304,1.0,5.0,2.2849960762680244,-1.06327846516866
001391,Lake Erie College,Lake Erie College,OH,Midwest,3.0,41.717841,-81.251817,2.0,3.0,1.0,20.0,678.0,36032.0,21296.0,0.29,0.6412,1114.0,0.4194,1.0,2.0,1.4911611733538577,-0.6054111680172962
001392,Lake Forest College,Lake Forest College,IL,Midwest,3.0,42.249574,-87.827454,2.0,3.0,1.0,21.0,1782.0,54202.0,27499.0,0.3515,0.5941,1309.0,0.7042,1.0,2.0,2.170130893975849,-0.14444137132670984
001137,Lake Michigan College,Lake Michigan College,MI,Midwest,1.0,42.097276,-86.393445,1.0,2.0,2.0,14.0,1811.0,5265.0,11209.0,0.1785,,,,0.0,3.0,-1.376889265225492,-0.45459727523215293
006163,Lake Region State College,Lake Region State College,ND,Midwest,2.0,48.127948,-98.869034,1.0,2.0,2.0,6.0,599.0,5478.0,10989.0,0.1054,,,,0.0,3.0,-1.0355645931319695,-0.33667565664172955
006352,Lake Superior C,Lake Superior College,MN,Midwest,4.0,46.78455,-92.145151,1.0,2.0,2.0,9.0,2456.0,5786.0,16050.0,0.1925,,,,0.0,0.0,-0.8044519098877928,0.9393112389272514
001421,Lake Superior State University,Lake Superior State University,MI,Midwest,2.0,46.492849,-84.365573,1.0,3.0,1.0,22.0,1391.0,14266.0,13825.0,0.2906,0.6801,,0.5694,0.0,3.0,-0.8933697280648617,-0.47834806449182415
004420,Lake Tahoe Community College,Lake Tahoe Community College,CA,West,1.0,38.926797,-119.972574,1.0,2.0,2.0,6.0,2909.0,1131.0,10975.0,0.1476,,,,0.0,3.0,-1.6051155164458846,-0.05346553132753824
001422,Lakeland Community College,Lakeland Community College,OH,Midwest,3.0,41.637463,-81.364723,1.0,2.0,2.0,2.0,3143.0,3872.0,7557.0,0.2243,,,,0.0,0.0,-1.496777137331363,0.41222859170914944
000149,Lakeview College of Nursing,Lakeview College of Nursing,IL,Midwest,2.0,40.13855,-87.644379,2.0,3.0,1.0,26.0,81.0,,,0.4828,,,,,,,
004382,Lamar Community College,Lamar Community College,CO,West,2.0,38.068886,-102.616144,1.0,2.0,2.0,5.0,406.0,4422.0,10328.0,0.3174,,,,0.0,3.0,-1.246519703381295,-1.2021281824082046
006589,Lamar SC Port Arthur,Lamar State College-Port Arthur,TX,South,4.0,29.880385,-93.925886,1.0,2.0,2.0,7.0,1455.0,1770.0,4887.0,0.2869,,,,0.0,0.0,-1.567613316377076,0.17924803975634704
006360,Lamar University,Lamar University,TX,South,4.0,30.042738,-94.072244,1.0,3.0,1.0,17.0,7945.0,8690.0,11429.0,0.438,0.8573,1040.0,0.3718,0.0,0.0,-1.3904455782328986,0.6188516451602272
002388,Lancaster Bible College,Lancaster Bible College,PA,Northeast,3.0,40.075347,-76.287761,2.0,3.0,1.0,20.0,1511.0,29990.0,22870.0,0.3047,0.9519,1161.0,0.7143,1.0,2.0,1.3109423615239677,-0.23367158837104968
002374,Lancaster General Coll Nursing,Saint Joseph's University - Lancaster,PA,Northeast,1.0,40.060419,-76.247035,2.0,2.0,1.0,26.0,1548.0,31866.0,37208.0,0.3018,0.4412,,0.6703,1.0,5.0,1.8934551328184626,-0.8174166987858604
005363,Lander University,Lander University,SC,South,2.0,34.199892,-82.164736,1.0,3.0,1.0,22.0,3384.0,11700.0,14501.0,0.3974,0.6792,1057.0,0.4876,0.0,3.0,-1.2100148620477382,-0.4131158112635208
000081,Landmark College,Landmark College,VT,Northeast,1.0,42.977172,-72.512549,2.0,2.0,1.0,23.0,480.0,64290.0,50879.0,0.1436,0.4365,,0.2651,1.0,4.0,3.8990130946092973,-0.44295042874975077
001395,Lane College,Lane College,TN,South,4.0,35.627378,-88.806535,2.0,3.0,1.0,21.0,813.0,11790.0,14494.0,0.7941,,,0.1703,1.0,1.0,0.049213615855338094,-2.121014710656874
004407,Lane Community College,Lane Community College,OR,West,3.0,44.009325,-123.032644,1.0,2.0,2.0,3.0,5861.0,5879.0,7427.0,0.2944,,,,0.0,0.0,-1.6358785456751779,0.5720044139731295
004406,Laney College,Laney College,CA,West,4.0,37.797257,-122.26283,1.0,2.0,2.0,6.0,7158.0,1148.0,15805.0,0.1604,,,,0.0,0.0,-1.140067526136042,1.635250322969308
006361,Langston University,Langston University,OK,South,1.0,35.943982,-97.260317,1.0,3.0,1.0,20.0,1743.0,6728.0,11359.0,0.6843,,,0.175,0.0,3.0,-1.76260064579883,-2.232833143430638
001414,Lansing Community College,Lansing Community College,MI,Midwest,4.0,42.738435,-84.55157,1.0,2.0,2.0,4.0,7756.0,4010.0,4003.0,0.2783,,,,0.0,0.0,-1.7453350097308484,1.0273417949222425
000360,Laramie County Community College,Laramie County Community College,WY,West,1.0,41.104288,-104.778789,1.0,2.0,1.0,8.0,2563.0,4613.0,7143.0,0.2361,,,0.3131,0.0,3.0,-1.7534047238869814,-0.4580710317511943
006362,Laredo Community College,Laredo College,TX,South,4.0,27.506477,-99.520772,1.0,2.0,1.0,14.0,5086.0,3300.0,5309.0,0.3847,,,0.3054,0.0,0.0,-1.7686442415447594,0.4678162070690484
006507,Las Positas College,Las Positas College,CA,West,4.0,37.710873,-121.80058,1.0,2.0,2.0,1.0,6766.0,1168.0,4175.0,0.1419,,,,0.0,0.0,-1.737373288764931,1.5125362420226627
003481,Lasell University,Lasell University,MA,Northeast,4.0,42.342148,-71.24347,2.0,3.0,1.0,18.0,1152.0,26000.0,24944.0,0.3224,0.8225,1159.0,0.5317,1.0,2.0,1.4493493571949458,-0.01891313576796512
004383,Lassen College,Lassen Community College,CA,West,2.0,40.432053,-120.633271,1.0,2.0,2.0,2.0,1564.0,1144.0,7677.0,0.1334,,,,0.0,3.0,-1.5546565847723448,0.05276716760725618
005381,Laurel Ridge Community College,Laurel Ridge Community College,VA,South,1.0,39.036001,-78.267336,1.0,2.0,2.0,6.0,3167.0,4928.0,5586.0,0.1788,,,,0.0,3.0,-1.8299798507286527,-0.24984673037981517
003488,Lawrence Memorial Hospital,Lawrence Memorial Hospital School of Nursing,MA,Northeast,3.0,42.42581,-71.110958,2.0,2.0,2.0,10.0,195.0,28617.0,,0.4844,,,,,,,
001399,Lawrence Technological University,Lawrence Technological University,MI,Midwest,4.0,42.474072,-83.25003,2.0,3.0,1.0,18.0,1701.0,41872.0,33995.0,0.1654,0.8025,,0.6257,1.0,4.0,2.415765195262498,0.906347415017598
001398,Lawrence University,Lawrence University,WI,Midwest,4.0,44.261323,-88.397822,2.0,3.0,1.0,21.0,1394.0,55461.0,24563.0,0.2076,0.6303,1349.0,0.7642,1.0,4.0,2.3184659473429337,0.6162358961108227
001933,Lawson State Community College,Lawson State Community College,AL,South,4.0,33.450814,-86.888844,1.0,2.0,2.0,4.0,2720.0,4980.0,6564.0,0.5978,,,,0.0,0.0,-1.7173809929695587,-0.5630767988593682
002366,Le Moyne College,Le Moyne College,NY,Northeast,3.0,43.049192,-76.090435,2.0,3.0,1.0,18.0,2434.0,38970.0,21547.0,0.2996,0.7529,1260.0,0.7098,1.0,2.0,1.4395362457536458,0.058342895904122234
002364,Lebanon Valley College of Pennsylvania,Lebanon Valley College,PA,Northeast,3.0,40.330604,-76.514431,2.0,3.0,1.0,20.0,1670.0,50320.0,28132.0,0.2193,0.7453,1190.0,0.7251,1.0,4.0,2.2516431384027387,0.3181499002393276
003931,Leech Lake Tribal College,Leech Lake Tribal College,MN,Midwest,1.0,47.395686,-94.651563,1.0,2.0,2.0,33.0,243.0,4148.0,13746.0,0.7047,,,,0.0,1.0,-1.366743628541663,-3.2683888561553007
005364,Lees-McRae College,Lees-McRae College,NC,South,1.0,36.162477,-81.873371,2.0,3.0,1.0,22.0,817.0,31140.0,25765.0,0.3743,0.8075,,0.4423,1.0,5.0,1.1960232824790544,-1.5854114243082875
004410,Leeward Community College,Leeward Community College,HI,West,3.0,21.39267,-157.983771,1.0,2.0,2.0,3.0,3382.0,3214.0,7636.0,0.1953,,,,0.0,0.0,-1.5432266584316148,0.6355085078209975
002381,Lehigh Carbon Community Coll,Lehigh Carbon Community College,PA,Northeast,1.0,40.66474,-75.610715,1.0,2.0,2.0,5.0,4465.0,5215.0,9568.0,0.3306,,,,0.0,3.0,-1.6701134094727883,-0.5225809988159293
002365,Lehigh University,Lehigh University,PA,Northeast,4.0,40.606822,-75.380236,2.0,3.0,1.0,16.0,5803.0,62180.0,33549.0,0.178,0.2926,1432.0,0.8921,1.0,4.0,2.853525358284745,1.6356582905655674
001403,LeMoyne-Owen College,Le Moyne-Owen College,TN,South,4.0,35.118641,-90.034101,2.0,3.0,1.0,22.0,571.0,12076.0,8992.0,0.7126,0.9717,,0.247,1.0,1.0,-0.11858418496805871,-2.0821777188212365
005378,Lenoir Community College,Lenoir Community College,NC,South,2.0,35.234405,-77.571532,1.0,2.0,2.0,6.0,1311.0,2568.0,5116.0,0.4156,,,,0.0,3.0,-1.8515759502197613,-1.132239034724569
004385,Lewis Clark State College,Lewis-Clark State College,ID,West,4.0,46.412199,-117.024875,1.0,3.0,1.0,22.0,2277.0,7388.0,12832.0,0.2401,0.8978,,0.4472,0.0,0.0,-0.9946936977990695,0.7884493481301954
001404,Lewis University,Lewis University,IL,Midwest,3.0,41.605432,-88.079032,2.0,3.0,1.0,18.0,3665.0,37882.0,18370.0,0.3089,0.7273,1117.0,0.6256,1.0,2.0,1.1138410884858043,0.13158120307270713
004384,Lewis And Clark College,Lewis & Clark College,OR,West,4.0,45.450882,-122.669137,2.0,3.0,1.0,21.0,2167.0,62350.0,36084.0,0.1928,0.7453,1321.0,0.7124,1.0,4.0,3.0411826788248995,1.1765603745718924
003483,Lesley College,Lesley University,MA,Northeast,4.0,42.38012,-71.117303,2.0,3.0,1.0,17.0,1252.0,32780.0,31805.0,0.2825,0.9442,,0.6174,1.0,2.0,2.036661450700978,0.30022703598355316
005385,Liberty University,Liberty University,VA,South,4.0,37.350232,-79.18222,2.0,3.0,1.0,17.0,50242.0,21222.0,29552.0,0.3908,0.9932,,0.6348,1.0,4.0,0.8043538478838541,1.6003302425515091
007006,Life University,Life University,GA,South,4.0,33.932781,-84.514729,2.0,3.0,1.0,18.0,869.0,15036.0,30257.0,0.3923,0.9381,994.0,0.3214,1.0,2.0,1.2857991071303978,-0.4360481893840927
002380,LIM College,LIM College,NY,Northeast,4.0,40.754991,-73.979413,3.0,3.0,1.0,29.0,1142.0,31950.0,37514.0,0.3571,0.9875,1090.0,0.5299,1.0,2.0,2.2736109000584905,0.0656342098650065
005366,Limestone College,Limestone University,SC,South,2.0,35.057076,-81.649161,2.0,3.0,1.0,22.0,1528.0,27500.0,20415.0,0.4345,0.9828,,0.2757,1.0,5.0,0.776654664681268,-1.177878464279972
001405,Lincoln Christian College and Seminary,Lincoln Christian University,IL,Midwest,2.0,40.148924,-89.346721,2.0,3.0,1.0,20.0,44.0,15400.0,17610.0,0.3908,,,0.5823,1.0,5.0,0.9012509994192242,-2.889129465850693
001408,Lincoln Memorial University,Lincoln Memorial University,TN,South,2.0,36.578508,-83.660198,2.0,3.0,1.0,17.0,1486.0,26150.0,17999.0,0.3635,0.5927,1093.0,0.5392,1.0,5.0,0.6659524386807295,-0.9835621309720944
002367,Lincoln University,Lincoln University,PA,Northeast,3.0,39.807723,-75.926458,1.0,3.0,1.0,19.0,1712.0,12512.0,12912.0,0.663,0.7837,984.0,0.5212,0.0,1.0,-1.1409748753143105,-1.257699855233133
006366,Lincoln University,Lincoln University,MO,Midwest,4.0,38.564431,-92.166724,1.0,3.0,1.0,22.0,1357.0,9290.0,12484.0,0.463,,,0.221,0.0,0.0,-1.0049352345552736,-0.3322595068362961
001409,Lindsey Wilson College,Lindsey Wilson University,KY,South,2.0,37.101502,-85.299997,2.0,3.0,1.0,18.0,1649.0,27274.0,13811.0,0.4988,,,0.3808,1.0,5.0,0.3561927529910052,-1.4590339819464888
004387,Linfield College,Linfield University,OR,West,2.0,45.201173,-123.199642,2.0,3.0,1.0,21.0,1642.0,49530.0,27341.0,0.2831,0.8793,,0.6515,1.0,5.0,1.9261105165410062,-0.2954319636891753
004413,Linn-Benton Community College,Linn-Benton Community College,OR,West,4.0,44.587663,-123.11403,1.0,2.0,2.0,5.0,4807.0,6288.0,11070.0,0.2792,,,,0.0,0.0,-1.2678513637089701,0.9881318942028324
006367,Lindenwood College,Lindenwood University,MO,Midwest,4.0,38.785425,-90.501286,2.0,3.0,1.0,18.0,4748.0,21100.0,18516.0,0.2889,0.6586,1120.0,0.5032,1.0,2.0,0.7121220842532163,0.6325467776599557
004386,Lincoln University,Lincoln University,CA,West,4.0,37.804788,-122.269745,2.0,3.0,1.0,29.0,223.0,11420.0,,0.0,,,0.75,,,,
001161,Lipscomb University,Lipscomb University,TN,South,4.0,36.106253,-86.799791,2.0,3.0,1.0,17.0,3021.0,38824.0,25289.0,0.2118,0.6664,1248.0,0.687,1.0,4.0,1.67902184557725,0.8967265205508613
001306,Little Hoop Community College,Cankdeska Cikana Community College,ND,Midwest,1.0,47.978122,-98.990801,1.0,2.0,2.0,33.0,278.0,3950.0,9197.0,0.5475,,,,0.0,3.0,-1.515827550033427,-2.7127992026313983
005367,Livingstone College,Livingstone College,NC,South,3.0,35.670877,-80.483956,2.0,3.0,1.0,22.0,798.0,18296.0,15662.0,0.8393,0.7409,,0.2384,1.0,1.0,0.1561502306965132,-2.6394538113275323
004062,Loma Linda U,Loma Linda University,CA,West,3.0,34.051241,-117.260605,2.0,3.0,1.0,16.0,867.0,,,0.3241,,,,,,,
007637,Lone Star College Univ Park,Lone Star College System,TX,South,4.0,30.18737,-95.488103,1.0,2.0,1.0,2.0,47486.0,3090.0,9322.0,0.2308,,,0.185,0.0,0.0,-1.789956883055179,2.165711473609888
005368,Longwood University,Longwood University,VA,South,2.0,37.297975,-78.396987,1.0,3.0,1.0,19.0,2957.0,15200.0,20814.0,0.26,0.848,1117.0,0.616,0.0,3.0,-0.6417026734885624,0.1132351459847629
002070,Long Island University,Long Island University,NY,Northeast,3.0,40.820714,-73.593678,2.0,3.0,1.0,16.0,5478.0,41642.0,23901.0,0.1886,0.8977,1259.0,0.5544,1.0,4.0,1.6043967148147282,0.8986653213627468
002369,Long Island Univ: Brooklyn,Pace University,NY,Northeast,4.0,40.711014,-74.004719,2.0,3.0,1.0,17.0,7725.0,51424.0,31046.0,0.2707,0.7714,1232.0,0.6141,1.0,4.0,2.281704440727113,1.3475566670715309
006508,Lone Star College,Lone Star College System,TX,South,4.0,30.18737,-95.488103,1.0,2.0,1.0,2.0,47486.0,3090.0,9322.0,0.2308,,,0.185,0.0,0.0,-1.789956883055179,2.165711473609888
001417,Lorain County Community Coll,Lorain County Community College,OH,Midwest,3.0,41.413293,-82.073549,1.0,2.0,1.0,2.0,5394.0,4135.0,4598.0,0.2691,,,0.3272,0.0,0.0,-1.7651378506623734,0.481891502191693
004391,Los Angeles City College,Los Angeles City College,CA,West,4.0,34.087301,-118.292169,1.0,2.0,2.0,3.0,10857.0,1238.0,7532.0,0.2624,,,,0.0,0.0,-1.7219633470283022,1.3683619902583395
004395,Los Angeles Harbor College,Los Angeles Harbor College,CA,West,4.0,33.785825,-118.283549,1.0,2.0,2.0,2.0,6496.0,1238.0,11245.0,0.228,,,,0.0,0.0,-1.4175427203480677,1.2871826867017548
004404,Los Angeles Mission College,Los Angeles Mission College,CA,West,4.0,34.314668,-118.4195,1.0,2.0,2.0,3.0,8031.0,1238.0,11972.0,0.2113,,,,0.0,0.0,-1.3988986783710449,1.460635197571326
007605,Los Angeles Pacific,Los Angeles Pacific University,CA,West,3.0,34.110723,-117.827484,2.0,3.0,1.0,19.0,1453.0,11976.0,20170.0,0.4782,,,0.325,1.0,2.0,0.4049721206573125,-0.9726409248428911
004398,Los Angeles Pierce College,Los Angeles Pierce College,CA,West,4.0,34.183949,-118.575071,1.0,2.0,2.0,2.0,13029.0,1238.0,11196.0,0.268,,,,0.0,0.0,-1.5590085960439897,1.4890915605212622
004409,Los Angeles Southwest College,Los Angeles Southwest College,CA,West,3.0,33.929586,-118.304674,1.0,2.0,2.0,3.0,3793.0,1238.0,6683.0,0.2459,,,,0.0,0.0,-1.7099979678217325,0.4882653923709865
004401,Los Angeles Valley College,Los Angeles Valley College,CA,West,4.0,34.175165,-118.421734,1.0,2.0,2.0,2.0,12470.0,1238.0,10200.0,0.2594,,,,0.0,0.0,-1.5987677923114136,1.4840104849661926
004396,Los Medanos College,Los Medanos College,CA,West,3.0,38.006474,-121.860967,1.0,2.0,2.0,1.0,7100.0,1312.0,5692.0,0.2499,,,,0.0,0.0,-1.8611864700934297,0.7702991936526905
005369,Louisburg College,Louisburg College,NC,South,1.0,36.105035,-78.29898,2.0,2.0,2.0,1.0,413.0,22974.0,26403.0,0.6437,0.3205,,,1.0,5.0,0.8844171261136877,-2.9129416251441507
006371,Louisiana Christian University,Louisiana Christian University,LA,South,3.0,31.324528,-92.425973,2.0,3.0,1.0,20.0,750.0,19740.0,16874.0,0.4075,0.8379,,0.4128,1.0,2.0,0.6048788658152422,-1.1241607840605392
006386,Louisiana State Univ-Eunice,Louisiana State University-Eunice,LA,South,2.0,30.473292,-92.434523,1.0,2.0,2.0,7.0,2617.0,4730.0,9619.0,0.3882,,,,0.0,3.0,-1.6327218659907523,-0.6191159803784942
006373,Louisiana State University,Louisiana State University and Agricultural & Mechanical College,LA,South,4.0,30.414986,-91.178921,1.0,3.0,1.0,15.0,29207.0,11954.0,20015.0,0.2565,0.74,1248.0,0.7096,0.0,0.0,-0.8973828221886905,2.03911761702939
001632,Louisiana State University at Alexandria,Louisiana State University at Alexandria,LA,South,1.0,31.178616,-92.414409,1.0,3.0,1.0,22.0,4414.0,7050.0,8365.0,0.3563,0.9263,1048.0,0.3552,0.0,3.0,-1.8056646916146766,-0.6591102668408505
001192,Louisiana State University Health Sciences Center,Louisiana State University Health Sciences Center-New Orleans,LA,South,4.0,29.957272,-90.083145,1.0,3.0,1.0,25.0,843.0,,,0.2193,,,,,,,
006355,Louisiana State University in Shreveport,Louisiana State University-Shreveport,LA,South,4.0,32.428465,-93.70561,1.0,3.0,1.0,18.0,2150.0,7327.0,8130.0,0.3781,0.8272,1119.0,0.3321,0.0,0.0,-1.3583825497758115,0.13080605120890829
006372,Louisiana Tech University,Louisiana Tech University,LA,South,2.0,32.528297,-92.649963,1.0,3.0,1.0,16.0,7819.0,10125.0,12209.0,0.205,0.7257,1190.0,0.5762,0.0,3.0,-1.3622579643455448,0.6357284082152447
001427,Lourdes College,Lourdes University,OH,Midwest,3.0,41.710009,-83.706108,2.0,3.0,1.0,20.0,668.0,28930.0,21596.0,0.2728,0.741,,0.381,1.0,2.0,1.3096234841830061,-0.5932568628203584
004402,Lower Columbia College,Lower Columbia College,WA,West,4.0,46.14214,-122.935928,1.0,2.0,1.0,4.0,1743.0,4346.0,8222.0,0.3113,,,0.25,0.0,0.0,-1.3451124777490469,0.32315975862811713
005370,Loyola College in Maryland,Loyola University Maryland,MD,South,4.0,39.346358,-76.621872,2.0,3.0,1.0,18.0,3975.0,55480.0,29633.0,0.177,0.7633,1292.0,0.8049,1.0,4.0,2.3946007824107944,1.32044286508849
004403,Loyola Marymount University,Loyola Marymount University,CA,West,4.0,33.97085,-118.415744,2.0,3.0,1.0,16.0,7171.0,58974.0,45723.0,0.1303,0.4029,,0.7978,1.0,4.0,3.31641098762233,2.0981697384753577
001412,Loyola University Chicago,Loyola University Chicago,IL,Midwest,4.0,42.000765,-87.656872,2.0,3.0,1.0,16.0,11576.0,51716.0,35196.0,0.2324,0.8139,1283.0,0.7692,1.0,4.0,2.425775577482227,1.6957163392705197
006374,Loyola University New Orleans,Loyola University New Orleans,LA,South,4.0,29.936141,-90.120417,2.0,3.0,1.0,17.0,2999.0,47240.0,22762.0,0.3721,0.8772,,0.6742,1.0,2.0,1.6748143631626031,0.3476103301253775
006378,Lubbock Christian University,Lubbock Christian University,TX,South,4.0,33.575973,-101.934426,2.0,3.0,1.0,19.0,1210.0,27298.0,25910.0,0.3306,0.7319,1086.0,0.4871,1.0,2.0,1.4174800020206675,-0.037500768542918915
006375,Luther College,Luther College,IA,Midwest,2.0,43.312304,-91.802809,2.0,3.0,1.0,21.0,1454.0,50320.0,25635.0,0.1925,0.7327,1238.0,0.75,1.0,5.0,1.9888688843222007,-0.14308424276502282
002382,Luzerne County Community Coll,Luzerne County Community College,PA,Northeast,3.0,41.194728,-75.991095,1.0,2.0,2.0,8.0,3241.0,6450.0,10228.0,0.3543,,,,0.0,0.0,-1.3285788047821985,0.06819090286163823
002372,Lycoming College,Lycoming College,PA,Northeast,4.0,41.24666,-77.0,2.0,3.0,1.0,21.0,1049.0,47675.0,19258.0,0.4013,0.6788,1169.0,0.5957,1.0,2.0,1.75007452359967,-0.2831800766864564
005437,Lynn University,Lynn University,FL,South,4.0,26.385985,-80.122806,2.0,3.0,1.0,18.0,2820.0,42950.0,38222.0,0.2272,0.7395,1136.0,0.5269,1.0,4.0,2.4920880794782927,1.0129385423816502
006009,Lyon College,Lyon College,AR,South,2.0,35.777619,-91.625354,2.0,3.0,1.0,21.0,563.0,31000.0,22670.0,0.3596,0.6554,,0.5591,1.0,5.0,1.2144894448621961,-1.352998293517739
000726,Machzikei Hadath Rabbinical College,Machzikei Hadath Rabbinical College,NY,Northeast,4.0,40.627937,-73.988378,2.0,3.0,1.0,24.0,129.0,13500.0,8328.0,0.838,0.95,,0.2791,1.0,1.0,0.1313120246258851,-3.219249175986579
001722,Macomb Community College,Macomb Community College,MI,Midwest,4.0,42.50599,-82.972377,1.0,2.0,2.0,4.0,14285.0,3600.0,5725.0,0.3311,,,,0.0,0.0,-1.801124175558309,1.1639201427471815
006390,Macalester College,Macalester College,MN,Midwest,4.0,44.938565,-93.168053,2.0,3.0,1.0,21.0,2131.0,64908.0,29980.0,0.1733,0.2821,1424.0,0.9041,1.0,4.0,2.851396774513072,1.0810078836506325
001437,Madonna University,Madonna University,MI,Midwest,4.0,42.384323,-83.404722,2.0,3.0,1.0,19.0,1637.0,27360.0,17815.0,0.295,0.9293,1000.0,0.5815,1.0,2.0,1.023282852453452,0.11602225197405959
003562,Magdalen College,Magdalen College,NH,Northeast,1.0,43.314908,-71.834444,2.0,3.0,1.0,21.0,58.0,23600.0,15922.0,0.4576,0.4444,,0.5333,1.0,5.0,0.8977072450718252,-3.324084398285782
004497,Maharishi University of Manage,Maharishi International University,IA,Midwest,2.0,41.017781,-91.967306,2.0,3.0,1.0,18.0,774.0,16530.0,18225.0,0.5521,0.969,,0.1765,1.0,1.0,0.40185959375187535,-2.036846393743013
003701,Maine College of Art,Maine College of Art & Design,ME,Northeast,4.0,43.655743,-70.261015,2.0,3.0,1.0,30.0,415.0,41398.0,36443.0,0.2658,0.7755,,0.4874,1.0,2.0,2.7269823702052833,-0.066324376949097
003302,Maine College Of Health Profes,Maine College of Health Professions,ME,Northeast,4.0,44.100458,-70.21732,2.0,2.0,1.0,26.0,228.0,17827.0,20438.0,0.5148,0.3333,910.0,0.8333,1.0,1.0,1.0673796446983788,-1.6078474552026605
003505,Maine Maritime Academy,Maine Maritime Academy,ME,Northeast,1.0,44.389654,-68.804347,1.0,3.0,1.0,22.0,888.0,14746.0,21185.0,0.2472,0.614,1185.0,0.6141,0.0,3.0,-0.4491829988799234,-0.8048223896191697
001440,Manchester College,Manchester University,IN,Midwest,2.0,41.01154,-85.762249,2.0,3.0,1.0,20.0,895.0,37090.0,19268.0,0.4374,0.913,,0.4484,1.0,5.0,1.1396936400584412,-1.4162809365413385
006392,Manhattan Christian College,Manhattan Christian College,KS,Midwest,4.0,39.184806,-96.579383,2.0,3.0,1.0,24.0,132.0,18424.0,23608.0,0.4483,1.0,1020.0,0.5479,1.0,2.0,1.3372436149934321,-1.6396550561828485
002395,Manhattan College,Manhattan University,NY,Northeast,4.0,40.889756,-73.901893,2.0,3.0,1.0,18.0,2928.0,50850.0,26881.0,0.3121,0.7849,1254.0,0.6597,1.0,4.0,2.161178484180781,0.6622106536669243
002397,Manhattanville College,Manhattanville University,NY,Northeast,3.0,41.032187,-73.715645,2.0,3.0,1.0,18.0,1250.0,42950.0,25842.0,0.3349,0.8466,,0.5373,1.0,2.0,1.8646736600329226,-0.31006045049625974
002260,Manor College,Manor College,PA,Northeast,3.0,40.08714,-75.104786,2.0,2.0,1.0,14.0,462.0,19964.0,16521.0,0.4803,0.9576,820.0,0.2442,1.0,1.0,0.7205817600255375,-1.5870180788037573
002398,Mannes College of Music,The New School,NY,Northeast,4.0,40.735508,-73.997114,2.0,3.0,1.0,16.0,6819.0,56386.0,55359.0,0.1532,0.6252,,0.7119,1.0,4.0,3.837938360582864,2.066059819801094
002396,Manhattan School of Music,Manhattan School of Music,NY,Northeast,4.0,40.812312,-73.961334,2.0,3.0,1.0,30.0,535.0,54600.0,47599.0,0.1319,0.3994,,0.7826,1.0,4.0,3.7818272049773722,0.7677533356445189
003544,Manchester Community Tech Coll,Connecticut State Community College,CT,Northeast,3.0,41.761625,-72.561939,1.0,2.0,2.0,4.0,32292.0,5092.0,8865.0,0.4371,,,,0.0,0.0,-1.8628922428961103,0.8835489172404568
003660,Manchester Community College,Manchester Community College,NH,Northeast,4.0,43.019823,-71.483534,1.0,2.0,2.0,6.0,1610.0,7090.0,13846.0,0.253,,,,0.0,0.0,-0.811039584759239,0.5412525533385781
002732,Maranatha Baptist Bible College,Maranatha Baptist University,WI,Midwest,2.0,43.195013,-88.737016,2.0,3.0,1.0,20.0,566.0,20280.0,24659.0,0.3397,0.7087,1141.0,0.6569,1.0,5.0,1.069254350979737,-1.3308951288912059
002434,Maria College,Maria College of Albany,NY,Northeast,4.0,42.657789,-73.806287,2.0,2.0,1.0,26.0,702.0,17680.0,16055.0,0.4074,0.6094,1040.0,0.4286,1.0,2.0,0.7369815195839109,-0.7376364903646054
001444,Marietta College,Marietta College,OH,Midwest,2.0,39.41668,-81.450045,2.0,3.0,1.0,22.0,1035.0,38974.0,18372.0,0.2714,0.7862,1103.0,0.5809,1.0,5.0,1.253089883602576,-0.7606551845938068
001447,Marion Military Institute,Marion Military Institute,AL,South,1.0,32.623734,-87.322041,1.0,2.0,2.0,1.0,308.0,9538.0,10137.0,0.4344,0.5917,1043.0,,0.0,3.0,-1.282908091925963,-2.2060400680122463
001546,Marion Technical College,Marion Technical College,OH,Midwest,2.0,40.577017,-83.089156,1.0,2.0,1.0,9.0,1351.0,6475.0,6027.0,0.1984,,,0.2233,0.0,3.0,-1.4681399189509858,-0.3251685448512969
000699,Marion Technical College,Marion Technical College,OH,Midwest,2.0,40.577017,-83.089156,1.0,2.0,1.0,9.0,1351.0,6475.0,6027.0,0.1984,,,0.2233,0.0,3.0,-1.4681399189509858,-0.3251685448512969
002400,Marist College,Marist University,NY,Northeast,3.0,41.720937,-73.935484,2.0,3.0,1.0,18.0,5039.0,46140.0,39660.0,0.1472,0.6471,1285.0,0.7984,1.0,4.0,2.6253171222989757,1.248860515503322
001448,Marquette University,Marquette University,WI,Midwest,4.0,43.03903,-87.927961,2.0,3.0,1.0,16.0,7238.0,48700.0,29237.0,0.1876,0.8744,1306.0,0.8006,1.0,4.0,2.124531853354998,1.5204634635964787
005396,Marshall University,Marshall University,WV,South,4.0,38.422482,-82.428964,1.0,3.0,1.0,16.0,7149.0,8942.0,8327.0,0.3784,0.9646,1051.0,0.4869,0.0,0.0,-1.4863733551768252,0.7354456164538088
006435,Martin Luther College,Martin Luther College,MN,Midwest,2.0,44.30526,-94.472326,2.0,3.0,1.0,32.0,718.0,17770.0,20483.0,0.2265,0.8257,1191.0,0.7143,1.0,5.0,0.8209070729896294,-0.8887180285006745
001379,Martin University,Martin University,IN,Midwest,4.0,39.798144,-86.103953,2.0,3.0,1.0,21.0,164.0,12830.0,13879.0,0.6554,,,0.3333,1.0,1.0,0.4577633091275356,-2.431884866730626
005397,Mary Baldwin College,Mary Baldwin University,VA,South,4.0,38.153884,-79.069273,2.0,3.0,1.0,17.0,1188.0,33157.0,17833.0,0.4833,,,0.5566,1.0,2.0,1.0478329883301263,-0.6580185942146064
005399,Maryland Institute College of Art,Maryland Institute College of Art,MD,South,4.0,39.308792,-76.621033,2.0,3.0,1.0,30.0,1319.0,55150.0,38429.0,0.2081,0.7729,1207.0,0.7133,1.0,4.0,3.0018194719783104,0.7859293558524586
002405,Marymount Manhattan College,Marymount Manhattan College,NY,Northeast,4.0,40.768787,-73.959767,2.0,3.0,1.0,21.0,1627.0,40260.0,37037.0,0.2842,0.7888,1226.0,0.4981,1.0,4.0,2.4983453641606865,0.5430966508264763
005405,Marymount University,Marymount University,VA,South,4.0,38.905562,-77.128785,2.0,3.0,1.0,17.0,1795.0,39050.0,25153.0,0.2211,0.8051,,0.5789,1.0,2.0,1.7523005058021208,0.6067928678831734
001454,Maryville College,Maryville College,TN,South,3.0,35.751505,-83.964223,2.0,3.0,1.0,21.0,1028.0,38514.0,20986.0,0.3536,0.6568,1181.0,0.4718,1.0,2.0,1.3799457474879921,-0.6029018746870095
006399,Maryville University of St. Louis,Maryville University of Saint Louis,MO,Midwest,3.0,38.644774,-90.505998,2.0,3.0,1.0,17.0,5988.0,27166.0,26047.0,0.3555,0.9369,,0.7152,1.0,2.0,1.090172839112732,0.24726248012196758
003294,Massachusetts Bay Cmty Coll,Massachusetts Bay Community College,MA,Northeast,3.0,42.31212,-71.263458,1.0,2.0,2.0,6.0,3156.0,5616.0,7388.0,0.2505,,,,0.0,0.0,-1.4214869230355915,0.3760452743083279
003521,Massachusetts College of Liberal Arts,Massachusetts College of Liberal Arts,MA,Northeast,2.0,42.691361,-73.102817,1.0,3.0,1.0,21.0,748.0,11884.0,18920.0,0.4045,0.9235,,0.4913,0.0,3.0,-0.6311040278124019,-1.084851597196042
003514,Massachusetts Institute of Technology,Massachusetts Institute of Technology,MA,Northeast,4.0,42.359243,-71.093226,2.0,3.0,1.0,15.0,4571.0,60156.0,19813.0,0.1896,0.048,1553.0,0.9608,1.0,4.0,2.0877359451319544,1.2750289896900626
003515,Massachusetts Maritime Academy,Massachusetts Maritime Academy,MA,Northeast,3.0,41.739072,-70.624084,1.0,3.0,1.0,20.0,1270.0,10816.0,26661.0,0.1697,0.9455,,0.7912,0.0,3.0,-0.03326097981289105,0.5100721978438697
003516,Massachusetts School of Art,Massachusetts College of Art and Design,MA,Northeast,4.0,42.336862,-71.099275,1.0,3.0,1.0,30.0,1812.0,14960.0,23764.0,0.2761,0.7747,,0.6919,0.0,0.0,-0.08157621061332197,0.7049146561150854
003549,Massasoit Community College,Massasoit Community College,MA,Northeast,3.0,42.07507,-70.989799,1.0,2.0,2.0,8.0,3699.0,5376.0,7718.0,0.2815,,,,0.0,0.0,-1.4595108462847477,0.34825281671592784
006478,Mayville State University,Mayville State University,ND,Midwest,1.0,47.505415,-97.322554,1.0,3.0,1.0,22.0,704.0,7935.0,14454.0,0.2442,,,0.4032,0.0,3.0,-1.0271976194991337,-1.0899783585650213
005898,McDaniel College,McDaniel College,MD,South,2.0,39.584231,-77.001992,2.0,3.0,1.0,18.0,1652.0,49647.0,20923.0,0.3381,0.8358,,0.6376,1.0,5.0,1.5299351567855173,-0.6521077162067871
006402,McMurry University,McMurry University,TX,South,4.0,32.429776,-99.748682,2.0,3.0,1.0,22.0,1108.0,31372.0,19988.0,0.4492,0.5765,1072.0,0.3862,1.0,2.0,1.146300344131361,-0.5540334881284827
006403,McNeese State University,McNeese State University,LA,South,4.0,30.178187,-93.217222,1.0,3.0,1.0,18.0,4846.0,8460.0,11257.0,0.3112,0.6755,1080.0,0.5201,0.0,0.0,-1.232463220058977,0.8174590382266714
002306,MCP Hahnemann University,Drexel University,PA,Northeast,4.0,39.955217,-75.190051,2.0,3.0,1.0,15.0,13509.0,60663.0,38428.0,0.2516,0.7753,1337.0,0.7712,1.0,4.0,2.8807037457718914,1.8510148234923944
SG0006,MEChA of University of Chicago,University of Chicago,IL,Midwest,4.0,41.787994,-87.599539,2.0,3.0,1.0,15.0,7540.0,66939.0,18967.0,0.1447,0.0479,1554.0,0.9491,1.0,4.0,2.14996487611465,1.666283493921846
005407,Medical University Sc,Medical University of South Carolina,SC,South,4.0,32.784363,-79.947158,1.0,3.0,1.0,27.0,281.0,,,0.1167,,,,,,,
004517,Mendocino College,Mendocino College,CA,West,1.0,39.188989,-123.228809,1.0,2.0,2.0,3.0,2857.0,1423.0,7500.0,0.2541,,,,0.0,3.0,-1.8607172870288622,-0.4832554016714881
004483,Menlo College,Menlo College,CA,West,3.0,37.453475,-122.190797,2.0,3.0,1.0,29.0,811.0,51070.0,27032.0,0.2938,0.6781,,0.5133,1.0,2.0,2.175983902748241,-0.26766515336232705
002444,Mercer County Community College,Mercer County Community College,NJ,Northeast,1.0,40.254398,-74.650719,1.0,2.0,2.0,4.0,5169.0,5082.0,5342.0,0.2993,,,,0.0,3.0,-1.8984554529114768,-0.3992230911911605
002409,Mercy University,Mercy University,NY,Northeast,3.0,41.021626,-73.874447,2.0,3.0,1.0,18.0,5539.0,22106.0,15770.0,0.4733,0.8547,,0.481,1.0,2.0,0.3642820702215007,-0.33437191468863997
005410,Meredith College,Meredith College,NC,South,4.0,35.799351,-78.689995,2.0,3.0,1.0,21.0,1288.0,43936.0,20197.0,0.3276,0.7466,1224.0,0.6497,1.0,2.0,1.6042094635756543,0.03107232452340595
001461,Meridian Community College,Meridian Community College,MS,South,2.0,32.367355,-88.732823,1.0,2.0,2.0,8.0,2025.0,3932.0,6811.0,0.3996,,,,0.0,3.0,-1.7754513774322696,-0.8294885837409919
004502,Merritt College,Merritt College,CA,West,4.0,37.789088,-122.167335,1.0,2.0,2.0,6.0,5153.0,1167.0,14742.0,0.0936,,,,0.0,0.0,-1.0939445014336258,1.6937325850118898
003525,Merrimack College,Merrimack College,MA,Northeast,3.0,42.668344,-71.124216,2.0,3.0,1.0,18.0,4043.0,51786.0,37899.0,0.1518,0.7361,,0.7213,1.0,4.0,2.7313781894849662,1.1357090817402482
005409,Mercer University,Mercer University,GA,South,4.0,32.829134,-83.649392,2.0,3.0,1.0,16.0,4620.0,40890.0,22350.0,0.333,0.6646,1280.0,0.7432,1.0,2.0,1.4251573099457893,0.652319222385103
004500,Merced College,Merced College,CA,West,4.0,37.3353,-120.476464,1.0,2.0,2.0,1.0,9677.0,1194.0,4260.0,0.3339,,,,0.0,0.0,-1.9348905215439205,1.0145620939144435
006404,McPherson College,McPherson College,KS,Midwest,2.0,38.371422,-97.642996,2.0,3.0,1.0,22.0,786.0,35162.0,24837.0,0.3362,0.8379,1068.0,0.52,1.0,5.0,1.476905451010196,-1.0596217653916398
006429,McLennan Community College,McLennan Community College,TX,South,4.0,31.58947,-97.171228,1.0,2.0,2.0,3.0,4997.0,3660.0,6185.0,0.3904,,,,0.0,0.0,-1.7127080579089073,0.4533984872018652
000636,Mesivta Torah Vodaath Seminary,Mesivta Torah Vodaath Rabbinical Seminary,NY,Northeast,4.0,40.6382,-73.969395,2.0,3.0,1.0,24.0,337.0,13950.0,5360.0,0.5407,0.8974,,0.3333,1.0,1.0,0.06578846677754846,-1.7392534378952025
005426,Methodist College,Methodist University,NC,South,4.0,35.135058,-78.874426,2.0,3.0,1.0,20.0,1425.0,39664.0,24978.0,0.3867,0.752,1201.0,0.4015,1.0,2.0,1.6702652732158232,-0.0884683060769947
001503,Methodist College,Methodist College,IL,Midwest,4.0,40.7804,-89.682864,2.0,3.0,1.0,26.0,374.0,18008.0,14867.0,0.5589,0.3111,,0.75,1.0,1.0,0.6122049906953256,-1.6405308539460024
003072,Metro C Legal Studies,ATA College,OK,South,4.0,36.098554,-95.856621,3.0,2.0,2.0,-2.0,178.0,15000.0,22680.0,0.6893,,,,1.0,1.0,0.8982975585841658,-2.366276893848965
005755,Metropolitan Community College,Metropolitan Community College Area,NE,Midwest,4.0,41.310451,-95.957829,1.0,2.0,2.0,6.0,7629.0,3285.0,4005.0,0.1993,,,,0.0,0.0,-1.7038379864792754,1.292697581738576
006324,Metropolitan Community College,Metropolitan Community College-Kansas City,MO,Midwest,4.0,39.068668,-94.58966,1.0,2.0,2.0,1.0,10412.0,3630.0,8165.0,0.304,,,,0.0,0.0,-1.6000335215160866,1.1370750210317315
001245,Metropolitan State University,Metropolitan State University,MN,Midwest,4.0,44.957256,-93.074361,1.0,3.0,1.0,19.0,4998.0,9780.0,19181.0,0.443,0.9649,1020.0,0.3837,0.0,0.0,-0.8199826012292791,0.4765532677785182
004505,Metropolitan State University of Denver,Metropolitan State University of Denver,CO,West,4.0,39.744202,-105.00504,1.0,3.0,1.0,18.0,14932.0,10780.0,14294.0,0.3508,0.9914,1014.0,0.2989,0.0,0.0,-1.1920628188209803,1.3682915131552413
006538,Metropolitan Tech C C Elkhorn,Metropolitan Community College Area,NE,Midwest,4.0,41.310451,-95.957829,1.0,2.0,2.0,6.0,7629.0,3285.0,4005.0,0.1993,,,,0.0,0.0,-1.7038379864792754,1.292697581738576
005457,Miami Dade College,Miami Dade College,FL,South,4.0,25.777717,-80.190856,1.0,2.0,1.0,14.0,35001.0,2838.0,5929.0,0.4504,,,0.4469,0.0,0.0,-2.099601557506066,1.1938393979199706
001526,Miami University-Hamilton,Miami University-Hamilton,OH,Midwest,3.0,39.377448,-84.563385,1.0,3.0,1.0,22.0,2025.0,7278.0,13346.0,0.3025,,,0.2159,0.0,3.0,-1.0772184353368006,0.02153387624636257
001509,Miami University: Middletown Campus,Miami University-Middletown,OH,Midwest,3.0,39.523776,-84.35724,1.0,3.0,1.0,22.0,871.0,7278.0,13824.0,0.2325,,,0.2454,0.0,3.0,-0.8669797279718756,-0.1414552005886637
001463,Miami University: Oxford Campus,Miami University-Oxford,OH,Midwest,2.0,39.507757,-84.732954,1.0,3.0,1.0,16.0,16361.0,17809.0,27662.0,0.1129,0.8209,1313.0,0.8184,0.0,3.0,-0.29524010189202415,1.5762287727281128
005160,Miami-Dade Cmty Coll North,Miami Dade College,FL,South,4.0,25.777717,-80.190856,1.0,2.0,1.0,14.0,35001.0,2838.0,5929.0,0.4504,,,0.4469,0.0,0.0,-2.099601557506066,1.1938393979199706
005458,Miami-Dade Cmty Coll South,Miami Dade College,FL,South,4.0,25.777717,-80.190856,1.0,2.0,1.0,14.0,35001.0,2838.0,5929.0,0.4504,,,0.4469,0.0,0.0,-2.099601557506066,1.1938393979199706
005457,Miami-Dade Cmty Coll Wolfson,Miami Dade College,FL,South,4.0,25.777717,-80.190856,1.0,2.0,1.0,14.0,35001.0,2838.0,5929.0,0.4504,,,0.4469,0.0,0.0,-2.099601557506066,1.1938393979199706
005160,Miami-Dade College North,Miami Dade College,FL,South,4.0,25.777717,-80.190856,1.0,2.0,1.0,14.0,35001.0,2838.0,5929.0,0.4504,,,0.4469,0.0,0.0,-2.099601557506066,1.1938393979199706
001465,Michigan State University,Michigan State University,MI,Midwest,4.0,42.73212,-84.476111,1.0,3.0,1.0,15.0,40243.0,15988.0,20751.0,0.2002,0.8392,1261.0,0.8217,0.0,0.0,-0.6880044368995274,2.4215373337304564
001464,Michigan Technological University,Michigan Technological University,MI,Midwest,2.0,47.11866,-88.548092,1.0,3.0,1.0,16.0,5829.0,18392.0,15729.0,0.1823,0.8794,1243.0,0.6872,0.0,3.0,-0.8075659772212705,0.6620972736195819
001523,Mid Michigan Community College,Mid Michigan College,MI,Midwest,1.0,43.969586,-84.763715,1.0,2.0,2.0,5.0,1998.0,5794.0,10100.0,0.3164,,,,0.0,3.0,-1.5412237134978988,-0.9034634930434146
000644,Mid-America College of Funeral Service,Mid-America College of Funeral Service,IN,Midwest,3.0,38.31209,-85.744696,2.0,2.0,1.0,30.0,337.0,19800.0,25456.0,0.559,,,0.5574,1.0,1.0,1.1284885841312933,-1.942544130512838
006497,Mid-Plains Cmty Coll City,Mid-Plains Community College,NE,Midwest,1.0,41.092717,-100.7715,1.0,2.0,2.0,6.0,923.0,3600.0,6602.0,0.1771,,,,0.0,3.0,-1.5670061495460919,-0.856032800604465
006437,MidAmerica Nazarene College,MidAmerica Nazarene University,KS,Midwest,3.0,38.875244,-94.781526,2.0,3.0,1.0,19.0,977.0,36120.0,29520.0,0.2847,0.7346,1016.0,0.4615,1.0,2.0,1.8801643525649572,-0.29287905547823695
001466,Middle Tennessee State University,Middle Tennessee State University,TN,South,4.0,35.848005,-86.360618,1.0,3.0,1.0,16.0,16115.0,9506.0,12599.0,0.3137,0.68,1119.0,0.54,0.0,0.0,-1.3181287402746138,1.4266373841295967
003526,Middlebury College,Middlebury College,VT,Northeast,2.0,44.009117,-73.176068,2.0,3.0,1.0,21.0,2785.0,65280.0,25934.0,0.1673,0.1037,1500.0,0.9259,1.0,4.0,2.42466930286087,0.4107268417722591
003551,Middlesex Community College,Connecticut State Community College,CT,Northeast,1.0,41.539516,-72.611838,1.0,2.0,2.0,5.0,32292.0,5092.0,8865.0,0.4371,,,,0.0,3.0,-2.1005268508752843,0.06825257167807869
003554,Middlesex Community College,Middlesex Community College,MA,Northeast,3.0,42.524328,-71.274931,1.0,2.0,2.0,2.0,4658.0,6048.0,3694.0,0.191,,,,0.0,0.0,-1.6206013660939251,0.7293986906155531
002441,Middlesex County College,Middlesex College,NJ,Northeast,3.0,40.504728,-74.366544,1.0,2.0,2.0,2.0,8321.0,4524.0,6000.0,0.3488,,,,0.0,0.0,-1.7543868595322993,0.4822286402363378
005584,Midlands Technical College,Midlands Technical College,SC,South,3.0,33.949325,-81.115761,1.0,2.0,2.0,4.0,7731.0,4788.0,5462.0,0.3883,,,,0.0,0.0,-1.902500964132727,0.2656643698793272
006408,Midwestern State University,Midwestern State University,TX,South,4.0,33.874809,-98.519386,1.0,3.0,1.0,18.0,4042.0,10310.0,11882.0,0.4004,0.8738,,0.4128,0.0,0.0,-1.1838012263260278,0.43435279538979754
001468,Miles College,Miles College,AL,South,3.0,33.482442,-86.908751,2.0,3.0,1.0,22.0,1151.0,12714.0,14514.0,0.7552,,,0.2566,1.0,1.0,-0.06497856784154893,-2.2142073455943803
004081,Miles Community College,Miles Community College,MT,West,2.0,46.40526,-105.826524,1.0,2.0,2.0,6.0,353.0,5648.0,7070.0,0.2367,,,,0.0,3.0,-1.3000996054121938,-1.0239663632736742
001471,Millsaps College,Millsaps College,MS,South,4.0,32.322746,-90.179957,2.0,3.0,1.0,21.0,580.0,43815.0,25291.0,0.3557,0.4903,,0.5546,1.0,2.0,1.9748414360863653,-0.39165818986592155
001506,Milwaukee Institute of Art & Design,Milwaukee Institute of Art & Design,WI,Midwest,4.0,43.030917,-87.907925,2.0,3.0,1.0,30.0,883.0,42268.0,27514.0,0.3638,0.628,1155.0,0.6327,1.0,2.0,2.0313833721871384,-0.2020317599559556
001470,Millikin University,Millikin University,IL,Midwest,4.0,39.842612,-88.976298,2.0,3.0,1.0,22.0,1458.0,26892.0,8837.0,0.3472,0.5405,1050.0,0.5907,1.0,2.0,0.5079365798237633,-0.2514599237599296
001476,Milwaukee School Engineering,Milwaukee School of Engineering,WI,Midwest,4.0,43.045364,-87.907691,2.0,3.0,1.0,19.0,2607.0,48421.0,24021.0,0.2268,0.6039,,0.7154,1.0,4.0,1.9663598671770492,0.8051141570322499
006323,Mineral Area College,Mineral Area College,MO,Midwest,2.0,37.845199,-90.481847,1.0,2.0,2.0,1.0,1530.0,5180.0,11123.0,0.308,,,,0.0,3.0,-1.3383110739498074,-0.5876766549788041
006411,Minneapolis College of Art and Design,Minneapolis College of Art and Design,MN,Midwest,4.0,44.956988,-93.274705,2.0,3.0,1.0,30.0,701.0,43824.0,25935.0,0.4017,0.4836,1170.0,0.6917,1.0,2.0,2.0005442510141433,-0.4610356452904233
006434,Minneapolis Community & Technical College,Minneapolis Community and Technical College,MN,Midwest,4.0,44.972679,-93.284507,1.0,2.0,2.0,5.0,4816.0,6128.0,13235.0,0.4033,,,,0.0,0.0,-1.2107463787717359,0.49286504693320005
006677,"Minnesotat State University, Mankato",Minnesota State University-Mankato,MN,Midwest,4.0,44.146712,-93.99945,1.0,3.0,1.0,18.0,11325.0,9490.0,18609.0,0.2048,0.9133,1190.0,0.5411,0.0,0.0,-0.8037161633044166,1.7088799985890273
006479,Minot State University,Minot State University,ND,Midwest,4.0,48.246961,-101.29861,1.0,3.0,1.0,19.0,2072.0,8634.0,12514.0,0.2411,0.7221,1084.0,0.4776,0.0,0.0,-0.9186252012797629,0.6538041918890339
000661,Mirrer Yeshiva Central Institute,Mirrer Yeshiva Cent Institute,NY,Northeast,4.0,40.605043,-73.966049,2.0,2.0,1.0,24.0,102.0,12500.0,11641.0,0.3667,0.7778,,0.6383,1.0,2.0,0.6757279922723378,-1.6358342761057467
001742,Mississippi Delta Comm College,Mississippi Delta Community College,MS,South,1.0,33.444906,-90.502053,1.0,2.0,2.0,5.0,1489.0,3540.0,2276.0,0.486,,,,0.0,3.0,-2.1665985152318226,-1.7578541139187769
001623,Mississippi Gulf Coast C C,Mississippi Gulf Coast Community College,MS,South,1.0,30.780784,-89.142952,1.0,2.0,2.0,7.0,6231.0,3950.0,7372.0,0.4084,,,,0.0,3.0,-2.045197956155219,-0.7058329154543957
001353,Mississippi Gulf Coast Comm Coll,Mississippi Gulf Coast Community College,MS,South,1.0,30.780784,-89.142952,1.0,2.0,2.0,7.0,6231.0,3950.0,7372.0,0.4084,,,,0.0,3.0,-2.045197956155219,-0.7058329154543957
001480,Mississippi State University,Mississippi State University,MS,South,2.0,33.454852,-88.790139,1.0,3.0,1.0,15.0,18092.0,9815.0,15501.0,0.2864,0.7632,1220.0,0.6291,0.0,0.0,-1.3886319370808275,0.8064715711097853
006665,Missouri State University,Missouri State University-Springfield,MO,Midwest,4.0,37.199258,-93.281281,1.0,3.0,1.0,17.0,13407.0,9024.0,17502.0,0.2134,0.9105,1119.0,0.5733,0.0,0.0,-0.9096167002051188,1.743662096168327
006876,Missouri University of Science and Technology,Missouri University of Science and Technology,MO,Midwest,2.0,37.953426,-91.775583,1.0,3.0,1.0,16.0,5467.0,14278.0,13773.0,0.2075,0.7307,1287.0,0.636,0.0,3.0,-1.0447525300510752,0.488635632789786
006413,Missouri Valley College,Missouri Valley College,MO,Midwest,2.0,39.108522,-93.190654,2.0,3.0,1.0,22.0,1293.0,23000.0,17945.0,0.2991,0.4939,1018.0,0.2448,1.0,5.0,0.6952979736125616,-0.8559873503233768
006625,Missouri Western State College,Missouri Western State University,MO,Midwest,4.0,39.7575,-94.785643,1.0,3.0,1.0,20.0,2372.0,9800.0,12638.0,0.2817,,,0.398,0.0,0.0,-0.929168086114897,0.586708743174329
007038,Mitchell Vocational Technical Institute,Mitchell Technical College,SD,Midwest,2.0,43.688663,-98.002505,1.0,2.0,2.0,7.0,953.0,7524.0,13650.0,0.2976,,,,0.0,3.0,-1.051592182225379,-0.7347458000337508
006414,Moberly Area Community College,Moberly Area Community College,MO,Midwest,2.0,39.418607,-92.455064,1.0,2.0,2.0,3.0,2928.0,4020.0,6935.0,0.2187,,,,0.0,3.0,-1.6290538465230424,-0.01828399338815992
004486,Modesto Junior College,Modesto Junior College,CA,West,4.0,37.651056,-121.009792,1.0,2.0,1.0,14.0,14714.0,1270.0,10176.0,0.2617,,,0.261,0.0,0.0,-1.6265736616297954,1.5574317449796027
005953,Modern College Of Design,The Modern College of Design,OH,Midwest,4.0,39.681305,-84.134269,3.0,2.0,1.0,12.0,189.0,30548.0,34709.0,0.4719,0.9183,,0.6195,1.0,2.0,2.2200055997146997,-1.3166770261046878
003528,Mitchell College,Mitchell College,CT,Northeast,4.0,41.328013,-72.09523,2.0,3.0,1.0,22.0,421.0,39050.0,30841.0,0.3933,0.7336,,0.4414,1.0,2.0,2.2575091592156467,-0.6001707174392169
006322,Missouri Southern State College,Missouri Southern State University,MO,Midwest,4.0,37.095155,-94.461689,1.0,3.0,1.0,20.0,3101.0,8400.0,11653.0,0.3497,0.9744,1090.0,0.3833,0.0,0.0,-1.1175304106411539,0.4570521599442426
002258,Missouri Baptist College,Missouri Baptist University,MO,Midwest,3.0,38.641526,-90.462586,2.0,3.0,1.0,18.0,1452.0,33122.0,25807.0,0.1271,0.641,983.0,0.4819,1.0,2.0,1.6513183803537361,0.38700859563747864
001482,Mississippi Valley State University,Mississippi Valley State University,MS,South,1.0,33.514142,-90.341274,1.0,3.0,1.0,20.0,1326.0,7912.0,11812.0,0.5955,0.5116,910.0,0.2214,0.0,3.0,-1.5923348722664146,-2.0413092674203943
001481,Mississippi University for Women,Mississippi University for Women,MS,South,2.0,33.493305,-88.418601,1.0,3.0,1.0,20.0,1593.0,8092.0,13198.0,0.4159,1.0,1050.0,0.3779,0.0,3.0,-1.2849199682369654,-0.8907565700636079
001477,Mississippi College,Mississippi Christian University,MS,South,3.0,32.335515,-90.329821,2.0,3.0,1.0,17.0,2423.0,21698.0,20911.0,0.2617,0.4887,1120.0,0.6281,1.0,2.0,0.8087613965267175,0.03532396312963693
007587,Mission College,Mission College,CA,West,4.0,37.391935,-121.980783,1.0,2.0,2.0,2.0,5557.0,1438.0,5198.0,0.1622,,,,0.0,0.0,-1.6596321287097775,1.3597685720913752
002414,Mohawk Valley Community Coll,Mohawk Valley Community College,NY,Northeast,4.0,43.076765,-75.219367,1.0,2.0,2.0,3.0,2994.0,6114.0,8404.0,0.2941,,,,0.0,0.0,-1.2587346078558201,0.6213865159438481
002415,Molloy College,Molloy University,NY,Northeast,3.0,40.685941,-73.626183,2.0,3.0,1.0,18.0,3185.0,37840.0,26870.0,0.2993,0.7564,1193.0,0.7176,1.0,2.0,1.6482378579116406,0.258163800609573
001484,Monmouth College,Monmouth College,IL,Midwest,2.0,40.914824,-90.63731,2.0,3.0,1.0,21.0,725.0,43520.0,18034.0,0.3091,0.8662,1128.0,0.6014,1.0,5.0,1.3977858760707604,-1.0445359760528603
002416,Monmouth University,Monmouth University,NJ,Northeast,3.0,40.280066,-74.006447,2.0,3.0,1.0,18.0,3831.0,44850.0,31650.0,0.3036,0.8954,1204.0,0.7033,1.0,4.0,2.08169937095021,0.4445757893618519
002463,Monroe College,Monroe University,NY,Northeast,4.0,40.864459,-73.900215,3.0,3.0,1.0,18.0,5670.0,17922.0,10376.0,0.5766,0.6588,,0.5748,1.0,1.0,-0.013198582903729656,-0.37973842450053596
002462,Monroe College New Rochelle,Monroe University,NY,Northeast,4.0,40.864459,-73.900215,3.0,3.0,1.0,18.0,5670.0,17922.0,10376.0,0.5766,0.6588,,0.5748,1.0,1.0,-0.013198582903729656,-0.37973842450053596
002429,Monroe Community College,Monroe Community College,NY,Northeast,3.0,43.101036,-77.610136,1.0,2.0,2.0,6.0,7737.0,5856.0,6569.0,0.4713,,,,0.0,0.0,-1.7666700137222973,0.03142845510493214
001514,Monroe County Community Coll,Monroe County Community College,MI,Midwest,1.0,41.91617,-83.470274,1.0,2.0,2.0,5.0,1484.0,4566.0,5261.0,0.2531,,,,0.0,3.0,-1.7416419263562333,-0.9017676678589055
004298,Montana State University-Billings,Montana State University Billings,MT,West,4.0,45.796896,-108.523009,1.0,3.0,1.0,19.0,2710.0,6706.0,15044.0,0.2647,,,0.282,0.0,0.0,-0.9429826537274772,0.8138466544858806
004488,Montana State University-Bozem,Montana State University,MT,West,4.0,45.666726,-111.048812,1.0,3.0,1.0,15.0,14472.0,8083.0,20593.0,0.1673,0.8683,1154.0,0.5735,0.0,0.0,-0.7911469827229249,2.068380371472001
004538,Montana State University-Northern,Montana State University-Northern,MT,West,2.0,48.54149,-109.687806,1.0,3.0,1.0,22.0,787.0,6269.0,14194.0,0.2923,,,0.4233,0.0,3.0,-1.0681930991436046,-0.7227679094564119
004482,Montana SU Grt Falls,Great Falls College Montana State University,MT,West,4.0,47.485581,-111.269558,1.0,2.0,2.0,6.0,828.0,3904.0,10632.0,0.3003,,,,0.0,0.0,-1.1056731560420585,0.02528463708945885
004487,Montana Tech of the Univ of Montana,Montana Technological University,MT,West,2.0,46.012868,-112.559511,1.0,3.0,1.0,20.0,1428.0,8050.0,16240.0,0.2136,0.899,1126.0,0.5805,0.0,3.0,-0.9377312649547654,-0.11251319028500892
001522,Montcalm Cmty College,Montcalm Community College,MI,Midwest,1.0,43.253191,-85.100181,1.0,2.0,2.0,4.0,1040.0,4860.0,4352.0,0.2938,,,,0.0,3.0,-1.75733285290683,-1.2309682602213747
002520,Montclair State University,Montclair State University,NJ,Northeast,3.0,40.860414,-74.198141,1.0,3.0,1.0,16.0,17677.0,14766.0,14159.0,0.4439,0.8741,1080.0,0.6426,0.0,0.0,-1.2016304881178206,0.6967883772387649
004507,Monterey Inst Intl Studies,Middlebury Institute of International Studies at Monterey,CA,West,3.0,36.599736,-121.897325,2.0,3.0,1.0,18.0,8.0,,,0.0556,,,,,,,
004490,Monterey Peninsula College,Monterey Peninsula College,CA,West,3.0,36.590558,-121.884931,1.0,2.0,2.0,2.0,5759.0,1188.0,13498.0,0.194,,,,0.0,0.0,-1.3728019854007074,0.9705187307832539
005393,Montgomery College Germantown,Montgomery College,MD,South,4.0,39.098656,-77.15929,1.0,2.0,2.0,2.0,13519.0,5394.0,7240.0,0.2512,,,,0.0,0.0,-1.65233546457218,1.4599960756401809
005440,Montgomery College Rockville,Montgomery College,MD,South,4.0,39.098656,-77.15929,1.0,2.0,2.0,2.0,13519.0,5394.0,7240.0,0.2512,,,,0.0,0.0,-1.65233546457218,1.4599960756401809
005414,Montgomery College Takoma,Montgomery College,MD,South,4.0,39.098656,-77.15929,1.0,2.0,2.0,2.0,13519.0,5394.0,7240.0,0.2512,,,,0.0,0.0,-1.65233546457218,1.4599960756401809
002445,Montgomery County Cmty College,Montgomery County Community College,PA,Northeast,3.0,40.175609,-75.276093,1.0,2.0,2.0,5.0,7181.0,6270.0,9930.0,0.288,,,,0.0,0.0,-1.422695076934587,0.6887954382721793
005423,Montreat College,Montreat College,NC,South,3.0,35.646577,-82.2976,2.0,3.0,1.0,22.0,750.0,33860.0,26328.0,0.4037,0.6555,,0.4057,1.0,2.0,1.5360495819695104,-0.890707340572754
009101,Montserrat College of Art,Montserrat College of Art,MA,Northeast,3.0,42.550212,-70.876131,2.0,3.0,1.0,22.0,261.0,39000.0,34725.0,0.3277,,,0.6154,1.0,2.0,2.468927223859841,-0.9589259390275263
001486,Moody Bible Institute,Moody Bible Institute,IL,Midwest,4.0,41.897822,-87.633459,2.0,3.0,1.0,24.0,1586.0,15356.0,25007.0,0.3272,0.9754,,0.6199,1.0,2.0,1.0273431697187208,0.00971876918745946
002417,Moore College Of Art & Design,Moore College of Art and Design,PA,Northeast,4.0,39.957078,-75.172105,2.0,3.0,1.0,30.0,390.0,50279.0,43369.0,0.4085,0.6051,1303.0,0.6344,1.0,2.0,3.2633469126461794,-0.4473102049089641
006678,Moorhead State University,Minnesota State University Moorhead,MN,Midwest,3.0,46.867153,-96.759532,1.0,3.0,1.0,18.0,3120.0,10336.0,17816.0,0.2746,0.5262,1090.0,0.5464,0.0,0.0,-0.7926385826863114,0.41398025409617445
004512,Moorpark College,Moorpark College,CA,West,3.0,34.301146,-118.834528,1.0,2.0,2.0,1.0,12011.0,1416.0,742.0,0.1874,,,,0.0,0.0,-2.1561069036159273,1.1821765643253588
001487,Morehead State University,Morehead State University,KY,South,2.0,38.186768,-83.434021,1.0,3.0,1.0,18.0,4689.0,9838.0,10089.0,0.2873,0.8212,,0.4769,0.0,3.0,-1.4676679234399006,0.06272969515557947
005415,Morehouse College,Morehouse College,GA,South,4.0,33.745982,-84.414917,2.0,3.0,1.0,21.0,2736.0,31725.0,35949.0,0.4438,0.5139,1050.0,0.5267,1.0,2.0,1.8726413936635045,0.1328188011238758
006512,Moreno Valley College,Moreno Valley College,CA,West,3.0,33.88744,-117.20271,1.0,2.0,2.0,2.0,8292.0,1420.0,1996.0,0.2047,,,,0.0,0.0,-2.0447156642013753,0.9557605411069053
005416,Morgan State University,Morgan State University,MD,South,4.0,39.344161,-76.585565,1.0,3.0,1.0,16.0,8293.0,8118.0,15015.0,0.5445,0.8296,984.0,0.4161,0.0,0.0,-1.3044945270316268,0.31085942055920984
006415,Morningside College,Morningside University,IA,Midwest,4.0,42.473891,-96.359464,2.0,3.0,1.0,18.0,1166.0,38190.0,23169.0,0.3153,0.7057,910.0,0.5284,1.0,2.0,1.6711147173024945,0.019939292959353712
005417,Morris Brown College,Morris Brown College,GA,South,4.0,33.753707,-84.407668,2.0,3.0,1.0,-2.0,338.0,9558.0,18898.0,0.6245,,,1.0,1.0,1.0,0.4835649210869169,-1.9097850777852656
005418,Morris College,Morris College,SC,South,4.0,33.938574,-80.346155,2.0,3.0,1.0,22.0,421.0,16224.0,20375.0,0.8177,,,0.2043,1.0,1.0,0.5801999536046717,-2.4190348970090443
001269,Morrison Institute Of Tech,Morrison Institute of Technology,IL,Midwest,1.0,41.7971,-89.965963,2.0,2.0,2.0,11.0,54.0,19900.0,24326.0,0.3824,,,,1.0,5.0,1.2511919432495835,-3.047052116446898
001489,Morton College,Morton College,IL,Midwest,3.0,41.824303,-87.762306,1.0,2.0,2.0,8.0,2593.0,4884.0,6763.0,0.3501,,,,0.0,0.0,-1.5753691171692905,-0.1299797689052953
001543,Motlow State Community College,Motlow State Community College,TN,South,1.0,35.365903,-86.299184,1.0,2.0,2.0,1.0,4055.0,4536.0,10421.0,0.2877,,,,0.0,3.0,-1.7055421368668238,-0.4471637788922906
002420,Mount Aloysius College,Mount Aloysius College,PA,Northeast,2.0,40.459679,-78.600898,2.0,3.0,1.0,22.0,1123.0,26156.0,20748.0,0.1599,0.9041,1034.0,0.5556,1.0,5.0,1.1209551716945085,-0.3315596073844075
004491,Mount Angel Seminary,Mount Angel Seminary,OR,West,1.0,45.057871,-122.775405,2.0,3.0,1.0,24.0,28.0,29694.0,,0.2121,1.0,,0.3333,,,,
001225,Mott Community College,Mott Community College,MI,Midwest,4.0,43.019941,-83.67243,1.0,2.0,2.0,1.0,5216.0,4426.0,6258.0,0.3539,,,,0.0,0.0,-1.6087798063371153,0.5991949831888743
001502,Mount Carmel Coll Nursing,Mount Carmel College of Nursing,OH,Midwest,4.0,39.956625,-83.021501,2.0,3.0,1.0,26.0,573.0,13890.0,12939.0,0.3041,0.5739,1020.0,0.7089,1.0,2.0,0.5149405549240974,-0.5863154425816052
003529,Mount Holyoke College,Mount Holyoke College,MA,Northeast,3.0,42.25489,-72.573916,2.0,3.0,1.0,21.0,2198.0,64142.0,29562.0,0.2029,0.3829,1422.0,0.8504,1.0,4.0,2.712506427179751,0.6190350842999669
006416,Mount Marty College,Mount Marty University,SD,Midwest,2.0,42.874475,-97.409904,2.0,3.0,1.0,20.0,702.0,33100.0,23295.0,0.1935,0.4814,1120.0,0.6055,1.0,5.0,1.4596929461552817,-0.6473591776807315
001490,Mount Mary University,Mount Mary University,WI,Midwest,4.0,43.072507,-88.030732,2.0,3.0,1.0,18.0,701.0,34390.0,18295.0,0.5768,0.9335,1050.0,0.5887,1.0,1.0,1.1754384804397333,-1.2426740743310283
006417,Mount Mercy College,Mount Mercy University,IA,Midwest,4.0,42.001931,-91.650991,2.0,3.0,1.0,19.0,1135.0,39070.0,23435.0,0.2589,0.7876,1120.0,0.5588,1.0,2.0,1.7591425577536317,0.21445287177180924
005435,Mount Olive College,University of Mount Olive,NC,South,1.0,35.208166,-78.069388,2.0,3.0,1.0,20.0,1754.0,25950.0,17893.0,0.4695,0.7775,1020.0,0.4746,1.0,5.0,0.4284425673603602,-1.6853080016190671
004520,Mount Saint Marys University LA,Mount Saint Mary's University,CA,West,4.0,34.085315,-118.482879,2.0,3.0,1.0,18.0,1746.0,48132.0,25009.0,0.5515,0.6872,,0.5342,1.0,2.0,1.7819834425883425,-0.43566214635440564
004494,Mount San Antonio College,Mt San Antonio College,CA,West,3.0,34.047764,-117.846629,1.0,2.0,2.0,4.0,25311.0,1364.0,3107.0,0.3422,,,,0.0,0.0,-2.265976710324801,1.037298509973272
004501,Mount San Jacinto College,Mt San Jacinto Community College District,CA,West,3.0,33.806748,-116.971169,1.0,2.0,2.0,4.0,14859.0,1406.0,7098.0,0.3319,,,,0.0,0.0,-1.9609738209834815,0.8659839051850762
005421,Mount St Mary's University,Mount St. Mary's University,MD,South,1.0,39.681705,-77.351887,2.0,3.0,1.0,19.0,1806.0,47240.0,24987.0,0.269,0.7186,1141.0,0.5802,1.0,5.0,1.5949958193227611,-0.7319109741116433
004493,Mount St Marys University,Mount Saint Mary's University,CA,West,4.0,34.085315,-118.482879,2.0,3.0,1.0,18.0,1746.0,48132.0,25009.0,0.5515,0.6872,,0.5342,1.0,2.0,1.7819834425883425,-0.43566214635440564
002423,Mount St. Mary College,Mount Saint Mary College,NY,Northeast,4.0,41.513872,-74.012655,2.0,3.0,1.0,19.0,1268.0,41370.0,23736.0,0.297,0.8246,1160.0,0.6566,1.0,2.0,1.8505080871037787,0.19898723047447264
001492,Mount Union College,University of Mount Union,OH,Midwest,2.0,40.905256,-81.111029,2.0,3.0,1.0,20.0,1785.0,35400.0,22539.0,0.2871,0.801,1227.0,0.6487,1.0,5.0,1.2716252468408096,-0.5125473394430232
001531,Mount Vernon Nazarene College,Mount Vernon Nazarene University,OH,Midwest,2.0,40.372901,-82.471074,2.0,3.0,1.0,19.0,1346.0,35524.0,21812.0,0.2893,0.843,1119.0,0.6364,1.0,5.0,1.2787011843178622,-0.6687122772925409
003545,Mount Wachusett Community Coll,Mount Wachusett Community College,MA,Northeast,3.0,42.593142,-71.984148,1.0,2.0,2.0,7.0,2554.0,6000.0,8651.0,0.3773,,,,0.0,0.0,-1.4068793213308386,-0.15486077987462338
004508,Mt Hood Community College,Mt Hood Community College,OR,West,3.0,45.514862,-122.396972,1.0,2.0,1.0,3.0,3540.0,5175.0,6443.0,0.2136,,,0.2605,0.0,0.0,-1.5692133287719694,0.5896643982754722
002424,Muhlenberg College,Muhlenberg College,PA,Northeast,4.0,40.596416,-75.508502,2.0,3.0,1.0,21.0,1777.0,60240.0,26851.0,0.2098,0.6401,1327.0,0.8025,1.0,4.0,2.5972944112573257,0.8353600648190628
006421,Murray State College,Murray State College,OK,South,1.0,34.222949,-96.677906,1.0,2.0,2.0,1.0,1517.0,6630.0,15071.0,0.2866,,,,0.0,3.0,-1.2408740128215106,-0.8508699499417615
004530,Napa Valley College,Napa Valley College,CA,West,4.0,38.274081,-122.274381,1.0,2.0,2.0,1.0,3205.0,1156.0,14046.0,0.1905,,,,0.0,0.0,-1.1319264403710592,1.1087211756211
003643,Nashua Community College,Nashua Community College,NH,Northeast,4.0,42.794576,-71.523462,1.0,2.0,2.0,6.0,1039.0,7140.0,15026.0,0.2514,,,,0.0,0.0,-0.677290340115905,0.3475108798570948
002563,Nassau Community College,Nassau Community College,NY,Northeast,3.0,40.728872,-73.595286,1.0,2.0,2.0,1.0,10817.0,6330.0,5736.0,0.3567,,,,0.0,0.0,-1.7611366563665187,0.5917106924630327
003413,Nat C Bus/Tec Danvll,Centre College,KY,South,2.0,37.645709,-84.779392,2.0,3.0,1.0,21.0,1346.0,50550.0,21497.0,0.2122,0.5434,1345.0,0.8529,1.0,5.0,1.7160210506691003,-0.29628571625848177
006464,National American University,National American University-Rapid City,SD,Midwest,4.0,44.03152,-103.250223,3.0,3.0,1.0,17.0,832.0,16065.0,22086.0,0.5705,,,0.6,1.0,1.0,0.8063297514821685,-1.2004915866859505
001551,National-Louis University,National Louis University,IL,Midwest,4.0,41.880093,-87.624699,2.0,3.0,1.0,17.0,4100.0,12345.0,16157.0,0.5728,0.9312,,0.3687,1.0,1.0,0.12868407972946766,-0.5274119478689203
003550,Naugatuck Valley Comm College,Connecticut State Community College,CT,Northeast,4.0,41.549749,-73.072963,1.0,2.0,2.0,4.0,32292.0,5092.0,8865.0,0.4371,,,,0.0,0.0,-1.7440749389065233,1.2911970900216456
006465,Navarro College,Navarro College,TX,South,2.0,32.076061,-96.498731,1.0,2.0,1.0,4.0,3959.0,3008.0,14579.0,0.3177,,,0.2395,0.0,3.0,-1.4298742926596515,-0.10939635590918834
000470,National University,National University,CA,West,4.0,32.829299,-117.127296,2.0,3.0,1.0,18.0,9725.0,13320.0,31058.0,0.2553,,,0.5,1.0,4.0,1.0208165762697718,1.3159143925757424
000850,Nashville State Community Col,Nashville State Community College,TN,South,4.0,36.134857,-86.857342,1.0,2.0,2.0,1.0,4931.0,4498.0,6283.0,0.3293,,,,0.0,0.0,-1.6334235486471838,0.6686008232510178
005881,Nash Community College,Nash Community College,NC,South,1.0,35.976823,-77.898348,1.0,2.0,2.0,6.0,1422.0,2883.0,4477.0,0.2934,,,,0.0,3.0,-1.9139843222253634,-1.0764523424415022
000908,Naropa University,Naropa University,CO,West,4.0,40.014235,-105.266987,2.0,3.0,1.0,19.0,368.0,34600.0,28862.0,0.5656,0.94,,0.4595,1.0,2.0,1.8126257663367429,-1.285577407199809
001495,Muskegon Community College,Muskegon Community College,MI,Midwest,4.0,43.250329,-86.196384,1.0,2.0,2.0,5.0,2781.0,6990.0,5196.0,0.2832,,,,0.0,0.0,-1.4366083846921833,0.5395106725550557
001494,Murray State University,Murray State University,KY,South,2.0,36.612419,-88.323629,1.0,3.0,1.0,18.0,6646.0,9708.0,9121.0,0.3135,0.8617,1110.0,0.5953,0.0,3.0,-1.5975419458271778,0.12842047274493293
000476,Nazarene Bible College,Nazarene Bible College,CO,West,4.0,38.944824,-104.803251,2.0,3.0,1.0,24.0,336.0,10002.0,,0.1449,,,,,,,
001305,Nebraska College Tech Agriculture,Nebraska College of Technical Agriculture,NE,Midwest,1.0,40.635454,-100.510409,1.0,2.0,2.0,13.0,228.0,5756.0,13843.0,0.3366,,,,0.0,3.0,-1.0212271692901842,-1.9923748767569371
001431,Nebraska Indian Community College,Nebraska Indian Community College,NE,Midwest,1.0,42.11677,-96.35176,1.0,2.0,1.0,33.0,330.0,4080.0,22070.0,0.2954,,,0.1667,0.0,3.0,-0.6579998008609609,-1.5629261932337577
000829,Ner Israel Rab C,Ner Israel Rabbinical College,MD,South,3.0,39.388021,-76.753526,2.0,3.0,1.0,24.0,292.0,14400.0,5548.0,0.2073,0.7941,,0.439,1.0,2.0,0.13989031378734926,-1.0738503023568229
000839,Ner Israel Rabbinical College,Ner Israel Rabbinical College,MD,South,3.0,39.388021,-76.753526,2.0,3.0,1.0,24.0,292.0,14400.0,5548.0,0.2073,0.7941,,0.439,1.0,2.0,0.13989031378734926,-1.0738503023568229
004572,Nevada State University,Nevada State University,NV,West,1.0,35.982345,-114.938044,1.0,3.0,1.0,22.0,3791.0,6368.0,13208.0,0.2207,0.8615,,0.3103,0.0,3.0,-1.4260139508627285,-0.1160665320326369
001387,NEI College of Technology,Dunwoody College of Technology,MN,Midwest,4.0,44.97281,-93.290608,2.0,2.0,1.0,23.0,1417.0,25659.0,27023.0,0.2929,0.9847,1050.0,0.627,1.0,2.0,1.4878372398061455,0.1682400055996958
006470,Nebraska Wesleyan University,Nebraska Wesleyan University,NE,Midwest,4.0,40.839098,-96.64831,2.0,3.0,1.0,20.0,1514.0,41658.0,23140.0,0.296,0.8375,1209.0,0.6889,1.0,2.0,1.747829031938566,0.23832677287465107
006510,Nebraska Methodist Col Nursing,Nebraska Methodist College of Nursing & Allied Health,NE,Midwest,4.0,41.265973,-96.048511,2.0,3.0,1.0,26.0,752.0,18173.0,19474.0,0.323,0.8829,,0.6667,1.0,2.0,0.9355942686443043,-0.40164479635374506
004555,New College of California,California College of the Arts,CA,West,4.0,37.767485,-122.399451,2.0,3.0,1.0,30.0,1044.0,57946.0,42168.0,0.2474,0.9102,,0.634,1.0,4.0,3.3054348212214895,0.6800231460909038
005506,New College of the University of South Florida,New College of Florida,FL,South,4.0,27.384925,-82.55858,1.0,3.0,1.0,21.0,707.0,6916.0,4536.0,0.3034,0.74,1137.0,0.6181,0.0,0.0,-1.3325507815293989,-0.2066833825333825
003657,New England College,New England College,NH,Northeast,1.0,43.176403,-71.822282,2.0,3.0,1.0,18.0,980.0,41578.0,30299.0,0.419,0.9574,,0.3109,1.0,5.0,1.797120554317563,-1.48871162662963
003659,New England Conservatory of Music,The New England Conservatory of Music,MA,Northeast,4.0,42.340946,-71.08629,2.0,3.0,1.0,30.0,371.0,58550.0,42556.0,0.0752,0.4275,,0.7778,1.0,4.0,3.7313607858673348,0.742805809417985
003636,New England Institute,The New England Conservatory of Music,MA,Northeast,4.0,42.340946,-71.08629,2.0,3.0,1.0,30.0,371.0,58550.0,42556.0,0.0752,0.4275,,0.7778,1.0,4.0,3.7313607858673348,0.742805809417985
000339,New England Institute Technology,New England Institute of Technology,RI,Northeast,3.0,41.661783,-71.502892,2.0,2.0,1.0,20.0,1712.0,35625.0,36906.0,0.4448,0.7273,,0.5747,1.0,2.0,2.102442760122515,-0.436071984758227
002516,New Jersey City University,New Jersey City University,NJ,Northeast,4.0,40.709937,-74.08727,1.0,3.0,1.0,18.0,4076.0,13971.0,11732.0,0.5238,0.8918,,0.3874,0.0,0.0,-1.0694451364612954,0.060845554925405484
002513,New Jersey Institute of Technology,New Jersey Institute of Technology,NJ,Northeast,4.0,40.741997,-74.177113,1.0,3.0,1.0,15.0,8762.0,19022.0,16496.0,0.3897,0.669,1336.0,0.7311,0.0,0.0,-0.6797347113495918,1.0082175012567374
004532,New Mexico Highlands University,New Mexico Highlands University,NM,West,2.0,35.596233,-105.219197,1.0,3.0,1.0,18.0,1561.0,7260.0,14141.0,0.4636,,,0.2559,0.0,3.0,-1.2790006507020735,-0.9825643575886782
004533,New Mexico Inst Mining Technology,New Mexico Institute of Mining and Technology,NM,West,2.0,34.067041,-106.905211,1.0,3.0,1.0,20.0,1122.0,9058.0,8265.0,0.3087,0.5396,1182.0,0.5636,0.0,3.0,-1.3686807380067083,-0.6696003964613224
004553,New Mexico Junior College,New Mexico Junior College,NM,West,2.0,32.757808,-103.182896,1.0,2.0,2.0,4.0,2034.0,1440.0,6431.0,0.2585,,,,0.0,3.0,-1.7490349517424777,-0.2732938280367933
004534,New Mexico Military Institute,New Mexico Military Institute,NM,West,2.0,33.409617,-104.524448,1.0,2.0,2.0,2.0,342.0,6990.0,4686.0,0.2571,0.5776,,,0.0,3.0,-1.3978416799750477,-1.135645192477354
004012,New Mexico St U At Alamogordo,New Mexico State University-Alamogordo,NM,West,1.0,32.92033,-105.926241,1.0,2.0,2.0,3.0,569.0,2616.0,5789.0,0.2636,,,,0.0,3.0,-1.6729277426671465,-1.3282036856307142
004531,New Mexico State University,New Mexico State University-Dona Ana,NM,West,4.0,32.354486,-106.737172,1.0,2.0,2.0,5.0,4812.0,2322.0,4621.0,0.3437,,,,0.0,0.0,-1.7807076560320736,0.6475353435634669
000461,New Mexico State University at Grants,New Mexico State University-Grants,NM,West,2.0,35.165965,-107.843638,1.0,2.0,2.0,6.0,351.0,2136.0,7729.0,0.2667,,,,0.0,3.0,-1.3923953672589977,-1.145641777751605
005513,New River Cmty College,New River Community College,VA,South,2.0,37.105239,-80.69605,1.0,2.0,2.0,6.0,1917.0,4835.0,6031.0,0.2085,,,,0.0,3.0,-1.634961321796432,-0.18882273549461406
007336,New School for Drama,The New School,NY,Northeast,4.0,40.735508,-73.997114,2.0,3.0,1.0,16.0,6819.0,56386.0,55359.0,0.1532,0.6252,,0.7119,1.0,4.0,3.837938360582864,2.066059819801094
002419,New School of Architecture,Newschool of Architecture and Design,CA,West,4.0,32.71331,-117.153305,3.0,3.0,1.0,20.0,212.0,30291.0,48616.0,0.4629,1.0,,0.5094,1.0,2.0,2.9020569569597217,-0.9505663504738742
002671,New School/Joffrey Program,The New School,NY,Northeast,4.0,40.735508,-73.997114,2.0,3.0,1.0,16.0,6819.0,56386.0,55359.0,0.1532,0.6252,,0.7119,1.0,4.0,3.837938360582864,2.066059819801094
002550,New York City Tech College,CUNY New York City College of Technology,NY,Northeast,4.0,40.695483,-73.987856,1.0,3.0,1.0,22.0,12950.0,7332.0,4783.0,0.5544,0.8074,1040.0,0.1941,0.0,0.0,-1.8426956497505462,0.3854856742663218
002561,New York Institute of Technology,New York Institute of Technology,NY,Northeast,1.0,40.812447,-73.6078,2.0,3.0,1.0,18.0,3320.0,44360.0,20709.0,0.437,0.7808,1290.0,0.5627,1.0,5.0,1.1652668434240245,-1.0647292538509718
003106,New York Restaurnt S,The New School,NY,Northeast,4.0,40.735508,-73.997114,2.0,3.0,1.0,16.0,6819.0,56386.0,55359.0,0.1532,0.6252,,0.7119,1.0,4.0,3.837938360582864,2.066059819801094
002562,New York University,New York University,NY,Northeast,4.0,40.729452,-73.997264,2.0,3.0,1.0,15.0,29430.0,60438.0,35035.0,0.1856,0.0941,1527.0,0.8846,1.0,4.0,2.6223939107956884,2.4193758890935126
005493,Newberry College,Newberry College,SC,South,2.0,34.285868,-81.619777,2.0,3.0,1.0,22.0,1462.0,30050.0,20351.0,0.4892,0.748,1008.0,0.4438,1.0,5.0,0.8146518281158839,-1.376852271605745
003647,NHTI Concord Comm College,NHTI-Concord's Community College,NH,Northeast,2.0,43.223621,-71.531979,1.0,2.0,2.0,6.0,2186.0,7200.0,20134.0,0.2777,,,,0.0,3.0,-0.776158173683178,-0.12285644591574418
002568,Niagara County Community Coll,Niagara County Community College,NY,Northeast,1.0,43.147701,-78.87579,1.0,2.0,2.0,4.0,2859.0,6726.0,7222.0,0.3348,,,,0.0,3.0,-1.6839630335353333,-0.7799688589949042
002558,Niagara University,Niagara University,NY,Northeast,3.0,43.137279,-79.036689,2.0,3.0,1.0,18.0,2713.0,38135.0,18740.0,0.2591,0.8534,1155.0,0.7024,1.0,2.0,1.2788320179333983,0.21045871272934713
006221,Nicholls State University,Nicholls State University,LA,South,4.0,29.794486,-90.801571,1.0,3.0,1.0,19.0,4772.0,8173.0,12091.0,0.3498,0.9602,1088.0,0.5429,0.0,0.0,-1.2237559950939434,0.6836513719147008
003666,Nichols College,Nichols College,MA,Northeast,3.0,42.044033,-71.930283,2.0,3.0,1.0,19.0,1152.0,40375.0,31065.0,0.3041,0.8814,1110.0,0.6364,1.0,2.0,2.102544548787488,-0.18634785358205386
007702,Nightingale College,Nightingale College,UT,West,4.0,40.767465,-111.887917,3.0,3.0,1.0,26.0,4244.0,,29378.0,0.4347,,,0.45,,,,
006503,Norco College,Norco College,CA,West,3.0,33.917387,-117.570212,1.0,2.0,2.0,2.0,8359.0,1420.0,2845.0,0.157,,,,0.0,0.0,-1.9640706618818626,1.1393330147896088
005864,Norfolk State University,Norfolk State University,VA,South,4.0,36.848429,-76.261375,1.0,3.0,1.0,19.0,5495.0,9910.0,12973.0,0.6219,0.8746,980.0,0.3267,0.0,0.0,-1.3551220514078985,-0.18136904494517772
006501,Normandale Community College,Normandale Community College,MN,Midwest,4.0,44.829706,-93.331673,1.0,2.0,2.0,3.0,6040.0,6321.0,12370.0,0.2762,,,,0.0,0.0,-1.188876748817804,1.0413077515531926
005003,North Carolina Agri/Tech State University,North Carolina A & T State University,NC,South,4.0,36.07282,-79.773375,1.0,3.0,1.0,16.0,11925.0,6748.0,10980.0,0.5066,0.4617,1048.0,0.5527,0.0,0.0,-1.588390771373865,0.5591884843641265
005501,North Carolina Wesleyan College,North Carolina Wesleyan University,NC,South,4.0,36.019665,-77.773982,2.0,3.0,1.0,22.0,1169.0,35536.0,18165.0,0.4692,0.7795,,0.4043,1.0,2.0,1.1502370241261626,-0.5966196143455548
001555,North Central College,North Central College,IL,Midwest,4.0,41.77576,-88.14279,2.0,3.0,1.0,20.0,2360.0,44394.0,23033.0,0.247,0.5831,1165.0,0.7114,1.0,2.0,1.7927936927497847,0.6456739917989578
001569,North Central Michigan College,North Central Michigan College,MI,Midwest,2.0,45.361727,-84.954183,1.0,2.0,2.0,3.0,897.0,5267.0,5457.0,0.3314,,,,0.0,3.0,-1.5731771580889191,-1.0107800137961063
006830,North Central Missouri College,North Central Missouri College,MO,Midwest,2.0,40.078096,-93.617353,1.0,2.0,2.0,7.0,1198.0,4950.0,10528.0,0.3358,,,,0.0,3.0,-1.3602916877587286,-0.8158059730541367
002571,North Country Community Coll,North Country Community College,NY,Northeast,2.0,44.318645,-74.119981,1.0,2.0,2.0,8.0,762.0,6562.0,11690.0,0.2799,,,,0.0,3.0,-1.0840558930112063,-0.7705585446001747
006245,North Central Texas College,North Central Texas College,TX,South,2.0,33.6188,-97.1658,1.0,2.0,2.0,6.0,5703.0,2520.0,6714.0,0.2001,,,,0.0,3.0,-1.8309292705319693,0.37320527361595346
001575,North Central Technical Coll,North Central State College,OH,Midwest,1.0,40.798777,-82.581582,1.0,2.0,1.0,9.0,1187.0,4624.0,4304.0,0.2394,,,0.3418,0.0,3.0,-1.745797333767475,-0.9764603112766358
000051,North Central Bible College,North Central University,MN,Midwest,4.0,44.968625,-93.261511,2.0,3.0,1.0,22.0,802.0,29460.0,23574.0,0.4251,0.9082,,0.6359,1.0,2.0,1.4047755289866302,-0.6010180651975396
005496,North Carolina State University,North Carolina State University at Raleigh,NC,South,4.0,35.785111,-78.674517,1.0,3.0,1.0,15.0,26389.0,8895.0,16931.0,0.191,0.3985,1380.0,0.8464,0.0,0.0,-1.0877870269019325,2.157677044857848
005495,North Carolina Central University,North Carolina Central University,NC,South,4.0,35.974237,-78.898602,1.0,3.0,1.0,18.0,5400.0,6542.0,15028.0,0.5664,0.9049,1023.0,0.4597,0.0,0.0,-1.3011890271415494,0.012259570596322746
006476,North Dakota St Coll Science,North Dakota State College of Science,ND,Midwest,2.0,46.272158,-96.607379,1.0,2.0,2.0,7.0,1733.0,5928.0,10802.0,0.1666,,,,0.0,3.0,-1.2439459151257215,-0.02815684471524757
006474,North Dakota State Univ,North Dakota State University-Main Campus,ND,Midwest,4.0,46.893127,-96.800838,1.0,3.0,1.0,15.0,9567.0,10857.0,16334.0,0.1872,0.9581,1120.0,0.6372,0.0,0.0,-0.8444393600136222,1.664970500481929
005503,North Florida Junior College,North Florida College,FL,South,1.0,30.473841,-83.420732,1.0,2.0,1.0,14.0,817.0,3054.0,1799.0,0.3878,,,0.6348,0.0,3.0,-2.0381280346391146,-1.717740163094899
005498,North Greenville College,North Greenville University,SC,South,1.0,35.069758,-82.37026,2.0,3.0,1.0,20.0,1719.0,24650.0,20612.0,0.3197,0.6278,1176.0,0.5491,1.0,5.0,0.6525830697762367,-1.1387625954661476
006498,North Hennepin Community Coll,North Hennepin Community College,MN,Midwest,3.0,45.106937,-93.374536,1.0,2.0,2.0,3.0,3299.0,5050.0,9804.0,0.2913,,,,0.0,0.0,-1.4003874887534344,0.2387219441974884
006400,North Iowa Area Community College,North Iowa Area Community College,IA,Midwest,1.0,43.157169,-93.13126,1.0,2.0,2.0,5.0,1271.0,6436.0,8849.0,0.2356,,,,0.0,3.0,-1.4565215564605953,-0.8552429594526472
006486,North Oklahoma College,Northern Oklahoma College,OK,South,1.0,36.678649,-97.295887,1.0,2.0,2.0,5.0,1865.0,5061.0,8201.0,0.2993,,,,0.0,3.0,-1.696505584955703,-0.898333552474478
003651,North Shore Community College,North Shore Community College,MA,Northeast,3.0,42.590103,-70.968044,1.0,2.0,2.0,4.0,3693.0,5352.0,7321.0,0.332,,,,0.0,0.0,-1.5198921412085529,0.16406624835556066
002573,Northampton County Cmty Coll,Northampton County Area Community College,PA,Northeast,3.0,40.67253,-75.32351,1.0,2.0,2.0,4.0,7506.0,5310.0,10666.0,0.3843,,,,0.0,0.0,-1.4929208288356046,0.37567450178254863
006473,Northeast Cmty College Norflk,Northeast Community College,NE,Midwest,2.0,42.048647,-97.396578,1.0,2.0,2.0,8.0,2464.0,3840.0,8812.0,0.1659,,,,0.0,3.0,-1.4669590589535775,0.10718095480942398
006751,Northeast Iowa Community Coll,Northeast Iowa Community College,IA,Midwest,1.0,43.17523,-91.867105,1.0,2.0,2.0,9.0,1736.0,6600.0,10059.0,0.2267,,,,0.0,3.0,-1.4286180478112493,-0.6524663357354966
007591,Northeast Lakeview College,Northeast Lakeview College,TX,South,3.0,29.545802,-98.323246,1.0,2.0,2.0,2.0,5689.0,3412.0,4582.0,0.1825,,,,0.0,0.0,-1.7852894500575345,0.817908558704084
001557,Northeast Mississippi Cmty Clg,Northeast Mississippi Community College,MS,South,2.0,34.668339,-88.562609,1.0,2.0,2.0,4.0,2640.0,4770.0,9307.0,0.5777,,,,0.0,3.0,-1.79483515445441,-1.2859020536481276
000453,Northeast State Community Coll,Northeast State Community College,TN,South,1.0,36.484961,-82.408885,1.0,2.0,2.0,4.0,4214.0,4542.0,5959.0,0.3758,,,,0.0,3.0,-2.017084693374117,-0.7997269101108461
006531,Northeast Texas Cmty College,Northeast Texas Community College,TX,South,1.0,33.104931,-94.881855,1.0,2.0,2.0,5.0,2126.0,2794.0,8590.0,0.4936,,,,0.0,3.0,-1.9130747274745818,-1.5267626975914974
001090,Northeastern Illinois University,Northeastern Illinois University,IL,Midwest,4.0,41.980399,-87.718983,1.0,3.0,1.0,18.0,3869.0,12383.0,13550.0,0.5377,0.704,,0.1679,0.0,0.0,-1.0753148844634635,-0.044098435386905215
006484,Northeastern Oklahoma Ag & Mech,Northeastern Oklahoma A&M College,OK,South,2.0,36.877255,-94.867248,1.0,2.0,2.0,4.0,1583.0,4943.0,11121.0,0.5172,,,,0.0,3.0,-1.5669535822296004,-1.2990968082699745
006485,Northeastern Oklahoma State University,Northeastern State University,OK,South,2.0,35.919939,-94.967229,1.0,3.0,1.0,18.0,4636.0,7513.0,11800.0,0.4243,0.9921,1050.0,0.372,0.0,3.0,-1.5493525988200636,-0.41636518456299354
003667,Northeastern University,Northeastern University,MA,Northeast,4.0,42.339992,-71.088782,2.0,3.0,1.0,15.0,15719.0,63141.0,32116.0,0.1234,0.0565,1505.0,0.9038,1.0,4.0,2.6928309425572725,2.3058875293724164
004006,Northern Arizona University,Northern Arizona University,AZ,West,4.0,35.188449,-111.653724,1.0,3.0,1.0,16.0,23041.0,12652.0,14922.0,0.2983,0.9095,,0.5686,0.0,0.0,-1.1295536649959037,1.7876857432081938
003674,Northern Essex Community College,Northern Essex Community College,MA,Northeast,3.0,42.796634,-71.04904,1.0,2.0,2.0,4.0,3350.0,5688.0,3971.0,0.3314,,,,0.0,0.0,-1.6730369184867036,0.07409250778838518
001559,Northern Illinois U,Northern Illinois University,IL,Midwest,3.0,41.933869,-88.766428,1.0,3.0,1.0,16.0,11277.0,12700.0,12909.0,0.4555,0.7045,,0.4965,0.0,0.0,-1.322084966782779,0.3585724141449743
001574,Northern Kentucky University,Northern Kentucky University,KY,South,3.0,39.029714,-84.463483,1.0,3.0,1.0,17.0,8065.0,10896.0,7168.0,0.2355,0.9603,1114.0,0.4828,0.0,0.0,-1.517616270909021,0.8867755243255222
000781,Northern Marianas College,Northern Marianas College,MP,Other/Territory,2.0,15.152247,145.721733,1.0,2.0,1.0,23.0,1236.0,4038.0,2795.0,0.7371,,,0.4216,0.0,1.0,-2.1304279922455462,-2.3087285538639777
001560,Northern Michigan University,Northern Michigan University,MI,Midwest,2.0,46.559751,-87.406568,1.0,3.0,1.0,19.0,6425.0,13304.0,17485.0,0.2739,0.6995,,0.5084,0.0,3.0,-0.9518207242502514,0.37948561668411657
000425,Northern New Mexico Community College,Northern New Mexico College,NM,West,2.0,36.004073,-106.084395,1.0,3.0,1.0,23.0,859.0,6400.0,5216.0,0.3553,,,0.3259,0.0,3.0,-1.6054325279796595,-1.024209082995879
006487,Northern State University,Northern State University,SD,Midwest,2.0,45.450829,-98.484728,1.0,3.0,1.0,20.0,1239.0,8845.0,17094.0,0.1196,0.9279,1090.0,0.5224,0.0,3.0,-0.7323927570821565,0.07705367078161438
005517,Northern Virginia Cmty College,Northern Virginia Community College,VA,South,3.0,38.833361,-77.236718,1.0,2.0,2.0,2.0,31737.0,5703.0,8554.0,0.1986,,,,0.0,0.0,-1.7840604147461825,1.6786390540168747
005515,Northern Virginia Cmty College,Northern Virginia Community College,VA,South,3.0,38.833361,-77.236718,1.0,2.0,2.0,2.0,31737.0,5703.0,8554.0,0.1986,,,,0.0,0.0,-1.7840604147461825,1.6786390540168747
005775,Northern Virginia Comm Colg,Northern Virginia Community College,VA,South,3.0,38.833361,-77.236718,1.0,2.0,2.0,2.0,31737.0,5703.0,8554.0,0.1986,,,,0.0,0.0,-1.7840604147461825,1.6786390540168747
005774,Northern Virginia Comm Coll,Northern Virginia Community College,VA,South,3.0,38.833361,-77.236718,1.0,2.0,2.0,2.0,31737.0,5703.0,8554.0,0.1986,,,,0.0,0.0,-1.7840604147461825,1.6786390540168747
006500,Northland Cmty & Tech College,Northland Community and Technical College,MN,Midwest,2.0,48.124969,-96.162366,1.0,2.0,2.0,8.0,1382.0,6262.0,13168.0,0.2184,,,,0.0,3.0,-1.112180479272591,-0.28738907622487464
001561,Northland College,Northland College,WI,Midwest,2.0,46.579087,-90.87476,2.0,3.0,1.0,22.0,457.0,42491.0,23285.0,0.3108,0.7181,1153.0,0.4332,1.0,5.0,1.717541622259358,-1.2120646591387274
003493,Northrn Essex Cmty Coll Radtec,Northern Essex Community College,MA,Northeast,3.0,42.796634,-71.04904,1.0,2.0,2.0,4.0,3350.0,5688.0,3971.0,0.3314,,,,0.0,0.0,-1.6730369184867036,0.07409250778838518
007101,Northwest Arkansas Comm Coll,NorthWest Arkansas Community College,AR,South,4.0,36.357704,-94.17289,1.0,2.0,2.0,2.0,5087.0,2982.0,5719.0,0.1974,,,,0.0,0.0,-1.6127160258222446,1.130851433965323
004542,Northwest College,Northwest College,WY,West,2.0,44.760656,-108.761853,1.0,2.0,1.0,5.0,826.0,4935.0,7394.0,0.1848,,,0.4375,0.0,3.0,-1.3962993840530658,-0.4226656838743403
002432,Northwest College Art Design,Northwest College of Art & Design,WA,West,4.0,47.25249,-122.43885,3.0,3.0,1.0,30.0,151.0,18100.0,20185.0,0.521,0.7647,,0.3636,1.0,1.0,1.026520199788125,-1.790739420856858
005973,Northwest Indian College,Northwest Indian College,WA,West,3.0,48.794131,-122.614656,1.0,2.0,1.0,33.0,677.0,3969.0,7625.0,0.4946,,,0.2692,0.0,3.0,-1.5007846988962177,-1.2065368175697204
001359,Northwest Iowa Community College,Northwest Iowa Community College,IA,Midwest,2.0,43.184701,-95.880639,1.0,2.0,2.0,9.0,856.0,7110.0,12357.0,0.1464,,,,0.0,3.0,-1.0004356206677636,-0.2758581453856285
001562,Northwest Mississippi Cmty Clg,Northwest Mississippi Community College,MS,South,2.0,34.625532,-89.969525,1.0,2.0,2.0,4.0,5181.0,3660.0,7665.0,0.3256,,,,0.0,3.0,-1.8272708605556902,-0.09557225538522102
006488,Northwest Missouri State University,Northwest Missouri State University,MO,Midwest,2.0,40.351692,-94.883339,1.0,3.0,1.0,18.0,4550.0,10181.0,14824.0,0.2732,0.8591,1090.0,0.575,0.0,3.0,-1.1333891263810687,0.15518598798078617
004544,Northwest Nazarene University,Northwest Nazarene University,ID,West,3.0,43.562411,-116.565783,2.0,3.0,1.0,18.0,1138.0,39370.0,25537.0,0.2947,0.6295,1184.0,0.5993,1.0,2.0,1.6919022131466452,-0.19890958523979052
003116,Northwest Sch Wooden Boatbldg,Northwest School of Wooden Boat Building,WA,West,1.0,48.03413,-122.752588,2.0,2.0,2.0,11.0,43.0,20025.0,25795.0,0.3065,,,,1.0,5.0,1.384470910076739,-2.7808108756142764
001235,Northwest State Community Coll,Northwest State Community College,OH,Midwest,1.0,41.450596,-84.297855,1.0,2.0,2.0,9.0,1037.0,4578.0,13696.0,0.1122,,,,0.0,3.0,-1.1272922236835992,-0.4662440155436825
003626,Northwest Tec C,Northwest Technical College,MN,Midwest,2.0,47.452652,-94.853974,1.0,2.0,2.0,9.0,654.0,6246.0,12941.0,0.3301,,,,0.0,3.0,-1.0942436651858476,-1.052593516178327
006517,Northwest Vista College,Northwest Vista College,TX,South,4.0,29.471308,-98.70513,1.0,2.0,2.0,2.0,13872.0,3412.0,4546.0,0.2127,,,,0.0,0.0,-1.8300926577843177,1.5585194808475886
000816,Northwestern College,University of Northwestern Ohio,OH,Midwest,3.0,40.762917,-84.157004,2.0,2.0,1.0,23.0,2572.0,12930.0,20609.0,0.3207,,,0.5415,1.0,2.0,0.5308376715378078,-0.2126210614592072
006490,Northwestern College,Northwestern College,IA,Midwest,2.0,42.999007,-96.058772,2.0,3.0,1.0,19.0,1125.0,35300.0,23519.0,0.2274,0.8701,,0.6357,1.0,5.0,1.4384259123321335,-0.5171611048970295
002433,Northwestern College,Northwestern College,IL,Midwest,3.0,41.721406,-87.742567,3.0,2.0,1.0,26.0,464.0,18475.0,24929.0,0.749,,,0.3373,1.0,1.0,0.86533931898241,-2.469653871585209
003652,Northwestern Ct Cmty College,Connecticut State Community College,CT,Northeast,2.0,41.920668,-73.058734,1.0,2.0,2.0,4.0,32292.0,5092.0,8865.0,0.4371,,,,0.0,0.0,-1.9817095468856971,0.4759007444592677
001564,Northwestern Michigan College,Northwestern Michigan College,MI,Midwest,4.0,44.765436,-85.585517,1.0,2.0,1.0,14.0,2668.0,5350.0,5243.0,0.285,,,0.2489,0.0,0.0,-1.4782305693195874,0.5029228157214213
006493,Northwestern Oklahoma State University,Northwestern Oklahoma State University,OK,South,2.0,36.796658,-98.667673,1.0,3.0,1.0,20.0,1468.0,5970.0,11366.0,0.4068,0.6643,1015.0,0.3542,0.0,3.0,-1.4267015395936986,-0.9377573436073059
006492,Northwestern State University,Northwestern State University of Louisiana,LA,South,2.0,31.750666,-93.097797,1.0,3.0,1.0,18.0,5840.0,8864.0,13809.0,0.3488,0.9374,1090.0,0.4463,0.0,3.0,-1.379572830238409,-0.00042758511641821737
001565,Northwestern University,Northwestern University,IL,Midwest,4.0,42.050356,-87.679858,2.0,3.0,1.0,15.0,8960.0,65997.0,27143.0,0.187,0.0715,1526.0,0.9589,1.0,4.0,2.4989132830222167,1.709124134314273
006456,Northwestern University - School Professional Studies,Northwestern University,IL,Midwest,4.0,42.050356,-87.679858,2.0,3.0,1.0,15.0,8960.0,65997.0,27143.0,0.187,0.0715,1526.0,0.9589,1.0,4.0,2.4989132830222167,1.709124134314273
001568,Northwood University,Northwood University,MI,Midwest,4.0,43.628717,-84.27682,2.0,3.0,1.0,29.0,1900.0,33000.0,26429.0,0.2469,0.839,,0.6107,1.0,2.0,1.666046852450205,0.51334885413044
006516,Northwstrn Health Sci Univ,Northwestern Health Sciences University,MN,Midwest,4.0,44.850963,-93.311222,2.0,2.0,1.0,26.0,251.0,12015.0,29794.0,0.1917,,,1.0,1.0,2.0,1.5726136220840812,-0.3766457596210606
003677,Norwalk Community College,Connecticut State Community College,CT,Northeast,3.0,41.102574,-73.450965,1.0,2.0,2.0,5.0,32292.0,5092.0,8865.0,0.4371,,,,0.0,0.0,-1.8628922428961103,0.8835489172404568
003675,Norwalk State Technical Coll,Connecticut State Community College,CT,Northeast,3.0,41.102574,-73.450965,1.0,2.0,2.0,5.0,32292.0,5092.0,8865.0,0.4371,,,,0.0,0.0,-1.8628922428961103,0.8835489172404568
003669,Norwich University,Norwich University,VT,Northeast,1.0,44.140237,-72.659783,2.0,3.0,1.0,18.0,2490.0,49600.0,25600.0,0.2445,0.7361,1190.0,0.6103,1.0,5.0,1.7758565529959849,-0.4282985624343083
003118,Nossi College of Art,Nossi College of Art and Design,TN,South,4.0,36.24323,-86.738561,3.0,3.0,1.0,30.0,278.0,20350.0,23591.0,0.5772,0.4327,,0.3548,1.0,1.0,1.1243786119311667,-1.7060760999851983
001566,Notre Dame College of Ohio,Notre Dame College,OH,Midwest,3.0,41.506894,-81.516617,2.0,3.0,1.0,22.0,1049.0,32606.0,20477.0,0.389,0.8035,,0.3663,1.0,2.0,1.2009943246361965,-0.7718867007856808
001038,Nova Southeastern U Hlth Sci,Nova Southeastern University,FL,South,3.0,26.082288,-80.249891,2.0,3.0,1.0,16.0,7171.0,37080.0,31303.0,0.3685,0.7267,1182.0,0.6434,1.0,4.0,1.5744335374033258,0.4356657059908735
005514,Nova Southeastern University,Nova Southeastern University,FL,South,3.0,26.082288,-80.249891,2.0,3.0,1.0,16.0,7171.0,37080.0,31303.0,0.3685,0.7267,1182.0,0.6434,1.0,4.0,1.5744335374033258,0.4356657059908735
007247,Oak Hills Bible College,Oak Hills Christian College,MN,Midwest,1.0,47.425836,-94.901503,2.0,2.0,1.0,22.0,98.0,18910.0,24674.0,0.451,,,0.3077,1.0,5.0,1.0961005045335321,-3.000005180081465
001585,Oakland City University,Oakland City University,IN,Midwest,1.0,38.340891,-87.35144,2.0,3.0,1.0,17.0,470.0,27150.0,12820.0,0.3185,0.6821,,0.7,1.0,5.0,0.5696144198590525,-1.8747795226969242
001607,Oakland Community Col Bloomfld,Oakland Community College,MI,Midwest,3.0,42.646226,-83.224283,1.0,2.0,2.0,2.0,11772.0,3020.0,4568.0,0.2741,,,,0.0,0.0,-1.9253248843062751,0.8418259106021587
001497,Oakland University,Oakland University,MI,Midwest,3.0,42.674573,-83.216418,1.0,3.0,1.0,16.0,12450.0,14694.0,13584.0,0.2983,0.7024,1110.0,0.5694,0.0,0.0,-1.1210843113211078,0.9827443838638706
001586,Oakwood University,Oakwood University,AL,South,4.0,34.756344,-86.652705,2.0,3.0,1.0,21.0,1253.0,21838.0,23384.0,0.4735,0.5051,,0.4891,1.0,2.0,1.003852810515254,-0.5928478853902212
002630,Ocean County College,Ocean County College,NJ,Northeast,3.0,40.007809,-74.16549,1.0,2.0,2.0,3.0,5566.0,4690.0,10576.0,0.2652,,,,0.0,0.0,-1.3785283390207415,0.6422063285521858
004581,Occidental College,Occidental College,CA,West,4.0,34.127124,-118.210908,2.0,3.0,1.0,21.0,1844.0,63446.0,39329.0,0.1595,0.3989,1461.0,0.8511,1.0,4.0,3.2978993127177847,1.2658443253958795
001587,Oberlin Colg And Conservatory,Oberlin College,OH,Midwest,2.0,41.291992,-82.216795,2.0,3.0,1.0,21.0,2950.0,64646.0,39184.0,0.0884,0.3298,1440.0,0.7948,1.0,4.0,3.1118018631957014,0.850072380683733
006540,Odessa College,Odessa College,TX,South,4.0,31.866812,-102.383477,1.0,2.0,1.0,6.0,4176.0,2640.0,9296.0,0.2553,,,0.2794,0.0,0.0,-1.4457497631240477,0.8767752977473682
005521,Oglethorpe University,Oglethorpe University,GA,South,3.0,33.875441,-84.333687,2.0,3.0,1.0,21.0,1429.0,45806.0,21735.0,0.3374,0.6006,1230.0,0.5392,1.0,2.0,1.5999407160626187,-0.3267660976937593
001591,Ohio Northern University,Ohio Northern University,OH,Midwest,2.0,40.7662,-83.827441,2.0,3.0,1.0,22.0,2386.0,37800.0,25727.0,0.1896,0.7335,1290.0,0.7418,1.0,5.0,1.5434735384620897,0.032970549241003316
001009,Ohio State Univ Agri Tech Inst,Ohio State University Agricultural Technical Institute,OH,Midwest,2.0,40.775194,-81.922936,1.0,2.0,2.0,4.0,431.0,9310.0,17769.0,0.2578,,,,0.0,3.0,-0.624460429235185,-0.9174660238509819
001541,Ohio State University: Lima,Ohio State University-Lima Campus,OH,Midwest,1.0,40.738521,-84.02384,1.0,3.0,1.0,22.0,656.0,9212.0,12458.0,0.3117,,,0.181,0.0,3.0,-1.1362362245478088,-1.381741903811741
000744,Ohio State University: Mansfield,Ohio State University-Mansfield Campus,OH,Midwest,1.0,40.796536,-82.580194,1.0,2.0,1.0,23.0,726.0,9212.0,16512.0,0.3132,,,0.1406,0.0,3.0,-0.9367098719699054,-1.2812309150613261
000752,Ohio State University: Marion,Ohio State University-Marion Campus,OH,Midwest,2.0,40.577779,-83.090597,1.0,2.0,1.0,23.0,842.0,9212.0,11800.0,0.2578,,,0.2566,0.0,3.0,-1.0499686568689381,-0.670417808726326
001593,Ohio University,Ohio University-Main Campus,OH,Midwest,2.0,39.326798,-82.100985,1.0,3.0,1.0,15.0,18456.0,13746.0,20413.0,0.2037,0.8476,1212.0,0.6644,0.0,0.0,-0.8924454518878986,1.1903551037421858
000775,Ohio University Chillicothe,Ohio University-Chillicothe Campus,OH,Midwest,2.0,39.329404,-83.002175,1.0,2.0,1.0,6.0,777.0,6178.0,6483.0,0.1618,,,0.1213,0.0,3.0,-1.3387396640926057,-0.4646213700054331
000828,Ohio University Eastern Campus,Ohio University-Eastern Campus,OH,Midwest,1.0,40.073392,-80.976073,1.0,3.0,1.0,3.0,305.0,6178.0,4503.0,0.0919,,,0.2,0.0,3.0,-1.3646023471380642,-1.1139284330168495
000826,Ohio University Lancaster,Ohio University-Lancaster Campus,OH,Midwest,1.0,39.738752,-82.586069,1.0,3.0,1.0,6.0,657.0,6178.0,6133.0,0.0948,,,0.1371,0.0,3.0,-1.398827806575852,-0.7239039843070545
000846,Ohio University Zanesville,Ohio University-Zanesville Campus,OH,Midwest,2.0,39.96098,-82.031063,1.0,3.0,1.0,6.0,526.0,6178.0,5971.0,0.1045,,,0.177,0.0,3.0,-1.2615852132628753,-0.4621766104761922
005852,Ohio Valley Business College,East Ohio College,OH,Midwest,2.0,40.6796,-80.572063,3.0,2.0,2.0,10.0,149.0,14370.0,17180.0,0.7584,,,,1.0,1.0,0.37838457836335615,-3.6015157886887255
001594,Ohio Wesleyan University,Ohio Wesleyan University,OH,Midwest,3.0,40.295963,-83.069757,2.0,3.0,1.0,21.0,1450.0,52357.0,21619.0,0.2461,0.5067,1311.0,0.6174,1.0,2.0,1.9137367963519711,0.0321816426211373
004579,Ohlone College,Ohlone College,CA,West,4.0,37.529931,-121.911795,1.0,2.0,2.0,8.0,6958.0,1202.0,14130.0,0.1127,,,,0.0,0.0,-1.186885837917233,1.7664524147464018
006541,Oklahoma Baptist University,Oklahoma Baptist University,OK,South,2.0,35.360492,-96.932459,2.0,3.0,1.0,20.0,1292.0,34050.0,23880.0,0.3068,0.5568,1173.0,0.4973,1.0,5.0,1.2820891476426952,-0.721673603322578
006086,Oklahoma Christian University,Oklahoma Christian University,OK,South,4.0,35.611412,-97.469526,2.0,3.0,1.0,19.0,1897.0,25900.0,21423.0,0.3015,0.9707,1117.0,0.5517,1.0,2.0,1.0884728190355824,0.21596502948017762
000270,Oklahoma City Community College,Oklahoma City Community College,OK,South,4.0,35.387699,-97.570109,1.0,2.0,2.0,1.0,9578.0,4059.0,5135.0,0.2783,,,,0.0,0.0,-1.7719651567342487,1.15707682521333
006543,Oklahoma City University,Oklahoma City University,OK,South,4.0,35.495271,-97.541242,2.0,3.0,1.0,17.0,1433.0,33586.0,21556.0,0.2256,0.7039,1150.0,0.6419,1.0,2.0,1.4279125593847752,0.39556588463563774
006571,Oklahoma Panhandle State University,Oklahoma Panhandle State University,OK,South,1.0,36.594518,-101.638488,1.0,3.0,1.0,22.0,997.0,7922.0,7557.0,0.4356,,,0.2613,0.0,3.0,-1.6522857254408447,-1.6775747110266002
006546,Oklahoma State University,Oklahoma State University-Main Campus,OK,South,2.0,36.123085,-97.069743,1.0,3.0,1.0,15.0,20814.0,10234.0,16378.0,0.2604,0.7093,1145.0,0.6589,0.0,0.0,-1.3310966981663748,0.9818939836756501
001436,Oklahoma State University Oklahoma City,Oklahoma State University-Oklahoma City,OK,South,4.0,35.474969,-97.581959,1.0,2.0,1.0,14.0,3424.0,3779.0,5877.0,0.3009,,,0.1321,0.0,0.0,-1.598206148671481,0.5784763333622664
003382,Oklahoma State University Okmulgee,Oklahoma State University Institute of Technology,OK,South,2.0,35.626934,-95.940373,1.0,2.0,1.0,23.0,2131.0,5774.0,11588.0,0.4005,,,0.4215,0.0,3.0,-1.473801755083561,-0.729976847783011
005126,Old Dominion University,Old Dominion University,VA,South,4.0,36.886418,-76.30666,1.0,3.0,1.0,15.0,17521.0,12262.0,14170.0,0.3694,0.9052,1190.0,0.4435,0.0,0.0,-1.2072993533772796,1.3110188689025353
002824,Olin College of Engineering,Franklin W Olin College of Engineering,MA,Northeast,3.0,42.293527,-71.263378,2.0,3.0,1.0,28.0,373.0,64458.0,20575.0,0.1347,0.2166,1540.0,0.9222,1.0,4.0,2.5699061452367453,-0.1367783105028612
001596,Olivet Nazarene University,Olivet Nazarene University,IL,Midwest,3.0,41.155237,-87.875165,2.0,3.0,1.0,18.0,2485.0,37940.0,21539.0,0.3533,0.669,1103.0,0.6027,1.0,2.0,1.3110894238844737,-0.1723593286296035
004583,Olympic College,Olympic College,WA,West,4.0,47.574769,-122.635113,1.0,2.0,1.0,14.0,3263.0,4197.0,7755.0,0.1645,,,0.3403,0.0,0.0,-1.3593862501414742,1.1418017170294987
002627,Onondaga Community College,Onondaga Community College,NY,Northeast,3.0,43.006329,-76.197878,1.0,2.0,2.0,2.0,4349.0,6042.0,7178.0,0.257,,,,0.0,0.0,-1.4747322783283003,0.5111559059190489
006552,Oral Roberts University,Oral Roberts University,OK,South,4.0,36.049129,-95.952547,2.0,3.0,1.0,19.0,3322.0,34100.0,23600.0,0.3353,0.986,1183.0,0.5495,1.0,2.0,1.337693785479748,0.4555158767088858
002625,Orange County Community Coll,Orange County Community College,NY,Northeast,3.0,41.438629,-74.426028,1.0,2.0,2.0,1.0,3822.0,6382.0,7442.0,0.2724,,,,0.0,0.0,-1.4421726722269694,0.3990239929190554
004900,Oregon Health And Science Univ,Oregon Health & Science University,OR,West,4.0,45.498772,-122.686096,1.0,3.0,1.0,27.0,788.0,,,0.2806,,,,,,,
004587,Oregon Institute of Technology,Oregon Institute of Technology,OR,West,2.0,42.257152,-121.785177,1.0,3.0,1.0,22.0,2913.0,12687.0,16391.0,0.1922,0.9167,1165.0,0.5908,0.0,3.0,-0.8849273125743767,0.3460074872539189
004586,Oregon State University,Oregon State University,OR,West,4.0,44.56395,-123.274723,1.0,3.0,1.0,15.0,29557.0,13494.0,19568.0,0.2236,0.7885,,0.7063,0.0,0.0,-0.8377148068594792,2.2428674890636384
006547,Ottawa University,Ottawa University-Ottawa,KS,Midwest,2.0,38.603173,-95.264187,2.0,3.0,1.0,22.0,935.0,35300.0,28083.0,0.3529,0.8003,1011.0,0.2872,1.0,5.0,1.6145686168391138,-0.9872676671672124
006549,Ouachita Baptist University,Ouachita Baptist University,AR,South,2.0,34.126093,-93.052471,2.0,3.0,1.0,21.0,1612.0,32480.0,22355.0,0.226,0.6852,1212.0,0.703,1.0,5.0,1.1811609207698905,-0.35913172813503214
006550,Our Lady of Lake Univ San Antonio,Our Lady of the Lake University,TX,South,4.0,29.426194,-98.54365,2.0,3.0,1.0,17.0,1115.0,31728.0,17760.0,0.5749,,,0.4243,1.0,1.0,0.9406845199207431,-1.0218255338109024
001643,Owens Community College: Toledo,Owens Community College,OH,Midwest,3.0,41.587998,-83.538634,1.0,2.0,2.0,6.0,4184.0,5750.0,10202.0,0.2241,,,,0.0,0.0,-1.3435497866598598,0.6024419947630819
005186,Oxford College Emory Universit,Emory University-Oxford College,GA,South,3.0,33.6191,-83.871141,2.0,2.0,2.0,1.0,973.0,60774.0,30622.0,0.1574,0.1725,1513.0,,1.0,4.0,2.721077981228336,0.3350298119336308
006542,Ozark Christian College,Ozark Christian College,MO,Midwest,4.0,37.103172,-94.510622,2.0,3.0,1.0,24.0,612.0,15550.0,17931.0,0.3849,0.9819,,0.6792,1.0,2.0,0.7590539042795849,-0.7589847693388394
002583,Ozarks Tech Community College,Ozarks Technical Community College,MO,Midwest,4.0,37.216479,-93.279985,1.0,2.0,1.0,7.0,8194.0,4184.0,7340.0,0.3711,,,0.319,0.0,0.0,-1.6416687854613377,0.7748468656014008
002635,Pace University,Pace University,NY,Northeast,4.0,40.711014,-74.004719,2.0,3.0,1.0,17.0,7725.0,51424.0,31046.0,0.2707,0.7714,1232.0,0.6141,1.0,4.0,2.281704440727113,1.3475566670715309
004597,Pacific Lutheran University,Pacific Lutheran University,WA,West,3.0,47.14516,-122.440421,2.0,3.0,1.0,19.0,2350.0,50964.0,21370.0,0.3277,0.8053,1152.0,0.7099,1.0,2.0,1.67929787137291,0.05891556703507976
004504,Pacific Northwest College of Art,Pacific Northwest College of Art,OR,West,4.0,45.526766,-122.678182,2.0,3.0,1.0,-2.0,412.0,47126.0,40846.0,0.4415,0.6854,,0.4568,1.0,2.0,2.905766020301439,-0.5483699992386154
000482,Pacific Oaks College,Pacific Oaks College,CA,West,4.0,34.153382,-118.151323,2.0,3.0,1.0,19.0,346.0,33360.0,,0.5503,0.1,,,,,,
004600,Pacific Union C,Pacific Union College,CA,West,1.0,38.570585,-122.440308,2.0,3.0,1.0,22.0,910.0,35214.0,20979.0,0.3337,0.4248,1093.0,0.5147,1.0,5.0,1.0910944241805345,-1.3509328195991244
005530,Paine College,Paine College,GA,South,4.0,33.469545,-81.993225,2.0,3.0,1.0,21.0,338.0,14596.0,15074.0,0.7129,0.8336,,0.2169,1.0,1.0,0.36277894355006407,-2.241563721377454
005553,Palm Beach Atlantic College,Palm Beach Atlantic University,FL,South,4.0,26.7044,-80.05247,2.0,3.0,1.0,17.0,2427.0,37990.0,32751.0,0.251,0.8832,1101.0,0.5895,1.0,4.0,2.056311514112136,0.7482137432911777
005531,Palm Beach State College,Palm Beach State College,FL,South,3.0,26.61256,-80.08653,1.0,2.0,1.0,14.0,20532.0,3050.0,9832.0,0.3811,,,0.4122,0.0,0.0,-1.8676569660344904,0.822054611764456
009037,Palau Community College,Palau Community College,PW,Other/Territory,,7.343177,134.473744,1.0,2.0,2.0,1.0,386.0,3730.0,2810.0,0.7203,,,,,,,
007329,Palau Community C,Palau Community College,PW,Other/Territory,,7.343177,134.473744,1.0,2.0,2.0,1.0,386.0,3730.0,2810.0,0.7203,,,,,,,
004601,Pacific University,Pacific University,OR,West,3.0,45.521394,-123.108777,2.0,3.0,1.0,17.0,1556.0,54466.0,35350.0,0.2672,0.9176,1123.0,0.6478,1.0,4.0,2.641091978585342,0.2833793279580723
003547,Pacific States Univ,Pacific States University,CA,West,4.0,34.061315,-118.298408,2.0,4.0,1.0,29.0,17.0,9810.0,,,,,1.0,,,,
004591,Oxnard College,Oxnard College,CA,West,4.0,34.166104,-119.157604,1.0,2.0,2.0,1.0,6059.0,1416.0,659.0,0.3547,,,,0.0,0.0,-2.0636378163137503,0.6621622170202154
001597,Otterbein College,Otterbein University,OH,Midwest,3.0,40.125327,-82.936444,2.0,3.0,1.0,19.0,2055.0,34899.0,22140.0,0.2908,0.833,1220.0,0.6895,1.0,2.0,1.32939173540932,-0.0571399763097791
004394,Otis College of Art and Design,Otis College of Art and Design,CA,West,4.0,33.956607,-118.416615,2.0,3.0,1.0,30.0,1242.0,55513.0,45864.0,0.3068,0.8398,,0.6059,1.0,4.0,3.3572358364610633,0.5919639150751828
003730,Palo Alto College,Palo Alto College,TX,South,4.0,29.322955,-98.543468,1.0,2.0,2.0,3.0,7723.0,3412.0,4374.0,0.2527,,,,0.0,0.0,-1.7789104362600496,1.1263852186231198
004603,Palo Verde College,Palo Verde College,CA,West,1.0,33.661538,-114.651698,1.0,2.0,2.0,2.0,2909.0,1288.0,10543.0,0.0639,,,,0.0,3.0,-1.559290783414952,0.23621657969709547
006572,Panola Junior College,Panola College,TX,South,2.0,32.156214,-94.356355,1.0,2.0,2.0,5.0,1378.0,2280.0,7429.0,0.3198,,,,0.0,3.0,-1.671028829452021,-0.740413885879013
002179,Paradise Valley Community College,Paradise Valley Community College,AZ,West,4.0,33.652135,-112.009865,1.0,2.0,1.0,2.0,4076.0,2358.0,13478.0,0.1874,,,0.1977,0.0,0.0,-1.1611739049918708,1.2380517113866418
006574,Park University,Park University,MO,Midwest,3.0,39.189256,-94.679041,2.0,3.0,1.0,18.0,5250.0,16400.0,15529.0,0.3863,,,0.2996,1.0,2.0,0.20255708741760803,-0.1394302521669675
001621,Parks College St Louis Univ,Saint Louis University,MO,Midwest,4.0,38.636801,-90.2351,2.0,3.0,1.0,16.0,7324.0,53244.0,27075.0,0.1537,0.8147,1326.0,0.7975,1.0,4.0,2.1695862373308787,1.6447670880101417
004604,Pasadena City College,Pasadena City College,CA,West,4.0,34.144552,-118.118196,1.0,2.0,2.0,1.0,20624.0,1180.0,3123.0,0.2995,,,,0.0,0.0,-2.087252592413641,1.4932614882869149
002694,Passaic County Community College,Passaic County Community College,NJ,Northeast,3.0,40.918449,-74.168778,1.0,2.0,2.0,4.0,4546.0,5580.0,7857.0,0.5278,,,,0.0,0.0,-1.666863862454469,-0.4138218410314256
003568,Parks C: Aurora,Community College of Aurora,CO,West,4.0,39.71788,-104.802673,1.0,2.0,2.0,3.0,3346.0,4030.0,7466.0,0.1647,,,,0.0,0.0,-1.3838805031425037,1.1484450976560163
005861,Parker University,Parker University,TX,South,4.0,32.880335,-96.893564,2.0,2.0,1.0,18.0,494.0,17457.0,25491.0,0.4795,,,0.7179,1.0,2.0,1.1248054190584515,-1.0714982467804846
005549,Patrick Henry Community Coll,Patrick & Henry Community College,VA,South,1.0,36.737893,-79.871133,1.0,2.0,2.0,2.0,1411.0,4858.0,3430.0,0.4584,,,,0.0,3.0,-2.035936375276881,-1.6629483109822862
006577,Paul Quinn College,Paul Quinn College,TX,South,4.0,32.678837,-96.755778,2.0,3.0,1.0,22.0,600.0,13498.0,20244.0,0.6976,0.3381,,0.381,1.0,1.0,0.5285519424856027,-1.8409515822757117
002640,Paul Smiths College,Paul Smiths College of Arts and Science,NY,Northeast,1.0,44.433965,-74.252675,2.0,3.0,1.0,22.0,582.0,32049.0,24583.0,0.3668,0.9073,,0.5333,1.0,5.0,1.3270490656347746,-1.7011124668522655
001622,Pearl River Community College,Pearl River Community College,MS,South,1.0,30.844322,-89.543052,1.0,2.0,2.0,4.0,4725.0,3650.0,4881.0,0.4747,,,,0.0,3.0,-2.195009092240374,-1.1119259700401658
002674,Peirce College,Peirce College,PA,Northeast,4.0,39.949623,-75.168105,2.0,3.0,1.0,22.0,789.0,15060.0,12905.0,0.5236,,,0.0526,1.0,1.0,0.3829968132395058,-1.1491601632085708
000319,Pellissippi State Technical CC,Pellissippi State Community College,TN,South,3.0,35.948303,-84.166504,1.0,2.0,2.0,1.0,6391.0,4576.0,5252.0,0.2507,,,,0.0,0.0,-1.7849815806341875,0.6518784091786772
004615,Peninsula College,Peninsula College,WA,West,2.0,48.101295,-123.412865,1.0,2.0,1.0,14.0,1139.0,4586.0,4529.0,0.3076,,,0.4063,0.0,3.0,-1.7037636230190791,-0.7382325180309262
002440,Penn Inst Culin Arts,Vet Tech Institute,PA,Northeast,4.0,40.443884,-80.000229,3.0,2.0,2.0,10.0,199.0,16920.0,17585.0,0.5442,0.7282,,,1.0,1.0,0.8863760802028092,-1.823218190010989
000007,Penn State Abington,Pennsylvania State University-Penn State Abington,PA,Northeast,3.0,40.117101,-75.110724,1.0,3.0,1.0,-2.0,3074.0,15240.0,17851.0,0.3835,0.9203,1179.0,0.2222,0.0,0.0,-0.6721240812674549,0.1002436242812259
000016,Penn State Beaver,Pennsylvania State University-Penn State Beaver,PA,Northeast,3.0,40.678271,-80.296316,1.0,3.0,1.0,-2.0,491.0,14380.0,18767.0,0.3352,0.922,1191.0,0.212,0.0,3.0,-0.32711373925901843,-0.6268520552871544
000014,Penn State Du Bois Campus,Pennsylvania State University-Penn State DuBois,PA,Northeast,2.0,41.127184,-78.751554,1.0,2.0,1.0,-2.0,316.0,14380.0,18192.0,0.2541,0.9252,1130.0,0.2901,0.0,3.0,-0.3461107517753551,-0.9738415572110107
000005,Penn State Erie Behrend College,Pennsylvania State University-Penn State Erie-Behrend College,PA,Northeast,3.0,42.119417,-79.983818,1.0,3.0,1.0,-2.0,3172.0,15944.0,22903.0,0.2666,0.9571,1213.0,0.457,0.0,0.0,-0.2965589634159139,0.6012846200816461
000015,Penn State Fayette,Pennsylvania State University-Penn State Fayette- Eberly,PA,Northeast,1.0,39.946455,-79.659317,1.0,3.0,1.0,-2.0,415.0,14380.0,19450.0,0.3538,0.9166,1160.0,0.3352,0.0,3.0,-0.516465574246097,-1.5810106298612636
000009,Penn State Harrisbrg,Pennsylvania State University-Penn State Harrisburg,PA,Northeast,3.0,40.204253,-76.741216,1.0,3.0,1.0,-2.0,4154.0,15944.0,23661.0,0.2609,0.9639,1218.0,0.2926,0.0,0.0,-0.293639163294916,0.7648360950171341
000018,Penn State Hazleton,Pennsylvania State University-Penn State Hazleton,PA,Northeast,3.0,40.98396,-76.030975,1.0,3.0,1.0,-2.0,508.0,15180.0,20062.0,0.4778,0.9104,1200.0,0.1791,0.0,1.0,-0.34860246930869976,-1.089129753894461
000008,Penn State Mont Alto,Pennsylvania State University-Penn State Mont Alto,PA,Northeast,1.0,39.842212,-77.541797,1.0,3.0,1.0,-2.0,547.0,14380.0,20160.0,0.2612,0.903,1170.0,0.2512,0.0,3.0,-0.4504038273451152,-1.1092847887604054
000006,Penn State Shenango,Pennsylvania State University-Penn State Shenango,PA,Northeast,2.0,41.235131,-80.50924,1.0,3.0,1.0,-2.0,261.0,14002.0,14259.0,0.4057,0.9091,1170.0,0.2295,0.0,3.0,-0.6540215271952907,-1.6580907685670492
000004,Penn State York Campus,Pennsylvania State University-Penn State York,PA,Northeast,3.0,39.95283,-76.703486,1.0,3.0,1.0,-2.0,668.0,15180.0,19005.0,0.2785,0.922,1170.0,0.1143,0.0,3.0,-0.29470651269561926,-0.26725745966052633
003038,Pennsylvania Academy Fine Arts,Pennsylvania Academy of the Fine Arts,PA,Northeast,4.0,39.955692,-75.163456,2.0,3.0,1.0,30.0,99.0,44600.0,45022.0,0.3246,0.875,,0.6757,1.0,2.0,3.4575221555553677,-0.8381687211722303
002681,Pennsylvania College Art Design,Pennsylvania College of Art and Design,PA,Northeast,4.0,40.041152,-76.308769,2.0,3.0,1.0,30.0,312.0,31370.0,29266.0,0.4612,0.4594,,0.6377,1.0,2.0,1.9374320681241912,-1.0571980315671146
002989,Pennsylvania College of Technology,Pennsylvania College of Technology,PA,Northeast,4.0,41.234145,-77.023665,1.0,2.0,1.0,23.0,4254.0,17940.0,26084.0,0.3187,,,0.5042,0.0,0.0,-0.033613282961651496,1.0268325785065946
002484,Pennsylvania Highlands Comm College,Pennsylvania Highlands Community College,PA,Northeast,1.0,40.26408,-78.837175,1.0,2.0,2.0,6.0,719.0,6990.0,7454.0,0.1885,,,,0.0,3.0,-1.3370667620207524,-0.9407089806967462
000002,Penn State Wilkes-Barre,Pennsylvania State University-Penn State Wilkes-Barre,PA,Northeast,1.0,41.305602,-76.016151,1.0,3.0,1.0,-2.0,338.0,14258.0,15775.0,0.3829,0.9453,1145.0,0.1667,0.0,3.0,-0.7068016674947929,-1.8358356096440611
005970,Pensacola Christian College,Pensacola State College,FL,South,4.0,30.479267,-87.200265,1.0,2.0,1.0,23.0,6725.0,2348.0,2254.0,0.3496,,,0.4198,0.0,0.0,-1.976791065707451,0.6810494329801777
005535,Pensacola State College,Pensacola State College,FL,South,4.0,30.479267,-87.200265,1.0,2.0,1.0,23.0,6725.0,2348.0,2254.0,0.3496,,,0.4198,0.0,0.0,-1.976791065707451,0.6810494329801777
004630,Pepperdine University,Pepperdine University,CA,West,3.0,34.037786,-118.707077,2.0,3.0,1.0,17.0,3629.0,66742.0,45409.0,0.1961,0.4985,1367.0,0.8502,1.0,4.0,3.4692599665844375,1.1680100483423144
005536,Pfeiffer University,Pfeiffer University,NC,South,1.0,35.484696,-80.283168,2.0,3.0,1.0,19.0,654.0,33930.0,21953.0,0.5564,0.953,,0.426,1.0,5.0,0.9711434668302021,-2.3708208781688547
006468,Peru State College,Peru State College,NE,Midwest,1.0,40.474689,-95.732731,1.0,3.0,1.0,19.0,1141.0,8280.0,10864.0,0.3376,,,0.3772,0.0,3.0,-1.3550870241610173,-1.2280018073999457
006578,Philander Smith College,Philander Smith University,AR,South,4.0,34.737131,-92.283015,2.0,3.0,1.0,22.0,842.0,13014.0,15360.0,0.7139,,,0.3231,1.0,1.0,0.18821212859827327,-1.80171136062914
002031,Phillips Beth Israel Sch of Nursing,Mount Sinai Phillips School of Nursing,NY,Northeast,4.0,40.804778,-73.936639,2.0,3.0,1.0,26.0,273.0,,,0.0152,,,1.0,,,,
005518,Piedmont Community College,Piedmont Community College,NC,South,1.0,36.431674,-78.980607,1.0,2.0,2.0,6.0,707.0,2556.0,5215.0,0.2861,,,,0.0,3.0,-1.770282995537214,-1.3871285664053319
005537,Piedmont University,Piedmont University,GA,South,2.0,34.566042,-83.542126,2.0,3.0,1.0,18.0,1235.0,30680.0,20893.0,0.4145,0.9284,1074.0,0.4146,1.0,5.0,0.9459704059621374,-1.185623324907257
005561,Piedmont Virginia Cmty College,Piedmont Virginia Community College,VA,South,3.0,38.006895,-78.483707,1.0,2.0,2.0,3.0,3032.0,4928.0,6347.0,0.2539,,,,0.0,0.0,-1.6025336481579497,0.2900826758699031
004103,Pierce College,Pierce College District,WA,West,4.0,47.172082,-122.570935,1.0,2.0,1.0,14.0,4487.0,4686.0,10123.0,0.2019,,,0.3122,0.0,0.0,-1.2964863025363493,1.2030120442262104
004291,Pikes Peak Cmty College,Pikes Peak State College,CO,West,3.0,38.764287,-104.787261,1.0,2.0,1.0,14.0,9307.0,4302.0,9682.0,0.3078,,,0.23,0.0,0.0,-1.6449592230937953,0.7740112773577464
003933,Pillar College,Pillar College,NJ,Northeast,4.0,40.738539,-74.169153,2.0,2.0,1.0,21.0,469.0,24820.0,5804.0,0.5556,,,0.3409,1.0,1.0,0.3528960999919118,-1.5537246612768738
005556,Pitt Community College,Pitt Community College,NC,South,3.0,35.550591,-77.407203,1.0,2.0,2.0,6.0,5175.0,1972.0,7150.0,0.3754,,,,0.0,0.0,-1.8245864771032003,0.11836651927404872
006336,Pittsburg State University,Pittsburg State University,KS,Midwest,2.0,37.392071,-94.702473,1.0,3.0,1.0,18.0,4162.0,8008.0,18889.0,0.3226,0.8817,1090.0,0.5758,0.0,3.0,-1.0055980337738146,-0.020521966568236433
007030,Pittsburgh Inst Mortuary Science,Pittsburgh Institute of Mortuary Science Inc,PA,Northeast,4.0,40.459175,-79.930487,2.0,2.0,2.0,12.0,369.0,,,0.2518,0.4898,,,,,,
000652,Pittsburgh Institute of Aeronautics,Pittsburgh Institute of Aeronautics,PA,Northeast,3.0,40.350804,-79.926575,2.0,2.0,2.0,11.0,591.0,17725.0,31389.0,0.3771,,,,1.0,2.0,1.4880356743112073,-0.9119449915929502
003303,Pittsburgh Tec Inst,Pittsburgh Technical College,PA,Northeast,3.0,40.424679,-80.189404,2.0,2.0,1.0,14.0,822.0,18980.0,25754.0,0.4531,,,0.5309,1.0,2.0,1.1153844318581838,-1.0865326858632656
000382,Pittsburgh Technical Institute,Pittsburgh Technical College,PA,Northeast,3.0,40.424679,-80.189404,2.0,2.0,1.0,14.0,822.0,18980.0,25754.0,0.4531,,,0.5309,1.0,2.0,1.1153844318581838,-1.0865326858632656
004619,Pitzer College,Pitzer College,CA,West,3.0,34.104107,-117.706675,2.0,3.0,1.0,21.0,1191.0,62692.0,31663.0,0.1015,0.1666,,0.8321,1.0,4.0,2.8596086119035222,0.7364262400886605
003012,Platt C: Aurora,Platt College-Aurora,CO,West,3.0,39.613133,-104.899235,3.0,3.0,1.0,26.0,215.0,20590.0,42287.0,0.3147,0.3636,,0.2,1.0,2.0,2.2658236623742423,-0.9785455109144561
003015,Platt C: Ontario,Platt College-Ontario,CA,West,4.0,34.068595,-117.571744,3.0,2.0,1.0,23.0,467.0,14804.0,27002.0,0.6561,,,0.5729,1.0,1.0,1.0131529844593574,-1.6384844713976587
000545,Plaza College,Plaza College,NY,Northeast,4.0,40.714894,-73.831156,3.0,2.0,1.0,23.0,829.0,15450.0,18193.0,0.8501,0.3,,0.6287,1.0,1.0,0.4189653387407659,-2.1987894850251766
003690,Plymouth State University,Plymouth State University,NH,Northeast,2.0,43.759573,-71.690164,1.0,3.0,1.0,18.0,3298.0,14558.0,19685.0,0.2563,0.9103,,0.4743,0.0,3.0,-0.6268963140650633,0.1959666627786379
002676,Point Park University,Point Park University,PA,Northeast,4.0,40.438768,-80.002061,2.0,3.0,1.0,17.0,2320.0,38160.0,24791.0,0.3707,0.9788,,0.5956,1.0,2.0,1.6601676360411481,0.23157550252456233
005029,Point University,Point University,GA,South,2.0,32.87912,-85.184931,2.0,3.0,1.0,22.0,2617.0,22300.0,20752.0,0.3217,0.6751,1059.0,0.4044,1.0,5.0,0.6415420489285739,-0.5438984229535981
005548,Polk State College,Polk State College,FL,South,4.0,28.032411,-81.711873,1.0,2.0,1.0,23.0,5954.0,3366.0,9027.0,0.3256,,,0.3396,0.0,0.0,-1.547361961701491,0.805218503343988
002668,Polytechnic University (use NYU 2562),Pace University,NY,Northeast,4.0,40.711014,-74.004719,2.0,3.0,1.0,17.0,7725.0,51424.0,31046.0,0.2707,0.7714,1232.0,0.6141,1.0,4.0,2.281704440727113,1.3475566670715309
002695,Polytechnic University: Long Island,Pace University,NY,Northeast,4.0,40.711014,-74.004719,2.0,3.0,1.0,17.0,7725.0,51424.0,31046.0,0.2707,0.7714,1232.0,0.6141,1.0,4.0,2.281704440727113,1.3475566670715309
002109,Pomeroy College Of Nursing,Pomeroy College of Nursing at Crouse Hospital,NY,Northeast,3.0,43.101054,-76.056002,2.0,2.0,2.0,10.0,179.0,19228.0,22322.0,0.3488,0.4,,,1.0,2.0,1.255869994929424,-1.5150954866091477
004607,Pomona College,Pomona College,CA,West,3.0,34.099027,-117.714556,2.0,3.0,1.0,21.0,1638.0,62326.0,19424.0,0.1853,0.0676,1520.0,0.9319,1.0,4.0,2.0815176990710107,0.4276837448439654
004605,Point Loma Nazarene College,Point Loma Nazarene University,CA,West,4.0,32.718391,-117.250265,2.0,3.0,1.0,18.0,3132.0,43550.0,36127.0,0.2273,0.8176,1278.0,0.7379,1.0,4.0,2.3958250494882427,1.117728098441613
000910,Pontifical Catholic Univ of PR,Pontifical Catholic University of Puerto Rico-Ponce,PR,Other/Territory,4.0,18.00165,-66.617138,2.0,3.0,1.0,17.0,3827.0,6340.0,10082.0,0.8137,0.9033,1285.0,0.4794,0.0,1.0,-0.5671791521504942,-1.514677861991975
001348,Pontifical College Josephinum,Pontifical College Josephinum,OH,Midwest,4.0,40.120735,-83.018829,2.0,3.0,1.0,21.0,45.0,27829.0,,0.0882,0.8333,,0.3478,,,,
004610,Portland State University,Portland State University,OR,West,4.0,45.511601,-122.686289,1.0,3.0,1.0,16.0,13619.0,11238.0,12932.0,0.3956,0.9091,,0.5313,0.0,0.0,-1.2710746448578099,1.1493345998258597
005539,Potomac State College WVU,Potomac State College of West Virginia University,WV,South,2.0,39.438323,-78.981441,1.0,2.0,1.0,23.0,952.0,5040.0,7403.0,0.3943,,,0.2598,0.0,3.0,-1.5893053619414186,-1.1677766189169494
004617,Portland Community College,Portland Community College,OR,West,4.0,45.438154,-122.730876,1.0,2.0,2.0,2.0,18365.0,5040.0,9920.0,0.3056,,,,0.0,0.0,-1.595259800592733,1.5327300677706417
004608,Porterville College,Porterville College,CA,West,3.0,36.049256,-119.014368,1.0,2.0,2.0,7.0,2775.0,1409.0,3728.0,0.3584,,,,0.0,0.0,-1.9003094048494924,-0.1015100704081924
006580,Prairie View A&M University,Prairie View A & M University,TX,South,1.0,30.092425,-95.989475,1.0,3.0,1.0,16.0,8527.0,11299.0,14041.0,0.6244,0.753,949.0,0.4322,0.0,3.0,-1.683105174793131,-1.17278127983221
002669,Pratt Institute,Pratt Institute-Main,NY,Northeast,4.0,40.691297,-73.96431,2.0,3.0,1.0,30.0,3766.0,59683.0,50647.0,0.1741,0.5317,1339.0,0.7269,1.0,4.0,3.76154923653762,1.655683931322899
005540,Presbyterian College,Presbyterian College,SC,South,2.0,34.465834,-81.87448,2.0,3.0,1.0,21.0,862.0,43300.0,20899.0,0.2785,0.7234,1214.0,0.619,1.0,5.0,1.484986003850656,-0.8037359526342776
000484,Prescott College,Prescott College,AZ,West,4.0,34.5452,-112.477185,2.0,3.0,1.0,19.0,253.0,35685.0,20906.0,0.4728,0.9857,,0.3594,1.0,2.0,1.5496674876772527,-1.2458610897369473
005545,Prince Georges Cmty College,Prince George's Community College,MD,South,3.0,38.888689,-76.824623,1.0,2.0,2.0,2.0,8049.0,3914.0,10857.0,0.319,,,,0.0,0.0,-1.5938480831377986,0.5982362839719664
002672,Princeton University,Princeton University,NJ,Northeast,4.0,40.348732,-74.659365,2.0,3.0,1.0,15.0,5579.0,59710.0,10555.0,0.1872,0.045,1535.0,0.9709,1.0,4.0,1.5510054145948644,1.2514416023997696
001630,Principia College,Principia College,IL,Midwest,1.0,38.948835,-90.350285,2.0,3.0,1.0,21.0,337.0,33280.0,,0.0,0.444,1096.0,0.7619,,,,
003548,Pro Golfers Career C,Professional Golfers Career College,CA,West,4.0,33.528952,-117.163739,3.0,2.0,2.0,13.0,110.0,18310.0,31397.0,0.2667,,,,1.0,2.0,1.8751990364661841,-0.8949319858297783
007893,Providence Christian College,Providence Christian College,CA,West,4.0,34.149327,-118.141062,2.0,3.0,1.0,21.0,144.0,35147.0,25378.0,0.3382,0.9252,,0.5263,1.0,2.0,1.9626067853641973,-0.9905073566629623
003693,Providence College,Providence College,RI,Northeast,4.0,41.842742,-71.437446,2.0,3.0,1.0,18.0,4170.0,60848.0,45538.0,0.1324,0.4872,1342.0,0.8785,1.0,4.0,3.539899739975559,1.7897918538080042
003021,Provo College,Provo College,UT,West,4.0,40.245294,-111.68431,3.0,3.0,1.0,26.0,704.0,16491.0,30255.0,0.5688,,,0.5455,1.0,2.0,1.240658791240519,-1.0734648317762048
002878,"Purchase College, SUNY",SUNY at Purchase College,NY,Northeast,3.0,41.047223,-73.701955,1.0,3.0,1.0,21.0,3110.0,8953.0,19067.0,0.3563,0.7283,1277.0,0.6156,0.0,0.0,-0.7767627646576057,0.17846638024313438
001336,Purdue Univ Fort Wayne,Purdue University Fort Wayne,IN,Midwest,4.0,41.117278,-85.108962,1.0,3.0,1.0,19.0,5450.0,9254.0,11513.0,0.2305,0.8566,1078.0,0.3247,0.0,0.0,-1.0956253873327768,1.1583304571629645
001631,Purdue University,Purdue University-Main Campus,IN,Midwest,4.0,40.428206,-86.914435,1.0,3.0,1.0,15.0,39637.0,9992.0,13945.0,0.1298,0.503,1342.0,0.831,0.0,0.0,-1.1748608013913167,2.5299659387022793
001638,Purdue University Northwest,Purdue University Northwest,IN,Midwest,3.0,41.584324,-87.474236,1.0,3.0,1.0,18.0,5786.0,8419.0,8463.0,0.277,0.7063,1034.0,0.4402,0.0,0.0,-1.447261196518114,0.5691908799362787
002746,Queens Coll Early Admissions,CUNY Queens College,NY,Northeast,4.0,40.736416,-73.820053,1.0,3.0,1.0,18.0,13060.0,7538.0,3830.0,0.4772,0.6852,1210.0,0.6016,0.0,0.0,-1.8295121399316199,0.6495967067645531
003713,Quincy College,Quincy College,MA,Northeast,3.0,42.252416,-71.003476,1.0,2.0,1.0,3.0,2126.0,7536.0,14317.0,0.3378,,,0.1663,0.0,0.0,-0.9995473575902237,-0.01847035556760923
003716,Quinebaug Valley Community College,Connecticut State Community College,CT,Northeast,2.0,41.82623,-71.889673,1.0,2.0,2.0,4.0,32292.0,5092.0,8865.0,0.4371,,,,0.0,0.0,-1.9817095468856971,0.4759007444592677
003712,Quinnipiac College,Quinnipiac University,CT,Northeast,3.0,41.418915,-72.894117,2.0,3.0,1.0,17.0,6208.0,53090.0,39207.0,0.1551,0.77,1212.0,0.7728,1.0,4.0,2.7711385805797843,1.361974744860892
003714,Quinsigamond Community College,Quinsigamond Community College,MA,Northeast,4.0,42.31379,-71.79503,1.0,2.0,2.0,4.0,5413.0,5974.0,7764.0,0.3936,,,,0.0,0.0,-1.4654241959536491,0.5535654998530966
007011,Rabbinical College Bobover Yeshiva B'nei Zion,Rabbinical College Bobover Yeshiva Bnei Zion,NY,Northeast,4.0,40.631954,-73.985026,2.0,3.0,1.0,24.0,436.0,10000.0,8943.0,0.8794,,,0.9714,1.0,1.0,-0.16106255776458414,-2.780548403309491
000675,Rabbinical College of Long Island,Rabbinical College of Long Island,NY,Northeast,3.0,40.586427,-73.670238,2.0,2.0,1.0,24.0,161.0,10290.0,6253.0,0.3041,1.0,,0.3415,1.0,2.0,0.18058671474402388,-1.6879370609284852
002776,Rabbinical Seminary of America,Rabbinical Seminary of America,NY,Northeast,4.0,40.72308,-73.817161,2.0,3.0,1.0,24.0,379.0,10000.0,5900.0,0.1389,0.9754,,0.3431,1.0,2.0,0.26599303602476826,-0.28478547186326275
005565,Radford University,Radford University,VA,South,2.0,37.136907,-80.549728,1.0,3.0,1.0,17.0,5609.0,12286.0,16640.0,0.3537,0.9064,1061.0,0.4962,0.0,3.0,-1.1232762133431469,0.023183810203075195
002884,Ramapo College of New Jersey,Ramapo College of New Jersey,NJ,Northeast,3.0,41.080942,-74.174086,1.0,3.0,1.0,18.0,4664.0,15978.0,20360.0,0.2672,0.7322,1190.0,0.7186,0.0,0.0,-0.49166437633013493,0.7545396535446579
001660,Rabbinical College of Telshe,Rabbinical College Telshe,OH,Midwest,3.0,41.593533,-81.485261,2.0,3.0,1.0,24.0,57.0,17900.0,8603.0,0.3636,0.8056,,0.5333,1.0,2.0,0.5956481022615865,-2.368649576881875
000719,Rab Acad Mesivta RCB,Rabbinical Academy Mesivta Rabbi Chaim Berlin,NY,Northeast,4.0,40.618347,-73.963615,2.0,3.0,1.0,24.0,160.0,10800.0,3964.0,0.2222,1.0,,0.1923,1.0,2.0,0.2562682805823624,-1.0233275020265173
001645,Quincy University,Quincy University,IL,Midwest,2.0,39.938898,-91.385975,2.0,3.0,1.0,22.0,1038.0,35740.0,17324.0,0.2964,0.4989,1157.0,0.4274,1.0,5.0,1.0805123109744827,-0.8822482632117005
002751,Queensborough Community Coll,CUNY Queensborough Community College,NY,Northeast,4.0,40.755481,-73.756656,1.0,2.0,2.0,1.0,8803.0,5210.0,4620.0,0.4545,,,,0.0,0.0,-1.778456627264232,0.5309438106151404
005566,Randolph-Macon College,Randolph-Macon College,VA,South,3.0,37.76043,-77.478416,2.0,3.0,1.0,21.0,1489.0,48002.0,27759.0,0.202,0.834,1148.0,0.746,1.0,4.0,2.0848237586737124,0.26708070601755807
005567,Randolph-Macon Woman's College,Randolph College,VA,South,4.0,37.437315,-79.171887,2.0,3.0,1.0,21.0,520.0,29010.0,18436.0,0.4059,0.9494,1109.0,0.5149,1.0,2.0,1.1432317137635173,-0.8107936631105654
006608,Ranger Junior College,Ranger College,TX,South,1.0,32.456773,-98.685215,1.0,2.0,2.0,1.0,935.0,4725.0,6565.0,0.1766,,,,0.0,3.0,-1.5925888420250633,-0.831526209868029
007028,Ranken Technical College,Ranken Technical College,MO,Midwest,4.0,38.653303,-90.248465,2.0,2.0,1.0,14.0,1695.0,17490.0,16952.0,0.4171,,,0.5058,1.0,2.0,0.5821027616763286,-0.3713181286708558
002867,Raritan Valley Cmty College,Raritan Valley Community College,NJ,Northeast,1.0,40.609681,-74.688127,1.0,2.0,2.0,5.0,5272.0,5520.0,6613.0,0.2664,,,,0.0,3.0,-1.7953071216767793,-0.2533849384819749
005753,Rasmussen College,Rasmussen University-Illinois,IL,Midwest,4.0,42.267628,-88.998854,3.0,2.0,2.0,14.0,1330.0,13546.0,18470.0,0.629,,,,1.0,1.0,0.4200245532372976,-1.241003389352983
002743,Reading Area Community College,Reading Area Community College,PA,Northeast,4.0,40.334861,-75.935086,1.0,2.0,2.0,5.0,3338.0,6270.0,8039.0,0.4269,,,,0.0,0.0,-1.3922650137163959,0.2035323250374788
003723,Regis College,Regis College,MA,Northeast,3.0,42.351291,-71.310561,2.0,3.0,1.0,18.0,1016.0,47770.0,28346.0,0.2774,0.8928,,0.6949,1.0,2.0,2.219215365317605,-0.14467311392775428
004656,Regis University,Regis University,CO,West,4.0,39.788175,-105.030756,2.0,3.0,1.0,17.0,2599.0,43980.0,22689.0,0.2615,0.8727,,0.6111,1.0,2.0,1.694129239146576,0.7229840629372869
005568,Reinhardt University,Reinhardt University,GA,South,1.0,34.319756,-84.554264,2.0,3.0,1.0,22.0,1012.0,28420.0,27769.0,0.3909,0.5516,,0.3562,1.0,5.0,1.1754430365808604,-1.5280558041175585
004654,Reed College,Reed College,OR,West,4.0,45.480959,-122.630348,2.0,3.0,1.0,21.0,1407.0,67020.0,39951.0,0.1228,0.2716,1420.0,0.7592,1.0,4.0,3.508476260115032,1.2929664505410583
007324,Redlands Community College,Redlands Community College,OK,South,2.0,35.518475,-97.974592,1.0,2.0,2.0,3.0,857.0,5385.0,5596.0,0.2179,,,,0.0,3.0,-1.5238414157139064,-0.6213377876742259
002757,Rensselaer Polytechnic Institute,Rensselaer Polytechnic Institute,NY,Northeast,4.0,42.729978,-73.676646,2.0,3.0,1.0,15.0,5909.0,61884.0,33139.0,0.1865,0.5845,1415.0,0.8316,1.0,4.0,2.8134281191085044,1.607137060660843
006612,Research College of Nursing,Research College of Nursing,MO,Midwest,4.0,39.006611,-94.556762,3.0,3.0,1.0,26.0,249.0,,,0.1762,,,,,,,
003724,Rhode Island College,Rhode Island College,RI,Northeast,3.0,41.842415,-71.46556,1.0,3.0,1.0,18.0,4630.0,10986.0,10988.0,0.4147,0.8109,1010.0,0.4618,0.0,0.0,-1.253678364006471,0.07086429090729171
003726,Rhode Island School of Design,Rhode Island School of Design,RI,Northeast,4.0,41.827114,-71.409309,2.0,3.0,1.0,18.0,2090.0,59760.0,46253.0,0.1404,0.1381,1480.0,0.8847,1.0,4.0,3.6466374623943865,1.423830613785119
001730,Rhodes College,Rhodes College,TN,South,4.0,35.154405,-89.990803,2.0,3.0,1.0,21.0,1931.0,54892.0,25060.0,0.1508,0.4968,1385.0,0.8164,1.0,4.0,2.2651221035702966,0.9898226667895299
006609,Rice University,Rice University,TX,South,4.0,29.717897,-95.402035,2.0,3.0,1.0,15.0,4562.0,58128.0,12640.0,0.1607,0.0788,1553.0,0.9569,1.0,4.0,1.557990335427946,1.228582301187965
005574,Richard Bland College,Richard Bland College,VA,South,1.0,37.156972,-77.399932,1.0,2.0,2.0,13.0,796.0,8850.0,8920.0,0.1437,0.7189,,,0.0,3.0,-1.2929131435260608,-0.7363505230582659
002758,Rider University,Rider University,NJ,Northeast,3.0,40.278796,-74.737833,2.0,3.0,1.0,18.0,3192.0,38900.0,25287.0,0.3336,0.794,1219.0,0.6332,1.0,2.0,1.5688901408391047,0.12345155980946072
004924,Ridgewater College,Ridgewater College,MN,Midwest,2.0,45.138313,-95.07305,1.0,2.0,2.0,8.0,2048.0,6109.0,10955.0,0.3354,,,,0.0,3.0,-1.3857230383292913,-0.5367265182023192
005573,Ringling School of Art and Design,Ringling College of Art and Design,FL,South,4.0,27.360931,-82.547803,2.0,3.0,1.0,30.0,1719.0,55480.0,55390.0,0.2111,0.6737,,0.708,1.0,4.0,3.8737010590816756,1.1416770108645982
004663,Rio Hondo College,Rio Hondo College,CA,West,1.0,34.019821,-118.033506,1.0,2.0,1.0,14.0,15365.0,1388.0,11903.0,0.2385,,,0.2713,0.0,3.0,-1.8762343318282826,0.46205088664275
001664,Ripon College,Ripon College,WI,Midwest,2.0,43.844135,-88.842333,2.0,3.0,1.0,21.0,720.0,50700.0,21176.0,0.3329,0.8392,1143.0,0.5991,1.0,5.0,1.7637279371651409,-1.0427519845019122
003684,River Valley Comm Coll,River Valley Community College,NH,Northeast,1.0,43.399046,-72.333114,1.0,2.0,2.0,9.0,610.0,6940.0,20455.0,0.3237,,,,0.0,3.0,-0.7226801607110573,-1.3188853900456854
006017,Riverland Community College,Riverland Community College,MN,Midwest,2.0,43.676271,-92.995626,1.0,2.0,2.0,6.0,1895.0,6250.0,8463.0,0.2649,,,,0.0,3.0,-1.4484044504942577,-0.3602766334893816
004658,Riverside Community College,Riverside City College,CA,West,4.0,33.970918,-117.384323,1.0,2.0,2.0,1.0,17361.0,1420.0,4026.0,0.329,,,,0.0,0.0,-2.0276953947340135,1.3184034401021696
001656,Roane State Community College,Roane State Community College,TN,South,2.0,35.880911,-84.620051,1.0,2.0,2.0,1.0,3203.0,4762.0,6017.0,0.2626,,,,0.0,3.0,-1.7591438453184352,-0.1267281441423177
005571,Roanoke College,Roanoke College,VA,South,3.0,37.294861,-80.055467,2.0,3.0,1.0,21.0,1801.0,36774.0,27786.0,0.2432,0.8007,1193.0,0.6589,1.0,2.0,1.6883013025064517,0.14477360686866178
005564,Roanoke-Chowan Cmty College,Roanoke-Chowan Community College,NC,South,1.0,36.324827,-77.023662,1.0,2.0,2.0,1.0,265.0,2642.0,8076.0,0.3392,,,,0.0,3.0,-1.5035103056640684,-2.0171415079412554
002769,Robert Morris College,Robert Morris University,PA,Northeast,3.0,40.520415,-80.210468,2.0,3.0,1.0,17.0,2866.0,34940.0,25747.0,0.2209,0.9057,,0.6555,1.0,4.0,1.5778068407771848,0.4481581425410636
002759,Roberts Wesleyan College,Roberts Wesleyan University,NY,Northeast,3.0,43.125755,-77.798498,2.0,3.0,1.0,18.0,1065.0,37504.0,23461.0,0.3969,0.7778,1205.0,0.6393,1.0,2.0,1.5515373286077605,-0.6747262122022145
005594,Robeson Community College,Robeson Community College,NC,South,2.0,34.675194,-79.00664,1.0,2.0,2.0,7.0,1454.0,2571.0,5189.0,0.4724,,,,0.0,3.0,-1.907221939727693,-1.2801090353363012
006610,Rochester Cmty & Tech College,Rochester Community and Technical College,MN,Midwest,4.0,44.014488,-92.42321,1.0,2.0,2.0,5.0,3122.0,6359.0,13148.0,0.2892,,,,0.0,0.0,-1.053609907514137,0.6809474842460869
002760,Rochester Institute of Technology,Rochester Institute of Technology,NY,Northeast,3.0,43.084188,-77.67386,2.0,3.0,1.0,16.0,13225.0,57016.0,29694.0,0.2612,0.714,1378.0,0.708,1.0,4.0,2.1821778702163814,1.2555872874423262
001674,Rock Valley College,Rock Valley College,IL,Midwest,4.0,42.306174,-88.993544,1.0,2.0,2.0,6.0,4362.0,4274.0,7325.0,0.2058,,,,0.0,0.0,-1.415036284387519,1.0460427408048099
004660,Rocky Mountain College,Rocky Mountain College,MT,West,4.0,45.796522,-108.554075,2.0,3.0,1.0,20.0,790.0,33252.0,18508.0,0.3172,0.7288,1093.0,0.4675,1.0,2.0,1.2913884358112127,-0.18612167254280051
001943,Rocky Mountain College of Art & Design,Rocky Mountain College of Art and Design,CO,West,3.0,39.74332,-105.069911,3.0,3.0,1.0,22.0,1878.0,23720.0,28037.0,0.4599,,,0.3651,1.0,2.0,1.1514052491918854,-0.5985987192705149
004653,Rogue Community College,Rogue Community College,OR,West,3.0,42.412159,-123.39326,1.0,2.0,2.0,5.0,3395.0,5184.0,8493.0,0.4321,,,,0.0,0.0,-1.6205422288807194,-0.17181780432338148
005572,Rollins College,Rollins College,FL,South,3.0,28.592787,-81.349239,2.0,3.0,1.0,18.0,2582.0,58300.0,33847.0,0.221,0.4056,1304.0,0.7689,1.0,4.0,2.6186473233938834,0.6210663728089482
001666,Roosevelt University,Roosevelt University,IL,Midwest,4.0,41.876055,-87.624952,2.0,3.0,1.0,17.0,2583.0,20280.0,20152.0,0.4642,0.9427,1000.0,0.4099,1.0,2.0,0.7350545799004152,-0.26751624698336524
006545,Rogers State University,Rogers State University,OK,South,2.0,36.321437,-95.635718,1.0,3.0,1.0,22.0,2552.0,7392.0,13953.0,0.3782,,,0.2541,0.0,3.0,-1.309929092923572,-0.5196867937647355
003729,Roger Williams University,Roger Williams University,RI,Northeast,3.0,41.650214,-71.260374,2.0,3.0,1.0,19.0,3957.0,42666.0,38123.0,0.1633,0.8778,1228.0,0.6749,1.0,4.0,2.464276577488676,1.0296602245424902
002767,Rockland Community College,Rockland Community College,NY,Northeast,3.0,41.133929,-74.085969,1.0,2.0,2.0,1.0,4180.0,6398.0,8508.0,0.2606,,,,0.0,0.0,-1.3896540179251877,0.49951455951429313
005582,Rockingham Community College,Rockingham Community College,NC,South,1.0,36.388682,-79.758353,1.0,2.0,2.0,5.0,1071.0,1966.0,2380.0,0.44,,,,0.0,3.0,-2.1218114048096552,-1.7669783651729587
006611,Rockhurst University,Rockhurst University,MO,Midwest,4.0,39.032318,-94.573003,2.0,3.0,1.0,18.0,1702.0,43420.0,23165.0,0.1933,0.6905,1218.0,0.7558,1.0,2.0,1.8625809964121436,0.6691203181426743
001462,Rose State College,Rose State College,OK,South,3.0,35.44372,-97.414113,1.0,2.0,2.0,4.0,4546.0,5032.0,10903.0,0.2885,,,,0.0,0.0,-1.4456746472449602,0.4314967909196279
001668,Rose-Hulman Institute of Technology,Rose-Hulman Institute of Technology,IN,Midwest,4.0,39.483602,-87.326749,2.0,3.0,1.0,28.0,2224.0,56674.0,40665.0,0.1171,0.7281,1389.0,0.8169,1.0,4.0,3.2112430165106343,1.3946601217907626
002763,Rosemont College,Rosemont College,PA,Northeast,3.0,40.033417,-75.32925,2.0,3.0,1.0,19.0,466.0,22171.0,20356.0,0.3857,0.7452,,0.4348,1.0,2.0,1.0627083038180052,-1.1829063426577464
002180,Rowan College Burlington,Rowan College at Burlington County,NJ,Northeast,3.0,39.972205,-74.894464,1.0,2.0,2.0,2.0,6174.0,4968.0,6101.0,0.2862,,,,0.0,0.0,-1.6412922752016132,0.5595663517852412
002281,Rowan College South Jersey,Rowan College of South Jersey-Gloucester Campus,NJ,Northeast,3.0,39.781339,-75.121269,1.0,2.0,2.0,1.0,4424.0,4980.0,10818.0,0.2834,,,,0.0,0.0,-1.3351755985265992,0.4700335496970908
002515,Rowan University,Rowan University,NJ,Northeast,3.0,39.709108,-75.119119,1.0,3.0,1.0,16.0,14647.0,15700.0,22185.0,0.3129,0.7782,1216.0,0.6828,0.0,0.0,-0.6154893504787294,1.181632345501399
003740,Roxbury Community College,Roxbury Community College,MA,Northeast,4.0,42.329249,-71.09549,1.0,2.0,2.0,1.0,1663.0,5784.0,12544.0,0.6013,,,,0.0,1.0,-1.1918106392799308,-0.6950718207652896
003262,Rush University,Rush University,IL,Midwest,4.0,41.874742,-87.668581,2.0,3.0,1.0,25.0,120.0,,,0.3565,,,,,,,
002764,Russell Sage College,Russell Sage College,NY,Northeast,4.0,42.72822,-73.693711,2.0,3.0,1.0,17.0,1075.0,36756.0,23027.0,0.4328,0.7619,,0.6567,1.0,2.0,1.5957702008755432,-0.39958065869744086
001669,Rust College,Rust College,MS,South,2.0,34.776862,-89.446999,2.0,3.0,1.0,21.0,428.0,13840.0,8751.0,0.6876,0.3469,,0.2695,1.0,1.0,-0.25227831861657396,-2.9435156010787114
002838,Rutgers U Coll Engineering,Rider University,NJ,Northeast,3.0,40.278796,-74.737833,2.0,3.0,1.0,18.0,3192.0,38900.0,25287.0,0.3336,0.794,1219.0,0.6332,1.0,2.0,1.5688901408391047,0.12345155980946072
002192,Rutgers U Douglass College,Rider University,NJ,Northeast,3.0,40.278796,-74.737833,2.0,3.0,1.0,18.0,3192.0,38900.0,25287.0,0.3336,0.794,1219.0,0.6332,1.0,2.0,1.5688901408391047,0.12345155980946072
002736,Rutgers U School Arts,Rider University,NJ,Northeast,3.0,40.278796,-74.737833,2.0,3.0,1.0,18.0,3192.0,38900.0,25287.0,0.3336,0.794,1219.0,0.6332,1.0,2.0,1.5688901408391047,0.12345155980946072
002742,Rutgers U Univ College Camden,Rutgers University-Camden,NJ,Northeast,4.0,39.948064,-75.12224,1.0,3.0,1.0,16.0,3819.0,17079.0,18803.0,0.4432,0.7775,1118.0,0.6645,0.0,0.0,-0.5268184892365847,0.4296063468150409
002777,"Rutgers Univ, New Brns Arts & Sci",Rider University,NJ,Northeast,3.0,40.278796,-74.737833,2.0,3.0,1.0,18.0,3192.0,38900.0,25287.0,0.3336,0.794,1219.0,0.6332,1.0,2.0,1.5688901408391047,0.12345155980946072
002765,Rutgers University New Brunswick,Rutgers University-New Brunswick,NJ,Northeast,4.0,40.498769,-74.446251,1.0,3.0,1.0,15.0,36357.0,17239.0,23519.0,0.272,0.6535,1383.0,0.8503,0.0,0.0,-0.48925402632933346,2.2100072854823174
002753,Rutgers University Newark,Rutgers University-Newark,NJ,Northeast,4.0,40.739122,-74.175809,1.0,3.0,1.0,16.0,7187.0,16586.0,19407.0,0.557,0.7873,,0.676,0.0,0.0,-0.6948898837591291,0.3461302696546764
004670,Sacramento City College,Sacramento City College,CA,West,4.0,38.541096,-121.491139,1.0,2.0,2.0,4.0,16952.0,1288.0,3974.0,0.2503,,,,0.0,0.0,-1.970382506675829,1.582116233590145
003780,Sacred Heart University,Sacred Heart University,CT,Northeast,3.0,41.220893,-73.243332,2.0,3.0,1.0,17.0,6904.0,48460.0,45459.0,0.1517,0.6768,,0.745,1.0,4.0,2.952088483198831,1.4830069680522393
004747,Saddleback Cmty Coll South,Saddleback College,CA,West,3.0,33.553346,-117.665584,1.0,2.0,2.0,2.0,15959.0,1432.0,2976.0,0.1532,,,,0.0,0.0,-2.0543225754516237,1.4736581383722822
001766,Saginaw Valley State University,Saginaw Valley State University,MI,Midwest,3.0,43.51176,-83.964273,1.0,3.0,1.0,18.0,6004.0,12240.0,14582.0,0.3237,0.7288,1051.0,0.5382,0.0,0.0,-1.0475428677462002,0.5316433372621215
003748,Saint Anselm College,Saint Anselm College,NH,Northeast,3.0,42.986889,-71.503622,2.0,3.0,1.0,21.0,2032.0,46810.0,34744.0,0.1052,0.7832,1183.0,0.8315,1.0,4.0,2.5563210666250953,0.8852765435117701
001628,Saint Clair Community College,St Clair County Community College,MI,Midwest,3.0,42.979494,-82.428717,1.0,2.0,2.0,2.0,1955.0,5076.0,8145.0,0.2498,,,,0.0,3.0,-1.375046055178294,0.10404624012359416
006679,Saint Cloud State University,Saint Cloud State University,MN,Midwest,4.0,45.553227,-94.152657,1.0,3.0,1.0,18.0,5181.0,10117.0,14485.0,0.203,0.9495,1091.0,0.4691,0.0,0.0,-0.8821301715116503,1.276586858903654
005641,Saint Johns River Cmty College,Saint Johns River State College,FL,South,2.0,29.647516,-81.681387,1.0,2.0,1.0,23.0,3909.0,2830.0,5808.0,0.1916,,,0.4573,0.0,3.0,-1.8047745886443356,0.20628531756607635
006225,Saint Louis Cmty Coll Florsnt,Saint Louis Community College,MO,Midwest,3.0,38.745678,-90.437078,1.0,2.0,1.0,2.0,11174.0,3660.0,6458.0,0.2943,,,0.1769,0.0,0.0,-1.812616819459223,0.7751011252086556
006430,Saint Louis Cmty Coll Meramec,Saint Louis Community College,MO,Midwest,3.0,38.745678,-90.437078,1.0,2.0,1.0,2.0,11174.0,3660.0,6458.0,0.2943,,,0.1769,0.0,0.0,-1.812616819459223,0.7751011252086556
006629,Saint Louis University,Saint Louis University,MO,Midwest,4.0,38.636801,-90.2351,2.0,3.0,1.0,16.0,7324.0,53244.0,27075.0,0.1537,0.8147,1326.0,0.7975,1.0,4.0,2.1695862373308787,1.6447670880101417
004674,Saint Martin's University,Saint Martin's University,WA,West,4.0,47.041068,-122.816354,2.0,3.0,1.0,20.0,1254.0,44210.0,22618.0,0.3978,0.7593,1057.0,0.5709,1.0,2.0,1.7059580043837959,-0.11572578930833152
001702,Saint Mary's College,Saint Mary's College,IN,Midwest,3.0,41.707274,-86.256947,2.0,3.0,1.0,21.0,1399.0,51430.0,28552.0,0.239,0.8111,1233.0,0.7652,1.0,4.0,2.2670388641615506,0.12910514287827188
005607,Salem College,Salem College,NC,South,4.0,36.086271,-80.241297,2.0,3.0,1.0,21.0,390.0,32236.0,18835.0,0.4876,0.8703,1168.0,0.5625,1.0,2.0,1.2432836226292054,-1.2139949039297588
002868,Salem Community College,Salem Community College,NJ,Northeast,3.0,39.698756,-75.47013,1.0,2.0,2.0,9.0,908.0,6150.0,9837.0,0.3442,,,,0.0,3.0,-1.1530355985830987,-0.5310021602096079
003522,Salem State College,Salem State University,MA,Northeast,3.0,42.503575,-70.890234,1.0,3.0,1.0,18.0,4286.0,11978.0,18441.0,0.3531,0.9557,1090.0,0.5499,0.0,0.0,-0.7668266681282258,0.3585785258484266
005608,Salem-Teikyo University,Salem University,WV,South,1.0,39.288632,-80.571767,3.0,3.0,1.0,19.0,695.0,10750.0,14469.0,0.5144,,,0.273,1.0,5.0,-0.10096740617808632,-2.4436269973611027
005403,Salisbury State University,Salisbury University,MD,South,3.0,38.34648,-75.604815,1.0,3.0,1.0,18.0,6056.0,10638.0,16456.0,0.2405,0.8863,1250.0,0.6745,0.0,0.0,-0.9888404077464464,0.8541130970526818
000898,Salish Kootenai College,Salish Kootenai College,MT,West,1.0,47.598592,-114.111635,1.0,2.0,1.0,33.0,568.0,4311.0,9002.0,0.5804,,,0.3521,0.0,3.0,-1.6931928103802385,-2.3891989818669654
004864,Salt Lake Community College,Salt Lake Community College,UT,West,3.0,40.671575,-111.942809,1.0,2.0,2.0,2.0,17247.0,4257.0,7661.0,0.162,,,,0.0,0.0,-1.7382903531297174,1.5634824949192676
003759,Salve Regina University,Salve Regina University,RI,Northeast,3.0,41.471545,-71.30124,2.0,3.0,1.0,18.0,2102.0,47930.0,35682.0,0.1548,0.6991,1236.0,0.7492,1.0,4.0,2.5966993945199404,0.7474306200167355
006643,Sam Houston State University,Sam Houston State University,TX,South,2.0,30.714738,-95.546205,1.0,3.0,1.0,16.0,18138.0,9228.0,16025.0,0.3985,0.8539,1055.0,0.5507,0.0,0.0,-1.464614898552548,0.4166017094325246
003439,Samaritan Hospital Sch Nursing,Samaritan Hospital School of Nursing,NY,Northeast,4.0,42.742861,-73.676151,2.0,2.0,2.0,10.0,132.0,14671.0,24655.0,0.3386,,,,1.0,2.0,1.417389562461962,-1.2177315545099017
001302,Samford University,Samford University,AL,South,3.0,33.464128,-86.791799,2.0,3.0,1.0,17.0,3828.0,38144.0,30795.0,0.1084,0.8223,1203.0,0.7988,1.0,4.0,1.876221087118702,1.041350116649141
000505,Sampson Community College,Sampson Community College,NC,South,2.0,34.99046,-78.36006,1.0,2.0,2.0,6.0,941.0,2830.0,3826.0,0.5013,,,,0.0,3.0,-1.9267892054594506,-1.6134873378332204
004750,Samuel Merritt College,Merritt College,CA,West,4.0,37.789088,-122.167335,1.0,2.0,2.0,6.0,5153.0,1167.0,14742.0,0.0936,,,,0.0,0.0,-1.0939445014336258,1.6937325850118898
004681,San Diego City College,San Diego City College,CA,West,4.0,32.717403,-117.152733,1.0,2.0,2.0,3.0,10584.0,1150.0,-818.0,0.2195,,,,0.0,0.0,-2.1334994928362976,1.3912471585607302
004735,San Diego Mesa College,San Diego Mesa College,CA,West,4.0,32.803825,-117.169165,1.0,2.0,1.0,14.0,15899.0,1150.0,-904.0,0.1556,,,0.3375,0.0,0.0,-2.1523454840114056,1.8157665300571189
004728,San Diego Miramar College,San Diego Miramar College,CA,West,4.0,32.909757,-117.120261,1.0,2.0,2.0,3.0,10740.0,1150.0,-2735.0,0.1147,,,,0.0,0.0,-2.157754220295475,1.740970788427627
004682,San Diego State University,San Diego State University,CA,West,4.0,32.77525,-117.071228,1.0,3.0,1.0,16.0,33654.0,8290.0,16174.0,0.3142,0.3444,,0.7827,0.0,0.0,-1.2646528422089105,1.908130870526765
006645,San Antonio College,San Antonio College,TX,South,4.0,29.44634,-98.497647,1.0,2.0,1.0,2.0,16067.0,3412.0,5290.0,0.3369,,,0.2206,0.0,0.0,-1.9084387346897986,1.2040477501031603
004744,San Fran Conservatory Music,San Francisco Conservatory of Music,CA,West,4.0,37.775543,-122.420292,2.0,3.0,1.0,30.0,215.0,54550.0,42448.0,0.1584,0.5194,,0.5246,1.0,4.0,3.5318156598792583,0.19765782292650066
004684,San Francisco State University,San Francisco State University,CA,West,4.0,37.721224,-122.476799,1.0,3.0,1.0,16.0,20033.0,7424.0,12882.0,0.414,0.9615,,0.5015,0.0,0.0,-1.4622520513122284,1.2500132313624277
006694,San Jacinto College,San Jacinto Community College,TX,South,4.0,29.660032,-95.114677,1.0,2.0,1.0,8.0,23071.0,1992.0,7540.0,0.303,,,0.3439,0.0,0.0,-1.8611723054769083,1.5238496784650624
006729,San Jacinto College North,San Jacinto Community College,TX,South,4.0,29.660032,-95.114677,1.0,2.0,1.0,8.0,23071.0,1992.0,7540.0,0.303,,,0.3439,0.0,0.0,-1.8611723054769083,1.5238496784650624
006693,San Jacinto College South,San Jacinto Community College,TX,South,4.0,29.660032,-95.114677,1.0,2.0,1.0,8.0,23071.0,1992.0,7540.0,0.303,,,0.3439,0.0,0.0,-1.8611723054769083,1.5238496784650624
004706,San Joaquin Delta College,San Joaquin Delta College,CA,West,4.0,37.995562,-121.317597,1.0,2.0,2.0,4.0,13964.0,1288.0,8508.0,0.2309,,,,0.0,0.0,-1.6833286994717147,1.6171794679440634
004687,San Jose State University,San Jose State University,CA,West,4.0,37.336569,-121.880621,1.0,3.0,1.0,18.0,26757.0,7992.0,13741.0,0.3545,0.8023,,0.6465,0.0,0.0,-1.3987236882551664,1.617706567054546
005649,Sandhills Community College,Sandhills Community College,NC,South,1.0,35.220086,-79.40635,1.0,2.0,2.0,4.0,2375.0,2040.0,8596.0,0.3245,,,,0.0,3.0,-1.8229259458704252,-0.8816034507339049
005653,Santa Fe Community College,Santa Fe College,FL,South,3.0,29.681037,-82.433143,1.0,2.0,1.0,14.0,11133.0,2563.0,11154.0,0.275,,,0.5209,0.0,0.0,-1.635201691140484,0.9086489051250343
004691,Santa Monica College,Santa Monica College,CA,West,4.0,34.017022,-118.469765,1.0,2.0,1.0,14.0,21194.0,1156.0,3600.0,0.2627,,,0.3583,0.0,0.0,-2.038530477548359,1.6426698368670196
004851,Santa Clara University,Santa Clara University,CA,West,4.0,37.348362,-121.93784,2.0,3.0,1.0,17.0,6235.0,59241.0,50959.0,0.1087,0.4384,1417.0,0.8845,1.0,4.0,3.642234672824605,2.179012699176546
004690,Santa Barbara City College,Santa Barbara City College,CA,West,4.0,34.406788,-119.698045,1.0,2.0,2.0,1.0,10070.0,1234.0,10029.0,0.1552,,,,0.0,0.0,-1.4948945770097728,1.7429550680776116
002810,Sarah Lawrence College,Sarah Lawrence College,NY,Northeast,3.0,40.9355,-73.843727,2.0,3.0,1.0,21.0,1468.0,63678.0,21132.0,0.1265,0.5893,1374.0,0.6997,1.0,4.0,2.3698598967079967,0.5698519699763398
007570,Sattler College,Fisher College,MA,Northeast,4.0,42.355253,-71.074125,2.0,3.0,1.0,22.0,1138.0,35013.0,25702.0,0.42,0.7075,,0.2844,1.0,2.0,1.6872520548648524,-0.30069845397499406
005631,Savannah College of Art and Design,Savannah College of Art and Design,GA,South,4.0,32.072964,-81.09395,2.0,3.0,1.0,18.0,14423.0,40595.0,45450.0,0.1854,0.8368,1178.0,0.7048,1.0,4.0,2.585679727997518,2.049826599428765
005609,Savannah State College,Savannah State University,GA,South,4.0,32.024781,-81.063377,1.0,3.0,1.0,20.0,2727.0,5498.0,8683.0,0.6485,,,0.2517,0.0,1.0,-1.627996679611273,-0.70779695472595
002879,Schenectady County Cmty Coll,Schenectady County Community College,NY,Northeast,4.0,42.814412,-73.950008,1.0,2.0,2.0,3.0,1499.0,5924.0,5298.0,0.239,,,,0.0,0.0,-1.2805033019213683,0.4301572160736293
000835,Schiller International University,Schiller International University,FL,South,4.0,27.947866,-82.459292,3.0,3.0,1.0,29.0,35.0,13680.0,24840.0,0.1071,,,0.5,1.0,2.0,1.6697279793919961,-1.0869281126802344
001713,School of the Art Institute of Chicago,School of the Art Institute of Chicago,IL,Midwest,4.0,41.88105,-87.625758,2.0,3.0,1.0,30.0,2762.0,54530.0,49822.0,0.1911,0.7642,,0.6402,1.0,4.0,3.5453515785147096,1.353501589913356
002835,School of Visual Arts,School of Visual Arts,NY,Northeast,4.0,40.738809,-73.982359,3.0,3.0,1.0,18.0,3432.0,49140.0,58628.0,0.1472,0.9132,1337.0,0.7493,1.0,4.0,3.9063863881676912,1.7473790578894994
001764,Schoolcraft College,Schoolcraft Community College District,MI,Midwest,4.0,42.419279,-83.430958,1.0,2.0,1.0,14.0,6626.0,4448.0,5372.0,0.2719,,,0.153,0.0,0.0,-1.629732613951625,0.993825037908152
004693,Scripps College,Scripps College,CA,West,3.0,34.104147,-117.711294,2.0,3.0,1.0,21.0,1077.0,63434.0,38802.0,0.1147,0.3394,1480.0,0.8712,1.0,4.0,3.268474184272503,0.7434044230409925
004033,Seattle Central Community College,Seattle Central College,WA,West,4.0,47.616748,-122.321231,1.0,2.0,1.0,14.0,3879.0,4865.0,6329.0,0.2147,,,0.3141,0.0,0.0,-1.4808367781088692,1.035010035705949
004694,Seattle Pacific University,Seattle Pacific University,WA,West,4.0,47.650214,-122.361667,2.0,3.0,1.0,17.0,2073.0,38814.0,24820.0,0.3318,0.9109,1191.0,0.6215,1.0,2.0,1.634152650741663,0.36045822112380216
004695,Seattle University,Seattle University,WA,West,4.0,47.608859,-122.318851,2.0,3.0,1.0,17.0,4117.0,54285.0,34802.0,0.2161,0.7605,1266.0,0.7331,1.0,4.0,2.613213884234182,1.342122997820149
001792,Selma University,Selma University,AL,South,2.0,32.420387,-87.032392,2.0,3.0,1.0,-2.0,34.0,4800.0,,0.0,,,0.24,,,,
000316,Seminole Junior College,Seminole State College,OK,South,2.0,35.249515,-96.704908,1.0,2.0,2.0,1.0,1076.0,5460.0,15328.0,0.3604,,,,0.0,3.0,-1.1466679247196465,-0.8762662949590111
001842,Sewanee - The University of the South,The University of the South,TN,South,1.0,35.204719,-85.920179,2.0,3.0,1.0,21.0,1598.0,53698.0,27498.0,0.1488,0.509,1336.0,0.8237,1.0,5.0,2.033941376539967,-0.2934498058402861
004717,Shasta Bible College,Shasta Bible College and Graduate School,CA,West,4.0,40.566034,-122.314419,2.0,3.0,1.0,24.0,12.0,14535.0,,0.5417,1.0,,0.3333,,,,
004696,Shasta College,Shasta College,CA,West,3.0,40.625731,-122.317982,1.0,2.0,1.0,14.0,5536.0,1197.0,3743.0,0.3662,,,0.2913,0.0,0.0,-2.019178586218488,0.21057816907573568
005612,Shaw University,Shaw University,NC,South,4.0,35.771181,-78.637693,2.0,3.0,1.0,22.0,839.0,17176.0,14083.0,0.6515,0.3048,,0.2025,1.0,1.0,0.29329345035380067,-1.574913869332536
002812,Seton Hill College,Seton Hill University,PA,Northeast,3.0,40.309407,-79.557433,2.0,3.0,1.0,19.0,1581.0,41414.0,22558.0,0.295,0.7579,1186.0,0.7099,1.0,2.0,1.6373882322495292,-0.10878206049845988
002811,Seton Hall University,Seton Hall University,NJ,Northeast,3.0,40.742336,-74.246027,2.0,3.0,1.0,16.0,5924.0,51370.0,28921.0,0.3026,0.789,1308.0,0.7147,1.0,4.0,2.0646275019497566,0.6670437310690657
005615,Shepherd C,Shepherd University,WV,South,1.0,39.433071,-77.804101,1.0,3.0,1.0,20.0,2375.0,8642.0,12391.0,0.2694,0.9565,1022.0,0.4949,0.0,3.0,-1.3800419247917384,-0.5933584359946051
005613,Shenandoah University,Shenandoah University,VA,South,4.0,39.167355,-78.157433,2.0,3.0,1.0,17.0,2127.0,36028.0,30055.0,0.1865,0.7784,,0.7055,1.0,4.0,1.9234911912473067,0.8605648430512552
002657,Shippensburg University of Pennsylvania,Shippensburg University of Pennsylvania,PA,Northeast,2.0,40.057933,-77.522335,1.0,3.0,1.0,18.0,4179.0,13544.0,23553.0,0.296,0.8555,1090.0,0.5161,0.0,3.0,-0.5180626821642772,0.21982955146935662
004738,Shoreline Community College,Shoreline College,WA,West,3.0,47.747402,-122.358626,1.0,2.0,2.0,3.0,3109.0,4388.0,10116.0,0.1256,,,,0.0,0.0,-1.3090972475728144,0.8809705973969744
006649,Shorter College,Shorter College,AR,South,4.0,34.75933,-92.261331,2.0,2.0,2.0,1.0,290.0,6246.0,12993.0,0.8255,,,,1.0,1.0,-0.06139746862853549,-2.795069769214097
002814,Siena College,Siena University,NY,Northeast,3.0,42.717602,-73.7526,2.0,3.0,1.0,20.0,3447.0,44405.0,32697.0,0.2335,0.7057,1238.0,0.7584,1.0,4.0,2.194405380835242,0.6508198141117453
001719,Siena Heights College,Siena Heights University,MI,Midwest,2.0,41.905624,-84.018841,2.0,3.0,1.0,19.0,1533.0,29778.0,17185.0,0.309,0.6656,1033.0,0.5111,1.0,5.0,0.8240152662567319,-0.7742104500812503
004697,Sierra College,Sierra College,CA,West,3.0,38.790773,-121.211688,1.0,2.0,2.0,4.0,13455.0,1156.0,4462.0,0.1992,,,,0.0,0.0,-1.9920158524310563,1.2462332168167904
005616,Shorter College,Shorter University,GA,South,4.0,34.257543,-85.196529,2.0,3.0,1.0,20.0,1091.0,24044.0,16286.0,0.3744,0.9693,1075.0,0.3708,1.0,2.0,0.7886036975832375,-0.3959794580443681
007129,Shor Yoshuv Rab C,Sh'or Yoshuv Rabbinical College,NY,Northeast,3.0,40.605227,-73.740085,2.0,3.0,1.0,24.0,147.0,11700.0,11600.0,0.0449,,,0.0,1.0,2.0,0.7211133740217535,-0.7375078264391931
003761,Simmons University,Simmons University,MA,Northeast,4.0,42.3393,-71.099967,2.0,3.0,1.0,17.0,1750.0,45538.0,27313.0,0.2984,0.66,1332.0,0.7125,1.0,2.0,2.115369424989419,0.42871733996210243
006650,Simpson College,Simpson College,IA,Midwest,2.0,41.365503,-93.563471,2.0,3.0,1.0,22.0,1130.0,46212.0,22231.0,0.3265,0.8888,1410.0,0.6566,1.0,5.0,1.6203355789730431,-0.8121046740204249
007328,Sinte Gleska University,Sinte Gleska University,SD,Midwest,1.0,43.298878,-100.622549,1.0,3.0,1.0,33.0,579.0,4714.0,7075.0,0.5245,,,0.0,0.0,3.0,-1.7023139743207132,-2.2950965114125146
003403,Sisseton-Wahpeton Community College,Sisseton Wahpeton College,SD,Midwest,1.0,45.562731,-97.060835,1.0,2.0,1.0,33.0,209.0,4330.0,3050.0,0.5812,,,0.1296,0.0,3.0,-1.8142486022699962,-3.0538558695622244
004746,Skyline College,Skyline College,CA,West,3.0,37.63042,-122.467335,1.0,2.0,1.0,14.0,7132.0,1332.0,-1180.0,0.1009,,,0.4141,0.0,0.0,-2.113888579524874,1.20249437679528
002815,Skidmore College,Skidmore College,NY,Northeast,3.0,43.097035,-73.785335,2.0,3.0,1.0,21.0,2760.0,65030.0,34581.0,0.1371,0.2292,1388.0,0.8167,1.0,4.0,3.022146770044198,1.037735925260833
004699,Skagit Valley College,Skagit Valley College,WA,West,4.0,48.437194,-122.30894,1.0,2.0,1.0,14.0,2581.0,5620.0,6116.0,0.2819,,,0.336,0.0,0.0,-1.4577733670448834,0.599369364120601
002658,Slippery Rock U PA,Slippery Rock University of Pennsylvania,PA,Northeast,2.0,41.062719,-80.045965,1.0,3.0,1.0,18.0,6728.0,10507.0,19524.0,0.2809,0.7462,1086.0,0.6591,0.0,3.0,-0.8866818995923621,0.43309487736109403
004727,Snow College,Snow College,UT,West,2.0,39.360177,-111.58296,1.0,2.0,1.0,14.0,3552.0,4564.0,6071.0,0.2088,,,0.4355,0.0,3.0,-1.7230635335134599,0.19156979077385775
003762,Smith College,Smith College,MA,Northeast,4.0,42.318111,-72.638097,2.0,3.0,1.0,21.0,2501.0,61568.0,26181.0,0.1815,0.1973,1480.0,0.8966,1.0,4.0,2.5699620478657437,1.1027614465926112
004930,Solano Community College,Solano Community College,CA,West,3.0,38.235881,-122.122368,1.0,2.0,1.0,14.0,7688.0,1172.0,3869.0,0.2081,,,0.3377,0.0,0.0,-1.943020428831673,0.9306960223891769
004723,Sonoma State University,Sonoma State University,CA,West,3.0,38.340274,-122.677066,1.0,3.0,1.0,18.0,5374.0,8190.0,13801.0,0.3615,0.9473,,0.6052,0.0,0.0,-1.2642554464309252,0.39550496746868163
005618,South Carolina State University,South Carolina State University,SC,South,2.0,33.497968,-80.848722,1.0,3.0,1.0,20.0,2757.0,11060.0,18268.0,0.6849,0.8173,,0.2941,0.0,1.0,-1.2167150398456037,-1.4784162726458707
007124,South Central Tec C,South Central College,MN,Midwest,3.0,44.174319,-94.047428,1.0,2.0,2.0,8.0,1890.0,6146.0,10314.0,0.3248,,,,0.0,3.0,-1.2794125038517692,-0.13995425087480637
000711,South College Main Campus,South College,TN,South,4.0,35.958283,-83.97362,3.0,2.0,1.0,17.0,6323.0,17935.0,17182.0,0.4976,,,0.367,1.0,2.0,0.2856885936131594,0.010441323384812774
006652,South Dakota Sch of Mines and Technology,South Dakota School of Mines and Technology,SD,Midwest,4.0,44.075439,-103.205753,1.0,3.0,1.0,19.0,2042.0,10400.0,20380.0,0.1595,0.8525,1245.0,0.5817,0.0,0.0,-0.38090534048461266,1.0534279243713027
006653,South Dakota State University,South Dakota State University,SD,Midwest,2.0,44.317485,-96.782139,1.0,3.0,1.0,16.0,8798.0,9299.0,18219.0,0.161,0.9871,1121.0,0.5964,0.0,3.0,-0.9950708525000656,0.9166032773875307
005619,South Georgia College,South Georgia State College,GA,South,2.0,31.495903,-82.855231,1.0,2.0,1.0,23.0,1553.0,2970.0,9300.0,0.5223,,,0.2031,0.0,3.0,-1.7242884357147295,-1.3641220225020967
005889,South Georgia State College,South Georgia State College,GA,South,2.0,31.495903,-82.855231,1.0,2.0,1.0,23.0,1553.0,2970.0,9300.0,0.5223,,,0.2031,0.0,3.0,-1.7242884357147295,-1.3641220225020967
002467,South Hills Business School,South Hills School of Business & Technology,PA,Northeast,4.0,40.775033,-77.855466,3.0,2.0,2.0,1.0,241.0,19208.0,25192.0,0.4816,0.992,,,1.0,2.0,1.3794624843613739,-1.3894694782327939
003623,South Piedmont Cmty College,South Piedmont Community College,NC,South,1.0,35.000312,-80.211087,1.0,2.0,2.0,3.0,1555.0,2022.0,4072.0,0.1774,,,,0.0,3.0,-1.8863802536144454,-0.6350893826674627
006695,South Plains Colle Testing,South Plains College,TX,South,2.0,33.575904,-102.365075,1.0,2.0,2.0,1.0,6124.0,2581.0,7062.0,0.4002,,,,0.0,3.0,-1.975017397163863,-0.29084829704081083
004578,South Puget Sound Cmty Coll,South Puget Sound Community College,WA,West,4.0,47.023698,-122.929578,1.0,2.0,2.0,2.0,2692.0,5103.0,9090.0,0.2291,,,,0.0,0.0,-1.2805804504384528,0.8436697675911939
004759,South Seattle Community Coll,South Seattle College,WA,West,4.0,47.5475,-122.352672,1.0,2.0,1.0,14.0,1495.0,4865.0,6802.0,0.0981,,,0.2625,0.0,0.0,-1.2180334163305646,0.9817056964804483
001806,South Suburban College,South Suburban College,IL,Midwest,3.0,41.606427,-87.619123,1.0,2.0,2.0,3.0,2012.0,5093.0,2919.0,0.2243,,,,0.0,3.0,-1.6384289350580448,0.13611451713261377
006654,South Texas College,South Texas College,TX,South,4.0,26.217591,-98.253634,1.0,2.0,1.0,14.0,16131.0,4920.0,1291.0,0.3593,,,0.2758,0.0,0.0,-2.0944731210288894,1.0816797686206483
001189,Southeast Community College,Southeast Community College Area,NE,Midwest,4.0,40.81079,-96.62818,1.0,2.0,2.0,8.0,6235.0,3540.0,8470.0,0.211,,,,0.0,0.0,-1.435442235818285,1.215080730084651
006655,Southeast Missouri State University,Southeast Missouri State University,MO,Midwest,4.0,37.311107,-89.531187,1.0,3.0,1.0,18.0,6588.0,9496.0,14531.0,0.2948,0.785,1018.0,0.5568,0.0,0.0,-1.0060314310589737,1.0686505550514136
007054,Southeast Vo-Tech Institute,Southeast Technical College,SD,Midwest,4.0,43.570446,-96.780241,1.0,2.0,2.0,7.0,2164.0,7650.0,17165.0,0.3229,,,,0.0,0.0,-0.7693289479021542,0.44508045274845404
001781,Southeastern Baptist College,Southeastern Baptist College,MS,South,2.0,31.748512,-89.149373,2.0,2.0,1.0,23.0,65.0,5925.0,5603.0,0.7054,,,1.0,1.0,1.0,-0.38043849147868253,-4.023518362825477
005621,Southeastern College Assemblies of God,Southeastern University,FL,South,4.0,28.029733,-81.918382,2.0,3.0,1.0,17.0,4646.0,31732.0,30209.0,0.2214,0.7429,,0.433,1.0,4.0,1.654667498426647,1.0978831277658085
005651,Southeastern Community College,Southeastern Community College,NC,South,1.0,34.331749,-78.783365,1.0,2.0,2.0,5.0,821.0,2600.0,4474.0,0.4535,,,,0.0,3.0,-1.9600810582268993,-1.912651505275812
006656,Southeastern Louisiana University,Southeastern Louisiana University,LA,South,4.0,30.514652,-90.468676,1.0,3.0,1.0,18.0,9514.0,8373.0,12174.0,0.33,0.9428,1090.0,0.448,0.0,0.0,-1.3053886664550622,1.0961832031048804
006657,Southeastern Oklahoma State Un,Southeastern Oklahoma State University,OK,South,2.0,34.006808,-96.376864,1.0,3.0,1.0,18.0,3183.0,7200.0,6352.0,0.401,0.8034,1084.0,0.3333,0.0,3.0,-1.7732689755783082,-0.596869219888814
006661,Southern Arkansas University,Southern Arkansas University Main Campus,AR,South,2.0,33.291618,-93.235922,1.0,3.0,1.0,18.0,2865.0,9820.0,15944.0,0.446,0.6659,1050.0,0.465,0.0,3.0,-1.2007708215530661,-0.6584100010628355
003662,Southern Connecticut State University,Southern Connecticut State University,CT,Northeast,4.0,41.333225,-72.947897,1.0,3.0,1.0,18.0,6180.0,12828.0,20877.0,0.3727,0.8112,,0.4782,0.0,0.0,-0.5643764410152475,0.9167371874165577
003535,Southern Maine Technical Coll,Southern Maine Community College,ME,Northeast,4.0,43.646649,-70.229182,1.0,2.0,2.0,5.0,5279.0,3797.0,11638.0,0.2454,,,,0.0,0.0,-1.2063970813621163,1.1023779088306491
004702,Southern Oregon U,Southern Oregon University,OR,West,3.0,42.185077,-122.695081,1.0,3.0,1.0,18.0,2911.0,12093.0,16470.0,0.2434,0.8266,,0.4418,0.0,0.0,-0.8188622319875414,0.5703949837140393
005626,Southern Polytechnic State University,Life University,GA,South,4.0,33.932781,-84.514729,2.0,3.0,1.0,18.0,869.0,15036.0,30257.0,0.3923,0.9381,994.0,0.3214,1.0,2.0,1.2857991071303978,-0.4360481893840927
001752,Southern State Community Coll,Southern State Community College,OH,Midwest,2.0,39.236924,-83.614085,1.0,2.0,2.0,6.0,751.0,5687.0,10918.0,0.208,,,,0.0,3.0,-1.146854928158549,-0.5860651297307221
006663,Southern U A&M C,Southern University and A & M College,LA,South,4.0,30.524558,-91.190105,1.0,3.0,1.0,16.0,5323.0,9940.0,19740.0,0.6458,0.4987,938.0,0.2845,0.0,0.0,-1.0063618603614997,-0.18779762249098345
001647,Southern University at New Orleans,Southern University at New Orleans,LA,South,4.0,30.026162,-90.044912,1.0,3.0,1.0,19.0,1095.0,7490.0,15260.0,0.4458,0.6021,910.0,0.1786,0.0,0.0,-0.9199655026549559,-0.3409738988007566
000322,Southern University in Shreveport,Southern University at Shreveport,LA,South,4.0,32.545632,-93.834559,1.0,2.0,2.0,9.0,1974.0,4958.0,12890.0,0.5101,,,,0.0,0.0,-1.2632853781731128,-0.3254892113524825
004092,Southern Utah University,Southern Utah University,UT,West,2.0,37.674617,-113.070146,1.0,2.0,1.0,18.0,9533.0,6770.0,11432.0,0.2421,0.8047,,0.5899,0.0,3.0,-1.5496749829244938,0.6492818300397074
005896,Southern Wesleyan Univ,Southern Wesleyan University,SC,South,3.0,34.728068,-82.761586,2.0,3.0,1.0,20.0,771.0,27870.0,19968.0,0.2902,1.0,1106.0,0.5202,1.0,2.0,1.0995829290240515,-0.6032863511866285
000770,Southern West Virginia Community College,Southern West Virginia Community and Technical College,WV,South,2.0,37.851756,-82.023014,1.0,2.0,2.0,7.0,1146.0,4944.0,8064.0,0.5198,,,,0.0,3.0,-1.6819289069958991,-1.5096282811472455
003649,Southern New Hampshire Univ,Southern New Hampshire University,NH,Northeast,3.0,43.038922,-71.451842,2.0,3.0,1.0,18.0,156755.0,16450.0,33742.0,0.469,0.9612,,0.4487,1.0,4.0,0.6376840370207846,1.5416905137933838
006036,Southern Nazarene University,Southern Nazarene University,OK,South,3.0,35.513295,-97.629504,2.0,3.0,1.0,18.0,1459.0,29600.0,17838.0,0.4544,,,0.4879,1.0,2.0,0.8128202567608181,-0.8851923376808937
006660,Southern Methodist University,Southern Methodist University,TX,South,3.0,32.843612,-96.783365,2.0,3.0,1.0,16.0,7106.0,64460.0,41778.0,0.1186,0.6122,1424.0,0.8325,1.0,4.0,3.147995050707443,1.6293822529709074
007050,Southeastern Baptist Theological Seminary,Southeastern Baptist Theological Seminary,NC,South,3.0,35.981858,-78.513755,2.0,3.0,1.0,17.0,466.0,10646.0,6608.0,0.1826,0.7661,1090.0,0.4643,1.0,2.0,0.030337322613848652,-0.7661800242338371
006664,Southwest Baptist University,Southwest Baptist University,MO,Midwest,2.0,37.602425,-93.407056,2.0,3.0,1.0,18.0,1339.0,28320.0,21082.0,0.3513,0.9972,1084.0,0.5121,1.0,5.0,0.9768965709610626,-0.9454350945374593
003445,Southwest Florida C,Florida SouthWestern State College,FL,South,3.0,26.552403,-81.887102,1.0,2.0,1.0,23.0,10613.0,3401.0,8249.0,0.3357,,,0.3854,0.0,0.0,-1.8042470556732837,0.6367017051528184
006703,Southwest Minnesota State University,Southwest Minnesota State University,MN,Midwest,2.0,44.45373,-95.759548,1.0,3.0,1.0,18.0,2045.0,10304.0,14760.0,0.1081,0.6894,1020.0,0.4407,0.0,3.0,-0.8822496971593253,0.3417752190901206
001729,Southwest Mississippi Cmty Col,Southwest Mississippi Community College,MS,South,1.0,31.295121,-90.443295,1.0,2.0,2.0,4.0,1497.0,3960.0,3057.0,0.5525,,,,0.0,3.0,-2.1641280401398997,-1.9758690991292829
000274,Southwest Tennessee Community College,Southwest Tennessee Community College,TN,South,4.0,35.161335,-89.86634,1.0,2.0,2.0,1.0,5207.0,4550.0,4588.0,0.4226,,,,0.0,0.0,-1.8023495498179147,0.34402951457643854
006666,Southwest Texas Junior College,Southwest Texas College,TX,South,2.0,29.219671,-99.741237,1.0,2.0,2.0,3.0,3170.0,2646.0,7634.0,0.3563,,,,0.0,3.0,-1.8065341950447193,-0.4528676233126628
006671,Southwestern Adventist College,Southwestern Adventist University,TX,South,2.0,32.397617,-97.32702,2.0,3.0,1.0,22.0,574.0,24588.0,20581.0,0.3885,0.5552,1031.0,0.4109,1.0,5.0,0.8854625162848382,-1.5147799554247292
006669,Southwestern Assemblies of God College,Nelson University,TX,South,3.0,32.40443,-96.853492,2.0,3.0,1.0,20.0,1366.0,18610.0,19655.0,0.495,0.8423,1014.0,0.3553,1.0,2.0,0.5592388866491388,-1.1055084780730493
006705,Southwestern Christian College,Southwestern Christian College,TX,South,2.0,32.735508,-96.285649,2.0,2.0,1.0,14.0,128.0,12121.0,16870.0,0.9057,,,0.4918,1.0,1.0,0.14914110191685312,-4.20330318776227
006122,Southwestern Cmty Coll Creston,Southwestern Community College,IA,Midwest,2.0,41.073437,-94.380906,1.0,2.0,2.0,5.0,774.0,7024.0,9775.0,0.2385,,,,0.0,3.0,-1.1958330550060656,-0.6857953404121336
001433,Southwestern Col Christian Ministries,Southwestern Christian University,OK,South,3.0,35.513314,-97.63934,2.0,3.0,1.0,22.0,351.0,21316.0,19692.0,0.4109,,,0.1271,1.0,2.0,0.9177789809184939,-1.4611988546150396
006670,Southwestern College,Southwestern College,KS,Midwest,2.0,37.248608,-96.975405,2.0,3.0,1.0,22.0,1026.0,38480.0,27310.0,0.3946,0.6497,,0.3351,1.0,5.0,1.6223015264780132,-1.0786808184230756
004726,Southwestern College,Southwestern College,CA,West,4.0,32.640281,-116.996803,1.0,2.0,2.0,1.0,16640.0,1344.0,10893.0,0.3504,,,,0.0,0.0,-1.6732091605978274,1.3162380893799492
001783,Southwestern Michigan College,Southwestern Michigan College,MI,Midwest,1.0,41.965095,-86.082715,1.0,2.0,2.0,4.0,1396.0,6026.0,6463.0,0.3824,,,,0.0,3.0,-1.7233221030977415,-1.3612125391904208
004729,Southwestern Oregon Cmty Coll,Southwestern Oregon Community College,OR,West,2.0,43.395327,-124.25224,1.0,2.0,2.0,2.0,1199.0,6840.0,8815.0,0.3612,,,,0.0,3.0,-1.4564192619417116,-0.8282242349142391
006674,Southwestern University,Southwestern University,TX,South,4.0,30.634341,-97.665738,2.0,3.0,1.0,21.0,1454.0,51058.0,27468.0,0.2313,0.3907,1269.0,0.6934,1.0,4.0,2.261010522745019,0.5753034909895052
007047,Southwstrn Indian Poly Inst,Southwestern Indian Polytechnic Institute,NM,West,3.0,35.176084,-106.664475,1.0,2.0,2.0,33.0,233.0,1095.0,8683.0,0.342,,,,0.0,3.0,-1.2481424899156996,-1.1980181422095812
001552,Spalding University,Spalding University,KY,South,4.0,38.242407,-85.757725,2.0,3.0,1.0,18.0,597.0,27850.0,24264.0,0.3559,0.9864,1014.0,0.5732,1.0,2.0,1.4364597220944402,-0.49388875179697894
005668,Spartanburg Community College,Spartanburg Community College,SC,South,3.0,34.974587,-81.989811,1.0,2.0,2.0,4.0,5063.0,5046.0,6531.0,0.3838,,,,0.0,0.0,-1.7684562015062082,0.08904314318374262
005627,Spartanburg Methodist College,Spartanburg Methodist College,SC,South,3.0,34.955117,-81.970863,2.0,2.0,1.0,1.0,1029.0,19350.0,16295.0,0.6007,0.814,,0.3833,1.0,1.0,0.36502766216216725,-1.6588213322522503
005628,Spelman College,Spelman College,GA,South,4.0,33.745279,-84.411527,2.0,3.0,1.0,21.0,3633.0,30058.0,36828.0,0.2937,0.3409,1184.0,0.761,1.0,4.0,1.9405805095357755,0.8025572258116072
004752,Spokane Falls Cmty College,Spokane Falls Community College,WA,West,4.0,47.676741,-117.463538,1.0,2.0,1.0,14.0,2881.0,4058.0,7402.0,0.2909,,,0.3039,0.0,0.0,-1.459967849966604,0.6296968955175565
001732,Spring Arbor College,Spring Arbor University,MI,Midwest,1.0,42.206568,-84.556074,2.0,3.0,1.0,18.0,990.0,32580.0,20899.0,0.2591,0.3733,1072.0,0.5985,1.0,5.0,1.0936973014840803,-1.1528107489646864
003791,Springfield Tech Cmty Coll,Springfield Technical Community College,MA,Northeast,4.0,42.108827,-72.578514,1.0,2.0,2.0,7.0,3965.0,5520.0,8196.0,0.4695,,,,0.0,0.0,-1.4657968137534865,0.13587819089010417
003923,St Anthony College Nursing,Saint Anthony College of Nursing,IL,Midwest,4.0,42.310147,-88.991968,2.0,3.0,1.0,26.0,152.0,27811.0,,0.3481,1.0,,,,,,
006701,St Catherine University,St Catherine University,MN,Midwest,4.0,44.924926,-93.183761,2.0,3.0,1.0,17.0,2393.0,49758.0,21563.0,0.3582,0.9407,1190.0,0.6513,1.0,2.0,1.7878112292018495,0.27498191892925405
002847,St Elizabeth Hospital Ny,Saint Elizabeth College of Nursing,NY,Northeast,4.0,43.082768,-75.267857,2.0,2.0,2.0,10.0,146.0,19300.0,19736.0,0.3972,1.0,,,1.0,2.0,1.233170867611155,-1.4129107844658746
002796,St Francis College,St. Francis College,NY,Northeast,4.0,40.690233,-73.986559,2.0,3.0,1.0,22.0,1931.0,27570.0,21614.0,0.4723,,,0.5229,1.0,2.0,1.1235042614056585,-0.32774204682831065
001755,St Joseph College Loyola Univ,Loyola University Chicago,IL,Midwest,4.0,42.000765,-87.656872,2.0,3.0,1.0,16.0,11576.0,51716.0,35196.0,0.2324,0.8139,1283.0,0.7692,1.0,4.0,2.425775577482227,1.6957163392705197
006226,St Louis Community College,Saint Louis Community College,MO,Midwest,3.0,38.745678,-90.437078,1.0,2.0,1.0,2.0,11174.0,3660.0,6458.0,0.2943,,,0.1769,0.0,0.0,-1.812616819459223,0.7751011252086556
003625,St Luke's C Nursing,St Luke's College,IA,Midwest,4.0,42.520081,-96.404724,2.0,2.0,1.0,26.0,192.0,20940.0,13021.0,0.4643,0.4444,980.0,0.3333,1.0,1.0,0.7774045724194862,-1.6420490276339623
005601,St Mary's C Maryland,St. Mary's College of Maryland,MD,South,1.0,38.188047,-76.430994,1.0,3.0,1.0,21.0,1566.0,15236.0,18362.0,0.2017,0.7539,1232.0,0.6804,0.0,3.0,-0.7468682740756436,-0.43623636280332845
001706,St Norbert College,Saint Norbert College,WI,Midwest,3.0,44.44483,-88.067812,2.0,3.0,1.0,21.0,1749.0,44432.0,25674.0,0.1358,0.9215,1233.0,0.7357,1.0,4.0,1.9479155237606707,0.5183084039843031
006689,St Joseph Seminary C,Saint Joseph Seminary College,LA,South,1.0,30.526778,-90.113621,2.0,3.0,1.0,24.0,91.0,26770.0,39513.0,0.0748,,,0.4,1.0,5.0,2.3681520148390334,-1.447797464063472
003763,Springfield College,Springfield College,MA,Northeast,4.0,42.1022,-72.556647,2.0,3.0,1.0,17.0,1916.0,43707.0,29187.0,0.2166,0.7023,1120.0,0.6763,1.0,4.0,2.2091223163113827,0.7755106486388105
001733,Spring Hill College,Spring Hill College,AL,South,4.0,30.694751,-88.138199,2.0,3.0,1.0,22.0,850.0,23270.0,19514.0,0.3301,0.591,1090.0,0.5612,1.0,2.0,1.0104344775087095,-0.323546670830768
004739,Spokane Community College,Spokane Community College,WA,West,4.0,47.674034,-117.360065,1.0,2.0,1.0,14.0,4114.0,4057.0,6206.0,0.2775,,,0.3726,0.0,0.0,-1.5689340141205046,0.836126562951959
006617,St. Ambrose University,Saint Ambrose University,IA,Midwest,4.0,41.54065,-90.579854,2.0,3.0,1.0,17.0,2101.0,35598.0,22750.0,0.279,0.7332,,0.6285,1.0,2.0,1.5073493248669758,0.4158139004280722
000697,St. Augustine College,St. Augustine College,IL,Midwest,4.0,41.972414,-87.662806,2.0,2.0,1.0,23.0,749.0,13288.0,17082.0,0.7338,,,0.2775,1.0,1.0,0.34700316668077713,-1.913709110264223
002793,St. Bonaventure University,St Bonaventure University,NY,Northeast,2.0,42.080191,-78.481107,2.0,3.0,1.0,19.0,1892.0,40150.0,27151.0,0.2274,0.8153,1181.0,0.7039,1.0,5.0,1.7497740435443268,-0.13469993714683887
002794,St. Charles Borromeo Seminary-Overbrook,Saint Charles Borromeo Seminary-Overbrook,PA,Northeast,3.0,39.99133,-75.255675,2.0,3.0,1.0,24.0,41.0,25023.0,38775.0,0.125,1.0,,0.4444,1.0,2.0,2.705842765214774,-1.1818990434398668
000168,St. Charles County Community College,St Charles Community College,MO,Midwest,3.0,38.759703,-90.641105,1.0,2.0,2.0,1.0,5004.0,3000.0,5981.0,0.2484,,,,0.0,0.0,-1.697821206330634,0.5295564314531772
001986,St. Cloud Technical College,St Cloud Technical and Community College,MN,Midwest,4.0,45.579065,-94.175841,1.0,2.0,2.0,7.0,2808.0,4957.0,10956.0,0.352,,,,0.0,0.0,-1.244361986507579,0.3684847994848072
006619,St. Edward's University,Saint Edward's University,TX,South,4.0,30.229618,-97.754998,2.0,3.0,1.0,18.0,2729.0,51384.0,23636.0,0.3947,0.8369,1135.0,0.6418,1.0,2.0,1.843115785429098,0.2599325714599506
002797,St. Francis College,Saint Francis University,PA,Northeast,1.0,40.506734,-78.63904,2.0,3.0,1.0,18.0,1525.0,41720.0,19173.0,0.1784,0.7689,1151.0,0.7275,1.0,5.0,1.3232363973003072,-0.5760907484746408
001756,St. Francis Medical Center Col Nursing,Saint Francis Medical Center College of Nursing,IL,Midwest,4.0,40.701241,-89.590322,2.0,3.0,1.0,26.0,267.0,,,0.3238,,,,,,,
005650,St. John Vianney College Seminary,St. John Vianney College Seminary,FL,South,3.0,25.742579,-80.337411,2.0,3.0,1.0,24.0,18.0,23100.0,,0.0,1.0,,1.0,,,,
004737,St. John's College,St. John's College,NM,West,1.0,35.666974,-105.912478,2.0,3.0,1.0,21.0,369.0,38946.0,24351.0,0.2418,0.4946,1367.0,0.6,1.0,5.0,1.593586208656929,-1.4018447081866736
005598,St. John's College,St. John's College,MD,South,3.0,38.981598,-76.491359,2.0,3.0,1.0,21.0,488.0,39126.0,27934.0,0.2208,0.4429,1381.0,0.6741,1.0,2.0,1.9866856346863013,-0.4029495189108323
003295,St. John's Seminary College,Saint John's Seminary,MA,Northeast,4.0,42.344146,-71.161998,2.0,3.0,1.0,24.0,14.0,,,0.0,,,,,,,
002799,St. John's University,St. John's University-New York,NY,Northeast,4.0,40.722523,-73.796104,2.0,3.0,1.0,17.0,9742.0,50110.0,26985.0,0.2367,0.7967,1215.0,0.6846,1.0,4.0,2.015509750181566,1.5174019029462447
006624,St. John's University,Saint Johns University,MN,Midwest,1.0,45.580075,-94.393621,2.0,3.0,1.0,21.0,1468.0,53942.0,27018.0,0.1806,0.9048,1220.0,0.757,1.0,5.0,2.0601693097265397,-0.46201739711325385
003754,St. Joseph College,University of Saint Joseph,CT,Northeast,4.0,41.781041,-72.72965,2.0,3.0,1.0,18.0,825.0,45908.0,27375.0,0.361,0.7964,1100.0,0.697,1.0,2.0,2.198577875973089,-0.1591730692131204
003755,St. Joseph's College,Saint Joseph's College of Maine,ME,Northeast,1.0,43.826314,-70.483373,2.0,3.0,1.0,18.0,883.0,42834.0,24666.0,0.201,0.8172,1030.0,0.6855,1.0,5.0,1.7174268333282554,-0.8422908557093811
002801,St. Joseph's University,Saint Joseph's University - Philadelphia,PA,Northeast,4.0,39.994442,-75.238343,2.0,3.0,1.0,18.0,4742.0,51340.0,35487.0,0.1815,0.8639,1256.0,0.7983,1.0,4.0,2.660499832706666,1.481422698363599
002805,St. Lawrence University,St Lawrence University,NY,Northeast,2.0,44.589879,-75.161343,2.0,3.0,1.0,21.0,2040.0,63870.0,30561.0,0.2098,0.5847,1343.0,0.7965,1.0,4.0,2.6451595537922303,0.16233407892933177
005638,St. Leo University,Saint Leo University,FL,South,2.0,28.336776,-82.257801,2.0,3.0,1.0,17.0,7014.0,28360.0,18467.0,0.3682,0.721,,0.4878,1.0,5.0,0.5124787116533168,-0.2141350049360333
006626,St. Louis College of Pharmacy,Saint Louis University,MO,Midwest,4.0,38.636801,-90.2351,2.0,3.0,1.0,16.0,7324.0,53244.0,27075.0,0.1537,0.8147,1326.0,0.7975,1.0,4.0,2.1695862373308787,1.6447670880101417
004675,St. Mary's College of California,Saint Mary's College of California,CA,West,3.0,37.840731,-122.109031,2.0,3.0,1.0,18.0,2024.0,56134.0,31198.0,0.2381,0.8858,,0.6899,1.0,4.0,2.450941128570763,0.4689252481434841
006637,St. Mary's University,St. Mary's University,TX,South,4.0,29.453244,-98.562778,2.0,3.0,1.0,18.0,1911.0,36242.0,21352.0,0.4203,0.8895,989.0,0.6019,1.0,2.0,1.3026921073971751,-0.13375099655359327
006632,St. Mary's University of Minnesota,Saint Mary's University of Minnesota,MN,Midwest,2.0,44.044736,-91.695449,2.0,3.0,1.0,17.0,1061.0,43160.0,21034.0,0.2209,0.8881,,0.6767,1.0,5.0,1.555635233094297,-0.5073536327137526
001704,St. Mary-of-the-Woods College,Saint Mary-of-the-Woods College,IN,Midwest,1.0,39.508546,-87.463791,2.0,3.0,1.0,20.0,896.0,33490.0,43465.0,0.5055,0.7614,966.0,0.5227,1.0,5.0,2.1522027298302184,-1.752752099298949
003757,St. Michael's College,Saint Michael's College,VT,Northeast,3.0,44.494558,-73.167069,2.0,3.0,1.0,21.0,1157.0,50040.0,30033.0,0.177,0.9185,1241.0,0.6887,1.0,4.0,2.434166139259707,0.31049394276891235
006638,St. Olaf College,St Olaf College,MN,Midwest,2.0,44.461529,-93.182039,2.0,3.0,1.0,21.0,3049.0,56970.0,22752.0,0.2006,0.5215,1373.0,0.835,1.0,5.0,1.913188247087193,0.19622993238982764
005076,St. Thomas University,St. Thomas University,FL,South,3.0,25.922071,-80.253273,2.0,3.0,1.0,17.0,1963.0,34770.0,24275.0,0.2498,0.994,,0.4342,1.0,2.0,1.4223145937547332,0.10290783136338899
001708,St. Xavier University,Saint Xavier University,IL,Midwest,4.0,41.707199,-87.714749,2.0,3.0,1.0,18.0,3030.0,36840.0,12093.0,0.5599,0.8575,,0.59,1.0,2.0,0.7034305090118123,-0.5312554945761269
004704,Stanford University,Stanford University,CA,West,3.0,37.429434,-122.167359,2.0,3.0,1.0,15.0,7841.0,62484.0,12136.0,0.1923,0.0391,1553.0,0.9282,1.0,4.0,1.4484910678457683,1.0760990838961204
000310,Standing Rock College,Sitting Bull College,ND,Midwest,1.0,46.085288,-100.674735,1.0,2.0,1.0,33.0,226.0,4010.0,3455.0,0.6883,,,0.2388,0.0,1.0,-1.8964468637620608,-3.3889075499189736
002808,St. Vincent College,Saint Vincent College,PA,Northeast,3.0,40.29265,-79.403762,2.0,3.0,1.0,21.0,1264.0,41100.0,23331.0,0.2686,0.591,1120.0,0.7215,1.0,2.0,1.7242374603347403,-0.11754423174098287
002807,St. Thomas Aquinas College,St. Thomas Aquinas College,NY,Northeast,3.0,41.041576,-73.936799,2.0,3.0,1.0,20.0,1009.0,37720.0,21344.0,0.184,0.8223,,0.626,1.0,2.0,1.6166335164383654,0.02029455519572313
005427,State College Florida Manatee,State College of Florida-Manatee-Sarasota,FL,South,3.0,27.43804,-82.590887,1.0,2.0,1.0,23.0,7161.0,3074.0,21433.0,0.3606,,,0.3487,0.0,0.0,-1.0681949543321483,0.534439943967621
006709,State Fair Community College,State Fair Community College,MO,Midwest,2.0,38.696423,-93.268028,1.0,2.0,2.0,4.0,2475.0,4104.0,7485.0,0.3335,,,,0.0,3.0,-1.6590772378242622,-0.49718748485296543
007783,State Technical Coll Missouri,State Technical College of Missouri,MO,Midwest,1.0,38.467699,-91.814259,1.0,2.0,2.0,7.0,2023.0,7830.0,13958.0,0.2987,,,,0.0,3.0,-1.2625564963506921,-0.7689311908326012
002532,State University of New York at Albany,University at Albany,NY,Northeast,4.0,42.685489,-73.824662,1.0,3.0,1.0,15.0,12100.0,10408.0,18486.0,0.4212,0.6987,,0.6389,0.0,0.0,-0.9062309365050417,1.0291722103055032
005900,State University of West Georgia,University of West Georgia,GA,South,2.0,33.573621,-85.097762,1.0,3.0,1.0,17.0,7485.0,5971.0,15450.0,0.418,0.4937,1044.0,0.4274,0.0,3.0,-1.4703871293507853,-0.11739364492023102
006682,Stephen F. Austin State University,Stephen F Austin State University,TX,South,2.0,31.621056,-94.64908,1.0,3.0,1.0,18.0,8746.0,10600.0,15152.0,0.3679,0.8825,1074.0,0.5175,0.0,3.0,-1.3332198284904664,0.16113750570110516
006683,Stephens College,Stephens College,MO,Midwest,4.0,38.95204,-92.319204,2.0,3.0,1.0,20.0,353.0,28200.0,23277.0,0.4171,0.9155,1104.0,0.4651,1.0,2.0,1.484580200374472,-0.989118615428124
006684,Sterling College,Sterling College,KS,Midwest,1.0,38.219937,-98.208644,2.0,3.0,1.0,22.0,569.0,32200.0,22403.0,0.3167,0.5303,,0.2903,1.0,5.0,1.2043980021060625,-1.6101809568515872
003752,Sterling College,Sterling College,VT,Northeast,1.0,44.65225,-72.382372,2.0,3.0,1.0,22.0,66.0,40760.0,30785.0,0.3465,0.9231,,0.4286,1.0,5.0,2.271326324963345,-2.5563357091471004
005630,Stetson University,Stetson University,FL,South,4.0,29.035475,-81.300746,2.0,3.0,1.0,18.0,2292.0,55220.0,21318.0,0.3542,0.8643,1208.0,0.628,1.0,2.0,1.8926170386196937,0.3089116130936704
002819,Stevens Institute of Technology,Stevens Institute of Technology,NJ,Northeast,3.0,40.744776,-74.025334,2.0,3.0,1.0,16.0,4084.0,60952.0,40468.0,0.2047,0.4344,1447.0,0.8988,1.0,4.0,3.101353510055219,1.048194152392748
005856,Stevenson University,Stevenson University,MD,South,3.0,39.426413,-76.775809,2.0,3.0,1.0,18.0,3027.0,39708.0,26806.0,0.2894,0.832,,0.6642,1.0,2.0,1.6078972688921376,0.24341665161033046
001739,Stillman College,Stillman College,AL,South,4.0,33.200006,-87.585278,2.0,3.0,1.0,22.0,761.0,11392.0,12272.0,0.682,0.7422,,0.4103,1.0,1.0,0.014871219582269187,-1.792120738700195
003770,Stonehill College,Stonehill College,MA,Northeast,3.0,42.05905,-71.080632,2.0,3.0,1.0,21.0,2477.0,54500.0,29969.0,0.1479,0.7256,,0.8081,1.0,4.0,2.4685934019804336,0.8158180301245558
002548,Stony Brook University Suny,Stony Brook University,NY,Northeast,3.0,40.91476,-73.12046,1.0,3.0,1.0,15.0,17420.0,10560.0,18430.0,0.3837,0.4901,1410.0,0.7785,0.0,0.0,-1.0513695044285205,0.9335258198201959
007044,Stone Child College,Stone Child College,MT,West,1.0,48.289808,-109.870182,1.0,2.0,1.0,33.0,187.0,3610.0,5580.0,0.4164,,,0.325,0.0,3.0,-1.598999970685219,-2.4099422278830525
005632,Strayer College,Strayer University-District of Columbia,DC,South,4.0,38.904881,-77.034133,3.0,3.0,1.0,20.0,309.0,13920.0,,0.7111,,,0.0,,,,
002849,Suffolk County Cmty Coll,Suffolk County Community College,NY,Northeast,3.0,40.848963,-73.056165,1.0,2.0,2.0,1.0,14134.0,6440.0,4882.0,0.2263,,,,0.0,0.0,-1.7450166723524707,1.1716357930240424
002827,Suffolk County Cmty Coll Ammer,Suffolk County Community College,NY,Northeast,3.0,40.848963,-73.056165,1.0,2.0,2.0,1.0,14134.0,6440.0,4882.0,0.2263,,,,0.0,0.0,-1.7450166723524707,1.1716357930240424
003771,Suffolk University,Suffolk University,MA,Northeast,4.0,42.357945,-71.060917,2.0,3.0,1.0,17.0,4434.0,45380.0,30031.0,0.2741,0.8474,1197.0,0.5985,1.0,4.0,2.129889883276327,1.0092531575941432
000811,Sullivan College,Sullivan University,KY,South,4.0,38.212824,-85.670489,3.0,2.0,1.0,18.0,2498.0,14220.0,25785.0,0.1133,,,0.3018,1.0,2.0,1.0724891000497392,0.9999241905469355
002855,Sullivan County Cmty Coll Loch,Sullivan County Community College,NY,Northeast,1.0,41.7641,-74.667769,1.0,2.0,2.0,5.0,916.0,6288.0,9263.0,0.2671,,,,0.0,3.0,-1.359418454117356,-1.0776020753889235
006685,Sul Ross State University,Sul Ross State University,TX,South,2.0,30.363139,-103.651469,1.0,3.0,1.0,18.0,1378.0,7592.0,10991.0,0.5161,0.9562,984.0,0.2744,0.0,3.0,-1.4720401428316447,-1.348542429144623
002527,SUNY Agri/Tech Morrisville,SUNY Morrisville,NY,Northeast,1.0,42.893962,-75.640583,1.0,2.0,1.0,23.0,1860.0,8769.0,17393.0,0.5463,0.9123,,0.319,0.0,3.0,-1.1750862411937957,-1.5834178385227569
002535,SUNY Binghamton,Binghamton University,NY,Northeast,3.0,42.087868,-75.966889,1.0,3.0,1.0,15.0,14401.0,10363.0,21364.0,0.2747,0.3773,1415.0,0.8365,0.0,0.0,-0.787494591911623,1.2624672733708187
002537,SUNY Brockport,SUNY Brockport,NY,Northeast,2.0,43.211926,-77.947188,1.0,3.0,1.0,18.0,5381.0,8678.0,15844.0,0.3873,0.7129,1147.0,0.5664,0.0,3.0,-1.1848570742482698,-0.11398554886190516
002925,SUNY Buffalo,SUNY Buffalo State University,NY,Northeast,4.0,42.933832,-78.882125,1.0,3.0,1.0,18.0,5358.0,8486.0,14229.0,0.5333,0.7587,1080.0,0.3604,0.0,0.0,-1.1504745497774986,0.1617974882335178
002523,Suny Canton,SUNY College of Technology at Canton,NY,Northeast,2.0,44.604096,-75.182906,1.0,3.0,1.0,22.0,2778.0,8689.0,15001.0,0.4723,0.9634,,0.4406,0.0,3.0,-1.1919540819624244,-0.7508795808048474
002160,SUNY Ceramics Alfred,SUNY College of Technology at Alfred,NY,Northeast,1.0,42.255262,-77.794632,1.0,2.0,1.0,23.0,3510.0,8862.0,14488.0,0.448,0.8175,1059.0,0.5269,0.0,3.0,-1.3506812071403285,-0.963583763580341
002539,Suny Coll Fredonia,SUNY at Fredonia,NY,Northeast,2.0,42.452236,-79.337375,1.0,3.0,1.0,20.0,2860.0,8771.0,15644.0,0.3745,0.792,1213.0,0.5348,0.0,3.0,-1.0847019127907316,-0.3828865783597442
002530,SUNY College of Environmental Science and Forestry,SUNY College of Environmental Science and Forestry,NY,Northeast,4.0,43.034765,-76.138724,1.0,3.0,1.0,16.0,1725.0,9206.0,18730.0,0.2566,0.8294,,0.6994,0.0,0.0,-0.5003197144247173,0.6433369356138502
002538,SUNY Cortland,State University of New York at Cortland,NY,Northeast,2.0,42.598022,-76.188655,1.0,3.0,1.0,19.0,5896.0,8815.0,19951.0,0.2685,0.5071,,0.6825,0.0,3.0,-0.8846198119315624,0.406731164667366
002525,Suny Delhi,SUNY College of Technology at Delhi,NY,Northeast,1.0,42.269859,-74.924612,1.0,3.0,1.0,22.0,2597.0,8710.0,17387.0,0.461,0.8841,,0.4796,0.0,3.0,-1.1636358854271442,-1.118987635490831
002534,Suny Downstate Med Center,SUNY Downstate Health Sciences University,NY,Northeast,4.0,40.653855,-73.945535,1.0,3.0,1.0,25.0,286.0,,,0.078,,,,,,,
002214,SUNY Empire State Col,Empire State University,NY,Northeast,3.0,43.077283,-73.782484,1.0,3.0,1.0,18.0,7046.0,7630.0,11147.0,0.35,,,0.2932,0.0,0.0,-1.3615187620858,0.48660306548815235
002540,SUNY Geneseo,SUNY College at Geneseo,NY,Northeast,2.0,42.796645,-77.821894,1.0,3.0,1.0,20.0,3855.0,8966.0,18021.0,0.2541,0.6353,1296.0,0.7209,0.0,3.0,-0.906040599592302,0.22218281228040043
002547,SUNY Health Science Center Syracuse,Syracuse University,NY,Northeast,4.0,43.036644,-76.133989,2.0,3.0,1.0,15.0,15245.0,63061.0,41026.0,0.1622,0.4169,1351.0,0.8135,1.0,4.0,3.1410833372412768,2.2764060189826196
002536,SUNY Maritime College,SUNY Maritime College,NY,Northeast,4.0,40.807217,-73.795309,1.0,3.0,1.0,20.0,1242.0,8540.0,21781.0,0.2062,0.7851,1199.0,0.7485,0.0,0.0,-0.26775187071435314,0.69654777838056
002541,SUNY New Paltz,State University of New York at New Paltz,NY,Northeast,2.0,41.740936,-74.082188,1.0,3.0,1.0,18.0,6022.0,8524.0,18481.0,0.3287,0.587,1267.0,0.6888,0.0,3.0,-1.021266781216634,0.18315495060222414
002542,SUNY Oneonta,SUNY Oneonta,NY,Northeast,2.0,42.468861,-75.063632,1.0,3.0,1.0,19.0,4820.0,8812.0,18833.0,0.3334,0.7015,1181.0,0.7024,0.0,3.0,-0.9628362090700241,0.06345096610091672
002543,SUNY Oswego,State University of New York at Oswego,NY,Northeast,2.0,43.454287,-76.540798,1.0,3.0,1.0,18.0,5618.0,8769.0,17231.0,0.387,0.8039,1177.0,0.6037,0.0,3.0,-1.1145539373011477,-0.07198366319428667
002544,SUNY Plattsburgh,State University of New York at Plattsburgh,NY,Northeast,2.0,44.69293,-73.466536,1.0,3.0,1.0,19.0,3789.0,8881.0,16547.0,0.3854,0.7518,1180.0,0.5884,0.0,3.0,-1.0852667233749096,-0.26936761165834033
000755,SUNY Polytechnic Institute,SUNY Polytechnic Institute,NY,Northeast,3.0,43.137701,-75.229841,1.0,3.0,1.0,18.0,1773.0,8578.0,13882.0,0.3673,0.7844,1248.0,0.5918,0.0,3.0,-0.9859192864470289,-0.2112188584937273
002545,SUNY Potsdam,SUNY College at Potsdam,NY,Northeast,2.0,44.662148,-74.973815,1.0,3.0,1.0,19.0,1951.0,8712.0,14295.0,0.4265,0.8548,,0.4788,0.0,3.0,-1.138924733629637,-0.7735351350136843
002522,SUNY Technology at Alfred,SUNY College of Technology at Alfred,NY,Northeast,1.0,42.255262,-77.794632,1.0,2.0,1.0,23.0,3510.0,8862.0,14488.0,0.448,0.8175,1059.0,0.5269,0.0,3.0,-1.3506812071403285,-0.963583763580341
002820,Susquehanna University,Susquehanna University,PA,Northeast,2.0,40.797502,-76.875329,2.0,3.0,1.0,21.0,2120.0,57400.0,26539.0,0.2388,0.7871,1211.0,0.7409,1.0,5.0,2.208152630823604,-0.017351034044122186
002711,Sussex County Community Coll,Sussex County Community College,NJ,Northeast,1.0,41.067633,-74.758079,1.0,2.0,2.0,2.0,2055.0,5544.0,7054.0,0.3452,,,,0.0,3.0,-1.6850553860866606,-0.9892774630715733
002821,Swarthmore College,Swarthmore College,PA,Northeast,3.0,39.905159,-75.354278,2.0,3.0,1.0,21.0,1627.0,62412.0,18686.0,0.2001,0.0694,1527.0,0.9413,1.0,4.0,2.128899294222579,0.3197369818132348
005634,Sweet Briar College,Sweet Briar College,VA,South,1.0,37.556725,-79.081014,2.0,3.0,1.0,21.0,463.0,25110.0,23383.0,0.3129,0.7174,1227.0,0.481,1.0,5.0,1.0231912124157436,-1.7202292765714142
002823,Syracuse University,Syracuse University,NY,Northeast,4.0,43.036644,-76.133989,2.0,3.0,1.0,15.0,15245.0,63061.0,41026.0,0.1622,0.4169,1351.0,0.8135,1.0,4.0,3.1410833372412768,2.2764060189826196
002903,T Jefferson U Ctr Cty Abington,Thomas Jefferson University,PA,Northeast,4.0,39.948274,-75.158266,2.0,3.0,1.0,16.0,3708.0,45683.0,28163.0,0.3386,0.8614,1259.0,0.6819,1.0,4.0,2.017594098955447,0.6701985670905233
003892,T More C Lib Arts,Thomas More College of Liberal Arts,NH,Northeast,3.0,42.80683,-71.48437,2.0,3.0,1.0,21.0,95.0,29300.0,21511.0,0.5053,,,0.6154,1.0,1.0,1.4924402324264383,-2.323233186537418
006815,Tabor College,Tabor College,KS,Midwest,1.0,38.34858,-97.199773,2.0,3.0,1.0,22.0,530.0,35050.0,19868.0,0.3783,0.6462,1049.0,0.3289,1.0,5.0,1.1183529230893408,-1.8787656106065418
004826,Tacoma Community College,Tacoma Community College,WA,West,4.0,47.244622,-122.524793,1.0,2.0,1.0,14.0,4248.0,4920.0,9321.0,0.2432,,,0.3277,0.0,0.0,-1.3554396147781078,1.0210729197164308
004820,Taft College,Taft College,CA,West,2.0,35.149343,-119.459751,1.0,2.0,2.0,3.0,3216.0,1108.0,2699.0,0.1788,,,,0.0,3.0,-1.9682994196259096,0.1797155374252161
001800,Talladega College,Talladega College,AL,South,2.0,33.433472,-86.112704,2.0,3.0,1.0,22.0,782.0,15650.0,13461.0,0.7551,0.9925,,0.6497,1.0,1.0,-0.09183387777330494,-2.8078453700259383
005794,Tallahassee Community College,Tallahassee State College,FL,South,4.0,30.443866,-84.339,1.0,2.0,1.0,14.0,10357.0,2026.0,8478.0,0.3699,,,0.3692,0.0,0.0,-1.7368798912983012,0.9063177506807573
000514,Talmudic College of Florida,Talmudic College of Florida,FL,South,4.0,25.811996,-80.136293,2.0,3.0,1.0,24.0,26.0,16750.0,23529.0,0.3939,,,0.5882,1.0,2.0,1.5166554626082618,-2.2369624452201395
000686,Talmudical Academy of New Jersey,Talmudical Academy-New Jersey,NJ,Northeast,3.0,40.217456,-74.250167,2.0,3.0,1.0,24.0,78.0,15800.0,6666.0,0.5616,0.4167,,0.1,1.0,1.0,0.2821239693129875,-2.907965249372184
001426,Talmudical Institute of Upstate New York,Talmudical Institute of Upstate New York,NY,Northeast,4.0,43.147062,-77.574943,2.0,3.0,1.0,-2.0,16.0,6150.0,4479.0,0.6429,1.0,,0.1667,1.0,1.0,0.17118283542735635,-3.6360729473252937
000712,Talmudical Seminary Oholei Torah,Talmudical Seminary Oholei Torah,NY,Northeast,4.0,40.670089,-73.945759,2.0,3.0,1.0,24.0,353.0,8000.0,8174.0,0.6006,0.7808,,0.1395,1.0,1.0,-0.015598618391633895,-1.9263993751414192
001037,Talmudical Yeshiva of Philadelphia,Talmudical Yeshiva of Philadelphia,PA,Northeast,4.0,39.989249,-75.247964,2.0,3.0,1.0,24.0,120.0,10869.0,10120.0,0.2764,0.7551,,0.8158,1.0,2.0,0.5898052718179808,-1.2698247581630846
006817,Tarleton State University,Tarleton State University,TX,South,2.0,32.217805,-98.219039,1.0,3.0,1.0,16.0,12263.0,7878.0,20261.0,0.3711,0.942,1068.0,0.5123,0.0,3.0,-1.1971304135752936,0.3696730893902862
006837,Tarrant County College NE ,Tarrant County College District,TX,South,4.0,32.757362,-97.337149,1.0,2.0,2.0,1.0,40214.0,1728.0,6073.0,0.2749,,,,0.0,0.0,-2.012230782821883,1.87504192089719
001802,Taylor University,Taylor University,IN,Midwest,1.0,40.456246,-85.497034,2.0,3.0,1.0,22.0,1890.0,39104.0,24327.0,0.1312,0.7611,1232.0,0.7656,1.0,5.0,1.4700248922949681,-0.29502226504858436
003698,Teikyo-Post University,Post University,CT,Northeast,4.0,41.535549,-73.081497,3.0,3.0,1.0,18.0,18975.0,17100.0,19196.0,0.7298,,,0.3534,1.0,1.0,0.12776087493797383,-0.20679979502500218
007009,Telshe Yeshiva-Chicago,Telshe Yeshiva-Chicago,IL,Midwest,4.0,41.975536,-87.71755,2.0,3.0,1.0,-2.0,78.0,15000.0,6182.0,0.3797,1.0,,0.0769,1.0,1.0,0.4378508396924836,-1.917002860528565
002488,Taylor Business Inst Il,Taylor Business Institute,IL,Midwest,4.0,41.885452,-87.62671,3.0,2.0,2.0,8.0,70.0,12000.0,14735.0,0.1044,0.8929,,,1.0,2.0,1.0321229317077205,-0.9018973638278365
006834,Tarrant County College South,Tarrant County College District,TX,South,4.0,32.757362,-97.337149,1.0,2.0,2.0,1.0,40214.0,1728.0,6073.0,0.2749,,,,0.0,0.0,-2.012230782821883,1.87504192089719
006818,Temple College,Temple College,TX,South,4.0,31.070715,-97.350471,1.0,2.0,2.0,4.0,3168.0,3000.0,6934.0,0.4047,,,,0.0,0.0,-1.6326606704386775,0.18435659467353513
002906,Temple University,Temple University,PA,Northeast,4.0,39.980546,-75.156859,1.0,3.0,1.0,15.0,21249.0,22082.0,29219.0,0.3007,0.8292,,0.7468,0.0,0.0,0.02179065836141386,1.9533065239081189
001804,Tennessee Technological University,Tennessee Technological University,TN,South,2.0,36.174754,-85.504039,1.0,3.0,1.0,16.0,8495.0,10084.0,14207.0,0.3103,0.8316,1148.0,0.5423,0.0,3.0,-1.3504553657426432,0.33322955356833395
001805,Tennessee Wesleyan University,Tennessee Wesleyan University,TN,South,2.0,35.446331,-84.592728,2.0,3.0,1.0,22.0,832.0,29264.0,14879.0,0.3843,0.5941,1051.0,0.4363,1.0,5.0,0.6669444793647192,-1.3658680164998986
006819,Texarkana College,Texarkana College,TX,South,4.0,33.441868,-94.078,1.0,2.0,2.0,9.0,1609.0,2476.0,7236.0,0.2826,,,,0.0,0.0,-1.4333701490205726,0.2808406081728372
000359,Texas A&M International University,Texas A & M International University,TX,South,4.0,27.571172,-99.436043,1.0,3.0,1.0,18.0,6502.0,7846.0,3061.0,0.6333,0.4596,1008.0,0.4892,0.0,0.0,-1.9810649825580455,-0.2881333143381098
006003,Texas A&M University,Texas A&M University-College Station,TX,South,4.0,30.618726,-96.336475,1.0,3.0,1.0,15.0,59099.0,13099.0,20924.0,0.1923,0.6325,1272.0,0.8378,0.0,0.0,-0.8748446813969417,2.6326820912362314
006835,Texas A&M University at Galveston,The University of Texas Medical Branch at Galveston,TX,South,4.0,29.310758,-94.775956,1.0,3.0,1.0,27.0,559.0,,,0.2051,,,,,,,
006822,Texas A&M University at Kingsville,Texas A&M University-Kingsville,TX,South,2.0,27.525168,-97.882387,1.0,3.0,1.0,16.0,4622.0,9892.0,10204.0,0.5455,0.9229,1030.0,0.4559,0.0,3.0,-1.6556455488475057,-0.8513333870567618
000366,Texas A&M University Corpus Christi,Texas A & M University-Corpus Christi,TX,South,4.0,27.713723,-97.32395,1.0,3.0,1.0,16.0,7804.0,9748.0,15137.0,0.3965,0.8947,1086.0,0.3374,0.0,0.0,-1.1261602585905808,0.8139045683128353
006821,Texas College,Texas College,TX,South,4.0,32.37456,-95.312454,2.0,3.0,1.0,22.0,644.0,10008.0,10650.0,0.8536,,,0.1069,1.0,1.0,-0.21889369802950603,-2.5095722982099473
006824,Texas Southern University,Texas Southern University,TX,South,4.0,29.721046,-95.361113,1.0,3.0,1.0,16.0,6619.0,9173.0,19734.0,0.713,0.9335,913.0,0.1989,0.0,1.0,-1.1150840891341847,-0.32180815377614397
006825,Texas Southmost College,Texas Southmost College,TX,South,4.0,25.899628,-97.492241,1.0,2.0,2.0,3.0,3453.0,3148.0,5458.0,0.3138,,,,0.0,0.0,-1.6507041556120283,0.5274404900563813
000363,Texas State Tech Coll Amarillo,Amarillo College,TX,South,4.0,35.187839,-101.846988,1.0,2.0,2.0,4.0,7347.0,2136.0,6040.0,0.4395,,,,0.0,0.0,-1.8637221656660596,0.4590294105277339
006328,Texas State Tech Coll-Waco,Texas State Technical College,TX,South,4.0,31.639295,-97.08471,1.0,2.0,2.0,7.0,9153.0,7192.0,10280.0,0.4542,,,,0.0,0.0,-1.5311409109880885,0.6062987428745643
006667,Texas State University,Texas State University,TX,South,4.0,29.888885,-97.943029,1.0,3.0,1.0,16.0,34547.0,11450.0,16438.0,0.3615,0.8948,1093.0,0.5617,0.0,0.0,-1.2100622967104053,1.6998850006965203
006827,Texas Tech University,Texas Tech University,TX,South,4.0,33.583448,-101.874783,1.0,3.0,1.0,15.0,32446.0,11852.0,20071.0,0.2575,0.7089,1182.0,0.6749,0.0,0.0,-0.9145679657881337,2.087611790709917
003423,Texas Tech University Hlth Sci,Texas Tech University,TX,South,4.0,33.583448,-101.874783,1.0,3.0,1.0,15.0,32446.0,11852.0,20071.0,0.2575,0.7089,1182.0,0.6749,0.0,0.0,-0.9145679657881337,2.087611790709917
002519,The College of New Jersey,The College of New Jersey,NJ,Northeast,3.0,40.268651,-74.778791,1.0,3.0,1.0,18.0,6831.0,18685.0,25458.0,0.2013,0.6214,1247.0,0.8523,0.0,0.0,-0.1470934250281749,1.2622169635734157
002638,The New School: Parsons School of Design,The New School,NY,Northeast,4.0,40.735508,-73.997114,2.0,3.0,1.0,16.0,6819.0,56386.0,55359.0,0.1532,0.6252,,0.7119,1.0,4.0,3.837938360582864,2.066059819801094
001592,The Ohio State University,Ohio State University-Main Campus,OH,Midwest,4.0,39.999803,-83.007525,1.0,3.0,1.0,15.0,44617.0,12859.0,18292.0,0.1945,0.5082,1407.0,0.8773,0.0,0.0,-0.9248059348906432,2.4387304265995997
005108,The Citadel,Citadel Military College of South Carolina,SC,South,4.0,32.797183,-79.958775,1.0,3.0,1.0,18.0,2624.0,12570.0,21002.0,0.1918,0.9809,1184.0,0.7282,0.0,0.0,-0.4020694415615405,1.0955205431426713
000560,Thaddeus Stevens State School of Technology,Thaddeus Stevens College of Technology,PA,Northeast,4.0,40.037951,-76.288718,1.0,2.0,2.0,7.0,1449.0,9050.0,13291.0,0.4053,0.5294,1120.0,,0.0,0.0,-0.8822781979825672,-0.0419827278701352
006826,Texas Woman's University,Texas Woman's University,TX,South,4.0,33.226211,-97.127842,1.0,3.0,1.0,17.0,8804.0,8648.0,10948.0,0.4045,0.9499,,0.4421,0.0,0.0,-1.4076539899695486,0.7805346988180759
006828,Texas Wesleyan University,Texas Wesleyan University,TX,South,4.0,32.732962,-97.279613,2.0,3.0,1.0,17.0,1671.0,37934.0,19398.0,0.4114,0.6239,1051.0,0.3235,1.0,2.0,1.276813155978452,-0.18474890769932442
006820,Texas Christian University,Texas Christian University,TX,South,4.0,32.70961,-97.364758,2.0,3.0,1.0,16.0,10897.0,57220.0,33531.0,0.1347,0.426,1303.0,0.8569,1.0,4.0,2.530576334786022,2.0316353688877618
006206,Texas A&M University Texarkana,Texas A&M University-Texarkana,TX,South,4.0,33.490482,-94.103617,1.0,3.0,1.0,19.0,1748.0,7930.0,12637.0,0.5126,0.8019,1006.0,0.312,0.0,0.0,-1.1706625379951983,-0.3788222796002773
006188,Texas A&M University Commerce,East Texas A&M University,TX,South,2.0,33.242112,-95.904579,1.0,3.0,1.0,17.0,8249.0,10026.0,11268.0,0.405,0.9259,1067.0,0.4593,0.0,3.0,-1.57713106576769,-0.05546966696929845
002910,Thiel College,Thiel College,PA,Northeast,2.0,41.41354,-80.384383,2.0,3.0,1.0,22.0,773.0,36864.0,22746.0,0.3905,0.706,,0.4355,1.0,5.0,1.4300187943014973,-1.2317133929419632
004828,Thomas Aquinas College,Thomas Aquinas College,CA,West,1.0,34.429009,-119.087141,2.0,3.0,1.0,21.0,539.0,28700.0,25032.0,0.1977,0.7871,1277.0,0.8202,1.0,5.0,1.297621497503856,-1.1158908790285096
003903,Thomas College,Thomas College,ME,Northeast,2.0,44.524909,-69.664734,2.0,3.0,1.0,20.0,688.0,30896.0,19223.0,0.1534,0.9707,,0.5136,1.0,5.0,1.2628000826216803,-0.5410042660708622
000682,Thomas Edison State College,Thomas Edison State University,NJ,Northeast,4.0,40.220487,-74.768562,1.0,3.0,1.0,19.0,6685.0,6638.0,,0.2068,,,,,,,
007923,Thomas Jefferson U P4 Program,Thomas Jefferson University,PA,Northeast,4.0,39.948274,-75.158266,2.0,3.0,1.0,16.0,3708.0,45683.0,28163.0,0.3386,0.8614,1259.0,0.6819,1.0,4.0,2.017594098955447,0.6701985670905233
002666,Thomas Jefferson University,Thomas Jefferson University,PA,Northeast,4.0,39.948274,-75.158266,2.0,3.0,1.0,16.0,3708.0,45683.0,28163.0,0.3386,0.8614,1259.0,0.6819,1.0,4.0,2.017594098955447,0.6701985670905233
001876,Thomas More College,Thomas More University,KY,South,3.0,39.022963,-84.568923,2.0,3.0,1.0,20.0,1305.0,38400.0,20701.0,0.2247,0.9703,1140.0,0.4011,1.0,2.0,1.4230885079906885,-0.03618564494812848
005072,Thomas University,Thomas University,GA,South,2.0,30.815576,-83.963587,2.0,3.0,1.0,19.0,813.0,11640.0,19313.0,0.4678,0.4316,1037.0,0.2778,1.0,5.0,0.31452054668583035,-1.7222852085782274
003558,Three Rivers Community College,Connecticut State Community College,CT,Northeast,4.0,41.509945,-72.103039,1.0,2.0,2.0,4.0,32292.0,5092.0,8865.0,0.4371,,,,0.0,0.0,-1.7440749389065233,1.2911970900216456
006836,Three Rivers Community College,Three Rivers College,MO,Midwest,2.0,36.776571,-90.429769,1.0,2.0,2.0,1.0,1909.0,4860.0,9980.0,0.4691,,,,0.0,3.0,-1.5668326572963471,-1.063405388458139
005707,Tidewater Cmty Coll Chesapeake,Tidewater Community College,VA,South,4.0,36.85009,-76.291376,1.0,2.0,2.0,5.0,11797.0,5714.0,7991.0,0.2905,,,,0.0,0.0,-1.6115998361665322,1.266810495840631
005032,Tidewater Cmty Coll Norfolk,Tidewater Community College,VA,South,4.0,36.85009,-76.291376,1.0,2.0,2.0,5.0,11797.0,5714.0,7991.0,0.2905,,,,0.0,0.0,-1.6115998361665322,1.266810495840631
005787,Tidewater Cmty Coll Va Beach,Tidewater Community College,VA,South,4.0,36.85009,-76.291376,1.0,2.0,2.0,5.0,11797.0,5714.0,7991.0,0.2905,,,,0.0,0.0,-1.6115998361665322,1.266810495840631
005226,Tidewater Community College,Tidewater Community College,VA,South,4.0,36.85009,-76.291376,1.0,2.0,2.0,5.0,11797.0,5714.0,7991.0,0.2905,,,,0.0,0.0,-1.6115998361665322,1.266810495840631
001817,Tiffin University,Tiffin University,OH,Midwest,2.0,41.118316,-83.184197,2.0,3.0,1.0,18.0,1938.0,32400.0,23758.0,0.3553,0.7977,989.0,0.4295,1.0,5.0,1.1816355599549888,-0.7143662828031038
005799,Toccoa Falls College,Toccoa Falls College,GA,South,2.0,34.593414,-83.357617,2.0,3.0,1.0,22.0,820.0,23250.0,20133.0,0.1972,0.6337,1155.0,0.4601,1.0,5.0,0.91272324307183,-0.6803321087654856
002904,Tompkins-Cortland Cmty Coll,Tompkins Cortland Community College,NY,Northeast,1.0,42.502006,-76.287586,1.0,2.0,2.0,3.0,1456.0,6946.0,12851.0,0.1718,,,,0.0,3.0,-1.1470486973822704,-0.4600580468938986
007132,Torah Tem Talm Sem,Mesivta Torah Vodaath Rabbinical Seminary,NY,Northeast,4.0,40.6382,-73.969395,2.0,3.0,1.0,24.0,337.0,13950.0,5360.0,0.5407,0.8974,,0.3333,1.0,1.0,0.06578846677754846,-1.7392534378952025
001807,Tougaloo College,Tougaloo College,MS,South,4.0,32.403014,-90.16076,2.0,3.0,1.0,21.0,592.0,11398.0,15663.0,0.618,0.5319,,0.3231,1.0,1.0,0.28412420111593073,-1.6438223679957713
002902,Touro College,LIM College,NY,Northeast,4.0,40.754991,-73.979413,3.0,3.0,1.0,29.0,1142.0,31950.0,37514.0,0.3571,0.9875,1090.0,0.5299,1.0,2.0,2.2736109000584905,0.0656342098650065
005404,Towson  University,Towson University,MD,South,4.0,39.393622,-76.611164,1.0,3.0,1.0,18.0,16400.0,11306.0,16791.0,0.3346,0.828,1166.0,0.6762,0.0,0.0,-1.0591004509493156,1.4309087386079529
001808,Transylvania University,Transylvania University,KY,South,4.0,38.052983,-84.493202,2.0,3.0,1.0,21.0,1014.0,44980.0,23560.0,0.2405,0.8499,1285.0,0.6975,1.0,2.0,1.9189873270689892,0.2727157403791808
000207,Trenholm St Comm Coll Trenholm,H Councill Trenholm State Community College,AL,South,4.0,32.350109,-86.343057,1.0,2.0,2.0,7.0,1584.0,4890.0,5568.0,0.5519,,,,0.0,0.0,-1.6540488088474656,-0.682453912972498
000187,Trenholm State Cc Patterson,H Councill Trenholm State Community College,AL,South,4.0,32.350109,-86.343057,1.0,2.0,2.0,7.0,1584.0,4890.0,5568.0,0.5519,,,,0.0,0.0,-1.6540488088474656,-0.682453912972498
001809,Trevecca Nazarene College,Trevecca Nazarene University,TN,South,4.0,36.141324,-86.754238,2.0,3.0,1.0,17.0,1697.0,29790.0,14459.0,0.3049,0.7002,1090.0,0.5481,1.0,2.0,0.8481089425722038,0.07789841010648284
005785,Tri-County Community College,Tri-County Community College,NC,South,1.0,35.067021,-83.966476,1.0,2.0,2.0,3.0,435.0,2363.0,4584.0,0.2984,,,,0.0,3.0,-1.7438254463112586,-1.679562758363216
007133,Triangle Tech DuBois,Triangle Tech Inc-Dubois,PA,Northeast,1.0,41.147974,-78.795923,3.0,2.0,2.0,7.0,79.0,18575.0,20698.0,0.5616,,,,1.0,5.0,0.8748491820824972,-3.5061338461321276
000658,Triangle Tech: Greensburg School,Triangle Tech Inc-Greensburg,PA,Northeast,3.0,40.303168,-79.539468,3.0,2.0,2.0,7.0,100.0,18513.0,23919.0,0.4059,,,,1.0,2.0,1.365717974099129,-1.9837734869013868
000734,Triangle Tech: Pittsburgh Campus,Triangle Tech Inc-Pittsburgh,PA,Northeast,4.0,40.462003,-80.012781,3.0,2.0,2.0,7.0,90.0,18538.0,20789.0,0.6,,,,1.0,1.0,1.1855788740633324,-2.35377290242755
005551,Trident Tech College Palmer,Trident Technical College,SC,South,4.0,32.928767,-80.031276,1.0,2.0,2.0,5.0,11091.0,4564.0,-3220.0,0.2725,,,,0.0,0.0,-2.2211809392909,1.1379991101648377
005049,Trident Technical Coll Main,Trident Technical College,SC,South,4.0,32.928767,-80.031276,1.0,2.0,2.0,5.0,11091.0,4564.0,-3220.0,0.2725,,,,0.0,0.0,-2.2211809392909,1.1379991101648377
001811,Trine University,Trine University,IN,Midwest,2.0,41.632502,-85.008009,2.0,3.0,1.0,22.0,2344.0,35600.0,25580.0,0.1555,0.8469,,0.6761,1.0,5.0,1.4985357834387647,0.1282197058495644
000356,Trinity Bible College,Trinity Bible College and Graduate School,ND,Midwest,1.0,46.001037,-98.517906,2.0,3.0,1.0,24.0,138.0,18762.0,20396.0,0.5,0.3622,1120.0,0.3878,1.0,5.0,0.7729649831908698,-3.064902949208471
001820,Trinity Christian College,Trinity Christian College,IL,Midwest,3.0,41.667687,-87.783973,2.0,3.0,1.0,22.0,796.0,20325.0,16381.0,0.3329,0.8865,1154.0,0.6387,1.0,2.0,0.699800678817675,-0.8450223030167658
002555,Trinity Coll Nrsng Allied Hlth,Trinity College of Nursing & Health Sciences,IL,Midwest,4.0,41.484924,-90.568862,2.0,3.0,1.0,26.0,59.0,,,0.5432,,,,,,,
003899,Trinity College,Trinity College,CT,Northeast,4.0,41.747451,-72.690882,2.0,3.0,1.0,21.0,2193.0,67420.0,35009.0,0.1518,0.3352,1396.0,0.8276,1.0,4.0,3.2599694292636427,1.301320872005681
001979,Trinity College Florida,Trinity College of Florida,FL,South,3.0,28.194732,-82.678318,2.0,3.0,1.0,22.0,187.0,16300.0,21283.0,0.5637,0.963,905.0,0.0,1.0,1.0,0.8325790604796742,-2.3185604331161977
006831,Trinity University,Trinity University,TX,South,4.0,29.462682,-98.48186,2.0,3.0,1.0,21.0,2518.0,51352.0,23650.0,0.164,0.2816,1407.0,0.8193,1.0,4.0,2.0322954567072906,1.032317935282635
006271,Trinity Valley Community Coll,Trinity Valley Community College,TX,South,2.0,32.196596,-95.858513,1.0,2.0,1.0,4.0,4793.0,2640.0,3801.0,0.3013,,,0.2395,0.0,3.0,-2.033410929598125,-0.10814555528385927
005796,Trinity Washington University,Trinity Washington University,DC,South,4.0,38.927398,-77.004261,2.0,3.0,1.0,19.0,1415.0,26110.0,12233.0,0.5131,0.9919,,0.444,1.0,1.0,0.487481203585633,-0.798682517272272
001821,Triton College,Triton College,IL,Midwest,3.0,41.916082,-87.841056,1.0,2.0,2.0,6.0,6229.0,4920.0,4427.0,0.2591,,,,0.0,0.0,-1.7654202846661042,0.5907407610572976
002856,Trocaire College,Trocaire College,NY,Northeast,4.0,42.846693,-78.812398,2.0,2.0,1.0,26.0,962.0,19820.0,21236.0,0.5,0.8301,,0.1919,1.0,2.0,0.9578346225595579,-0.8233390061086884
001738,Troy State University,Troy University,AL,South,2.0,31.799583,-85.95802,1.0,3.0,1.0,18.0,10089.0,9792.0,13869.0,0.423,0.9261,1086.0,0.4684,0.0,3.0,-1.490400002643095,0.014845949818846127
001798,Troy State University in Montgomery,Alabama State University,AL,South,4.0,32.364317,-86.295677,1.0,3.0,1.0,17.0,3322.0,11248.0,13889.0,0.7203,0.9564,977.0,0.3018,0.0,1.0,-1.2633178265823437,-0.7548882525844622
001209,Troy U Columbus/Ft Benning,Troy University,GA,South,2.0,31.799583,-85.95802,1.0,3.0,1.0,18.0,10089.0,9792.0,13869.0,0.423,0.9261,1086.0,0.4684,0.0,3.0,-1.490400002643095,0.014845949818846127
004797,Troy University Columbus,Troy University,GA,South,2.0,31.799583,-85.95802,1.0,3.0,1.0,18.0,10089.0,9792.0,13869.0,0.423,0.9261,1086.0,0.4684,0.0,3.0,-1.490400002643095,0.014845949818846127
001796,Troy University Florida,Troy University,AL,South,2.0,31.799583,-85.95802,1.0,3.0,1.0,18.0,10089.0,9792.0,13869.0,0.423,0.9261,1086.0,0.4684,0.0,3.0,-1.490400002643095,0.014845949818846127
005798,Truett-Mcconnell College,Truett McConnell University,GA,South,1.0,34.596306,-83.748911,2.0,3.0,1.0,22.0,768.0,25568.0,22328.0,0.1037,0.9068,,0.4115,1.0,5.0,1.0624794353851716,-0.7461525413549784
006483,Truman State University,Truman State University,MO,Midwest,2.0,40.188267,-92.581658,1.0,3.0,1.0,19.0,2666.0,9470.0,12030.0,0.153,0.7996,1249.0,0.6839,0.0,3.0,-1.1286355336494907,0.27160833936807455
003901,Tufts University,Tufts University,MA,Northeast,3.0,42.40855,-71.118293,2.0,3.0,1.0,15.0,6804.0,67844.0,35435.0,0.1158,0.1013,1513.0,0.9333,1.0,4.0,3.028255703754798,1.587496143717743
006832,Tulane University,Tulane University of Louisiana,LA,South,4.0,29.940069,-90.122144,2.0,3.0,1.0,15.0,7759.0,65538.0,43939.0,0.0928,0.1459,1443.0,0.8891,1.0,4.0,3.4206285941521397,2.2078470490099305
006839,Tulsa Community College,Tulsa Community College,OK,South,4.0,36.147629,-95.986186,1.0,2.0,2.0,4.0,11397.0,3768.0,5999.0,0.3572,,,,0.0,0.0,-1.8220952186533965,0.9751789912217083
003897,Tunxis Community College,Connecticut State Community College,CT,Northeast,3.0,41.705498,-72.87754,1.0,2.0,2.0,4.0,32292.0,5092.0,8865.0,0.4371,,,,0.0,0.0,-1.8628922428961103,0.8835489172404568
001813,Tuskegee U,Tuskegee University,AL,South,2.0,32.4309,-85.708492,2.0,3.0,1.0,19.0,2367.0,23440.0,32977.0,0.4767,0.3143,1121.0,0.5709,1.0,5.0,1.2251036380792526,-0.9634106718929474
006833,Tyler Junior College,Tyler Junior College,TX,South,4.0,32.33601,-95.284122,1.0,2.0,1.0,14.0,9065.0,3112.0,9924.0,0.3562,,,0.2669,0.0,0.0,-1.5958952649045546,0.9156313109297225
004843,U Idaho,University of Idaho,ID,West,2.0,46.727406,-117.014167,1.0,3.0,1.0,16.0,7363.0,8816.0,13782.0,0.2276,0.7909,1088.0,0.609,0.0,3.0,-1.311583994087641,0.6182765088266053
000527,U Maryland Baltimore,University of Maryland Baltimore,MD,South,4.0,39.286864,-76.623983,1.0,3.0,1.0,27.0,959.0,,,0.2534,,,,,,,
001459,U Memphis,University of Memphis,TN,South,4.0,35.118878,-89.938068,1.0,3.0,1.0,15.0,13645.0,10344.0,13253.0,0.3996,0.9338,1051.0,0.4942,0.0,0.0,-1.2980793591159399,1.0565106958232218
003891,U Puerto Rico Carolina,University of Puerto Rico-Carolina,PR,Other/Territory,3.0,18.392069,-65.990165,1.0,3.0,1.0,22.0,2367.0,7986.0,14072.0,0.7419,0.5273,904.0,0.4023,0.0,1.0,-1.3958011583265975,-1.4171190497084727
000836,U Puerto Rico Ponce Tech U Cl,University of Puerto Rico at Ponce,PR,Other/Territory,4.0,17.993314,-66.606215,1.0,3.0,1.0,22.0,2276.0,5354.0,7455.0,0.8113,0.5614,,0.5058,0.0,1.0,-1.7562947616660465,-1.3809882831520723
001663,U Rio Grande,University of Rio Grande,OH,Midwest,1.0,38.881764,-82.378852,2.0,2.0,1.0,23.0,795.0,20560.0,29541.0,0.3585,,,0.3216,1.0,5.0,1.1523024577086807,-1.5683080395166538
002938,Ulster County Community Colleg,Ulster County Community College,NY,Northeast,1.0,41.851218,-74.128698,1.0,2.0,2.0,3.0,1265.0,6376.0,4586.0,0.1587,,,,0.0,3.0,-1.5734703062746962,-0.6007401752126476
006865,Union College,Bryan College of Health Sciences,NE,Midwest,4.0,40.796768,-96.651532,2.0,3.0,1.0,26.0,534.0,20070.0,25884.0,0.2124,0.6291,,0.7547,1.0,2.0,1.4726205689351535,-0.08061947015027371
001825,Union College,Union Commonwealth University,KY,South,2.0,36.870875,-83.888477,2.0,3.0,1.0,20.0,736.0,30946.0,23906.0,0.5062,0.5504,965.0,0.3603,1.0,5.0,1.1248579451633427,-1.720355765302791
002921,Union County College,UCNJ Union College of Union County New Jersey,NJ,Northeast,3.0,40.668595,-74.319138,1.0,2.0,2.0,4.0,7760.0,5280.0,7251.0,0.4377,,,,0.0,0.0,-1.7222405221884514,0.15689534171032524
002920,Union College,Union College,NY,Northeast,4.0,42.818097,-73.928788,2.0,3.0,1.0,21.0,2070.0,66456.0,36000.0,0.1315,0.4379,1410.0,0.8526,1.0,4.0,3.308487347390519,1.3518235713744637
004862,Umpqua Community College,Umpqua Community College,OR,West,2.0,43.289317,-123.332475,1.0,2.0,2.0,2.0,1974.0,5909.0,10168.0,0.317,,,,0.0,3.0,-1.4556831293457124,-0.4140745444285439
001826,Union University,Union University,TN,South,4.0,35.676896,-88.858524,2.0,3.0,1.0,17.0,1637.0,38450.0,26815.0,0.2521,0.4718,1243.0,0.7092,1.0,2.0,1.8135699224525867,0.4713027014073178
004830,United States Air Force Academy,United States Air Force Academy,CO,West,1.0,39.010957,-104.891358,1.0,3.0,1.0,22.0,4184.0,,,,0.1393,1362.0,0.8814,,,,
005807,United States Coast Guard Acad,United States Coast Guard Academy,CT,Northeast,4.0,41.375823,-72.101583,1.0,3.0,1.0,22.0,1081.0,,,,0.2432,1290.0,0.8789,,,,
004039,United States International University,United States University,CA,West,4.0,32.761148,-117.162166,3.0,3.0,1.0,26.0,167.0,6600.0,21557.0,0.1179,,,,1.0,2.0,1.0482991676954574,-0.3766990367827165
002924,United States Military Academy,United States Military Academy,NY,Northeast,2.0,41.388988,-73.956772,1.0,3.0,1.0,21.0,4439.0,,,,0.1398,1355.0,0.8541,,,,
005809,United States Naval Academy,United States Naval Academy,MD,South,3.0,38.980507,-76.481692,1.0,3.0,1.0,21.0,4465.0,,,,0.0936,1308.0,0.9185,,,,
000696,United Talmudical Seminary,United Talmudical Seminary,NY,Northeast,4.0,40.705687,-73.959113,2.0,3.0,1.0,24.0,2006.0,14133.0,6500.0,0.856,,,0.5694,1.0,1.0,-0.3865319470580914,-1.9532967437108808
004915,United Tribes Technical College,United Tribes Technical College,ND,Midwest,3.0,46.767157,-100.755131,2.0,2.0,1.0,33.0,532.0,4252.0,2010.0,0.751,,,0.3377,0.0,1.0,-0.80755972765983,-2.8155305136370674
000942,Univ Calif San Francisco,University of San Francisco,CA,West,4.0,37.776618,-122.450477,2.0,3.0,1.0,17.0,5697.0,58222.0,39495.0,0.2722,0.5077,1313.0,0.7113,1.0,4.0,2.888346503671933,1.3945801199979102
006756,Univ Central Texas,Texas A&M University-Central Texas,TX,South,1.0,31.053407,-97.775182,1.0,3.0,1.0,19.0,1698.0,6627.0,1113.0,0.4847,1.0,,,0.0,3.0,-2.1554868671724265,-1.6848777528504
006091,Univ Centrl Oklahoma,University of Central Oklahoma,OK,South,3.0,35.6552,-97.471508,1.0,3.0,1.0,18.0,10132.0,8522.0,18990.0,0.3546,0.8176,1050.0,0.375,0.0,0.0,-1.084521804017369,0.7278145220301143
004841,Univ Colorado Boulder,University of Colorado Boulder,CO,West,4.0,40.008781,-105.270823,1.0,3.0,1.0,15.0,30707.0,16430.0,21480.0,0.1477,0.8328,1353.0,0.7503,0.0,0.0,-0.595309366318541,2.5738973766370665
004874,Univ Colorado Colorado Spgs,University of Colorado Colorado Springs,CO,West,4.0,38.892735,-104.800296,1.0,3.0,1.0,16.0,8870.0,9712.0,16431.0,0.2625,0.9657,1140.0,0.4534,0.0,0.0,-0.9613613083780406,1.4447777011301257
000551,Univ Maryland Global Campus,University of Maryland Global Campus,MD,South,3.0,38.912706,-76.847584,1.0,3.0,1.0,18.0,48238.0,7992.0,14514.0,0.2844,,,0.2958,0.0,0.0,-1.528098500568256,1.679846306481214
006467,Univ Nebraska Kearney,University of Nebraska at Kearney,NE,Midwest,2.0,40.701452,-99.098699,1.0,3.0,1.0,18.0,4130.0,8302.0,16488.0,0.3354,0.8579,1089.0,0.5975,0.0,3.0,-1.133565951221776,-0.10058394653322236
000977,Univ New Mexico Gallup,University of New Mexico-Gallup Campus,NM,West,2.0,35.502662,-108.727252,1.0,2.0,2.0,8.0,891.0,2575.0,5467.0,0.2803,,,,0.0,3.0,-1.6549497995638316,-0.76306237086754
004509,Univ Of Alaska Anchorage,University of Alaska Anchorage,AK,West,4.0,61.190163,-149.82619,1.0,3.0,1.0,18.0,6916.0,7566.0,13780.0,0.191,0.6652,,0.2894,0.0,0.0,-1.073756535153868,1.5235257959950974
003912,Univ Of New Hampshire,Southern New Hampshire University,NH,Northeast,3.0,43.038922,-71.451842,2.0,3.0,1.0,18.0,156755.0,16450.0,33742.0,0.469,0.9612,,0.4487,1.0,4.0,0.6376840370207846,1.5416905137933838
002936,Univ Of Pittsburgh-Greensburg,University of Pittsburgh-Greensburg,PA,Northeast,3.0,40.276447,-79.532676,1.0,3.0,1.0,21.0,1322.0,14630.0,17034.0,0.3788,0.9792,1172.0,0.3963,0.0,3.0,-0.5993255312679707,-0.314510791000407
002986,Univ Pennsylvania Coll Gen Std,University of Pennsylvania,PA,Northeast,4.0,39.950929,-75.19391,2.0,3.0,1.0,15.0,10768.0,66104.0,31229.0,0.1572,0.0587,1545.0,0.9681,1.0,4.0,2.7672500001486764,2.006902678483128
002944,Univ Pennsylvania Dental Med,University of Pennsylvania,PA,Northeast,4.0,39.950929,-75.19391,2.0,3.0,1.0,15.0,10768.0,66104.0,31229.0,0.1572,0.0587,1545.0,0.9681,1.0,4.0,2.7672500001486764,2.006902678483128
002934,Univ Pittsburgh Johnstown,University of Pittsburgh-Johnstown,PA,Northeast,3.0,40.265957,-78.834163,1.0,3.0,1.0,22.0,1934.0,14646.0,18952.0,0.2912,0.959,1158.0,0.5345,0.0,0.0,-0.48839341531433644,0.20797466979948095
004368,Univ Redlands Johnston College,University of Redlands,CA,West,4.0,34.064218,-117.163218,2.0,3.0,1.0,18.0,2095.0,57614.0,22867.0,0.3511,0.8092,1231.0,0.7068,1.0,2.0,2.077422868010634,0.39048519731317094
005847,Univ S Carolina Salkehatchie,University of South Carolina-Salkehatchie,SC,South,1.0,33.014312,-81.301838,1.0,2.0,2.0,2.0,290.0,7558.0,12395.0,0.204,0.7629,,,0.0,3.0,-1.0357779827816318,-1.4061264746714504
005840,Univ South Carolina Aiken,University of South Carolina Aiken,SC,South,3.0,33.572704,-81.767612,1.0,3.0,1.0,20.0,2805.0,10760.0,11611.0,0.3692,0.7972,1063.0,0.4011,0.0,0.0,-1.2228889112699528,-0.04455202712014298
005845,Univ South Carolina Beaufort,University of South Carolina Beaufort,SC,South,2.0,32.303308,-80.973595,1.0,3.0,1.0,22.0,1958.0,10730.0,15309.0,0.4028,0.6918,,0.3859,0.0,3.0,-1.115100941918869,-0.6970388386725881
005849,Univ South Carolina Lancaster,University of South Carolina-Lancaster,SC,South,2.0,34.736282,-80.787069,1.0,2.0,2.0,3.0,649.0,7558.0,9735.0,0.1422,0.7585,,,0.0,3.0,-1.1365025527812718,-0.42102319077489625
005821,Univ South Carolina Sumter,University of South Carolina-Sumter,SC,South,4.0,33.934698,-80.373459,1.0,2.0,2.0,3.0,631.0,7558.0,9283.0,0.1614,0.7626,,,0.0,0.0,-0.9333530278392419,0.3066047901969533
005846,Univ South Carolina Union,University of South Carolina-Union,SC,South,2.0,34.717771,-81.621042,1.0,2.0,2.0,3.0,267.0,7558.0,11125.0,0.112,0.6989,,,0.0,3.0,-0.9014173989715895,-0.7327476953070547
000155,Univ St Francis,University of St Francis,IL,Midwest,3.0,41.532225,-88.096057,2.0,3.0,1.0,17.0,1292.0,37000.0,15834.0,0.3706,0.6393,1055.0,0.6463,1.0,2.0,1.0666961554238037,-0.6403763312890848
006906,Univ Texas Hlth Sci Ctr Houstn,The University of Texas Health Science Center at Houston,TX,South,4.0,29.702873,-95.403183,1.0,3.0,1.0,27.0,460.0,,,0.426,,,,,,,
001942,Univ Of Wisconsin Fond Du Lac,Marian University,WI,Midwest,4.0,43.777411,-88.420638,2.0,3.0,1.0,19.0,1055.0,33000.0,23341.0,0.3174,0.6685,,0.4119,1.0,2.0,1.5385329359482072,-0.06743473322250199
002503,Universal Tech Inst,Universal Technical Institute of Texas Inc.,TX,South,4.0,29.990487,-95.412113,3.0,2.0,2.0,-2.0,1823.0,,20819.0,0.5586,,,,,,,
002504,Universal Tech Inst,Universal Technical Institute of Arizona Inc,AZ,West,3.0,33.453005,-112.288123,3.0,2.0,2.0,11.0,1791.0,,27139.0,0.4444,,,,,,,
001020,Universidad Adventista de las Antillas,Universidad Adventista de las Antillas,PR,Other/Territory,3.0,18.205685,-67.111207,2.0,3.0,1.0,20.0,769.0,8050.0,8471.0,0.804,1.0,,0.4603,1.0,1.0,-0.4639646504230312,-2.6908096512707074
000614,Universidad Politecnica de Puerto Rico,Universidad Politecnica de Puerto Rico,PR,Other/Territory,4.0,18.422195,-66.056084,2.0,3.0,1.0,19.0,3791.0,9810.0,16338.0,0.6232,,,0.2356,1.0,1.0,0.01841213963233044,-0.7405128293070741
004833,University California Berkeley,University of California-Berkeley,CA,West,4.0,37.871918,-122.260463,1.0,3.0,1.0,15.0,33073.0,14850.0,14979.0,0.2733,0.1166,,0.9289,0.0,0.0,-1.097590641721788,2.068804454792881
004129,University California Merced,University of California-Merced,CA,West,3.0,37.366237,-120.424944,1.0,3.0,1.0,16.0,8372.0,14167.0,12744.0,0.5901,0.3918,,0.6915,0.0,0.0,-1.3855640157635987,-0.16698996860956364
003930,University College Of Bangor,Beal University,ME,Northeast,4.0,44.786465,-68.785428,3.0,2.0,1.0,7.0,503.0,,33857.0,0.6365,,,0.3415,,,,
007102,University of Advancing Comp Tech,University of Advancing Technology,AZ,West,4.0,33.377712,-111.976087,3.0,3.0,1.0,22.0,892.0,19430.0,20913.0,0.5773,0.9541,,0.3929,1.0,1.0,0.7868552798335036,-1.096702253031144
001829,University of Akron,Herzing University-Akron,OH,Midwest,3.0,41.02817,-81.493109,2.0,2.0,1.0,23.0,378.0,13420.0,20320.0,0.7832,0.9403,,0.2121,1.0,1.0,0.47322352772912346,-2.786601452334983
001830,University of Alabama,The University of Alabama,AL,South,4.0,33.211875,-87.545978,1.0,3.0,1.0,15.0,32323.0,11900.0,22150.0,0.1799,0.7582,1287.0,0.7369,0.0,0.0,-0.7420550539457029,2.3878367638699496
001856,University of Alabama at Birmingham,University of Alabama at Birmingham,AL,South,4.0,33.505697,-86.799345,1.0,3.0,1.0,15.0,12118.0,8832.0,17727.0,0.3318,0.8842,1251.0,0.626,0.0,0.0,-1.0341681527415503,1.2886126065643857
001854,University of Alabama in Huntsville,University of Alabama in Huntsville,AL,South,4.0,34.724557,-86.640449,1.0,3.0,1.0,15.0,6650.0,11770.0,19880.0,0.225,0.7425,1321.0,0.6191,0.0,0.0,-0.6559400661321542,1.4168476090849953
004896,University of Alaska Anchorage,University of Alaska Anchorage,AK,West,4.0,61.190163,-149.82619,1.0,3.0,1.0,18.0,6916.0,7566.0,13780.0,0.191,0.6652,,0.2894,0.0,0.0,-1.073756535153868,1.5235257959950974
004866,University of Alaska Fairbanks,University of Alaska Fairbanks,AK,West,4.0,64.85756,-147.823146,1.0,3.0,1.0,16.0,4027.0,8640.0,9634.0,0.2237,,,0.3197,0.0,0.0,-1.2038828262481285,1.091346371257929
004832,University of Arizona,University of Arizona,AZ,West,4.0,32.232672,-110.950815,1.0,3.0,1.0,15.0,40769.0,13626.0,15960.0,0.2624,0.8566,1261.0,0.6589,0.0,0.0,-1.10610232305912,2.2161202374038944
006866,University of Arkansas,University of Arkansas,AR,South,4.0,36.070009,-94.176981,1.0,3.0,1.0,15.0,27312.0,9748.0,17525.0,0.173,0.7167,1174.0,0.6997,0.0,0.0,-1.0220317192132113,2.251612112233781
000424,University of Arkansas for Medical Sciences,University of Arkansas for Medical Sciences,AR,South,4.0,34.750152,-92.322348,1.0,3.0,1.0,27.0,1361.0,,,0.2694,,,,,,,
006368,University of Arkansas Little Rock,University of Arkansas at Little Rock,AR,South,4.0,34.723254,-92.339778,1.0,3.0,1.0,16.0,4740.0,8455.0,16136.0,0.4105,0.5774,1049.0,0.4142,0.0,0.0,-1.0448579236565767,0.524167294126016
006004,University of Arkansas Pine Bluff,University of Arkansas at Pine Bluff,AR,South,2.0,34.244031,-92.018683,1.0,3.0,1.0,22.0,1899.0,9019.0,11679.0,0.6687,0.5754,916.0,0.3968,0.0,1.0,-1.5593316269708148,-1.7090087377973817
003914,University of Bridgeport,University of Bridgeport,CT,Northeast,4.0,41.164741,-73.190166,2.0,3.0,1.0,17.0,1450.0,35760.0,24786.0,0.5168,0.6431,985.0,0.4809,1.0,2.0,1.5489060491849898,-0.5298442437305316
004859,University of California Irvine,University of California-Irvine,CA,West,4.0,33.648434,-117.841248,1.0,3.0,1.0,15.0,29494.0,14237.0,12840.0,0.3729,0.2557,,0.8595,0.0,0.0,-1.2887302011936486,1.628329284686246
004837,University of California Los Angeles,University of California-Los Angeles,CA,West,4.0,34.07178,-118.442179,1.0,3.0,1.0,15.0,33040.0,13747.0,14013.0,0.271,0.0873,,0.9266,0.0,0.0,-1.1803279134442568,2.0560833891605617
004839,University of California Riverside,University of California-Riverside,CA,West,4.0,33.97246,-117.32741,1.0,3.0,1.0,15.0,22644.0,14170.0,13707.0,0.4669,0.633,,0.7656,0.0,0.0,-1.2754481654858336,1.1785483775629149
004860,University of California Santa Cruz,University of California-Santa Cruz,CA,West,4.0,36.995584,-122.058801,1.0,3.0,1.0,15.0,17812.0,14560.0,16607.0,0.3175,0.6254,,0.7445,0.0,0.0,-0.957076789155503,1.628445513160065
006012,University of Central Arkansas,University of Central Arkansas,AR,South,4.0,35.077945,-92.457672,1.0,3.0,1.0,17.0,7426.0,10118.0,16775.0,0.3734,0.9047,1117.0,0.5335,0.0,0.0,-1.002190819305487,0.8956382840265787
005233,University of Central Florida,University of Central Florida,FL,South,3.0,28.602159,-81.200889,1.0,3.0,1.0,15.0,59095.0,6368.0,10650.0,0.3342,0.3952,1268.0,0.7515,0.0,0.0,-1.8528270973262428,1.5411559854815353
001832,University of Chicago,University of Chicago,IL,Midwest,4.0,41.787994,-87.599539,2.0,3.0,1.0,15.0,7540.0,66939.0,18967.0,0.1447,0.0479,1554.0,0.9491,1.0,4.0,2.14996487611465,1.666283493921846
001833,University of Cincinnati,University of Cincinnati-Main Campus,OH,Midwest,4.0,39.131159,-84.51428,1.0,3.0,1.0,15.0,29123.0,13570.0,23156.0,0.1761,0.8767,1281.0,0.7155,0.0,0.0,-0.5634028454453922,2.364529473380028
000354,University of Cincinnati Blue Ash,University of Cincinnati-Blue Ash College,OH,Midwest,3.0,39.234333,-84.399956,1.0,2.0,1.0,14.0,4104.0,6992.0,9219.0,0.2219,,,0.1514,0.0,0.0,-1.3540803605224656,0.5950288452397327
003073,University of Cincinnati: Clermont College,University of Cincinnati-Clermont College,OH,Midwest,3.0,39.080645,-84.19437,1.0,2.0,1.0,14.0,2606.0,6554.0,9457.0,0.1126,,,0.246,0.0,0.0,-1.2001337593421708,0.7562443180055259
006868,University of Dallas,University of Dallas,TX,South,4.0,32.846221,-96.919512,2.0,3.0,1.0,18.0,1403.0,50880.0,25470.0,0.2636,0.542,1284.0,0.6802,1.0,2.0,2.129792354964263,0.415347288224083
001834,University of Dayton,University of Dayton,OH,Midwest,4.0,39.739547,-84.176113,2.0,3.0,1.0,16.0,8099.0,47600.0,31236.0,0.1552,0.6165,1313.0,0.8152,1.0,4.0,2.205619279087813,1.7104979658245392
005811,University of Delaware,University of Delaware,DE,South,3.0,39.679577,-75.752822,1.0,3.0,1.0,15.0,18812.0,16080.0,16931.0,0.1565,0.6511,1297.0,0.7878,0.0,0.0,-0.9120044946254056,1.750206395684922
004842,University of Denver,University of Denver,CO,West,4.0,39.678005,-104.963259,2.0,3.0,1.0,15.0,6059.0,59340.0,36037.0,0.1471,0.7119,1344.0,0.7795,1.0,4.0,2.8236307995074292,1.8248276209584833
006869,University of Dubuque,University of Dubuque,IA,Midwest,4.0,42.49726,-90.693428,2.0,3.0,1.0,19.0,1473.0,40065.0,23250.0,0.4037,0.8692,1119.0,0.4105,1.0,2.0,1.6276006320462022,-0.16295005802688592
007715,University Of Fort Lauderdale,University of Fort Lauderdale,FL,South,3.0,26.147098,-80.204938,2.0,3.0,1.0,32.0,259.0,9810.0,15245.0,0.5812,,,0.75,1.0,1.0,0.2517430321328388,-2.3446379017576904
005813,University of Georgia,University of Georgia,GA,South,4.0,33.956262,-83.374039,1.0,3.0,1.0,15.0,31310.0,11180.0,13816.0,0.1722,0.372,1397.0,0.8805,0.0,0.0,-1.1976941088069877,2.2798658749985012
000959,University of Guam,University of Guam,GU,Other/Territory,3.0,13.433047,144.803978,1.0,3.0,1.0,19.0,2573.0,6110.0,9424.0,0.311,,,0.4211,0.0,0.0,-1.3827788981537448,0.06489778533047229
004869,University of Hawaii at Hilo,University of Hawaii at Hilo,HI,West,2.0,19.701189,-155.080847,1.0,3.0,1.0,17.0,2260.0,7838.0,12063.0,0.3953,0.8977,1025.0,0.4163,0.0,3.0,-1.3777149010993053,-0.5845903322113415
006002,University Of Holy Cross,University of Holy Cross,LA,South,4.0,29.912003,-89.99445,2.0,3.0,1.0,20.0,405.0,16160.0,16780.0,0.2842,0.9901,,0.3582,1.0,2.0,0.8014346358926835,-0.6100522357188429
006870,University of Houston,University of Houston,TX,South,4.0,29.720393,-95.343537,1.0,3.0,1.0,15.0,37175.0,9711.0,13853.0,0.4089,0.6953,1229.0,0.6492,0.0,0.0,-1.4479645205375762,1.5225368879506824
006922,University of Houston Downtown,University of Houston-Downtown,TX,South,4.0,29.7661,-95.359338,1.0,3.0,1.0,18.0,12812.0,7708.0,14623.0,0.5162,0.9064,1041.0,0.3376,0.0,0.0,-1.3836309386282661,0.6170783352903975
001851,University of Illinois at Chicago,University of Illinois Chicago,IL,Midwest,4.0,41.871837,-87.650503,1.0,3.0,1.0,15.0,21814.0,14338.0,12313.0,0.4957,0.785,1242.0,0.603,0.0,0.0,-1.3193277315001846,0.9524696416253002
001321,University of Indianapolis,University of Indianapolis,IN,Midwest,4.0,39.709571,-86.133969,2.0,3.0,1.0,17.0,3147.0,36136.0,18748.0,0.3596,0.7276,,0.5581,1.0,2.0,1.1852668446096501,0.2796866748003791
006681,University of Iowa,University of Iowa,IA,Midwest,4.0,41.661935,-91.536425,1.0,3.0,1.0,15.0,21691.0,10964.0,21398.0,0.1775,0.8467,1220.0,0.7306,0.0,0.0,-0.6907000822312036,2.173427252184429
006871,University of Kansas,University of Kansas,KS,Midwest,4.0,38.958549,-95.247567,1.0,3.0,1.0,15.0,19857.0,11700.0,17365.0,0.1953,0.882,1186.0,0.6879,0.0,0.0,-0.883831125725062,2.0163201239468806
001837,University of Kentucky,University of Kentucky,KY,South,4.0,38.038911,-84.504747,1.0,3.0,1.0,15.0,23189.0,13212.0,17218.0,0.215,0.9238,1213.0,0.6993,0.0,0.0,-0.9412716636483882,2.040840474200255
006672,University of Louisiana Lafayette,University of Louisiana at Lafayette,LA,South,4.0,30.212191,-92.020165,1.0,3.0,1.0,15.0,12269.0,10418.0,14118.0,0.3877,0.8883,1219.0,0.52,0.0,0.0,-1.2240362090766996,1.0583375796196646
006482,University of Louisiana Monroe,University of Louisiana at Monroe,LA,South,4.0,32.527748,-92.07374,1.0,3.0,1.0,17.0,4891.0,9190.0,11633.0,0.3341,0.7456,1102.0,0.506,0.0,0.0,-1.2094875454681435,0.7512334062316938
001838,University of Louisville,University of Louisville,KY,South,4.0,38.216862,-85.760412,1.0,3.0,1.0,15.0,14187.0,12828.0,17634.0,0.288,0.8054,1147.0,0.6068,0.0,0.0,-0.9101791578242993,1.5447218222463361
005372,University Of Lynchburg,University of Lynchburg,VA,South,4.0,37.399774,-79.181653,2.0,3.0,1.0,17.0,1599.0,35540.0,20187.0,0.2731,0.8219,1101.0,0.6162,1.0,2.0,1.3599998792832517,0.27599153059615783
003916,University of Maine,University of Maine,ME,Northeast,3.0,44.899257,-68.669332,1.0,3.0,1.0,15.0,8341.0,12606.0,18045.0,0.2196,0.9571,,0.5643,0.0,0.0,-0.7702531909338369,1.15554251214686
003393,University of Maine at Fort Kent,University of Maine at Fort Kent,ME,Northeast,1.0,47.250389,-68.589319,1.0,3.0,1.0,22.0,638.0,9045.0,10865.0,0.139,0.9907,,0.3984,0.0,3.0,-1.0368247245312456,-0.7652954133792386
006428,University of Mary,University of Mary,ND,Midwest,1.0,46.723767,-100.75274,2.0,3.0,1.0,17.0,2280.0,21468.0,18568.0,0.178,0.7825,,0.6819,1.0,5.0,0.5685125102753585,-0.5588052812105565
005835,University of Maryland: Baltimore County,University of Maryland-Baltimore County,MD,South,3.0,39.256686,-76.711607,1.0,3.0,1.0,15.0,10434.0,12952.0,18328.0,0.296,0.7424,1299.0,0.7055,0.0,0.0,-0.9466035422535597,0.9676619548613015
005400,University of Maryland: Easter,University of Maryland Eastern Shore,MD,South,2.0,38.207386,-75.686852,1.0,3.0,1.0,16.0,2165.0,8898.0,14035.0,0.5261,0.9036,,0.3464,0.0,3.0,-1.348221798756941,-1.1107096996965373
003917,University of Massachusetts Amherst,University of Massachusetts-Amherst,MA,Northeast,4.0,42.385999,-72.526728,1.0,3.0,1.0,15.0,23694.0,17357.0,23691.0,0.2029,0.5777,1393.0,0.8316,0.0,0.0,-0.35699407199519445,2.245102319894786
003786,University of Massachusetts Dartmouth,University of Massachusetts-Dartmouth,MA,Northeast,3.0,41.62869,-71.004552,1.0,3.0,1.0,16.0,5289.0,15208.0,20605.0,0.3564,0.9216,1152.0,0.4897,0.0,0.0,-0.5896225921264395,0.5010596237751942
006791,University of Massachusetts Global,University of Massachusetts Global,CA,West,4.0,33.656401,-117.769012,1.0,3.0,1.0,17.0,4902.0,12520.0,31601.0,0.2292,,,0.0,0.0,0.0,0.05039928797812287,1.496224329270629
001839,University of Michigan,Eastern Michigan University,MI,Midwest,3.0,42.251675,-83.627443,1.0,3.0,1.0,16.0,10751.0,15510.0,17084.0,0.3656,0.8135,1046.0,0.4549,0.0,0.0,-0.9385611205982323,0.7268482000012471
001861,University of Michigan: Dearborn,University of Michigan-Dearborn,MI,Midwest,4.0,42.317287,-83.231417,1.0,3.0,1.0,18.0,5882.0,14944.0,10904.0,0.4385,0.5863,1127.0,0.5655,0.0,0.0,-1.1287846769354823,0.49160966796752564
001853,University of Michigan: Flint,University of Michigan-Flint,MI,Midwest,4.0,43.01875,-83.690276,1.0,3.0,1.0,17.0,4157.0,14014.0,12280.0,0.3467,0.6883,1104.0,0.4456,0.0,0.0,-0.9588943714223046,0.6565493970943046
006873,University of Minnesota: Duluth,University of Minnesota-Duluth,MN,Midwest,4.0,46.817126,-92.084385,1.0,3.0,1.0,18.0,7475.0,14318.0,18464.0,0.1824,0.8175,1221.0,0.6445,0.0,0.0,-0.5848757260336803,1.6114879012514092
006890,University of Minnesota: Morris,University of Minnesota-Morris,MN,Midwest,2.0,45.589775,-95.899729,1.0,3.0,1.0,21.0,980.0,14288.0,9110.0,0.3081,0.7046,,0.6193,0.0,3.0,-1.1034326246459671,-0.777412998678694
006874,University of Minnesota: Twin Cities,University of Minnesota-Twin Cities,MN,Midwest,4.0,44.972851,-93.235464,1.0,3.0,1.0,15.0,30469.0,16488.0,17139.0,0.1687,0.7703,1359.0,0.8482,0.0,0.0,-0.7984230593353209,2.3485733573059098
001840,University of Mississippi,University of Mississippi,MS,South,2.0,34.365529,-89.537434,1.0,3.0,1.0,15.0,18995.0,9412.0,13164.0,0.2241,0.9778,1187.0,0.6849,0.0,0.0,-1.4852800873290548,1.0150540777549957
006875,University of Missouri: Columbia,University of Missouri-Columbia,MO,Midwest,4.0,38.94531,-92.328843,1.0,3.0,1.0,15.0,23118.0,14130.0,19889.0,0.201,0.7702,1247.0,0.7618,0.0,0.0,-0.7042032669789374,2.1215097817726125
006872,University of Missouri: Kansas City,University of Missouri-Kansas City,MO,Midwest,4.0,39.034179,-94.582141,1.0,3.0,1.0,16.0,6618.0,11988.0,12837.0,0.2498,0.7499,1230.0,0.5589,0.0,0.0,-0.9879094751208837,1.2218266075031927
006889,University of Missouri: St. Louis,University of Missouri-St Louis,MO,Midwest,3.0,38.710312,-90.311091,1.0,3.0,1.0,16.0,5108.0,13440.0,12323.0,0.1785,0.5716,1147.0,0.5687,0.0,0.0,-0.9956869270910593,0.9395539773409505
001515,University of Mobile,University of Mobile,AL,South,1.0,30.793247,-88.128934,2.0,3.0,1.0,20.0,1079.0,26120.0,19603.0,0.2986,0.7251,1220.0,0.5551,1.0,5.0,0.7313363108943272,-1.298655229402844
001004,University of Montevallo,University of Montevallo,AL,South,2.0,33.10625,-86.865099,1.0,3.0,1.0,19.0,2087.0,13710.0,17053.0,0.3904,0.539,,0.4938,0.0,3.0,-0.9330122969004675,-0.5789355211316755
006420,University of Nebraska Omaha,University of Nebraska at Omaha,NE,Midwest,4.0,41.258769,-96.008516,1.0,3.0,1.0,16.0,11573.0,8370.0,12791.0,0.331,0.869,1120.0,0.475,0.0,0.0,-1.2480266164581726,1.1880726471556982
006877,University of Nebraska-Lincoln,University of Nebraska-Lincoln,NE,Midwest,4.0,40.817598,-96.700508,1.0,3.0,1.0,15.0,18886.0,10108.0,17424.0,0.2217,0.7707,1191.0,0.6585,0.0,0.0,-0.9408874337853417,1.8893319654288887
004861,University of Nevada: Las Vegas,University of Nevada-Las Vegas,NV,West,4.0,36.106047,-115.138462,1.0,3.0,1.0,15.0,24131.0,9142.0,10011.0,0.4026,0.9626,1091.0,0.5012,0.0,0.0,-1.5841675270636242,1.3533675582044615
003751,University of New England,University of New England,ME,Northeast,3.0,43.458591,-70.38535,2.0,3.0,1.0,16.0,2189.0,42550.0,37109.0,0.1189,0.9197,,0.6083,1.0,4.0,2.532711427650533,0.8792160529197269
003918,University of New Hampshire,University of New Hampshire-Main Campus,NH,Northeast,2.0,43.135934,-70.932465,1.0,3.0,1.0,15.0,11230.0,19112.0,23261.0,0.1773,0.8687,1229.0,0.7645,0.0,3.0,-0.42925052221934357,1.1567770401729391
002094,University of New Hampshire Manchester,University of New Hampshire at Manchester,NH,Northeast,4.0,42.987209,-71.468755,1.0,3.0,1.0,21.0,486.0,15820.0,13302.0,0.32,0.8733,1140.0,0.6508,0.0,0.0,-0.4435947929079622,-0.23684129814937457
006379,University of New Orleans,University of New Orleans,LA,South,4.0,30.027704,-90.067142,1.0,3.0,1.0,16.0,4479.0,9172.0,11147.0,0.4044,0.6677,1056.0,0.4251,0.0,0.0,-1.2761974828015215,0.45355055490358126
001735,University of North Alabama,University of North Alabama,AL,South,4.0,34.80731,-87.680407,1.0,3.0,1.0,18.0,5468.0,11990.0,11024.0,0.2411,0.9648,,0.5403,0.0,0.0,-1.104027630753269,1.1430518990622562
005013,University of North Carolina Asheville,University of North Carolina Asheville,NC,South,4.0,35.617068,-82.565392,1.0,3.0,1.0,21.0,2790.0,7461.0,12865.0,0.3133,0.9389,1247.0,0.5495,0.0,0.0,-1.0923990821714415,0.5534989301449296
005816,University of North Carolina at Chapel Hill,University of North Carolina at Chapel Hill,NC,South,4.0,35.911769,-79.050969,1.0,3.0,1.0,15.0,20556.0,8989.0,12983.0,0.2026,0.1874,1454.0,0.9207,0.0,0.0,-1.2657884596018718,1.93981555590105
005105,University of North Carolina Charlotte,University of North Carolina at Charlotte,NC,South,4.0,35.306022,-80.730919,1.0,3.0,1.0,16.0,23567.0,7214.0,14745.0,0.3378,0.8021,1202.0,0.6771,0.0,0.0,-1.3498864709188043,1.5443144730298093
005913,University of North Carolina Greensboro,University of North Carolina at Greensboro,NC,South,4.0,36.068236,-79.809414,1.0,3.0,1.0,16.0,13848.0,7593.0,10170.0,0.471,0.8983,1187.0,0.579,0.0,0.0,-1.6022251268751129,0.7524910167485617
005534,University of North Carolina Pembroke,University of North Carolina at Pembroke,NC,South,2.0,34.688313,-79.200347,1.0,3.0,1.0,18.0,5386.0,3571.0,9918.0,0.4763,0.9236,,0.4452,0.0,3.0,-1.8312482344420495,-0.5764443195586241
005512,University of North Carolina School of the Arts,University of North Carolina School of the Arts,NC,South,4.0,36.076183,-80.235672,1.0,3.0,1.0,30.0,902.0,9477.0,12372.0,0.2478,0.331,1250.0,0.7919,0.0,0.0,-0.8326031196455308,0.23329944541170125
006878,University of North Dakota,University of North Dakota,ND,Midwest,4.0,47.921654,-97.071738,1.0,3.0,1.0,16.0,9296.0,10951.0,18998.0,0.1648,0.7709,,0.6333,0.0,0.0,-0.6777656714756352,1.7669320707559713
005490,University of North Florida,University of North Florida,FL,South,4.0,30.27194,-81.509144,1.0,3.0,1.0,16.0,13915.0,6389.0,10353.0,0.3075,0.6227,1115.0,0.6818,0.0,0.0,-1.5039614271328439,1.325266675181102
004074,University of Northern Colorado,University of Northern Colorado,CO,West,4.0,40.410855,-104.692777,1.0,3.0,1.0,17.0,5693.0,12010.0,18457.0,0.2619,0.8643,1077.0,0.5134,0.0,0.0,-0.7148885863670338,1.2706431304831802
006307,University of Northern Iowa,University of Northern Iowa,IA,Midwest,4.0,42.514923,-92.459703,1.0,3.0,1.0,18.0,7599.0,9728.0,14609.0,0.238,0.944,1120.0,0.6894,0.0,0.0,-0.9735469970609054,1.3415794419366234
003260,University Of Northwestern Oh,University of Northwestern Ohio,OH,Midwest,3.0,40.762917,-84.157004,2.0,2.0,1.0,23.0,2572.0,12930.0,20609.0,0.3207,,,0.5415,1.0,2.0,0.5308376715378078,-0.2126210614592072
001841,University of Notre Dame,University of Notre Dame,IN,Midwest,3.0,41.703058,-86.238959,2.0,3.0,1.0,15.0,8923.0,62693.0,27823.0,0.1247,0.1238,1510.0,0.9683,1.0,4.0,2.3656937976349433,1.5070732530064257
006879,University of Oklahoma,University of Oklahoma-Norman Campus,OK,South,3.0,35.209407,-97.444211,1.0,3.0,1.0,15.0,21496.0,9595.0,17413.0,0.2376,0.7654,1239.0,0.753,0.0,0.0,-1.1637267125678947,1.4958963230725577
004846,University of Oregon,University of Oregon,OR,West,4.0,44.045146,-123.075792,1.0,3.0,1.0,15.0,19758.0,15669.0,21782.0,0.2198,0.8511,1257.0,0.7148,0.0,0.0,-0.5887581137888924,2.1018515049851825
001767,University of Osteo Med & Hlth Sci,Drake University,IA,Midwest,4.0,41.60129,-93.652163,2.0,3.0,1.0,17.0,2669.0,49944.0,30042.0,0.2095,0.6413,1288.0,0.7731,1.0,4.0,2.3430785171253157,0.9702241359864561
002926,University of Pennsylvania,University of Pennsylvania,PA,Northeast,4.0,39.950929,-75.19391,2.0,3.0,1.0,15.0,10768.0,66104.0,31229.0,0.1572,0.0587,1545.0,0.9681,1.0,4.0,2.7672500001486764,2.006902678483128
001024,University of Phoenix,University of Phoenix-Arizona,AZ,West,4.0,33.41128,-112.012761,3.0,3.0,1.0,17.0,76996.0,9552.0,13571.0,0.4534,,,0.1951,0.0,0.0,-0.4992390880998655,1.3746540223260795
002937,University of Pittsburgh at Titusville,University of Pittsburgh-Titusville,PA,Northeast,2.0,41.628697,-79.664156,1.0,2.0,2.0,7.0,28.0,11918.0,13017.0,0.5217,0.4464,,,0.0,1.0,-0.5296269990693069,-3.182865828757579
004847,University of Portland,University of Portland,OR,West,4.0,45.572724,-122.726691,2.0,3.0,1.0,19.0,3104.0,54900.0,36371.0,0.1858,0.9539,1277.0,0.8042,1.0,4.0,2.782545164557715,1.3349826967277294
000911,University Of Pr At Arecibo,University of Puerto Rico-Arecibo,PR,Other/Territory,4.0,18.469199,-66.74114,1.0,3.0,1.0,22.0,2788.0,5324.0,11759.0,0.8571,0.6226,,0.5068,0.0,1.0,-1.5940803440842968,-1.3830416509861283
000981,University of PR Cayey Univ Col,University of Puerto Rico at Cayey,PR,Other/Territory,3.0,18.11882,-66.162066,1.0,3.0,1.0,21.0,2201.0,5354.0,9148.0,0.7568,0.9584,978.0,0.4861,0.0,1.0,-1.7377406204559478,-1.590000065071442
000874,University of PR Humacao Univ Col,University of Puerto Rico-Humacao,PR,Other/Territory,3.0,18.146589,-65.838602,1.0,3.0,1.0,22.0,2555.0,5364.0,13466.0,0.7935,0.5849,,0.5293,0.0,1.0,-1.5582465579588438,-1.5860936186920211
000631,University of PR Medical Sciences,University of Puerto Rico-Medical Sciences,PR,Other/Territory,4.0,18.396548,-66.074894,1.0,3.0,1.0,25.0,224.0,,,0.6629,,,,,,,
004058,University Of Providence,University of Providence,MT,West,4.0,47.490713,-111.270604,2.0,3.0,1.0,20.0,527.0,29018.0,20907.0,0.3103,0.642,985.0,0.4674,1.0,2.0,1.3605659915492416,-0.35518741528727776
004067,University of Puget Sound,University of Puget Sound,WA,West,4.0,47.26308,-122.478982,2.0,3.0,1.0,21.0,1631.0,59900.0,38920.0,0.1671,0.7628,1332.0,0.6791,1.0,4.0,3.1829345068270447,1.1503581348762961
004848,University of Redlands,University of Redlands,CA,West,4.0,34.064218,-117.163218,2.0,3.0,1.0,18.0,2095.0,57614.0,22867.0,0.3511,0.8092,1231.0,0.7068,1.0,2.0,2.077422868010634,0.39048519731317094
003919,University of Rhode Island,University of Rhode Island,RI,Northeast,3.0,41.484691,-71.527356,1.0,3.0,1.0,16.0,13822.0,16408.0,19899.0,0.2115,0.7707,1176.0,0.7103,0.0,0.0,-0.6295248678736122,1.4829882494440554
005569,University Of Richmond,University of Richmond,VA,South,4.0,37.577393,-77.538806,2.0,3.0,1.0,21.0,3002.0,62600.0,33417.0,0.1755,0.2331,1474.0,0.8784,1.0,4.0,2.854968676279825,1.2846662124793469
002928,University of Rochester,University of Rochester,NY,Northeast,4.0,43.126397,-77.631202,2.0,3.0,1.0,15.0,6488.0,64348.0,30248.0,0.1624,0.3585,1480.0,0.8448,1.0,4.0,2.7369630568386296,1.7139549256830653
004849,University of San Diego,University of San Diego,CA,West,4.0,32.770816,-117.192073,2.0,3.0,1.0,16.0,5619.0,56444.0,31265.0,0.1935,0.4675,,0.8158,1.0,4.0,2.4581530759466057,1.5401450019448246
006544,University of Science & Arts of Oklahoma,University of Science and Arts of Oklahoma,OK,South,2.0,35.031392,-97.95641,1.0,3.0,1.0,21.0,896.0,9000.0,8543.0,0.4703,0.5577,1143.0,0.3626,0.0,3.0,-1.4585145752048625,-1.4242812487635599
002929,University of Scranton,University of Scranton,PA,Northeast,4.0,41.406556,-75.656915,2.0,3.0,1.0,18.0,3589.0,52309.0,30528.0,0.2229,0.8435,1237.0,0.808,1.0,4.0,2.436394338064176,1.1361286695884045
006651,University of Sioux Falls,University of Sioux Falls,SD,Midwest,4.0,43.531574,-96.738229,2.0,3.0,1.0,19.0,1258.0,20740.0,20874.0,0.2898,0.8208,,0.6051,1.0,2.0,1.0328887708904582,0.004471833014736032
001880,University of South Alabama,University of South Alabama,AL,South,4.0,30.696033,-88.178711,1.0,3.0,1.0,16.0,8540.0,9676.0,15142.0,0.3713,0.6549,1119.0,0.5257,0.0,0.0,-1.1227394819390177,0.9466869101910524
006881,University of South Dakota,University of South Dakota,SD,Midwest,2.0,42.786019,-96.925283,1.0,3.0,1.0,16.0,5239.0,9432.0,19155.0,0.1799,0.9895,1122.0,0.6143,0.0,3.0,-0.8750333561214515,0.608055834339095
005828,University of South Florida,University of South Florida,FL,South,4.0,28.061458,-82.413232,1.0,3.0,1.0,15.0,36299.0,6410.0,10043.0,0.2988,0.4096,1235.0,0.7458,0.0,0.0,-1.662252378506678,1.824850034904716
001335,University of Southern Indiana,University of Southern Indiana,IN,Midwest,3.0,37.962374,-87.677214,1.0,3.0,1.0,18.0,5344.0,10136.0,12621.0,0.2228,0.9465,1131.0,0.5195,0.0,0.0,-1.1198793389297548,0.7889710995597008
003691,University of Southern Maine,University of Southern Maine,ME,Northeast,4.0,43.662863,-70.274247,1.0,3.0,1.0,18.0,4245.0,10920.0,11729.0,0.2628,0.7931,1130.0,0.4634,0.0,0.0,-0.9673232932090966,0.9801738405279282
001479,University of Southern Mississippi,University of Southern Mississippi,MS,South,4.0,31.32661,-89.331236,1.0,3.0,1.0,15.0,9899.0,9618.0,14224.0,0.4659,0.9938,1120.0,0.5058,0.0,0.0,-1.2689722995337072,0.6735314828047972
006110,University of St Thomas,University of St Thomas,MN,Midwest,4.0,44.943439,-93.188986,2.0,3.0,1.0,17.0,6014.0,52284.0,30525.0,0.1956,0.8494,1296.0,0.7517,1.0,4.0,2.3234622942466325,1.441455776857802
005819,University of Tampa,The University of Tampa,FL,South,4.0,27.948455,-82.46483,2.0,3.0,1.0,18.0,10093.0,33424.0,35634.0,0.1561,0.4093,,0.6192,1.0,4.0,1.924509403958588,1.7959986654299518
001831,University of Tennessee: Chattanooga,The University of Tennessee-Chattanooga,TN,South,4.0,35.047519,-85.300247,1.0,3.0,1.0,17.0,9878.0,10144.0,12817.0,0.3247,0.7702,1117.0,0.5309,0.0,0.0,-1.2197087902674844,1.1534919296480077
001843,University of Tennessee: Knoxville,The University of Tennessee-Knoxville,TN,South,4.0,35.952082,-83.925852,1.0,3.0,1.0,15.0,28763.0,13484.0,18109.0,0.2068,0.4599,1304.0,0.735,0.0,0.0,-0.912745238736093,2.1899955095755357
001844,University of Tennessee: Martin,The University of Tennessee-Martin,TN,South,2.0,36.340338,-88.864211,1.0,3.0,1.0,19.0,4600.0,10208.0,10299.0,0.3429,0.8732,1090.0,0.5483,0.0,3.0,-1.4850108706740068,-0.1371945152037487
006013,University of Texas at Arlington,The University of Texas at Arlington,TX,South,4.0,32.729718,-97.11296,1.0,3.0,1.0,15.0,30834.0,11728.0,15235.0,0.3958,0.8129,1116.0,0.5652,0.0,0.0,-1.2745672393143466,1.508243120430747
006882,University of Texas at Austin,The University of Texas at Austin,TX,South,4.0,30.282825,-97.738273,1.0,3.0,1.0,15.0,42100.0,11678.0,19678.0,0.2511,0.2912,1380.0,0.8764,0.0,0.0,-0.976349258320022,2.232141982032727
006897,University of Texas at Dallas,The University of Texas at Dallas,TX,South,4.0,32.984673,-96.749702,1.0,3.0,1.0,15.0,21316.0,14564.0,17435.0,0.2973,0.6546,1300.0,0.7473,0.0,0.0,-0.9391415731095856,1.7211745081719236
006829,University of Texas at El Paso,The University of Texas at El Paso,TX,South,4.0,31.77015,-106.504098,1.0,3.0,1.0,15.0,20547.0,9744.0,10726.0,0.606,0.999,982.0,0.4595,0.0,0.0,-1.672861748322941,0.4933100172846743
000389,University of Texas at Tyler,The University of Texas at Tyler,TX,South,4.0,32.315772,-95.254337,1.0,3.0,1.0,16.0,7009.0,9920.0,13931.0,0.3796,0.9154,1113.0,0.4677,0.0,0.0,-1.155722910846633,0.8048710315423859
006908,University of Texas Health Science Center at San A,The University of Texas Health Science Center at San Antonio,TX,South,4.0,29.508107,-98.575655,1.0,3.0,1.0,27.0,864.0,,,0.3516,,,,,,,
006887,University of Texas Medical Branch at Galveston,The University of Texas Medical Branch at Galveston,TX,South,4.0,29.310758,-94.775956,1.0,3.0,1.0,27.0,559.0,,,0.2051,,,,,,,
000448,University of Texas Permian Basin,The University of Texas Permian Basin,TX,South,4.0,31.889509,-102.329634,1.0,3.0,1.0,18.0,4122.0,10904.0,9144.0,0.356,0.8446,1031.0,0.4298,0.0,0.0,-1.2811474460065178,0.5663846974830349
006568,University of Texas Rio Grande Valley,The University of Texas Rio Grande Valley,TX,South,4.0,26.306759,-98.173567,1.0,3.0,1.0,16.0,27026.0,9859.0,6500.0,0.6376,0.8482,1020.0,0.4927,0.0,0.0,-1.961842454828144,0.45984009322416497
001145,University Of The Cumberlands,University of the Cumberlands,KY,South,2.0,36.737048,-84.161646,2.0,3.0,1.0,17.0,5486.0,9875.0,11286.0,0.4848,0.9919,,0.4624,0.0,3.0,-0.47659374914907693,-0.9623542663821832
004065,University of the Pacific,University of the Pacific,CA,West,4.0,37.981424,-121.312301,2.0,3.0,1.0,17.0,3247.0,55340.0,25926.0,0.343,0.9486,1303.0,0.6782,1.0,4.0,2.110627467652476,0.6627840145969884
000913,University of the Sacred Heart,Universidad del Sagrado Corazon,PR,Other/Territory,4.0,18.441166,-66.059617,2.0,3.0,1.0,19.0,4042.0,6360.0,13024.0,0.7081,0.5341,,0.436,0.0,1.0,-0.33705276031816755,-1.0753447872448147
000879,University of the Virgin Islands,University of the Virgin Islands,VI,Other/Territory,1.0,18.344193,-64.972866,1.0,3.0,1.0,20.0,1431.0,5612.0,7599.0,0.4623,0.9744,915.0,0.2857,0.0,3.0,-1.7576303179608492,-1.6006396384362915
004853,University of Utah,University of Utah,UT,West,4.0,40.762484,-111.846044,1.0,3.0,1.0,15.0,26041.0,9315.0,13172.0,0.201,0.8717,1231.0,0.6391,0.0,0.0,-1.2674995512151896,2.1452429350102773
003920,University Of Vermont,University of Vermont,VT,Northeast,4.0,44.477325,-73.196646,1.0,3.0,1.0,16.0,11614.0,18890.0,20860.0,0.1283,0.6002,1357.0,0.7856,0.0,0.0,-0.29410382204345176,2.126666229456637
005820,University of Virginia,University of Virginia-Main Campus,VA,South,3.0,38.035665,-78.503428,1.0,3.0,1.0,15.0,17315.0,20986.0,21479.0,0.1442,0.1686,1488.0,0.953,0.0,0.0,-0.4997270778355616,1.846453091352659
001737,University of West Alabama,University of West Alabama,AL,South,1.0,32.588132,-88.186329,1.0,3.0,1.0,18.0,2666.0,10990.0,13832.0,0.5401,0.8711,1015.0,0.3804,0.0,3.0,-1.4581990599789734,-1.454450268553556
005833,University of West Florida,University of West Florida,FL,South,1.0,30.549076,-87.218511,1.0,3.0,1.0,18.0,9042.0,6360.0,8155.0,0.3255,0.5687,1137.0,0.6176,0.0,3.0,-1.9254137277112664,-0.20419080829854572
000957,University of West Los Angeles,University of West Los Angeles,CA,West,3.0,33.947341,-118.36957,3.0,3.0,1.0,31.0,6.0,,,0.1429,,,,,,,
001860,University of Wisconsin Parkside,University of Wisconsin-Parkside,WI,Midwest,1.0,42.647718,-87.855231,1.0,3.0,1.0,19.0,2951.0,7855.0,10044.0,0.3421,0.7262,1090.0,0.3982,0.0,3.0,-1.5626925342354676,-0.7892253160728856
001918,University of Wisconsin River Falls,University of Wisconsin-River Falls,WI,Midwest,2.0,44.8534,-92.622641,1.0,3.0,1.0,19.0,4152.0,8606.0,14714.0,0.2048,0.8162,1120.0,0.6088,0.0,3.0,-1.1198368488275765,0.33926449322164204
001913,University of Wisconsin-Eau Claire,University of Wisconsin-Eau Claire,WI,Midwest,4.0,44.798284,-91.501906,1.0,3.0,1.0,19.0,8995.0,9277.0,16948.0,0.1867,0.7608,1190.0,0.6756,0.0,0.0,-0.8490933049192803,1.6347134084119304
001859,University of Wisconsin-Green Bay,University of Wisconsin-Green Bay,WI,Midwest,4.0,44.532298,-87.919973,1.0,3.0,1.0,19.0,6230.0,8342.0,12878.0,0.2257,0.8784,1090.0,0.5309,0.0,0.0,-1.0672251898489618,1.2542129248961786
001914,University of Wisconsin-La Crosse,University of Wisconsin-La Crosse,WI,Midwest,4.0,43.81568,-91.23186,1.0,3.0,1.0,18.0,9194.0,9651.0,15374.0,0.1423,0.7325,1190.0,0.7119,0.0,0.0,-0.8912566323715712,1.7825043989526856
001846,University of Wisconsin-Madison,University of Wisconsin-Madison,WI,Midwest,4.0,43.075409,-89.404098,1.0,3.0,1.0,15.0,35665.0,11205.0,16928.0,0.1532,0.4335,1402.0,0.8933,0.0,0.0,-0.9807592268665162,2.4442980045458262
001916,University of Wisconsin-Oshkosh,University of Wisconsin-Oshkosh,WI,Midwest,4.0,44.026206,-88.549369,1.0,3.0,1.0,17.0,7613.0,8212.0,14761.0,0.158,0.8668,1090.0,0.5789,0.0,0.0,-0.9498565800187866,1.616540402544995
001921,University of Wisconsin-Whitewater,University of Wisconsin-Whitewater,WI,Midwest,2.0,42.835563,-88.742368,1.0,3.0,1.0,18.0,9180.0,8250.0,14785.0,0.2503,0.8276,1090.0,0.643,0.0,3.0,-1.2849327599362335,0.5692559146938877
004855,University of Wyoming,University of Wyoming,WY,West,2.0,41.311773,-105.57931,1.0,3.0,1.0,16.0,8047.0,6938.0,11779.0,0.2218,0.9741,,0.5985,0.0,3.0,-1.4842067899977773,0.6429804373660006
002931,Ursinus College,Ursinus College,PA,Northeast,3.0,40.193023,-75.456505,2.0,3.0,1.0,21.0,1477.0,59196.0,30485.0,0.1984,0.8737,1304.0,0.7662,1.0,4.0,2.6786209200723388,0.4200600464088982
001848,Ursuline College,Ursuline College,OH,Midwest,3.0,41.497035,-81.465118,2.0,3.0,1.0,19.0,630.0,37860.0,18027.0,0.3904,0.8401,1140.0,0.5325,1.0,2.0,1.3059046140055044,-1.028394190838332
004857,Utah State University,Utah State University,UT,West,4.0,41.740748,-111.81391,1.0,3.0,1.0,15.0,20342.0,9228.0,12869.0,0.2569,0.9362,1189.0,0.5732,0.0,0.0,-1.2907531739725786,1.8218769225371154
004870,Utah Valley University,Utah Valley University,UT,West,4.0,40.281078,-111.716456,1.0,3.0,1.0,18.0,27481.0,6270.0,8463.0,0.2337,,,0.4074,0.0,0.0,-1.6436635272829507,1.9724561960474325
002932,Utica College of Syracuse University,Utica University,NY,Northeast,4.0,43.096213,-75.272916,2.0,3.0,1.0,18.0,2477.0,24308.0,21869.0,0.2961,0.8719,1130.0,0.5547,1.0,2.0,1.1356721060106691,0.3980644481755426
005869,Valencia Community College,Valencia College,FL,South,4.0,28.520783,-81.464275,1.0,2.0,1.0,14.0,35125.0,2474.0,10400.0,0.3892,,,0.4352,0.0,0.0,-1.8254704933776187,1.4702758125367565
005855,Valdosta State University,Valdosta State University,GA,South,4.0,30.847402,-83.289282,1.0,3.0,1.0,17.0,6858.0,6007.0,11298.0,0.5086,0.8349,1037.0,0.4174,0.0,0.0,-1.5091880810014189,0.27886392572284513
002923,US Merchant Mrine Ac,United States Merchant Marine Academy,NY,Northeast,3.0,40.81357,-73.763004,1.0,3.0,1.0,22.0,947.0,945.0,7506.0,0.073,0.3247,1226.0,0.8061,0.0,3.0,-1.2322012722240796,0.37914627796106726
006885,Upper Iowa University,Upper Iowa University,IA,Midwest,1.0,42.838283,-91.799543,2.0,3.0,1.0,18.0,2021.0,19000.0,23172.0,0.3252,0.9338,929.0,0.4147,1.0,5.0,0.6461236228302436,-1.0887350948387369
004495,University Wisconsin Colleges-Madison,University of Wisconsin-Madison,WI,Midwest,4.0,43.075409,-89.404098,1.0,3.0,1.0,15.0,35665.0,11205.0,16928.0,0.1532,0.4335,1402.0,0.8933,0.0,0.0,-0.9807592268665162,2.4442980045458262
005124,University Virginia College Wise,University of Virginia's College at Wise,VA,South,2.0,36.970602,-82.559656,1.0,3.0,1.0,21.0,1239.0,11656.0,11180.0,0.3298,0.9392,1104.0,0.4981,0.0,3.0,-1.1806775550686184,-0.7167039459478027
000912,University Puerto Rico Mayaguez,University of Puerto Rico-Mayaguez,PR,Other/Territory,4.0,18.211142,-67.139172,1.0,3.0,1.0,19.0,9564.0,5274.0,12684.0,0.6456,0.5217,,0.4696,0.0,0.0,-1.5756164169684117,-0.01799601544306962
002935,University Pittsburgh Bradford,University of Pittsburgh-Bradford,PA,Northeast,2.0,41.943415,-78.673701,1.0,3.0,1.0,22.0,980.0,14620.0,16630.0,0.46,0.9081,1168.0,0.4344,0.0,3.0,-0.7557762175762257,-1.1611979012739388
001920,University of Wisconsin-Superior,University of Wisconsin-Superior,WI,Midwest,3.0,46.717629,-92.091007,1.0,3.0,1.0,19.0,1899.0,8487.0,13405.0,0.296,0.9364,1050.0,0.4412,0.0,3.0,-1.022835792071734,0.02123888533152956
001740,University of Wisconsin-Stout,University of Wisconsin-Stout,WI,Midwest,2.0,44.873187,-91.926653,1.0,3.0,1.0,18.0,5900.0,10142.0,17365.0,0.2274,0.8474,1150.0,0.5253,0.0,3.0,-1.0041781710407993,0.47933685875623183
001919,University of Wisconsin-Stevens Point,University of Wisconsin-Stevens Point,WI,Midwest,2.0,44.529582,-89.570934,1.0,3.0,1.0,19.0,7104.0,8834.0,13726.0,0.2777,0.9014,1120.0,0.5596,0.0,3.0,-1.3051073702969629,0.3354510605793631
001917,University of Wisconsin-Platteville,University of Wisconsin-Platteville,WI,Midwest,2.0,42.733451,-90.48622,1.0,3.0,1.0,18.0,5928.0,8315.0,14754.0,0.2104,0.8726,1190.0,0.6154,0.0,3.0,-1.1860690626424475,0.4939254981387428
001473,University of Wisconsin-Milwaukee,University of Wisconsin-Milwaukee,WI,Midwest,4.0,43.076848,-87.880488,1.0,3.0,1.0,15.0,16762.0,10020.0,16177.0,0.3019,0.8844,1090.0,0.5119,0.0,0.0,-1.0530435052375702,1.530418355468813
004854,University of Washington,University of Washington-Seattle Campus,WA,West,4.0,47.65538,-122.30514,1.0,3.0,1.0,15.0,31588.0,12643.0,13485.0,0.1546,0.4253,,0.837,0.0,0.0,-1.1453971162675287,2.429349734551535
006883,University of Tulsa,University of Tulsa,OK,South,4.0,36.152324,-95.945941,2.0,3.0,1.0,16.0,2447.0,48602.0,23678.0,0.2614,0.5799,1325.0,0.7331,1.0,2.0,1.8810587725522456,0.6582349271276388
001845,University of Toledo,University of Toledo,OH,Midwest,4.0,41.660572,-83.614714,1.0,3.0,1.0,16.0,10244.0,12377.0,17460.0,0.257,0.9483,1209.0,0.5563,0.0,0.0,-0.8028790956754689,1.4781836546261433
006111,University of the Ozarks,University of the Ozarks,AR,South,2.0,35.476278,-93.467221,2.0,3.0,1.0,22.0,753.0,25950.0,13516.0,0.3597,0.5814,1088.0,0.5176,1.0,5.0,0.5291207216801493,-1.368304781142038
005929,University of the District of Columbia,University of the District of Columbia,DC,South,4.0,38.943819,-77.066247,1.0,3.0,1.0,19.0,3080.0,6152.0,14693.0,0.4282,,,0.2626,0.0,0.0,-1.1375484261316238,0.21466226612082404
002664,University of the Arts,University of the Arts,PA,Northeast,4.0,39.946017,-75.165888,2.0,3.0,1.0,30.0,1064.0,54290.0,44154.0,0.3342,0.782,,0.6919,1.0,4.0,3.3267791464899132,0.34500637349861174
006919,University of Texas San Antonio,The University of Texas at San Antonio,TX,South,4.0,29.583709,-98.620657,1.0,3.0,1.0,15.0,29675.0,8991.0,11234.0,0.4225,0.8846,1102.0,0.5119,0.0,0.0,-1.5847740970472868,1.322827123731886
001850,University of Tennessee: Memphis,University of Memphis,TN,South,4.0,35.118878,-89.938068,1.0,3.0,1.0,15.0,13645.0,10344.0,13253.0,0.3996,0.9338,1051.0,0.4942,0.0,0.0,-1.2980793591159399,1.0565106958232218
006880,University of St. Thomas,University of St Thomas,TX,South,4.0,29.736438,-95.393102,2.0,3.0,1.0,17.0,2826.0,33660.0,18762.0,0.3792,0.9334,1204.0,0.6862,1.0,2.0,1.0576964803416011,0.15178579209372353
001693,University of St. Francis,University of Saint Francis-Fort Wayne,IN,Midwest,4.0,41.087205,-85.177246,2.0,3.0,1.0,19.0,1599.0,35420.0,20361.0,0.427,0.9756,1040.0,0.6067,1.0,2.0,1.3034198256130192,-0.2738485654861728
006630,University of St Mary,University of Saint Mary,KS,Midwest,2.0,39.279396,-94.906743,2.0,3.0,1.0,19.0,889.0,33890.0,23335.0,0.3688,0.8984,1047.0,0.4406,1.0,5.0,1.314451261782834,-1.1424705953730072
004852,University of Southern California,University of Southern California,CA,West,4.0,34.021281,-118.284169,2.0,3.0,1.0,15.0,20817.0,68237.0,31927.0,0.2166,0.1002,1501.0,0.9199,1.0,4.0,2.6259886211933345,2.189152865881166
005818,University of South Carolina,University of South Carolina-Columbia,SC,South,4.0,33.996788,-81.026935,1.0,3.0,1.0,15.0,28113.0,12688.0,24532.0,0.1899,0.6149,1297.0,0.7775,0.0,0.0,-0.5772336648041457,2.3216027629878395
004850,University of San Francisco,University of San Francisco,CA,West,4.0,37.776618,-122.450477,2.0,3.0,1.0,17.0,5697.0,58222.0,39495.0,0.2722,0.5077,1313.0,0.7113,1.0,4.0,2.888346503671933,1.3945801199979102
007430,University of Saint Katherine,University of Saint Katherine,CA,West,3.0,33.138387,-117.160766,2.0,3.0,1.0,22.0,230.0,28800.0,33072.0,0.3491,0.4625,,0.4348,1.0,2.0,1.9833714499688735,-1.1411696136282057
000983,University Of Puerto Rico,Inter American University of Puerto Rico-Aguadilla,PR,Other/Territory,3.0,18.467886,-67.121671,2.0,3.0,1.0,20.0,3002.0,5542.0,7607.0,0.8396,0.4674,,0.3871,0.0,1.0,-0.8241839242260344,-2.1724349341680975
002927,University of Pittsburgh,University of Pittsburgh-Pittsburgh Campus,PA,Northeast,4.0,40.444388,-79.953254,1.0,3.0,1.0,15.0,20189.0,21524.0,30074.0,0.1378,0.497,1371.0,0.8434,0.0,0.0,0.18355108156029917,2.509706789771851
006481,University of North Texas,University of North Texas,TX,South,4.0,33.211178,-97.148422,1.0,3.0,1.0,15.0,33680.0,11164.0,14352.0,0.3608,0.7246,1109.0,0.5957,0.0,0.0,-1.3255110909912793,1.6592578399857272
005497,University of North Georgia,University of North Georgia,GA,South,2.0,34.530219,-83.985694,1.0,3.0,1.0,18.0,15542.0,5009.0,10785.0,0.2769,0.7216,1136.0,0.3685,0.0,3.0,-1.7536580546641445,0.6694116161027838
005907,University of North Carolina Wilmington,University of North Carolina Wilmington,NC,South,4.0,34.225223,-77.875527,1.0,3.0,1.0,16.0,14176.0,7317.0,19472.0,0.2381,0.7401,1262.0,0.7073,0.0,0.0,-0.9390000338438877,1.7102306296280718
004845,University of New Mexico,University of New Mexico-Main Campus,NM,West,4.0,35.083868,-106.620155,1.0,3.0,1.0,15.0,16686.0,8115.0,17478.0,0.3624,0.9545,1047.0,0.5253,0.0,0.0,-1.1281945132998354,1.4091477906263261
003663,University of New Haven,University of New Haven,CT,Northeast,3.0,41.291314,-72.961472,2.0,3.0,1.0,18.0,4799.0,45730.0,34089.0,0.274,0.8055,1190.0,0.5925,1.0,4.0,2.2259824954948773,0.699099254339646
004844,University of Nevada Reno,University of Nevada-Reno,NV,West,4.0,39.543642,-119.815377,1.0,3.0,1.0,15.0,15723.0,8994.0,15402.0,0.2409,0.8531,,0.6245,0.0,0.0,-1.1102495605886125,1.7845121624256048
006896,University of Nebraska Med Ctr,University of Nebraska Medical Center,NE,Midwest,4.0,41.256312,-95.973966,1.0,3.0,1.0,27.0,861.0,,,0.2212,,,,,,,
004489,University of Montana-Missoula,The University of Montana,MT,West,4.0,46.859312,-113.982912,1.0,3.0,1.0,15.0,7079.0,8152.0,17118.0,0.2751,0.956,1190.0,0.4544,0.0,0.0,-0.9460890438090881,1.2886811174097481
005815,University of Miami,University of Miami,FL,South,3.0,25.72126,-80.278662,2.0,3.0,1.0,15.0,12570.0,59926.0,36803.0,0.154,0.1851,1416.0,0.8423,1.0,4.0,2.6306046696095238,1.6888054564356423
003911,University of Massachusetts Lowell,University of Massachusetts-Lowell,MA,Northeast,3.0,42.652864,-71.326809,1.0,3.0,1.0,16.0,11632.0,16570.0,18627.0,0.2739,0.8524,1253.0,0.701,0.0,0.0,-0.7135997794693053,1.1617344484123793
003924,University of Massachusetts Boston,University of Massachusetts-Boston,MA,Northeast,4.0,42.312881,-71.036865,1.0,3.0,1.0,16.0,11848.0,15496.0,18282.0,0.4269,0.8296,1188.0,0.5115,0.0,0.0,-0.7655894062995027,1.0282974908735474
005814,University of Maryland: College Park,University of Maryland-College Park,MD,South,3.0,38.988178,-76.944721,1.0,3.0,1.0,15.0,30246.0,11505.0,15590.0,0.1859,0.4484,1463.0,0.8862,0.0,0.0,-1.217190639156597,1.8334343809607674
005398,University of Mary Washington,University of Mary Washington,VA,South,3.0,38.302492,-77.476055,1.0,3.0,1.0,21.0,3504.0,14559.0,21108.0,0.2024,0.8626,1241.0,0.6738,0.0,0.0,-0.5086315836913426,0.8073352420311105
006396,University of Mary Hardin-Baylor,University of Mary Hardin-Baylor,TX,South,3.0,31.066793,-97.463471,2.0,3.0,1.0,17.0,2959.0,33150.0,28690.0,0.3685,0.9512,1098.0,0.534,1.0,2.0,1.454624138316542,-0.06202290805531152
003929,University Of Maine-Augusta,University of Maine at Augusta,ME,Northeast,2.0,44.337746,-69.796396,1.0,3.0,1.0,22.0,2759.0,8618.0,11353.0,0.3196,,,0.2328,0.0,3.0,-1.2706768597180496,-0.2674397530535275
003008,University of Maine at Presque Isle,University of Maine at Presque Isle,ME,Northeast,1.0,46.672285,-68.016343,1.0,3.0,1.0,22.0,1362.0,8990.0,10028.0,0.2559,0.9709,,0.3766,0.0,3.0,-1.2905485938986976,-0.8148775130687943
003506,University of Maine at Farmington,University of Maine at Farmington,ME,Northeast,1.0,44.666911,-70.147121,1.0,3.0,1.0,22.0,1131.0,10989.0,14873.0,0.3248,0.9763,1040.0,0.5275,0.0,3.0,-0.9959027245443964,-1.069592593243526
004381,University of La Verne,University of La Verne,CA,West,3.0,34.100855,-117.773262,2.0,3.0,1.0,17.0,3352.0,47000.0,26925.0,0.4754,0.4848,1116.0,0.6545,1.0,2.0,1.6884922834855465,-0.23454947004274146
000834,University of Illinois: Springfield,University of Illinois Springfield,IL,Midwest,4.0,39.729524,-89.616796,1.0,3.0,1.0,18.0,2292.0,12252.0,8916.0,0.3585,0.8437,1118.0,0.6137,0.0,0.0,-1.1078590158739332,0.2637871494415628
001836,University of Illinois Urbana-Champaign,University of Illinois Urbana-Champaign,IL,Midwest,4.0,40.104718,-88.229114,1.0,3.0,1.0,15.0,34623.0,16004.0,15201.0,0.2381,0.4369,1418.0,0.8489,0.0,0.0,-0.9894777746080718,2.137569249220018
006917,University of Houston: Victoria,Texas A&M University-Victoria,TX,South,4.0,28.816248,-96.976334,1.0,3.0,1.0,18.0,2630.0,7499.0,8624.0,0.4396,0.7671,1085.0,0.2652,0.0,0.0,-1.4053190483198321,0.021611209817406142
006916,University of Houston: Clear Lake,University of Houston-Clear Lake,TX,South,4.0,29.582523,-95.098129,1.0,3.0,1.0,17.0,6082.0,7746.0,11056.0,0.438,0.753,1105.0,0.5085,0.0,0.0,-1.397143826739073,0.4758749206265428
001042,University of Hawaii: West Oahu,University of Hawaii-West Oahu,HI,West,3.0,21.35531,-158.056403,1.0,3.0,1.0,22.0,2510.0,7584.0,10666.0,0.2966,0.956,973.0,0.4684,0.0,0.0,-1.281718275210906,0.20138331964491457
001801,University of Hawaii: Hawaii Community College,Hawaii Community College,HI,West,2.0,19.704756,-155.069653,1.0,2.0,2.0,7.0,1470.0,3204.0,7369.0,0.3089,,,,0.0,3.0,-1.6342367470537078,-0.5867067036960641
004867,University of Hawaii at Manoa,University of Hawaii at Manoa,HI,West,4.0,21.298598,-157.818979,1.0,3.0,1.0,15.0,14306.0,12186.0,13181.0,0.2451,0.6969,1157.0,0.6257,0.0,0.0,-1.121598705977541,1.7128550664627458
003436,University of Hartford,University of Hartford,CT,Northeast,4.0,41.798591,-72.715213,2.0,3.0,1.0,17.0,4032.0,47647.0,29558.0,0.2976,0.8301,1207.0,0.5828,1.0,4.0,2.1693975771300433,0.8875603119891654
005812,University of Florida,University of Florida,FL,South,4.0,29.64629,-82.347911,1.0,3.0,1.0,15.0,34102.0,6381.0,6351.0,0.2198,0.2403,1397.0,0.9151,0.0,0.0,-1.7899344242956254,2.0210984506427327
001223,University of Findlay,The University of Findlay,OH,Midwest,2.0,41.053344,-83.652313,2.0,3.0,1.0,17.0,2240.0,39646.0,23731.0,0.1386,0.8633,,0.6263,1.0,5.0,1.5412129397466117,0.16561153678718074
001208,University of Evansville,University of Evansville,IN,Midwest,4.0,37.971549,-87.531644,2.0,3.0,1.0,19.0,1477.0,42676.0,20230.0,0.2296,0.7765,,0.7127,1.0,2.0,1.6777780585370063,0.4262618248362942
001835,University of Detroit Mercy,University of Detroit Mercy,MI,Midwest,4.0,42.414222,-83.139158,2.0,3.0,1.0,17.0,2289.0,32300.0,16179.0,0.2513,0.8014,1136.0,0.681,1.0,2.0,1.0655581521231952,0.44409823220007055
003915,University of Connecticut,University of Connecticut,CT,Northeast,2.0,41.809098,-72.249948,1.0,3.0,1.0,15.0,19147.0,20366.0,22886.0,0.2416,0.5395,1338.0,0.838,0.0,0.0,-0.5438892489573383,1.1965083362550462
004875,University of Colorado Denver,University of Colorado Denver/Anschutz Medical Campus,CO,West,4.0,39.745149,-104.837722,1.0,3.0,1.0,15.0,10686.0,10017.0,19133.0,0.2579,0.7781,1119.0,0.474,0.0,0.0,-0.8333952064518879,1.5920228069178999
005419,University Of Charleston,University of Charleston,WV,South,4.0,38.333367,-81.616244,2.0,3.0,1.0,17.0,2083.0,32842.0,22012.0,0.2863,0.6453,,0.4633,1.0,2.0,1.3252843816898396,0.3678969680281886
004835,University of California Santa Barbara,University of California-Santa Barbara,CA,West,3.0,34.416297,-119.846426,1.0,3.0,1.0,15.0,23205.0,14965.0,13825.0,0.2799,0.2778,,0.8564,0.0,0.0,-1.2245407504546075,1.4479199220611652
004836,University of California San Diego,University of California-San Diego,CA,West,4.0,32.877749,-117.235866,1.0,3.0,1.0,15.0,33787.0,15265.0,11750.0,0.3289,0.2452,,0.8763,0.0,0.0,-1.3034662341399927,1.841794812249795
004834,University of California Davis,University of California-Davis,CA,West,3.0,38.539667,-121.749567,1.0,3.0,1.0,15.0,31777.0,15247.0,15288.0,0.3078,0.4163,,0.8507,0.0,0.0,-1.2082421209969454,1.526771092448058
005810,University of Baltimore,University of Baltimore,MD,South,4.0,39.305834,-76.616591,1.0,3.0,1.0,18.0,1229.0,9772.0,17546.0,0.4317,0.8555,1060.0,0.4673,0.0,0.0,-0.7365958184986227,-0.18841554542963915
006480,Valley City State University,Valley City State University,ND,Midwest,2.0,46.918517,-98.00389,1.0,3.0,1.0,22.0,918.0,8514.0,13613.0,0.1729,0.6931,1090.0,0.4813,0.0,3.0,-0.9224458113672166,-0.30844078354216636
002579,Valley Forge Christian College,University of Valley Forge,PA,Northeast,3.0,40.117835,-75.5469,2.0,3.0,1.0,22.0,471.0,24510.0,27499.0,0.5079,0.7816,,0.5612,1.0,2.0,1.4188371765058123,-1.4945424257289799
002955,Valley Forge Military College,Valley Forge Military College,PA,Northeast,3.0,40.053697,-75.382097,2.0,2.0,2.0,1.0,83.0,32176.0,20857.0,0.3049,,,,1.0,2.0,1.7182155581212606,-1.6743958773126315
001871,Vanderbilt University,Vanderbilt University,TN,South,4.0,36.14659,-86.803369,2.0,3.0,1.0,15.0,7143.0,63946.0,19040.0,0.1851,0.0628,1550.0,0.9269,1.0,4.0,1.9857749342599291,1.4890700858532973
001872,VanderCook College of Music,VanderCook College of Music,IL,Midwest,4.0,41.836833,-87.629138,2.0,3.0,1.0,32.0,70.0,30910.0,17094.0,0.2766,0.973,,0.4667,1.0,2.0,1.5932855481783095,-1.3552126670411224
000617,Vance-Granville Community College,Vance-Granville Community College,NC,South,2.0,36.323887,-78.487651,1.0,2.0,2.0,6.0,1613.0,1956.0,4534.0,0.3138,,,,0.0,3.0,-1.8551528243678534,-0.6835821164389394
001874,Valparaiso University,Valparaiso University,IN,Midwest,3.0,41.462239,-87.040172,2.0,3.0,1.0,17.0,2229.0,46588.0,21583.0,0.2593,0.8877,1226.0,0.6704,1.0,2.0,1.6618297765334997,0.16055521770483547
004701,Vanguard University of Southern California,Vanguard University of Southern California,CA,West,4.0,33.662686,-117.900911,2.0,3.0,1.0,19.0,1975.0,39950.0,19761.0,0.4288,0.647,,0.5586,1.0,2.0,1.3313163175330025,-0.06732218161822598
002956,Vassar College,Vassar College,NY,Northeast,3.0,41.686895,-73.895088,2.0,3.0,1.0,21.0,2430.0,67805.0,38182.0,0.2086,0.1773,1513.0,0.8914,1.0,4.0,3.262589052681373,0.7904967833785191
002895,Vatterott C Sprgfld,Cox College,MO,Midwest,4.0,37.225116,-93.290233,2.0,3.0,1.0,26.0,634.0,15599.0,,0.3491,0.7143,,1.0,,,,
002001,Vaughn Coll Of Aero And Tech,Vaughn College of Aeronautics and Technology,NY,Northeast,4.0,40.768348,-73.881721,2.0,2.0,1.0,22.0,1103.0,28850.0,39723.0,0.5251,,,0.3992,1.0,2.0,2.175123312766246,-0.5321801291209343
004931,Ventura Community College,Ventura College,CA,West,4.0,34.277393,-119.230604,1.0,2.0,2.0,1.0,9971.0,1416.0,2257.0,0.2548,,,,0.0,0.0,-1.9791596287259197,1.2815949532162851
003766,Vermont State University,Vermont State University,VT,Northeast,1.0,43.939623,-72.604498,1.0,3.0,1.0,23.0,3567.0,11400.0,20865.0,0.3148,0.8323,,0.4894,0.0,3.0,-0.83449556837692,-0.38277724289359716
006915,Victoria College,Victoria College,TX,South,4.0,28.816446,-96.979226,1.0,2.0,2.0,4.0,2385.0,2853.0,4550.0,0.3342,,,,0.0,0.0,-1.6661634411609327,0.2587185147956475
002962,Villa Maria College of Buffalo,Villa Maria College,NY,Northeast,4.0,42.91223,-78.796823,2.0,3.0,1.0,22.0,536.0,28670.0,13980.0,0.6086,0.8668,,0.3101,1.0,1.0,0.8434948385092852,-1.5374224775418737
002959,Villanova University,Villanova University,PA,Northeast,3.0,40.036463,-75.340502,2.0,3.0,1.0,16.0,7005.0,64701.0,44876.0,0.1155,0.2512,1466.0,0.9241,1.0,4.0,3.4336653244293274,1.7129397099944776
001877,Vincennes University,Vincennes University,IN,Midwest,2.0,38.686318,-87.523407,1.0,2.0,1.0,23.0,3739.0,6886.0,10215.0,0.0935,,,0.3473,0.0,3.0,-1.3099824699104086,0.6064562630730007
005793,Virginia Peninsula Community College,Virginia Peninsula Community College,VA,South,3.0,37.063821,-76.420046,1.0,2.0,2.0,5.0,3901.0,4944.0,6468.0,0.2876,,,,0.0,0.0,-1.660597411852782,0.297537925165437
005859,Virginia Polytechnic Institute,Virginia Polytechnic Institute and State University,VA,South,4.0,37.229012,-80.423675,1.0,3.0,1.0,15.0,30435.0,15478.0,23790.0,0.1501,0.5703,1337.0,0.8628,0.0,0.0,-0.5149688692835144,2.508399256955637
005860,Virginia State University,Virginia State University,VA,South,3.0,37.234692,-77.419026,1.0,3.0,1.0,19.0,4787.0,9755.0,14553.0,0.71,0.891,917.0,0.4072,0.0,1.0,-1.4403562115162236,-0.9464124118638594
005862,Virginia Union University,Virginia Union University,VA,South,4.0,37.562405,-77.450903,2.0,3.0,1.0,21.0,1153.0,14880.0,19580.0,0.5064,0.9773,860.0,0.4133,1.0,1.0,0.5797493344097887,-0.8463429050694362
005867,Virginia Wesleyan,Virginia Wesleyan University,VA,South,4.0,36.868417,-76.18606,2.0,3.0,1.0,21.0,1243.0,36960.0,20583.0,0.2617,0.7129,1281.0,0.4905,1.0,2.0,1.471600384768569,0.2064291414710974
005868,Virginia Western Cmty Coll,Virginia Western Community College,VA,South,4.0,37.245029,-79.973011,1.0,2.0,2.0,5.0,3777.0,5256.0,5618.0,0.2974,,,,0.0,0.0,-1.5802901199739612,0.6450328507082567
005858,Virginia Military Institute,Virginia Military Institute,VA,South,2.0,37.7896,-79.437067,1.0,3.0,1.0,21.0,1560.0,20484.0,18849.0,0.1647,0.8173,1183.0,0.818,0.0,3.0,-0.4156571506589374,0.13987198561119915
005570,Virginia Commonwealth University,Virginia Commonwealth University,VA,South,4.0,37.54962,-77.452697,1.0,3.0,1.0,15.0,20797.0,16458.0,19452.0,0.2971,0.9306,1168.0,0.6538,0.0,0.0,-0.7706666140278929,1.7495506796809357
001881,Volunteer State Community Coll,Volunteer State Community College,TN,South,3.0,36.362518,-86.497127,1.0,2.0,2.0,1.0,5139.0,4524.0,10477.0,0.3054,,,,0.0,0.0,-1.5156688475490772,0.4233944500933872
005863,Voorhees College,Voorhees University,SC,South,1.0,33.307199,-81.127863,2.0,3.0,1.0,22.0,460.0,12630.0,15411.0,0.7749,,,0.3779,1.0,1.0,-0.12998268125329865,-3.5389455386212747
001895,Wabash College,Wabash College,IN,Midwest,2.0,40.037588,-86.906,2.0,3.0,1.0,21.0,834.0,49125.0,21906.0,0.2251,0.6278,1210.0,0.7706,1.0,5.0,1.8152863933439236,-0.5908226284995588
002966,Wagner College,Wagner College,NY,Northeast,4.0,40.615588,-74.092913,2.0,3.0,1.0,19.0,1579.0,52000.0,27733.0,0.227,0.8346,1234.0,0.6814,1.0,4.0,2.4023584649334713,0.6762596237044654
001936,Wabash Valley College,Wabash Valley College,IL,Midwest,2.0,38.42889,-87.778448,1.0,2.0,2.0,9.0,526.0,4390.0,8134.0,0.2354,,,,0.0,3.0,-1.3001213092624595,-0.9045478660724029
005885,Wake Forest University,Wake Forest University,NC,South,4.0,36.133609,-80.277446,2.0,3.0,1.0,16.0,5471.0,64758.0,28746.0,0.0949,0.2156,1469.0,0.9087,1.0,4.0,2.6388768048803612,1.8138658675472334
005928,Wake Technical Cmty College,Wake Technical Community College,NC,South,3.0,35.650151,-78.706126,1.0,2.0,2.0,1.0,18605.0,2336.0,6935.0,0.2731,,,,0.0,0.0,-1.9455983037712103,1.1091542199162838
004940,Walla Walla College,Walla Walla Community College,WA,West,4.0,46.078557,-118.276505,1.0,2.0,1.0,14.0,2372.0,6513.0,8343.0,0.2896,,,0.4746,0.0,0.0,-1.3048834911946918,0.566969646085129
004963,Walla Walla Community College,Walla Walla Community College,WA,West,4.0,46.078557,-118.276505,1.0,2.0,1.0,14.0,2372.0,6513.0,8343.0,0.2896,,,0.4746,0.0,0.0,-1.3048834911946918,0.566969646085129
000372,Walsh College of Acct and Bus Adm,Walsh College,MI,Midwest,4.0,42.573888,-83.147197,2.0,3.0,1.0,29.0,535.0,,,0.3114,,,,,,,
001926,Walsh University,Walsh University,OH,Midwest,3.0,40.873908,-81.369931,2.0,3.0,1.0,17.0,1344.0,34595.0,20004.0,0.233,0.7818,1210.0,0.6169,1.0,2.0,1.31653239139808,-0.09442936243594216
001893,Walters State Community College,Walters State Community College,TN,South,4.0,36.213179,-83.262503,1.0,2.0,2.0,1.0,3781.0,4519.0,4153.0,0.2801,,,,0.0,0.0,-1.6675046961277769,0.6815849621064247
004595,Warner Pacific University,Warner Pacific University,OR,West,4.0,45.506265,-122.592498,2.0,3.0,1.0,22.0,370.0,21010.0,18818.0,0.464,0.5855,,0.8209,1.0,2.0,0.9458326566050614,-1.1500973259872111
002722,Warren County Community College,Warren County Community College,NJ,Northeast,1.0,40.744812,-75.018309,1.0,2.0,2.0,3.0,867.0,5310.0,3550.0,0.1099,,,,0.0,3.0,-1.5646648922654998,-0.636247384817696
005886,Warren Wilson College,Warren Wilson College,NC,South,1.0,35.610328,-82.442619,2.0,3.0,1.0,21.0,720.0,40290.0,23719.0,0.3707,0.7762,1290.0,0.4315,1.0,5.0,1.3836667121474955,-1.6049638224267164
006926,Wartburg College,Wartburg College,IA,Midwest,2.0,42.7277,-92.483387,2.0,3.0,1.0,21.0,1446.0,51040.0,22604.0,0.2147,0.714,1136.0,0.6682,1.0,5.0,1.8324990444164821,-0.261113606703649
006928,Washburn University,Washburn University,KS,Midwest,4.0,39.033778,-95.702222,1.0,3.0,1.0,19.0,4093.0,9578.0,13046.0,0.3052,,,0.5263,0.0,0.0,-1.0168437015021048,0.7772957385340704
002967,Washington & Jefferson College,Washington & Jefferson College,PA,Northeast,3.0,40.170622,-80.24049,2.0,3.0,1.0,21.0,1154.0,28185.0,25544.0,0.2942,0.8154,,0.7139,1.0,2.0,1.4494606306449054,-0.3042686883519838
005887,Washington & Lee U,Washington and Lee University,VA,South,2.0,37.788939,-79.443018,2.0,3.0,1.0,21.0,1884.0,64525.0,23911.0,0.1109,0.1736,1504.0,0.949,1.0,4.0,2.2895443380560168,0.34831258616493066
005888,Washington College,Washington College,MD,South,2.0,39.217329,-76.06878,2.0,3.0,1.0,21.0,890.0,54356.0,29095.0,0.2052,0.6554,1274.0,0.7411,1.0,5.0,2.305411712947546,-0.34670763927215836
000381,Washington State Community College,Washington State College of Ohio,OH,Midwest,2.0,39.430824,-81.43392,1.0,2.0,1.0,9.0,1002.0,4128.0,8913.0,0.2716,,,0.3211,0.0,3.0,-1.3941919885901908,-0.7053643512960099
004705,Washington State University,Washington State University,WA,West,2.0,46.730448,-117.158168,1.0,3.0,1.0,15.0,21583.0,12997.0,14401.0,0.2559,0.8536,,0.6164,0.0,0.0,-1.3419802519147255,1.084408020578167
006929,Washington University in St Louis,Washington University in St Louis,MO,Midwest,3.0,38.647929,-90.310604,2.0,3.0,1.0,15.0,7897.0,62982.0,22117.0,0.1589,0.1196,1530.0,0.9445,1.0,4.0,2.0625231535617004,1.249672468613348
004927,Watkins Coll Art & Design,American Baptist College,TN,South,4.0,36.202623,-86.789912,2.0,3.0,1.0,22.0,48.0,12474.0,19294.0,0.6792,,,0.3333,1.0,1.0,0.8509081063132625,-3.0327122200182015
005915,Watts School Of Nursing,Watts College of Nursing,NC,South,4.0,36.027649,-78.9413,2.0,3.0,1.0,-2.0,134.0,,,0.2454,,,,,,,
001938,Waubonsee Community College,Waubonsee Community College,IL,Midwest,1.0,41.795955,-88.459925,1.0,2.0,2.0,6.0,5499.0,3432.0,6113.0,0.2152,,,,0.0,3.0,-1.9046548133396275,-0.11776878184846454
006930,Wayland Baptist University,Wayland Baptist University,TX,South,2.0,34.187677,-101.730042,2.0,3.0,1.0,18.0,2090.0,23186.0,20540.0,0.3952,0.5405,,0.1919,1.0,5.0,0.6353879437878401,-0.9108151181782228
001937,Wayne County Community College,Wayne County Community College District,MI,Midwest,4.0,42.327299,-83.054497,1.0,2.0,2.0,3.0,7370.0,3112.0,5762.0,0.2846,,,,0.0,0.0,-1.6752685951179438,0.9984898356757358
001898,Wayne State University,Wayne State University,MI,Midwest,4.0,42.358994,-83.068998,1.0,3.0,1.0,15.0,15676.0,14297.0,14773.0,0.4304,0.8203,1147.0,0.5651,0.0,0.0,-1.0878056646596566,1.052920060609111
002969,Waynesburg College,Waynesburg University,PA,Northeast,2.0,39.899871,-80.186205,2.0,3.0,1.0,19.0,1081.0,29460.0,25157.0,0.31,0.9169,1114.0,0.605,1.0,5.0,1.3462664700331153,-0.7969654594220653
006931,Weatherford College,Weatherford College,TX,South,2.0,32.74133,-97.792629,1.0,2.0,1.0,4.0,3961.0,4560.0,8664.0,0.1943,,,0.2283,0.0,3.0,-1.6045398570728906,0.25364593465833163
006469,Wayne State College,Wayne State College,NE,Midwest,2.0,42.241556,-97.015122,1.0,3.0,1.0,18.0,3041.0,7970.0,15108.0,0.2658,,,0.557,0.0,3.0,-1.1162598937047317,-0.027697256206626525
002970,Webb Institute,Webb Institute,NY,Northeast,3.0,40.884444,-73.644909,2.0,3.0,1.0,28.0,105.0,61060.0,19077.0,0.0882,0.2,1480.0,0.8077,1.0,2.0,2.619653147690448,-0.6374827324963601
004941,Weber State University,Weber State University,UT,West,4.0,41.192591,-111.944845,1.0,2.0,1.0,18.0,15619.0,6391.0,10722.0,0.1642,,,0.4298,0.0,0.0,-1.378326400007313,1.9702059510776453
006933,Webster University,Webster University,MO,Midwest,3.0,38.588875,-90.345151,2.0,3.0,1.0,18.0,2180.0,30730.0,26196.0,0.2804,0.8243,1145.0,0.6106,1.0,2.0,1.4196500639073026,0.03791985872943708
001232,Welch College,Welch College,TN,South,3.0,36.36719,-86.549153,2.0,3.0,1.0,22.0,261.0,20796.0,19983.0,0.2725,,,0.6143,1.0,2.0,1.0697343015148868,-1.119022927205397
003957,Wellesley College,Wellesley College,MA,Northeast,3.0,42.291554,-71.306605,2.0,3.0,1.0,21.0,2318.0,64320.0,25008.0,0.2056,0.1391,1513.0,0.9121,1.0,4.0,2.46441008545649,0.5741605591683813
004942,Wenatchee Valley College,Wenatchee Valley College,WA,West,4.0,47.431234,-120.337198,1.0,2.0,1.0,14.0,1762.0,5118.0,10733.0,0.2705,,,0.3955,0.0,0.0,-1.1583104144220295,0.5116234998352673
003958,Wentworth Institute of Technology,Wentworth Institute of Technology,MA,Northeast,4.0,42.336632,-71.094983,2.0,3.0,1.0,20.0,3586.0,41010.0,34170.0,0.2257,0.8537,1226.0,0.6863,1.0,4.0,2.2898489523277843,1.1041052670618574
002971,Wells College,Wells College,NY,Northeast,1.0,42.742943,-76.696028,2.0,3.0,1.0,21.0,355.0,35166.0,22921.0,0.4678,0.6965,,0.4088,1.0,5.0,1.3310667695357368,-2.303084126504474
005895,Wesleyan College,Wesleyan College,GA,South,4.0,32.876037,-83.715417,2.0,3.0,1.0,22.0,466.0,27650.0,14528.0,0.4446,0.6207,905.0,0.6056,1.0,2.0,0.8811499812107683,-1.0634934709868868
003959,Wesleyan University,Wesleyan University,CT,Northeast,4.0,41.554665,-72.657146,2.0,3.0,1.0,21.0,2973.0,67316.0,27888.0,0.1499,0.171,1513.0,0.9157,1.0,4.0,2.8308808341253275,1.3593651940550164
002659,West Chester University of Pen,West Chester University of Pennsylvania,PA,Northeast,3.0,39.953398,-75.59812,1.0,3.0,1.0,16.0,14067.0,10687.0,22673.0,0.245,0.792,1184.0,0.698,0.0,0.0,-0.6814769826560595,1.3755268827347968
005500,West Hills College Lemoore,Lemoore College,CA,West,1.0,36.292431,-119.823866,1.0,2.0,2.0,2.0,3223.0,1384.0,7961.0,0.3833,,,,0.0,3.0,-1.9550729165792786,-0.8724925599311888
005901,West Liberty State College,West Liberty University,WV,South,1.0,40.164417,-80.602256,1.0,3.0,1.0,19.0,1578.0,8732.0,16295.0,0.3194,0.7212,1041.0,0.6062,0.0,3.0,-1.1437507237349203,-0.9166525520051713
004964,West Los Angeles College,West Los Angeles College,CA,West,3.0,34.004512,-118.386664,1.0,2.0,1.0,14.0,7277.0,1238.0,7131.0,0.1998,,,0.2138,0.0,0.0,-1.7520015920609038,0.9781529378929649
001941,West Shore Community College,West Shore Community College,MI,Midwest,1.0,44.008512,-86.336122,1.0,2.0,2.0,6.0,651.0,4320.0,1335.0,0.3367,,,,0.0,3.0,-1.894747448798817,-1.6578442440737062
003214,West Va Career Inst,West Virginia Junior College-Morgantown,PA,Northeast,1.0,39.950525,-79.652374,3.0,2.0,2.0,10.0,584.0,14313.0,15987.0,0.6788,,,0.5904,1.0,1.0,0.09636469239779004,-3.0289697789869465
004958,West Valley College,West Valley College,CA,West,3.0,37.26398,-122.008324,1.0,2.0,2.0,2.0,6086.0,1490.0,1842.0,0.1056,,,,0.0,0.0,-1.9267782877378212,1.1503295519475316
000674,West Virginia Northern Community College,West Virginia Northern Community College,WV,South,4.0,40.063318,-80.721263,1.0,2.0,2.0,8.0,785.0,4544.0,3215.0,0.4247,,,,0.0,0.0,-1.5834780235206372,-0.6153926404101092
005904,West Virginia University,West Virginia University,WV,South,4.0,39.634371,-79.954391,1.0,3.0,1.0,15.0,17705.0,9648.0,12997.0,0.2041,0.8626,1129.0,0.612,0.0,0.0,-1.2232139363258585,1.8652538091873272
005905,West Virginia Wesleyan College,West Virginia Wesleyan College,WV,South,2.0,38.990661,-80.218969,2.0,3.0,1.0,22.0,909.0,33494.0,18148.0,0.3735,0.9505,1045.0,0.4945,1.0,5.0,0.9628830639888732,-1.2122801229323454
002972,Westchester Community College,The College of Westchester,NY,Northeast,4.0,41.033687,-73.784404,3.0,2.0,1.0,22.0,760.0,24705.0,11669.0,0.6667,0.9457,,0.3205,1.0,1.0,0.5024405189613429,-1.6269766849972993
005897,Western Carolina University,Western Carolina University,NC,South,2.0,35.308979,-83.186258,1.0,3.0,1.0,17.0,9867.0,4532.0,12579.0,0.3285,0.8666,1151.0,0.5908,0.0,3.0,-1.6411387369915964,0.28527279526958016
004946,Western Colorado University,Western Colorado University,CO,West,2.0,38.549936,-106.919132,1.0,3.0,1.0,19.0,1653.0,11083.0,16773.0,0.1347,0.9747,1130.0,0.5067,0.0,3.0,-0.780527839000388,0.2640188345896951
003350,Western Connecticut State University,Western Connecticut State University,CT,Northeast,4.0,41.400365,-73.444264,1.0,3.0,1.0,19.0,3434.0,12763.0,18617.0,0.3464,0.8136,1044.0,0.5025,0.0,0.0,-0.5754849371173227,0.687901286964016
006393,Western Dakota Technical Institute,Western Dakota Technical College,SD,Midwest,4.0,44.076648,-103.179501,1.0,2.0,2.0,8.0,733.0,8008.0,14631.0,0.2786,,,,0.0,0.0,-0.691749456023153,0.03466794117625156
003949,Western Governors University,Western Governors University,UT,West,3.0,40.68481,-111.869752,2.0,3.0,1.0,18.0,135822.0,8300.0,10442.0,0.3488,,,0.5089,0.0,0.0,-0.8306797866395071,1.5642117546675913
001900,Western Illinois University,Western Illinois University,IL,Midwest,2.0,40.468086,-90.686899,1.0,3.0,1.0,18.0,4939.0,14952.0,11592.0,0.2812,0.7496,,0.4477,0.0,3.0,-1.1816854726946002,0.1533484229745938
001316,Western International Univ,Aspen University,AZ,West,4.0,33.412164,-111.981317,3.0,3.0,1.0,26.0,2396.0,6264.0,,0.1287,,,,,,,
001901,Western Kentucky University,Western Kentucky University,KY,South,4.0,36.985035,-86.456828,1.0,3.0,1.0,17.0,12267.0,11436.0,10916.0,0.2871,0.9705,977.0,0.5367,0.0,0.0,-1.2872706482890215,1.3747585732109155
001902,Western Michigan University,Western Michigan University,MI,Midwest,4.0,42.282194,-85.613759,1.0,3.0,1.0,16.0,12704.0,15298.0,18701.0,0.2537,0.8468,1108.0,0.5777,0.0,0.0,-0.6799297873262232,1.6316732420176379
004945,Western Montana College of Univ Montana,The University of Montana-Western,MT,West,2.0,45.208306,-112.639264,1.0,3.0,1.0,22.0,1271.0,6430.0,16669.0,0.3539,0.995,,0.4945,0.0,3.0,-1.0529091360246718,-0.6682141431481807
003962,Western New England College,Western New England University,MA,Northeast,4.0,42.115017,-72.520466,2.0,3.0,1.0,17.0,2508.0,46430.0,31170.0,0.2502,0.8326,1231.0,0.6389,1.0,4.0,2.329067883865167,0.8346720536300799
004535,Western New Mexico University,Western New Mexico University,NM,West,2.0,32.7767,-108.283284,1.0,3.0,1.0,18.0,1935.0,7868.0,7912.0,0.4186,,,0.3489,0.0,3.0,-1.5921495813927615,-0.8001611250337552
006020,Western Oklahoma State College,Western Oklahoma State College,OK,South,2.0,34.669018,-99.33699,1.0,2.0,2.0,4.0,774.0,5446.0,7461.0,0.3318,,,,0.0,3.0,-1.4939686485609651,-1.04640575517651
004585,Western Oregon State College,Western Oregon University,OR,West,2.0,44.852235,-123.238309,1.0,3.0,1.0,18.0,3211.0,11025.0,18290.0,0.4,0.9869,1057.0,0.4483,0.0,3.0,-1.007875157250506,-0.321849501718458
005922,Western Piedmont Community C,Western Piedmont Community College,NC,South,4.0,35.722876,-81.687345,1.0,2.0,2.0,6.0,1332.0,2650.0,5357.0,0.3305,,,,0.0,0.0,-1.5358347279616245,-0.0057053238659914495
006951,Western Texas College,Western Texas College,TX,South,2.0,32.678458,-100.914945,1.0,2.0,2.0,3.0,486.0,3240.0,4094.0,0.0783,,,,0.0,3.0,-1.4732933082112802,-0.44372192696991847
004947,Western Washington University,Western Washington University,WA,West,4.0,48.737812,-122.485734,1.0,3.0,1.0,18.0,13574.0,9286.0,18680.0,0.2076,0.9131,1235.0,0.6555,0.0,0.0,-0.8781232517277283,1.8762227880350701
004957,Western Wyoming Community Coll,Western Wyoming Community College,WY,West,2.0,41.590964,-109.237126,1.0,2.0,1.0,9.0,1289.0,4250.0,8420.0,0.1752,,,0.3333,0.0,3.0,-1.423828724541592,-0.159724290949609
006957,Western Nebraska Comm Coll,Western Nebraska Community College,NE,Midwest,2.0,41.875705,-103.64249,1.0,2.0,2.0,5.0,948.0,3000.0,4974.0,0.2476,,,,0.0,3.0,-1.6113007570089914,-0.7096196662467327
006648,Western Nebraska Cmty College,Western Nebraska Community College,NE,Midwest,2.0,41.875705,-103.64249,1.0,2.0,2.0,5.0,948.0,3000.0,4974.0,0.2476,,,,0.0,3.0,-1.6113007570089914,-0.7096196662467327
003523,Westfield State University,Westfield State University,MA,Northeast,3.0,42.132698,-72.796503,1.0,3.0,1.0,18.0,3481.0,11882.0,18561.0,0.3336,0.8074,,0.5486,0.0,0.0,-0.7160183182212936,0.3256375901180253
002975,Westminster College,Westminster College,PA,Northeast,1.0,41.119272,-80.331017,2.0,3.0,1.0,21.0,1051.0,39470.0,20800.0,0.2474,0.8551,,0.6586,1.0,5.0,1.3475102879962562,-0.9944265821678555
002968,Westmoreland Co Cmty College,Westmoreland County Community College,PA,Northeast,3.0,40.234321,-79.564897,1.0,2.0,2.0,9.0,2609.0,5880.0,6356.0,0.2779,,,,0.0,0.0,-1.4600895221003702,0.17317451228073663
004950,Westmont College,Westmont College,CA,West,3.0,34.450151,-119.662517,2.0,3.0,1.0,21.0,1310.0,51790.0,32926.0,0.1858,0.7986,1367.0,0.7009,1.0,4.0,2.520562415550093,0.434642444890363
004948,Westminster College Slt Lk Cty,Westminster University,UT,West,4.0,40.730779,-111.855757,2.0,3.0,1.0,19.0,882.0,41416.0,26536.0,0.2508,0.6883,1249.0,0.6936,1.0,2.0,1.9986602359465897,0.264433362072623
006937,Westminster College,Westminster College,MO,Midwest,2.0,38.849354,-91.955273,2.0,3.0,1.0,21.0,592.0,34188.0,26111.0,0.3967,0.7758,1083.0,0.5747,1.0,5.0,1.5133069904520977,-1.4008994627841218
002974,Westminster Choir College of Rider University,Rider University,NJ,Northeast,3.0,40.278796,-74.737833,2.0,3.0,1.0,18.0,3192.0,38900.0,25287.0,0.3336,0.794,1219.0,0.6332,1.0,2.0,1.5688901408391047,0.12345155980946072
006939,Wharton County Junior College,Wharton County Junior College,TX,South,2.0,29.3238,-96.085815,1.0,2.0,2.0,7.0,4832.0,2916.0,5021.0,0.2652,,,,0.0,3.0,-1.9335842145601874,0.04148750041689925
001275,Whatcom Community College,Whatcom Community College,WA,West,4.0,48.7939,-122.493253,1.0,2.0,1.0,14.0,2280.0,5146.0,9608.0,0.1859,,,0.3643,0.0,0.0,-1.1927034546571433,0.9212154147417333
001905,Wheaton College,Wheaton College,IL,Midwest,3.0,41.870176,-88.099643,2.0,3.0,1.0,21.0,2087.0,43930.0,26984.0,0.202,0.8998,1363.0,0.8655,1.0,4.0,1.924578528113281,0.3872607592882748
003963,Wheaton College,Wheaton College (Massachusetts),MA,Northeast,3.0,41.966637,-71.183979,2.0,3.0,1.0,21.0,1745.0,62080.0,30934.0,0.1962,0.7133,1321.0,0.757,1.0,4.0,2.7648875048260235,0.5345688039570509
005906,Wheeling Jesuit University,Wheeling University,WV,South,4.0,40.070873,-80.690804,2.0,3.0,1.0,19.0,567.0,29475.0,19040.0,0.2524,0.7518,,0.3204,1.0,2.0,1.2936929102404482,-0.21656083569212406
004951,Whitman College,Whitman College,WA,West,4.0,46.069815,-118.331546,2.0,3.0,1.0,21.0,1523.0,61492.0,35506.0,0.1467,0.4999,1365.0,0.8098,1.0,4.0,3.074726981846541,1.1514964128633496
004952,Whittier College,Whittier College,CA,West,3.0,33.978773,-118.032299,2.0,3.0,1.0,21.0,812.0,49864.0,29871.0,0.3185,0.8538,,0.6339,1.0,2.0,2.2722305454030316,-0.3225794827748291
006884,Wichita State University,Wichita State University,KS,Midwest,4.0,37.718882,-97.292361,1.0,3.0,1.0,16.0,10493.0,9322.0,13776.0,0.2973,0.9494,1118.0,0.5143,0.0,0.0,-1.125819250848252,1.2779898505710403
007724,Wichita State University Applied Sciences Tech,Wichita State University,KS,Midwest,4.0,37.718882,-97.292361,1.0,3.0,1.0,16.0,10493.0,9322.0,13776.0,0.2973,0.9494,1118.0,0.5143,0.0,0.0,-1.125819250848252,1.2779898505710403
002642,Widener University,Widener University,PA,Northeast,3.0,39.861689,-75.355363,2.0,3.0,1.0,17.0,2765.0,53638.0,30470.0,0.2485,0.8402,1170.0,0.6351,1.0,4.0,2.3752535277442672,0.5173627070416364
001906,Wilberforce University,Wilberforce University,OH,Midwest,1.0,39.707291,-83.880595,2.0,3.0,1.0,22.0,602.0,14776.0,7349.0,0.7436,0.5273,980.0,0.1597,1.0,1.0,-0.4579897873454728,-3.403375577015171
001925,Wilbur Wright College,City Colleges of Chicago-Wilbur Wright College,IL,Midwest,4.0,41.958774,-87.787868,1.0,2.0,2.0,3.0,4186.0,4380.0,2651.0,0.269,,,,0.0,0.0,-1.703426100738997,0.7395557746596934
002977,Wilkes University,Wilkes University,PA,Northeast,4.0,41.244199,-75.890262,2.0,3.0,1.0,17.0,1893.0,42286.0,27700.0,0.2975,0.9146,1134.0,0.6034,1.0,2.0,2.0269611609989906,0.4552539894756164
004954,Willamette University,Willamette University,OR,West,4.0,44.935457,-123.030537,2.0,3.0,1.0,21.0,1525.0,48268.0,23663.0,0.218,0.7911,1339.0,0.7273,1.0,2.0,1.9909435453233673,0.6538828470817459
001907,William Carey College,William Carey University,MS,South,4.0,31.305264,-89.291815,2.0,3.0,1.0,17.0,1818.0,14685.0,17052.0,0.2458,0.5797,1120.0,0.4083,1.0,2.0,0.5680226629904573,0.2594762172058039
006941,William Jewell College,William Jewell College,MO,Midwest,3.0,39.247844,-94.413126,2.0,3.0,1.0,22.0,868.0,19890.0,16602.0,0.2791,0.3429,1114.0,0.6162,1.0,2.0,0.726355250861399,-0.6126892280084935
002518,William Paterson University of New Jersey,William Paterson University of New Jersey,NJ,Northeast,3.0,40.945255,-74.200248,1.0,3.0,1.0,18.0,6523.0,15150.0,17764.0,0.4447,0.9252,,0.4771,0.0,0.0,-0.8433203680006597,0.2541951413187384
005533,William Peace University,William Peace University,NC,South,4.0,35.789139,-78.637697,2.0,3.0,1.0,22.0,661.0,33150.0,21728.0,0.345,0.9736,1198.0,0.4433,1.0,2.0,1.452622828453836,-0.406544436549439
006943,William Penn College,William Penn University,IA,Midwest,2.0,41.310111,-92.647095,2.0,3.0,1.0,22.0,1391.0,28750.0,22115.0,0.4558,0.5701,996.0,0.2924,1.0,5.0,0.9588973590789731,-1.2775358561039156
006944,William Woods University,William Woods University,MO,Midwest,2.0,38.860287,-91.950416,2.0,3.0,1.0,17.0,1075.0,28860.0,22270.0,0.3034,0.7449,,0.5699,1.0,5.0,1.1273505059588358,-0.8652921642368814
006658,Williams Baptist University,Williams Baptist University,AR,South,1.0,36.125676,-90.940277,2.0,3.0,1.0,22.0,490.0,20330.0,15875.0,0.4715,0.5888,1018.0,0.3592,1.0,5.0,0.3486025395891737,-2.3844381912571393
000765,Williamson Free Sch of Mechanical Trades,Williamson College of the Trades,PA,Northeast,3.0,39.90807,-75.422024,2.0,2.0,2.0,7.0,313.0,30858.0,1421.0,0.5863,0.2992,,,1.0,1.0,0.22039049378578107,-2.2903974563393
003965,Williams College,Williams College,MA,Northeast,2.0,42.712725,-73.203132,2.0,3.0,1.0,21.0,2060.0,64860.0,14852.0,0.1715,0.0999,1527.0,0.9653,1.0,5.0,1.864114609202401,0.0919110624005422
006905,Williston State College,Williston State College,ND,Midwest,2.0,48.158603,-103.613066,1.0,2.0,2.0,4.0,686.0,4938.0,7164.0,0.2037,,,,0.0,3.0,-1.3523732809956364,-0.6720061387569557
001909,Wilmington College,Wilmington College,OH,Midwest,2.0,39.444744,-83.818342,2.0,3.0,1.0,22.0,924.0,30962.0,22872.0,0.3734,0.846,1042.0,0.5508,1.0,5.0,1.1923771707768849,-1.1646428257187638
005925,Wilmington College,Wilmington University,DE,South,3.0,39.682299,-75.586998,2.0,3.0,1.0,17.0,8497.0,12330.0,15355.0,0.2631,,,0.2257,0.0,0.0,0.03506984147067456,0.5132199500956852
002979,Wilson College,Wilson College,PA,Northeast,4.0,39.949659,-77.650712,2.0,3.0,1.0,19.0,745.0,27000.0,21241.0,0.266,0.8998,1020.0,0.5183,1.0,2.0,1.3925974275581452,-0.0798548282824514
005930,Wilson Community College,Wilson Community College,NC,South,2.0,35.730114,-77.895663,1.0,2.0,2.0,6.0,1398.0,2572.0,6753.0,0.2507,,,,0.0,3.0,-1.6476126092220276,-0.497521585251036
004976,Windward Community College,Windward Community College,HI,West,3.0,21.407051,-157.813307,1.0,2.0,2.0,3.0,1109.0,3194.0,7533.0,0.1321,,,,0.0,3.0,-1.3276320599364662,0.3065483867436613
005908,Wingate University,Wingate University,NC,South,3.0,34.986064,-80.44305,2.0,3.0,1.0,17.0,2462.0,40196.0,21371.0,0.4143,0.8499,1083.0,0.4678,1.0,2.0,1.268737472137641,-0.36989824247469594
006680,Winona State University,Winona State University,MN,Midwest,2.0,44.046159,-91.643723,1.0,3.0,1.0,19.0,5088.0,10498.0,18148.0,0.2349,0.6852,1119.0,0.6089,0.0,3.0,-0.9344375049796674,0.3929376876543041
005909,Winston-Salem State University,Winston-Salem State University,NC,South,4.0,36.089554,-80.225033,1.0,3.0,1.0,17.0,4244.0,6735.0,13393.0,0.6149,0.6855,946.0,0.4855,0.0,0.0,-1.382428551234883,-0.2985953595562029
005910,Winthrop University,Winthrop University,SC,South,4.0,34.941515,-81.031404,1.0,3.0,1.0,18.0,3424.0,15956.0,16353.0,0.3863,0.7506,1132.0,0.6122,0.0,0.0,-0.7391580230355046,0.4996456310166164
001513,Wisconsin Lutheran College,Wisconsin Lutheran College,WI,Midwest,4.0,43.036943,-88.022718,2.0,3.0,1.0,22.0,1009.0,35080.0,21315.0,0.2542,0.7905,1214.0,0.6266,1.0,2.0,1.5481568415484603,0.11839435740954345
001922,Wittenberg University,Wittenberg University,OH,Midwest,4.0,39.934029,-83.815445,2.0,3.0,1.0,21.0,1269.0,44602.0,19470.0,0.2941,0.9104,1153.0,0.5382,1.0,2.0,1.6691061397278892,0.1261656596739886
005912,Wofford College,Wofford College,SC,South,4.0,34.959411,-81.933568,2.0,3.0,1.0,21.0,1873.0,54100.0,28984.0,0.1509,0.5859,1297.0,0.8075,1.0,4.0,2.4554999988629653,1.0234338227542459
004955,Woodbury University,Woodbury University,CA,West,4.0,34.208011,-118.341147,2.0,3.0,1.0,20.0,825.0,44886.0,28248.0,0.4896,0.7287,,0.5478,1.0,2.0,2.021420411147825,-0.5634300123246488
005762,Woodland Community College,Woodland Community College,CA,West,3.0,38.660392,-121.73533,1.0,2.0,2.0,9.0,2949.0,1124.0,4097.0,0.2502,,,,0.0,0.0,-1.8156493450526348,0.3126312461274762
001613,Wor-Wic Community College,Wor-Wic Community College,MD,South,1.0,38.373723,-75.499659,1.0,2.0,2.0,7.0,2047.0,3744.0,6573.0,0.4069,,,,0.0,3.0,-1.9198896388489273,-1.2619787457158014
003969,Worcester Polytechnic Institute,Worcester Polytechnic Institute,MA,Northeast,4.0,42.274853,-71.808339,2.0,3.0,1.0,16.0,5344.0,59070.0,43273.0,0.1029,0.585,,0.8843,1.0,4.0,3.349716758682622,1.9734978058720754
003524,Worcester State College,Worcester State University,MA,Northeast,4.0,42.267526,-71.844018,1.0,3.0,1.0,18.0,3963.0,11286.0,14738.0,0.289,0.8986,1145.0,0.5551,0.0,0.0,-0.805120045756427,0.8978080747031834
001179,Wright State University,Wright State University-Main Campus,OH,Midwest,3.0,39.780634,-84.064881,1.0,3.0,1.0,16.0,6330.0,11188.0,15216.0,0.3276,0.9515,1086.0,0.4586,0.0,0.0,-1.0564644451816256,0.5460369463692513
001947,Wright State University Lake Campus,Wright State University-Lake Campus,OH,Midwest,1.0,40.546074,-84.509194,1.0,3.0,1.0,22.0,984.0,7504.0,12603.0,0.1584,,,0.4247,0.0,3.0,-1.125141681115685,-0.6511638609909265
005932,Wvu Parkersburg,West Virginia University at Parkersburg,WV,South,1.0,39.216379,-81.506192,1.0,2.0,1.0,23.0,1692.0,4420.0,3613.0,0.2972,,,0.3061,0.0,3.0,-1.9439208779850936,-1.0062190807433298
001965,Xavier University,Xavier University,OH,Midwest,4.0,39.149547,-84.47465,2.0,3.0,1.0,17.0,4723.0,48125.0,32342.0,0.1449,0.8773,1224.0,0.705,1.0,4.0,2.372127708082512,1.4992652496008223
006975,Xavier University La,Xavier University of Louisiana,LA,South,4.0,29.964162,-90.107307,2.0,3.0,1.0,19.0,2534.0,27868.0,18285.0,0.5171,0.7448,1077.0,0.5021,1.0,2.0,0.7696969930045207,-0.4308659117942611
004993,Yakima Valley College,Yakima Valley College,WA,West,4.0,46.586098,-120.528525,1.0,2.0,1.0,14.0,2539.0,5163.0,10402.0,0.3794,,,0.3377,0.0,0.0,-1.314891107251405,0.3041880622406406
005917,Wytheville Community College,Wytheville Community College,VA,South,2.0,36.95731,-81.071181,1.0,2.0,2.0,3.0,1229.0,4863.0,4037.0,0.3247,,,,0.0,3.0,-1.760600806244246,-0.8443609104659734
003987,Yale University,Yale University,CT,Northeast,4.0,41.311158,-72.926688,2.0,3.0,1.0,15.0,6811.0,64700.0,27818.0,0.1916,0.045,1534.0,0.9633,1.0,4.0,2.587861411373046,1.6039102858296042
007010,Yeshiva Beth Yehuda-Gedolah Gtr Detroit,Yeshiva Gedolah of Greater Detroit,MI,Midwest,3.0,42.471924,-83.200754,2.0,3.0,1.0,24.0,71.0,8600.0,4913.0,0.3824,0.9259,,0.4615,1.0,1.0,0.07165498666631301,-2.4381487517038916
000743,Yeshiva Shaar Hatorah,Yeshivath Shaar Hatorah,NY,Northeast,4.0,40.704048,-73.835009,2.0,3.0,1.0,24.0,84.0,19200.0,11613.0,0.1408,0.9184,,0.5455,1.0,2.0,1.0782871349373244,-0.8931627290153968
001657,Yeshivath Beth Moshe,Yeshivath Beth Moshe,PA,Northeast,4.0,41.394852,-75.656191,2.0,2.0,1.0,24.0,39.0,10400.0,6349.0,0.3714,1.0,,0.75,1.0,1.0,0.47365833103377325,-2.2053446687691705
002991,York College of Pennsylvania,York College of Pennsylvania,PA,Northeast,3.0,39.94614,-76.727984,2.0,3.0,1.0,20.0,3187.0,24606.0,19685.0,0.2522,0.942,1135.0,0.5974,1.0,2.0,0.9037012711976703,0.24108272893045457
003990,York County Tech C,York County Community College,ME,Northeast,3.0,43.306797,-70.590783,1.0,2.0,2.0,3.0,1055.0,3866.0,7025.0,0.2123,,,,0.0,3.0,-1.2938327019425417,-0.046001378636163937
002990,Yeshiva University,Yeshiva University,NY,Northeast,4.0,40.850605,-73.929873,2.0,3.0,1.0,17.0,2942.0,49900.0,47560.0,0.1406,0.6375,1410.0,0.8367,1.0,4.0,3.367342655231994,1.547021007983005
001331,Yeshiva Ohr Elchonon Chabad/Coast Sem,Yeshiva Ohr Elchonon Chabad West Coast Talmudical Seminary,CA,West,4.0,34.085465,-118.346613,2.0,3.0,1.0,24.0,157.0,16900.0,12258.0,0.5461,0.6168,,0.2,1.0,1.0,0.5420918655717215,-1.9768049870264497
000552,Yeshiva Derech Chaim,Yeshiva Derech Chaim,NY,Northeast,4.0,40.636889,-73.979757,2.0,3.0,1.0,24.0,119.0,12700.0,9757.0,0.3964,0.7021,,0.1818,1.0,1.0,0.5346346661095854,-1.6896778158363919
005990,Young Harris College,Young Harris College,GA,South,1.0,34.933523,-83.84587,2.0,3.0,1.0,21.0,810.0,32305.0,11008.0,0.2106,0.6402,,0.4566,1.0,5.0,0.5700501917272678,-1.2092403961804186
001975,Youngstown State University,Youngstown State University,OH,Midwest,4.0,41.104928,-80.64659,1.0,3.0,1.0,18.0,7340.0,10791.0,11877.0,0.3319,0.8032,1055.0,0.5291,0.0,0.0,-1.1541085932333943,0.9630713812820378
004994,Yuba College,Yuba College,CA,West,3.0,39.126536,-121.53964,1.0,2.0,2.0,8.0,4311.0,1128.0,3573.0,0.2799,,,,0.0,0.0,-1.9252829375957252,0.3881987962076134
005879,Goodwin University,Goodwin University,CT,Northeast,4.0,41.742977,-72.64032,2.0,2.0,1.0,23.0,2761.0,21198.0,28544.0,0.4843,,,0.5833,1.0,2.0,1.2375411765799853,-0.13874110172181037
000139,Blessing-Reiman College of Nursing,Blessing Rieman College of Nursing and Health Sciences,IL,Midwest,2.0,39.949641,-91.357497,2.0,3.0,1.0,26.0,176.0,,,0.366,,,,,,,
001089,Harold Washington Clg Chicago,City Colleges of Chicago-Harold Washington College,IL,Midwest,4.0,41.886067,-87.626596,1.0,2.0,2.0,2.0,4146.0,4380.0,2974.0,0.3479,,,,0.0,0.0,-1.7451872769250976,0.46153156502722775
006370,Loras College,Loras College,IA,Midwest,4.0,42.503908,-90.679023,2.0,3.0,1.0,22.0,1087.0,38298.0,21057.0,0.2527,0.9183,,0.6985,1.0,2.0,1.6205041521718497,0.1773097807999823
002656,Millersville University of Pennsylvania,Millersville University of Pennsylvania,PA,Northeast,3.0,40.000337,-76.357381,1.0,3.0,1.0,18.0,5610.0,12262.0,20231.0,0.2669,0.8941,1120.0,0.544,0.0,0.0,-0.638496574165934,0.8212760320562132
004333,Linfield College Portland,Linfield University,OR,West,2.0,45.201173,-123.199642,2.0,3.0,1.0,21.0,1642.0,49530.0,27341.0,0.2831,0.8793,,0.6515,1.0,5.0,1.9261105165410062,-0.2954319636891753
005606,Saint Petersburg College,St Petersburg College,FL,South,4.0,27.773264,-82.636587,1.0,2.0,1.0,23.0,18759.0,2682.0,-52.0,0.3309,,,0.3747,0.0,0.0,-2.2349878225939475,1.2233798673752863
001130,University of St. Francis,University of St Francis,IL,Midwest,3.0,41.532225,-88.096057,2.0,3.0,1.0,17.0,1292.0,37000.0,15834.0,0.3706,0.6393,1055.0,0.6463,1.0,2.0,1.0666961554238037,-0.6403763312890848
002533,SUNY Buffalo State University,SUNY Buffalo State University,NY,Northeast,4.0,42.933832,-78.882125,1.0,3.0,1.0,18.0,5358.0,8486.0,14229.0,0.5333,0.7587,1080.0,0.3604,0.0,0.0,-1.1504745497774986,0.1617974882335178
001790,Shawnee State University,Shawnee State University,OH,Midwest,2.0,38.730867,-82.993769,1.0,3.0,1.0,20.0,2300.0,9622.0,15389.0,0.351,,,0.4298,0.0,3.0,-1.0736314749849587,-0.45097822369396023
001803,Tennessee State University,Tennessee State University,TN,South,4.0,36.166321,-86.828275,1.0,3.0,1.0,16.0,6498.0,8568.0,10026.0,0.518,0.9263,1017.0,0.3303,0.0,0.0,-1.4990924627067093,0.21795337003033785
006288,Hawkeye Community College,Hawkeye Community College,IA,Midwest,1.0,42.430003,-92.330633,1.0,2.0,2.0,8.0,2528.0,6308.0,10298.0,0.2191,,,,0.0,3.0,-1.4771890557335825,-0.4389145624558263
