source_id,source_name,state,source_city,CEEB,nu_name,nu_city,name_score_set,name_score_sort,city_match,tier,needs_review
01-009-2620-26-2001,A-C Central Elementary School,IL,CHANDLERVILLE,140115,A-C Central High School,ASHLAND,87.8048780487805,73.07692307692308,False,review,True
01-009-2620-26-0002,A-C Central High School,IL,ASHLAND,140115,A-C Central High School,ASHLAND,100.0,100.0,True,auto_accept,False
01-009-2620-26-1002,A-C Central Middle School,IL,ASHLAND,140115,A-C Central High School,ASHLAND,87.8048780487805,83.33333333333334,True,review,True
33-048-2760-26-0001,Abingdon-Avon High Sch,IL,ABINGDON,140021,Abingdon-Avon High School,ABINGDON,93.61702127659575,93.61702127659575,True,auto_accept,False
33-048-2760-26-1001,Abingdon-Avon Middle Sch,IL,AVON,140021,Abingdon-Avon High School,ABINGDON,77.55102040816327,77.55102040816327,False,reject,False
33-048-2760-26-2002,Avon Elem Sch,IL,AVON,140046,Allendale School,LAKE VILLA,55.172413793103445,55.172413793103445,False,reject,False
33-048-2760-26-2001,Hedding Grade Sch,IL,ABINGDON,142165,Gridley HS,GRIDLEY,66.66666666666666,66.66666666666667,False,reject,False
15-016-9020-25-201C,ACE Amandla Charter School,IL,CHICAGO,140626,Amandla Charter School,CHICAGO,100.0,91.66666666666666,True,auto_accept,False
19-022-0040-02-3002,Addison Early Learning Center,IL,ADDISON,143996,Stelle Learning Center,STELLE,81.08108108108108,58.82352941176471,False,reject,False
19-022-0040-02-2011,Ardmore Elem School,IL,ADDISON,141844,Cove School,NORTHBROOK,70.58823529411765,60.0,False,reject,False
19-022-0040-02-2002,Army Trail Elem School,IL,ADDISON,140003,Addison Trail High School,ADDISON,70.58823529411765,63.829787234042556,True,reject,False
19-022-0040-02-2003,Fullerton Elem School,IL,ADDISON,141844,Cove School,NORTHBROOK,70.58823529411765,50.0,False,reject,False
19-022-0040-02-1009,Indian Trail Jr High School,IL,ADDISON,143880,Indian Creek High School,SHABBONA,85.71428571428571,70.58823529411764,False,review,True
19-022-0040-02-2004,Lake Park Elem School,IL,ADDISON,142852,Lake Park HS-District 108,ROSELLE,86.48648648648648,61.81818181818181,False,reject,False
19-022-0040-02-2005,Lincoln Elem School,IL,ADDISON,142625,Lincoln Community High School,LINCOLN,84.84848484848484,66.66666666666667,False,review,True
19-022-0040-02-2010,Stone Elem School,IL,ADDISON,143800,Saint Elmo High School,ST. ELMO,72.22222222222223,72.22222222222221,False,reject,False
19-022-0040-02-2008,Wesley Elem School,IL,ADDISON,141844,Cove School,NORTHBROOK,70.58823529411765,55.172413793103445,False,reject,False
34-049-1250-13-0001,Adlai E Stevenson High School,IL,LINCOLNSHIRE,143550,Adlai E Stevenson High School,LINCOLNSHIRE,100.0,100.0,True,auto_accept,False
21-028-0910-04-2001,Akin Comm Cons Elem School,IL,AKIN,141844,Cove School,NORTHBROOK,70.58823529411765,54.054054054054056,False,reject,False
13-014-0630-02-2001,Albers Elem School,IL,ALBERS,142374,Liberty Valley School,JOLIET,71.7948717948718,56.41025641025641,False,reject,False
44-063-0190-24-2001,Alden Hebron Elem School,IL,HEBRON,142225,Alden Hebron High School,HEBRON,88.37209302325581,79.16666666666666,True,review,True
44-063-0190-24-0002,Alden-Hebron High School,IL,HEBRON,142225,Alden Hebron High School,HEBRON,100.0,100.0,True,auto_accept,False
44-063-0190-24-1001,Alden-Hebron Middle School,IL,HEBRON,142225,Alden Hebron High School,HEBRON,88.37209302325581,84.0,True,auto_accept,False
35-050-0650-04-2001,Ransom Grade School,IL,RANSOM,140323,Harlem High School - 9th Grade,MACHESNEY PK,77.41935483870968,63.829787234042556,False,reject,False
20-093-0170-24-2001,Allendale Elementary School,IL,ALLENDALE,140046,Allendale School,LAKE VILLA,100.0,74.4186046511628,False,review,True
07-016-1260-02-3001,District 126 Early Childhood Center,IL,ALSIP,140228,Peace Center,DOLTON,66.66666666666666,38.297872340425535,False,reject,False
07-016-1260-02-2001,Hazelgreen Elem School,IL,ALSIP,141844,Cove School,NORTHBROOK,70.58823529411765,48.484848484848484,False,reject,False
07-016-1260-02-2002,Lane Elem School,IL,ALSIP,140640,Lane Technical High School,CHICAGO,81.48148148148148,57.14285714285714,False,reject,False
07-016-1260-02-1005,Prairie Jr High School,IL,ALSIP,140455,Bushnell Prairie City HS,BUSHNELL,92.6829268292683,69.0909090909091,False,review,True
07-016-1260-02-2004,Stony Creek Elem School,IL,ALSIP,141844,Cove School,NORTHBROOK,70.58823529411765,52.94117647058824,False,reject,False
03-025-0100-26-2002,Altamont Grade School,IL,ALTAMONT,140030,Altamont High School,ALTAMONT,85.71428571428571,82.92682926829268,True,review,True
03-025-0100-26-0001,Altamont High School,IL,ALTAMONT,140030,Altamont High School,ALTAMONT,100.0,100.0,True,auto_accept,False
41-057-0110-26-0001,Alton High School,IL,ALTON,140040,Alton High School,ALTON,100.0,100.0,True,auto_accept,False
41-057-0110-26-1006,Alton Middle School,IL,ALTON,140108,Middle Fork School,DANVILLE,83.87096774193549,81.08108108108108,False,review,True
41-057-0110-26-3004,Early Childhood,IL,GODFREY,144325,Waverly High School,WAVERLY,58.8235294117647,58.82352941176471,False,reject,False
41-057-0110-26-2029,East Elementary School,IL,ALTON,143700,East High School,ROCKFORD,81.48148148148148,63.1578947368421,False,reject,False
41-057-0110-26-2007,Eunice Smith Elem School,IL,ALTON,141844,Cove School,NORTHBROOK,70.58823529411765,51.42857142857142,False,reject,False
41-057-0110-26-2010,Gilson Brown Elem School,IL,GODFREY,141844,Cove School,NORTHBROOK,70.58823529411765,51.42857142857142,False,reject,False
41-057-0110-26-2015,Lewis & Clark Elem School,IL,GODFREY,1430,Lewis And Clark Cmty College,GODFREY,76.36363636363636,65.45454545454545,True,reject,False
41-057-0110-26-2024,Lovejoy Elem School,IL,ALTON,141844,Cove School,NORTHBROOK,70.58823529411765,66.66666666666667,False,reject,False
41-057-0110-26-2030,North Elementary School,IL,GODFREY,140534,Glenbard North High School,CAROL STREAM,73.46938775510205,73.46938775510203,False,reject,False
41-057-0110-26-2028,West Elementary School,IL,ALTON,142075,Glenbard West High School,GLEN ELLYN,72.34042553191489,72.34042553191489,False,reject,False
28-037-2250-26-0001,AlWood  Middle/High School,IL,WOODHULL,144455,Alwood High School,WOODHULL,100.0,83.72093023255813,True,auto_accept,False
28-037-2250-26-2003,AlWood Elem School,IL,ALPHA,144455,Alwood High School,WOODHULL,83.87096774193549,77.77777777777779,False,review,True
47-052-2720-26-2003,Amboy Central Elem School,IL,AMBOY,140454,Central High School,BURLINGTON,84.84848484848484,68.18181818181819,False,review,True
47-052-2720-26-0001,Amboy High School,IL,AMBOY,140055,Amboy High School,AMBOY,100.0,100.0,True,auto_accept,False
47-052-2720-26-1002,Amboy Jr High School,IL,AMBOY,140055,Amboy High School,AMBOY,100.0,91.89189189189189,True,auto_accept,False
30-091-0370-04-1001,Anna Junior High School,IL,ANNA,141910,Fisher Junior-Senior HS,FISHER,87.8048780487805,69.0909090909091,False,review,True
30-091-0370-04-2002,Davie Elem School,IL,ANNA,140764,The Day School,CHICAGO,70.96774193548387,58.06451612903225,False,reject,False
30-091-0370-04-2003,Lincoln Elem School,IL,ANNA,142625,Lincoln Community High School,LINCOLN,84.84848484848484,66.66666666666667,False,review,True
30-091-0810-16-0001,Anna-Jonesboro High School,IL,ANNA,140060,Anna Jonesboro Community HS,ANNA,100.0,83.87096774193549,True,auto_accept,False
28-037-2260-26-2002,Annawan Grade School,IL,ANNAWAN,140065,Annawan High School,ANNAWAN,84.84848484848484,82.05128205128204,True,review,True
28-037-2260-26-0001,Annawan High School,IL,ANNAWAN,140065,Annawan High School,ANNAWAN,100.0,100.0,True,auto_accept,False
34-049-0340-04-1002,Antioch Upper Grade School,IL,ANTIOCH,141844,Cove School,NORTHBROOK,70.58823529411765,48.64864864864865,False,reject,False
34-049-0340-04-2006,Hillcrest Elementary School,IL,ANTIOCH,141493,Hillcrest High School,CNTRY CLB HLS,86.48648648648648,70.83333333333333,False,review,True
34-049-0340-04-3001,Mary Kay McNeill Early Learning Center,IL,ANTIOCH,143996,Stelle Learning Center,STELLE,81.08108108108108,63.33333333333333,False,reject,False
34-049-0340-04-2004,Oakland Elementary School,IL,LAKE VILLA,143225,Oakland High School,OAKLAND,84.84848484848484,68.18181818181819,False,review,True
34-049-0340-04-2005,W C Petty Elementary School,IL,ANTIOCH,141844,Cove School,NORTHBROOK,70.58823529411765,47.36842105263158,False,reject,False
34-049-1020-04-1002,Aptakisic Junior High School,IL,BUFFALO GROVE,140945,Leo High School,CHICAGO,84.61538461538461,60.46511627906976,False,reject,False
34-049-1020-04-2002,Earl Pritchett School,IL,BUFFALO GROVE,141844,Cove School,NORTHBROOK,70.58823529411765,56.25,False,reject,False
34-049-1020-04-2005,Meridian School,IL,BUFFALO GROVE,142710,Meridian High School,MACON,100.0,85.71428571428572,False,auto_accept,False
34-049-1020-04-2003,Tripp School,IL,BUFFALO GROVE,Test09,SchoolI,MORRISON,73.6842105263158,73.6842105263158,False,reject,False
07-016-1450-02-2004,Arbor Elementary School,IL,OAK FOREST,141844,Cove School,NORTHBROOK,70.58823529411765,52.94117647058824,False,reject,False
07-016-1450-02-1001,Arbor Park Middle School,IL,OAK FOREST,140108,Middle Fork School,DANVILLE,83.87096774193549,76.19047619047619,False,review,True
07-016-1450-02-2002,Kimberly Heights Elementary School,IL,TINLEY PARK,141844,Cove School,NORTHBROOK,70.58823529411765,35.55555555555555,False,reject,False
07-016-1450-02-2003,Scarlet Oak Elementary School,IL,OAK FOREST,141844,Cove School,NORTHBROOK,70.58823529411765,44.99999999999999,False,reject,False
11-021-3060-26-2002,Arcola Elementary School,IL,ARCOLA,141844,Cove School,NORTHBROOK,70.58823529411765,57.14285714285714,False,reject,False
11-021-3060-26-0001,Arcola High School,IL,ARCOLA,140075,Arcola Community High School,ARCOLA,100.0,78.26086956521739,True,review,True
39-055-0010-26-2002,Argenta-Oreana Elementary School,IL,OREANA,140085,Argenta-Oreana High School,ARGENTA,89.36170212765957,75.86206896551724,False,review,True
39-055-0010-26-0001,Argenta-Oreana High School,IL,ARGENTA,140085,Argenta-Oreana High School,ARGENTA,100.0,100.0,True,auto_accept,False
39-055-0010-26-1001,Argenta-Oreana Middle School,IL,ARGENTA,140085,Argenta-Oreana High School,ARGENTA,89.36170212765957,85.18518518518519,True,auto_accept,False
07-016-2170-16-0001,Argo Community High School,IL,SUMMIT,140090,Argo Community High School,SUMMIT,100.0,100.0,True,auto_accept,False
05-016-0250-02-2002,Dryden Elem School,IL,ARLINGTON HEIGHTS,141844,Cove School,NORTHBROOK,70.58823529411765,55.172413793103445,False,reject,False
05-016-0250-02-2004,Greenbrier Elem School,IL,ARLINGTON HEIGHTS,141844,Cove School,NORTHBROOK,70.58823529411765,48.484848484848484,False,reject,False
05-016-0250-02-2005,Ivy Hill Elem School,IL,ARLINGTON HEIGHTS,143800,Saint Elmo High School,ST. ELMO,71.7948717948718,66.66666666666667,False,reject,False
05-016-0250-02-2009,Olive-Mary Stitt School,IL,ARLINGTON HEIGHTS,143060,Mount Olive High School,MOUNT OLIVE,75.0,65.11627906976744,False,reject,False
05-016-0250-02-2011,Patton Elem School,IL,ARLINGTON HEIGHTS,141844,Cove School,NORTHBROOK,70.58823529411765,55.172413793103445,False,reject,False
05-016-0250-02-1014,South Middle School,IL,ARLINGTON HEIGHTS,140108,Middle Fork School,DANVILLE,83.87096774193549,70.27027027027026,False,review,True
05-016-0250-02-1015,Thomas Middle School,IL,ARLINGTON HEIGHTS,140108,Middle Fork School,DANVILLE,83.87096774193549,68.42105263157895,False,review,True
05-016-0250-02-2016,Westgate Elem School,IL,ARLINGTON HEIGHTS,141844,Cove School,NORTHBROOK,70.58823529411765,51.61290322580645,False,reject,False
05-016-0250-02-2018,Windsor Elementary School,IL,ARLINGTON HEIGHTS,144420,Windsor High School,WINDSOR,84.84848484848484,68.18181818181819,False,review,True
54-092-2250-17-0001,Armstrong High School,IL,ARMSTRONG,140105,Armstrong Township High School,ARMSTRONG,100.0,82.35294117647058,True,auto_accept,False
54-092-0610-03-2001,Armstrong-Ellis Elem School,IL,ARMSTRONG,140105,Armstrong Township High School,ARMSTRONG,74.4186046511628,63.1578947368421,True,reject,False
11-021-3050-26-2003,Arthur Grade School,IL,ARTHUR,140112,Arthur Christian School,ARTHUR,81.25,76.19047619047619,True,review,True
11-021-3050-26-0001,Arthur-Lovington-Atwood-Hammond High School,IL,ARTHUR,140155,Atwood Hammond HS,ATWOOD,100.0,75.36231884057972,False,review,True
11-021-3050-26-2005,Atwood-Hammond Grade School,IL,ATWOOD,140155,Atwood Hammond HS,ATWOOD,89.36170212765957,79.24528301886792,True,review,True
11-021-3050-26-2004,Lovington Grade School,IL,LOVINGTON,142685,Lovington HS,LOVINGTON,86.48648648648648,83.72093023255813,True,review,True
13-095-0150-04-2001,Ashley Com Consolidated School,IL,ASHLEY,140300,Benton Consolidated HS,BENTON,77.55102040816327,72.1311475409836,False,reject,False
47-052-2750-26-2003,Ashton-Franklin Center Elem Sch,IL,FRANKLIN GROVE,140125,Ashton Franklin Center HS,ASHTON,83.07692307692308,80.0,False,review,True
47-052-2750-26-0001,Ashton-Franklin Center HS,IL,ASHTON,140125,Ashton Franklin Center HS,ASHTON,100.0,100.0,True,auto_accept,False
26-029-0010-26-2001,Astoria Elem School,IL,ASTORIA,140135,Astoria High School,ASTORIA,84.84848484848484,78.94736842105263,True,review,True
26-029-0010-26-0001,Astoria High School,IL,ASTORIA,140135,Astoria High School,ASTORIA,100.0,100.0,True,auto_accept,False
26-029-0010-26-1001,Astoria Junior High School,IL,ASTORIA,140135,Astoria High School,ASTORIA,100.0,84.44444444444444,True,auto_accept,False
51-065-2130-26-1001,Athens Junior High School,IL,ATHENS,143145,New Athens High School,NEW ATHENS,90.0,85.1063829787234,False,auto_accept,False
51-065-2130-26-0001,Athens Sr High School,IL,ATHENS,140140,Athens Community High School,ATHENS,92.3076923076923,73.46938775510203,True,review,True
51-065-2130-26-2003,Cantrall Elem School,IL,CANTRALL,140046,Allendale School,LAKE VILLA,72.22222222222223,72.22222222222221,False,reject,False
51-065-2130-26-2001,Cantrall Intermediate School,IL,CANTRALL,141844,Cove School,NORTHBROOK,70.58823529411765,46.15384615384615,False,reject,False
07-016-1250-02-1001,Hamlin Upper Grade Center,IL,ALSIP,140228,Peace Center,DOLTON,66.66666666666666,54.054054054054056,False,reject,False
07-016-1250-02-2003,Lawn Manor School,IL,OAK LAWN,143230,Oak Lawn Community High School,OAK LAWN,78.57142857142857,55.319148936170215,True,reject,False
07-016-1250-02-2004,Meadow Lane School,IL,MERRIONETTE PARK,140640,Lane Technical High School,CHICAGO,75.86206896551724,50.0,False,reject,False
51-084-0100-26-2003,Auburn Elem School,IL,AUBURN,143693,Auburn High School,ROCKFORD,83.87096774193549,77.77777777777779,False,review,True
51-084-0100-26-0001,Auburn High School,IL,AUBURN,143693,Auburn High School,ROCKFORD,100.0,100.0,False,auto_accept,False
51-084-0100-26-1001,Auburn Jr High at Divernon,IL,DIVERNON,141610,Divernon HS,DIVERNON,78.78787878787878,60.86956521739131,True,reject,False
51-084-0100-26-2004,Auburn Middle School,IL,AUBURN,143693,Auburn High School,ROCKFORD,83.87096774193549,78.94736842105263,False,review,True
31-045-1310-22-2017,Benavides Steam Academy,IL,AURORA,140652,Cs Academy,CHICAGO,82.35294117647058,54.54545454545454,False,reject,False
31-045-1310-22-1002,C F Simmons Middle School,IL,AURORA,140108,Middle Fork School,DANVILLE,83.87096774193549,69.76744186046511,False,review,True
31-045-1310-22-2011,C I Johnson Elem School,IL,AURORA,142365,Johnston City High School,JOHNSTON CITY,75.0,75.0,False,reject,False
31-045-1310-22-2005,C M Bardwell Elem School,IL,AURORA,141844,Cove School,NORTHBROOK,70.58823529411765,51.42857142857142,False,reject,False
31-045-1310-22-3001,Early Childhood Dev Cntr,IL,AURORA,141635,Tri-Valley High School,DOWNS,56.52173913043478,56.52173913043479,False,reject,False
31-045-1310-22-0001,East High School,IL,AURORA,140252,Belleville High School East,BELLEVILLE,100.0,74.4186046511628,False,review,True
31-045-1310-22-2015,Edna Rollins Elem School,IL,AURORA,141844,Cove School,NORTHBROOK,70.58823529411765,45.714285714285715,False,reject,False
31-045-1310-22-2016,Fred Rodgers Magnet Acad,IL,AURORA,140259,Governor French Academy,BELLEVILLE,59.57446808510638,59.57446808510638,False,reject,False
31-045-1310-22-2008,G N Dieterich Elem School,IL,AURORA,141608,Dieterich Community School,DIETERICH,78.04878048780488,62.745098039215684,False,reject,False
31-045-1310-22-1004,Henry W Cowherd Middle School,IL,AURORA,140108,Middle Fork School,DANVILLE,83.87096774193549,68.08510638297872,False,review,True
31-045-1310-22-2009,John Gates Elem School,IL,AURORA,140097,John Hersey High School,ARLINGTON HTS,71.11111111111111,71.11111111111111,False,reject,False
31-045-1310-22-1003,K D Waldo Middle School,IL,AURORA,140108,Middle Fork School,DANVILLE,83.87096774193549,73.17073170731707,False,review,True
31-045-1310-22-2007,L D Brady Elem School,IL,AURORA,141844,Cove School,NORTHBROOK,70.58823529411765,50.0,False,reject,False
31-045-1310-22-2014,Mabel O Donnell Elem School,IL,AURORA,141844,Cove School,NORTHBROOK,70.58823529411765,47.36842105263158,False,reject,False
31-045-1310-22-2010,Nicholas A Hermes Elem School,IL,AURORA,141844,Cove School,NORTHBROOK,70.58823529411765,44.99999999999999,False,reject,False
31-045-1310-22-2013,Oak Park Elem School,IL,AURORA,143245,Oak Park & River Forest HS,OAK PARK,85.71428571428571,59.64912280701755,False,reject,False
31-045-1310-22-2004,Olney C Allen Elem School,IL,AURORA,141844,Cove School,NORTHBROOK,70.58823529411765,55.55555555555556,False,reject,False
31-045-1310-22-2012,Rose E Krug Elem School,IL,AURORA,141844,Cove School,NORTHBROOK,70.58823529411765,52.94117647058824,False,reject,False
31-045-1310-22-2006,W S Beaupre Elem School,IL,AURORA,141844,Cove School,NORTHBROOK,70.58823529411765,47.05882352941176,False,reject,False
31-045-1290-22-2017,Fearn Elementary School,IL,NORTH AURORA,141844,Cove School,NORTHBROOK,70.58823529411765,47.05882352941176,False,reject,False
31-045-1290-22-2005,Freeman Elem School,IL,AURORA,141844,Cove School,NORTHBROOK,70.58823529411765,53.333333333333336,False,reject,False
31-045-1290-22-2006,Goodwin Elem School,IL,NORTH AURORA,141810,Elmwood High School,ELMWOOD,73.6842105263158,73.6842105263158,False,reject,False
31-045-1290-22-2007,Greenman Elem School,IL,AURORA,141844,Cove School,NORTHBROOK,70.58823529411765,51.61290322580645,False,reject,False
31-045-1290-22-2008,Hall Elem School,IL,AURORA,143985,Hall High School,SPRING VALLEY,81.48148148148148,68.75,False,review,True
31-045-1290-22-1006,Herget Middle School,IL,AURORA,140108,Middle Fork School,DANVILLE,83.87096774193549,78.94736842105263,False,review,True
31-045-1290-22-2009,Hill Elem School,IL,AURORA,140450,Bunker Hill High School,BUNKER HILL,81.48148148148148,66.66666666666667,False,review,True
31-045-1290-22-1003,Jefferson Middle School,IL,AURORA,140108,Middle Fork School,DANVILLE,83.87096774193549,78.04878048780488,False,review,True
31-045-1290-22-1005,Jewel Middle School,IL,NORTH AURORA,140108,Middle Fork School,DANVILLE,83.87096774193549,75.67567567567568,False,review,True
31-045-1290-22-2011,McCleery Elem School,IL,AURORA,141844,Cove School,NORTHBROOK,70.58823529411765,58.06451612903225,False,reject,False
31-045-1290-22-2012,Nicholson Elem School,IL,MONTGOMERY,141844,Cove School,NORTHBROOK,70.58823529411765,56.25,False,reject,False
31-045-1290-22-2014,Schneider Elem School,IL,NORTH AURORA,141844,Cove School,NORTHBROOK,70.58823529411765,56.25,False,reject,False
31-045-1290-22-2015,Smith Elem School,IL,AURORA,141642,Summit School,ELGIN,73.33333333333333,73.33333333333334,False,reject,False
31-045-1290-22-1004,Washington Middle School,IL,AURORA,140108,Middle Fork School,DANVILLE,83.87096774193549,61.904761904761905,False,reject,False
31-045-1290-22-0001,West Aurora High School,IL,AURORA,140185,West Aurora Senior High School,AURORA,100.0,86.79245283018868,True,auto_accept,False
31-045-1290-22-3020,West Aurora Learning Center/Early Learning Academy,IL,AURORA,140352,Academy For Learning,DOLTON,88.88888888888889,54.28571428571429,False,reject,False
13-014-0210-02-2001,Aviston Elem School,IL,AVISTON,142594,Lena Baptist School,LENA,73.6842105263158,73.6842105263158,False,reject,False
05-016-0370-02-2003,Avoca West Elem School,IL,GLENVIEW,141844,Cove School,NORTHBROOK,70.58823529411765,54.54545454545454,False,reject,False
05-016-0370-02-1001,Marie Murphy School,IL,WILMETTE,143100,Murphysboro High School,MURPHYSBORO,71.42857142857143,71.42857142857143,False,reject,False
51-084-0050-26-2003,Ball Elementary School,IL,CHATHAM,141844,Cove School,NORTHBROOK,70.58823529411765,48.484848484848484,False,reject,False
51-084-0050-26-2004,Chatham Elem School,IL,CHATHAM,140311,Chatham Academy High School,CHICAGO,84.84848484848484,65.21739130434783,False,review,True
51-084-0050-26-2006,Glenwood Elementary School,IL,CHATHAM,142080,Glenwood School for Boys,GLENWOOD,76.92307692307692,68.0,False,reject,False
51-084-0050-26-0001,Glenwood High School,IL,CHATHAM,140612,Glenwood Senior High School,CHATHAM,100.0,85.1063829787234,True,auto_accept,False
51-084-0050-26-2005,Glenwood Intermediate Sch,IL,CHATHAM,143215,Glenbrook North High School,NORTHBROOK,57.69230769230769,57.692307692307686,False,reject,False
51-084-0050-26-1002,Glenwood Middle School,IL,CHATHAM,140108,Middle Fork School,DANVILLE,83.87096774193549,75.0,False,review,True
34-049-1060-02-2001,Bannockburn School,IL,BANNOCKBURN,140157,Banner School,CHICAGO,77.41935483870968,77.41935483870968,False,reject,False
34-049-2200-26-2007,Arnett C Lines Elem School,IL,BARRINGTON,141844,Cove School,NORTHBROOK,70.58823529411765,48.64864864864865,False,reject,False
34-049-2200-26-2009,Barbara B Rose Elem School,IL,SOUTH BARRINGTON,141128,St Barbara HS,CHICAGO,77.77777777777777,62.5,False,reject,False
34-049-2200-26-3002,Barrington Early Learning Center,IL,BARRINGTON,143996,Stelle Learning Center,STELLE,81.08108108108108,55.55555555555556,False,reject,False
34-049-2200-26-0004,Barrington High School,IL,BARRINGTON,140495,Canton High School,CANTON,85.0,85.0,False,review,True
34-049-2200-26-1004,Barrington Mdle Sch- Prairie Cmps,IL,BARRINGTON,140205,Barrington Community High Schl,BARRINGTON,64.51612903225806,64.51612903225806,True,reject,False
34-049-2200-26-1003,Barrington Middle Sch Station,IL,BARRINGTON,141520,Cuba Middle Senior HS,CUBA,64.40677966101694,64.40677966101696,False,reject,False
34-049-2200-26-2001,Countryside Elem School,IL,BARRINGTON,143706,Keith Country Day School,ROCKFORD,72.34042553191489,72.34042553191489,False,reject,False
34-049-2200-26-2004,Grove Avenue Elem School,IL,BARRINGTON,141778,Elk Grove High School,ELK GROVE VLG,72.72727272727272,66.66666666666667,False,reject,False
34-049-2200-26-2002,Hough Street Elem School,IL,BARRINGTON,143800,Saint Elmo High School,ST. ELMO,79.06976744186046,79.06976744186046,False,reject,False
34-049-2200-26-2005,North Barrington Elem School,IL,NORTH BARRINGTON,143707,North Love Christian School,ROCKFORD,72.72727272727272,72.72727272727273,False,reject,False
34-049-2200-26-2006,Roslyn Road Elem School,IL,BARRINGTON,141844,Cove School,NORTHBROOK,70.58823529411765,47.05882352941176,False,reject,False
34-049-2200-26-2003,Sunny Hill Elem School,IL,CARPENTERSVILLE,143800,Saint Elmo High School,ST. ELMO,73.17073170731707,73.17073170731707,False,reject,False
13-014-0570-02-2001,Bartelso Elem School,IL,BARTELSO,142594,Lena Baptist School,LENA,71.7948717948718,71.7948717948718,False,reject,False
48-072-0660-02-2001,Bartonville Elem School,IL,BARTONVILLE,141844,Cove School,NORTHBROOK,70.58823529411765,58.82352941176471,False,reject,False
31-045-1010-22-2003,Alice Gustafson Elem School,IL,BATAVIA,141844,Cove School,NORTHBROOK,70.58823529411765,47.36842105263158,False,reject,False
31-045-1010-22-0001,Batavia Sr High School,IL,BATAVIA,140212,Batavia High School,BATAVIA,100.0,92.6829268292683,True,auto_accept,False
31-045-1010-22-2009,Grace McWayne Elementary School,IL,BATAVIA,141844,Cove School,NORTHBROOK,70.58823529411765,42.85714285714286,False,reject,False
31-045-1010-22-2007,H C Storm Elem School,IL,BATAVIA,143800,Saint Elmo High School,ST. ELMO,75.0,75.0,False,reject,False
31-045-1010-22-2010,Hoover Wood Elem School,IL,BATAVIA,141844,Cove School,NORTHBROOK,70.58823529411765,58.82352941176471,False,reject,False
31-045-1010-22-2005,J B Nelson Elem School,IL,BATAVIA,141844,Cove School,NORTHBROOK,70.58823529411765,48.484848484848484,False,reject,False
31-045-1010-22-2006,Louise White Elem School,IL,BATAVIA,141844,Cove School,NORTHBROOK,70.58823529411765,51.42857142857142,False,reject,False
31-045-1010-22-1002,Sam Rotolo Middle Sch,IL,BATAVIA,140108,Middle Fork School,DANVILLE,61.53846153846154,51.28205128205128,False,reject,False
34-049-0030-04-1006,Beach Park Middle School,IL,BEACH PARK,140108,Middle Fork School,DANVILLE,83.87096774193549,66.66666666666667,False,review,True
34-049-0030-04-2004,Howe Elementary School,IL,BEACH PARK,141844,Cove School,NORTHBROOK,70.58823529411765,54.54545454545454,False,reject,False
34-049-0030-04-2006,Kenneth Murphy School,IL,BEACH PARK,140448,Bennett Day School,CHICAGO,71.7948717948718,71.7948717948718,False,reject,False
34-049-0030-04-2005,Newport Elem School,IL,WADSWORTH,140199,Miner School,ARLINGTON HTS,70.96774193548387,70.96774193548387,False,reject,False
34-049-0030-04-2002,Oak Crest School,IL,BEACH PARK,143224,Oak Forest High School,OAK FOREST,78.94736842105263,78.94736842105263,False,reject,False
01-009-0150-26-0007,Beardstown Jr/Sr High School,IL,BEARDSTOWN,140225,Beardstown Middle High School,BEARDSTOWN,88.0,80.70175438596492,True,auto_accept,False
01-009-0150-26-2003,Gard Elementary School,IL,BEARDSTOWN,141844,Cove School,NORTHBROOK,70.58823529411765,48.484848484848484,False,reject,False
03-025-0200-26-2003,Beecher City Grade School,IL,BEECHER CITY,140245,Beecher City High School,BEECHER CITY,88.37209302325581,85.71428571428572,True,auto_accept,False
03-025-0200-26-0001,Beecher City Jr-Sr High School,IL,BEECHER CITY,140245,Beecher City High School,BEECHER CITY,100.0,88.88888888888889,True,auto_accept,False
56-099-200U-26-2002,Beecher Elem School,IL,BEECHER,140245,Beecher City High School,BEECHER CITY,84.84848484848484,69.76744186046511,False,review,True
56-099-200U-26-0001,Beecher High School,IL,BEECHER,140245,Beecher City High School,BEECHER CITY,100.0,88.37209302325581,False,auto_accept,False
56-099-200U-26-1001,Beecher Junior High School,IL,BEECHER,140240,Beecher High School,BEECHER,100.0,84.44444444444444,True,auto_accept,False
50-082-1190-02-2001,Belle Valley School,IL,BELLEVILLE,142740,Bureau Valley High School,MANLIUS,81.25,72.72727272727273,False,review,True
50-082-1180-02-2001,Abraham Lincoln Elem School,IL,BELLEVILLE,141100,Lincoln Park High School,CHICAGO,73.6842105263158,62.745098039215684,False,reject,False
50-082-1180-02-1012,Central Jr High School,IL,BELLEVILLE,141970,Aquinas Central Cath Jr-Sr HS,FREEPORT,100.0,73.33333333333334,False,review,True
50-082-1180-02-2004,Douglas Elem School,IL,BELLEVILLE,141562,Douglas Macarthur High School,DECATUR,84.84848484848484,66.66666666666667,False,review,True
50-082-1180-02-2005,Franklin Elem School,IL,BELLEVILLE,140125,Ashton Franklin Center HS,ASHTON,85.71428571428571,66.66666666666667,False,review,True
50-082-1180-02-2006,Henry Raab Elem School,IL,BELLEVILLE,141844,Cove School,NORTHBROOK,70.58823529411765,48.484848484848484,False,reject,False
50-082-1180-02-2007,Jefferson Elem School,IL,BELLEVILLE,141018,Nancy B Jefferson Alt School,CHICAGO,86.48648648648648,73.46938775510203,False,review,True
50-082-1180-02-2009,Roosevelt Elem School,IL,BELLEVILLE,143717,Roosevelt Cmty Educ Ctr Alt HS,ROCKFORD,86.48648648648648,63.33333333333333,False,reject,False
50-082-1180-02-2010,Union Elem School,IL,BELLEVILLE,140315,Union HS,BIGGSVILLE,82.75862068965517,76.47058823529412,False,review,True
50-082-1180-02-3001,Washington School,IL,BELLEVILLE,140842,George Washington High School,CHICAGO,100.0,73.91304347826086,False,review,True
50-082-1180-02-1013,West Jr High School,IL,BELLEVILLE,140265,Belleville Township HS West,BELLEVILLE,91.42857142857143,58.18181818181818,True,reject,False
50-082-1180-02-2013,Westhaven Elementary,IL,BELLEVILLE,2433,Northwestern College,BRIDGEVIEW,55.0,55.00000000000001,False,reject,False
50-082-2010-17-0001,Belleville High School-East,IL,BELLEVILLE,140252,Belleville High School East,BELLEVILLE,100.0,100.0,True,auto_accept,False
50-082-2010-17-0002,Belleville High School-West,IL,BELLEVILLE,140265,Belleville Township HS West,BELLEVILLE,100.0,85.71428571428572,True,auto_accept,False
06-016-0880-02-3003,Early Childhood Cntr/Lincoln Primary,IL,BELLWOOD,140139,Lincoln Academy,ROSELLE,63.63636363636363,47.05882352941176,False,reject,False
06-016-0880-02-2001,Grant Elem School,IL,MELROSE PARK,141945,Grant Community High School,FOX LAKE,82.75862068965517,63.63636363636363,False,reject,False
06-016-0880-02-2009,Grant Primary,IL,STONE PARK,141945,Grant Community High School,FOX LAKE,55.55555555555556,35.0,False,reject,False
06-016-0880-02-2003,Lincoln Elementary School,IL,BELLWOOD,141100,Lincoln Park High School,CHICAGO,73.6842105263158,61.224489795918366,False,reject,False
06-016-0880-02-2005,McKinley Elem School,IL,BELLWOOD,142833,McKinley Libra,RIVERDALE,72.72727272727272,58.82352941176471,False,reject,False
06-016-0880-02-1007,Roosevelt Middle School,IL,BELLWOOD,141105,Roosevelt High School,CHICAGO,86.48648648648648,81.81818181818181,False,review,True
06-016-0880-02-2006,Thurgood Marshall Elem School,IL,BELLWOOD,140317,Thurgood Marshall Alt High Sch,CHICAGO,77.96610169491525,77.96610169491525,False,reject,False
04-004-1000-26-1003,Belvidere Central Middle School,IL,BELVIDERE,140275,Belvidere High School,BELVIDERE,86.48648648648648,69.23076923076923,True,review,True
04-004-1000-26-0001,Belvidere High School,IL,BELVIDERE,140275,Belvidere High School,BELVIDERE,100.0,100.0,True,auto_accept,False
04-004-1000-26-0002,Belvidere North High Sch,IL,BELVIDERE,140279,Belvidere North High School,BELVIDERE,94.11764705882354,94.11764705882352,True,auto_accept,False
04-004-1000-26-1002,Belvidere South Middle School,IL,BELVIDERE,140275,Belvidere High School,BELVIDERE,86.48648648648648,72.0,True,review,True
04-004-1000-26-2003,Caledonia Elem School,IL,CALEDONIA,140046,Allendale School,LAKE VILLA,75.67567567567568,75.67567567567568,False,reject,False
04-004-1000-26-2005,Lincoln Elem School,IL,BELVIDERE,142625,Lincoln Community High School,LINCOLN,84.84848484848484,66.66666666666667,False,review,True
04-004-1000-26-2009,Meehan Elementary School,IL,BELVIDERE,141844,Cove School,NORTHBROOK,70.58823529411765,45.714285714285715,False,reject,False
04-004-1000-26-2007,Perry Elem School,IL,BELVIDERE,142170,Griggsville Perry High School,GRIGGSVILLE,82.75862068965517,65.21739130434783,False,review,True
04-004-1000-26-2010,Seth Whitman Elem Sch,IL,BELVIDERE,140356,Booker T Washington High Sch,HARRISBURG,53.06122448979592,53.06122448979591,False,reject,False
04-004-1000-26-2008,Washington Academy,IL,BELVIDERE,140652,Cs Academy,CHICAGO,82.35294117647058,64.28571428571428,False,reject,False
39-074-0050-26-2001,Bement Elementary School,IL,BEMENT,140280,Bement High School,BEMENT,83.87096774193549,66.66666666666667,True,review,True
39-074-0050-26-0001,Bement High School,IL,BEMENT,140280,Bement High School,BEMENT,100.0,100.0,True,auto_accept,False
39-074-0050-26-1001,Bement Middle School,IL,BEMENT,140280,Bement High School,BEMENT,83.87096774193549,78.94736842105263,True,review,True
19-022-0250-02-1001,Benjamin Middle School,IL,WEST CHICAGO,140108,Middle Fork School,DANVILLE,83.87096774193549,70.0,False,review,True
19-022-0250-02-2002,Evergreen Elementary School,IL,CAROL STREAM,141865,Evergreen Park Community HS,EVERGREEN PARK,74.4186046511628,66.66666666666667,False,reject,False
19-022-0020-02-1001,Blackhawk Middle School,IL,BENSENVILLE,140108,Middle Fork School,DANVILLE,83.87096774193549,73.17073170731707,False,review,True
19-022-0020-02-2006,Tioga Elementary School,IL,BENSENVILLE,140280,Bement High School,BEMENT,73.17073170731707,58.53658536585367,False,reject,False
19-022-0020-02-2005,W A Johnson Sch,IL,BENSENVILLE,140827,Johnson College Prep,CHICAGO,63.63636363636363,51.42857142857142,False,reject,False
21-028-0470-04-1002,Benton Grade Sch 5-8,IL,BENTON,143665,Roanoke-Benson High School,ROANOKE,60.869565217391305,60.86956521739131,False,reject,False
21-028-0470-04-2001,Benton Grade Sch K-4,IL,BENTON,143665,Roanoke-Benson High School,ROANOKE,60.869565217391305,60.86956521739131,False,reject,False
21-028-1030-13-0001,Benton Cons High School,IL,BENTON,140300,Benton Consolidated HS,BENTON,87.8048780487805,85.18518518518519,True,review,True
06-016-0870-02-2007,J W Riley Intermediate School,IL,NORTHLAKE,141844,Cove School,NORTHBROOK,70.58823529411765,40.0,False,reject,False
06-016-0870-02-2003,Jefferson Primary School,IL,BELLWOOD,141018,Nancy B Jefferson Alt School,CHICAGO,80.0,73.07692307692308,False,review,True
06-016-0870-02-1005,MacArthur Middle School,IL,BERKELEY,140108,Middle Fork School,DANVILLE,83.87096774193549,73.17073170731707,False,review,True
06-016-0870-02-1006,Northlake Middle School,IL,NORTHLAKE,140108,Middle Fork School,DANVILLE,83.87096774193549,63.41463414634146,False,reject,False
06-016-0870-02-2008,Sunnyside Intermediate School,IL,BERKELEY,141844,Cove School,NORTHBROOK,70.58823529411765,40.0,False,reject,False
06-016-0870-02-2010,Whittier Primary School,IL,NORTHLAKE,141844,Cove School,NORTHBROOK,70.58823529411765,41.17647058823529,False,reject,False
06-016-0980-02-2003,Jefferson Elem School,IL,BERWYN,141018,Nancy B Jefferson Alt School,CHICAGO,86.48648648648648,73.46938775510203,False,review,True
06-016-0980-02-2002,Karel Havlicek Elem School,IL,BERWYN,141844,Cove School,NORTHBROOK,70.58823529411765,48.64864864864865,False,reject,False
06-016-0980-02-1004,Lincoln Middle School,IL,BERWYN,140108,Middle Fork School,DANVILLE,83.87096774193549,76.92307692307692,False,review,True
06-016-0980-02-2001,Prairie Oak School,IL,BERWYN,140455,Bushnell Prairie City HS,BUSHNELL,87.5,58.82352941176471,False,reject,False
06-016-1000-02-2001,Emerson Elem School,IL,BERWYN,141844,Cove School,NORTHBROOK,70.58823529411765,53.333333333333336,False,reject,False
06-016-1000-02-1003,Freedom Middle School,IL,BERWYN,140108,Middle Fork School,DANVILLE,83.87096774193549,82.05128205128204,False,review,True
06-016-1000-02-1002,Heritage Middle School,IL,BERWYN,142665,Heritage High School,BROADLANDS,85.71428571428571,80.95238095238095,False,review,True
06-016-1000-02-2008,Hiawatha Elem School,IL,BERWYN,142465,Hiawatha Jr & Sr High School,KIRKLAND,85.71428571428571,64.0,False,reject,False
06-016-1000-02-2003,Irving Elem School,IL,BERWYN,140033,Living Free School,CHICAGO,83.33333333333333,83.33333333333334,False,review,True
06-016-1000-02-2004,Komensky Elem School,IL,BERWYN,141844,Cove School,NORTHBROOK,70.58823529411765,58.06451612903225,False,reject,False
06-016-1000-02-2006,Pershing Elem School,IL,BERWYN,141835,Erie High School,ERIE,72.22222222222223,72.22222222222221,False,reject,False
06-016-1000-02-2007,Piper School,IL,BERWYN,140199,Miner School,ARLINGTON HTS,83.33333333333333,83.33333333333334,False,review,True
41-057-0080-26-2003,Bethalto East Primary School,IL,BETHALTO,143700,East High School,ROCKFORD,81.48148148148148,59.09090909090908,False,reject,False
41-057-0080-26-0001,Civic Memorial High School,IL,BETHALTO,140305,Civic Memorial High School,BETHALTO,100.0,100.0,True,auto_accept,False
41-057-0080-26-2007,Meadowbrook Intermediate Sch,IL,MORO,1269,Morrison Institute Of Tech,MORRISON,55.55555555555556,55.55555555555556,False,reject,False
41-057-0080-26-2009,Parkside Primary School,IL,BETHALTO,141844,Cove School,NORTHBROOK,70.58823529411765,47.05882352941176,False,reject,False
41-057-0080-26-1002,Wilbur Trimpe Middle School,IL,BETHALTO,140108,Middle Fork School,DANVILLE,83.87096774193549,57.77777777777777,False,reject,False
13-041-0820-02-2001,Bethel Grade School,IL,MOUNT VERNON,142812,Bethel Christian School,MATTOON,81.25,76.19047619047619,False,review,True
15-016-9040-25-202C,Barbara A Sizemore Campus,IL,CHICAGO,140118,South Campus,PALATINE,66.66666666666666,48.64864864864865,False,reject,False
15-016-9040-25-201C,Betty  Shabazz International Charter School,IL,CHICAGO,140208,Chicago International Charter,CHICAGO,84.0,59.154929577464785,True,reject,False
34-049-0380-02-2002,Big Hollow Elem School,IL,INGLESIDE,141844,Cove School,NORTHBROOK,70.58823529411765,48.484848484848484,False,reject,False
34-049-0380-02-1001,Big Hollow Middle School,IL,INGLESIDE,140108,Middle Fork School,DANVILLE,83.87096774193549,71.42857142857143,False,review,True
34-049-0380-02-2001,Big Hollow Primary School,IL,INGLESIDE,141844,Cove School,NORTHBROOK,70.58823529411765,44.44444444444444,False,reject,False
54-092-0010-26-2001,Bismarck-Henning Elem School,IL,BISMARCK,140325,Bismarck-Henning Rossville HS,BISMARCK,90.19607843137254,69.6969696969697,True,review,True
54-092-0010-26-1001,Bismarck-Henning Jr High School,IL,BISMARCK,140325,Bismarck-Henning Rossville HS,BISMARCK,94.91525423728814,86.95652173913044,True,auto_accept,False
54-092-8000-80-0001,Bismarck Henning Rossville Alvin Cooperative High School,IL,BISMARCK,140325,Bismarck-Henning Rossville HS,BISMARCK,100.0,80.85106382978724,True,auto_accept,False
07-016-2060-17-0001,Bloom High School,IL,CHICAGO HEIGHTS,141390,Bloom High School,CHICAGO HTS,100.0,100.0,False,auto_accept,False
07-016-2060-17-0002,Bloom Trail High School,IL,CHICAGO HEIGHTS,141390,Bloom High School,CHICAGO HTS,100.0,85.0,False,auto_accept,False
19-022-0130-02-2002,Dujardin Elementary School,IL,BLOOMINGDALE,141844,Cove School,NORTHBROOK,70.58823529411765,43.24324324324324,False,reject,False
19-022-0130-02-2004,Erickson Elementary School,IL,BLOOMINGDALE,141844,Cove School,NORTHBROOK,70.58823529411765,48.64864864864865,False,reject,False
19-022-0130-02-1001,Westfield Middle School,IL,BLOOMINGDALE,140108,Middle Fork School,DANVILLE,83.87096774193549,63.41463414634146,False,reject,False
17-064-0870-25-2003,Bent Elem School,IL,BLOOMINGTON,140280,Bement High School,BEMENT,70.58823529411765,70.58823529411764,False,reject,False
17-064-0870-25-0001,Bloomington High School,IL,BLOOMINGTON,140335,Bloomington High School,BLOOMINGTON,100.0,100.0,True,auto_accept,False
17-064-0870-25-1002,Bloomington Jr High School,IL,BLOOMINGTON,140335,Bloomington High School,BLOOMINGTON,100.0,93.87755102040816,True,auto_accept,False
17-064-0870-25-2006,Irving Elementary School,IL,BLOOMINGTON,140280,Bement High School,BEMENT,71.42857142857143,71.42857142857143,False,reject,False
17-064-0870-25-2009,Oakland Elementary School,IL,BLOOMINGTON,143225,Oakland High School,OAKLAND,84.84848484848484,68.18181818181819,False,review,True
17-064-0870-25-3001,Sarah A Raymond Sch of Early Educ,IL,BLOOMINGTON,143726,Our Lady Of The Sacred Heart A,ROCKFORD,60.317460317460316,57.14285714285714,False,reject,False
17-064-0870-25-2011,Sheridan Elem School,IL,BLOOMINGTON,140650,American School,LANSING,74.28571428571428,45.714285714285715,False,reject,False
17-064-0870-25-2012,Stevenson Elem School,IL,BLOOMINGTON,143550,Adlai E Stevenson High School,LINCOLNSHIRE,86.48648648648648,76.0,False,review,True
17-064-0870-25-2013,Washington Elem School,IL,BLOOMINGTON,140842,George Washington High School,CHICAGO,87.17948717948718,78.43137254901961,False,review,True
17-020-0180-26-0001,Blue Ridge High School,IL,FARMER CITY,141890,Blue Ridge High School,FARMER CITY,100.0,100.0,True,auto_accept,False
17-020-0180-26-2005,Blue Ridge Intermediate-Jr High Sch,IL,MANSFIELD,141890,Blue Ridge High School,FARMER CITY,81.08108108108108,66.66666666666667,False,review,True
17-020-0180-26-2003,Ruth M Schneider Elem School,IL,FARMER CITY,141844,Cove School,NORTHBROOK,70.58823529411765,46.15384615384615,False,reject,False
13-041-3180-27-2001,Bluford Grade School,IL,BLUFORD,140323,Harlem High School - 9th Grade,MACHESNEY PK,75.0,54.16666666666667,False,reject,False
13-041-3180-27-0001,Webber High School,IL,BLUFORD,140365,Webber High School,BLUFORD,100.0,100.0,True,auto_accept,False
03-003-0020-26-3002,Bond County CUSD 2 Early Childhood Center,IL,GREENVILLE,140228,Peace Center,DOLTON,66.66666666666666,33.9622641509434,False,reject,False
03-003-0020-26-0001,Bond Cty Comm Unit 2 High School,IL,GREENVILLE,142160,Bond County Cmty Unit #2 HS,GREENVILLE,89.55223880597015,89.55223880597015,True,auto_accept,False
03-003-0020-26-2003,Greenville Elem School,IL,GREENVILLE,141844,Cove School,NORTHBROOK,70.58823529411765,54.54545454545454,False,reject,False
03-003-0020-26-1002,Greenville Jr High School,IL,GREENVILLE,140945,Leo High School,CHICAGO,84.61538461538461,60.0,False,reject,False
03-003-0020-26-2004,Pocahontas Center,IL,POCAHONTAS,140129,Mades-Johnstone Center,ST CHARLES,66.66666666666666,66.66666666666667,False,reject,False
32-046-0530-02-2003,Alan B Shepard Elem School,IL,BOURBONNAIS,143356,Alan B Shepard High School,PALOS HEIGHTS,89.36170212765957,84.61538461538461,False,review,True
32-046-0530-02-1001,Bourbonnais Upper Grade Center,IL,BOURBONNAIS,140228,Peace Center,DOLTON,66.66666666666666,42.85714285714286,False,reject,False
32-046-0530-02-2005,Liberty Intermediate School,IL,BOURBONNAIS,142374,Liberty Valley School,JOLIET,80.0,58.33333333333333,False,reject,False
32-046-0530-02-2004,Noel Levasseur Elem School,IL,BOURBONNAIS,141844,Cove School,NORTHBROOK,70.58823529411765,48.64864864864865,False,reject,False
32-046-0530-02-2002,Shabbona Elem School,IL,BOURBONNAIS,141844,Cove School,NORTHBROOK,70.58823529411765,51.61290322580645,False,reject,False
24-032-0750-02-2001,Braceville Elem School,IL,BRACEVILLE,141844,Cove School,NORTHBROOK,70.58823529411765,60.60606060606061,False,reject,False
28-088-0010-26-2001,Bradford Grade School,IL,BRADFORD,140375,Bradford HS,BRADFORD,85.71428571428571,82.92682926829268,True,review,True
28-088-0010-26-1001,Bradford Jr High School,IL,BRADFORD,140375,Bradford HS,BRADFORD,100.0,93.02325581395348,True,auto_accept,False
32-046-3070-16-0001,Bradley-Bourbonnais C High School,IL,BRADLEY,140380,Bradley-Bourbonnais HS,BRADLEY,100.0,96.875,True,auto_accept,False
32-046-0610-02-1001,Bradley Central Middle School,IL,BRADLEY,140454,Central High School,BURLINGTON,84.84848484848484,66.66666666666667,False,review,True
32-046-0610-02-2002,Bradley East Elem School,IL,BRADLEY,143700,East High School,ROCKFORD,81.48148148148148,60.0,False,reject,False
32-046-0610-02-2003,Bradley West Elem School,IL,BRADLEY,140380,Bradley-Bourbonnais HS,BRADLEY,73.6842105263158,54.54545454545454,True,reject,False
13-014-0120-04-2002,Beckemeyer Elem School,IL,BECKEMEYER,141844,Cove School,NORTHBROOK,70.58823529411765,54.54545454545454,False,reject,False
13-014-0120-04-2001,Breese Elem School,IL,BREESE,141844,Cove School,NORTHBROOK,70.58823529411765,55.172413793103445,False,reject,False
07-016-2280-16-0001,Bremen High School,IL,MIDLOTHIAN,142912,Bremen High School,MIDLOTHIAN,100.0,100.0,True,auto_accept,False
07-016-2280-16-0003,Hillcrest High School,IL,COUNTRY CLUB HILLS,141493,Hillcrest High School,CNTRY CLB HLS,100.0,100.0,False,auto_accept,False
07-016-2280-16-0004,Oak Forest High School,IL,OAK FOREST,143224,Oak Forest High School,OAK FOREST,100.0,100.0,True,auto_accept,False
07-016-2280-16-0002,Tinley Park High School,IL,TINLEY PARK,144118,Tinley Park High School,TINLEY PARK,100.0,100.0,True,auto_accept,False
48-072-3090-26-2002,Brimfield Grade School,IL,BRIMFIELD,140410,Brimfield High School,BRIMFIELD,86.48648648648648,83.72093023255813,True,review,True
48-072-3090-26-0003,Brimfield High School,IL,BRIMFIELD,140410,Brimfield High School,BRIMFIELD,100.0,100.0,True,auto_accept,False
06-016-0950-02-2002,Brook Park Elem School,IL,LA GRANGE PARK,141844,Cove School,NORTHBROOK,70.58823529411765,54.54545454545454,False,reject,False
06-016-0950-02-1001,S E Gross  Middle School,IL,BROOKFIELD,140108,Middle Fork School,DANVILLE,83.87096774193549,73.17073170731707,False,review,True
50-082-1880-22-2001,Lovejoy Elementary School,IL,LOVEJOY,141844,Cove School,NORTHBROOK,70.58823529411765,55.55555555555556,False,reject,False
50-082-1880-22-1001,Lovejoy Middle School,IL,LOVEJOY,140108,Middle Fork School,DANVILLE,83.87096774193549,76.92307692307692,False,review,True
50-082-1880-22-0001,Lovejoy Technology Academy,IL,LOVEJOY,142680,Lovejoy Technology Academy,LOVEJOY,100.0,100.0,True,auto_accept,False
07-016-1670-02-1002,Brookwood Jr High School,IL,GLENWOOD,142645,Yorkwood Jr-Sr HS,MONMOUTH,88.0,56.00000000000001,False,reject,False
07-016-1670-02-2001,Brookwood Middle School,IL,GLENWOOD,140108,Middle Fork School,DANVILLE,83.87096774193549,78.04878048780488,False,review,True
07-016-1670-02-2004,Hickory Bend Elem School,IL,GLENWOOD,141844,Cove School,NORTHBROOK,70.58823529411765,51.42857142857142,False,reject,False
07-016-1670-02-2003,Longwood Elem School,IL,GLENWOOD,140630,CICS Longwood High School,CHICAGO,85.71428571428571,71.11111111111111,False,review,True
01-005-0010-26-2002,Brown County Elementary School,IL,MOUNT STERLING,143070,Brown County High School,MT STERLING,88.37209302325581,74.07407407407408,False,review,True
01-005-0010-26-0001,Brown County High School,IL,MOUNT STERLING,143070,Brown County High School,MT STERLING,100.0,100.0,False,auto_accept,False
01-005-0010-26-1002,Brown County Middle School,IL,MOUNT STERLING,143070,Brown County High School,MT STERLING,88.37209302325581,84.0,False,review,True
03-026-2010-26-2001,Brownstown Elem School,IL,BROWNSTOWN,140425,Brownstown High School,BROWNSTOWN,87.17948717948718,81.81818181818181,True,review,True
03-026-2010-26-0003,Brownstown High School,IL,BROWNSTOWN,140425,Brownstown High School,BROWNSTOWN,100.0,100.0,True,auto_accept,False
03-026-2010-26-1001,Brownstown Jr High School,IL,BROWNSTOWN,140425,Brownstown High School,BROWNSTOWN,100.0,93.61702127659575,True,auto_accept,False
40-007-0420-26-2001,Brussels Grade School,IL,BRUSSELS,140430,Brussels Community High School,BRUSSELS,83.33333333333333,66.66666666666667,True,review,True
40-007-0420-26-0001,Brussels High School,IL,BRUSSELS,140430,Brussels Community High School,BRUSSELS,100.0,80.0,True,auto_accept,False
21-044-0430-03-2001,Buncombe Cons School,IL,BUNCOMBE,141844,Cove School,NORTHBROOK,70.58823529411765,64.51612903225806,False,reject,False
40-056-0080-26-0001,Bunker Hill High School,IL,BUNKER HILL,140450,Bunker Hill High School,BUNKER HILL,100.0,100.0,True,auto_accept,False
40-056-0080-26-2003,Wolf Ridge Education Center,IL,BUNKER HILL,140318,Monee Education Center,MONEE,84.21052631578948,73.46938775510203,False,review,True
07-016-1110-02-2010,Edward J Tobin Elem School,IL,BURBANK,141844,Cove School,NORTHBROOK,70.58823529411765,43.24324324324324,False,reject,False
07-016-1110-02-2007,F B Mccord Elem School,IL,BURBANK,141844,Cove School,NORTHBROOK,70.58823529411765,54.54545454545454,False,reject,False
07-016-1110-02-2011,Harry E Fry School,IL,BURBANK,140027,Harry D Jacobs High School,ALGONQUIN,80.0,59.09090909090908,False,reject,False
07-016-1110-02-2005,J B Kennedy Elem School,IL,BURBANK,140897,John F Kennedy High School,CHICAGO,75.67567567567568,73.46938775510203,False,reject,False
07-016-1110-02-1001,Liberty Junior High School,IL,BURBANK,140945,Leo High School,CHICAGO,84.61538461538461,68.29268292682926,False,review,True
07-016-1110-02-2001,Luther Burbank Elem School,IL,BURBANK,142546,Luther East HS,LANSING,72.22222222222223,65.3061224489796,False,reject,False
07-016-1110-02-2006,Maddock Elementary School,IL,BURBANK,141844,Cove School,NORTHBROOK,70.58823529411765,44.44444444444444,False,reject,False
07-016-1110-02-2002,Richard Byrd Elementary School,IL,BURBANK,141844,Cove School,NORTHBROOK,70.58823529411765,39.02439024390244,False,reject,False
28-006-3400-26-2006,Bureau Valley Elementary and Junior High,IL,MANLIUS,142740,Bureau Valley High School,MANLIUS,83.72093023255815,61.53846153846154,True,reject,False
28-006-3400-26-2005,Bureau Valley Elemntry-Wyanet,IL,WYANET,142740,Bureau Valley High School,MANLIUS,68.42105263157895,55.55555555555556,False,reject,False
28-006-3400-26-0001,Bureau Valley High School,IL,MANLIUS,142740,Bureau Valley High School,MANLIUS,100.0,100.0,True,auto_accept,False
28-006-3400-26-2001,Bureau Valley North,IL,WALNUT,142740,Bureau Valley High School,MANLIUS,81.25,68.18181818181819,False,review,True
07-016-1545-02-2001,Burnham Elem School,IL,BURNHAM,141844,Cove School,NORTHBROOK,70.58823529411765,53.333333333333336,False,reject,False
26-062-1700-26-2003,Bushnell-Prairie City Elem Sch,IL,BUSHNELL,140455,Bushnell Prairie City HS,BUSHNELL,82.53968253968254,82.53968253968253,True,review,True
26-062-1700-26-0001,Bushnell-Prairie City High Sch,IL,BUSHNELL,140455,Bushnell Prairie City HS,BUSHNELL,95.23809523809524,95.23809523809523,True,auto_accept,False
26-062-1700-26-1002,Bushnell-Prairie City Jr High Sch,IL,BUSHNELL,140455,Bushnell Prairie City HS,BUSHNELL,90.9090909090909,90.9090909090909,True,auto_accept,False
19-022-0530-02-2002,Brook Forest Elem School,IL,OAK BROOK,143224,Oak Forest High School,OAK FOREST,74.28571428571428,56.52173913043479,False,reject,False
19-022-0530-02-1001,Butler Junior High School,IL,OAK BROOK,140945,Leo High School,CHICAGO,84.61538461538461,65.0,False,review,True
47-071-2260-26-0001,Byron High School 9-12,IL,BYRON,140460,Byron High School,BYRON,100.0,87.17948717948718,True,auto_accept,False
47-071-2260-26-1001,Byron Middle School,IL,BYRON,140108,Middle Fork School,DANVILLE,83.87096774193549,81.08108108108108,False,review,True
47-071-2260-26-2003,Mary Morgan Elem Sch,IL,BYRON,141035,Morgan Park High School,CHICAGO,65.11627906976744,51.162790697674424,False,reject,False
50-082-1870-26-0011,Cahokia High School,IL,CAHOKIA,141710,Cahokia High School,CAHOKIA,100.0,100.0,True,auto_accept,False
50-082-1870-26-2009,Elizabeth Morris Elem School,IL,CAHOKIA,141844,Cove School,NORTHBROOK,70.58823529411765,41.02564102564102,False,reject,False
50-082-1870-26-2014,Estelle Sauget School of Choice,IL,CAHOKIA,141844,Cove School,NORTHBROOK,70.58823529411765,47.61904761904761,False,reject,False
50-082-1870-26-2005,Huffman Elem School,IL,CAHOKIA,141844,Cove School,NORTHBROOK,70.58823529411765,53.333333333333336,False,reject,False
50-082-1870-26-2007,Lalumier Elem School,IL,CENTREVILLE,141844,Cove School,NORTHBROOK,70.58823529411765,51.61290322580645,False,reject,False
50-082-1870-26-2008,Maplewood Elem School,IL,CAHOKIA,141844,Cove School,NORTHBROOK,70.58823529411765,50.0,False,reject,False
50-082-1870-26-2010,Penniman Elem School,IL,CAHOKIA,141844,Cove School,NORTHBROOK,70.58823529411765,51.61290322580645,False,reject,False
50-082-1870-26-1014,Wirth/Parks Middle School,IL,CAHOKIA,140108,Middle Fork School,DANVILLE,83.87096774193549,60.46511627906976,False,reject,False
30-002-0010-22-2004,Cairo Elementary School,IL,CAIRO,140465,Cairo High School,CAIRO,82.75862068965517,65.0,True,review,True
30-002-0010-22-0001,Cairo Jr/Sr High School,IL,CAIRO,140465,Cairo High School,CAIRO,100.0,85.0,True,auto_accept,False
40-007-0400-26-2001,Calhoun Elementary/ Jr High Sch,IL,HARDIN,142195,Calhoun High School,HARDIN,77.41935483870968,65.3061224489796,True,reject,False
40-007-0400-26-0001,Calhoun High School,IL,HARDIN,142195,Calhoun High School,HARDIN,100.0,100.0,True,auto_accept,False
07-016-1550-02-2004,Wentworth Intermediate School,IL,CALUMET CITY,141844,Cove School,NORTHBROOK,70.58823529411765,40.0,False,reject,False
07-016-1550-02-1001,Wentworth Jr High School,IL,CALUMET CITY,140945,Leo High School,CHICAGO,84.61538461538461,61.53846153846154,False,reject,False
07-016-1550-02-2002,Wilson Elementary School,IL,CALUMET CITY,141844,Cove School,NORTHBROOK,70.58823529411765,45.714285714285715,False,reject,False
07-016-1320-02-2003,Burr Oak Academy,IL,CALUMET PARK,140652,Cs Academy,CHICAGO,82.35294117647058,61.53846153846154,False,reject,False
07-016-1320-02-2001,Burr Oak Elem School,IL,CALUMET PARK,141844,Cove School,NORTHBROOK,70.58823529411765,51.61290322580645,False,reject,False
07-016-1320-02-2002,Calumet Elem School,IL,CALUMET PARK,143342,Camelot School,MT PROSPECT,72.72727272727272,72.72727272727273,False,reject,False
28-037-2270-26-2001,Cambridge Comm Grade School,IL,CAMBRIDGE,140480,Cambridge Jr-Sr High School,CAMBRIDGE,74.4186046511628,70.37037037037037,True,reject,False
28-037-2270-26-0002,Cambridge Jr/Sr High School,IL,CAMBRIDGE,140480,Cambridge Jr-Sr High School,CAMBRIDGE,100.0,100.0,True,auto_accept,False
26-029-0660-25-0001,Canton High School,IL,CANTON,140495,Canton High School,CANTON,100.0,100.0,True,auto_accept,False
26-029-0660-25-2009,Eastview Elementary School,IL,CANTON,141844,Cove School,NORTHBROOK,70.58823529411765,48.64864864864865,False,reject,False
26-029-0660-25-1002,Ingersoll Middle School,IL,CANTON,140108,Middle Fork School,DANVILLE,83.87096774193549,73.17073170731707,False,review,True
26-029-0660-25-2008,Lincoln Elementary School,IL,CANTON,141100,Lincoln Park High School,CHICAGO,73.6842105263158,61.224489795918366,False,reject,False
26-029-0660-25-2003,Westview Elementary School,IL,CANTON,141844,Cove School,NORTHBROOK,70.58823529411765,43.24324324324324,False,reject,False
49-081-0360-02-2002,Eagle Ridge School,IL,SILVIS,141890,Blue Ridge High School,FARMER CITY,80.0,75.0,False,review,True
30-039-1650-16-0001,Carbondale Comm H S,IL,CARBONDALE,140510,Carbondale Community HS,CARBONDALE,91.52542372881356,91.52542372881356,True,auto_accept,False
30-039-0950-02-1004,Carbondale Middle School,IL,CARBONDALE,140108,Middle Fork School,DANVILLE,83.87096774193549,71.42857142857143,False,review,True
30-039-0950-02-2008,Lewis School,IL,CARBONDALE,140686,Genesis School,CHICAGO,76.92307692307692,76.92307692307692,False,reject,False
30-039-0950-02-2005,Parrish Elem School,IL,CARBONDALE,143370,Paris HS,PARIS,72.22222222222223,72.22222222222221,False,reject,False
30-039-0950-02-2003,Thomas Elementary School,IL,CARBONDALE,141844,Cove School,NORTHBROOK,70.58823529411765,45.714285714285715,False,reject,False
40-056-0010-26-0002,Carlinville High School,IL,CARLINVILLE,140520,Carlinville High School,CARLINVILLE,100.0,100.0,True,auto_accept,False
40-056-0010-26-2006,Carlinville Intermediate School,IL,CARLINVILLE,140520,Carlinville High School,CARLINVILLE,87.8048780487805,74.07407407407408,True,review,True
40-056-0010-26-1001,Carlinville Middle School,IL,CARLINVILLE,140520,Carlinville High School,CARLINVILLE,87.8048780487805,83.33333333333334,True,review,True
40-056-0010-26-2005,Carlinville Primary School,IL,CARLINVILLE,140520,Carlinville High School,CARLINVILLE,87.8048780487805,81.63265306122449,True,review,True
13-014-0010-26-2002,Carlyle Elementary School,IL,CARLYLE,140525,Carlyle High School,CARLYLE,84.84848484848484,68.18181818181819,True,review,True
13-014-0010-26-0001,Carlyle High School,IL,CARLYLE,140525,Carlyle High School,CARLYLE,100.0,100.0,True,auto_accept,False
13-014-0010-26-1001,Carlyle Junior High School,IL,CARLYLE,140525,Carlyle High School,CARLYLE,100.0,84.44444444444444,True,auto_accept,False
20-097-0050-26-1007,Carmi White Cnty Jr High Sch,IL,CARMI,140535,Carmi-White County High School,CARMI,86.20689655172414,86.20689655172413,True,review,True
20-097-0050-26-0001,Carmi-White County High School,IL,CARMI,140535,Carmi-White County High School,CARMI,100.0,100.0,True,auto_accept,False
20-097-0050-26-2005,Jefferson Attendance Center,IL,CARMI,140228,Peace Center,DOLTON,66.66666666666666,46.15384615384615,False,reject,False
20-097-0050-26-2006,Lincoln Attendance Center,IL,CARMI,140228,Peace Center,DOLTON,66.66666666666666,43.24324324324324,False,reject,False
20-097-0050-26-3002,Prekindergarten Facility,IL,CARMI,140117,Northern Il Academy - Int,AURORA,51.06382978723404,51.06382978723405,False,reject,False
20-097-0050-26-2007,Washington Attendance Center,IL,CARMI,140228,Peace Center,DOLTON,66.66666666666666,40.0,False,reject,False
20-083-0020-26-2002,Carrier Mills-Stonefort Elem Sch,IL,CARRIER MILLS,140540,Carrier Mills High School,CARRIER MILLS,70.17543859649123,70.17543859649122,True,reject,False
20-083-0020-26-0001,Carrier Mills-Stonefort H S,IL,CARRIER MILLS,140540,Carrier Mills High School,CARRIER MILLS,100.0,83.33333333333334,True,auto_accept,False
40-031-0010-26-2001,Carrollton Grade School,IL,CARROLLTON,140545,Carrollton High School,CARROLLTON,87.17948717948718,84.44444444444444,True,review,True
40-031-0010-26-0003,Carrollton High School,IL,CARROLLTON,140545,Carrollton High School,CARROLLTON,100.0,100.0,True,auto_accept,False
21-100-0050-26-0001,Carterville High School,IL,CARTERVILLE,140555,Carterville High School,CARTERVILLE,100.0,100.0,True,auto_accept,False
21-100-0050-26-2006,Carterville Intermediate Sch,IL,CARTERVILLE,140555,Carterville High School,CARTERVILLE,66.66666666666666,66.66666666666667,True,reject,False
21-100-0050-26-1001,Carterville Jr High Sch,IL,CARTERVILLE,140555,Carterville High School,CARTERVILLE,86.95652173913044,86.95652173913044,True,review,True
21-100-0050-26-2001,Tri-C Elementary School,IL,CARTERVILLE,144175,Century High School,ULLIN,71.42857142857143,61.904761904761905,False,reject,False
26-034-3170-04-1006,Carthage Middle School,IL,CARTHAGE,140560,Carthage HS,CARTHAGE,85.71428571428571,80.95238095238095,True,review,True
26-034-3170-04-2005,Carthage Primary School,IL,CARTHAGE,140560,Carthage HS,CARTHAGE,85.71428571428571,79.06976744186046,True,review,True
44-063-0260-04-2002,Briargate Elem School,IL,CARY,141844,Cove School,NORTHBROOK,70.58823529411765,50.0,False,reject,False
44-063-0260-04-1004,Cary Jr High School,IL,CARY,140563,Cary-Grove Community HS,CARY,91.42857142857143,62.745098039215684,True,reject,False
44-063-0260-04-2005,Deer Path Elem School,IL,CARY,141570,Deerfield High School,DEERFIELD,71.42857142857143,71.42857142857143,False,reject,False
44-063-0260-04-2007,Oak Knoll Early Childhood Center,IL,CARY,140228,Peace Center,DOLTON,66.66666666666666,40.90909090909091,False,reject,False
44-063-0260-04-2004,Three Oaks School,IL,CARY,140764,The Day School,CHICAGO,77.41935483870968,77.41935483870968,False,reject,False
11-012-004C-26-0001,Casey-Westfield Jr/Sr HS,IL,CASEY,140565,Casey-Westfield High School,CASEY,100.0,90.0,True,auto_accept,False
11-012-004C-26-2003,Monroe Elem School,IL,CASEY,141844,Cove School,NORTHBROOK,70.58823529411765,62.06896551724138,False,reject,False
19-022-0630-02-1001,Cass Jr High School,IL,DARIEN,141970,Aquinas Central Cath Jr-Sr HS,FREEPORT,84.84848484848484,59.64912280701755,False,reject,False
19-022-0630-02-2002,Concord Elem School,IL,DARIEN,141844,Cove School,NORTHBROOK,70.58823529411765,66.66666666666667,False,reject,False
07-016-1460-04-2006,Arnold W Kruse Ed Center,IL,ORLAND PARK,140228,Peace Center,DOLTON,66.66666666666666,50.0,False,reject,False
07-016-1460-04-2002,Bert H Fulton School,IL,TINLEY PARK,141980,Fulton High School,FULTON,83.87096774193549,78.94736842105263,False,review,True
07-016-1460-04-1001,Central Middle School,IL,TINLEY PARK,140454,Central High School,BURLINGTON,84.84848484848484,80.0,False,review,True
07-016-1460-04-2003,Memorial Elem School,IL,TINLEY PARK,140305,Civic Memorial High School,BETHALTO,85.71428571428571,69.56521739130434,False,review,True
07-016-1460-04-2005,Walter F Fierke Ed Center,IL,OAK FOREST,140228,Peace Center,DOLTON,66.66666666666666,54.054054054054056,False,reject,False
07-016-1680-04-1003,Rickover Jr High School,IL,SAUK VILLAGE,140945,Leo High School,CHICAGO,84.61538461538461,68.42105263157895,False,review,True
07-016-1680-04-2001,Strassburg Elem,IL,SAUK VILLAGE,144015,Stewardson-Strasburg High Schl,STRASBURG,53.333333333333336,53.333333333333336,False,reject,False
07-016-1680-04-2002,Wagoner Elem,IL,SAUK VILLAGE,140221,Newcomer Center,ARLINGTON HTS,51.851851851851855,51.85185185185186,False,reject,False
19-022-1800-04-2002,Anne M Jeans Elem School,IL,WILLOWBROOK,141844,Cove School,NORTHBROOK,70.58823529411765,45.714285714285715,False,reject,False
19-022-1800-04-1001,Burr Ridge Middle School,IL,BURR RIDGE,140108,Middle Fork School,DANVILLE,83.87096774193549,71.42857142857143,False,review,True
30-073-2040-04-2001,Community Cons School,IL,PINCKNEYVILLE,140662,Al Raby HS For Community & Env,CHICAGO,86.48648648648648,58.06451612903225,False,reject,False
05-016-0620-04-1001,Algonquin Middle School,IL,DES PLAINES,140108,Middle Fork School,DANVILLE,83.87096774193549,73.17073170731707,False,review,True
05-016-0620-04-2002,Central Elem School,IL,DES PLAINES,140115,A-C Central High School,ASHLAND,84.84848484848484,71.42857142857143,False,review,True
05-016-0620-04-1003,Chippewa Middle School,IL,DES PLAINES,140108,Middle Fork School,DANVILLE,83.87096774193549,70.0,False,review,True
05-016-0620-04-2004,Cumberland Elem School,IL,DES PLAINES,144125,Cumberland High School,TOLEDO,87.17948717948718,81.81818181818181,False,review,True
05-016-0620-04-2005,Forest Elem School,IL,DES PLAINES,142520,Lake Forest High School,LAKE FOREST,83.87096774193549,63.41463414634146,False,reject,False
05-016-0620-04-2001,Iroquois Community School,IL,DES PLAINES,141091,Uplift Community School,CHICAGO,82.05128205128204,66.66666666666667,False,review,True
05-016-0620-04-2008,North Elementary School,IL,DES PLAINES,140534,Glenbard North High School,CAROL STREAM,73.46938775510205,73.46938775510203,False,reject,False
05-016-0620-04-2009,Orchard Place Elem School,IL,DES PLAINES,142770,Crab Orchard High School,MARION,73.6842105263158,61.224489795918366,False,reject,False
05-016-0620-04-2010,Plainfield Elem School,IL,DES PLAINES,143499,Plainfield East High School,PLAINFIELD,87.17948717948718,77.55102040816327,False,review,True
05-016-0620-04-2011,South Elem School,IL,DES PLAINES,141517,Crystal Lake South High School,CRYSTAL LAKE,82.75862068965517,63.829787234042556,False,reject,False
05-016-0620-04-2012,Terrace Elem School,IL,DES PLAINES,141844,Cove School,NORTHBROOK,70.58823529411765,53.333333333333336,False,reject,False
19-022-0890-04-2001,Arbor View Elem School,IL,GLEN ELLYN,141844,Cove School,NORTHBROOK,70.58823529411765,54.54545454545454,False,reject,False
19-022-0890-04-2002,Briar Glen Elem School,IL,WHEATON,141844,Cove School,NORTHBROOK,70.58823529411765,48.484848484848484,False,reject,False
19-022-0890-04-1003,Glen Crest Middle School,IL,GLEN ELLYN,140108,Middle Fork School,DANVILLE,83.87096774193549,71.42857142857143,False,review,True
19-022-0890-04-2004,Park View Elem School,IL,GLEN ELLYN,141815,Elmwood Park High School,ELMWOOD PARK,75.55555555555556,66.66666666666667,False,reject,False
19-022-0890-04-2006,Westfield Elem School,IL,GLEN ELLYN,140565,Casey-Westfield High School,CASEY,86.48648648648648,75.0,False,review,True
19-022-0930-04-2001,Carol Stream Elem School,IL,CAROL STREAM,141844,Cove School,NORTHBROOK,70.58823529411765,57.14285714285714,False,reject,False
19-022-0930-04-3001,CCSD 93 Early Childhood Cntr,IL,BLOOMINGDALE,141635,Tri-Valley High School,DOWNS,52.0,52.0,False,reject,False
19-022-0930-04-2011,Cloverdale  Elem School,IL,CAROL STREAM,141844,Cove School,NORTHBROOK,70.58823529411765,66.66666666666667,False,reject,False
19-022-0930-04-2007,Elsie C Johnson Elem Sch,IL,HANOVER PARK,142365,Johnston City High School,JOHNSTON CITY,61.224489795918366,61.224489795918366,False,reject,False
19-022-0930-04-2010,Heritage Lakes Elem School,IL,CAROL STREAM,142665,Heritage High School,BROADLANDS,85.71428571428571,69.56521739130434,False,review,True
19-022-0930-04-2009,Jay Stream Middle School,IL,CAROL STREAM,140108,Middle Fork School,DANVILLE,83.87096774193549,66.66666666666667,False,review,True
19-022-0930-04-2004,Roy De Shane Elementary School,IL,CAROL STREAM,142600,Le Roy High School,LE ROY,71.42857142857143,58.33333333333333,False,reject,False
19-022-0930-04-1004,Stratford Middle School,IL,BLOOMINGDALE,140108,Middle Fork School,DANVILLE,83.87096774193549,63.41463414634146,False,reject,False
19-022-0930-04-2006,Western Trails Elem School,IL,CAROL STREAM,140219,Western High School,BARRY,84.84848484848484,66.66666666666667,False,review,True
19-022-0660-02-2002,Elizabeth Ide Elem School,IL,DARIEN,141775,River Ridge Sch Elizabeth Sch,HANOVER,72.0,62.96296296296296,False,reject,False
19-022-0660-02-1001,Lakeview Jr High School,IL,DOWNERS GROVE,140930,Lake View High School,CHICAGO,90.9090909090909,72.72727272727273,False,review,True
19-022-0660-02-2004,Prairieview Elementary School,IL,DOWNERS GROVE,141844,Cove School,NORTHBROOK,70.58823529411765,44.99999999999999,False,reject,False
11-087-0210-26-2002,Bond Primary,IL,ASSUMPTION,142160,Bond County Cmty Unit #2 HS,GREENVILLE,50.0,29.78723404255319,False,reject,False
11-087-0210-26-0001,Central A & M High School,IL,MOWEAQUA,143091,Central A & M High School,MOWEAQUA,100.0,100.0,True,auto_accept,False
11-087-0210-26-1001,Central A & M Middle School,IL,ASSUMPTION,143091,Central A & M High School,MOWEAQUA,89.79591836734694,82.14285714285714,False,review,True
11-087-0210-26-2001,Gregory Intermediate,IL,MOWEAQUA,141165,Saint Gregory High School,CHICAGO,51.851851851851855,47.61904761904761,False,reject,False
13-014-0710-16-0001,Central Comm High School,IL,BREESE,140454,Central High School,BURLINGTON,100.0,88.37209302325581,False,auto_accept,False
13-058-1330-02-2001,Central City Elem School,IL,CENTRALIA,140454,Central High School,BURLINGTON,84.84848484848484,74.4186046511628,False,review,True
01-001-0030-26-2003,Central Early Childhood,IL,GOLDEN,140454,Central High School,BURLINGTON,66.66666666666666,66.66666666666667,False,reject,False
01-001-0030-26-2008,Central Elementary School,IL,CAMP POINT,140454,Central High School,BURLINGTON,84.84848484848484,68.18181818181819,False,review,True
01-001-0030-26-0001,Central High School,IL,CAMP POINT,140115,A-C Central High School,ASHLAND,100.0,90.47619047619048,False,auto_accept,False
01-001-0030-26-1001,Central Junior High School,IL,CAMP POINT,140454,Central High School,BURLINGTON,100.0,84.44444444444444,False,review,True
31-045-3010-26-0001,Central High School,IL,BURLINGTON,140115,A-C Central High School,ASHLAND,100.0,90.47619047619048,False,auto_accept,False
31-045-3010-26-1001,Central Middle School,IL,BURLINGTON,140454,Central High School,BURLINGTON,84.84848484848484,80.0,True,review,True
31-045-3010-26-2007,Country Trails Elem,IL,ELGIN,142565,Leaf River Community High Sch,LEAF RIVER,54.166666666666664,54.16666666666667,False,reject,False
31-045-3010-26-2003,Howard B Thomas Grade School,IL,BURLINGTON,141844,Cove School,NORTHBROOK,70.58823529411765,41.02564102564102,False,reject,False
31-045-3010-26-2004,Lily Lake Grade School,IL,MAPLE PARK,142520,Lake Forest High School,LAKE FOREST,71.11111111111111,62.22222222222222,False,reject,False
31-045-3010-26-1002,Prairie Knolls Middle Sch,IL,ELGIN,141519,Prairie Ridge High School,CRYSTAL LAKE,64.0,52.0,False,reject,False
31-045-3010-26-2006,Prairie View Grade School,IL,ELGIN,141519,Prairie Ridge High School,CRYSTAL LAKE,76.0,64.0,False,reject,False
32-038-0040-26-3001,Ashkum Early Literacy Center,IL,ASHKUM,140228,Peace Center,DOLTON,66.66666666666666,50.0,False,reject,False
32-038-0040-26-0001,Central High School,IL,CLIFTON,140115,A-C Central High School,ASHLAND,100.0,90.47619047619048,False,auto_accept,False
32-038-0040-26-2003,Chebanse Elem School,IL,CHEBANSE,141844,Cove School,NORTHBROOK,70.58823529411765,58.06451612903225,False,reject,False
32-038-0040-26-1002,John L Nash Middle School,IL,CLIFTON,140108,Middle Fork School,DANVILLE,83.87096774193549,69.76744186046511,False,review,True
50-082-1040-02-2001,Dawn Elser Elementary School,IL,O FALLON,141844,Cove School,NORTHBROOK,70.58823529411765,41.02564102564102,False,reject,False
50-082-1040-02-1001,Joseph Arthur Middle School,IL,O FALLON,140108,Middle Fork School,DANVILLE,83.87096774193549,66.66666666666667,False,review,True
53-090-0510-02-2001,Central Intermediate Sch,IL,WASHINGTON,143105,Naperville Central High School,NAPERVILLE,66.66666666666666,66.66666666666667,False,reject,False
53-090-0510-02-2004,Central Primary Sch,IL,WASHINGTON,144282,Illinois Central Christian Sch,WASHINGTON,73.33333333333333,61.224489795918366,True,reject,False
07-016-1100-02-2002,Charles J Sahs Elem School,IL,CHICAGO,143795,Saint Charles East High School,ST. CHARLES,71.69811320754717,67.9245283018868,False,reject,False
13-058-2000-17-0001,Centralia High School,IL,CENTRALIA,140580,Centralia High School,CENTRALIA,100.0,100.0,True,auto_accept,False
13-058-1350-02-2007,Centralia Jr High School,IL,CENTRALIA,140580,Centralia High School,CENTRALIA,100.0,93.33333333333333,True,auto_accept,False
13-058-1350-02-3001,Centralia Pre-Kindergarten Ctr,IL,CENTRALIA,140580,Centralia High School,CENTRALIA,60.0,50.98039215686274,True,reject,False
13-058-1350-02-2006,Jordan Elem School,IL,CENTRALIA,140451,Jordan Baptist School,BURBANK,83.87096774193549,71.7948717948718,False,review,True
13-058-1350-02-2008,Schiller Elem School,IL,CENTRALIA,143708,Mill School,ROCKFORD,70.96774193548387,70.96774193548387,False,reject,False
30-077-1000-26-2004,Century Elementary School,IL,ULLIN,144175,Century High School,ULLIN,84.84848484848484,68.18181818181819,True,review,True
30-077-1000-26-0001,Century Jr/Sr High School,IL,ULLIN,144175,Century High School,ULLIN,100.0,86.36363636363636,True,auto_accept,False
39-074-1000-26-2003,Cerro Gordo Elem School,IL,CERRO GORDO,140585,Cerro Gordo High School,CERRO GORDO,87.8048780487805,78.26086956521739,True,review,True
39-074-1000-26-0001,Cerro Gordo Jr and Sr High School,IL,CERRO GORDO,140585,Cerro Gordo High School,CERRO GORDO,100.0,82.14285714285714,True,auto_accept,False
08-008-3990-26-2001,Chadwick-Milledgeville Elem School,IL,MILLEDGEVILLE,142920,Milledgeville High School,MILLEDGEVILLE,88.88888888888889,77.96610169491525,True,review,True
08-008-3990-26-0002,Chadwick-Milledgeville Jr/Sr High School,IL,MILLEDGEVILLE,142920,Milledgeville High School,MILLEDGEVILLE,100.0,76.92307692307692,True,review,True
09-010-0040-26-2007,Bottenfield Elem School,IL,CHAMPAIGN,141844,Cove School,NORTHBROOK,70.58823529411765,52.94117647058824,False,reject,False
09-010-0040-26-2008,Carrie Busey Elem School,IL,SAVOY,141844,Cove School,NORTHBROOK,70.58823529411765,51.42857142857142,False,reject,False
09-010-0040-26-0001,Centennial High School,IL,CHAMPAIGN,140593,Centennial High School,CHAMPAIGN,100.0,100.0,True,auto_accept,False
09-010-0040-26-0002,Central High School,IL,CHAMPAIGN,140115,A-C Central High School,ASHLAND,100.0,90.47619047619048,False,auto_accept,False
09-010-0040-26-3016,Champaign Early Chldhd Cntr,IL,CHAMPAIGN,140595,Champaign Central High School,CHAMPAIGN,57.142857142857146,53.57142857142857,True,reject,False
09-010-0040-26-2010,Dr Howard Elem School,IL,CHAMPAIGN,141844,Cove School,NORTHBROOK,70.58823529411765,50.0,False,reject,False
09-010-0040-26-1003,Edison Middle School,IL,CHAMPAIGN,140108,Middle Fork School,DANVILLE,83.87096774193549,78.94736842105263,False,review,True
09-010-0040-26-1007,Franklin Middle School,IL,CHAMPAIGN,141950,Franklin High School,FRANKLIN,85.71428571428571,80.95238095238095,False,review,True
09-010-0040-26-2011,Garden Hills Elem Academy,IL,CHAMPAIGN,140652,Cs Academy,CHICAGO,82.35294117647058,51.42857142857142,False,reject,False
09-010-0040-26-2028,International Prep Academy,IL,CHAMPAIGN,141005,Chicago International Academy,CHICAGO,89.36170212765957,76.36363636363637,False,review,True
09-010-0040-26-1005,Jefferson Middle School,IL,CHAMPAIGN,140108,Middle Fork School,DANVILLE,83.87096774193549,78.04878048780488,False,review,True
09-010-0040-26-2013,Kenwood Elem School,IL,CHAMPAIGN,144183,Kingswood School,URBANA,74.28571428571428,74.28571428571429,False,reject,False
09-010-0040-26-2017,Robeson Elem School,IL,CHAMPAIGN,141070,Paul Robeson High School,CHICAGO,84.84848484848484,74.4186046511628,False,review,True
09-010-0040-26-2024,South Side Elementary School,IL,CHAMPAIGN,140474,South Side Baptist School,OAK LAWN,80.95238095238095,71.69811320754718,False,review,True
09-010-0040-26-2026,Stratton Elementary School,IL,CHAMPAIGN,141844,Cove School,NORTHBROOK,70.58823529411765,43.24324324324324,False,reject,False
09-010-0040-26-2027,Vernon L Barkstall Elementary Sch,IL,CHAMPAIGN,143082,Mount Vernon Christian School,MOUNT VERNON,61.016949152542374,61.01694915254237,False,reject,False
09-010-0040-26-2020,Washington Elem School,IL,CHAMPAIGN,140842,George Washington High School,CHICAGO,87.17948717948718,78.43137254901961,False,review,True
09-010-0040-26-2021,Westview Elem School,IL,CHAMPAIGN,144375,Westville High School,WESTVILLE,73.17073170731707,73.17073170731707,False,reject,False
56-099-0880-02-2002,Chaney-Monge School,IL,CREST HILL,141686,East Moline Christian School,EAST MOLINE,72.34042553191489,72.34042553191489,False,reject,False
56-099-0170-02-1001,Channahon Junior High School,IL,CHANNAHON,140945,Leo High School,CHICAGO,84.61538461538461,60.46511627906976,False,reject,False
56-099-0170-02-2001,N B Galloway Elem School,IL,CHANNAHON,141844,Cove School,NORTHBROOK,70.58823529411765,45.714285714285715,False,reject,False
56-099-0170-02-2003,Pioneer Path,IL,CHANNAHON,1052,Barat College,LAKE FOREST,48.0,48.0,False,reject,False
56-099-0170-02-2002,Three Rivers School,IL,CHANNAHON,141844,Cove School,NORTHBROOK,70.58823529411765,60.0,False,reject,False
11-015-0010-26-2007,Ashmore Elem School,IL,ASHMORE,141844,Cove School,NORTHBROOK,70.58823529411765,60.0,False,reject,False
11-015-0010-26-2003,Carl Sandburg Elem School,IL,CHARLESTON,143325,Carl Sandburg High School,ORLAND PARK,88.88888888888889,84.0,False,review,True
11-015-0010-26-0001,Charleston High School,IL,CHARLESTON,140610,Charleston High School,CHARLESTON,100.0,100.0,True,auto_accept,False
11-015-0010-26-1002,Charleston Middle School,IL,CHARLESTON,140610,Charleston High School,CHARLESTON,87.17948717948718,82.6086956521739,True,review,True
11-015-0010-26-2004,Jefferson Elem School,IL,CHARLESTON,141018,Nancy B Jefferson Alt School,CHICAGO,86.48648648648648,73.46938775510203,False,review,True
11-015-0010-26-2006,Mark Twain Elem School,IL,CHARLESTON,141844,Cove School,NORTHBROOK,70.58823529411765,48.484848484848484,False,reject,False
45-079-1390-26-2002,Chester Elem School,IL,CHESTER,140625,Chester High School,CHESTER,84.84848484848484,78.94736842105263,True,review,True
45-079-1390-26-0001,Chester High School,IL,CHESTER,140625,Chester High School,CHESTER,100.0,100.0,True,auto_accept,False
17-054-0610-04-2001,Chester-East Lincoln Elem School,IL,LINCOLN,140625,Chester High School,CHESTER,84.84848484848484,62.745098039215684,False,reject,False
07-016-1700-02-1002,Chicago Heights Middle School,IL,CHICAGO HTS,140108,Middle Fork School,DANVILLE,83.87096774193549,63.829787234042556,False,reject,False
07-016-1700-02-2007,Garfield Elem School,IL,CHICAGO HEIGHTS,140837,Garfield Alternative HS,CHICAGO,85.71428571428571,69.23076923076923,False,review,True
07-016-1700-02-2009,Greenbriar Elem School,IL,CHICAGO HEIGHTS,141844,Cove School,NORTHBROOK,70.58823529411765,48.484848484848484,False,reject,False
07-016-1700-02-2011,Jefferson Elem School,IL,CHICAGO HEIGHTS,141018,Nancy B Jefferson Alt School,CHICAGO,86.48648648648648,73.46938775510203,False,review,True
07-016-1700-02-2012,Kennedy Elem School,IL,CHICAGO HEIGHTS,140897,John F Kennedy High School,CHICAGO,84.84848484848484,66.66666666666667,False,review,True
07-016-1700-02-2013,Lincoln Elem School,IL,CHICAGO HEIGHTS,142625,Lincoln Community High School,LINCOLN,84.84848484848484,66.66666666666667,False,review,True
07-016-1700-02-2002,Roosevelt Elem School,IL,CHICAGO HEIGHTS,143717,Roosevelt Cmty Educ Ctr Alt HS,ROCKFORD,86.48648648648648,63.33333333333333,False,reject,False
07-016-1700-02-2008,U S Grant Elem School,IL,SOUTH CHICAGO HEIGHTS,141945,Grant Community High School,FOX LAKE,72.72727272727272,62.5,False,reject,False
07-016-1700-02-2001,Washington-McKinley Elem Sch,IL,CHICAGO HEIGHTS,142833,McKinley Libra,RIVERDALE,72.72727272727272,47.61904761904761,False,reject,False
07-016-1700-02-2005,Wilson Elem School,IL,CHICAGO HEIGHTS,141844,Cove School,NORTHBROOK,70.58823529411765,55.172413793103445,False,reject,False
15-016-2990-25-229C,Academy for Global Citizenship,IL,CHICAGO,140652,Cs Academy,CHICAGO,82.35294117647058,50.0,True,reject,False
15-016-2990-25-284C,Acero Chtr Sch Network  - Jovita Idar Elem School,IL,CHICAGO,141844,Cove School,NORTHBROOK,70.58823529411765,38.59649122807017,False,reject,False
15-016-2990-25-085C,Acero Chtr Sch Network -  Major Hector P Garcia MD H S,IL,CHICAGO,141004,Acero Charter Hector Garcia HS,CHICAGO,88.57142857142857,73.46938775510203,True,review,True
15-016-2990-25-262C,Acero Chtr Sch Network - Bartolome de las Casas Elem Sch,IL,CHICAGO,141334,Acero Cruz,CHICAGO,66.66666666666666,25.0,True,reject,False
15-016-2990-25-270C,Acero Chtr Sch Network - Brighton Park Elem School,IL,CHICAGO,141844,Cove School,NORTHBROOK,70.58823529411765,33.89830508474576,False,reject,False
15-016-2990-25-261C,Acero Chtr Sch Network - Carlos Fuentes  Elem School,IL,CHICAGO,141844,Cove School,NORTHBROOK,70.58823529411765,33.333333333333336,False,reject,False
15-016-2990-25-267C,Acero Chtr Sch Network - Esmeralda Santiago Elem Sch,IL,CHICAGO,141334,Acero Cruz,CHICAGO,66.66666666666666,26.66666666666667,True,reject,False
15-016-2990-25-259C,Acero Chtr Sch Network - Octavio Paz Elem School,IL,CHICAGO,141844,Cove School,NORTHBROOK,70.58823529411765,35.08771929824561,False,reject,False
15-016-2990-25-263C,Acero Chtr Sch Network - Officer Donald J Marquez  Elem,IL,CHICAGO,141334,Acero Cruz,CHICAGO,66.66666666666666,32.25806451612904,True,reject,False
15-016-2990-25-285C,Acero Chtr Sch Network - PFC Omar E Torres Elem Sch,IL,CHICAGO,141334,Acero Cruz,CHICAGO,66.66666666666666,27.118644067796616,True,reject,False
15-016-2990-25-260C,Acero Chtr Sch Network - Rufino Tamayo Elem Sch,IL,CHICAGO,141334,Acero Cruz,CHICAGO,66.66666666666666,32.72727272727273,True,reject,False
15-016-2990-25-264C,Acero Chtr Sch Network - SPC Daniel Zizumbo Elem Sch,IL,CHICAGO,141334,Acero Cruz,CHICAGO,66.66666666666666,30.000000000000004,True,reject,False
15-016-2990-25-086C,Acero Chtr Sch Network Victoria Soto Campus,IL,CHICAGO,140706,Victoria Soto High School,CHICAGO,68.42105263157895,55.88235294117647,True,reject,False
15-016-2990-25-266C,Acero Chtr Sch Network- Sandra Cisneros Elem School,IL,CHICAGO,141844,Cove School,NORTHBROOK,70.58823529411765,32.786885245901644,False,reject,False
15-016-2990-25-049C,Acero Chtr Sch Network- Sor Juana Ines de la Cruz K-12,IL,CHICAGO,141334,Acero Cruz,CHICAGO,100.0,31.746031746031743,True,reject,False
15-016-2990-25-268C,Acero Chtr Sch Newtwork - Roberto Clemente Elem School,IL,CHICAGO,141325,Roberto Clemente Cmty Academy,CHICAGO,71.11111111111111,56.790123456790134,True,reject,False
15-016-2990-25-2051,Addams Elem School,IL,CHICAGO,140892,Jane Addams High School,CHICAGO,83.87096774193549,73.17073170731707,True,review,True
15-016-2990-25-0848,Air Force Acad High School,IL,CHICAGO,140698,Airforce Academy High School,CHICAGO,92.5925925925926,92.5925925925926,True,auto_accept,False
15-016-2990-25-2850,Albany Park Multicultural Elem,IL,CHICAGO,141409,Multicultural Arts High School,CHICAGO,60.46511627906977,56.666666666666664,True,reject,False
15-016-2990-25-0849,Alcott College Prep,IL,CHICAGO,141074,Alcott College Prep,CHICAGO,100.0,100.0,True,auto_accept,False
15-016-2990-25-2053,Alcott Elem School,IL,CHICAGO,140046,Allendale School,LAKE VILLA,70.58823529411765,70.58823529411764,False,reject,False
15-016-2990-25-2054,Aldridge Elem School,IL,CHICAGO,141844,Cove School,NORTHBROOK,70.58823529411765,51.61290322580645,False,reject,False
15-016-2990-25-0001,Amundsen High School,IL,CHICAGO,140655,Amundsen High School,CHICAGO,100.0,100.0,True,auto_accept,False
15-016-2990-25-2895,Ariel Elem Community Academy,IL,CHICAGO,141092,Orr Community Academy,CHICAGO,89.47368421052632,73.46938775510203,True,review,True
15-016-2990-25-2058,Armour Elem School,IL,CHICAGO,140067,Safe Harbor School,MANTENO,72.22222222222223,72.22222222222221,False,reject,False
15-016-2990-25-2059,Armstrong G Elem IntL Studies,IL,CHICAGO,140333,Elim Christian Schl-Intensive,CRESTWOOD,55.172413793103445,55.172413793103445,False,reject,False
15-016-2990-25-111C,Art in Motion Charter School,IL,CHICAGO,140390,Art in Motion Charter School,CHICAGO,100.0,100.0,True,auto_accept,False
15-016-2990-25-2922,Ashburn Community Elem School,IL,CHICAGO,141091,Uplift Community School,CHICAGO,82.05128205128204,61.53846153846154,True,reject,False
15-016-2990-25-2437,Ashe Elem School,IL,CHICAGO,140945,Leo High School,CHICAGO,70.96774193548387,70.96774193548387,True,reject,False
15-016-2990-25-214C,Asian Human Services -Passage Chrtr,IL,CHICAGO,NA0003,American Indian Health Service of Chicago,CHICAGO,53.333333333333336,53.333333333333336,True,reject,False
15-016-2990-25-079C,Aspira Charter - Business and Finance HS,IL,CHICAGO,141061,Aspira Business And Finance,CHICAGO,100.0,72.97297297297297,True,review,True
15-016-2990-25-074C,ASPIRA Charter - Early College Prep HS,IL,CHICAGO,140624,Aspira Early College HS,CHICAGO,100.0,83.11688311688312,True,auto_accept,False
15-016-2990-25-110C,ASPIRA Charter - Haugan Campus,IL,CHICAGO,140118,South Campus,PALATINE,66.66666666666666,44.99999999999999,False,reject,False
15-016-2990-25-2062,Audubon Elem School,IL,CHICAGO,141844,Cove School,NORTHBROOK,70.58823529411765,60.0,False,reject,False
15-016-2990-25-0844,Austin College and Career Academy High School,IL,CHICAGO,140418,Academy High School,CHAMPAIGN,100.0,59.375,False,reject,False
15-016-2990-25-2063,Avalon Park Elem School,IL,CHICAGO,141844,Cove School,NORTHBROOK,70.58823529411765,52.94117647058824,False,reject,False
15-016-2990-25-2881,Avondale - Logandale Elementary School,IL,CHICAGO,141844,Cove School,NORTHBROOK,70.58823529411765,38.297872340425535,False,reject,False
15-016-2990-25-2966,Azuela Elem School,IL,CHICAGO,140046,Allendale School,LAKE VILLA,70.58823529411765,70.58823529411764,False,reject,False
15-016-2990-25-0014,Back of The Yards IB HS,IL,CHICAGO,140945,Leo High School,CHICAGO,84.61538461538461,55.319148936170215,True,reject,False
15-016-2990-25-2066,Barnard Elem Comp Math & Sci Ctr,IL,CHICAGO,141106,Marine Math and Science Academy,CHICAGO,61.53846153846154,58.46153846153845,True,reject,False
15-016-2990-25-2067,Barry Elem School,IL,CHICAGO,140210,Barry Community HS,BARRY,82.75862068965517,63.63636363636363,False,reject,False
15-016-2990-25-2068,Barton Elem School,IL,CHICAGO,140157,Banner School,CHICAGO,70.96774193548387,70.96774193548387,True,reject,False
15-016-2990-25-2069,Bass Elem School,IL,CHICAGO,142594,Lena Baptist School,LENA,74.28571428571428,74.28571428571429,False,reject,False
15-016-2990-25-2070,Bateman Elem School,IL,CHICAGO,141844,Cove School,NORTHBROOK,70.58823529411765,53.333333333333336,False,reject,False
15-016-2990-25-3760,Beard Elem School,IL,CHICAGO,141844,Cove School,NORTHBROOK,70.58823529411765,57.14285714285714,False,reject,False
15-016-2990-25-2800,Beasley Elem Magnet Academic Ctr,IL,CHICAGO,143938,Academic Center,CHICAGO,69.56521739130434,55.319148936170215,True,reject,False
15-016-2990-25-2078,Beaubien Elem School,IL,CHICAGO,140192,Eugene Field School,NORMAL,71.7948717948718,71.7948717948718,False,reject,False
15-016-2990-25-2079,Beethoven Elem School,IL,CHICAGO,141844,Cove School,NORTHBROOK,70.58823529411765,62.5,False,reject,False
15-016-2990-25-2080,Beidler Elem School,IL,CHICAGO,141844,Cove School,NORTHBROOK,70.58823529411765,53.333333333333336,False,reject,False
15-016-2990-25-2081,Belding Elem School,IL,CHICAGO,141844,Cove School,NORTHBROOK,70.58823529411765,53.333333333333336,False,reject,False
15-016-2990-25-2082,Bell Elem School,IL,CHICAGO,140046,Allendale School,LAKE VILLA,75.0,75.0,False,reject,False
15-016-2990-25-2923,Belmont-Cragin Elem School,IL,CHICAGO,141844,Cove School,NORTHBROOK,70.58823529411765,48.64864864864865,False,reject,False
15-016-2990-25-2083,Bennett Elem School,IL,CHICAGO,140448,Bennett Day School,CHICAGO,87.5,81.08108108108108,True,review,True
15-016-2990-25-2086,Black Magnet Elem School,IL,CHICAGO,141392,Disney II Magnet School,CHICAGO,72.22222222222223,63.829787234042556,True,reject,False
15-016-2990-25-2087,Blaine Elem School,IL,CHICAGO,140157,Banner School,CHICAGO,70.96774193548387,70.96774193548387,True,reject,False
15-016-2990-25-3761,Blair Early Childhood Center,IL,CHICAGO,140228,Peace Center,DOLTON,66.66666666666666,44.99999999999999,False,reject,False
15-016-2990-25-0003,Bogan High School,IL,CHICAGO,141387,Bogan High School,CHICAGO,100.0,100.0,True,auto_accept,False
15-016-2990-25-2088,Bond Elem School,IL,CHICAGO,142160,Bond County Cmty Unit #2 HS,GREENVILLE,81.48148148148148,50.98039215686274,False,reject,False
15-016-2990-25-2100,Bouchet Elem Math & Science Acad,IL,CHICAGO,140721,Chicago Math & Science Acad,CHICAGO,84.0,76.19047619047619,True,review,True
15-016-2990-25-0824,Bowen High School,IL,CHICAGO,140882,Bowen High School,CHICAGO,100.0,100.0,True,auto_accept,False
15-016-2990-25-2090,Bradwell Comm Arts & Sci Elem Sch,IL,CHICAGO,140647,Applied Arts Sci Tech Academy,CHICAGO,62.5,43.75,True,reject,False
15-016-2990-25-2093,Brennemann Elem School,IL,CHICAGO,141844,Cove School,NORTHBROOK,70.58823529411765,48.484848484848484,False,reject,False
15-016-2990-25-2094,Brentano Elem Math & Science Acad,IL,CHICAGO,140721,Chicago Math & Science Acad,CHICAGO,84.0,75.0,True,review,True
15-016-2990-25-2244,Bret Harte Elem School,IL,CHICAGO,142812,Bethel Christian School,MATTOON,71.11111111111111,71.11111111111111,False,reject,False
15-016-2990-25-2095,Bridge Elem School,IL,CHICAGO,140945,Leo High School,CHICAGO,72.72727272727272,72.72727272727273,True,reject,False
15-016-2990-25-2096,Bright Elem School,IL,CHICAGO,140945,Leo High School,CHICAGO,78.78787878787878,78.78787878787878,True,reject,False
15-016-2990-25-2870,Brighton Park Elem School,IL,CHICAGO,144118,Tinley Park High School,TINLEY PARK,79.16666666666667,62.5,False,reject,False
15-016-2990-25-2972,Bronzeville Classical Elementary School,IL,CHICAGO,141844,Cove School,NORTHBROOK,70.58823529411765,40.0,False,reject,False
15-016-2990-25-0834,Bronzeville Scholastic HS,IL,CHICAGO,140981,Bronzeville Scholastic Inst,CHICAGO,89.79591836734694,78.68852459016394,True,review,True
15-016-2990-25-0788,Brooks College Prep Academy HS,IL,CHICAGO,140418,Academy High School,CHAMPAIGN,100.0,65.51724137931035,False,review,True
15-016-2990-25-2367,Brown R Elem Community Acad,IL,CHICAGO,141092,Orr Community Academy,CHICAGO,75.0,66.66666666666667,True,reject,False
15-016-2990-25-2098,Brownell Elem School,IL,CHICAGO,141844,Cove School,NORTHBROOK,70.58823529411765,58.06451612903225,False,reject,False
15-016-2990-25-2110,Brunson Math & Sci Specialty Elem,IL,CHICAGO,141367,Perspectives/Iit Math/Sci Acad,CHICAGO,58.46153846153846,49.23076923076923,True,reject,False
15-016-2990-25-2101,Budlong Elem School,IL,CHICAGO,141844,Cove School,NORTHBROOK,70.58823529411765,60.0,False,reject,False
15-016-2990-25-2102,Burbank Elem School,IL,CHICAGO,141844,Cove School,NORTHBROOK,70.58823529411765,53.333333333333336,False,reject,False
15-016-2990-25-2103,Burke Elem School,IL,CHICAGO,141844,Cove School,NORTHBROOK,70.58823529411765,57.14285714285714,False,reject,False
15-016-2990-25-2104,Burley Elem School,IL,CHICAGO,141844,Cove School,NORTHBROOK,70.58823529411765,55.172413793103445,False,reject,False
15-016-2990-25-2105,Burnham Elem Inclusive Academy,IL,CHICAGO,140652,Cs Academy,CHICAGO,82.35294117647058,50.0,True,reject,False
15-016-2990-25-2107,Burnside Elem Scholastic Academy,IL,CHICAGO,140652,Cs Academy,CHICAGO,82.35294117647058,47.61904761904761,True,reject,False
15-016-2990-25-2108,Burr Elem School,IL,CHICAGO,141844,Cove School,NORTHBROOK,70.58823529411765,59.25925925925925,False,reject,False
15-016-2990-25-2109,Burroughs Elem School,IL,CHICAGO,141844,Cove School,NORTHBROOK,70.58823529411765,56.25,False,reject,False
15-016-2990-25-2112,Byrne Elem School,IL,CHICAGO,140460,Byron High School,BYRON,70.58823529411765,70.58823529411764,False,reject,False
15-016-2990-25-2934,Calmeca Acad Elem School,IL,CHICAGO,141844,Cove School,NORTHBROOK,70.58823529411765,51.42857142857142,False,reject,False
15-016-2990-25-2118,Cameron Elem School,IL,CHICAGO,143342,Camelot School,MT PROSPECT,72.72727272727272,72.72727272727273,False,reject,False
15-016-2990-25-2963,Camras Elem School,IL,CHICAGO,143342,Camelot School,MT PROSPECT,75.0,75.0,False,reject,False
15-016-2990-25-2119,Canty Elem School,IL,CHICAGO,140332,Elim Christian School-Day,CRESTWOOD,71.42857142857143,71.42857142857143,False,reject,False
15-016-2990-25-2783,Cardenas Elem School,IL,CHICAGO,140046,Allendale School,LAKE VILLA,72.22222222222223,72.22222222222221,False,reject,False
15-016-2990-25-2120,Carnegie Elem School,IL,CHICAGO,141844,Cove School,NORTHBROOK,70.58823529411765,58.06451612903225,False,reject,False
15-016-2990-25-2122,Carroll Elem School,IL,CHICAGO,143045,Mount Carroll HS,MT. CARROLL,84.84848484848484,78.04878048780488,False,review,True
15-016-2990-25-2876,Carson Elem School,IL,CHICAGO,140124,Chrismont Safe School,NOKOMIS,71.7948717948718,71.7948717948718,False,reject,False
15-016-2990-25-2123,Carter Elem School,IL,CHICAGO,140555,Carterville High School,CARTERVILLE,73.17073170731707,73.17073170731707,False,reject,False
15-016-2990-25-0006,Carver Military Academy HS,IL,CHICAGO,140418,Academy High School,CHAMPAIGN,100.0,70.37037037037037,False,review,True
15-016-2990-25-2372,Carver Primary School,IL,CHICAGO,141844,Cove School,NORTHBROOK,70.58823529411765,62.5,False,reject,False
15-016-2990-25-2862,Casals Elem School,IL,CHICAGO,140046,Allendale School,LAKE VILLA,70.58823529411765,70.58823529411764,False,reject,False
15-016-2990-25-2126,Cassell Elem School,IL,CHICAGO,140046,Allendale School,LAKE VILLA,74.28571428571428,74.28571428571429,False,reject,False
15-016-2990-25-232C,Catalyst Charter - Maria ES,IL,CHICAGO,140654,Catalyst-Maria High School,CHICAGO,71.7948717948718,62.745098039215684,True,reject,False
15-016-2990-25-228C,Catalyst Charter-Circle Rock ES,IL,CHICAGO,140072,Ybmc Charter Sch,NORMAL,60.869565217391305,46.808510638297875,False,reject,False
15-016-2990-25-2127,Cather Elem School,IL,CHICAGO,141844,Cove School,NORTHBROOK,70.58823529411765,62.06896551724138,False,reject,False
15-016-2990-25-2128,Chalmers STEAM Elementary,IL,CHICAGO,140320,Southeast Learning Center,DECATUR,52.0,52.0,False,reject,False
15-016-2990-25-2129,Chappell Elem School,IL,CHICAGO,140046,Allendale School,LAKE VILLA,72.22222222222223,72.22222222222221,False,reject,False
15-016-2990-25-2130,Chase Elem School,IL,CHICAGO,143342,Camelot School,MT PROSPECT,70.96774193548387,70.96774193548387,False,reject,False
15-016-2990-25-2886,Chavez Elem Multicultural Acad Ct,IL,CHICAGO,141409,Multicultural Arts High School,CHICAGO,63.492063492063494,53.968253968253975,True,reject,False
15-016-2990-25-2920,Chicago Academy Elem School,IL,CHICAGO,140661,Chicago Academy High School,CHICAGO,89.79591836734694,85.18518518518519,True,auto_accept,False
15-016-2990-25-0820,Chicago Academy High School,IL,CHICAGO,140418,Academy High School,CHAMPAIGN,100.0,82.6086956521739,False,review,True
15-016-2990-25-236C,Chicago Collegiate Charter School,IL,CHICAGO,144522,Chicago Collegiate Charter Sch,CHICAGO,95.23809523809524,95.23809523809523,True,auto_accept,False
15-016-2990-25-0772,Chicago HS for Agricult Sciences,IL,CHICAGO,140960,Gce Chicago High School,CHICAGO,90.47619047619048,62.5,True,reject,False
15-016-2990-25-0851,Chicago HS for the Arts,IL,CHICAGO,140822,Chicago High School For Arts,CHICAGO,100.0,93.33333333333333,True,auto_accept,False
15-016-2990-25-217C,Chicago Math & Sci Elem Charter,IL,CHICAGO,140264,Iyc Chicago,CHICAGO,77.77777777777777,40.90909090909091,True,reject,False
15-016-2990-25-0795,Chicago Military Academy HS,IL,CHICAGO,140418,Academy High School,CHAMPAIGN,100.0,69.0909090909091,False,review,True
15-016-2990-25-0850,Chicago Technology Academy HS,IL,CHICAGO,140418,Academy High School,CHAMPAIGN,100.0,66.66666666666667,False,review,True
15-016-2990-25-0526,Chicago Vocational Career Acad HS,IL,CHICAGO,140735,Chicago Vocational Career Acad,CHICAGO,100.0,83.33333333333334,True,auto_accept,False
15-016-2990-25-2283,Chicago World Language Academy,IL,CHICAGO,140750,Gems World Academy Chicago,CHICAGO,89.36170212765957,85.71428571428572,True,auto_accept,False
15-016-2990-25-2155,Chopin Elem School,IL,CHICAGO,140945,Leo High School,CHICAGO,72.72727272727272,72.72727272727273,True,reject,False
15-016-2990-25-2904,Christopher Elem School,IL,CHICAGO,141405,Christopher High School,CHRISTOPHER,87.8048780487805,82.6086956521739,False,review,True
15-016-2990-25-235C,Christopher House Chrt ES,IL,CHICAGO,141405,Christopher High School,CHRISTOPHER,70.83333333333333,70.83333333333333,False,reject,False
15-016-2990-25-252C,CICS - Avalon/South Shore,IL,CHICAGO,141286,School of Technology High School - South Shore,CHICAGO,64.70588235294117,47.76119402985075,True,reject,False
15-016-2990-25-277C,CICS - Basil Campus,IL,CHICAGO,141368,Cics Ralph Ellison Campus,CHICAGO,78.57142857142857,52.38095238095239,True,reject,False
15-016-2990-25-280C,CICS - Bond Campus,IL,CHICAGO,141368,Cics Ralph Ellison Campus,CHICAGO,81.48148148148148,53.65853658536586,True,reject,False
15-016-2990-25-246C,CICS - Bucktown Campus,IL,CHICAGO,141368,Cics Ralph Ellison Campus,CHICAGO,70.96774193548387,48.88888888888889,True,reject,False
15-016-2990-25-254C,CICS - Irving Park Campus,IL,CHICAGO,141368,Cics Ralph Ellison Campus,CHICAGO,66.66666666666666,66.66666666666667,True,reject,False
15-016-2990-25-247C,CICS - Longwood Campus,IL,CHICAGO,140630,CICS Longwood High School,CHICAGO,78.78787878787878,57.77777777777777,True,reject,False
15-016-2990-25-255C,CICS - Loomis Primary Campus,IL,CHICAGO,141368,Cics Ralph Ellison Campus,CHICAGO,70.58823529411765,70.58823529411764,True,reject,False
15-016-2990-25-082C,CICS - Northtown  Campus,IL,CHICAGO,141569,Northwest Christian Campus,DECATUR,72.34042553191489,72.34042553191489,False,reject,False
15-016-2990-25-248C,CICS - Prairie Campus,IL,CHICAGO,141368,Cics Ralph Ellison Campus,CHICAGO,73.33333333333333,63.63636363636363,True,reject,False
15-016-2990-25-083C,CICS - Ralph Ellison Campus,IL,CHICAGO,141368,Cics Ralph Ellison Campus,CHICAGO,100.0,100.0,True,auto_accept,False
15-016-2990-25-249C,CICS - Washington Pk Campus,IL,CHICAGO,140118,South Campus,PALATINE,66.66666666666666,48.64864864864865,False,reject,False
15-016-2990-25-251C,CICS - West Belden Campus,IL,CHICAGO,141368,Cics Ralph Ellison Campus,CHICAGO,66.66666666666666,58.33333333333333,True,reject,False
15-016-2990-25-278C,CICS - Wrightwood,IL,CHICAGO,140630,CICS Longwood High School,CHICAGO,60.0,60.0,True,reject,False
15-016-2990-25-2936,Claremont STEM Magnet Elementary School,IL,CHICAGO,141392,Disney II Magnet School,CHICAGO,72.22222222222223,54.83870967741935,True,reject,False
15-016-2990-25-2700,Clark  G R Elem School,IL,CHICAGO,141045,Mount Carmel High School,CHICAGO,71.42857142857143,71.42857142857143,True,reject,False
15-016-2990-25-0827,Clark Acad Prep Magnet High Schl,IL,CHICAGO,140111,Epic Academy Charter High Schl,CHICAGO,70.96774193548387,58.06451612903225,True,reject,False
15-016-2990-25-2132,Clay Elem School,IL,CHICAGO,141430,Clay City High School,CLAY CITY,81.48148148148148,64.86486486486487,False,reject,False
15-016-2990-25-0545,Clemente Community Academy HS,IL,CHICAGO,140418,Academy High School,CHAMPAIGN,100.0,66.66666666666667,False,review,True
15-016-2990-25-2133,Cleveland Elem School,IL,CHICAGO,141844,Cove School,NORTHBROOK,70.58823529411765,62.5,False,reject,False
15-016-2990-25-2134,Clinton Elem School,IL,CHICAGO,141440,Clinton Community High School,CLINTON,84.84848484848484,66.66666666666667,False,review,True
15-016-2990-25-2135,Clissold Elem School,IL,CHICAGO,141844,Cove School,NORTHBROOK,70.58823529411765,64.51612903225806,False,reject,False
15-016-2990-25-2918,Colemon J Elem Academy,IL,CHICAGO,140652,Cs Academy,CHICAGO,82.35294117647058,56.25,True,reject,False
15-016-2990-25-2136,Coles Elem Language Academy,IL,CHICAGO,140652,Cs Academy,CHICAGO,82.35294117647058,54.054054054054056,True,reject,False
15-016-2990-25-0841,Collins Academy STEAM High School,IL,CHICAGO,140418,Academy High School,CHAMPAIGN,100.0,73.07692307692308,False,review,True
15-016-2990-25-2919,Columbia Explorers Elem Academy,IL,CHICAGO,140652,Cs Academy,CHICAGO,82.35294117647058,48.78048780487805,True,reject,False
15-016-2990-25-2139,Cook Elem School,IL,CHICAGO,141844,Cove School,NORTHBROOK,74.07407407407408,74.07407407407408,False,reject,False
15-016-2990-25-2141,Coonley Elem School,IL,CHICAGO,141844,Cove School,NORTHBROOK,70.58823529411765,66.66666666666667,False,reject,False
15-016-2990-25-2142,Cooper Elem Dual Language Academy,IL,CHICAGO,140652,Cs Academy,CHICAGO,82.35294117647058,41.860465116279066,True,reject,False
15-016-2990-25-2145,Corkery Elem School,IL,CHICAGO,141844,Cove School,NORTHBROOK,70.58823529411765,66.66666666666667,False,reject,False
15-016-2990-25-0543,Corliss High School,IL,CHICAGO,140763,Corliss High School,CHICAGO,100.0,100.0,True,auto_accept,False
15-016-2990-25-2921,Courtenay Elem Language Arts Ctr,IL,CHICAGO,140697,World Language Acdmy Scholars,CHICAGO,55.73770491803279,39.34426229508197,True,reject,False
15-016-2990-25-0052,Crane Medical Prep HS,IL,CHICAGO,140945,Leo High School,CHICAGO,84.61538461538461,62.22222222222222,True,reject,False
15-016-2990-25-2147,Crown Elem Comm Acd Fine Arts Ctr,IL,CHICAGO,141602,Science & Arts Academy,DES PLAINES,56.14035087719298,45.614035087719294,False,reject,False
15-016-2990-25-2617,Cuffe Math-Sci Tech Elem Academy,IL,CHICAGO,140652,Cs Academy,CHICAGO,82.35294117647058,47.61904761904761,True,reject,False
15-016-2990-25-2637,Cullen Elem School,IL,CHICAGO,140046,Allendale School,LAKE VILLA,76.47058823529412,76.47058823529412,False,reject,False
15-016-2990-25-0617,Curie Metropolitan High School,IL,CHICAGO,141016,Curie Metropolitan HS,CHICAGO,100.0,100.0,True,auto_accept,False
15-016-2990-25-2799,Curtis Elem School,IL,CHICAGO,141844,Cove School,NORTHBROOK,70.58823529411765,62.06896551724138,False,reject,False
15-016-2990-25-2113,Daisy Bates Academy of Social Justice,IL,CHICAGO,140652,Cs Academy,CHICAGO,82.35294117647058,42.553191489361694,True,reject,False
15-016-2990-25-2837,Daley Elem Academy,IL,CHICAGO,140652,Cs Academy,CHICAGO,82.35294117647058,57.14285714285714,True,reject,False
15-016-2990-25-2148,Darwin Elem School,IL,CHICAGO,141844,Cove School,NORTHBROOK,70.58823529411765,55.172413793103445,False,reject,False
15-016-2990-25-2954,Davis M Magnet Elem School,IL,CHICAGO,141392,Disney II Magnet School,CHICAGO,77.55102040816327,77.55102040816327,True,reject,False
15-016-2990-25-2149,Davis N Elem School,IL,CHICAGO,142594,Lena Baptist School,LENA,73.6842105263158,73.6842105263158,False,reject,False
15-016-2990-25-2150,Dawes Elem School,IL,CHICAGO,140764,The Day School,CHICAGO,70.96774193548387,58.06451612903225,True,reject,False
15-016-2990-25-2825,De Diego Elem Community Academy,IL,CHICAGO,141092,Orr Community Academy,CHICAGO,89.47368421052632,73.07692307692308,True,review,True
15-016-2990-25-2805,Decatur Classical Elem School,IL,CHICAGO,141559,Decatur Christian School,FORSYTH,73.6842105263158,71.69811320754718,False,reject,False
15-016-2990-25-2153,Deneen Elem School,IL,CHICAGO,141844,Cove School,NORTHBROOK,70.58823529411765,55.172413793103445,False,reject,False
15-016-2990-25-2605,Depriest Elem School,IL,CHICAGO,142594,Lena Baptist School,LENA,71.7948717948718,71.7948717948718,False,reject,False
15-016-2990-25-2154,Dett Elem School,IL,CHICAGO,141844,Cove School,NORTHBROOK,70.58823529411765,59.25925925925925,False,reject,False
15-016-2990-25-2158,Dever Elem School,IL,CHICAGO,141844,Cove School,NORTHBROOK,70.58823529411765,64.28571428571428,False,reject,False
15-016-2990-25-0832,Devry Advantage Academy High Schl,IL,CHICAGO,140562,Devry Advantage Academy,CHICAGO,100.0,82.14285714285714,True,auto_accept,False
15-016-2990-25-2159,Dewey Elem Academy of Fine Arts,IL,CHICAGO,140652,Cs Academy,CHICAGO,82.35294117647058,43.90243902439024,True,reject,False
15-016-2990-25-2603,Dirksen Elem School,IL,CHICAGO,141844,Cove School,NORTHBROOK,70.58823529411765,53.333333333333336,False,reject,False
15-016-2990-25-2160,Disney Elem Magnet School,IL,CHICAGO,141392,Disney II Magnet School,CHICAGO,93.02325581395348,87.5,True,auto_accept,False
15-016-2990-25-2949,Disney II Elem School,IL,CHICAGO,141392,Disney II Magnet School,CHICAGO,86.48648648648648,72.72727272727273,True,review,True
15-016-2990-25-0053,Disney II Magnet HS,IL,CHICAGO,141392,Disney II Magnet School,CHICAGO,100.0,90.19607843137256,True,auto_accept,False
15-016-2990-25-2161,Dixon Elem School,IL,CHICAGO,141615,Dixon High School,DIXON,82.75862068965517,76.47058823529412,False,review,True
15-016-2990-25-2167,Dore Elem School,IL,CHICAGO,141844,Cove School,NORTHBROOK,70.58823529411765,66.66666666666667,False,reject,False
15-016-2990-25-0831,Douglass Academy High School,IL,CHICAGO,140418,Academy High School,CHAMPAIGN,100.0,80.85106382978724,False,review,True
15-016-2990-25-2169,Drake Elem School,IL,CHICAGO,140764,The Day School,CHICAGO,70.96774193548387,58.06451612903225,True,reject,False
15-016-2990-25-2172,Drummond Elem School,IL,CHICAGO,141844,Cove School,NORTHBROOK,70.58823529411765,58.06451612903225,False,reject,False
15-016-2990-25-2173,Dubois Elem School,IL,CHICAGO,141844,Cove School,NORTHBROOK,70.58823529411765,62.06896551724138,False,reject,False
15-016-2990-25-2175,Dulles Elem School,IL,CHICAGO,140046,Allendale School,LAKE VILLA,70.58823529411765,70.58823529411764,False,reject,False
15-016-2990-25-0531,Dunbar Vocational Career Acad HS,IL,CHICAGO,140785,Dunbar Vocational Career Acad,CHICAGO,100.0,82.85714285714285,True,auto_accept,False
15-016-2990-25-2177,Dunne Technology Acad Elem Sch,IL,CHICAGO,142680,Lovejoy Technology Academy,LOVEJOY,67.85714285714286,67.85714285714286,False,reject,False
15-016-2990-25-2933,Durkin Park Elem School,IL,CHICAGO,141844,Cove School,NORTHBROOK,70.58823529411765,47.05882352941176,False,reject,False
15-016-2990-25-2179,Dvorak Technology Acad Elem Sch,IL,CHICAGO,141369,School Of Technology,CHICAGO,66.66666666666666,62.745098039215684,True,reject,False
15-016-2990-25-2743,Earhart Elem Opt for Knowl School,IL,CHICAGO,141844,Cove School,NORTHBROOK,70.58823529411765,36.36363636363637,False,reject,False
15-016-2990-25-2180,Earle Elem School,IL,CHICAGO,140046,Allendale School,LAKE VILLA,72.72727272727272,72.72727272727273,False,reject,False
15-016-2990-25-2181,Eberhart Elem School,IL,CHICAGO,141844,Cove School,NORTHBROOK,70.58823529411765,51.61290322580645,False,reject,False
15-016-2990-25-2182,Ebinger Elem School,IL,CHICAGO,140199,Miner School,ARLINGTON HTS,70.96774193548387,70.96774193548387,False,reject,False
15-016-2990-25-2183,Edgebrook Elem School,IL,CHICAGO,141844,Cove School,NORTHBROOK,70.58823529411765,56.25,False,reject,False
15-016-2990-25-2184,Edison Elem Regional Gifted Cntr,IL,CHICAGO,143719,Regional Learning Center,ROCKFORD,64.28571428571428,64.28571428571428,False,reject,False
15-016-2990-25-2953,Edison Park Elem School,IL,CHICAGO,141844,Cove School,NORTHBROOK,70.58823529411765,52.94117647058824,False,reject,False
15-016-2990-25-2185,Edwards Elem School,IL,CHICAGO,140005,Edwards County High School,ALBION,84.84848484848484,66.66666666666667,False,review,True
15-016-2990-25-2187,Ellington Elem School,IL,CHICAGO,140033,Living Free School,CHICAGO,71.7948717948718,71.7948717948718,True,reject,False
15-016-2990-25-0867,Englewood STEM High School,IL,CHICAGO,140364,Englewood Stem High School,CHICAGO,100.0,100.0,True,auto_accept,False
15-016-2990-25-015C,EPIC Academy High School,IL,CHICAGO,140418,Academy High School,CHAMPAIGN,100.0,88.37209302325581,False,auto_accept,False
15-016-2990-25-2190,Ericson Elem Scholastic Academy,IL,CHICAGO,140652,Cs Academy,CHICAGO,82.35294117647058,48.78048780487805,True,reject,False
15-016-2990-25-219C,Erie Elem Charter School,IL,CHICAGO,141835,Erie High School,ERIE,81.48148148148148,60.0,False,reject,False
15-016-2990-25-2191,Esmond Elem School,IL,CHICAGO,141844,Cove School,NORTHBROOK,70.58823529411765,55.172413793103445,False,reject,False
15-016-2990-25-2192,Everett Elem School,IL,CHICAGO,141844,Cove School,NORTHBROOK,70.58823529411765,60.0,False,reject,False
15-016-2990-25-2873,Evergreen Academy Elem School,IL,CHICAGO,140418,Academy High School,CHAMPAIGN,84.84848484848484,66.66666666666667,False,review,True
15-016-2990-25-2193,Evers Elem School,IL,CHICAGO,141844,Cove School,NORTHBROOK,70.58823529411765,64.28571428571428,False,reject,False
15-016-2990-25-2913,Fairfield Elem Academy,IL,CHICAGO,143099,Fairfield Academy,MUNDELEIN,100.0,87.17948717948718,False,auto_accept,False
15-016-2990-25-2194,Falconer Elem School,IL,CHICAGO,141844,Cove School,NORTHBROOK,70.58823529411765,64.51612903225806,False,reject,False
15-016-2990-25-2195,Faraday Elem School,IL,CHICAGO,141844,Cove School,NORTHBROOK,70.58823529411765,53.333333333333336,False,reject,False
15-016-2990-25-2198,Farnsworth Elem School,IL,CHICAGO,141844,Cove School,NORTHBROOK,70.58823529411765,48.484848484848484,False,reject,False
15-016-2990-25-0011,Farragut Career Academy HS,IL,CHICAGO,140418,Academy High School,CHAMPAIGN,100.0,70.37037037037037,False,review,True
15-016-2990-25-0012,Fenger Academy High School,IL,CHICAGO,140418,Academy High School,CHAMPAIGN,100.0,84.44444444444444,False,review,True
15-016-2990-25-2202,Fernwood Elem School,IL,CHICAGO,141810,Elmwood High School,ELMWOOD,71.7948717948718,71.7948717948718,False,reject,False
15-016-2990-25-2203,Field Elem School,IL,CHICAGO,140192,Eugene Field School,NORMAL,83.33333333333333,83.33333333333334,False,review,True
15-016-2990-25-2893,Finkl Elem School,IL,CHICAGO,140192,Eugene Field School,NORMAL,72.22222222222223,72.22222222222221,False,reject,False
15-016-2990-25-2204,Fiske Elem School,IL,CHICAGO,143800,Saint Elmo High School,ST. ELMO,72.22222222222223,66.66666666666667,False,reject,False
15-016-2990-25-0013,Foreman High School,IL,CHICAGO,141925,Flora High School,FLORA,88.88888888888889,88.88888888888889,False,review,True
15-016-2990-25-2206,Fort Dearborn Elem School,IL,CHICAGO,141844,Cove School,NORTHBROOK,70.58823529411765,50.0,False,reject,False
15-016-2990-25-2618,Foster Park Elem School,IL,CHICAGO,141844,Cove School,NORTHBROOK,70.58823529411765,52.94117647058824,False,reject,False
15-016-2990-25-2207,Franklin Elem Fine Arts Center,IL,CHICAGO,141955,Franklin Center HS,FRANKLIN GROVE,71.42857142857143,52.63157894736843,False,reject,False
15-016-2990-25-2945,Frazier Perspectives Magnet ES,IL,CHICAGO,141367,Perspectives/Iit Math/Sci Acad,CHICAGO,63.333333333333336,63.33333333333333,True,reject,False
15-016-2990-25-2210,Fulton Elem School,IL,CHICAGO,141980,Fulton High School,FULTON,83.87096774193549,72.22222222222221,False,review,True
15-016-2990-25-2211,Funston Elem School,IL,CHICAGO,141590,Depue Unit School,DEPUE,72.22222222222223,50.0,False,reject,False
15-016-2990-25-0015,Gage Park High School,IL,CHICAGO,140835,Gage Park High School,CHICAGO,100.0,100.0,True,auto_accept,False
15-016-2990-25-2212,Gale Elem Community Academy,IL,CHICAGO,141092,Orr Community Academy,CHICAGO,89.47368421052632,75.0,True,review,True
15-016-2990-25-2878,Galileo Elem Math & Sci Schol Acd,IL,CHICAGO,140177,Illinois Math & Science Acad,AURORA,67.6923076923077,64.61538461538461,False,reject,False
15-016-2990-25-2213,Gallistel Elem Language Academy,IL,CHICAGO,140652,Cs Academy,CHICAGO,82.35294117647058,43.90243902439024,True,reject,False
15-016-2990-25-2964,Garcia Lorca Elem School,IL,CHICAGO,141844,Cove School,NORTHBROOK,70.58823529411765,51.42857142857142,False,reject,False
15-016-2990-25-2773,Garvey  M Elem School,IL,CHICAGO,141778,Elk Grove High School,ELK GROVE VLG,73.17073170731707,73.17073170731707,False,reject,False
15-016-2990-25-2214,Garvy  J Elem School,IL,CHICAGO,141844,Cove School,NORTHBROOK,70.58823529411765,53.333333333333336,False,reject,False
15-016-2990-25-2215,Gary Elem School,IL,CHICAGO,140448,Bennett Day School,CHICAGO,70.58823529411765,70.58823529411764,True,reject,False
15-016-2990-25-2236,Gillespie Elem School,IL,CHICAGO,142045,Gillespie High School,GILLESPIE,86.48648648648648,76.19047619047619,False,review,True
15-016-2990-25-2220,Goethe Elem School,IL,CHICAGO,141778,Elk Grove High School,ELK GROVE VLG,71.7948717948718,71.7948717948718,False,reject,False
15-016-2990-25-0861,Goode STEM Academy HS,IL,CHICAGO,140418,Academy High School,CHAMPAIGN,100.0,77.55102040816327,False,review,True
15-016-2990-25-2223,Goudy Technology Academy,IL,CHICAGO,142680,Lovejoy Technology Academy,LOVEJOY,85.71428571428571,84.0,False,review,True
15-016-2990-25-2224,Graham  A Elem School,IL,CHICAGO,140296,Ray Graham Training Center HS,CHICAGO,78.78787878787878,55.172413793103445,True,reject,False
15-016-2990-25-2226,Gray Elem School,IL,CHICAGO,140448,Bennett Day School,CHICAGO,70.58823529411765,70.58823529411764,True,reject,False
15-016-2990-25-241C,Great Lakes Academy Charter ES,IL,CHICAGO,140652,Cs Academy,CHICAGO,82.35294117647058,50.0,True,reject,False
15-016-2990-25-2227,Greeley Elem School,IL,CHICAGO,141844,Cove School,NORTHBROOK,70.58823529411765,53.333333333333336,False,reject,False
15-016-2990-25-2048,Green  W Elem School,IL,CHICAGO,141844,Cove School,NORTHBROOK,70.58823529411765,53.333333333333336,False,reject,False
15-016-2990-25-2229,Greene N Elem School,IL,CHICAGO,144390,North Greene Jr/Sr High School,WHITE HALL,78.78787878787878,60.0,False,reject,False
15-016-2990-25-2230,Gregory Math & Sci Elem Academy,IL,CHICAGO,140652,Cs Academy,CHICAGO,82.35294117647058,41.860465116279066,True,reject,False
15-016-2990-25-2231,Gresham Elem School,IL,CHICAGO,141844,Cove School,NORTHBROOK,70.58823529411765,53.333333333333336,False,reject,False
15-016-2990-25-2232,Grimes Elem School,IL,CHICAGO,141844,Cove School,NORTHBROOK,70.58823529411765,55.172413793103445,False,reject,False
15-016-2990-25-2622,Grissom Elem School,IL,CHICAGO,141844,Cove School,NORTHBROOK,70.58823529411765,53.333333333333336,False,reject,False
15-016-2990-25-2811,Gunsaulus Elem Scholastic Academy,IL,CHICAGO,140652,Cs Academy,CHICAGO,82.35294117647058,46.51162790697675,True,reject,False
15-016-2990-25-2235,Haines Elem School,IL,CHICAGO,143800,Saint Elmo High School,ST. ELMO,75.67567567567568,70.27027027027026,False,reject,False
15-016-2990-25-2239,Hale Elem School,IL,CHICAGO,140046,Allendale School,LAKE VILLA,75.0,75.0,False,reject,False
15-016-2990-25-2092,Haley Elem Academy,IL,CHICAGO,140652,Cs Academy,CHICAGO,82.35294117647058,57.14285714285714,True,reject,False
15-016-2990-25-2240,Hamilton Elem School,IL,CHICAGO,142180,Hamilton High School,HAMILTON,85.71428571428571,75.0,False,review,True
15-016-2990-25-2241,Hamline Elem School,IL,CHICAGO,140199,Miner School,ARLINGTON HTS,70.96774193548387,70.96774193548387,False,reject,False
15-016-2990-25-2242,Hammond Elem School,IL,CHICAGO,140155,Atwood Hammond HS,ATWOOD,84.84848484848484,66.66666666666667,False,review,True
15-016-2990-25-2916,Hampton Elem Fine & Perf Arts Sch,IL,CHICAGO,140846,Joshua Johnston Fine Arts/Des,CHICAGO,62.5,59.375,True,reject,False
15-016-2990-25-0779,Hancock College Preparatory HS,IL,CHICAGO,140899,John Hancock High School,CHICAGO,88.37209302325581,66.66666666666667,True,review,True
15-016-2990-25-2726,Hanson Park Elem School,IL,CHICAGO,141815,Elmwood Park High School,ELMWOOD PARK,72.34042553191489,72.34042553191489,False,reject,False
15-016-2990-25-0016,Harlan Community Academy HS,IL,CHICAGO,140418,Academy High School,CHAMPAIGN,100.0,69.0909090909091,False,review,True
15-016-2990-25-2052,Harriet Tubman Elem School,IL,CHICAGO,141844,Cove School,NORTHBROOK,70.58823529411765,43.24324324324324,False,reject,False
15-016-2990-25-2246,Harvard Elem School,IL,CHICAGO,142210,Harvard Community High School,HARVARD,84.84848484848484,66.66666666666667,False,review,True
15-016-2990-25-2247,Haugan Elem School,IL,CHICAGO,141844,Cove School,NORTHBROOK,70.58823529411765,55.172413793103445,False,reject,False
15-016-2990-25-2249,Hawthorne Elem Scholastic Academy,IL,CHICAGO,140652,Cs Academy,CHICAGO,82.35294117647058,46.51162790697675,True,reject,False
15-016-2990-25-2636,Hay Elem Community Academy,IL,CHICAGO,141092,Orr Community Academy,CHICAGO,89.47368421052632,76.59574468085107,True,review,True
15-016-2990-25-2252,Hayt Elem School,IL,CHICAGO,143800,Saint Elmo High School,ST. ELMO,74.28571428571428,68.57142857142857,False,reject,False
15-016-2990-25-2254,Healy Elem School,IL,CHICAGO,141844,Cove School,NORTHBROOK,70.58823529411765,57.14285714285714,False,reject,False
15-016-2990-25-2255,Hearst Elem School,IL,CHICAGO,143800,Saint Elmo High School,ST. ELMO,75.67567567567568,64.86486486486487,False,reject,False
15-016-2990-25-2256,Hedges Elem School,IL,CHICAGO,143800,Saint Elmo High School,ST. ELMO,75.67567567567568,70.27027027027026,False,reject,False
15-016-2990-25-2257,Hefferan Elem School,IL,CHICAGO,141844,Cove School,NORTHBROOK,70.58823529411765,51.61290322580645,False,reject,False
15-016-2990-25-2258,Henderson Elem School,IL,CHICAGO,141844,Cove School,NORTHBROOK,70.58823529411765,50.0,False,reject,False
15-016-2990-25-2259,Hendricks Elem Community Academy,IL,CHICAGO,141092,Orr Community Academy,CHICAGO,89.47368421052632,71.69811320754718,True,review,True
15-016-2990-25-2260,Henry Elem School,IL,CHICAGO,142240,Henry-Senachwine High School,HENRY,82.75862068965517,53.333333333333336,False,reject,False
15-016-2990-25-2597,Hernandez Middle School,IL,CHICAGO,140108,Middle Fork School,DANVILLE,83.87096774193549,73.17073170731707,False,review,True
15-016-2990-25-2263,Herzl Elem School,IL,CHICAGO,141844,Cove School,NORTHBROOK,70.58823529411765,57.14285714285714,False,reject,False
15-016-2990-25-2265,Hibbard Elem School,IL,CHICAGO,140877,Hubbard High School,CHICAGO,73.6842105263158,73.6842105263158,True,reject,False
15-016-2990-25-2266,Higgins Elem Community Academy,IL,CHICAGO,141092,Orr Community Academy,CHICAGO,89.47368421052632,70.58823529411764,True,review,True
15-016-2990-25-0019,Hirsch Metropolitan High School,IL,CHICAGO,141016,Curie Metropolitan HS,CHICAGO,88.88888888888889,81.9672131147541,True,auto_accept,False
15-016-2990-25-2268,Hitch Elem School,IL,CHICAGO,141835,Erie High School,ERIE,78.78787878787878,78.78787878787878,False,reject,False
15-016-2990-25-2269,Holden Elem School,IL,CHICAGO,141844,Cove School,NORTHBROOK,70.58823529411765,62.06896551724138,False,reject,False
15-016-2990-25-2270,Holmes Elem School,IL,CHICAGO,141844,Cove School,NORTHBROOK,70.58823529411765,62.06896551724138,False,reject,False
15-016-2990-25-240C,Horizon Sci Academy - Southwest Charter,IL,CHICAGO,140652,Cs Academy,CHICAGO,82.35294117647058,42.553191489361694,True,reject,False
15-016-2990-25-2273,Howe Elem School,IL,CHICAGO,141844,Cove School,NORTHBROOK,70.58823529411765,66.66666666666667,False,reject,False
15-016-2990-25-2275,Hoyne Elem School,IL,CHICAGO,141844,Cove School,NORTHBROOK,70.58823529411765,64.28571428571428,False,reject,False
15-016-2990-25-0020,Hubbard High School,IL,CHICAGO,140877,Hubbard High School,CHICAGO,100.0,100.0,True,auto_accept,False
15-016-2990-25-2276,Hughes  C Elem School,IL,CHICAGO,143800,Saint Elmo High School,ST. ELMO,76.92307692307692,71.7948717948718,False,reject,False
15-016-2990-25-2620,Hughes L Elem School,IL,CHICAGO,143800,Saint Elmo High School,ST. ELMO,76.92307692307692,71.7948717948718,False,reject,False
15-016-2990-25-2280,Hurley Elem School,IL,CHICAGO,141844,Cove School,NORTHBROOK,70.58823529411765,55.172413793103445,False,reject,False
15-016-2990-25-0021,Hyde Park Academy High School,IL,CHICAGO,140418,Academy High School,CHAMPAIGN,100.0,79.16666666666666,False,review,True
15-016-2990-25-012C,IHSCA Charter High School,IL,CHICAGO,140648,Ace Tech Charter HS,CHICAGO,86.36363636363636,71.69811320754718,True,review,True
15-016-2990-25-020C,IJLA Charter High School,IL,CHICAGO,140648,Ace Tech Charter HS,CHICAGO,88.37209302325581,73.07692307692308,True,review,True
15-016-2990-25-0837,Infinity Math  Science & Tech HS,IL,CHICAGO,141141,Infinity,CHICAGO,100.0,31.999999999999996,True,reject,False
15-016-2990-25-2358,Inter-American Elem Magnet School,IL,CHICAGO,140650,American School,LANSING,100.0,62.5,False,reject,False
15-016-2990-25-022C,Intrinsic Charter High School,IL,CHICAGO,140984,Intrinsic School,CHICAGO,100.0,71.11111111111111,True,review,True
15-016-2990-25-2281,Irving Elem School,IL,CHICAGO,140033,Living Free School,CHICAGO,83.33333333333333,83.33333333333334,True,review,True
15-016-2990-25-2046,Jackson M Elem School,IL,CHICAGO,141844,Cove School,NORTHBROOK,70.58823529411765,56.25,False,reject,False
15-016-2990-25-2284,Jahn Elem School,IL,CHICAGO,141844,Cove School,NORTHBROOK,70.58823529411765,59.25925925925925,False,reject,False
15-016-2990-25-2209,James Farmer Jr. Elementary,IL,CHICAGO,144273,Carmel Montessori Academy,WARRENVILLE,50.98039215686274,50.98039215686274,False,reject,False
15-016-2990-25-2937,James R Doolittle Academy,IL,CHICAGO,140652,Cs Academy,CHICAGO,82.35294117647058,51.42857142857142,True,reject,False
15-016-2990-25-2285,Jamieson Elem School,IL,CHICAGO,141844,Cove School,NORTHBROOK,70.58823529411765,51.61290322580645,False,reject,False
15-016-2990-25-2288,Jensen Elem Scholastic Academy,IL,CHICAGO,140652,Cs Academy,CHICAGO,82.35294117647058,50.0,True,reject,False
15-016-2990-25-2402,John J Pershing STEAM Magnet Elementary,IL,CHICAGO,1756,St. Francis Medical Center Col Nursing,PEORIA,50.0,50.0,False,reject,False
15-016-2990-25-2290,Johnson STEAM Elementary,IL,CHICAGO,140129,Mades-Johnstone Center,ST CHARLES,60.869565217391305,60.86956521739131,False,reject,False
15-016-2990-25-0533,Jones College Prep High School,IL,CHICAGO,140905,Jones College Prep,CHICAGO,100.0,75.0,True,review,True
15-016-2990-25-2775,Joplin Elem School,IL,CHICAGO,140033,Living Free School,CHICAGO,72.22222222222223,72.22222222222221,True,reject,False
15-016-2990-25-2889,Jordan Elem Community School,IL,CHICAGO,141091,Uplift Community School,CHICAGO,82.05128205128204,62.745098039215684,True,reject,False
15-016-2990-25-2292,Joseph Jungman STEM Magnet Elementary School,IL,CHICAGO,144348,Saint Joseph High School,WESTCHESTER,76.47058823529412,52.3076923076923,False,reject,False
15-016-2990-25-0767,Juarez Community Academy HS,IL,CHICAGO,140418,Academy High School,CHAMPAIGN,100.0,69.0909090909091,False,review,True
15-016-2990-25-0763,Julian High School,IL,CHICAGO,141073,Percy L Julian High School,CHICAGO,100.0,81.81818181818181,True,auto_accept,False
15-016-2990-25-2806,Kanoon Elem Magnet School,IL,CHICAGO,141392,Disney II Magnet School,CHICAGO,72.22222222222223,66.66666666666667,True,reject,False
15-016-2990-25-2739,Keller Elem Gifted Magnet School,IL,CHICAGO,141392,Disney II Magnet School,CHICAGO,72.22222222222223,61.81818181818181,True,reject,False
15-016-2990-25-2892,Kellman Corporate Community Elem,IL,CHICAGO,1203,Elgin Community College,ELGIN,65.45454545454545,47.27272727272728,False,reject,False
15-016-2990-25-2293,Kellogg Elem School,IL,CHICAGO,141844,Cove School,NORTHBROOK,70.58823529411765,53.333333333333336,False,reject,False
15-016-2990-25-0023,Kelvyn Park High School,IL,CHICAGO,140920,Kelvyn Park High School,CHICAGO,100.0,100.0,True,auto_accept,False
15-016-2990-25-0024,Kennedy High School,IL,CHICAGO,140897,John F Kennedy High School,CHICAGO,100.0,84.44444444444444,True,auto_accept,False
15-016-2990-25-0025,Kenwood Academy High School,IL,CHICAGO,140418,Academy High School,CHAMPAIGN,100.0,82.6086956521739,False,review,True
15-016-2990-25-2294,Kershaw Elem School,IL,CHICAGO,141844,Cove School,NORTHBROOK,70.58823529411765,53.333333333333336,False,reject,False
15-016-2990-25-2296,Kilmer Elem School,IL,CHICAGO,140199,Miner School,ARLINGTON HTS,73.33333333333333,73.33333333333334,False,reject,False
15-016-2990-25-2267,King Academy of Social Justice,IL,CHICAGO,140652,Cs Academy,CHICAGO,82.35294117647058,50.0,True,reject,False
15-016-2990-25-0039,King College Prep High School,IL,CHICAGO,140825,King College Prep,CHICAGO,100.0,73.91304347826086,True,review,True
15-016-2990-25-2299,Kinzie Elem School,IL,CHICAGO,140199,Miner School,ARLINGTON HTS,73.33333333333333,73.33333333333334,False,reject,False
15-016-2990-25-2300,Kipling Elem School,IL,CHICAGO,140033,Living Free School,CHICAGO,75.67567567567568,75.67567567567568,True,reject,False
15-016-2990-25-101C,KIPP Academy Chicago Campus,IL,CHICAGO,141008,Chicago Hope Academy,CHICAGO,85.71428571428571,72.34042553191489,True,review,True
15-016-2990-25-245C,KIPP Chicago Charter School - KIPP One Academy,IL,CHICAGO,140661,Chicago Academy High School,CHICAGO,89.79591836734694,67.6056338028169,True,review,True
15-016-2990-25-282C,KIPP Chicago Charters - Ascend Academy,IL,CHICAGO,141008,Chicago Hope Academy,CHICAGO,85.71428571428571,60.71428571428572,True,reject,False
15-016-2990-25-103C,KIPP Chicago Charters - Bloom Campus,IL,CHICAGO,140264,Iyc Chicago,CHICAGO,77.77777777777777,40.0,True,reject,False
15-016-2990-25-2304,Kozminski Elem Community Academy,IL,CHICAGO,141092,Orr Community Academy,CHICAGO,89.47368421052632,71.69811320754718,True,review,True
15-016-2990-25-0026,Lake View High School,IL,CHICAGO,140925,Lake View Evening High School,CHICAGO,100.0,84.0,True,auto_accept,False
15-016-2990-25-0027,Lane Technical High School,IL,CHICAGO,140640,Lane Technical High School,CHICAGO,100.0,100.0,True,auto_accept,False
15-016-2990-25-2704,Langford A Elem School,IL,CHICAGO,141844,Cove School,NORTHBROOK,70.58823529411765,48.484848484848484,False,reject,False
15-016-2990-25-2900,Lara Elem Academy,IL,CHICAGO,140652,Cs Academy,CHICAGO,82.35294117647058,59.25925925925925,True,reject,False
15-016-2990-25-2306,LaSalle Elem Language Academy,IL,CHICAGO,140652,Cs Academy,CHICAGO,82.35294117647058,46.15384615384615,True,reject,False
15-016-2990-25-2955,LaSalle II Lang Acad Elem Sch,IL,CHICAGO,140094,Christian Liberty Academy Satellite School,ARLINGTON HTS,61.971830985915496,61.9718309859155,False,reject,False
15-016-2990-25-2492,Lavizzo Elem School,IL,CHICAGO,141844,Cove School,NORTHBROOK,70.58823529411765,53.333333333333336,False,reject,False
15-016-2990-25-2309,Lawndale Elem Community Academy,IL,CHICAGO,141092,Orr Community Academy,CHICAGO,89.47368421052632,69.23076923076923,True,review,True
15-016-2990-25-272C,LEARN Charter Excel Campus,IL,CHICAGO,143731,Legacy Acad Excellence Charter,ROCKFORD,71.42857142857143,71.42857142857143,False,reject,False
15-016-2990-25-275C,LEARN Chtr -  Hunter Perkins Campus,IL,CHICAGO,140118,South Campus,PALATINE,66.66666666666666,40.90909090909091,False,reject,False
15-016-2990-25-276C,LEARN Chtr - 7th Campus,IL,CHICAGO,140118,South Campus,PALATINE,66.66666666666666,48.484848484848484,False,reject,False
15-016-2990-25-283C,LEARN Chtr - Butler,IL,CHICAGO,140637,Butler College Prep,CHICAGO,61.111111111111114,61.111111111111114,True,reject,False
15-016-2990-25-109C,LEARN Chtr - Middle School,IL,CHICAGO,140108,Middle Fork School,DANVILLE,83.87096774193549,71.42857142857143,False,review,True
15-016-2990-25-274C,LEARN Chtr - South Chicago Campus,IL,CHICAGO,140118,South Campus,PALATINE,100.0,55.81395348837209,False,reject,False
15-016-2990-25-273C,LEARN Chtr-Campbell Campus,IL,CHICAGO,140118,South Campus,PALATINE,66.66666666666666,42.10526315789473,False,reject,False
15-016-2990-25-2703,Lee Elem School,IL,CHICAGO,140046,Allendale School,LAKE VILLA,70.96774193548387,70.96774193548387,False,reject,False
15-016-2990-25-221C,Legacy Elem Charter School,IL,CHICAGO,140626,Amandla Charter School,CHICAGO,77.77777777777777,58.33333333333333,True,reject,False
15-016-2990-25-019C,Legal Prep Academy Charter HS,IL,CHICAGO,140418,Academy High School,CHAMPAIGN,100.0,66.66666666666667,False,review,True
15-016-2990-25-2714,Leland Elem School,IL,CHICAGO,142580,Leland High School,LELAND,83.87096774193549,77.77777777777779,False,review,True
15-016-2990-25-2856,Lenart Elem Regional Gifted Ctr,IL,CHICAGO,143719,Regional Learning Center,ROCKFORD,65.45454545454545,65.45454545454545,False,reject,False
15-016-2990-25-2311,Lewis Elem School,IL,CHICAGO,143800,Saint Elmo High School,ST. ELMO,72.22222222222223,66.66666666666667,False,reject,False
15-016-2990-25-2313,Libby Elem School,IL,CHICAGO,141844,Cove School,NORTHBROOK,70.58823529411765,57.14285714285714,False,reject,False
15-016-2990-25-2314,Lincoln Elem School,IL,CHICAGO,142625,Lincoln Community High School,LINCOLN,84.84848484848484,66.66666666666667,False,review,True
15-016-2990-25-0047,Lincoln Park High School,IL,CHICAGO,141100,Lincoln Park High School,CHICAGO,100.0,100.0,True,auto_accept,False
15-016-2990-25-0833,Lindblom Math & Science Acad HS,IL,CHICAGO,141122,Lindblom Math And Science Acad,CHICAGO,100.0,83.33333333333334,True,auto_accept,False
15-016-2990-25-2315,Linne Elem School,IL,CHICAGO,140199,Miner School,ARLINGTON HTS,75.86206896551724,75.86206896551724,False,reject,False
15-016-2990-25-2896,Little Village Elem School,IL,CHICAGO,141844,Cove School,NORTHBROOK,70.58823529411765,43.24324324324324,False,reject,False
15-016-2990-25-2316,Lloyd Elem School,IL,CHICAGO,143708,Mill School,ROCKFORD,71.42857142857143,71.42857142857143,False,reject,False
15-016-2990-25-2317,Locke  J Elem School,IL,CHICAGO,141844,Cove School,NORTHBROOK,70.58823529411765,60.0,False,reject,False
15-016-2990-25-206C,Locke A Elem Charter Academy,IL,CHICAGO,140652,Cs Academy,CHICAGO,82.35294117647058,47.36842105263158,True,reject,False
15-016-2990-25-2355,Logan Square Elementary,IL,CHICAGO,141040,Morgan Park Academy,CHICAGO,52.38095238095238,52.38095238095239,True,reject,False
15-016-2990-25-2319,Lovett Elem School,IL,CHICAGO,141844,Cove School,NORTHBROOK,70.58823529411765,68.96551724137932,False,reject,False
15-016-2990-25-2321,Lowell Elem School,IL,CHICAGO,141844,Cove School,NORTHBROOK,70.58823529411765,62.06896551724138,False,reject,False
15-016-2990-25-2303,Lozano Elem Bilingual & Intl Ctr,IL,CHICAGO,140521,Roe Adult Learning Center,CARLINVILLE,50.847457627118644,50.847457627118644,False,reject,False
15-016-2990-25-2323,Lyon Elem School,IL,CHICAGO,141844,Cove School,NORTHBROOK,70.58823529411765,59.25925925925925,False,reject,False
15-016-2990-25-2838,Madero Middle School,IL,CHICAGO,140108,Middle Fork School,DANVILLE,83.87096774193549,78.94736842105263,False,review,True
15-016-2990-25-2324,Madison Elem School,IL,CHICAGO,142715,Madison Senior High School,MADISON,84.84848484848484,66.66666666666667,False,review,True
15-016-2990-25-2326,Manierre Elem School,IL,CHICAGO,141844,Cove School,NORTHBROOK,70.58823529411765,51.61290322580645,False,reject,False
15-016-2990-25-0616,Manley Career Academy High School,IL,CHICAGO,140418,Academy High School,CHAMPAIGN,100.0,73.07692307692308,False,review,True
15-016-2990-25-2328,Mann Elem School,IL,CHICAGO,141844,Cove School,NORTHBROOK,70.58823529411765,59.25925925925925,False,reject,False
15-016-2990-25-2829,Maria Saucedo STEAM Magnet Academy,IL,CHICAGO,140652,Cs Academy,CHICAGO,82.35294117647058,45.45454545454546,True,reject,False
15-016-2990-25-2912,Marine Leadership Academy - Ames,IL,CHICAGO,140704,Marine Leadership Academy,CHICAGO,100.0,90.9090909090909,True,auto_accept,False
15-016-2990-25-2330,Marquette Elem School,IL,CHICAGO,140035,Marquette Catholic High School,ALTON,86.48648648648648,70.58823529411764,False,review,True
15-016-2990-25-2331,Marsh Elem School,IL,CHICAGO,141844,Cove School,NORTHBROOK,70.58823529411765,57.14285714285714,False,reject,False
15-016-2990-25-0029,Marshall Metropolitan High School,IL,CHICAGO,141016,Curie Metropolitan HS,CHICAGO,88.88888888888889,76.19047619047619,True,review,True
15-016-2990-25-2334,Mason Elem School,IL,CHICAGO,U27221,Mason High School,CHICAGO,82.75862068965517,76.47058823529412,True,review,True
15-016-2990-25-0030,Mather High School,IL,CHICAGO,141307,Stephen T Mather High School,CHICAGO,100.0,78.26086956521739,True,review,True
15-016-2990-25-2337,Mayer Elem School,IL,CHICAGO,141844,Cove School,NORTHBROOK,70.58823529411765,57.14285714285714,False,reject,False
15-016-2990-25-2802,Mays Elem Academy,IL,CHICAGO,140957,Benjamin E Mays Academy,CHICAGO,82.75862068965517,75.0,True,review,True
15-016-2990-25-2877,McAuliffe Elem School,IL,CHICAGO,141844,Cove School,NORTHBROOK,70.58823529411765,56.25,False,reject,False
15-016-2990-25-2341,McCormick Elem School,IL,CHICAGO,141844,Cove School,NORTHBROOK,70.58823529411765,56.25,False,reject,False
15-016-2990-25-2344,McCutcheon Elem School,IL,CHICAGO,141844,Cove School,NORTHBROOK,70.58823529411765,54.54545454545454,False,reject,False
15-016-2990-25-2345,McDade Elem Classical School,IL,CHICAGO,141844,Cove School,NORTHBROOK,70.58823529411765,46.15384615384615,False,reject,False
15-016-2990-25-2737,McDowell Elem School,IL,CHICAGO,141844,Cove School,NORTHBROOK,70.58823529411765,64.51612903225806,False,reject,False
15-016-2990-25-2346,McKay Elem School,IL,CHICAGO,141844,Cove School,NORTHBROOK,70.58823529411765,57.14285714285714,False,reject,False
15-016-2990-25-2634,McNair Elem School,IL,CHICAGO,141844,Cove School,NORTHBROOK,70.58823529411765,55.172413793103445,False,reject,False
15-016-2990-25-2349,McPherson Elem School,IL,CHICAGO,141844,Cove School,NORTHBROOK,70.58823529411765,56.25,False,reject,False
15-016-2990-25-2352,Melody Elem School,IL,CHICAGO,141844,Cove School,NORTHBROOK,70.58823529411765,55.172413793103445,False,reject,False
15-016-2990-25-2804,Metcalfe Elem Community Academy,IL,CHICAGO,141092,Orr Community Academy,CHICAGO,89.47368421052632,69.23076923076923,True,review,True
15-016-2990-25-2339,Minnie Minoso Academy,IL,CHICAGO,140652,Cs Academy,CHICAGO,82.35294117647058,58.06451612903225,True,reject,False
15-016-2990-25-2452,Mireles Elem Academy,IL,CHICAGO,140652,Cs Academy,CHICAGO,82.35294117647058,60.0,True,reject,False
15-016-2990-25-2353,Mitchell Elem School,IL,CHICAGO,143708,Mill School,ROCKFORD,70.96774193548387,70.96774193548387,False,reject,False
15-016-2990-25-2354,Mollison Elem School,IL,CHICAGO,141844,Cove School,NORTHBROOK,70.58823529411765,51.61290322580645,False,reject,False
15-016-2990-25-2488,Monarcas Academy,IL,CHICAGO,140086,Onarga Academy,ONARGA,86.66666666666667,86.66666666666667,False,review,True
15-016-2990-25-233C,Montessori of Englewood Chtr ES,IL,CHICAGO,141220,Excel Academy Of Englewood,CHICAGO,63.1578947368421,59.64912280701755,True,reject,False
15-016-2990-25-2356,Moos Elem School,IL,CHICAGO,141844,Cove School,NORTHBROOK,70.58823529411765,59.25925925925925,False,reject,False
15-016-2990-25-0031,Morgan Park High School,IL,CHICAGO,141035,Morgan Park High School,CHICAGO,100.0,100.0,True,auto_accept,False
15-016-2990-25-2357,Morrill Elem Math & Sci School,IL,CHICAGO,141844,Cove School,NORTHBROOK,70.58823529411765,37.2093023255814,False,reject,False
15-016-2990-25-2844,Morton Elem Career Academy,IL,CHICAGO,140652,Cs Academy,CHICAGO,82.35294117647058,50.0,True,reject,False
15-016-2990-25-2089,Mosaic School of Fine Arts,IL,CHICAGO,141844,Cove School,NORTHBROOK,70.58823529411765,48.64864864864865,False,reject,False
15-016-2990-25-2361,Mount Greenwood Elem School,IL,CHICAGO,141844,Cove School,NORTHBROOK,70.58823529411765,45.714285714285715,False,reject,False
15-016-2990-25-2362,Mount Vernon Elem School,IL,CHICAGO,143082,Mount Vernon Christian School,MOUNT VERNON,86.48648648648648,72.34042553191489,False,review,True
15-016-2990-25-244C,Moving Everest Charter School,IL,CHICAGO,140626,Amandla Charter School,CHICAGO,77.77777777777777,54.90196078431373,True,reject,False
15-016-2990-25-2363,Mozart Elem School,IL,CHICAGO,141844,Cove School,NORTHBROOK,70.58823529411765,55.172413793103445,False,reject,False
15-016-2990-25-0836,Multicultural Arts High School,IL,CHICAGO,141409,Multicultural Arts High School,CHICAGO,100.0,100.0,True,auto_accept,False
15-016-2990-25-2365,Murphy Elem School,IL,CHICAGO,141844,Cove School,NORTHBROOK,70.58823529411765,55.172413793103445,False,reject,False
15-016-2990-25-2366,Murray Elem Language Academy,IL,CHICAGO,140652,Cs Academy,CHICAGO,82.35294117647058,42.10526315789473,True,reject,False
15-016-2990-25-218C,Namaste Elem Charter School,IL,CHICAGO,140626,Amandla Charter School,CHICAGO,77.77777777777777,57.14285714285714,True,reject,False
15-016-2990-25-2368,Nash Elem School,IL,CHICAGO,141844,Cove School,NORTHBROOK,70.58823529411765,59.25925925925925,False,reject,False
15-016-2990-25-2924,National Teachers Elem Academy,IL,CHICAGO,140652,Cs Academy,CHICAGO,82.35294117647058,50.0,True,reject,False
15-016-2990-25-2369,Neil Elem School,IL,CHICAGO,140192,Eugene Field School,NORMAL,74.28571428571428,74.28571428571429,False,reject,False
15-016-2990-25-2370,Nettelhorst Elem School,IL,CHICAGO,141844,Cove School,NORTHBROOK,70.58823529411765,47.05882352941176,False,reject,False
15-016-2990-25-2930,New Field Elem School,IL,CHICAGO,140192,Eugene Field School,NORMAL,85.0,75.0,False,review,True
15-016-2990-25-2371,Newberry Elem Math & Science Acad,IL,CHICAGO,140721,Chicago Math & Science Acad,CHICAGO,84.0,68.75,True,review,True
15-016-2990-25-2072,Nicholson Technology Acad Elem Sch,IL,CHICAGO,142680,Lovejoy Technology Academy,LOVEJOY,66.66666666666666,66.66666666666667,False,reject,False
15-016-2990-25-2373,Nightingale Elem School,IL,CHICAGO,143800,Saint Elmo High School,ST. ELMO,71.42857142857143,66.66666666666667,False,reject,False
15-016-2990-25-2823,Ninos Heroes Elem Academic Ctr,IL,CHICAGO,143938,Academic Center,CHICAGO,69.56521739130434,57.77777777777777,True,reject,False
15-016-2990-25-2374,Nixon Elem School,IL,CHICAGO,141844,Cove School,NORTHBROOK,70.58823529411765,57.14285714285714,False,reject,False
15-016-2990-25-2375,Nobel Elem School,IL,CHICAGO,141844,Cove School,NORTHBROOK,70.58823529411765,64.28571428571428,False,reject,False
15-016-2990-25-044C,Noble St Chtr - Mansueto,IL,CHICAGO,140220,Noble Street Charter Schools,CHICAGO,64.0,52.0,True,reject,False
15-016-2990-25-029C,Noble St Chtr Rauner College Prep,IL,CHICAGO,140709,Rauner College Prep,CHICAGO,100.0,73.07692307692308,True,review,True
15-016-2990-25-040C,Noble St Chtr-Baker Campus,IL,CHICAGO,140118,South Campus,PALATINE,66.66666666666666,47.36842105263158,False,reject,False
15-016-2990-25-039C,Noble St Chtr-Butler College Prep - Crimson,IL,CHICAGO,140637,Butler College Prep,CHICAGO,100.0,63.33333333333333,True,reject,False
15-016-2990-25-034C,Noble St Chtr-Chicago Bulls Prep,IL,CHICAGO,140693,Chicago Bulls College Prep,CHICAGO,81.81818181818181,79.3103448275862,True,review,True
15-016-2990-25-032C,Noble St Chtr-Comer College Prep,IL,CHICAGO,141347,Gary Comer College Prep,CHICAGO,87.8048780487805,69.0909090909091,True,review,True
15-016-2990-25-038C,Noble St Chtr-DRW Trading College Prep,IL,CHICAGO,141104,Drw Trading College Prep,CHICAGO,100.0,77.41935483870968,True,review,True
15-016-2990-25-031C,Noble St Chtr-Golder College Prep,IL,CHICAGO,141143,Noble Golder College Prep,CHICAGO,100.0,86.20689655172413,True,auto_accept,False
15-016-2990-25-037C,Noble St Chtr-Hansberry College Prep - Silver,IL,CHICAGO,141103,Hansberry College Prep,CHICAGO,100.0,67.6923076923077,True,review,True
15-016-2990-25-042C,Noble St Chtr-ITW Speer Acad,IL,CHICAGO,140991,Itw David Speer Academy,CHICAGO,62.745098039215684,58.82352941176471,True,reject,False
15-016-2990-25-036C,Noble St Chtr-Johnson College Prep,IL,CHICAGO,140827,Johnson College Prep,CHICAGO,100.0,74.07407407407408,True,review,True
15-016-2990-25-035C,Noble St Chtr-Muchin College Prep,IL,CHICAGO,141083,Noble Muchin College Prep,CHICAGO,100.0,86.20689655172413,True,auto_accept,False
15-016-2990-25-041C,Noble St Chtr-Noble Campus,IL,CHICAGO,141569,Northwest Christian Campus,DECATUR,69.56521739130434,65.38461538461539,False,reject,False
15-016-2990-25-028C,Noble St Chtr-Pritzker College Prep,IL,CHICAGO,141239,Pritzker College Prep,CHICAGO,100.0,75.0,True,review,True
15-016-2990-25-030C,Noble St Chtr-Rowe-Clark MS Acad,IL,CHICAGO,141108,Rowe-Clark Math Science Acad,CHICAGO,70.0,63.33333333333333,True,reject,False
15-016-2990-25-043C,Noble St Chtr-The Noble Academy,IL,CHICAGO,141321,Noble Academy,CHICAGO,100.0,59.09090909090908,True,reject,False
15-016-2990-25-033C,Noble St Chtr-UIC College Prep,IL,CHICAGO,140658,Noble Charter UIC College Prep,CHICAGO,90.0,90.0,True,auto_accept,False
15-016-2990-25-084C,North Lawndale Prep Chtr - Christiana,IL,CHICAGO,141057,North Lawndale Coll Prep - Christiana,CHICAGO,92.3076923076923,91.42857142857143,True,auto_accept,False
15-016-2990-25-046C,North Lawndale Prep Chtr-Collins,IL,CHICAGO,140224,North Lawndale College Prep HS-Collins,CHICAGO,91.52542372881356,73.41772151898735,True,review,True
15-016-2990-25-2935,North River Elem School,IL,CHICAGO,144240,North Mac High School,VIRDEN,72.72727272727272,63.63636363636363,False,reject,False
15-016-2990-25-0825,North-Grand High School,IL,CHICAGO,141084,North Grand High School,CHICAGO,100.0,100.0,True,auto_accept,False
15-016-2990-25-0794,Northside College Preparatory Hs,IL,CHICAGO,141342,Northside College Prep HS,CHICAGO,92.06349206349206,90.66666666666666,True,auto_accept,False
15-016-2990-25-2915,Northwest Middle School,IL,CHICAGO,140108,Middle Fork School,DANVILLE,83.87096774193549,63.41463414634146,False,reject,False
15-016-2990-25-2376,Norwood Park Elem School,IL,CHICAGO,141815,Elmwood Park High School,ELMWOOD PARK,79.16666666666667,79.16666666666666,False,reject,False
15-016-2990-25-2380,Ogden Elem School,IL,CHICAGO,143815,St. Joseph-Ogden High School,SAINT JOSEPH,82.75862068965517,63.63636363636363,False,reject,False
15-016-2990-25-0855,Ogden Int High School,IL,CHICAGO,143815,St. Joseph-Ogden High School,SAINT JOSEPH,89.47368421052632,75.0,False,review,True
15-016-2990-25-2381,Oglesby Elem School,IL,CHICAGO,141844,Cove School,NORTHBROOK,70.58823529411765,60.0,False,reject,False
15-016-2990-25-2382,OKeeffe Elem School,IL,CHICAGO,141844,Cove School,NORTHBROOK,70.58823529411765,60.0,False,reject,False
15-016-2990-25-2383,Onahan Elem School,IL,CHICAGO,141844,Cove School,NORTHBROOK,70.58823529411765,55.172413793103445,False,reject,False
15-016-2990-25-2384,Oriole Park Elem School,IL,CHICAGO,141815,Elmwood Park High School,ELMWOOD PARK,72.34042553191489,72.34042553191489,False,reject,False
15-016-2990-25-2842,Orozco Elem Fine Arts & Sciences,IL,CHICAGO,141602,Science & Arts Academy,DES PLAINES,65.51724137931035,55.172413793103445,False,reject,False
15-016-2990-25-0847,Orr Academy High School,IL,CHICAGO,140418,Academy High School,CHAMPAIGN,100.0,90.47619047619048,False,auto_accept,False
15-016-2990-25-2898,Ortiz De Dominguez Elem School,IL,CHICAGO,141844,Cove School,NORTHBROOK,70.58823529411765,43.90243902439024,False,reject,False
15-016-2990-25-2386,Otis Elem School,IL,CHICAGO,143800,Saint Elmo High School,ST. ELMO,74.28571428571428,68.57142857142857,False,reject,False
15-016-2990-25-2387,OToole Elem School,IL,CHICAGO,141844,Cove School,NORTHBROOK,70.58823529411765,62.06896551724138,False,reject,False
15-016-2990-25-2389,Owen Elem Scholastic Academy,IL,CHICAGO,140652,Cs Academy,CHICAGO,82.35294117647058,52.63157894736843,True,reject,False
15-016-2990-25-2222,Owens Community Academy ES,IL,CHICAGO,141092,Orr Community Academy,CHICAGO,89.47368421052632,80.85106382978724,True,auto_accept,False
15-016-2990-25-2391,Palmer Elem School,IL,CHICAGO,140046,Allendale School,LAKE VILLA,70.58823529411765,70.58823529411764,False,reject,False
15-016-2990-25-2394,Park Manor Elem School,IL,CHICAGO,141035,Morgan Park High School,CHICAGO,71.11111111111111,71.11111111111111,True,reject,False
15-016-2990-25-2392,Parker Elem Community Academy,IL,CHICAGO,141092,Orr Community Academy,CHICAGO,89.47368421052632,80.0,True,auto_accept,False
15-016-2990-25-2395,Parkside Elem Community Academy,IL,CHICAGO,141092,Orr Community Academy,CHICAGO,89.47368421052632,73.07692307692308,True,review,True
15-016-2990-25-2396,Pasteur Elem School,IL,CHICAGO,141844,Cove School,NORTHBROOK,70.58823529411765,53.333333333333336,False,reject,False
15-016-2990-25-0796,Payton College Preparatory HS,IL,CHICAGO,140506,Brehm Preparatory School,CARBONDALE,85.71428571428571,67.74193548387098,False,review,True
15-016-2990-25-2398,Peck Elem School,IL,CHICAGO,141844,Cove School,NORTHBROOK,70.58823529411765,59.25925925925925,False,reject,False
15-016-2990-25-2399,Peirce Elem Intl Studies School,IL,CHICAGO,141844,Cove School,NORTHBROOK,70.58823529411765,42.85714285714286,False,reject,False
15-016-2990-25-2400,Penn Elem School,IL,CHICAGO,141844,Cove School,NORTHBROOK,70.58823529411765,59.25925925925925,False,reject,False
15-016-2990-25-2864,Perez Elem School,IL,CHICAGO,141844,Cove School,NORTHBROOK,70.58823529411765,57.14285714285714,False,reject,False
15-016-2990-25-053C,Perspectives Chtr -  IIT Campus,IL,CHICAGO,141367,Perspectives/Iit Math/Sci Acad,CHICAGO,75.86206896551724,65.51724137931035,True,reject,False
15-016-2990-25-052C,Perspectives Chtr - High School of Technology,IL,CHICAGO,140944,Perspectives HS of Technology,CHICAGO,100.0,93.82716049382715,True,auto_accept,False
15-016-2990-25-050C,Perspectives Chtr - Joslin Campus,IL,CHICAGO,141022,Perspectives Charter Joslin,CHICAGO,82.75862068965517,82.75862068965517,True,review,True
15-016-2990-25-051C,Perspectives Chtr - Leadership Acad,IL,CHICAGO,140708,Perspectives Leadership Acdmy,CHICAGO,88.46153846153847,87.09677419354838,True,auto_accept,False
15-016-2990-25-2403,Peterson Elem School,IL,CHICAGO,141844,Cove School,NORTHBROOK,70.58823529411765,51.61290322580645,False,reject,False
15-016-2990-25-0034,Phillips Academy High School,IL,CHICAGO,140418,Academy High School,CHAMPAIGN,100.0,80.85106382978724,False,review,True
15-016-2990-25-0803,Phoenix Military Academy HS,IL,CHICAGO,140418,Academy High School,CHAMPAIGN,100.0,69.0909090909091,False,review,True
15-016-2990-25-2385,Piccolo Elem Specialty School,IL,CHICAGO,141844,Cove School,NORTHBROOK,70.58823529411765,44.99999999999999,False,reject,False
15-016-2990-25-2404,Pickard Elem School,IL,CHICAGO,141844,Cove School,NORTHBROOK,70.58823529411765,53.333333333333336,False,reject,False
15-016-2990-25-2289,Pilsen Elem Community Academy,IL,CHICAGO,141092,Orr Community Academy,CHICAGO,89.47368421052632,72.0,True,review,True
15-016-2990-25-2405,Pirie Elem Fine Arts & Academic C,IL,CHICAGO,143938,Academic Center,CHICAGO,69.56521739130434,56.00000000000001,True,reject,False
15-016-2990-25-2406,Plamondon Elem School,IL,CHICAGO,141844,Cove School,NORTHBROOK,70.58823529411765,50.0,False,reject,False
15-016-2990-25-2951,Plato Learning Acad  Elem School,IL,CHICAGO,141652,Apostolic Learning Academy,DUPO,73.6842105263158,52.63157894736843,False,reject,False
15-016-2990-25-2809,Poe Elem Classical School,IL,CHICAGO,141844,Cove School,NORTHBROOK,70.58823529411765,55.55555555555556,False,reject,False
15-016-2990-25-226C,Polaris Elem Charter Academy,IL,CHICAGO,140652,Cs Academy,CHICAGO,82.35294117647058,52.63157894736843,True,reject,False
15-016-2990-25-2409,Portage Park Elem School,IL,CHICAGO,141815,Elmwood Park High School,ELMWOOD PARK,70.83333333333333,62.5,False,reject,False
15-016-2990-25-2785,Powell Elem Paideia Comm Academy,IL,CHICAGO,140652,Cs Academy,CHICAGO,82.35294117647058,42.85714285714286,True,reject,False
15-016-2990-25-2410,Prescott Elem School,IL,CHICAGO,141844,Cove School,NORTHBROOK,70.58823529411765,58.06451612903225,False,reject,False
15-016-2990-25-2958,Prieto Math-Science Elem Sch,IL,CHICAGO,141939,Proviso Math & Science Academy,FOREST PARK,66.66666666666666,66.66666666666667,False,reject,False
15-016-2990-25-2510,Pritzker Elem School,IL,CHICAGO,141844,Cove School,NORTHBROOK,70.58823529411765,51.61290322580645,False,reject,False
15-016-2990-25-0534,Prosser Career Academy HS,IL,CHICAGO,140418,Academy High School,CHAMPAIGN,100.0,71.69811320754718,False,review,True
15-016-2990-25-224C,Providence-Englewood Elem Charter,IL,CHICAGO,141220,Excel Academy Of Englewood,CHICAGO,61.016949152542374,61.01694915254237,True,reject,False
15-016-2990-25-2412,Prussing Elem School,IL,CHICAGO,141844,Cove School,NORTHBROOK,70.58823529411765,51.61290322580645,False,reject,False
15-016-2990-25-2413,Pulaski Intl Sch of Chicago,IL,CHICAGO,140264,Iyc Chicago,CHICAGO,77.77777777777777,52.63157894736843,True,reject,False
15-016-2990-25-2414,Pullman Elem School,IL,CHICAGO,141844,Cove School,NORTHBROOK,70.58823529411765,53.333333333333336,False,reject,False
15-016-2990-25-0826,Raby High School,IL,CHICAGO,140662,Al Raby HS For Community & Env,CHICAGO,100.0,56.14035087719298,True,reject,False
15-016-2990-25-2807,Randolph Elem School,IL,CHICAGO,141785,Elverado High School,ELKVILLE,75.0,75.0,False,reject,False
15-016-2990-25-2416,Ravenswood Elem School,IL,CHICAGO,141844,Cove School,NORTHBROOK,70.58823529411765,54.54545454545454,False,reject,False
15-016-2990-25-2417,Ray Elem School,IL,CHICAGO,140296,Ray Graham Training Center HS,CHICAGO,80.0,52.83018867924528,True,reject,False
15-016-2990-25-2419,Reavis Elem Math & Sci Spec Schl,IL,CHICAGO,141939,Proviso Math & Science Academy,FOREST PARK,66.66666666666666,60.60606060606061,False,reject,False
15-016-2990-25-2421,Reilly Elem School,IL,CHICAGO,143708,Mill School,ROCKFORD,75.86206896551724,75.86206896551724,False,reject,False
15-016-2990-25-2422,Reinberg Elem School,IL,CHICAGO,140199,Miner School,ARLINGTON HTS,75.0,75.0,False,reject,False
15-016-2990-25-2423,Revere Elem School,IL,CHICAGO,141844,Cove School,NORTHBROOK,70.58823529411765,62.06896551724138,False,reject,False
15-016-2990-25-0536,Richards Career Academy HS,IL,CHICAGO,140418,Academy High School,CHAMPAIGN,100.0,70.37037037037037,False,review,True
15-016-2990-25-2970,Richardson Middle School,IL,CHICAGO,140108,Middle Fork School,DANVILLE,83.87096774193549,61.904761904761905,False,reject,False
15-016-2990-25-0828,Rickover Naval Academy High Schl,IL,CHICAGO,141007,Rickover Naval Academy,CHICAGO,100.0,81.4814814814815,True,auto_accept,False
15-016-2990-25-2724,Robinson Elem School,IL,CHICAGO,143675,Robinson High School,ROBINSON,85.71428571428571,80.0,False,review,True
15-016-2990-25-2426,Rogers Elem School,IL,CHICAGO,141762,Central School Programs,ELGIN,73.17073170731707,73.17073170731707,False,reject,False
15-016-2990-25-0035,Roosevelt High School,IL,CHICAGO,143717,Roosevelt Cmty Educ Ctr Alt HS,ROCKFORD,100.0,70.0,False,review,True
15-016-2990-25-230C,Rowe Elementary,IL,CHICAGO,141325,Roberto Clemente Cmty Academy,CHICAGO,54.54545454545455,54.54545454545454,True,reject,False
15-016-2990-25-3735,Rudolph Elem Learning Center,IL,CHICAGO,143996,Stelle Learning Center,STELLE,81.08108108108108,68.0,False,review,True
15-016-2990-25-2428,Ruggles Elem School,IL,CHICAGO,141844,Cove School,NORTHBROOK,70.58823529411765,53.333333333333336,False,reject,False
15-016-2990-25-2867,Ruiz Elem School,IL,CHICAGO,141590,Depue Unit School,DEPUE,72.72727272727272,54.54545454545454,False,reject,False
15-016-2990-25-2138,Ruth Bader Ginsburg Elementary,IL,CHICAGO,140664,Comm Youth Development Inst,CHICAGO,56.14035087719298,56.14035087719298,True,reject,False
15-016-2990-25-2429,Ryder Elem Math & Sci Spec School,IL,CHICAGO,141844,Cove School,NORTHBROOK,70.58823529411765,34.78260869565217,False,reject,False
15-016-2990-25-2828,Sabin Elem Magnet School,IL,CHICAGO,141392,Disney II Magnet School,CHICAGO,72.34042553191489,63.829787234042556,True,reject,False
15-016-2990-25-2969,Sadlowski Elementary School,IL,CHICAGO,141844,Cove School,NORTHBROOK,70.58823529411765,42.10526315789473,False,reject,False
15-016-2990-25-2706,Salazar Elem Bilingual Center,IL,CHICAGO,140228,Peace Center,DOLTON,66.66666666666666,43.90243902439024,False,reject,False
15-016-2990-25-2914,Sandoval Elem School,IL,CHICAGO,143825,Sandoval Senior High School,SANDOVAL,85.71428571428571,68.08510638297872,False,review,True
15-016-2990-25-2434,Sauganash Elem School,IL,CHICAGO,141844,Cove School,NORTHBROOK,70.58823529411765,50.0,False,reject,False
15-016-2990-25-2435,Sawyer Elem School,IL,CHICAGO,141844,Cove School,NORTHBROOK,70.58823529411765,55.172413793103445,False,reject,False
15-016-2990-25-2436,Sayre Elem Language Academy,IL,CHICAGO,140652,Cs Academy,CHICAGO,82.35294117647058,48.64864864864865,True,reject,False
15-016-2990-25-2438,Scammon Elem School,IL,CHICAGO,141844,Cove School,NORTHBROOK,70.58823529411765,60.0,False,reject,False
15-016-2990-25-2442,Schmid Elem School,IL,CHICAGO,141844,Cove School,NORTHBROOK,70.58823529411765,55.172413793103445,False,reject,False
15-016-2990-25-0835,School of Social Justice HS,IL,CHICAGO,141349,Greater Lawndale HS Social Justice,CHICAGO,94.54545454545455,70.88607594936708,True,review,True
15-016-2990-25-2444,Schubert Elem School,IL,CHICAGO,141844,Cove School,NORTHBROOK,70.58823529411765,51.61290322580645,False,reject,False
15-016-2990-25-0036,Schurz High School,IL,CHICAGO,140695,Schurz Evening High School,CHICAGO,100.0,81.81818181818181,True,auto_accept,False
15-016-2990-25-0037,Senn High School,IL,CHICAGO,141055,Senn High School,CHICAGO,100.0,100.0,True,auto_accept,False
15-016-2990-25-2446,Seward Elem Communication Arts Ac,IL,CHICAGO,140810,Team Englewood Community Acad,CHICAGO,61.29032258064516,61.29032258064516,True,reject,False
15-016-2990-25-2451,Sheridan Elem Math & Science Acad,IL,CHICAGO,140721,Chicago Math & Science Acad,CHICAGO,84.0,68.75,True,review,True
15-016-2990-25-2453,Sherman Elem School,IL,CHICAGO,140650,American School,LANSING,70.58823529411765,47.05882352941176,False,reject,False
15-016-2990-25-2454,Sherwood Elem School,IL,CHICAGO,141810,Elmwood High School,ELMWOOD,71.7948717948718,51.28205128205128,False,reject,False
15-016-2990-25-2455,Shields Elem School,IL,CHICAGO,143800,Saint Elmo High School,ST. ELMO,73.6842105263158,63.1578947368421,False,reject,False
15-016-2990-25-2968,Shields Middle School,IL,CHICAGO,140108,Middle Fork School,DANVILLE,83.87096774193549,66.66666666666667,False,review,True
15-016-2990-25-2456,Shoesmith Elem School,IL,CHICAGO,141844,Cove School,NORTHBROOK,70.58823529411765,50.0,False,reject,False
15-016-2990-25-2457,Shoop Math-Sci Tech Elem Academy,IL,CHICAGO,140652,Cs Academy,CHICAGO,82.35294117647058,47.61904761904761,True,reject,False
15-016-2990-25-0537,Simeon Career Academy High School,IL,CHICAGO,140418,Academy High School,CHAMPAIGN,100.0,73.07692307692308,False,review,True
15-016-2990-25-2458,Skinner Elem School,IL,CHICAGO,140199,Miner School,ARLINGTON HTS,77.41935483870968,51.61290322580645,False,reject,False
15-016-2990-25-2959,Skinner North Elem Sch,IL,CHICAGO,142268,North Shore Academy,HIGHLAND PARK,58.53658536585366,58.53658536585367,False,reject,False
15-016-2990-25-2768,Smith  W Elem School,IL,CHICAGO,143800,Saint Elmo High School,ST. ELMO,73.6842105263158,68.42105263157895,False,reject,False
15-016-2990-25-2459,Smyser Elem School,IL,CHICAGO,141844,Cove School,NORTHBROOK,70.58823529411765,55.172413793103445,False,reject,False
15-016-2990-25-2460,Smyth  J Elem School,IL,CHICAGO,143800,Saint Elmo High School,ST. ELMO,73.6842105263158,73.6842105263158,False,reject,False
15-016-2990-25-2461,Solomon Elem School,IL,CHICAGO,141844,Cove School,NORTHBROOK,70.58823529411765,53.333333333333336,False,reject,False
15-016-2990-25-0859,Solorio Academy High School,IL,CHICAGO,140418,Academy High School,CHAMPAIGN,100.0,82.6086956521739,False,review,True
15-016-2990-25-2971,Sor Juana Ines de la Cruz,IL,CHICAGO,141334,Acero Cruz,CHICAGO,57.142857142857146,22.857142857142854,True,reject,False
15-016-2990-25-2855,South Loop Elem School,IL,CHICAGO,143784,South Elgin High School,SOUTH ELGIN,71.11111111111111,71.11111111111111,False,reject,False
15-016-2990-25-2960,South Shore Fine Arts Elem Sch,IL,CHICAGO,141295,South Shore HS,CHICAGO,64.70588235294117,64.15094339622642,True,reject,False
15-016-2990-25-0860,South Shore Intl Col Prep HS,IL,CHICAGO,141295,South Shore HS,CHICAGO,100.0,76.66666666666666,True,review,True
15-016-2990-25-2462,Spencer Technology Acad Elem Sch,IL,CHICAGO,141369,School Of Technology,CHICAGO,66.66666666666666,57.692307692307686,True,reject,False
15-016-2990-25-0818,Spry Community Links High School,IL,CHICAGO,141261,Spry Community Links High Sch,CHICAGO,95.08196721311475,95.08196721311475,True,auto_accept,False
15-016-2990-25-2469,Spry Elem Community School,IL,CHICAGO,141091,Uplift Community School,CHICAGO,82.05128205128204,73.46938775510203,True,review,True
15-016-2990-25-2464,Stagg Elem School,IL,CHICAGO,143357,Amos Alonzo Stagg High School,PALOS HILLS,82.75862068965517,65.21739130434783,False,review,True
15-016-2990-25-0041,Steinmetz College Prep HS,IL,CHICAGO,141305,Charles P. Steinmetz Prep HS,CHICAGO,86.66666666666667,85.71428571428572,True,review,True
15-016-2990-25-2967,STEM Magnet Academy Elem,IL,CHICAGO,140652,Cs Academy,CHICAGO,82.35294117647058,52.94117647058824,True,reject,False
15-016-2990-25-2465,Stevenson Elem School,IL,CHICAGO,143550,Adlai E Stevenson High School,LINCOLNSHIRE,86.48648648648648,76.0,False,review,True
15-016-2990-25-3762,Stock Early Childhood Center,IL,CHICAGO,140228,Peace Center,DOLTON,66.66666666666666,50.0,False,reject,False
15-016-2990-25-2468,Stone Elem Scholastic Academy,IL,CHICAGO,140652,Cs Academy,CHICAGO,82.35294117647058,51.28205128205128,True,reject,False
15-016-2990-25-2472,Stowe Elem School,IL,CHICAGO,143800,Saint Elmo High School,ST. ELMO,72.22222222222223,72.22222222222221,False,reject,False
15-016-2990-25-2941,Suder Montessori Elem Magnet Schl,IL,CHICAGO,140359,Montessori Academy - N Hoffman,HOFFMAN EST,59.01639344262295,59.01639344262295,False,reject,False
15-016-2990-25-2474,Sullivan Elem School,IL,CHICAGO,141310,Roger Sullivan High School,CHICAGO,85.71428571428571,73.91304347826086,True,review,True
15-016-2990-25-0042,Sullivan High School,IL,CHICAGO,141310,Roger Sullivan High School,CHICAGO,100.0,86.95652173913044,True,auto_accept,False
15-016-2990-25-2475,Sumner Elem Math & Sci Comm Acad,IL,CHICAGO,140721,Chicago Math & Science Acad,CHICAGO,69.84126984126985,69.84126984126983,True,reject,False
15-016-2990-25-2476,Sutherland Elem School,IL,CHICAGO,143963,Lutheran High School,SPRINGFIELD,71.42857142857143,42.85714285714286,False,reject,False
15-016-2990-25-2477,Swift Elem Specialty School,IL,CHICAGO,141844,Cove School,NORTHBROOK,70.58823529411765,42.10526315789473,False,reject,False
15-016-2990-25-0043,Taft High School,IL,CHICAGO,141385,William H Taft High School,CHICAGO,100.0,76.19047619047619,True,review,True
15-016-2990-25-2478,Talcott Elem School,IL,CHICAGO,141844,Cove School,NORTHBROOK,70.58823529411765,53.333333333333336,False,reject,False
15-016-2990-25-2926,Talman Elem School,IL,CHICAGO,141844,Cove School,NORTHBROOK,70.58823529411765,55.172413793103445,False,reject,False
15-016-2990-25-2479,Tanner Elem School,IL,CHICAGO,140157,Banner School,CHICAGO,77.41935483870968,51.61290322580645,True,reject,False
15-016-2990-25-2943,Tarkington Elem School,IL,CHICAGO,141844,Cove School,NORTHBROOK,70.58823529411765,48.484848484848484,False,reject,False
15-016-2990-25-2480,Taylor Elem School,IL,CHICAGO,141844,Cove School,NORTHBROOK,70.58823529411765,55.172413793103445,False,reject,False
15-016-2990-25-2901,Telpochcalli Elem School,IL,CHICAGO,141844,Cove School,NORTHBROOK,70.58823529411765,45.714285714285715,False,reject,False
15-016-2990-25-3787,Thomas Early Childhood Center,IL,CHICAGO,140228,Peace Center,DOLTON,66.66666666666666,43.90243902439024,False,reject,False
15-016-2990-25-0022,Thomas Kelly College Preparatory,IL,CHICAGO,141315,Thomas Kelly College Prep,CHICAGO,88.88888888888889,87.71929824561404,True,auto_accept,False
15-016-2990-25-2484,Thorp  J N Elem School,IL,CHICAGO,141844,Cove School,NORTHBROOK,70.58823529411765,50.0,False,reject,False
15-016-2990-25-2486,Thorp  O A Elem Scholastic Acad,IL,CHICAGO,141260,St Scholastica Academy,CHICAGO,73.07692307692308,73.07692307692308,True,reject,False
15-016-2990-25-0044,Tilden Career Communty Academy HS,IL,CHICAGO,140418,Academy High School,CHAMPAIGN,100.0,62.295081967213115,False,reject,False
15-016-2990-25-2766,Till Elem Math & Science Academy,IL,CHICAGO,141602,Science & Arts Academy,DES PLAINES,88.37209302325581,75.86206896551724,False,review,True
15-016-2990-25-2487,Tilton Elem School,IL,CHICAGO,141844,Cove School,NORTHBROOK,70.58823529411765,55.172413793103445,False,reject,False
15-016-2990-25-2826,Turner-Drew Elem Language Academy,IL,CHICAGO,140652,Cs Academy,CHICAGO,82.35294117647058,37.2093023255814,True,reject,False
15-016-2990-25-2490,Twain Elem School,IL,CHICAGO,141844,Cove School,NORTHBROOK,70.58823529411765,57.14285714285714,False,reject,False
15-016-2990-25-281C,Univ of Chicago Chtr-Donoghue,IL,CHICAGO,140203,Univ Of Chicago Charter School,CHICAGO,77.96610169491525,57.6271186440678,True,reject,False
15-016-2990-25-258C,Univ of Chicago Chtr-Nth Kenwood,IL,CHICAGO,140264,Iyc Chicago,CHICAGO,77.77777777777777,41.860465116279066,True,reject,False
15-016-2990-25-107C,Univ of Chicago Chtr-Woodlawn,IL,CHICAGO,140203,Univ Of Chicago Charter School,CHICAGO,81.35593220338983,54.23728813559322,True,reject,False
15-016-2990-25-0829,Uplift Community High School,IL,CHICAGO,141091,Uplift Community School,CHICAGO,100.0,90.19607843137256,True,auto_accept,False
15-016-2990-25-013C,Urban Prep Chtr Acad Bronzeville HS,IL,CHICAGO,141337,Urban Youth HS,CHICAGO,85.0,50.74626865671642,True,reject,False
15-016-2990-25-010C,Urban Prep Chtr Acad Englewood HS,IL,CHICAGO,140364,Englewood Stem High School,CHICAGO,89.36170212765957,64.70588235294117,True,reject,False
15-016-2990-25-2491,Vanderpoel Elem Magnet School,IL,CHICAGO,141392,Disney II Magnet School,CHICAGO,72.22222222222223,57.692307692307686,True,reject,False
15-016-2990-25-3781,Vick Early Childhood & Family Ctr,IL,CHICAGO,141634,Chesterton Academy Holy Family,DOWNERS GROVE,52.30769230769231,49.23076923076923,False,reject,False
15-016-2990-25-2494,Volta Elem School,IL,CHICAGO,143342,Camelot School,MT PROSPECT,70.96774193548387,58.06451612903225,False,reject,False
15-016-2990-25-0046,Von Steuben Metro Science HS,IL,CHICAGO,141345,Von Steuben Metro Science Ctr,CHICAGO,92.5925925925926,78.78787878787878,True,review,True
15-016-2990-25-2497,Wacker Elem School,IL,CHICAGO,141844,Cove School,NORTHBROOK,70.58823529411765,55.172413793103445,False,reject,False
15-016-2990-25-2498,Wadsworth Elem School,IL,CHICAGO,141844,Cove School,NORTHBROOK,70.58823529411765,50.0,False,reject,False
15-016-2990-25-2500,Walsh Elem School,IL,CHICAGO,141844,Cove School,NORTHBROOK,70.58823529411765,57.14285714285714,False,reject,False
15-016-2990-25-0863,Walter Henri Dyett High School for the Arts,IL,CHICAGO,143666,Walter H Dyett HS For The Arts,CHICAGO,97.36842105263158,95.1219512195122,True,auto_accept,False
15-016-2990-25-2501,Ward  J Elem School,IL,CHICAGO,141844,Cove School,NORTHBROOK,70.58823529411765,55.172413793103445,False,reject,False
15-016-2990-25-2767,Ward  L Elem School,IL,CHICAGO,141844,Cove School,NORTHBROOK,70.58823529411765,55.172413793103445,False,reject,False
15-016-2990-25-2502,Warren Elem School,IL,CHICAGO,144265,Warren High School,WARREN,83.87096774193549,77.77777777777779,False,review,True
15-016-2990-25-2503,Washington  G Elem School,IL,CHICAGO,140842,George Washington High School,CHICAGO,83.01886792452831,83.01886792452831,True,review,True
15-016-2990-25-2401,Washington  H Elem School,IL,CHICAGO,140842,George Washington High School,CHICAGO,83.01886792452831,83.01886792452831,True,review,True
15-016-2990-25-0048,Washington G High School,IL,CHICAGO,140842,George Washington High School,CHICAGO,95.65217391304348,90.56603773584906,True,auto_accept,False
15-016-2990-25-2504,Waters Elem School,IL,CHICAGO,141844,Cove School,NORTHBROOK,70.58823529411765,55.172413793103445,False,reject,False
15-016-2990-25-2505,Webster Elem School,IL,CHICAGO,140219,Western High School,BARRY,73.6842105263158,73.6842105263158,False,reject,False
15-016-2990-25-0049,Wells Community Academy HS,IL,CHICAGO,140418,Academy High School,CHAMPAIGN,100.0,70.37037037037037,False,review,True
15-016-2990-25-2902,Wells Preparatory Elem Academy,IL,CHICAGO,U26852,Bryant Preparatory Academy,GLEN ELLYN,84.44444444444444,71.42857142857143,False,review,True
15-016-2990-25-2506,Wentworth Elem School,IL,CHICAGO,141844,Cove School,NORTHBROOK,70.58823529411765,50.0,False,reject,False
15-016-2990-25-2908,West Park Elem Academy,IL,CHICAGO,140880,Hyde Park Academy,CHICAGO,82.75862068965517,71.7948717948718,True,review,True
15-016-2990-25-2965,West Ridge Elem School,IL,CHICAGO,143800,Saint Elmo High School,ST. ELMO,78.04878048780488,78.04878048780488,False,reject,False
15-016-2990-25-2507,Westcott Elem School,IL,CHICAGO,141844,Cove School,NORTHBROOK,70.58823529411765,51.61290322580645,False,reject,False
15-016-2990-25-0857,Westinghouse High School,IL,CHICAGO,140945,Leo High School,CHICAGO,84.61538461538461,56.41025641025641,True,reject,False
15-016-2990-25-2512,Whistler Elem School,IL,CHICAGO,143800,Saint Elmo High School,ST. ELMO,76.92307692307692,66.66666666666667,False,reject,False
15-016-2990-25-2729,White Elem Career Academy,IL,CHICAGO,140652,Cs Academy,CHICAGO,82.35294117647058,51.42857142857142,True,reject,False
15-016-2990-25-2513,Whitney Elem School,IL,CHICAGO,141383,Whitney M Young Magnet HS,CHICAGO,84.84848484848484,60.37735849056604,True,reject,False
15-016-2990-25-2514,Whittier Elem School,IL,CHICAGO,143800,Saint Elmo High School,ST. ELMO,71.7948717948718,61.53846153846154,False,reject,False
15-016-2990-25-2516,Wildwood Elem School,IL,CHICAGO,141810,Elmwood High School,ELMWOOD,71.7948717948718,51.28205128205128,False,reject,False
15-016-2990-25-2097,William H Brown STEM Magnet Elementary School,IL,CHICAGO,141385,William H Taft High School,CHICAGO,76.19047619047619,56.33802816901409,True,reject,False
15-016-2990-25-0856,Williams Medical Prep High Sch,IL,CHICAGO,141109,Daniel Hale Williams Prep,CHICAGO,69.0909090909091,65.45454545454545,True,reject,False
15-016-2990-25-2903,Woodlawn Elem Community School,IL,CHICAGO,144460,Woodlawn Community High School,WOODLAWN,90.9090909090909,86.66666666666667,False,auto_accept,False
15-016-2990-25-2521,Woodson South Elem School,IL,CHICAGO,141844,Cove School,NORTHBROOK,70.58823529411765,44.44444444444444,False,reject,False
15-016-2990-25-0830,World Language High School,IL,CHICAGO,141142,World Language College Prep HS,CHICAGO,100.0,80.0,True,auto_accept,False
15-016-2990-25-2542,Yates Elem School,IL,CHICAGO,141844,Cove School,NORTHBROOK,70.58823529411765,57.14285714285714,False,reject,False
15-016-2990-25-073C,YCCS Chtr - Chatham,IL,CHICAGO,140072,Ybmc Charter Sch,NORMAL,60.60606060606061,60.60606060606061,False,reject,False
15-016-2990-25-071C,YCCS West,IL,CHICAGO,140946,Banner Academy West,CHICAGO,61.53846153846154,28.57142857142857,True,reject,False
15-016-2990-25-055C,YCCS- McKinley-Lakeside Leadership Academy,IL,CHICAGO,140007,YCCS-McKinley Lakeside Academy,CHICAGO,100.0,84.50704225352112,True,auto_accept,False
15-016-2990-25-062C,YCCS-Albizu Campos Puerto Rican HS,IL,CHICAGO,140945,Leo High School,CHICAGO,84.61538461538461,48.275862068965516,True,reject,False
15-016-2990-25-056C,YCCS-ASPIRA Pantoja Alt HS,IL,CHICAGO,141062,Aspira Antonia Pantoja HS,CHICAGO,86.66666666666667,84.05797101449275,True,review,True
15-016-2990-25-057C,YCCS-Association House,IL,CHICAGO,NA0001,American Indian Association of Illinois,CHICAGO,66.66666666666666,49.18032786885246,True,reject,False
15-016-2990-25-059C,YCCS-CCA Academy HS,IL,CHICAGO,140418,Academy High School,CHAMPAIGN,100.0,80.85106382978724,False,review,True
15-016-2990-25-061C,YCCS-Community Youth Dev Inst HS,IL,CHICAGO,140090,Argo Community High School,SUMMIT,89.36170212765957,62.68656716417911,False,reject,False
15-016-2990-25-063C,YCCS-Innovations of Arts Integr HS,IL,CHICAGO,140688,Innovations High School,CHICAGO,100.0,69.6969696969697,True,review,True
15-016-2990-25-065C,YCCS-Latino Youth Alternative HS,IL,CHICAGO,141716,Alternative HS,EAST ST. LOUIS,100.0,71.875,False,review,True
15-016-2990-25-066C,YCCS-Olive Harvey Mid College HS,IL,CHICAGO,1584,Olive-Harvey College,CHICAGO,100.0,65.57377049180329,True,review,True
15-016-2990-25-060C,YCCS-Progressive Leadership Academy,IL,CHICAGO,140324,YCCS - Progressive Leadership Ac,CHICAGO,94.73684210526315,92.3076923076923,True,auto_accept,False
15-016-2990-25-054C,YCCS-Scholastic Achievement HS,IL,CHICAGO,140945,Leo High School,CHICAGO,84.61538461538461,48.14814814814815,True,reject,False
15-016-2990-25-067C,YCCS-Sullivan House Alt HS,IL,CHICAGO,144055,Sullivan High School,SULLIVAN,100.0,72.72727272727273,False,review,True
15-016-2990-25-068C,YCCS-Truman Middle College HS,IL,CHICAGO,1111,Truman College,CHICAGO,100.0,53.84615384615385,True,reject,False
15-016-2990-25-070C,YCCS-West Town Academy Alt HS,IL,CHICAGO,140418,Academy High School,CHAMPAIGN,100.0,66.66666666666667,False,review,True
15-016-2990-25-072C,YCCS-Youth Connection Leadership Academy,IL,CHICAGO,140237,Yccs-Youth Connection Leadersh,CHICAGO,85.71428571428571,85.71428571428572,True,review,True
15-016-2990-25-2525,Young Elem School,IL,CHICAGO,141383,Whitney M Young Magnet HS,CHICAGO,82.75862068965517,54.90196078431373,True,reject,False
15-016-2990-25-0764,Young Magnet High School,IL,CHICAGO,141383,Whitney M Young Magnet HS,CHICAGO,100.0,82.75862068965517,True,auto_accept,False
15-016-2990-25-2897,Zapata Elem Academy,IL,CHICAGO,140652,Cs Academy,CHICAGO,82.35294117647058,55.172413793103445,True,reject,False
07-016-1275-02-1001,Elden D Finley Jr High School,IL,CHICAGO RIDGE,140945,Leo High School,CHICAGO,84.61538461538461,54.54545454545454,False,reject,False
07-016-1275-02-2003,Ridge Central Elem School,IL,CHICAGO RIDGE,140454,Central High School,BURLINGTON,84.84848484848484,77.27272727272727,False,review,True
07-016-1275-02-2004,Ridge Lawn Elementary School,IL,CHICAGO RIDGE,141890,Blue Ridge High School,FARMER CITY,70.58823529411765,64.0,False,reject,False
21-028-0990-26-2001,Christopher Elem School,IL,CHRISTOPHER,141405,Christopher High School,CHRISTOPHER,87.8048780487805,82.6086956521739,True,review,True
21-028-0990-26-0001,Christopher High,IL,CHRISTOPHER,141405,Christopher High School,CHRISTOPHER,100.0,82.05128205128204,True,auto_accept,False
34-049-1170-16-0001,Antioch Comm High School,IL,ANTIOCH,140070,Antioch Community High School,ANTIOCH,90.56603773584905,90.56603773584906,True,auto_accept,False
34-049-1170-16-0002,Lakes Community High School,IL,LAKE VILLA,140140,Athens Community High School,ATHENS,90.9090909090909,76.36363636363637,False,review,True
34-049-1280-16-0002,Libertyville High School,IL,LIBERTYVILLE,142620,Libertyville High School,LIBERTYVILLE,100.0,100.0,True,auto_accept,False
34-049-1280-16-0004,Vernon Hills High School,IL,VERNON HILLS,144214,Vernon Hills High School,VERNON HILLS,100.0,100.0,True,auto_accept,False
44-063-1550-16-0002,Cary-Grove Community High School,IL,CARY,140563,Cary-Grove Community HS,CARY,100.0,100.0,True,auto_accept,False
44-063-1550-16-0001,Crystal Lake Central High School,IL,CRYSTAL LAKE,140454,Central High School,BURLINGTON,100.0,74.50980392156863,False,review,True
44-063-1550-16-0003,Crystal Lake South High School,IL,CRYSTAL LAKE,141517,Crystal Lake South High School,CRYSTAL LAKE,100.0,100.0,True,auto_accept,False
44-063-1550-16-0004,Prairie Ridge High School,IL,CRYSTAL LAKE,141519,Prairie Ridge High School,CRYSTAL LAKE,100.0,100.0,True,auto_accept,False
07-016-2180-16-0007,A B Shepard High Sch (Campus),IL,PALOS HEIGHTS,143356,Alan B Shepard High School,PALOS HEIGHTS,79.24528301886792,75.47169811320755,True,reject,False
07-016-2180-16-0001,DD Eisenhower High Sch (Campus),IL,BLUE ISLAND,141558,Eisenhower High School,DECATUR,81.08108108108108,74.50980392156863,False,review,True
07-016-2180-16-0004,H L Richards High Sch(Campus),IL,OAK LAWN,143228,Harold L Richards High School,OAK LAWN,73.6842105263158,73.6842105263158,True,reject,False
19-022-0940-16-0001,West Chicago Community High School,IL,WEST CHICAGO,143220,North Chicago Community HS,NORTH CHICAGO,92.06349206349206,84.05797101449275,False,review,True
19-022-0990-16-0001,Comm H S Dist 99 - North H S,IL,DOWNERS GROVE,144240,North Mac High School,VIRDEN,89.47368421052632,57.14285714285714,False,reject,False
19-022-0990-16-0002,Comm H S Dist 99 - South High Sch,IL,DOWNERS GROVE,143374,Rich South High School,RICHTON PARK,87.17948717948718,68.85245901639344,False,review,True
06-016-0990-02-2006,Abe Lincoln Elem School,IL,CICERO,142625,Lincoln Community High School,LINCOLN,75.67567567567568,61.53846153846154,False,reject,False
06-016-0990-02-2002,Cicero East Elem School,IL,CICERO,143700,East High School,ROCKFORD,81.48148148148148,61.53846153846154,False,reject,False
06-016-0990-02-2014,Cicero West Elementary School,IL,CICERO,141844,Cove School,NORTHBROOK,70.58823529411765,50.0,False,reject,False
06-016-0990-02-2003,Columbus  East Elem School,IL,CICERO,143700,East High School,ROCKFORD,81.48148148148148,58.53658536585367,False,reject,False
06-016-0990-02-2015,Columbus West Elementary School,IL,CICERO,141844,Cove School,NORTHBROOK,70.58823529411765,47.61904761904761,False,reject,False
06-016-0990-02-2001,Daniel Burnham Elem School,IL,CICERO,141844,Cove School,NORTHBROOK,70.58823529411765,43.24324324324324,False,reject,False
06-016-0990-02-3001,District 99 Early Childhood Center,IL,CICERO,140228,Peace Center,DOLTON,66.66666666666666,39.13043478260869,False,reject,False
06-016-0990-02-2004,Drexel Elem School,IL,CICERO,141844,Cove School,NORTHBROOK,70.58823529411765,55.172413793103445,False,reject,False
06-016-0990-02-2005,Goodwin Elementary School,IL,CICERO,141844,Cove School,NORTHBROOK,70.58823529411765,44.44444444444444,False,reject,False
06-016-0990-02-2013,Liberty Elem School,IL,CICERO,142374,Liberty Valley School,JOLIET,85.0,70.0,False,review,True
06-016-0990-02-2009,Sherlock Elem School,IL,CICERO,141844,Cove School,NORTHBROOK,70.58823529411765,51.61290322580645,False,reject,False
06-016-0990-02-2008,T Roosevelt Elem School,IL,CICERO,141105,Roosevelt High School,CHICAGO,86.48648648648648,77.27272727272727,False,review,True
06-016-0990-02-1002,Unity Jr High School,IL,CICERO,144130,Unity High School,TOLONO,100.0,91.89189189189189,False,auto_accept,False
06-016-0990-02-2012,Warren Park School,IL,CICERO,144265,Warren High School,WARREN,83.87096774193549,77.77777777777779,False,review,True
06-016-0990-02-2010,Woodrow Wilson Elem School,IL,CICERO,141844,Cove School,NORTHBROOK,70.58823529411765,43.24324324324324,False,reject,False
32-038-0060-26-2001,Cissna Park Elementary School,IL,CISSNA PARK,141425,Cissna Park High School,CISSNA PARK,87.8048780487805,73.07692307692308,True,review,True
32-038-0060-26-1001,Cissna Park Jr High School,IL,CISSNA PARK,141425,Cissna Park High School,CISSNA PARK,100.0,93.87755102040816,True,auto_accept,False
32-038-0060-26-0001,Cissna Park Sr High School,IL,CISSNA PARK,141425,Cissna Park High School,CISSNA PARK,100.0,93.87755102040816,True,auto_accept,False
12-013-0100-26-2001,Clay City Elem School,IL,CLAY CITY,141430,Clay City High School,CLAY CITY,86.48648648648648,80.95238095238095,True,review,True
12-013-0100-26-0002,Clay City High School,IL,CLAY CITY,141430,Clay City High School,CLAY CITY,100.0,100.0,True,auto_accept,False
12-013-0100-26-1001,Clay City Jr High School,IL,CLAY CITY,141430,Clay City High School,CLAY CITY,100.0,93.33333333333333,True,auto_accept,False
17-020-0150-26-2004,Clinton Elem School,IL,CLINTON,141440,Clinton Community High School,CLINTON,84.84848484848484,66.66666666666667,True,review,True
17-020-0150-26-0001,Clinton High School,IL,CLINTON,141440,Clinton Community High School,CLINTON,100.0,79.16666666666666,True,review,True
17-020-0150-26-1002,Clinton Jr High School,IL,CLINTON,141440,Clinton Community High School,CLINTON,92.6829268292683,74.50980392156863,True,review,True
17-020-0150-26-2003,Douglas Elem School,IL,CLINTON,141562,Douglas Macarthur High School,DECATUR,84.84848484848484,66.66666666666667,False,review,True
17-020-0150-26-2005,Lincoln Elem School,IL,CLINTON,142625,Lincoln Community High School,LINCOLN,84.84848484848484,66.66666666666667,False,review,True
24-032-0010-26-2005,Coal City Early Childhood Center,IL,COAL CITY,140228,Peace Center,DOLTON,66.66666666666666,40.90909090909091,False,reject,False
24-032-0010-26-2003,Coal City Elem School,IL,COAL CITY,141445,Coal City High School,COAL CITY,86.48648648648648,80.95238095238095,True,review,True
24-032-0010-26-0001,Coal City High School,IL,COAL CITY,141445,Coal City High School,COAL CITY,100.0,100.0,True,auto_accept,False
24-032-0010-26-2004,Coal City Intermediate School,IL,COAL CITY,141445,Coal City High School,COAL CITY,86.48648648648648,72.0,True,review,True
24-032-0010-26-1002,Coal City Middle School,IL,COAL CITY,141445,Coal City High School,COAL CITY,86.48648648648648,81.81818181818181,True,review,True
30-091-0170-22-2002,Cobden Elem School,IL,COBDEN,141450,Cobden High School,COBDEN,83.87096774193549,77.77777777777779,True,review,True
30-091-0170-22-0001,Cobden High School,IL,COBDEN,141450,Cobden High School,COBDEN,100.0,100.0,True,auto_accept,False
30-091-0170-22-1001,Cobden Jr High School,IL,COBDEN,141450,Cobden High School,COBDEN,100.0,92.3076923076923,True,auto_accept,False
41-057-0100-26-2006,Caseyville Elementary School,IL,CASEYVILLE,141844,Cove School,NORTHBROOK,70.58823529411765,51.28205128205128,False,reject,False
41-057-0100-26-0001,Collinsville High School,IL,COLLINSVILLE,141465,Collinsville High School,COLLINSVILLE,100.0,100.0,True,auto_accept,False
41-057-0100-26-1003,Collinsville Middle School,IL,COLLINSVILLE,141465,Collinsville High School,COLLINSVILLE,88.37209302325581,84.0,True,auto_accept,False
41-057-0100-26-2024,Dorris Intermediate Sch,IL,COLLINSVILLE,143226,Heritage Christian School,FRANKFORT,58.333333333333336,58.33333333333333,False,reject,False
41-057-0100-26-2014,John A Renfro Elementary School,IL,COLLINSVILLE,141844,Cove School,NORTHBROOK,70.58823529411765,42.85714285714286,False,reject,False
41-057-0100-26-2011,Kreitner Elem School,IL,COLLINSVILLE,140199,Miner School,ARLINGTON HTS,75.0,75.0,False,reject,False
41-057-0100-26-2022,Maryville Elem School,IL,MARYVILLE,140442,Maryville Christian School,MARYVILLE,86.48648648648648,72.34042553191489,True,review,True
41-057-0100-26-2020,Summit Elementary School,IL,COLLINSVILLE,141642,Summit School,ELGIN,100.0,70.27027027027026,False,review,True
41-057-0100-26-2023,Twin Echo Elem School,IL,COLLINSVILLE,141844,Cove School,NORTHBROOK,70.58823529411765,62.5,False,reject,False
41-057-0100-26-2001,Webster Elementary School,IL,COLLINSVILLE,141844,Cove School,NORTHBROOK,70.58823529411765,44.44444444444444,False,reject,False
28-037-1900-02-2001,Colona Grade School,IL,COLONA,140323,Harlem High School - 9th Grade,MACHESNEY PK,77.41935483870968,55.319148936170215,False,reject,False
45-067-0040-26-0001,Columbia High School,IL,COLUMBIA,141470,Columbia High School,COLUMBIA,100.0,100.0,True,auto_accept,False
45-067-0040-26-1001,Columbia Middle School,IL,COLUMBIA,141470,Columbia High School,COLUMBIA,85.71428571428571,80.95238095238095,True,review,True
45-067-0040-26-2003,Eagleview Elementary School,IL,COLUMBIA,141844,Cove School,NORTHBROOK,70.58823529411765,47.36842105263158,False,reject,False
45-067-0040-26-2001,Parkview Elementary School,IL,COLUMBIA,141844,Cove School,NORTHBROOK,70.58823529411765,48.64864864864865,False,reject,False
05-016-0590-04-2002,Adm Richard E Byrd Elem School,IL,ELK GROVE VILLAGE,143228,Harold L Richards High School,OAK LAWN,71.1864406779661,71.1864406779661,False,reject,False
05-016-0590-04-2001,Brentwood Elem School,IL,DES PLAINES,141844,Cove School,NORTHBROOK,70.58823529411765,56.25,False,reject,False
05-016-0590-04-2003,Clearmont Elem School,IL,ELK GROVE VILLAGE,140124,Chrismont Safe School,NOKOMIS,71.42857142857143,71.42857142857143,False,reject,False
05-016-0590-04-2006,Devonshire School,IL,DES PLAINES,141585,Delavan High School,DELAVAN,72.22222222222223,72.22222222222221,False,reject,False
05-016-0590-04-2008,Forest View Elem School,IL,MOUNT PROSPECT,143224,Oak Forest High School,OAK FOREST,74.28571428571428,57.77777777777777,False,reject,False
05-016-0590-04-1016,Friendship Jr High School,IL,DES PLAINES,140945,Leo High School,CHICAGO,84.61538461538461,60.0,False,reject,False
05-016-0590-04-1010,Grove Jr High School,IL,ELK GROVE VILLAGE,140447,Buffalo Grove High School,BUFFALO GROVE,91.89189189189189,75.55555555555556,False,review,True
05-016-0590-04-1012,Holmes Jr High School,IL,MOUNT PROSPECT,140945,Leo High School,CHICAGO,84.61538461538461,77.77777777777779,False,review,True
05-016-0590-04-2014,John Jay Elem School,IL,MOUNT PROSPECT,140897,John F Kennedy High School,CHICAGO,70.96774193548387,56.52173913043479,False,reject,False
05-016-0590-04-2016,Juliette Low Elem School,IL,ARLINGTON HEIGHTS,141844,Cove School,NORTHBROOK,70.58823529411765,45.714285714285715,False,reject,False
05-016-0590-04-2020,Ridge Family Center for Learning,IL,ELK GROVE VILLAGE,143996,Stelle Learning Center,STELLE,81.08108108108108,62.96296296296296,False,reject,False
05-016-0590-04-2009,Robert Frost Elem School,IL,MOUNT PROSPECT,141844,Cove School,NORTHBROOK,70.58823529411765,51.42857142857142,False,reject,False
05-016-0590-04-2018,Rupley Elem School,IL,ELK GROVE VILLAGE,141844,Cove School,NORTHBROOK,70.58823529411765,55.172413793103445,False,reject,False
05-016-0590-04-2019,Salt Creek Elem School,IL,ELK GROVE VILLAGE,140197,Salt School,KANKAKEE,100.0,66.66666666666667,False,review,True
05-016-0590-04-3002,The Early Learning Center,IL,MT PROSPECT,143996,Stelle Learning Center,STELLE,81.08108108108108,76.59574468085107,False,review,True
50-082-1960-26-2006,Bluffview  Elem School,IL,DUPO,141844,Cove School,NORTHBROOK,70.58823529411765,56.25,False,reject,False
50-082-1960-26-0001,Dupo High School,IL,DUPO,141650,Dupo Senior High School,DUPO,100.0,82.05128205128204,True,auto_accept,False
50-082-1960-26-1001,Dupo Jr High School,IL,DUPO,141650,Dupo Senior High School,DUPO,91.42857142857143,76.19047619047619,True,review,True
07-016-2300-13-0002,Amos Alonzo Stagg High School,IL,PALOS HILLS,143357,Amos Alonzo Stagg High School,PALOS HILLS,100.0,100.0,True,auto_accept,False
07-016-2300-13-0001,Carl Sandburg High School,IL,ORLAND PARK,143325,Carl Sandburg High School,ORLAND PARK,100.0,100.0,True,auto_accept,False
07-016-2300-13-0003,Victor J Andrew High School,IL,ORLAND HILLS,144117,Victor J Andrew High School,ORLAND HILLS,100.0,100.0,True,auto_accept,False
07-016-1300-02-1001,Everett F Kerr Middle School,IL,BLUE ISLAND,140108,Middle Fork School,DANVILLE,83.87096774193549,69.56521739130434,False,review,True
07-016-1300-02-2019,George Washington Elementary Sch,IL,ALSIP,140842,George Washington High School,CHICAGO,73.91304347826087,68.85245901639344,False,reject,False
07-016-1300-02-3001,Horace Mann School,IL,BLUE ISLAND,141844,Cove School,NORTHBROOK,70.58823529411765,62.06896551724138,False,reject,False
07-016-1300-02-2011,Lincoln Elem School,IL,BLUE ISLAND,142625,Lincoln Community High School,LINCOLN,84.84848484848484,66.66666666666667,False,review,True
07-016-1300-02-2004,Nathan Hale Intermediate,IL,CRESTWOOD,141343,Uthman Dan Fodio Institute,CHICAGO,52.0,52.0,False,reject,False
07-016-1300-02-1002,Nathan Hale Middle School,IL,CRESTWOOD,140108,Middle Fork School,DANVILLE,83.87096774193549,65.11627906976744,False,review,True
07-016-1300-02-2012,Nathan Hale Primary School,IL,CRESTWOOD,141844,Cove School,NORTHBROOK,70.58823529411765,43.24324324324324,False,reject,False
07-016-1300-02-2008,Paul Revere Intermediate School,IL,BLUE ISLAND,141844,Cove School,NORTHBROOK,70.58823529411765,42.85714285714286,False,reject,False
07-016-1300-02-2018,Paul Revere Primary School,IL,BLUE ISLAND,141844,Cove School,NORTHBROOK,70.58823529411765,48.64864864864865,False,reject,False
07-016-1300-02-1003,Veterans Memorial Middle Sch,IL,BLUE ISLAND,141331,Truman Middle College HS,CHICAGO,59.01639344262295,59.01639344262295,False,reject,False
07-016-1300-02-2010,Whittier Elementary School,IL,BLUE ISLAND,141844,Cove School,NORTHBROOK,70.58823529411765,43.24324324324324,False,reject,False
17-053-4260-04-2001,Cornell Elem School,IL,CORNELL,141920,Flanagan-Cornell High School,FLANAGAN,84.84848484848484,68.08510638297872,False,review,True
45-079-0010-22-2001,Coulterville Elementary School,IL,COULTERVILLE,141490,Coulterville High School,COULTERVILLE,88.37209302325581,74.07407407407408,True,review,True
45-079-0010-22-0001,Coulterville High School,IL,COULTERVILLE,141490,Coulterville High School,COULTERVILLE,100.0,100.0,True,auto_accept,False
45-079-0010-22-1002,Coulterville Junior High School,IL,COULTERVILLE,141490,Coulterville High School,COULTERVILLE,100.0,87.27272727272728,True,auto_accept,False
07-016-1600-02-2004,Meadowview  School,IL,COUNTRY CLUB HILLS,141844,Cove School,NORTHBROOK,71.42857142857143,71.42857142857143,False,reject,False
07-016-1600-02-1001,Southwood Middle School,IL,COUNTRY CLUB HILLS,140108,Middle Fork School,DANVILLE,83.87096774193549,63.41463414634146,False,reject,False
07-016-1600-02-2003,Zenon J Sykuta  School,IL,COUNTRY CLUB HILLS,141844,Cove School,NORTHBROOK,70.58823529411765,43.75,False,reject,False
30-091-0430-04-2001,Jonesboro Elem School,IL,JONESBORO,140060,Anna Jonesboro Community HS,ANNA,86.48648648648648,63.1578947368421,False,reject,False
04-101-3200-26-2005,Blackhawk Elementary School,IL,SOUTH BELOIT,141844,Cove School,NORTHBROOK,70.58823529411765,47.36842105263158,False,reject,False
04-101-3200-26-2003,Clark Elementary School,IL,SOUTH BELOIT,141844,Cove School,NORTHBROOK,70.58823529411765,52.94117647058824,False,reject,False
04-101-3200-26-2004,Riverview Elementary School,IL,SOUTH BELOIT,141844,Cove School,NORTHBROOK,70.58823529411765,47.36842105263158,False,reject,False
04-101-3200-26-1002,South Beloit Jr High School,IL,SOUTH BELOIT,143935,South Beloit High School,SOUTH BELOIT,100.0,94.11764705882352,True,auto_accept,False
04-101-3200-26-0001,South Beloit Sr High School,IL,SOUTH BELOIT,143935,South Beloit High School,SOUTH BELOIT,100.0,94.11764705882352,True,auto_accept,False
53-102-1220-17-0001,Metamora High School,IL,METAMORA,142890,Metamora Township High School,METAMORA,100.0,81.63265306122449,True,auto_accept,False
11-087-003A-26-2001,Cowden-Herrick Grade School,IL,HERRICK,141495,Cowden-Herrick Jr/Sr High Schl,COWDEN,77.19298245614036,66.66666666666667,False,reject,False
11-087-003A-26-0001,Cowden-Herrick Jr/Sr High School,IL,COWDEN,141495,Cowden-Herrick Jr/Sr High Schl,COWDEN,96.7741935483871,96.7741935483871,True,auto_accept,False
21-100-0030-26-2001,Crab Orchard Elementary School,IL,MARION,142770,Crab Orchard High School,MARION,88.37209302325581,74.07407407407408,True,review,True
21-100-0030-26-0001,Crab Orchard High School,IL,MARION,142770,Crab Orchard High School,MARION,100.0,100.0,True,auto_accept,False
32-038-2490-26-2001,Crescent City Grade School,IL,CRESCENT CITY,141500,Crescent Iroquois High School,CRESCENT CITY,73.17073170731707,65.45454545454545,True,reject,False
47-071-1610-04-2001,Creston Elem School,IL,CRESTON,140610,Charleston High School,CHARLESTON,73.17073170731707,73.17073170731707,False,reject,False
56-099-201U-26-2003,Balmoral Elem Sch,IL,CRETE,140046,Allendale School,LAKE VILLA,60.60606060606061,60.60606060606061,False,reject,False
56-099-201U-26-2008,Coretta Scott King Magnet Sch,IL,UNIVERSITY PARK,141505,Crete-Monee High School,CRETE,61.53846153846154,61.53846153846154,False,reject,False
56-099-201U-26-2004,Crete Elementary School,IL,CRETE,141844,Cove School,NORTHBROOK,70.58823529411765,52.94117647058824,False,reject,False
56-099-201U-26-3001,Crete-Monee Early Childhood Cntr,IL,CRETE,141505,Crete-Monee High School,CRETE,65.45454545454545,43.63636363636364,True,reject,False
56-099-201U-26-0001,Crete-Monee High School,IL,CRETE,141505,Crete-Monee High School,CRETE,100.0,100.0,True,auto_accept,False
56-099-201U-26-1002,Crete-Monee Middle School,IL,UNIVERSITY PARK,141505,Crete-Monee High School,CRETE,87.8048780487805,83.33333333333334,False,review,True
56-099-201U-26-2006,Monee Elementary School,IL,MONEE,141844,Cove School,NORTHBROOK,70.58823529411765,52.94117647058824,False,reject,False
56-099-201U-26-2007,Talala Elementary School,IL,PARK FOREST,141844,Cove School,NORTHBROOK,70.58823529411765,45.714285714285715,False,reject,False
53-090-0760-02-2004,LaSalle Elem School,IL,CREVE COEUR,141844,Cove School,NORTHBROOK,70.58823529411765,53.333333333333336,False,reject,False
53-090-0760-02-1005,Parkview Jr High School,IL,CREVE COEUR,140945,Leo High School,CHICAGO,84.61538461538461,68.42105263157895,False,review,True
44-063-0470-04-2001,Canterbury Elem School,IL,CRYSTAL LAKE,141844,Cove School,NORTHBROOK,70.58823529411765,54.54545454545454,False,reject,False
44-063-0470-04-2003,Coventry Elem School,IL,CRYSTAL LAKE,144175,Century High School,ULLIN,71.7948717948718,71.7948717948718,False,reject,False
44-063-0470-04-2011,Glacier Ridge Elementary School,IL,CRYSTAL LAKE,141890,Blue Ridge High School,FARMER CITY,70.58823529411765,64.15094339622642,False,reject,False
44-063-0470-04-1005,Hannah Beardsley Middle School,IL,CRYSTAL LAKE,140108,Middle Fork School,DANVILLE,83.87096774193549,62.5,False,reject,False
44-063-0470-04-2002,Husmann Elem School,IL,CRYSTAL LAKE,141844,Cove School,NORTHBROOK,70.58823529411765,53.333333333333336,False,reject,False
44-063-0470-04-2009,Indian Prairie Elem School,IL,CRYSTAL LAKE,4714,Indian Prairie School Dist 204,AURORA,89.36170212765957,78.57142857142857,False,review,True
44-063-0470-04-1004,Lundahl Middle School,IL,CRYSTAL LAKE,140108,Middle Fork School,DANVILLE,83.87096774193549,71.7948717948718,False,review,True
44-063-0470-04-2005,North Elem School,IL,CRYSTAL LAKE,140279,Belvidere North High School,BELVIDERE,82.75862068965517,72.72727272727273,False,review,True
44-063-0470-04-1006,Richard F Bernotas Middle Sch,IL,CRYSTAL LAKE,140225,Beardstown Middle High School,BEARDSTOWN,62.06896551724138,55.172413793103445,False,reject,False
44-063-0470-04-2007,South Elem School,IL,CRYSTAL LAKE,141517,Crystal Lake South High School,CRYSTAL LAKE,82.75862068965517,63.829787234042556,True,reject,False
44-063-0470-04-2008,West Elem School,IL,CRYSTAL LAKE,140265,Belleville Township HS West,BELLEVILLE,81.48148148148148,57.692307692307686,False,reject,False
44-063-0470-04-2010,Woods Creek Elementary School,IL,CRYSTAL LAKE,141844,Cove School,NORTHBROOK,70.58823529411765,44.99999999999999,False,reject,False
11-018-0770-26-2003,Cumberland Elem School,IL,TOLEDO,144125,Cumberland High School,TOLEDO,87.17948717948718,81.81818181818181,True,review,True
11-018-0770-26-0001,Cumberland High School,IL,TOLEDO,144125,Cumberland High School,TOLEDO,100.0,100.0,True,auto_accept,False
11-018-0770-26-1001,Cumberland Middle School,IL,TOLEDO,144125,Cumberland High School,TOLEDO,87.17948717948718,82.6086956521739,True,review,True
19-022-2000-26-2016,Bower Elem School,IL,WARRENVILLE,140882,Bowen High School,CHICAGO,70.58823529411765,70.58823529411764,False,reject,False
19-022-2000-26-2011,Carl Sandburg Elem School,IL,WHEATON,143325,Carl Sandburg High School,ORLAND PARK,88.88888888888889,84.0,False,review,True
19-022-2000-26-2018,Clifford Johnson School,IL,WARRENVILLE,142365,Johnston City High School,JOHNSTON CITY,70.83333333333333,70.83333333333333,False,reject,False
19-022-2000-26-1017,Edison Middle School,IL,WHEATON,140108,Middle Fork School,DANVILLE,83.87096774193549,78.94736842105263,False,review,True
19-022-2000-26-2001,Emerson Elem School,IL,WHEATON,141844,Cove School,NORTHBROOK,70.58823529411765,53.333333333333336,False,reject,False
19-022-2000-26-1018,Franklin Middle School,IL,WHEATON,141950,Franklin High School,FRANKLIN,85.71428571428571,80.95238095238095,False,review,True
19-022-2000-26-2002,Hawthorne Elem School,IL,WHEATON,141844,Cove School,NORTHBROOK,70.58823529411765,56.25,False,reject,False
19-022-2000-26-1020,Hubble Middle School,IL,WARRENVILLE,140108,Middle Fork School,DANVILLE,83.87096774193549,73.6842105263158,False,review,True
19-022-2000-26-3001,Jefferson Early Childhood Center,IL,WHEATON,140228,Peace Center,DOLTON,66.66666666666666,45.45454545454546,False,reject,False
19-022-2000-26-2006,Lincoln Elem School,IL,WHEATON,142625,Lincoln Community High School,LINCOLN,84.84848484848484,66.66666666666667,False,review,True
19-022-2000-26-2007,Longfellow Elem School,IL,WHEATON,141844,Cove School,NORTHBROOK,70.58823529411765,54.54545454545454,False,reject,False
19-022-2000-26-2008,Lowell Elem School,IL,WHEATON,141844,Cove School,NORTHBROOK,70.58823529411765,62.06896551724138,False,reject,False
19-022-2000-26-2009,Madison Elem School,IL,WHEATON,142715,Madison Senior High School,MADISON,84.84848484848484,66.66666666666667,False,review,True
19-022-2000-26-1001,Monroe Middle School,IL,WHEATON,140108,Middle Fork School,DANVILLE,84.21052631578948,68.42105263157895,False,review,True
19-022-2000-26-2010,Pleasant Hill Elem School,IL,WINFIELD,143510,Pleasant Hill High School,PLEASANT HILL,88.88888888888889,84.0,False,review,True
19-022-2000-26-2012,Washington Elementary School,IL,WHEATON,140842,George Washington High School,CHICAGO,75.55555555555556,70.17543859649122,False,reject,False
19-022-2000-26-0021,Wheaton North High School,IL,WHEATON,144386,Wheaton North High School,WHEATON,100.0,100.0,True,auto_accept,False
19-022-2000-26-0020,Wheaton Warrenville South H S,IL,WHEATON,144380,Wheaton-Warrenville South HS,WHEATON,100.0,100.0,True,auto_accept,False
19-022-2000-26-2013,Whittier Elem School,IL,WHEATON,143800,Saint Elmo High School,ST. ELMO,71.7948717948718,61.53846153846154,False,reject,False
19-022-2000-26-2014,Wiesbrook Elem School,IL,WHEATON,141844,Cove School,NORTHBROOK,70.58823529411765,50.0,False,reject,False
19-022-2010-26-2002,C E Miller Elem School,IL,WESTMONT,142535,La Moille Cmty High School,LA MOILLE,70.83333333333333,70.83333333333333,False,reject,False
19-022-2010-26-2001,J T Manning Elem School,IL,WESTMONT,143800,Saint Elmo High School,ST. ELMO,71.42857142857143,71.42857142857143,False,reject,False
19-022-2010-26-3001,South School,IL,WESTMONT,141517,Crystal Lake South High School,CRYSTAL LAKE,100.0,57.14285714285714,False,reject,False
19-022-2010-26-0001,Westmont High School,IL,WESTMONT,144363,Westmont High School,WESTMONT,100.0,100.0,True,auto_accept,False
19-022-2010-26-1004,Westmont Jr High School,IL,WESTMONT,144363,Westmont High School,WESTMONT,100.0,93.02325581395348,True,auto_accept,False
26-029-0030-26-2003,Cuba Elem School,IL,CUBA,141520,Cuba Middle Senior HS,CUBA,81.48148148148148,60.86956521739131,True,reject,False
26-029-0030-26-1001,Cuba Middle School,IL,CUBA,141520,Cuba Middle Senior HS,CUBA,100.0,75.0,True,review,True
26-029-0030-26-0001,Cuba Sr High School,IL,CUBA,141520,Cuba Middle Senior HS,CUBA,91.42857142857143,77.55102040816327,True,review,True
31-045-3000-26-2001,Algonquin Lakes Elem Sch,IL,ALGONQUIN,140080,Roe Safe School Macoupin,CARLINVILLE,58.333333333333336,58.33333333333333,False,reject,False
31-045-3000-26-1004,Algonquin Middle School,IL,ALGONQUIN,140108,Middle Fork School,DANVILLE,83.87096774193549,73.17073170731707,False,review,True
31-045-3000-26-2027,Big Timber Elementary School,IL,HAMPSHIRE,141844,Cove School,NORTHBROOK,70.58823529411765,41.02564102564102,False,reject,False
31-045-3000-26-201C,Cambridge Lakes Charter School,IL,PINGREE GROVE,140071,Cambridge Lakes Charter School,PINGREE GROVE,100.0,100.0,True,auto_accept,False
31-045-3000-26-1001,Carpentersville Middle School,IL,CARPENTERSVILLE,140108,Middle Fork School,DANVILLE,83.87096774193549,63.829787234042556,False,reject,False
31-045-3000-26-3001,Delacey Family Educ Ctr,IL,CARPENTERSVILLE,140314,Black Hawk Area Special Ed Ctr,EAST MOLINE,56.60377358490566,45.28301886792453,False,reject,False
31-045-3000-26-2009,Dundee Highlands Elem School,IL,WEST DUNDEE,140536,Dundee-Crown High School,CARPENTERSVLE,73.07692307692308,69.23076923076923,False,reject,False
31-045-3000-26-1005,Dundee Middle School,IL,DUNDEE,140108,Middle Fork School,DANVILLE,83.87096774193549,73.6842105263158,False,review,True
31-045-3000-26-0002,Dundee-Crown High School,IL,CARPENTERSVILLE,140536,Dundee-Crown High School,CARPENTERSVLE,100.0,100.0,False,auto_accept,False
31-045-3000-26-2010,Eastview Elem School,IL,ALGONQUIN,141844,Cove School,NORTHBROOK,70.58823529411765,58.06451612903225,False,reject,False
31-045-3000-26-2025,Gary D Wright Elem Sch,IL,HAMPSHIRE,141630,Downers Grove North High Sch,DOWNERS GROVE,56.0,43.99999999999999,False,reject,False
31-045-3000-26-2026,Gilberts Elem Sch,IL,GILBERTS,140043,Niles Central High School,SKOKIE,57.142857142857146,57.14285714285714,False,reject,False
31-045-3000-26-2012,Golfview Elem School,IL,CARPENTERSVILLE,141844,Cove School,NORTHBROOK,70.58823529411765,64.51612903225806,False,reject,False
31-045-3000-26-2013,Hampshire Elem School,IL,HAMPSHIRE,142185,Hampshire High School,HAMPSHIRE,86.48648648648648,76.19047619047619,True,review,True
31-045-3000-26-0003,Hampshire High School,IL,HAMPSHIRE,142185,Hampshire High School,HAMPSHIRE,100.0,100.0,True,auto_accept,False
31-045-3000-26-1008,Hampshire Middle School,IL,HAMPSHIRE,142185,Hampshire High School,HAMPSHIRE,86.48648648648648,81.81818181818181,True,review,True
31-045-3000-26-0004,Harry D Jacobs High School,IL,ALGONQUIN,140027,Harry D Jacobs High School,ALGONQUIN,100.0,100.0,True,auto_accept,False
31-045-3000-26-2020,Kenneth E Neubert Elem School,IL,ALGONQUIN,141844,Cove School,NORTHBROOK,70.58823529411765,40.0,False,reject,False
31-045-3000-26-2015,Lake in the Hills Elem School,IL,LK IN THE HLS,140764,The Day School,CHICAGO,83.33333333333333,55.81395348837209,False,reject,False
31-045-3000-26-2022,Lakewood School,IL,CARPENTERSVILLE,144183,Kingswood School,URBANA,77.41935483870968,77.41935483870968,False,reject,False
31-045-3000-26-2002,Liberty Elementary School,IL,CARPENTERSVILLE,142374,Liberty Valley School,JOLIET,80.0,60.86956521739131,False,reject,False
31-045-3000-26-2003,Lincoln Prairie Elem School,IL,LAKE IN THE HILLS,141100,Lincoln Park High School,CHICAGO,74.50980392156863,74.50980392156863,False,reject,False
31-045-3000-26-2016,Meadowdale Elem School,IL,CARPENTERSVILLE,141844,Cove School,NORTHBROOK,70.58823529411765,54.54545454545454,False,reject,False
31-045-3000-26-2018,Parkview Elementary School,IL,CARPENTERSVILLE,141844,Cove School,NORTHBROOK,70.58823529411765,48.64864864864865,False,reject,False
31-045-3000-26-2021,Perry Elementary School,IL,CARPENTERSVILLE,141844,Cove School,NORTHBROOK,70.58823529411765,47.05882352941176,False,reject,False
31-045-3000-26-2019,Sleepy Hollow Elem School,IL,SLEEPY HOLLOW,141844,Cove School,NORTHBROOK,70.58823529411765,44.44444444444444,False,reject,False
31-045-3000-26-2023,Westfield Community School,IL,ALGONQUIN,141091,Uplift Community School,CHICAGO,82.05128205128204,73.46938775510203,False,review,True
24-047-3080-26-1004,Bednarcik Junior High School,IL,AURORA,140945,Leo High School,CHICAGO,84.61538461538461,60.46511627906976,False,reject,False
24-047-3080-26-2004,Boulder Hill Elem School,IL,MONTGOMERY,140450,Bunker Hill High School,BUNKER HILL,72.34042553191489,72.34042553191489,False,reject,False
24-047-3080-26-3001,Brokaw Early Learning Center,IL,OSWEGO,143996,Stelle Learning Center,STELLE,81.08108108108108,60.0,False,reject,False
24-047-3080-26-2012,Churchill Elem School,IL,OSWEGO,141844,Cove School,NORTHBROOK,70.58823529411765,56.25,False,reject,False
24-047-3080-26-2008,Fox Chase Elementary School,IL,OSWEGO,141844,Cove School,NORTHBROOK,70.58823529411765,47.36842105263158,False,reject,False
24-047-3080-26-2014,Grande Park Elem Sch,IL,PLAINFIELD,141815,Elmwood Park High School,ELMWOOD PARK,63.63636363636363,63.63636363636363,False,reject,False
24-047-3080-26-2009,Homestead Elementary School,IL,AURORA,141844,Cove School,NORTHBROOK,70.58823529411765,47.36842105263158,False,reject,False
24-047-3080-26-2016,Hunt Club Elem,IL,OSWEGO,140133,Maryville Jen Unit C,DES PLAINES,52.94117647058823,52.94117647058824,False,reject,False
24-047-3080-26-2010,Lakewood Creek Elementary,IL,MONTGOMERY,1983,College Of Lake County,GRAYSLAKE,55.319148936170215,55.319148936170215,False,reject,False
24-047-3080-26-2005,Long Beach Elem School,IL,MONTGOMERY,141844,Cove School,NORTHBROOK,70.58823529411765,54.54545454545454,False,reject,False
24-047-3080-26-1006,Murphy Junior High School,IL,PLAINFIELD,140945,Leo High School,CHICAGO,84.61538461538461,65.0,False,review,True
24-047-3080-26-2006,Old Post Elementary School,IL,OSWEGO,141844,Cove School,NORTHBROOK,70.58823529411765,43.24324324324324,False,reject,False
24-047-3080-26-0002,Oswego East High School,IL,OSWEGO,143700,East High School,ROCKFORD,100.0,82.05128205128204,False,review,True
24-047-3080-26-0001,Oswego High School,IL,OSWEGO,143331,Oswego East High School,OSWEGO,100.0,87.8048780487805,True,auto_accept,False
24-047-3080-26-1005,Plank Junior High,IL,OSWEGO,141910,Fisher Junior-Senior HS,FISHER,78.57142857142857,57.14285714285714,False,reject,False
24-047-3080-26-2011,Prairie Point Elem School,IL,OSWEGO,143859,West Prairie High School,SCIOTA,73.6842105263158,65.3061224489796,False,reject,False
24-047-3080-26-2015,Southbury Elem School,IL,OSWEGO,141844,Cove School,NORTHBROOK,70.58823529411765,50.0,False,reject,False
24-047-3080-26-2007,The Wheatlands Elementary School,IL,AURORA,140764,The Day School,CHICAGO,83.33333333333333,56.52173913043479,False,reject,False
24-047-3080-26-1003,Thompson Jr High School,IL,OSWEGO,144115,Thomson HS,THOMSON,90.47619047619048,90.47619047619048,False,auto_accept,False
24-047-3080-26-1002,Traughber Jr High School,IL,OSWEGO,140945,Leo High School,CHICAGO,84.61538461538461,61.53846153846154,False,reject,False
24-047-3080-26-2013,Wolfs Crossing Elem School,IL,AURORA,143652,Holy Cross HS,RIVER GROVE,70.83333333333333,66.66666666666667,False,reject,False
01-001-0040-26-2006,Unity Elementary School,IL,MENDON,144130,Unity High School,TOLONO,82.75862068965517,65.0,False,review,True
01-001-0040-26-0001,Unity High School,IL,MENDON,141983,Unity Christian High School,FULTON,100.0,77.27272727272727,False,review,True
01-001-0040-26-2007,Unity Middle School,IL,MENDON,140108,Middle Fork School,DANVILLE,83.87096774193549,70.27027027027026,False,review,True
21-044-0640-02-2001,Cypress Elem School,IL,CYPRESS,141844,Cove School,NORTHBROOK,70.58823529411765,60.0,False,reject,False
08-089-2010-26-2003,Dakota Elementary School,IL,DAKOTA,141844,Cove School,NORTHBROOK,70.58823529411765,51.42857142857142,False,reject,False
08-089-2010-26-0001,Dakota Jr Sr High School,IL,DAKOTA,141535,Dakota Jr-Sr High School,DAKOTA,100.0,100.0,True,auto_accept,False
26-034-3270-04-2002,Dallas City Elem School,IL,DALLAS CITY,141540,Dallas City HS,DALLAS CITY,87.8048780487805,82.6086956521739,True,review,True
28-006-0980-02-2001,Dalzell Grade School,IL,DALZELL,140323,Harlem High School - 9th Grade,MACHESNEY PK,75.0,54.16666666666667,False,reject,False
13-014-0620-02-2001,Damiansville Elem School,IL,DAMIANSVILLE,141550,Danville High School,DANVILLE,72.72727272727272,72.72727272727273,False,reject,False
54-092-1180-24-0022,Danville High School,IL,DANVILLE,141550,Danville High School,DANVILLE,100.0,100.0,True,auto_accept,False
54-092-1180-24-2005,Edison Elem School,IL,DANVILLE,141844,Cove School,NORTHBROOK,70.58823529411765,62.06896551724138,False,reject,False
54-092-1180-24-2010,Liberty Elem School,IL,DANVILLE,142374,Liberty Valley School,JOLIET,85.0,70.0,False,review,True
54-092-1180-24-2020,Mark Denman Elementary School,IL,DANVILLE,141844,Cove School,NORTHBROOK,70.58823529411765,40.0,False,reject,False
54-092-1180-24-2019,Meade Park Elem School,IL,DANVILLE,141844,Cove School,NORTHBROOK,70.58823529411765,48.484848484848484,False,reject,False
54-092-1180-24-1020,North Ridge Middle School,IL,DANVILLE,140108,Middle Fork School,DANVILLE,83.87096774193549,60.46511627906976,True,reject,False
54-092-1180-24-2013,Northeast Elem Magnet School,IL,DANVILLE,141392,Disney II Magnet School,CHICAGO,72.22222222222223,58.82352941176471,False,reject,False
54-092-1180-24-1021,South View Upper Elem School,IL,DANVILLE,141844,Cove School,NORTHBROOK,70.58823529411765,41.02564102564102,False,reject,False
54-092-1180-24-2021,Southwest  Elem School,IL,DANVILLE,140078,Excel Academy - Southwest HS,CHICAGO,86.48648648648648,67.85714285714286,False,review,True
19-022-0610-02-1004,Eisenhower Jr High School,IL,DARIEN,141558,Eisenhower High School,DECATUR,100.0,93.61702127659575,False,auto_accept,False
19-022-0610-02-2002,Lace Elem School,IL,DARIEN,140937,Lawrence Hall School,CHICAGO,72.22222222222223,72.22222222222221,False,reject,False
19-022-0610-02-2001,Mark DeLay School,IL,DARIEN,140214,Marklund Day School,BLOOMINGDALE,83.33333333333333,83.33333333333334,False,review,True
39-055-0610-25-2004,Dennis Lab School,IL,DECATUR,140686,Genesis School,CHICAGO,70.96774193548387,70.96774193548387,False,reject,False
39-055-0610-25-0036,Eisenhower High School,IL,DECATUR,140345,Dwight D Eisenhower HS,BLUE ISLAND,100.0,83.01886792452831,False,review,True
39-055-0610-25-2010,Ellsworth Dansby Jr. Magnet School,IL,DECATUR,141392,Disney II Magnet School,CHICAGO,72.22222222222223,64.28571428571428,False,reject,False
39-055-0610-25-2009,Franklin Grove Elem School,IL,DECATUR,141950,Franklin High School,FRANKLIN,85.71428571428571,73.91304347826086,False,review,True
39-055-0610-25-2034,Hope Academy,IL,DECATUR,141008,Chicago Hope Academy,CHICAGO,100.0,75.0,False,review,True
39-055-0610-25-2032,Johns Hill Magnet School,IL,DECATUR,140034,Mansueto High School,CHICAGO,72.72727272727272,72.72727272727273,False,reject,False
39-055-0610-25-0038,MacArthur High School,IL,DECATUR,141562,Douglas Macarthur High School,DECATUR,100.0,84.0,True,auto_accept,False
39-055-0610-25-2031,Michael E Baum Elem School,IL,DECATUR,141844,Cove School,NORTHBROOK,70.58823529411765,48.64864864864865,False,reject,False
39-055-0610-25-2011,Montessori Academy for Peace,IL,DECATUR,144273,Carmel Montessori Academy,WARRENVILLE,83.72093023255815,75.47169811320755,False,review,True
39-055-0610-25-2016,Muffley Elem School,IL,DECATUR,141844,Cove School,NORTHBROOK,70.58823529411765,53.333333333333336,False,reject,False
39-055-0610-25-2019,Parsons Elementary School,IL,DECATUR,141844,Cove School,NORTHBROOK,70.58823529411765,44.44444444444444,False,reject,False
39-055-0610-25-3001,Pershing Early Learning Center,IL,DECATUR,143996,Stelle Learning Center,STELLE,81.08108108108108,65.38461538461539,False,review,True
39-055-0610-25-201C,Robertson Charter School,IL,DECATUR,140626,Amandla Charter School,CHICAGO,77.77777777777777,60.86956521739131,False,reject,False
39-055-0610-25-2023,South Shores Elem School,IL,DECATUR,141295,South Shore HS,CHICAGO,80.85106382978724,80.85106382978724,False,review,True
39-055-0610-25-1034,Stephen Decatur Middle School,IL,DECATUR,141556,Stephen Decatur HS,DECATUR,89.79591836734694,85.71428571428572,True,auto_accept,False
53-090-7010-26-0001,Dee-Mack High School,IL,MACKINAW,140945,Leo High School,CHICAGO,84.61538461538461,68.57142857142857,False,review,True
53-090-7010-26-2002,Dee-Mack Intermediate School,IL,DEER CREEK,141844,Cove School,NORTHBROOK,70.58823529411765,41.02564102564102,False,reject,False
53-090-7010-26-2003,Dee-Mack Primary/Jr High,IL,MACKINAW,142695,Deer Creek Mackinaw HS,MACKINAW,58.18181818181818,54.54545454545454,True,reject,False
35-050-0820-04-2001,Deer Park C C Elem School,IL,OTTAWA,141844,Cove School,NORTHBROOK,70.58823529411765,50.0,False,reject,False
34-049-1090-02-1005,Alan B Shepard Middle School,IL,DEERFIELD,143356,Alan B Shepard High School,PALOS HEIGHTS,89.36170212765957,85.18518518518519,False,review,True
34-049-1090-02-1006,Charles J Caruso Middle School,IL,DEERFIELD,140108,Middle Fork School,DANVILLE,83.87096774193549,66.66666666666667,False,review,True
34-049-1090-02-2003,Kipling Elem School,IL,DEERFIELD,140033,Living Free School,CHICAGO,75.67567567567568,75.67567567567568,False,reject,False
34-049-1090-02-2008,South Park Elem School,IL,DEERFIELD,141815,Elmwood Park High School,ELMWOOD PARK,73.91304347826087,65.21739130434783,False,reject,False
34-049-1090-02-2006,Walden Elem School,IL,DEERFIELD,140046,Allendale School,LAKE VILLA,70.58823529411765,58.82352941176471,False,reject,False
34-049-1090-02-2007,Wilmot Elem School,IL,DEERFIELD,141844,Cove School,NORTHBROOK,70.58823529411765,55.172413793103445,False,reject,False
16-019-4280-26-1011,Clinton Rosette Middle School,IL,DEKALB,140108,Middle Fork School,DANVILLE,83.87096774193549,63.829787234042556,False,reject,False
16-019-4280-26-2009,Cortland Elementary School,IL,CORTLAND,141844,Cove School,NORTHBROOK,70.58823529411765,54.054054054054056,False,reject,False
16-019-4280-26-3001,DeKalb Early Learning and Development Center,IL,DEKALB,143996,Stelle Learning Center,STELLE,81.08108108108108,45.45454545454546,False,reject,False
16-019-4280-26-0011,DeKalb High School,IL,DEKALB,141575,Dekalb High School,DEKALB,100.0,100.0,True,auto_accept,False
16-019-4280-26-2014,Founders Elementary School,IL,DEKALB,141844,Cove School,NORTHBROOK,70.58823529411765,48.64864864864865,False,reject,False
16-019-4280-26-2011,Gwendolyn Brooks Elem Sch,IL,DEKALB,141297,Gwendolyn Brooks Coll Prep Aca,CHICAGO,78.04878048780488,69.0909090909091,False,reject,False
16-019-4280-26-1010,Huntley Middle School,IL,DEKALB,142320,Huntley High School,HUNTLEY,84.84848484848484,70.0,False,review,True
16-019-4280-26-2005,Jefferson Elem School,IL,DEKALB,141018,Nancy B Jefferson Alt School,CHICAGO,86.48648648648648,73.46938775510203,False,review,True
16-019-4280-26-2006,Lincoln Elementary School,IL,DEKALB,141100,Lincoln Park High School,CHICAGO,73.6842105263158,61.224489795918366,False,reject,False
16-019-4280-26-2007,Littlejohn Elem School,IL,DEKALB,141844,Cove School,NORTHBROOK,70.58823529411765,48.484848484848484,False,reject,False
16-019-4280-26-2012,Malta Elementary School,IL,MALTA,142730,Malta HS,MALTA,82.75862068965517,65.0,True,review,True
16-019-4280-26-2008,Tyler Elementary School,IL,DE KALB,141844,Cove School,NORTHBROOK,70.58823529411765,47.05882352941176,False,reject,False
39-074-0570-26-2002,Deland-Weldon Elem School,IL,WELDON,141580,Deland-Weldon High School,DE LAND,88.88888888888889,84.0,False,review,True
39-074-0570-26-0001,Deland-Weldon High School,IL,DE LAND,141580,Deland-Weldon High School,DE LAND,100.0,100.0,True,auto_accept,False
39-074-0570-26-1001,Deland-Weldon Middle School,IL,WELDON,141580,Deland-Weldon High School,DE LAND,88.88888888888889,84.61538461538461,False,review,True
53-090-7030-26-2001,Delavan Elementary School,IL,DELAVAN,141585,Delavan High School,DELAVAN,84.84848484848484,68.18181818181819,True,review,True
53-090-7030-26-0001,Delavan High School,IL,DELAVAN,141585,Delavan High School,DELAVAN,100.0,100.0,True,auto_accept,False
53-090-7030-26-1001,Delavan Jr High School,IL,DELAVAN,141585,Delavan High School,DELAVAN,100.0,92.6829268292683,True,auto_accept,False
28-006-1030-22-2001,DePue Elem School,IL,DEPUE,141590,Depue Unit School,DEPUE,82.75862068965517,70.58823529411764,True,review,True
28-006-1030-22-0001,DePue High School,IL,DEPUE,141840,Eureka High School,EUREKA,85.71428571428571,85.71428571428572,False,review,True
30-039-0860-03-2001,DeSoto Elementary School,IL,DE SOTO,141844,Cove School,NORTHBROOK,70.58823529411765,51.42857142857142,False,reject,False
34-049-0760-02-2004,Diamond Lake School,IL,MUNDELEIN,141515,Crystal Lake Central HS,CRYSTAL LAKE,73.33333333333333,50.98039215686274,False,reject,False
34-049-0760-02-2003,West Oak Intermediate School,IL,MUNDELEIN,141844,Cove School,NORTHBROOK,70.58823529411765,41.02564102564102,False,reject,False
34-049-0760-02-1003,West Oak Middle School,IL,MUNDELEIN,140108,Middle Fork School,DANVILLE,83.87096774193549,65.0,False,review,True
03-025-0300-26-2002,Dieterich Elem School,IL,DIETERICH,141608,Dieterich Community School,DIETERICH,86.48648648648648,68.08510638297872,True,review,True
03-025-0300-26-0001,Dieterich Jr/Sr High School,IL,DIETERICH,140945,Leo High School,CHICAGO,84.61538461538461,57.14285714285714,False,reject,False
35-050-0175-04-2001,Dimmick Comm Cons SD 175,IL,LA SALLE,141608,Dieterich Community School,DIETERICH,48.0,48.0,False,reject,False
53-090-0500-02-2002,Beverly Manor Elementary School,IL,WASHINGTON,141844,Cove School,NORTHBROOK,70.58823529411765,42.85714285714286,False,reject,False
53-090-0500-02-2001,J L Hensey Elem School,IL,WASHINGTON,141844,Cove School,NORTHBROOK,70.58823529411765,48.484848484848484,False,reject,False
47-052-1700-22-0001,Dixon High School,IL,DIXON,141615,Dixon High School,DIXON,100.0,100.0,True,auto_accept,False
47-052-1700-22-2004,Jefferson Elem School,IL,DIXON,141018,Nancy B Jefferson Alt School,CHICAGO,86.48648648648648,73.46938775510203,False,review,True
47-052-1700-22-2003,Madison School,IL,DIXON,142715,Madison Senior High School,MADISON,100.0,70.0,False,review,True
47-052-1700-22-1001,Reagan Middle School,IL,DIXON,140108,Middle Fork School,DANVILLE,83.87096774193549,68.42105263157895,False,review,True
47-052-1700-22-2008,Washington Elem School,IL,DIXON,140842,George Washington High School,CHICAGO,87.17948717948718,78.43137254901961,False,review,True
07-016-1480-02-3002,Early Childhood Cntr,IL,DOLTON,141635,Tri-Valley High School,DOWNS,57.142857142857146,57.14285714285714,False,reject,False
07-016-1480-02-2007,Franklin Elementary School,IL,DOLTON,141950,Franklin High School,FRANKLIN,85.71428571428571,65.21739130434783,False,review,True
07-016-1480-02-2003,Lincoln Elementary School,IL,DOLTON,141100,Lincoln Park High School,CHICAGO,73.6842105263158,61.224489795918366,False,reject,False
07-016-1480-02-1003,Lincoln Junior High School,IL,DOLTON,141100,Lincoln Park High School,CHICAGO,88.37209302325581,76.0,False,review,True
07-016-1480-02-2010,Park Elementary School,IL,RIVERDALE,141844,Cove School,NORTHBROOK,70.58823529411765,48.484848484848484,False,reject,False
07-016-1480-02-2002,Riverdale School,IL,RIVERDALE,143540,Riverdale Senior High School,PORT BYRON,100.0,72.72727272727273,False,review,True
07-016-1480-02-2005,Roosevelt Elem School,IL,DOLTON,143717,Roosevelt Cmty Educ Ctr Alt HS,ROCKFORD,86.48648648648648,63.33333333333333,False,reject,False
07-016-1480-02-1002,Roosevelt Junior High School,IL,DOLTON,141105,Roosevelt High School,CHICAGO,100.0,85.71428571428572,False,auto_accept,False
07-016-1480-02-2006,Washington Elem School,IL,RIVERDALE,140842,George Washington High School,CHICAGO,87.17948717948718,78.43137254901961,False,review,True
07-016-1480-02-1004,Washington Junior High,IL,RIVERDALE,140356,Booker T Washington High Sch,HARRISBURG,81.08108108108108,64.0,False,reject,False
07-016-1490-02-2006,Berger-Vandenberg Elem School,IL,DOLTON,141844,Cove School,NORTHBROOK,70.58823529411765,40.0,False,reject,False
07-016-1490-02-2009,Carol Moseley Braun School,IL,CALUMET CITY,141844,Cove School,NORTHBROOK,70.58823529411765,54.054054054054056,False,reject,False
07-016-1490-02-2005,Caroline Sibley Elem School,IL,CALUMET CITY,141844,Cove School,NORTHBROOK,70.58823529411765,52.63157894736843,False,reject,False
07-016-1490-02-1005,Creative Communications Acad,IL,CALUMET CITY,140263,Connections Academy East,LAKE FOREST,69.23076923076923,69.23076923076923,False,reject,False
07-016-1490-02-2002,Diekman Elem School,IL,DOLTON,141844,Cove School,NORTHBROOK,70.58823529411765,53.333333333333336,False,reject,False
07-016-1490-02-2010,New Beginnings Learning Academy,IL,SOUTH HOLLAND,140352,Academy For Learning,DOLTON,88.88888888888889,66.66666666666667,False,review,True
07-016-1490-02-1004,S T E M Academy,IL,CALUMET CITY,140652,Cs Academy,CHICAGO,82.35294117647058,72.0,False,review,True
07-016-1490-02-1006,School of Fine Arts,IL,CALUMET CITY,140822,Chicago High School For Arts,CHICAGO,73.33333333333333,63.829787234042556,False,reject,False
30-091-0660-22-2001,Dongola Elementary School,IL,DONGOLA,141620,Dongola High School,DONGOLA,84.84848484848484,68.18181818181819,True,review,True
30-091-0660-22-0001,Dongola High School,IL,DONGOLA,141620,Dongola High School,DONGOLA,100.0,100.0,True,auto_accept,False
30-091-0660-22-1001,Dongola Jr High School,IL,DONGOLA,141620,Dongola High School,DONGOLA,100.0,92.6829268292683,True,auto_accept,False
32-038-0030-26-2002,Donovan Elem School,IL,DONOVAN,141625,Donovan High School,DONOVAN,84.84848484848484,78.94736842105263,True,review,True
32-038-0030-26-1001,Donovan Jr High School,IL,DONOVAN,141625,Donovan High School,DONOVAN,100.0,92.6829268292683,True,auto_accept,False
32-038-0030-26-0001,Donovan Sr High School,IL,DONOVAN,141625,Donovan High School,DONOVAN,100.0,92.6829268292683,True,auto_accept,False
19-022-0580-02-2001,Belle Aire Elem School,IL,DOWNERS GROVE,141844,Cove School,NORTHBROOK,70.58823529411765,48.484848484848484,False,reject,False
19-022-0580-02-2002,El Sierra Elem School,IL,DOWNERS GROVE,141844,Cove School,NORTHBROOK,70.58823529411765,50.0,False,reject,False
19-022-0580-02-2003,Fairmount Elem School,IL,DOWNERS GROVE,141844,Cove School,NORTHBROOK,70.58823529411765,50.0,False,reject,False
19-022-0580-02-2014,Henry Puffer School,IL,DOWNERS GROVE,142240,Henry-Senachwine High School,HENRY,77.41935483870968,55.319148936170215,False,reject,False
19-022-0580-02-1014,Herrick Middle School,IL,DOWNERS GROVE,140108,Middle Fork School,DANVILLE,83.87096774193549,82.05128205128204,False,review,True
19-022-0580-02-2004,Highland Elem School,IL,DOWNERS GROVE,142275,Highland Park High School,HIGHLAND PARK,85.71428571428571,71.11111111111111,False,review,True
19-022-0580-02-2005,Hillcrest Elem School,IL,DOWNERS GROVE,141493,Hillcrest High School,CNTRY CLB HLS,86.48648648648648,80.95238095238095,False,review,True
19-022-0580-02-2006,Indian Trail Elem School,IL,DOWNERS GROVE,143880,Indian Creek High School,SHABBONA,75.0,66.66666666666667,False,reject,False
19-022-0580-02-2007,Kingsley Elem School,IL,DOWNERS GROVE,143800,Saint Elmo High School,ST. ELMO,71.7948717948718,66.66666666666667,False,reject,False
19-022-0580-02-2008,Lester Elem School,IL,DOWNERS GROVE,141844,Cove School,NORTHBROOK,70.58823529411765,55.172413793103445,False,reject,False
19-022-0580-02-1015,O Neill Middle School,IL,DOWNERS GROVE,140108,Middle Fork School,DANVILLE,83.87096774193549,66.66666666666667,False,review,True
19-022-0580-02-2010,Pierce Downer Elem School,IL,DOWNERS GROVE,141844,Cove School,NORTHBROOK,70.58823529411765,50.0,False,reject,False
19-022-0580-02-2013,Whittier Elem School,IL,DOWNERS GROVE,143800,Saint Elmo High School,ST. ELMO,71.7948717948718,61.53846153846154,False,reject,False
30-073-3000-26-2003,Du Quoin  Elementary School,IL,DU QUOIN,141844,Cove School,NORTHBROOK,70.58823529411765,43.24324324324324,False,reject,False
30-073-3000-26-2002,Du Quoin  Middle School,IL,DU QUOIN,140108,Middle Fork School,DANVILLE,83.87096774193549,70.0,False,review,True
30-073-3000-26-0001,Du Quoin High School,IL,DU QUOIN,141655,Duquoin High School,DU QUOIN,97.43589743589743,71.7948717948718,True,review,True
48-072-3230-26-2004,Banner Elementary School,IL,DUNLAP,140157,Banner School,CHICAGO,100.0,70.27027027027026,False,review,True
48-072-3230-26-2002,Dunlap Grade School,IL,DUNLAP,141645,Dunlap High School,DUNLAP,83.87096774193549,81.08108108108108,True,review,True
48-072-3230-26-0004,Dunlap High School,IL,DUNLAP,141645,Dunlap High School,DUNLAP,100.0,100.0,True,auto_accept,False
48-072-3230-26-1001,Dunlap Middle School,IL,DUNLAP,141645,Dunlap High School,DUNLAP,83.87096774193549,78.94736842105263,True,review,True
48-072-3230-26-1002,Dunlap Valley Middle School,IL,DUNLAP,141645,Dunlap High School,DUNLAP,83.87096774193549,66.66666666666667,True,review,True
48-072-3230-26-2006,Hickory Grove Elementary School,IL,DUNLAP,141778,Elk Grove High School,ELK GROVE VLG,72.72727272727272,69.23076923076923,False,reject,False
48-072-3230-26-2005,Ridgeview Elementary School,IL,PEORIA,141460,Ridgeview High School,COLFAX,86.48648648648648,70.83333333333333,False,review,True
48-072-3230-26-2003,Wilder-Waite Grade School,IL,PEORIA,141844,Cove School,NORTHBROOK,70.58823529411765,44.44444444444444,False,reject,False
19-022-0880-16-0001,Addison Trail High School,IL,ADDISON,140003,Addison Trail High School,ADDISON,100.0,100.0,True,auto_accept,False
19-022-0880-16-0002,Willowbrook High School,IL,VILLA PARK,144232,Willowbrook High School,VILLA PARK,100.0,100.0,True,auto_accept,False
04-101-3220-26-2001,Durand Elem School,IL,DURAND,141660,Durand High School,DURAND,83.87096774193549,77.77777777777779,True,review,True
04-101-3220-26-0001,Durand High School,IL,DURAND,141660,Durand High School,DURAND,100.0,100.0,True,auto_accept,False
04-101-3220-26-1001,Durand Jr High School,IL,DURAND,141660,Durand High School,DURAND,100.0,92.3076923076923,True,auto_accept,False
17-053-2320-02-2001,Dwight Common School,IL,DWIGHT,140760,Crane Tech Prep Common School,CHICAGO,78.78787878787878,57.14285714285714,False,reject,False
17-053-2300-17-0001,Dwight High School,IL,DWIGHT,140345,Dwight D Eisenhower HS,BLUE ISLAND,100.0,73.46938775510203,False,review,True
35-050-0090-26-2001,Earlville Elem School,IL,EARLVILLE,141670,Earlville Jr-Sr High School,EARLVILLE,86.48648648648648,70.83333333333333,True,review,True
35-050-0090-26-0001,Earlville Jr/Sr High School,IL,EARLVILLE,141670,Earlville Jr-Sr High School,EARLVILLE,100.0,100.0,True,auto_accept,False
35-050-0090-26-3001,The Earlville Early Learning Center,IL,EARLVILLE,143996,Stelle Learning Center,STELLE,81.08108108108108,63.1578947368421,False,reject,False
41-057-0130-02-1001,East Alton Middle School,IL,EAST ALTON,140108,Middle Fork School,DANVILLE,83.87096774193549,71.42857142857143,False,review,True
41-057-0130-02-2002,Eastwood Elem School,IL,EAST ALTON,141844,Cove School,NORTHBROOK,70.58823529411765,58.06451612903225,False,reject,False
41-057-0130-02-3002,Washington Elem School,IL,EAST ALTON,140842,George Washington High School,CHICAGO,87.17948717948718,78.43137254901961,False,review,True
41-057-0140-16-0001,East Alton-Wood River High Sch,IL,WOOD RIVER,144465,East Alton-Wood River HS,WOOD RIVER,95.23809523809524,95.23809523809523,True,auto_accept,False
47-098-0200-02-2001,East Coloma - Nelson Elem Sch,IL,ROCK FALLS,140263,Connections Academy East,LAKE FOREST,58.8235294117647,43.13725490196079,False,reject,False
08-043-1190-22-2002,East Dubuque Elem School,IL,EAST DUBUQUE,141680,East Dubuque High School,EAST DUBUQUE,88.37209302325581,83.33333333333334,True,auto_accept,False
08-043-1190-22-0003,East Dubuque High School,IL,EAST DUBUQUE,141680,East Dubuque High School,EAST DUBUQUE,100.0,100.0,True,auto_accept,False
08-043-1190-22-1001,East Dubuque Jr High,IL,EAST DUBUQUE,141680,East Dubuque High School,EAST DUBUQUE,91.89189189189189,81.81818181818181,True,auto_accept,False
05-016-0630-02-2012,Apollo Elem School,IL,DES PLAINES,140046,Allendale School,LAKE VILLA,76.47058823529412,76.47058823529412,False,reject,False
05-016-0630-02-3001,Early Learning Center,IL,DES PLAINES,143719,Regional Learning Center,ROCKFORD,84.44444444444444,66.66666666666667,False,review,True
05-016-0630-02-1003,Gemini Middle School,IL,NILES,140108,Middle Fork School,DANVILLE,83.87096774193549,73.6842105263158,False,review,True
05-016-0630-02-2009,Mark Twain Elem School,IL,NILES,141844,Cove School,NORTHBROOK,70.58823529411765,48.484848484848484,False,reject,False
05-016-0630-02-2011,Melzer School,IL,MORTON GROVE,140199,Miner School,ARLINGTON HTS,80.0,80.0,False,review,True
05-016-0630-02-2006,V H Nelson Elem School,IL,NILES,141844,Cove School,NORTHBROOK,70.58823529411765,48.484848484848484,False,reject,False
05-016-0630-02-2010,Washington Elem School,IL,GLENVIEW,140842,George Washington High School,CHICAGO,87.17948717948718,78.43137254901961,False,review,True
49-081-0370-02-2001,Bowlesburg Elem School,IL,SILVIS,141844,Cove School,NORTHBROOK,70.58823529411765,54.54545454545454,False,reject,False
49-081-0370-02-3002,East Moline Early Learning Center,IL,EAST MOLINE,143996,Stelle Learning Center,STELLE,81.08108108108108,65.45454545454545,False,review,True
49-081-0370-02-1002,Glenview Middle School,IL,EAST MOLINE,140108,Middle Fork School,DANVILLE,83.87096774193549,70.0,False,review,True
49-081-0370-02-2003,Hillcrest Elem School,IL,EAST MOLINE,141493,Hillcrest High School,CNTRY CLB HLS,86.48648648648648,80.95238095238095,False,review,True
49-081-0370-02-2008,Ridgewood Elem School,IL,EAST MOLINE,141097,Ridgewood High School,NORRIDGE,86.48648648648648,80.95238095238095,False,review,True
49-081-0370-02-2009,Wells Elem School,IL,EAST MOLINE,143708,Mill School,ROCKFORD,71.42857142857143,57.14285714285714,False,reject,False
53-090-3090-16-0001,East Peoria High School,IL,EAST PEORIA,143700,East High School,ROCKFORD,100.0,82.05128205128204,False,review,True
53-090-0860-02-2001,Armstrong-Oakview Elem School,IL,EAST PEORIA,140105,Armstrong Township High School,ARMSTRONG,71.11111111111111,61.01694915254237,False,reject,False
53-090-0860-02-1011,Central Jr High School,IL,EAST PEORIA,141970,Aquinas Central Cath Jr-Sr HS,FREEPORT,100.0,73.33333333333334,False,review,True
53-090-0860-02-2008,Don D Shute Elem School,IL,EAST PEORIA,141844,Cove School,NORTHBROOK,70.58823529411765,52.94117647058824,False,reject,False
53-090-0860-02-2003,Glendale Elem School,IL,EAST PEORIA,140046,Allendale School,LAKE VILLA,83.33333333333333,83.33333333333334,False,review,True
53-090-0860-02-2005,Lincoln Elem School,IL,EAST PEORIA,142625,Lincoln Community High School,LINCOLN,84.84848484848484,66.66666666666667,False,review,True
53-090-0860-02-2002,P L Bolin Elem School,IL,EAST PEORIA,141844,Cove School,NORTHBROOK,70.58823529411765,56.25,False,reject,False
53-090-0860-02-2010,Woodrow Wilson Elem School,IL,EAST PEORIA,141844,Cove School,NORTHBROOK,70.58823529411765,43.24324324324324,False,reject,False
05-016-0730-02-2001,East Prairie Elem School,IL,SKOKIE,143700,East High School,ROCKFORD,81.48148148148148,65.0,False,review,True
50-082-1890-22-2038,Annette Officer Elementary,IL,EAST SAINT LOUIS,141325,Roberto Clemente Cmty Academy,CHICAGO,50.90909090909091,50.90909090909091,False,reject,False
50-082-1890-22-2008,Dunbar Elem School,IL,EAST SAINT LOUIS,141844,Cove School,NORTHBROOK,70.58823529411765,55.172413793103445,False,reject,False
50-082-1890-22-0043,East St Louis Senior High School,IL,EAST SAINT LOUIS,143700,East High School,ROCKFORD,100.0,66.66666666666667,False,review,True
50-082-1890-22-1036,East St Louis-Lincoln Middle School,IL,EAST SAINT LOUIS,140108,Middle Fork School,DANVILLE,83.87096774193549,56.60377358490566,False,reject,False
50-082-1890-22-2056,James Avant Elementary School,IL,WASHINGTON PK,141844,Cove School,NORTHBROOK,70.58823529411765,44.99999999999999,False,reject,False
50-082-1890-22-2054,Katie Harper-Wright Elem,IL,EAST SAINT LOUIS,141663,Dwight Baptist Academy,DWIGHT,56.52173913043478,56.52173913043479,False,reject,False
50-082-1890-22-1007,Mason/Clark Middle Sch,IL,EAST SAINT LOUIS,140108,Middle Fork School,DANVILLE,65.0,65.0,False,reject,False
50-082-1890-22-001C,SIU Charter Sch of East St Louis,IL,EAST SAINT LOUIS,141727,Siu E St Louis Charter HS,E SAINT LOUIS,81.81818181818181,78.78787878787878,False,review,True
50-082-1890-22-3006,Vivian Adams Early Child Ctr,IL,EAST SAINT LOUIS,144181,Calvary Baptist Christian Acad,URBANA,51.724137931034484,51.72413793103448,False,reject,False
50-082-1890-22-2055,Wyvetter Younge School of Excellence,IL,E SAINT LOUIS,140253,Wyvetter Younge Alt Center,E SAINT LOUIS,73.17073170731707,64.51612903225806,True,reject,False
08-008-3080-26-2003,Eastland Elementary School,IL,SHANNON,142540,Eastland High School,LANARK,85.71428571428571,69.56521739130434,False,review,True
08-008-3080-26-0001,Eastland Jr/Sr High School,IL,LANARK,142540,Eastland High School,LANARK,100.0,86.95652173913044,True,auto_accept,False
11-023-0060-26-2003,Chrisman Elem School,IL,CHRISMAN,141400,Chrisman High School,CHRISMAN,85.71428571428571,80.0,True,review,True
11-023-0060-26-0001,Chrisman High School,IL,CHRISMAN,141400,Chrisman High School,CHRISMAN,100.0,100.0,True,auto_accept,False
11-023-0060-26-1001,Chrisman-Scottland Jr High School,IL,CHRISMAN,141400,Chrisman High School,CHRISMAN,100.0,75.47169811320755,True,review,True
03-011-0040-26-2001,Edinburg Elem School,IL,EDINBURG,141730,Edinburg High School,EDINBURG,85.71428571428571,80.0,True,review,True
03-011-0040-26-0002,Edinburg High School,IL,EDINBURG,141730,Edinburg High School,EDINBURG,100.0,100.0,True,auto_accept,False
03-011-0040-26-1001,Edinburg Jr High School,IL,EDINBURG,141730,Edinburg High School,EDINBURG,100.0,93.02325581395348,True,auto_accept,False
20-024-0010-26-2001,Albion Grade School,IL,ALBION,140323,Harlem High School - 9th Grade,MACHESNEY PK,77.41935483870968,55.319148936170215,False,reject,False
20-024-0010-26-0005,Edwards County High School,IL,ALBION,140005,Edwards County High School,ALBION,100.0,100.0,True,auto_accept,False
20-024-0010-26-2004,West Salem Grade School,IL,WEST SALEM,141597,Maine West HS,DES PLAINES,71.11111111111111,71.11111111111111,False,reject,False
41-057-0070-26-2012,Albert Cassens Elementary,IL,GLEN CARBON,140840,Carver Military Academy,CHICAGO,50.0,50.0,False,reject,False
41-057-0070-26-2003,Columbus Elem School,IL,EDWARDSVILLE,141844,Cove School,NORTHBROOK,70.58823529411765,64.51612903225806,False,reject,False
41-057-0070-26-0001,Edwardsville High School,IL,EDWARDSVILLE,141735,Edwardsville Senior HS,EDWARDSVILLE,100.0,87.27272727272728,True,auto_accept,False
41-057-0070-26-2006,Glen Carbon Elem School,IL,GLEN CARBON,141844,Cove School,NORTHBROOK,70.58823529411765,58.82352941176471,False,reject,False
41-057-0070-26-2011,Goshen Elementary,IL,EDWARDSVILLE,140280,Bement High School,BEMENT,51.42857142857143,51.42857142857142,False,reject,False
41-057-0070-26-2008,Hamel Elementary School,IL,HAMEL,141844,Cove School,NORTHBROOK,70.58823529411765,47.05882352941176,False,reject,False
41-057-0070-26-2004,LeClaire Elem School,IL,EDWARDSVILLE,141844,Cove School,NORTHBROOK,70.58823529411765,58.06451612903225,False,reject,False
41-057-0070-26-1001,Liberty Middle School,IL,EDWARDSVILLE,140108,Middle Fork School,DANVILLE,83.87096774193549,76.92307692307692,False,review,True
41-057-0070-26-1002,Lincoln Middle School,IL,EDWARDSVILLE,140108,Middle Fork School,DANVILLE,83.87096774193549,76.92307692307692,False,review,True
41-057-0070-26-2009,Midway School,IL,MORO,143708,Mill School,ROCKFORD,75.0,75.0,False,reject,False
41-057-0070-26-2007,N O Nelson Elem School,IL,EDWARDSVILLE,141844,Cove School,NORTHBROOK,70.58823529411765,48.484848484848484,False,reject,False
41-057-0070-26-2010,Woodland Elementary School,IL,EDWARDSVILLE,144045,Woodland High School,STREATOR,85.71428571428571,69.56521739130434,False,review,True
41-057-0070-26-2005,Worden Elementary School,IL,WORDEN,141844,Cove School,NORTHBROOK,70.58823529411765,45.714285714285715,False,reject,False
03-025-0400-26-2002,Central Grade School,IL,EFFINGHAM,140454,Central High School,BURLINGTON,84.84848484848484,82.05128205128204,False,review,True
03-025-0400-26-2006,Early Learning Center,IL,EFFINGHAM,143719,Regional Learning Center,ROCKFORD,84.44444444444444,66.66666666666667,False,review,True
03-025-0400-26-0001,Effingham High School,IL,EFFINGHAM,141740,Effingham High School,EFFINGHAM,100.0,100.0,True,auto_accept,False
03-025-0400-26-1001,Effingham Junior High School,IL,EFFINGHAM,141740,Effingham High School,EFFINGHAM,100.0,85.71428571428572,True,auto_accept,False
03-025-0400-26-3002,Effingham Unit 40 Preschool,IL,EFFINGHAM,141740,Effingham High School,EFFINGHAM,70.83333333333333,66.66666666666667,True,reject,False
03-025-0400-26-2008,South Side Grade School,IL,EFFINGHAM,140474,South Side Baptist School,OAK LAWN,85.0,79.16666666666666,False,review,True
30-002-0050-26-2002,Egyptian Elem School,IL,TAMMS,141844,Cove School,NORTHBROOK,70.58823529411765,51.61290322580645,False,reject,False
30-002-0050-26-1001,Egyptian Jr High School,IL,TAMMS,140945,Leo High School,CHICAGO,84.61538461538461,63.1578947368421,False,reject,False
30-002-0050-26-0001,Egyptian Sr High School,IL,TAMMS,140945,Leo High School,CHICAGO,84.61538461538461,57.89473684210527,False,reject,False
53-102-0110-26-2001,Centennial School,IL,EL PASO,140593,Centennial High School,CHAMPAIGN,100.0,87.17948717948718,False,auto_accept,False
53-102-0110-26-0001,El Paso-Gridley High School,IL,EL PASO,141820,El Paso HS,EL PASO,100.0,82.6086956521739,True,auto_accept,False
53-102-0110-26-1001,EPG Middle School,IL,GRIDLEY,140225,Beardstown Middle High School,BEARDSTOWN,86.66666666666667,69.56521739130434,False,review,True
53-102-0110-26-2002,Jefferson Park School,IL,EL PASO,141018,Nancy B Jefferson Alt School,CHICAGO,86.48648648648648,73.46938775510203,False,review,True
20-083-0040-26-2004,Eldorado Elem School,IL,ELDORADO,141755,Eldorado High School,ELDORADO,85.71428571428571,80.0,True,review,True
20-083-0040-26-0001,Eldorado High School,IL,ELDORADO,141755,Eldorado High School,ELDORADO,100.0,100.0,True,auto_accept,False
20-083-0040-26-1002,Eldorado Middle School,IL,ELDORADO,141755,Eldorado High School,ELDORADO,85.71428571428571,80.95238095238095,True,review,True
31-045-9000-25-201C,Elgin Math and Science Academy Charter School,IL,ELGIN,141760,Elgin Academy,ELGIN,100.0,44.827586206896555,True,reject,False
19-022-2050-26-1001,Bryan Middle School,IL,ELMHURST,140108,Middle Fork School,DANVILLE,83.87096774193549,81.08108108108108,False,review,True
19-022-2050-26-1002,Churchville Middle School,IL,ELMHURST,140108,Middle Fork School,DANVILLE,83.87096774193549,69.76744186046511,False,review,True
19-022-2050-26-2003,Conrad Fischer Elem School,IL,ELMHURST,141844,Cove School,NORTHBROOK,70.58823529411765,54.054054054054056,False,reject,False
19-022-2050-26-3001,Early Childhood,IL,ELMHURST,144325,Waverly High School,WAVERLY,58.8235294117647,58.82352941176471,False,reject,False
19-022-2050-26-2002,Edison Elem School,IL,ELMHURST,141844,Cove School,NORTHBROOK,70.58823529411765,62.06896551724138,False,reject,False
19-022-2050-26-2004,Emerson Elem School,IL,ELMHURST,141844,Cove School,NORTHBROOK,70.58823529411765,53.333333333333336,False,reject,False
19-022-2050-26-2005,Field Elem School,IL,ELMHURST,140192,Eugene Field School,NORMAL,83.33333333333333,83.33333333333334,False,review,True
19-022-2050-26-2006,Hawthorne Elem School,IL,ELMHURST,141844,Cove School,NORTHBROOK,70.58823529411765,56.25,False,reject,False
19-022-2050-26-2007,Jackson Elem School,IL,ELMHURST,141844,Cove School,NORTHBROOK,70.58823529411765,60.0,False,reject,False
19-022-2050-26-2008,Jefferson Elem School,IL,ELMHURST,141018,Nancy B Jefferson Alt School,CHICAGO,86.48648648648648,73.46938775510203,False,review,True
19-022-2050-26-2009,Lincoln Elem School,IL,ELMHURST,142625,Lincoln Community High School,LINCOLN,84.84848484848484,66.66666666666667,False,review,True
19-022-2050-26-1012,Sandburg Middle  School,IL,ELMHURST,140108,Middle Fork School,DANVILLE,83.87096774193549,65.0,False,review,True
19-022-2050-26-0003,York Comm High School,IL,ELMHURST,141805,York Community High School,ELMHURST,89.36170212765957,89.36170212765957,True,auto_accept,False
48-072-3220-26-2002,Elmwood Elem School,IL,ELMWOOD,141810,Elmwood High School,ELMWOOD,84.84848484848484,73.6842105263158,True,review,True
48-072-3220-26-0004,Elmwood High School,IL,ELMWOOD,141810,Elmwood High School,ELMWOOD,100.0,100.0,True,auto_accept,False
48-072-3220-26-1001,Elmwood Junior High School,IL,ELMWOOD,141810,Elmwood High School,ELMWOOD,100.0,84.44444444444444,True,auto_accept,False
06-016-4010-26-1001,Elm Middle School,IL,ELMWOOD PARK,140225,Beardstown Middle High School,BEARDSTOWN,86.66666666666667,65.21739130434783,False,review,True
06-016-4010-26-2003,Elmwood Elem School,IL,ELMWOOD PARK,141810,Elmwood High School,ELMWOOD,84.84848484848484,73.6842105263158,False,review,True
06-016-4010-26-0001,Elmwood Park High School,IL,ELMWOOD PARK,141810,Elmwood High School,ELMWOOD,100.0,88.37209302325581,False,auto_accept,False
06-016-4010-26-2004,John Mills Elem School,IL,ELMWOOD PARK,140097,John Hersey High School,ARLINGTON HTS,71.11111111111111,62.22222222222222,False,reject,False
30-039-1960-26-0001,Elverado High School,IL,ELKVILLE,141785,Elverado High School,ELKVILLE,100.0,100.0,True,auto_accept,False
30-039-1960-26-2004,Elverado Intermediate School,IL,VERGENNES,141785,Elverado High School,ELKVILLE,85.71428571428571,70.83333333333333,False,review,True
30-039-1960-26-1002,Elverado Junior High School,IL,VERGENNES,141785,Elverado High School,ELKVILLE,100.0,85.1063829787234,False,auto_accept,False
30-039-1960-26-2003,Elverado Primary School,IL,ELKVILLE,141785,Elverado High School,ELKVILLE,85.71428571428571,79.06976744186046,True,review,True
56-099-2030-04-2001,Elwood C C School,IL,ELWOOD,141810,Elmwood High School,ELMWOOD,76.47058823529412,72.22222222222221,False,reject,False
34-049-0330-02-2001,Emmons Grade School,IL,ANTIOCH,140323,Harlem High School - 9th Grade,MACHESNEY PK,77.41935483870968,55.319148936170215,False,reject,False
47-098-0010-26-2003,Erie Elem School,IL,ERIE,141835,Erie High School,ERIE,81.48148148148148,68.75,True,review,True
47-098-0010-26-0001,Erie High School,IL,ERIE,141835,Erie High School,ERIE,100.0,100.0,True,auto_accept,False
47-098-0010-26-1002,Erie Middle School,IL,ERIE,140225,Beardstown Middle High School,BEARDSTOWN,83.87096774193549,72.34042553191489,False,review,True
07-016-1590-02-1001,Colin Powell Middle Sch,IL,MATTESON,140108,Middle Fork School,DANVILLE,58.53658536585366,58.53658536585367,False,reject,False
07-016-1590-02-2006,Marya Yates Elementary School,IL,MATTESON,141844,Cove School,NORTHBROOK,70.58823529411765,40.0,False,reject,False
07-016-1590-02-2004,Neil Armstrong Elem School,IL,RICHTON PARK,140105,Armstrong Township High School,ARMSTRONG,76.19047619047619,64.28571428571428,False,reject,False
07-016-1590-02-2002,Sieden Prairie Elementary School,IL,MATTESON,143859,West Prairie High School,SCIOTA,73.6842105263158,60.71428571428572,False,reject,False
07-016-1590-02-2005,Woodgate Elem School,IL,MATTESON,141810,Elmwood High School,ELMWOOD,76.92307692307692,51.28205128205128,False,reject,False
47-071-2690-04-2002,Eswood C C Grade School,IL,LINDENWOOD,140323,Harlem High School - 9th Grade,MACHESNEY PK,72.72727272727272,50.98039215686274,False,reject,False
53-102-1400-26-2004,Congerville Elem School,IL,CONGERVILLE,141490,Coulterville High School,COULTERVILLE,72.34042553191489,72.34042553191489,False,reject,False
53-102-1400-26-2003,Davenport Elem School,IL,EUREKA,141844,Cove School,NORTHBROOK,70.58823529411765,56.25,False,reject,False
53-102-1400-26-0001,Eureka High School,IL,EUREKA,141840,Eureka High School,EUREKA,100.0,100.0,True,auto_accept,False
53-102-1400-26-1002,Eureka Middle School,IL,EUREKA,140108,Middle Fork School,DANVILLE,84.21052631578948,84.21052631578947,False,review,True
53-102-1400-26-2005,Goodfield Elem School,IL,GOODFIELD,140192,Eugene Field School,NORMAL,75.0,75.0,False,reject,False
05-016-0650-04-1002,Chute Middle School,IL,EVANSTON,140108,Middle Fork School,DANVILLE,83.87096774193549,75.67567567567568,False,review,True
05-016-0650-04-2004,Dawes Elementary School,IL,EVANSTON,141844,Cove School,NORTHBROOK,70.58823529411765,47.05882352941176,False,reject,False
05-016-0650-04-2005,Dewey Elem School,IL,EVANSTON,140764,The Day School,CHICAGO,70.96774193548387,58.06451612903225,False,reject,False
05-016-0650-04-2024,Dr Bessie Rhodes Sch Global Studies,IL,SKOKIE,140643,Forum High Sch Creative Study,BLUE ISLAND,53.125,53.125,False,reject,False
05-016-0650-04-2022,Dr ML King Jr Literary & Fine Arts Sch,IL,EVANSTON,140846,Joshua Johnston Fine Arts/Des,CHICAGO,52.17391304347826,52.17391304347826,False,reject,False
05-016-0650-04-1007,Haven Middle School,IL,EVANSTON,140108,Middle Fork School,DANVILLE,83.87096774193549,75.67567567567568,False,review,True
05-016-0650-04-3020,Joseph E Hill Education Center,IL,EVANSTON,140318,Monee Education Center,MONEE,84.21052631578948,73.07692307692308,False,review,True
05-016-0650-04-2023,Kingsley Elementary School,IL,EVANSTON,141844,Cove School,NORTHBROOK,70.58823529411765,43.24324324324324,False,reject,False
05-016-0650-04-2009,Lincoln Elem School,IL,EVANSTON,142625,Lincoln Community High School,LINCOLN,84.84848484848484,66.66666666666667,False,review,True
05-016-0650-04-2010,Lincolnwood Elem School,IL,EVANSTON,143605,Lincolnwood Jr-Sr High School,RAYMOND,87.8048780487805,73.07692307692308,False,review,True
05-016-0650-04-1012,Nichols Middle School,IL,EVANSTON,140108,Middle Fork School,DANVILLE,83.87096774193549,66.66666666666667,False,review,True
05-016-0650-04-2014,Oakton Elem School,IL,EVANSTON,141844,Cove School,NORTHBROOK,70.58823529411765,55.172413793103445,False,reject,False
05-016-0650-04-2015,Orrington Elem School,IL,EVANSTON,142610,Lexington High School,LEXINGTON,71.42857142857143,71.42857142857143,False,reject,False
05-016-0650-04-2019,Walker Elem School,IL,EVANSTON,140046,Allendale School,LAKE VILLA,70.58823529411765,58.82352941176471,False,reject,False
05-016-0650-04-2020,Washington Elem School,IL,EVANSTON,140842,George Washington High School,CHICAGO,87.17948717948718,78.43137254901961,False,review,True
05-016-0650-04-2021,Willard Elem School,IL,EVANSTON,143708,Mill School,ROCKFORD,73.33333333333333,53.333333333333336,False,reject,False
05-016-2020-17-0001,Evanston Twp High School,IL,EVANSTON,141860,Evanston Township High School,EVANSTON,90.9090909090909,90.56603773584906,True,auto_accept,False
07-016-2310-16-0001,Evergreen Park High School,IL,EVERGREEN PARK,141865,Evergreen Park Community HS,EVERGREEN PARK,100.0,83.87096774193549,True,auto_accept,False
07-016-1240-02-1001,Central Middle School,IL,EVERGREEN PARK,140454,Central High School,BURLINGTON,84.84848484848484,80.0,False,review,True
07-016-1240-02-2002,Northeast Elem School,IL,EVERGREEN PARK,143355,Northwestern High School,PALMYRA,71.11111111111111,71.11111111111111,False,reject,False
07-016-1240-02-2003,Northwest School,IL,EVERGREEN PARK,144472,Northwest Coonen HS,WOODSTOCK,100.0,72.72727272727273,False,review,True
07-016-1240-02-2004,Southeast Elem School,IL,EVERGREEN PARK,140052,Southeast Alternative School,NAPERVILLE,86.48648648648648,77.55102040816327,False,review,True
07-016-1240-02-2005,Southwest Elem School,IL,EVERGREEN PARK,140078,Excel Academy - Southwest HS,CHICAGO,86.48648648648648,67.85714285714286,False,review,True
21-028-1150-04-2001,Ewing-Northern Elem School,IL,EWING,143355,Northwestern High School,PALMYRA,72.0,72.0,False,reject,False
20-096-2250-16-0001,Fairfield Comm High School,IL,FAIRFIELD,141875,Fairfield Community HS,FAIRFIELD,91.2280701754386,91.22807017543859,True,auto_accept,False
20-096-1120-04-2001,Center Street Elem School,IL,FAIRFIELD,140220,Noble Street Charter Schools,CHICAGO,79.24528301886792,79.24528301886792,False,reject,False
20-096-1120-04-2002,North Side Elem School,IL,FAIRFIELD,140279,Belvidere North High School,BELVIDERE,73.46938775510205,65.3061224489796,False,reject,False
56-099-0890-02-2002,Fairmont School,IL,LOCKPORT,144155,Tremont High School,TREMONT,76.47058823529412,47.05882352941176,False,reject,False
05-016-0720-02-2002,Fairview South Elementary School,IL,SKOKIE,141844,Cove School,NORTHBROOK,70.58823529411765,41.860465116279066,False,reject,False
48-072-2650-26-2002,Farmington Central Elem Sch,IL,FARMINGTON,141900,Farmington Central HS,FARMINGTON,80.7017543859649,77.19298245614034,True,review,True
48-072-2650-26-0001,Farmington Central High Sch,IL,FARMINGTON,141900,Farmington Central HS,FARMINGTON,94.73684210526315,94.73684210526316,True,auto_accept,False
48-072-2650-26-1001,Farmington Central Jr High Sch,IL,FARMINGTON,141900,Farmington Central HS,FARMINGTON,90.0,90.0,True,auto_accept,False
13-041-0990-04-2001,Farrington Elem School,IL,BLUFORD,141900,Farmington Central HS,FARMINGTON,73.07692307692308,73.07692307692308,False,reject,False
19-022-1000-16-0001,Fenton High School,IL,BENSENVILLE,140290,Fenton High School,BENSENVILLE,100.0,100.0,True,auto_accept,False
13-041-0030-04-2001,Field Elementary School,IL,TEXICO,140192,Eugene Field School,NORMAL,77.41935483870968,76.19047619047619,False,reject,False
53-102-0060-26-0001,Fieldcrest High School,IL,MINONK,142945,Fieldcrest High School,MINONK,100.0,100.0,True,auto_accept,False
53-102-0060-26-2002,Fieldcrest Intermediate School,IL,TOLUCA,142945,Fieldcrest High School,MINONK,87.17948717948718,73.07692307692308,False,review,True
53-102-0060-26-1003,Fieldcrest Middle School,IL,WENONA,142945,Fieldcrest High School,MINONK,87.17948717948718,82.6086956521739,False,review,True
53-102-0060-26-2001,Fieldcrest Primary School,IL,MINONK,142945,Fieldcrest High School,MINONK,87.17948717948718,80.85106382978724,True,review,True
09-010-0010-26-2002,Fisher Grade School,IL,FISHER,141910,Fisher Junior-Senior HS,FISHER,81.25,62.745098039215684,True,reject,False
09-010-0010-26-0001,Fisher Jr/Sr High School,IL,FISHER,141910,Fisher Junior-Senior HS,FISHER,85.71428571428571,85.71428571428572,True,review,True
17-053-0740-27-2001,Flanagan Elem School,IL,FLANAGAN,141920,Flanagan-Cornell High School,FLANAGAN,85.71428571428571,75.0,True,review,True
17-053-0740-27-0001,Flanagan-Cornell High School,IL,FLANAGAN,141920,Flanagan-Cornell High School,FLANAGAN,100.0,100.0,True,auto_accept,False
12-013-0350-26-2008,Flora Elementary School,IL,FLORA,141925,Flora High School,FLORA,82.75862068965517,60.0,True,reject,False
12-013-0350-26-0001,Flora High School,IL,FLORA,141925,Flora High School,FLORA,100.0,100.0,True,auto_accept,False
12-013-0350-26-1001,Floyd Henson Jr High Sch,IL,FLORA,142225,Alden Hebron High School,HEBRON,66.66666666666666,66.66666666666667,False,reject,False
07-016-1610-02-2001,Flossmoor Hills Elem School,IL,FLOSSMOOR,142307,Homewood-Flossmoor Cmty HS,FLOSSMOOR,74.4186046511628,67.74193548387098,True,reject,False
07-016-1610-02-2002,Heather Hill Elem School,IL,FLOSSMOOR,140400,Red Hill High School,BRIDGEPORT,70.96774193548387,63.63636363636363,False,reject,False
07-016-1610-02-1003,Parker Junior High School,IL,FLOSSMOOR,140945,Leo High School,CHICAGO,84.61538461538461,65.0,False,review,True
07-016-1610-02-2006,Serena Hills Elem School,IL,CHICAGO HEIGHTS,143870,Serena High School,SERENA,83.87096774193549,76.19047619047619,False,review,True
07-016-1610-02-2007,Western Avenue Elem School,IL,FLOSSMOOR,140219,Western High School,BARRY,84.84848484848484,66.66666666666667,False,review,True
07-016-1690-02-1001,Cottage Grove Upper Grade Center,IL,FORD HEIGHTS,140327,Downers Grove Center,DOWNERS GROVE,75.0,61.53846153846154,False,reject,False
07-016-1690-02-2002,Medgar Evers Primary Academic Center,IL,FORD HEIGHTS,143938,Academic Center,CHICAGO,100.0,58.82352941176471,False,reject,False
06-016-0910-02-2001,Betsy Ross Elem School,IL,FOREST PARK,141844,Cove School,NORTHBROOK,70.58823529411765,48.484848484848484,False,reject,False
06-016-0910-02-2003,Field Stevenson Elem School,IL,FOREST PARK,140192,Eugene Field School,NORMAL,77.41935483870968,65.21739130434783,False,reject,False
06-016-0910-02-1001,Forest Park Middle School,IL,FOREST PARK,140108,Middle Fork School,DANVILLE,83.87096774193549,79.06976744186046,False,review,True
06-016-0910-02-2004,Garfield Elem School,IL,FOREST PARK,140837,Garfield Alternative HS,CHICAGO,85.71428571428571,69.23076923076923,False,review,True
07-016-1420-02-1001,Jack Hille Middle School,IL,OAK FOREST,140108,Middle Fork School,DANVILLE,83.87096774193549,71.42857142857143,False,review,True
07-016-1420-02-2004,Kerkstra Elem School,IL,OAK FOREST,141844,Cove School,NORTHBROOK,70.58823529411765,51.61290322580645,False,reject,False
07-016-1420-02-2003,Lee R Foster Elem School,IL,OAK FOREST,141844,Cove School,NORTHBROOK,70.58823529411765,51.42857142857142,False,reject,False
07-016-1420-02-2002,Ridge Early Childhood Center,IL,OAK FOREST,140228,Peace Center,DOLTON,66.66666666666666,50.0,False,reject,False
47-071-2210-26-2003,Forreston Grade School,IL,FORRESTON,141940,Forreston High School,FORRESTON,86.48648648648648,83.72093023255813,True,review,True
47-071-2210-26-0004,Forreston Jr/Sr High Sch,IL,FORRESTON,141940,Forreston High School,FORRESTON,80.0,80.0,True,review,True
47-071-2210-26-2002,German Valley Grade School,IL,FORRESTON,142374,Liberty Valley School,JOLIET,76.47058823529412,68.08510638297872,False,reject,False
34-049-1140-02-2003,Lotus School,IL,SPRING GROVE,140197,Salt School,KANKAKEE,78.26086956521739,78.26086956521739,False,reject,False
34-049-1140-02-1001,Stanton School,IL,FOX LAKE,140197,Salt School,KANKAKEE,80.0,48.0,False,reject,False
44-063-0030-03-2001,Algonquin Road Elem School,IL,FOX RIVER GROVE,141844,Cove School,NORTHBROOK,70.58823529411765,48.64864864864865,False,reject,False
44-063-0030-03-1001,Fox River Grove Middle School,IL,FOX RIVER GROVE,140108,Middle Fork School,DANVILLE,83.87096774193549,72.34042553191489,False,review,True
56-099-157C-04-2002,Chelsea Elem School,IL,FRANKFORT,141844,Cove School,NORTHBROOK,70.58823529411765,60.0,False,reject,False
56-099-157C-04-2004,Grand Prairie Elementary School,IL,FRANKFORT,143859,West Prairie High School,SCIOTA,73.6842105263158,58.18181818181818,False,reject,False
56-099-157C-04-1001,Hickory Creek Middle School,IL,FRANKFORT,140108,Middle Fork School,DANVILLE,83.87096774193549,71.11111111111111,False,review,True
21-028-1680-26-1002,Central Jr High School,IL,WEST FRANKFORT,141970,Aquinas Central Cath Jr-Sr HS,FREEPORT,100.0,73.33333333333334,False,review,True
21-028-1680-26-2003,Denning Elementary School,IL,WEST FRANKFORT,141844,Cove School,NORTHBROOK,70.58823529411765,44.44444444444444,False,reject,False
21-028-1680-26-0001,Frankfort Community High School,IL,WEST FRANKFORT,144360,Frankfort Cmty High School,WEST FRANKFORT,91.2280701754386,91.22807017543859,True,auto_accept,False
21-028-1680-26-2004,Frankfort Intermediate School,IL,WEST FRANKFORT,144360,Frankfort Cmty High School,WEST FRANKFORT,76.19047619047619,65.45454545454545,True,reject,False
01-069-0010-26-2005,Franklin East Grade School,IL,FRANKLIN,141950,Franklin High School,FRANKLIN,85.71428571428571,73.91304347826086,True,review,True
01-069-0010-26-2006,Franklin Elementary School,IL,FRANKLIN,141950,Franklin High School,FRANKLIN,85.71428571428571,65.21739130434783,True,review,True
01-069-0010-26-0001,Franklin Jr/Sr High School,IL,FRANKLIN,141950,Franklin High School,FRANKLIN,100.0,86.95652173913044,True,auto_accept,False
06-016-0840-02-2004,Dan H Pietrini Elem School,IL,FRANKLIN PARK,141844,Cove School,NORTHBROOK,70.58823529411765,43.24324324324324,False,reject,False
06-016-0840-02-1002,Hester Jr High School,IL,FRANKLIN PARK,140625,Chester High School,CHESTER,90.0,90.0,False,auto_accept,False
06-016-0840-02-2003,North Elem School,IL,FRANKLIN PARK,140279,Belvidere North High School,BELVIDERE,82.75862068965517,72.72727272727273,False,review,True
06-016-0840-02-2005,Passow Elementary School,IL,FRANKLIN PARK,141844,Cove School,NORTHBROOK,70.58823529411765,45.714285714285715,False,reject,False
50-082-0700-04-2003,Freeburg Elem School,IL,FREEBURG,141965,Freeburg High School,FREEBURG,85.71428571428571,75.0,True,review,True
50-082-0700-04-2001,Freeburg Primary Center,IL,FREEBURG,140228,Peace Center,DOLTON,66.66666666666666,51.42857142857142,False,reject,False
50-082-0770-16-0001,Freeburg Community High Sch,IL,FREEBURG,142565,Leaf River Community High Sch,LEAF RIVER,82.14285714285714,64.28571428571428,False,reject,False
08-089-1450-22-2003,Blackhawk Elem School,IL,FREEPORT,141844,Cove School,NORTHBROOK,70.58823529411765,56.25,False,reject,False
08-089-1450-22-2015,Carl Sandburg Middle Sch,IL,FREEPORT,143325,Carl Sandburg High School,ORLAND PARK,77.55102040816327,77.55102040816327,False,reject,False
08-089-1450-22-2004,Center Elem School,IL,FREEPORT,140125,Ashton Franklin Center HS,ASHTON,83.87096774193549,57.692307692307686,False,reject,False
08-089-1450-22-2006,Empire Elem School,IL,FREEPORT,141844,Cove School,NORTHBROOK,70.58823529411765,55.172413793103445,False,reject,False
08-089-1450-22-0001,Freeport High School,IL,FREEPORT,141975,Freeport Senior High School,FREEPORT,100.0,85.1063829787234,True,auto_accept,False
08-089-1450-22-1002,Freeport Middle School,IL,FREEPORT,140108,Middle Fork School,DANVILLE,85.0,85.0,False,review,True
08-089-1450-22-2017,Jones-Farrar an International Baccalaureate World School,IL,FREEPORT,143179,One World School,EAST MOLINE,85.71428571428571,44.44444444444444,False,reject,False
08-089-1450-22-2005,Lincoln-Douglas Elementary School,IL,FREEPORT,141100,Lincoln Park High School,CHICAGO,73.6842105263158,56.14035087719298,False,reject,False
34-049-0790-02-2001,Fremont Elem School,IL,MUNDELEIN,144155,Tremont High School,TREMONT,73.6842105263158,42.10526315789473,False,reject,False
34-049-0790-02-2002,Fremont Intermediate School,IL,MUNDELEIN,141844,Cove School,NORTHBROOK,70.58823529411765,47.36842105263158,False,reject,False
34-049-0790-02-1001,Fremont Jr High/Middle School,IL,MUNDELEIN,140945,Leo High School,CHICAGO,84.61538461538461,63.63636363636363,False,reject,False
20-083-0010-26-2002,Galatia Elem School,IL,GALATIA,141985,Galatia High School,GALATIA,84.84848484848484,73.6842105263158,True,review,True
20-083-0010-26-3001,Galatia Grade School Annex,IL,GALATIA,141985,Galatia High School,GALATIA,84.84848484848484,71.11111111111111,True,review,True
20-083-0010-26-0001,Galatia High School,IL,GALATIA,141985,Galatia High School,GALATIA,100.0,100.0,True,auto_accept,False
20-083-0010-26-1001,Galatia Jr High,IL,GALATIA,141985,Galatia High School,GALATIA,88.88888888888889,76.47058823529412,True,review,True
08-043-1200-22-2002,Galena Elementary and Middle School,IL,GALENA,141990,Galena High School,GALENA,83.87096774193549,56.60377358490566,True,reject,False
08-043-1200-22-0002,Galena High School,IL,GALENA,141990,Galena High School,GALENA,100.0,100.0,True,auto_accept,False
33-048-2050-26-3001,Bright Futures Pre-K Prog,IL,GALESBURG,140824,Future Commons Prof Prep,CHICAGO,61.224489795918366,61.224489795918366,False,reject,False
33-048-2050-26-1021,Galesburg Jr High School,IL,GALESBURG,142000,Galesburg High School,GALESBURG,100.0,93.33333333333333,True,auto_accept,False
33-048-2050-26-0023,Galesburg Senior High School,IL,GALESBURG,142000,Galesburg High School,GALESBURG,100.0,85.71428571428572,True,auto_accept,False
33-048-2050-26-2017,King School,IL,GALESBURG,144183,Kingswood School,URBANA,81.48148148148148,81.4814814814815,False,review,True
33-048-2050-26-2023,Lombard Middle School,IL,GALESBURG,140108,Middle Fork School,DANVILLE,83.87096774193549,82.05128205128204,False,review,True
33-048-2050-26-2015,Silas Willard Elem School,IL,GALESBURG,141844,Cove School,NORTHBROOK,70.58823529411765,44.44444444444444,False,reject,False
33-048-2050-26-2021,Steele School,IL,GALESBURG,140197,Salt School,KANKAKEE,75.0,50.0,False,reject,False
20-030-0070-26-2001,Gallatin Elementary School,IL,JUNCTION,143890,Gallatin County High School,JUNCTION,73.17073170731707,71.69811320754718,True,reject,False
20-030-0070-26-0001,Gallatin High School,IL,JUNCTION,143890,Gallatin County High School,JUNCTION,100.0,85.1063829787234,True,auto_accept,False
20-030-0070-26-1001,Gallatin Junior High School,IL,JUNCTION,143890,Gallatin County High School,JUNCTION,85.18518518518519,74.07407407407408,True,review,True
28-037-2240-26-2004,Galva Elem School,IL,GALVA,142005,Galva High School,GALVA,82.75862068965517,70.58823529411764,True,review,True
28-037-2240-26-0001,Galva Jr-Sr High School,IL,GALVA,142005,Galva High School,GALVA,100.0,85.0,True,auto_accept,False
24-032-072C-04-2001,Gardner Elem School,IL,GARDNER,142010,Gardner South Wilmington HS,GARDNER,84.84848484848484,50.90909090909091,True,reject,False
24-032-0730-17-0001,Gardner-South Wilmington Twp H S,IL,GARDNER,142010,Gardner South Wilmington HS,GARDNER,100.0,94.73684210526316,True,auto_accept,False
34-049-0370-02-2003,Gavin Central Elementary School,IL,INGLESIDE,140454,Central High School,BURLINGTON,84.84848484848484,64.0,False,reject,False
34-049-0370-02-1001,Gavin South Middle School,IL,INGLESIDE,140108,Middle Fork School,DANVILLE,83.87096774193549,65.11627906976744,False,review,True
20-096-0140-04-2001,Geff Elem School,IL,GEFF,141844,Cove School,NORTHBROOK,70.58823529411765,59.25925925925925,False,reject,False
07-016-1330-02-2001,Gen George Patton Elem School,IL,RIVERDALE,141844,Cove School,NORTHBROOK,70.58823529411765,44.99999999999999,False,reject,False
28-037-2280-26-0001,Geneseo High School,IL,GENESEO,142015,Geneseo High School,GENESEO,100.0,100.0,True,auto_accept,False
28-037-2280-26-1002,Geneseo Middle School,IL,GENESEO,142015,Geneseo High School,GENESEO,84.84848484848484,80.0,True,review,True
28-037-2280-26-2003,Millikin Elem School,IL,GENESEO,140033,Living Free School,CHICAGO,73.6842105263158,73.6842105263158,False,reject,False
28-037-2280-26-2004,Northside Elem School,IL,GENESEO,141342,Northside College Prep HS,CHICAGO,86.48648648648648,69.0909090909091,False,review,True
28-037-2280-26-2005,Southwest Elem School,IL,GENESEO,140078,Excel Academy - Southwest HS,CHICAGO,86.48648648648648,67.85714285714286,False,review,True
31-045-3040-26-2008,Fabyan Elementary School,IL,GENEVA,141844,Cove School,NORTHBROOK,70.58823529411765,45.714285714285715,False,reject,False
31-045-3040-26-3001,Geneva 304 Early Learning Center,IL,GENEVA,143996,Stelle Learning Center,STELLE,81.08108108108108,55.55555555555556,False,reject,False
31-045-3040-26-0001,Geneva Community High School,IL,GENEVA,142020,Geneva Community High School,GENEVA,100.0,100.0,True,auto_accept,False
31-045-3040-26-1003,Geneva Middle Sch North,IL,GENEVA,143106,Naperville North High School,NAPERVILLE,66.66666666666666,66.66666666666667,False,reject,False
31-045-3040-26-1002,Geneva Middle Sch South,IL,GENEVA,142073,Glenbard South High School,GLEN ELLYN,65.3061224489796,65.3061224489796,False,reject,False
31-045-3040-26-2004,Harrison Street Elem School,IL,GENEVA,141844,Cove School,NORTHBROOK,70.58823529411765,42.10526315789473,False,reject,False
31-045-3040-26-2001,Heartland Elementary School,IL,GENEVA,141844,Cove School,NORTHBROOK,70.58823529411765,42.10526315789473,False,reject,False
31-045-3040-26-2007,Mill Creek School,IL,GENEVA,143708,Mill School,ROCKFORD,100.0,78.57142857142857,False,review,True
31-045-3040-26-2006,Western Avenue Elem School,IL,GENEVA,140219,Western High School,BARRY,84.84848484848484,66.66666666666667,False,review,True
31-045-3040-26-2003,Williamsburg Elem School,IL,GENEVA,141844,Cove School,NORTHBROOK,70.58823529411765,45.714285714285715,False,reject,False
16-019-4240-26-2005,Genoa Elementary School,IL,GENOA,141844,Cove School,NORTHBROOK,70.58823529411765,47.05882352941176,False,reject,False
16-019-4240-26-0001,Genoa-Kingston High School,IL,GENOA,142025,Genoa-Kingston High School,GENOA,100.0,100.0,True,auto_accept,False
16-019-4240-26-1003,Genoa-Kingston Middle School,IL,GENOA,142025,Genoa-Kingston High School,GENOA,89.36170212765957,77.77777777777779,True,review,True
16-019-4240-26-2004,Kingston Elementary School,IL,KINGSTON,142025,Genoa-Kingston High School,GENOA,73.17073170731707,73.07692307692308,False,reject,False
54-092-0040-26-0004,Georgetown-Ridge Farm High School,IL,GEORGETOWN,142030,Georgetown-Ridge Farm HS,GEORGETOWN,100.0,100.0,True,auto_accept,False
54-092-0040-26-1003,Mary Miller Junior High School,IL,GEORGETOWN,140945,Leo High School,CHICAGO,84.61538461538461,62.22222222222222,False,reject,False
54-092-0040-26-2002,Pine Crest Elementary School,IL,GEORGETOWN,141844,Cove School,NORTHBROOK,70.58823529411765,46.15384615384615,False,reject,False
53-102-0690-02-2002,Germantown Hills Elementary Sch,IL,GERMANTOWN HILLS,141900,Farmington Central HS,FARMINGTON,59.01639344262295,59.01639344262295,False,reject,False
53-102-0690-02-2001,Germantown Hills Middle School,IL,GERMANTOWN HILLS,140108,Middle Fork School,DANVILLE,83.87096774193549,62.5,False,reject,False
13-014-0600-02-2001,Germantown Elem School,IL,GERMANTOWN,141844,Cove School,NORTHBROOK,70.58823529411765,48.484848484848484,False,reject,False
30-039-1300-04-2001,Giant City Elem School,IL,CARBONDALE,140445,Tri-City High School,BUFFALO,70.96774193548387,61.904761904761905,False,reject,False
09-027-0050-26-2004,GCMS Elementary School,IL,GIBSON CITY,141844,Cove School,NORTHBROOK,70.58823529411765,48.484848484848484,False,reject,False
09-027-0050-26-0001,GCMS High School,IL,GIBSON CITY,141420,Cisne High School,CISNE,84.84848484848484,84.84848484848484,False,review,True
09-027-0050-26-1003,GCMS Middle School,IL,GIBSON CITY,140225,Beardstown Middle High School,BEARDSTOWN,83.87096774193549,63.829787234042556,False,reject,False
09-010-1880-04-2001,Gifford Grade School,IL,GIFFORD,143703,Guilford High School,ROCKFORD,75.0,75.0,False,reject,False
40-056-0070-26-2003,Ben-Gil Elementary School,IL,GILLESPIE,141844,Cove School,NORTHBROOK,70.58823529411765,44.44444444444444,False,reject,False
40-056-0070-26-0003,Gillespie High School,IL,GILLESPIE,142045,Gillespie High School,GILLESPIE,100.0,100.0,True,auto_accept,False
40-056-0070-26-1002,Gillespie Middle School,IL,GILLESPIE,142045,Gillespie High School,GILLESPIE,86.48648648648648,81.81818181818181,True,review,True
19-022-0410-02-2001,Abraham Lincoln Elem School,IL,GLEN ELLYN,141100,Lincoln Park High School,CHICAGO,73.6842105263158,62.745098039215684,False,reject,False
19-022-0410-02-2002,Benjamin Franklin Elem School,IL,GLEN ELLYN,143361,Benjamin Franklin HS,PALOS HEIGHTS,90.56603773584905,82.75862068965517,False,review,True
19-022-0410-02-2003,Churchill Elem School,IL,GLEN ELLYN,141844,Cove School,NORTHBROOK,70.58823529411765,56.25,False,reject,False
19-022-0410-02-2004,Forest Glen Elem School,IL,GLEN ELLYN,143224,Oak Forest High School,OAK FOREST,74.28571428571428,66.66666666666667,False,reject,False
19-022-0410-02-1009,Hadley Junior High School,IL,GLEN ELLYN,140945,Leo High School,CHICAGO,84.61538461538461,65.0,False,review,True
19-022-0870-17-0001,Glenbard East High School,IL,LOMBARD,143700,East High School,ROCKFORD,100.0,78.04878048780488,False,review,True
19-022-0870-17-0002,Glenbard North High School,IL,CAROL STREAM,140534,Glenbard North High School,CAROL STREAM,100.0,100.0,True,auto_accept,False
19-022-0870-17-0004,Glenbard South High School,IL,GLEN ELLYN,142073,Glenbard South High School,GLEN ELLYN,100.0,100.0,True,auto_accept,False
19-022-0870-17-0003,Glenbard West High School,IL,GLEN ELLYN,142075,Glenbard West High School,GLEN ELLYN,100.0,100.0,True,auto_accept,False
05-016-2250-17-0001,Glenbrook North High School,IL,NORTHBROOK,143215,Glenbrook North High School,NORTHBROOK,100.0,100.0,True,auto_accept,False
05-016-2250-17-0002,Glenbrook South High School,IL,GLENVIEW,142078,Glenbrook South High School,GLENVIEW,100.0,100.0,True,auto_accept,False
05-016-0350-02-1001,Central School,IL,GLENCOE,140115,A-C Central High School,ASHLAND,100.0,75.67567567567568,False,review,True
05-016-0350-02-2002,South Elem School,IL,GLENCOE,141517,Crystal Lake South High School,CRYSTAL LAKE,82.75862068965517,63.829787234042556,False,reject,False
05-016-0350-02-2001,West School,IL,GLENCOE,140265,Belleville Township HS West,BELLEVILLE,100.0,46.808510638297875,False,reject,False
05-016-0340-04-1006,Attea Middle School,IL,GLENVIEW,140108,Middle Fork School,DANVILLE,83.87096774193549,75.67567567567568,False,review,True
05-016-0340-04-2001,Glen Grove Elem School,IL,GLENVIEW,141778,Elk Grove High School,ELK GROVE VLG,79.06976744186046,69.76744186046511,False,reject,False
05-016-0340-04-2002,Henking Elem School,IL,GLENVIEW,141835,Erie High School,ERIE,74.28571428571428,74.28571428571429,False,reject,False
05-016-0340-04-2003,Hoffman Elem School,IL,GLENVIEW,142301,Hoffman Estates High School,HOFFMAN ESTATES,84.84848484848484,73.91304347826086,False,review,True
05-016-0340-04-2004,Lyon Elem School,IL,GLENVIEW,141844,Cove School,NORTHBROOK,70.58823529411765,59.25925925925925,False,reject,False
05-016-0340-04-2005,Pleasant Ridge Elem School,IL,GLENVIEW,143510,Pleasant Hill High School,PLEASANT HILL,75.0,66.66666666666667,False,reject,False
05-016-0340-04-1007,Springman Middle School,IL,GLENVIEW,140108,Middle Fork School,DANVILLE,83.87096774193549,63.41463414634146,False,reject,False
05-016-0340-04-2008,Westbrook Elementary School,IL,GLENVIEW,141844,Cove School,NORTHBROOK,70.58823529411765,42.10526315789473,False,reject,False
05-016-0670-02-1002,Golf Middle School,IL,MORTON GROVE,140225,Beardstown Middle High School,BEARDSTOWN,83.87096774193549,63.829787234042556,False,reject,False
05-016-0670-02-2003,Hynes Elem School,IL,MORTON GROVE,143800,Saint Elmo High School,ST. ELMO,72.22222222222223,66.66666666666667,False,reject,False
21-044-0010-26-2001,Goreville Elementary School,IL,GOREVILLE,141844,Cove School,NORTHBROOK,70.58823529411765,52.63157894736843,False,reject,False
21-044-0010-26-0001,Goreville High School,IL,GOREVILLE,143310,Orangeville High School,ORANGEVILLE,90.9090909090909,72.72727272727273,False,review,True
19-022-0620-02-1001,Gower Middle School,IL,BURR RIDGE,140108,Middle Fork School,DANVILLE,86.48648648648648,86.48648648648648,False,review,True
19-022-0620-02-2002,Gower West Elem School,IL,WILLOWBROOK,143800,Saint Elmo High School,ST. ELMO,73.17073170731707,73.17073170731707,False,reject,False
13-041-0060-04-2001,Grand Prairie Elem School,IL,CENTRALIA,143859,West Prairie High School,SCIOTA,73.6842105263158,65.3061224489796,False,reject,False
35-050-0950-04-2001,Grand Ridge School,IL,GRAND RIDGE,141890,Blue Ridge High School,FARMER CITY,80.0,70.0,False,review,True
41-057-0090-26-1003,Coolidge Junior High Sch,IL,GRANITE CITY,140142,Moline High Sch At Coolidge Ca,MOLINE,82.92682926829268,70.37037037037037,False,review,True
41-057-0090-26-2007,Frohardt Elem School,IL,GRANITE CITY,141844,Cove School,NORTHBROOK,70.58823529411765,51.61290322580645,False,reject,False
41-057-0090-26-0001,Granite City High School,IL,GRANITE CITY,142120,Granite City Senior HS,GRANITE CITY,100.0,87.27272727272728,True,auto_accept,False
41-057-0090-26-2024,Grigsby Elementary School,IL,GRANITE CITY,141844,Cove School,NORTHBROOK,70.58823529411765,44.44444444444444,False,reject,False
41-057-0090-26-2012,Maryville Elem School,IL,GRANITE CITY,140442,Maryville Christian School,MARYVILLE,86.48648648648648,72.34042553191489,False,review,True
41-057-0090-26-2013,Mitchell Elementary School,IL,GRANITE CITY,141844,Cove School,NORTHBROOK,70.58823529411765,48.64864864864865,False,reject,False
41-057-0090-26-2022,Prather Elementary School,IL,GRANITE CITY,141844,Cove School,NORTHBROOK,70.58823529411765,44.44444444444444,False,reject,False
41-057-0090-26-2020,Wilson Elem School,IL,GRANITE CITY,141844,Cove School,NORTHBROOK,70.58823529411765,55.172413793103445,False,reject,False
50-082-1100-04-1006,Grant Middle School,IL,FAIRVIEW HEIGHTS,140108,Middle Fork School,DANVILLE,83.87096774193549,81.08108108108108,False,review,True
50-082-1100-04-2002,Illini Elem School,IL,FAIRVIEW HEIGHTS,142065,Illini Bluffs High School,GLASFORD,83.87096774193549,69.76744186046511,False,review,True
34-049-1240-16-0001,Grant Community High School,IL,FOX LAKE,141945,Grant Community High School,FOX LAKE,100.0,100.0,True,auto_accept,False
32-046-0060-26-2002,Grant Park Elem School,IL,GRANT PARK,142125,Grant Park High School,GRANT PARK,87.17948717948718,77.27272727272727,True,review,True
32-046-0060-26-0001,Grant Park High School,IL,GRANT PARK,142125,Grant Park High School,GRANT PARK,100.0,100.0,True,auto_accept,False
34-049-0360-02-2001,Grass Lake Elem School,IL,ANTIOCH,141844,Cove School,NORTHBROOK,70.58823529411765,48.484848484848484,False,reject,False
34-049-0460-04-2001,Avon Center Elem School,IL,ROUND LAKE BEACH,140125,Ashton Franklin Center HS,ASHTON,72.22222222222223,66.66666666666667,False,reject,False
34-049-0460-04-2005,Frederick School,IL,GRAYSLAKE,141965,Freeburg High School,FREEBURG,72.22222222222223,72.22222222222221,False,reject,False
34-049-0460-04-3001,Grayslake Early Childhood,IL,HAINESVILLE,142135,Grayslake Central High School,GRAYSLAKE,62.96296296296296,51.85185185185186,False,reject,False
34-049-0460-04-1001,Grayslake Middle School,IL,GRAYSLAKE,140108,Middle Fork School,DANVILLE,83.87096774193549,78.04878048780488,False,review,True
34-049-0460-04-2004,Meadowview School,IL,GRAYSLAKE,141844,Cove School,NORTHBROOK,71.42857142857143,71.42857142857143,False,reject,False
34-049-0460-04-2007,Park East School,IL,ROUND LAKE,140252,Belleville High School East,BELLEVILLE,81.48148148148148,55.81395348837209,False,reject,False
34-049-0460-04-1002,Park West School,IL,ROUND LAKE,140265,Belleville Township HS West,BELLEVILLE,81.48148148148148,46.15384615384615,False,reject,False
34-049-0460-04-2006,Prairieview School,IL,HAINESVILLE,141460,Ridgeview High School,COLFAX,76.92307692307692,76.92307692307692,False,reject,False
34-049-0460-04-2003,Woodview School,IL,GRAYSLAKE,141844,Cove School,NORTHBROOK,76.92307692307692,46.15384615384615,False,reject,False
34-049-1270-16-0001,Grayslake Central High School,IL,GRAYSLAKE,140454,Central High School,BURLINGTON,100.0,79.16666666666666,False,review,True
34-049-1270-16-0002,Grayslake North High School,IL,GRAYSLAKE,142126,Grayslake North High School,GRAYSLAKE,100.0,100.0,True,auto_accept,False
20-097-0010-26-0003,Grayville Jr Sr High School,IL,GRAYVILLE,142140,Grayville High School,GRAYVILLE,100.0,87.5,True,auto_accept,False
20-097-0010-26-2002,Wells Elementary School,IL,GRAYVILLE,141844,Cove School,NORTHBROOK,70.58823529411765,47.05882352941176,False,reject,False
40-031-0100-26-2003,Greenfield Elem School,IL,GREENFIELD,142145,Greenfield Comm High School,GREENFIELD,87.17948717948718,77.55102040816327,True,review,True
40-031-0100-26-0001,Greenfield High School,IL,GREENFIELD,142145,Greenfield Comm High School,GREENFIELD,100.0,89.79591836734694,True,auto_accept,False
51-065-2000-26-2001,Greenview Elementary School,IL,GREENVIEW,142155,Greenview Community HS,GREENVIEW,74.4186046511628,72.41379310344827,True,reject,False
51-065-2000-26-0001,Greenview Jr/Sr High School,IL,GREENVIEW,142155,Greenview Community HS,GREENVIEW,87.5,72.41379310344827,True,review,True
01-075-0040-26-0002,Griggsville-Perry High School,IL,GRIGGSVILLE,142170,Griggsville Perry High School,GRIGGSVILLE,100.0,100.0,True,auto_accept,False
01-075-0040-26-1002,Griggsville-Perry Middle School,IL,PERRY,142170,Griggsville Perry High School,GRIGGSVILLE,90.56603773584905,86.66666666666667,False,auto_accept,False
01-075-0040-26-2001,Griggsville-Perry Primary School,IL,GRIGGSVILLE,142170,Griggsville Perry High School,GRIGGSVILLE,90.56603773584905,78.68852459016394,True,review,True
34-049-0560-02-2001,Prairie Trail School,IL,WADSWORTH,140455,Bushnell Prairie City HS,BUSHNELL,82.35294117647058,52.83018867924528,False,reject,False
34-049-0560-02-2003,River Trail School,IL,GURNEE,140003,Addison Trail High School,ADDISON,80.0,65.11627906976744,False,review,True
34-049-0560-02-2002,Spaulding Elementary School,IL,GURNEE,141844,Cove School,NORTHBROOK,70.58823529411765,42.10526315789473,False,reject,False
34-049-0560-02-1002,Viking School,IL,GURNEE,144183,Kingswood School,URBANA,75.86206896551724,41.379310344827594,False,reject,False
28-006-5020-17-0001,Hall High School,IL,SPRING VALLEY,143985,Hall High School,SPRING VALLEY,100.0,100.0,True,auto_accept,False
26-034-3280-24-2004,Hamilton Elementary School,IL,HAMILTON,142180,Hamilton High School,HAMILTON,85.71428571428571,65.21739130434783,True,review,True
26-034-3280-24-0001,Hamilton High School,IL,HAMILTON,142180,Hamilton High School,HAMILTON,100.0,100.0,True,auto_accept,False
20-033-0100-26-2002,Dahlgren Elem School,IL,DAHLGREN,140046,Allendale School,LAKE VILLA,72.22222222222223,72.22222222222221,False,reject,False
20-033-0100-26-2004,East Side Elementary School,IL,MC LEANSBORO,143700,East High School,ROCKFORD,81.48148148148148,55.81395348837209,False,reject,False
20-033-0100-26-0002,Hamilton County Jr/Sr High School,IL,MC LEANSBORO,142180,Hamilton High School,HAMILTON,100.0,75.47169811320755,False,review,True
20-033-0100-26-3001,Hamilton County Preschool Center,IL,MC LEANSBORO,140190,Central Community High School,BREESE,72.1311475409836,72.1311475409836,False,reject,False
49-081-0290-02-2001,Hampton Elem School,IL,HAMPTON,141844,Cove School,NORTHBROOK,70.58823529411765,53.333333333333336,False,reject,False
20-035-0010-26-2001,Hardin County Elem School,IL,ELIZABETHTOWN,143750,Hardin County High School,ELIZABETHTOWN,88.88888888888889,80.0,True,auto_accept,False
20-035-0010-26-0003,Hardin County High School,IL,ELIZABETHTOWN,143750,Hardin County High School,ELIZABETHTOWN,100.0,100.0,True,auto_accept,False
20-035-0010-26-1001,Hardin County Jr High School,IL,ELIZABETHTOWN,143750,Hardin County High School,ELIZABETHTOWN,100.0,94.33962264150944,True,auto_accept,False
04-101-1220-22-2015,Donald C Parker Early Educ Center,IL,MACHESNEY PARK,140126,Center For Educ Opp,EDWARDSVILLE,73.33333333333333,50.0,False,reject,False
04-101-1220-22-0002,Harlem High School,IL,MACHESNEY PARK,140323,Harlem High School - 9th Grade,MACHESNEY PK,100.0,78.26086956521739,False,review,True
04-101-1220-22-1005,Harlem Middle School,IL,LOVES PARK,140108,Middle Fork School,DANVILLE,83.87096774193549,78.94736842105263,False,review,True
04-101-1220-22-2005,Loves Park Elem School,IL,LOVES PARK,141844,Cove School,NORTHBROOK,70.58823529411765,60.60606060606061,False,reject,False
04-101-1220-22-2013,Machesney Elem School,IL,MACHESNEY PARK,141844,Cove School,NORTHBROOK,70.58823529411765,56.25,False,reject,False
04-101-1220-22-2006,Maple Elem School,IL,LOVES PARK,140046,Allendale School,LAKE VILLA,72.72727272727272,72.72727272727273,False,reject,False
04-101-1220-22-2007,Marquette Elem School,IL,MACHESNEY PARK,140035,Marquette Catholic High School,ALTON,86.48648648648648,70.58823529411764,False,review,True
04-101-1220-22-2014,Olson Park Elem School,IL,MACHESNEY PARK,141815,Elmwood Park High School,ELMWOOD PARK,73.91304347826087,73.91304347826086,False,reject,False
04-101-1220-22-2010,Ralston Elem School,IL,MACHESNEY PARK,141844,Cove School,NORTHBROOK,70.58823529411765,53.333333333333336,False,reject,False
04-101-1220-22-2008,Rock Cut Elem School,IL,LOVES PARK,140581,Christ Our Rock Lutheran HS,CENTRALIA,70.96774193548387,60.71428571428572,False,reject,False
04-101-1220-22-2011,Windsor Elem School,IL,LOVES PARK,144420,Windsor High School,WINDSOR,84.84848484848484,78.94736842105263,False,review,True
50-082-1750-02-2002,Ellis Elem School,IL,BELLEVILLE,143800,Saint Elmo High School,ST. ELMO,72.22222222222223,66.66666666666667,False,reject,False
50-082-1750-02-1001,Emge Junior High School,IL,BELLEVILLE,141910,Fisher Junior-Senior HS,FISHER,87.8048780487805,72.72727272727273,False,review,True
50-082-1750-02-2003,Harmony Intermediate Center,IL,BELLEVILLE,140228,Peace Center,DOLTON,66.66666666666666,51.28205128205128,False,reject,False
20-083-0030-26-3001,Bulldog Early Learning Academy,IL,HARRISBURG,140352,Academy For Learning,DOLTON,88.88888888888889,76.0,False,review,True
20-083-0030-26-2009,East Side Intermediate School,IL,HARRISBURG,143700,East High School,ROCKFORD,81.48148148148148,57.77777777777777,False,reject,False
20-083-0030-26-0001,Harrisburg High School,IL,HARRISBURG,142200,Harrisburg High School,HARRISBURG,100.0,100.0,True,auto_accept,False
20-083-0030-26-1002,Harrisburg Middle School,IL,HARRISBURG,142200,Harrisburg High School,HARRISBURG,87.17948717948718,82.6086956521739,True,review,True
20-083-0030-26-2010,West Side Primary School,IL,HARRISBURG,143859,West Prairie High School,SCIOTA,75.0,66.66666666666667,False,reject,False
44-063-0360-02-2001,Harrison Elem School,IL,WONDER LAKE,141820,El Paso HS,EL PASO,71.7948717948718,71.7948717948718,False,reject,False
17-054-0210-26-2004,Emden Elementary School,IL,EMDEN,141844,Cove School,NORTHBROOK,70.58823529411765,47.05882352941176,False,reject,False
17-054-0210-26-0001,Hartsburg-Emden Jr-Sr High School,IL,HARTSBURG,142205,Hartsburg-Emden Jr-Sr HS,HARTSBURG,100.0,100.0,True,auto_accept,False
44-063-0500-26-2007,Crosby Elem Sch,IL,HARVARD,140332,Elim Christian School-Day,CRESTWOOD,60.0,60.0,False,reject,False
44-063-0500-26-0001,Harvard High School,IL,HARVARD,142210,Harvard Community High School,HARVARD,100.0,79.16666666666666,True,review,True
44-063-0500-26-1002,Harvard Jr High School,IL,HARVARD,142210,Harvard Community High School,HARVARD,92.6829268292683,74.50980392156863,True,review,True
44-063-0500-26-2003,Jefferson Elem School,IL,HARVARD,141018,Nancy B Jefferson Alt School,CHICAGO,86.48648648648648,73.46938775510203,False,review,True
44-063-0500-26-3001,Washington Elem School,IL,HARVARD,140842,George Washington High School,CHICAGO,87.17948717948718,78.43137254901961,False,review,True
07-016-1520-02-1001,Brooks Middle School,IL,HARVEY,140108,Middle Fork School,DANVILLE,84.21052631578948,84.21052631578947,False,review,True
07-016-1520-02-2001,Bryant Elem School,IL,HARVEY,140157,Banner School,CHICAGO,70.96774193548387,70.96774193548387,False,reject,False
07-016-1520-02-2004,Holmes Elem School,IL,HARVEY,141844,Cove School,NORTHBROOK,70.58823529411765,62.06896551724138,False,reject,False
07-016-1520-02-2002,Maya Angelou Elem Sch,IL,HARVEY,140852,Gospel Outreach Christian Sch,CHICAGO,52.0,52.0,False,reject,False
07-016-1520-02-3001,Riley Early Childhood Center,IL,HARVEY,140228,Peace Center,DOLTON,66.66666666666666,50.0,False,reject,False
07-016-1520-02-2008,Whittier Elem School,IL,HARVEY,143800,Saint Elmo High School,ST. ELMO,71.7948717948718,61.53846153846154,False,reject,False
53-060-1260-26-0001,Havana High School,IL,HAVANA,142220,Havana High School,HAVANA,100.0,100.0,True,auto_accept,False
53-060-1260-26-1001,Havana Jr High School,IL,HAVANA,142220,Havana High School,HAVANA,100.0,92.3076923076923,True,auto_accept,False
53-060-1260-26-2002,New Central Elem School,IL,HAVANA,140454,Central High School,BURLINGTON,84.84848484848484,71.42857142857143,False,review,True
34-049-0730-04-2007,Hawthorn Aspen Elem School,IL,VERNON HILLS,141844,Cove School,NORTHBROOK,70.58823529411765,43.24324324324324,False,reject,False
34-049-0730-04-2002,Hawthorn Elem School North,IL,VERNON HILLS,144386,Wheaton North High School,WHEATON,74.50980392156863,58.82352941176471,False,reject,False
34-049-0730-04-2004,Hawthorn Elem School South,IL,VERNON HILLS,143784,South Elgin High School,SOUTH ELGIN,73.46938775510205,73.46938775510203,False,reject,False
34-049-0730-04-2001,Hawthorn Middle School North,IL,VERNON HILLS,140108,Middle Fork School,DANVILLE,83.87096774193549,69.56521739130434,False,review,True
34-049-0730-04-1001,Hawthorn Middle School South,IL,VERNON HILLS,140108,Middle Fork School,DANVILLE,83.87096774193549,69.56521739130434,False,review,True
34-049-0730-04-2008,Hawthorn Sch of Dual Language,IL,VERNON HILLS,140697,World Language Acdmy Scholars,CHICAGO,55.172413793103445,48.275862068965516,False,reject,False
34-049-0730-04-2009,Hawthorn School for Young Learners,IL,VERNON HILLS,141844,Cove School,NORTHBROOK,70.58823529411765,40.0,False,reject,False
34-049-0730-04-2006,Hawthorn Townline Elem Sch,IL,VERNON HILLS,142590,Lemont Township High School,LEMONT,56.60377358490566,56.60377358490566,False,reject,False
34-049-0730-04-3001,Lincoln School,IL,MUNDELEIN,142625,Lincoln Community High School,LINCOLN,100.0,65.11627906976744,False,review,True
07-016-1525-02-2001,Barack H Obama Learning Academy,IL,MARKHAM,140352,Academy For Learning,DOLTON,88.88888888888889,70.58823529411764,False,review,True
07-016-1525-02-2005,Jesse C White Learning Academy,IL,HAZEL CREST,140352,Academy For Learning,DOLTON,88.88888888888889,68.0,False,review,True
35-059-0050-26-2001,Henry-Senachwine Grade School,IL,HENRY,142240,Henry-Senachwine High School,HENRY,90.19607843137254,80.70175438596492,True,auto_accept,False
35-059-0050-26-0001,Henry-Senachwine High School,IL,HENRY,142240,Henry-Senachwine High School,HENRY,100.0,100.0,True,auto_accept,False
09-010-0080-26-0001,Heritage High School,IL,BROADLANDS,142665,Heritage High School,BROADLANDS,100.0,100.0,True,auto_accept,False
09-010-0080-26-2001,Heritage Jr High and Elementary School,IL,HOMER,142665,Heritage High School,BROADLANDS,100.0,68.96551724137932,False,review,True
21-100-0040-26-2010,Herrin C U S D 4 Elem School,IL,HERRIN,142250,Herrin High School,HERRIN,83.87096774193549,60.86956521739131,True,reject,False
21-100-0040-26-0001,Herrin High School,IL,HERRIN,142250,Herrin High School,HERRIN,100.0,100.0,True,auto_accept,False
21-100-0040-26-1001,Herrin Middle School,IL,HERRIN,142250,Herrin High School,HERRIN,83.87096774193549,78.94736842105263,True,review,True
21-100-0040-26-2008,North Side Primary Center,IL,HERRIN,140228,Peace Center,DOLTON,66.66666666666666,54.054054054054056,False,reject,False
32-046-0020-26-2004,Bonfield Grade School,IL,BONFIELD,140323,Harlem High School - 9th Grade,MACHESNEY PK,72.72727272727272,53.06122448979591,False,reject,False
32-046-0020-26-0001,Herscher High School,IL,HERSCHER,142255,Herscher High School,HERSCHER,100.0,100.0,True,auto_accept,False
32-046-0020-26-2002,Herscher Intermediate Sch,IL,HERSCHER,142255,Herscher High School,HERSCHER,62.22222222222222,62.22222222222222,True,reject,False
32-046-0020-26-2003,Limestone Middle Sch,IL,KANKAKEE,140225,Beardstown Middle High School,BEARDSTOWN,65.3061224489796,65.3061224489796,False,reject,False
17-064-0040-26-2002,Heyworth Elem School,IL,HEYWORTH,142260,Heyworth High School,HEYWORTH,85.71428571428571,75.0,True,review,True
17-064-0040-26-0001,Heyworth High School,IL,HEYWORTH,142260,Heyworth High School,HEYWORTH,100.0,100.0,True,auto_accept,False
16-019-4260-26-2001,Hiawatha Elem Sch PreK-5,IL,KIRKLAND,141815,Elmwood Park High School,ELMWOOD PARK,62.5,62.5,False,reject,False
16-019-4260-26-0003,Hiawatha Jr/Sr High School,IL,KIRKLAND,142465,Hiawatha Jr & Sr High School,KIRKLAND,100.0,92.85714285714286,True,auto_accept,False
50-082-1160-02-2001,High Mount Elem School,IL,SWANSEA,143800,Saint Elmo High School,ST. ELMO,89.47368421052632,78.94736842105263,False,review,True
41-057-0050-26-2004,Alhambra Primary School,IL,ALHAMBRA,141844,Cove School,NORTHBROOK,70.58823529411765,41.17647058823529,False,reject,False
41-057-0050-26-2005,Grantfork Upper Elementary Sch,IL,HIGHLAND,142565,Leaf River Community High Sch,LEAF RIVER,50.847457627118644,44.067796610169495,False,reject,False
41-057-0050-26-2008,Highland Elementary  School,IL,HIGHLAND,142265,Highland High School,HIGHLAND,85.71428571428571,69.56521739130434,True,review,True
41-057-0050-26-0001,Highland High School,IL,HIGHLAND,142275,Highland Park High School,HIGHLAND PARK,100.0,88.88888888888889,False,auto_accept,False
41-057-0050-26-1002,Highland Middle School,IL,HIGHLAND,142265,Highland High School,HIGHLAND,85.71428571428571,71.42857142857143,True,review,True
41-057-0050-26-2003,Highland Primary School,IL,HIGHLAND,142265,Highland High School,HIGHLAND,85.71428571428571,69.76744186046511,True,review,True
03-068-0030-26-2003,Beckemeyer Elem School,IL,HILLSBORO,141844,Cove School,NORTHBROOK,70.58823529411765,54.54545454545454,False,reject,False
03-068-0030-26-3001,Coffeen Early Childhood Center,IL,COFFEEN,140228,Peace Center,DOLTON,66.66666666666666,42.85714285714286,False,reject,False
03-068-0030-26-0001,Hillsboro High School,IL,HILLSBORO,142280,Hillsboro High School,HILLSBORO,100.0,100.0,True,auto_accept,False
03-068-0030-26-1002,Hillsboro Jr High School,IL,HILLSBORO,142280,Hillsboro High School,HILLSBORO,100.0,93.33333333333333,True,auto_accept,False
06-016-0930-02-2001,Hillside Elem School,IL,HILLSIDE,143800,Saint Elmo High School,ST. ELMO,71.7948717948718,66.66666666666667,False,reject,False
16-019-4290-26-2002,Hinckley-Big Rock Elem Sch,IL,HINCKLEY,142295,Hinckley Big Rock High School,HINCKLEY,80.0,80.0,True,review,True
16-019-4290-26-0003,Hinckley-Big Rock High School,IL,HINCKLEY,142295,Hinckley Big Rock High School,HINCKLEY,100.0,100.0,True,auto_accept,False
16-019-4290-26-2001,Hinckley-Big Rock Middle Sch,IL,BIG ROCK,142295,Hinckley Big Rock High School,HINCKLEY,80.7017543859649,73.6842105263158,False,review,True
19-022-1810-04-1003,Clarendon Hills Middle School,IL,CLARENDON HILLS,140108,Middle Fork School,DANVILLE,83.87096774193549,63.829787234042556,False,reject,False
19-022-1810-04-2001,Elm Elem School,IL,BURR RIDGE,141844,Cove School,NORTHBROOK,70.58823529411765,61.53846153846154,False,reject,False
19-022-1810-04-1002,Hinsdale Middle School,IL,HINSDALE,140108,Middle Fork School,DANVILLE,83.87096774193549,70.0,False,review,True
19-022-1810-04-2003,Madison Elem School,IL,HINSDALE,142715,Madison Senior High School,MADISON,84.84848484848484,66.66666666666667,False,review,True
19-022-1810-04-2004,Monroe Elem School,IL,HINSDALE,141844,Cove School,NORTHBROOK,70.58823529411765,62.06896551724138,False,reject,False
19-022-1810-04-2006,Oak Elem School,IL,HINSDALE,143224,Oak Forest High School,OAK FOREST,80.0,64.86486486486487,False,reject,False
19-022-1810-04-2007,Prospect Elem School,IL,CLARENDON HILLS,143062,Prospect High School,MT PROSPECT,85.71428571428571,80.0,False,review,True
19-022-1810-04-2008,The Lane Elem School,IL,HINSDALE,140764,The Day School,CHICAGO,83.33333333333333,70.58823529411764,False,review,True
19-022-1810-04-2009,Walker School,IL,CLARENDON HILLS,140157,Banner School,CHICAGO,76.92307692307692,46.15384615384615,False,reject,False
19-022-0860-17-0001,Hinsdale Central High School,IL,HINSDALE,140454,Central High School,BURLINGTON,100.0,80.85106382978724,False,review,True
19-022-0860-17-0002,Hinsdale South High School,IL,DARIEN,141428,Hinsdale South High School,DARIEN,100.0,100.0,True,auto_accept,False
48-072-3280-03-2001,Hollis Consolidated Grade Sch,IL,PEORIA,140300,Benton Consolidated HS,BENTON,70.0,63.33333333333333,False,reject,False
56-099-033C-04-2003,Goodings Grove School,IL,HOMER GLEN,140447,Buffalo Grove High School,BUFFALO GROVE,72.72727272727272,60.86956521739131,False,reject,False
56-099-033C-04-2005,Hadley Middle School,IL,HOMER GLEN,140108,Middle Fork School,DANVILLE,83.87096774193549,73.6842105263158,False,review,True
56-099-033C-04-1001,Homer Jr High School,IL,HOMER GLEN,140945,Leo High School,CHICAGO,84.61538461538461,74.28571428571429,False,review,True
56-099-033C-04-2006,Luther J Schilling School,IL,HOMER GLEN,142546,Luther East HS,LANSING,75.0,58.33333333333333,False,reject,False
56-099-033C-04-2008,William E Young School,IL,HOMER GLEN,143347,William Fremd High School,PALATINE,77.77777777777777,68.08510638297872,False,reject,False
56-099-033C-04-2007,William J Butler School,IL,LOCKPORT,143347,William Fremd High School,PALATINE,75.67567567567568,70.83333333333333,False,reject,False
07-016-2330-16-0001,Homewood-Flossmoor High School,IL,FLOSSMOOR,142307,Homewood-Flossmoor Cmty HS,FLOSSMOOR,100.0,92.3076923076923,True,auto_accept,False
07-016-1530-02-1003,James Hart School,IL,HOMEWOOD,143343,James B Conant High School,HOFFMAN EST,82.75862068965517,69.76744186046511,False,review,True
07-016-1530-02-2005,Willow School,IL,HOMEWOOD,143708,Mill School,ROCKFORD,83.33333333333333,50.0,False,reject,False
07-016-1530-02-2002,Winston Churchill School,IL,HOMEWOOD,141844,Cove School,NORTHBROOK,70.58823529411765,45.714285714285715,False,reject,False
04-101-2070-16-0001,Hononegah CHD High School,IL,ROCKTON,143735,Hononegah Comm High School,ROCKTON,91.30434782608695,90.19607843137256,True,auto_accept,False
54-092-0110-26-0005,Hoopeston Area High School,IL,HOOPESTON,142310,Hoopeston Area High School,HOOPESTON,100.0,100.0,True,auto_accept,False
54-092-0110-26-1001,Hoopeston Area Middle School,IL,HOOPESTON,142310,Hoopeston Area High School,HOOPESTON,89.36170212765957,77.77777777777779,True,review,True
54-092-0110-26-2002,John Greer Elem School,IL,HOOPESTON,140097,John Hersey High School,ARLINGTON HTS,71.11111111111111,71.11111111111111,False,reject,False
54-092-0110-26-2003,Maple Elem School,IL,HOOPESTON,140046,Allendale School,LAKE VILLA,72.72727272727272,72.72727272727273,False,reject,False
07-016-1570-02-2001,Hoover Elem School,IL,CALUMET CITY,141844,Cove School,NORTHBROOK,70.58823529411765,68.96551724137932,False,reject,False
07-016-1570-02-1001,Schrum Memorial School,IL,CALUMET CITY,140305,Civic Memorial High School,BETHALTO,81.08108108108108,62.5,False,reject,False
15-016-9010-25-201C,Horizon Science Acad-Belmont Charter Sch,IL,CHICAGO,140072,Ybmc Charter Sch,NORMAL,81.48148148148148,46.42857142857143,False,reject,False
15-016-9000-25-201C,Horizon Science Acad-McKinley Park Charter Sch,IL,CHICAGO,141374,Horizon Science Acdmy Mckinley,CHICAGO,88.88888888888889,73.6842105263158,True,review,True
44-063-1580-22-2003,Chesak Elementary School,IL,LAKE IN THE HILLS,141844,Cove School,NORTHBROOK,70.58823529411765,51.42857142857142,False,reject,False
44-063-1580-22-2007,Conley Elementary School,IL,ALGONQUIN,141844,Cove School,NORTHBROOK,70.58823529411765,57.14285714285714,False,reject,False
44-063-1580-22-3002,District 158 Early Childhood Center,IL,LK IN THE HLS,140228,Peace Center,DOLTON,66.66666666666666,38.297872340425535,False,reject,False
44-063-1580-22-1002,Heineman Middle School,IL,ALGONQUIN,140108,Middle Fork School,DANVILLE,83.87096774193549,70.0,False,review,True
44-063-1580-22-0002,Huntley High School,IL,HUNTLEY,142320,Huntley High School,HUNTLEY,100.0,100.0,True,auto_accept,False
44-063-1580-22-2004,Leggee Elementary School,IL,HUNTLEY,141844,Cove School,NORTHBROOK,70.58823529411765,45.714285714285715,False,reject,False
44-063-1580-22-2006,Mackeben Elementary School,IL,ALGONQUIN,141844,Cove School,NORTHBROOK,70.58823529411765,48.64864864864865,False,reject,False
44-063-1580-22-1003,Marlowe Middle School,IL,LAKE IN THE HILLS,140108,Middle Fork School,DANVILLE,83.87096774193549,76.92307692307692,False,review,True
44-063-1580-22-2005,Martin Elementary School,IL,LAKE IN THE HILLS,141844,Cove School,NORTHBROOK,70.58823529411765,45.714285714285715,False,reject,False
12-017-0010-26-2002,Hutsonville Elem and Jr High Sch,IL,HUTSONVILLE,142330,Hutsonville High School,HUTSONVILLE,82.05128205128204,72.72727272727273,True,review,True
12-017-0010-26-0001,Hutsonville High School,IL,HUTSONVILLE,142330,Hutsonville High School,HUTSONVILLE,100.0,100.0,True,auto_accept,False
60-105-4280-30-3015,Il Youth Center - Pere Marquette,IL,GRAFTON,140249,Il Youth Center - Pere Marquet,GRAFTON,96.55172413793103,96.55172413793103,True,auto_accept,False
60-105-4280-30-3019,Illinois Youth Center-Warrenville,IL,NAPERVILLE,140582,Illinois Youth Ctr Warrenville,WARRENVILLE,95.23809523809524,95.23809523809523,False,auto_accept,False
60-105-4280-30-3050,IYC Chicago,IL,CHICAGO,140264,Iyc Chicago,CHICAGO,100.0,100.0,True,auto_accept,False
60-105-4280-30-3028,School District 428 IYC-HRB,IL,HARRISBURG,140267,School District 428 Iyc-Hrb,HARRISBURG,100.0,100.0,True,auto_accept,False
48-072-3210-26-2008,Chillicothe Elementary Center,IL,CHILLICOTHE,140228,Peace Center,DOLTON,66.66666666666666,43.90243902439024,False,reject,False
48-072-3210-26-1002,Chillicothe Jr High,IL,CHILLICOTHE,144150,Tower Hill HS,TOWER HILL,68.29268292682927,43.90243902439024,False,reject,False
48-072-3210-26-0007,Il Valley Central High School,IL,CHILLICOTHE,140454,Central High School,BURLINGTON,100.0,79.16666666666666,False,review,True
48-072-3210-26-2005,Mossville Elementary School,IL,MOSSVILLE,141844,Cove School,NORTHBROOK,70.58823529411765,52.63157894736843,False,reject,False
48-072-3210-26-1001,Mossville Jr High,IL,MOSSVILLE,143745,Roseville HS,ROSEVILLE,68.42105263157895,68.42105263157895,False,reject,False
48-072-3210-26-2004,South Elementary School,IL,CHILLICOTHE,142073,Glenbard South High School,GLEN ELLYN,73.46938775510205,73.46938775510203,False,reject,False
48-072-3270-26-2004,Illini Bluffs Elementary School,IL,GLASFORD,142065,Illini Bluffs High School,GLASFORD,88.88888888888889,75.0,True,review,True
48-072-3270-26-0008,Illini Bluffs High School,IL,GLASFORD,140360,Bluffs High School,BLUFFS,100.0,83.72093023255813,False,review,True
48-072-3270-26-2006,Illini Bluffs Middle School,IL,GLASFORD,142065,Illini Bluffs High School,GLASFORD,88.88888888888889,76.92307692307692,True,review,True
53-060-1890-26-2001,Illini Central Grade School,IL,MASON CITY,142810,Illini Central High School,MASON CITY,89.36170212765957,86.79245283018868,True,auto_accept,False
53-060-1890-26-0001,Illini Central High School,IL,MASON CITY,140454,Central High School,BURLINGTON,100.0,84.44444444444444,False,review,True
53-060-1890-26-1001,Illini Central Middle School,IL,MASON CITY,142810,Illini Central High School,MASON CITY,89.36170212765957,77.77777777777779,True,review,True
53-060-1890-26-3001,West Campus Facility,IL,MASON CITY,140118,South Campus,PALATINE,66.66666666666666,56.25,False,reject,False
26-034-3070-16-0001,Illini West High School,IL,CARTHAGE,140529,Illini West High School,CARTHAGE,100.0,100.0,True,auto_accept,False
65-108-9030-80-0001,Illinois Mathematics and Science Academy,IL,AURORA,141602,Science & Arts Academy,DES PLAINES,88.37209302325581,71.875,False,review,True
16-019-4250-26-2002,Indian Creek Elementary School,IL,SHABBONA,143880,Indian Creek High School,SHABBONA,88.37209302325581,74.07407407407408,True,review,True
16-019-4250-26-0001,Indian Creek High School,IL,SHABBONA,143880,Indian Creek High School,SHABBONA,100.0,100.0,True,auto_accept,False
16-019-4250-26-1001,Indian Creek Middle School,IL,WATERMAN,143880,Indian Creek High School,SHABBONA,88.37209302325581,76.0,False,review,True
19-022-2040-26-2022,Arlene Welch Elementary School,IL,NAPERVILLE,141844,Cove School,NORTHBROOK,70.58823529411765,39.02439024390244,False,reject,False
19-022-2040-26-2006,Brookdale Elementary School,IL,NAPERVILLE,141844,Cove School,NORTHBROOK,70.58823529411765,47.36842105263158,False,reject,False
19-022-2040-26-1004,Clifford Crone Middle School,IL,NAPERVILLE,140108,Middle Fork School,DANVILLE,83.87096774193549,73.91304347826086,False,review,True
19-022-2040-26-2026,Danielle-Joy Peterson Elem Sch,IL,NAPERVILLE,142060,Glen Oaks Day Sch Pheasant Rdg,GLENDALE HTS,53.333333333333336,53.333333333333336,False,reject,False
19-022-2040-26-1007,Fischer Middle School,IL,AURORA,140108,Middle Fork School,DANVILLE,83.87096774193549,82.05128205128204,False,review,True
19-022-2040-26-1003,Francis Granger Middle School,IL,AURORA,140108,Middle Fork School,DANVILLE,83.87096774193549,68.08510638297872,False,review,True
19-022-2040-26-2024,Fry Elementary School,IL,NAPERVILLE,141844,Cove School,NORTHBROOK,70.58823529411765,50.0,False,reject,False
19-022-2040-26-2007,Georgetown Elementary School,IL,AURORA,142030,Georgetown-Ridge Farm HS,GEORGETOWN,75.55555555555556,65.57377049180329,False,reject,False
19-022-2040-26-1002,Gordon Gregory Middle School,IL,NAPERVILLE,140108,Middle Fork School,DANVILLE,83.87096774193549,69.56521739130434,False,review,True
19-022-2040-26-2015,Gwendolyn Brooks Elementary,IL,AURORA,141297,Gwendolyn Brooks Coll Prep Aca,CHICAGO,74.4186046511628,63.1578947368421,False,reject,False
19-022-2040-26-2002,Longwood Elem School,IL,NAPERVILLE,140630,CICS Longwood High School,CHICAGO,85.71428571428571,71.11111111111111,False,review,True
19-022-2040-26-2018,Mary Lou Cowlishaw Elementary,IL,NAPERVILLE,1111,Truman College,CHICAGO,51.16279069767442,51.162790697674424,False,reject,False
19-022-2040-26-2010,May Watts Elementary School,IL,NAPERVILLE,141844,Cove School,NORTHBROOK,70.58823529411765,42.10526315789473,False,reject,False
19-022-2040-26-2008,McCarty Elementary School,IL,AURORA,141844,Cove School,NORTHBROOK,70.58823529411765,44.44444444444444,False,reject,False
19-022-2040-26-0005,Metea Valley High School,IL,AURORA,140187,Metea Valley High School,AURORA,100.0,100.0,True,auto_accept,False
19-022-2040-26-2021,Nancy Young Elementary School,IL,AURORA,141844,Cove School,NORTHBROOK,70.58823529411765,40.0,False,reject,False
19-022-2040-26-0002,Neuqua Valley High School,IL,NAPERVILLE,143108,Neuqua Valley High School,NAPERVILLE,100.0,100.0,True,auto_accept,False
19-022-2040-26-2019,Oliver Julian Kendall Elem School,IL,NAPERVILLE,141844,Cove School,NORTHBROOK,70.58823529411765,45.45454545454546,False,reject,False
19-022-2040-26-2025,Owen Elementary School,IL,NAPERVILLE,141844,Cove School,NORTHBROOK,70.58823529411765,54.54545454545454,False,reject,False
19-022-2040-26-2013,Patterson Elementary School,IL,NAPERVILLE,141844,Cove School,NORTHBROOK,70.58823529411765,42.10526315789473,False,reject,False
19-022-2040-26-2020,Peter M Gombert Elementary Sch,IL,AURORA,140008,Mercer County High School,ALEDO,50.90909090909091,50.90909090909091,False,reject,False
19-022-2040-26-3001,Prairie Children Preschool,IL,AURORA,141519,Prairie Ridge High School,CRYSTAL LAKE,74.50980392156863,74.50980392156863,False,reject,False
19-022-2040-26-2012,Reba O Steck Elementary School,IL,AURORA,141844,Cove School,NORTHBROOK,70.58823529411765,43.90243902439024,False,reject,False
19-022-2040-26-2005,Robert Clow Elem Sch,IL,NAPERVILLE,1670,Robert Morris College,CHICAGO,63.41463414634146,58.53658536585367,False,reject,False
19-022-2040-26-1006,Scullen Middle School,IL,NAPERVILLE,140108,Middle Fork School,DANVILLE,83.87096774193549,66.66666666666667,False,review,True
19-022-2040-26-2009,Spring Brook Elementary School,IL,NAPERVILLE,141844,Cove School,NORTHBROOK,70.58823529411765,43.90243902439024,False,reject,False
19-022-2040-26-1005,Still Middle School,IL,AURORA,140108,Middle Fork School,DANVILLE,83.87096774193549,70.27027027027026,False,review,True
19-022-2040-26-1001,Thayer J Hill Middle School,IL,NAPERVILLE,140108,Middle Fork School,DANVILLE,83.87096774193549,62.22222222222222,False,reject,False
19-022-2040-26-2017,V Blanche Graham Elementary,IL,NAPERVILLE,1537,Black Hawk College East,GALVA,48.0,48.0,False,reject,False
19-022-2040-26-0001,Waubonsie Valley High School,IL,AURORA,140184,Waubonsie Valley High School,AURORA,100.0,100.0,True,auto_accept,False
19-022-2040-26-2023,Wayne Builta Elementary School,IL,BOLINGBROOK,141844,Cove School,NORTHBROOK,70.58823529411765,39.02439024390244,False,reject,False
19-022-2040-26-2016,White Eagle Elementary,IL,NAPERVILLE,1503,Methodist College,PEORIA,51.282051282051285,51.28205128205128,False,reject,False
07-016-1090-02-2001,Bridgeview Elem School,IL,BRIDGEVIEW,141460,Ridgeview High School,COLFAX,74.4186046511628,74.4186046511628,False,reject,False
07-016-1090-02-2002,Frank A Brodnicki Elem School,IL,JUSTICE,141844,Cove School,NORTHBROOK,70.58823529411765,44.99999999999999,False,reject,False
07-016-1090-02-1006,Geo T Wilkins Jr High School,IL,JUSTICE,140945,Leo High School,CHICAGO,84.61538461538461,55.81395348837209,False,reject,False
07-016-1090-02-2006,George T Wilkins Elem School,IL,JUSTICE,141844,Cove School,NORTHBROOK,70.58823529411765,46.15384615384615,False,reject,False
07-016-1090-02-3001,Gladness V Player Early Childhood Center,IL,JUSTICE,140228,Peace Center,DOLTON,66.66666666666666,38.46153846153846,False,reject,False
07-016-1090-02-2004,Robina Lyle Elementary School,IL,BRIDGEVIEW,141844,Cove School,NORTHBROOK,70.58823529411765,40.0,False,reject,False
15-016-9050-25-001C,Intrinsic 2 Charter High School,IL,CHICAGO,140984,Intrinsic School,CHICAGO,100.0,68.08510638297872,True,review,True
32-038-0090-26-2009,Glenn Raymond School,IL,WATSEKA,141844,Cove School,NORTHBROOK,70.58823529411765,51.61290322580645,False,reject,False
32-038-0090-26-2003,Wanda Kendall Elem School,IL,WATSEKA,141844,Cove School,NORTHBROOK,70.58823529411765,44.44444444444444,False,reject,False
32-038-0090-26-0001,Watseka Comm High School,IL,WATSEKA,144305,Watseka Community High School,WATSEKA,90.56603773584905,90.56603773584906,True,auto_accept,False
32-038-0090-26-1002,Watseka Junior High School,IL,WATSEKA,140945,Leo High School,CHICAGO,84.61538461538461,63.41463414634146,False,reject,False
32-038-0100-26-2003,Iroquois West Elem Sch/Danforth,IL,DANFORTH,142050,Iroquois West High School,GILMAN,68.42105263157895,67.85714285714286,False,reject,False
32-038-0100-26-2004,Iroquois West Elem Sch/Thawville,IL,THAWVILLE,142050,Iroquois West High School,GILMAN,68.42105263157895,66.66666666666667,False,reject,False
32-038-0100-26-2002,Iroquois West Elem School/Gilman,IL,GILMAN,142050,Iroquois West High School,GILMAN,88.88888888888889,77.19298245614034,True,review,True
32-038-0100-26-0001,Iroquois West High School,IL,GILMAN,142050,Iroquois West High School,GILMAN,100.0,100.0,True,auto_accept,False
32-038-0100-26-1001,Iroquois West Middle School,IL,ONARGA,142050,Iroquois West High School,GILMAN,88.88888888888889,76.92307692307692,False,review,True
13-095-0110-04-2001,Irvington Elem School,IL,IRVINGTON,140033,Living Free School,CHICAGO,76.92307692307692,76.92307692307692,False,reject,False
65-108-9010-80-2001,Thomas Metcalf School,IL,NORMAL,140599,High School Saint Thomas More,CHAMPAIGN,76.47058823529412,68.08510638297872,False,reject,False
65-108-9010-80-0001,University High School,IL,NORMAL,143205,University High School,NORMAL,100.0,100.0,True,auto_accept,False
19-022-0100-02-2002,Elmer H Franzen Intermediate Sch,IL,ITASCA,141955,Franklin Center HS,FRANKLIN GROVE,54.23728813559322,54.23728813559322,False,reject,False
19-022-0100-02-1001,F E Peacock Middle School,IL,ITASCA,140108,Middle Fork School,DANVILLE,83.87096774193549,69.76744186046511,False,review,True
19-022-0100-02-2003,Raymond Benson Primary School,IL,ITASCA,141844,Cove School,NORTHBROOK,70.58823529411765,40.0,False,reject,False
13-058-0070-04-2001,Iuka Comm Cons School,IL,IUKA,141844,Cove School,NORTHBROOK,70.58823529411765,56.25,False,reject,False
06-016-2010-17-0001,J Sterling Morton East High Sch,IL,CICERO,141410,J S Morton High School East,CICERO,80.0,79.3103448275862,True,review,True
06-016-2010-17-0003,J Sterling Morton Freshman Cntr,IL,CICERO,140198,J Sterling Morton Alternative,CICERO,73.91304347826087,70.0,True,reject,False
06-016-2010-17-0002,J Sterling Morton West High Sch,IL,BERWYN,140303,J S Morton High School West,BERWYN,80.0,79.3103448275862,True,review,True
01-069-1170-22-2001,Eisenhower Elem School,IL,JACKSONVILLE,140345,Dwight D Eisenhower HS,BLUE ISLAND,87.17948717948718,67.9245283018868,False,review,True
01-069-1170-22-0014,Jacksonville High School,IL,JACKSONVILLE,142350,Jacksonville High School,JACKSONVILLE,100.0,100.0,True,auto_accept,False
01-069-1170-22-1013,Jacksonville Middle School,IL,JACKSONVILLE,142350,Jacksonville High School,JACKSONVILLE,88.37209302325581,76.0,True,review,True
01-069-1170-22-2006,Lincoln Elem School,IL,JACKSONVILLE,142625,Lincoln Community High School,LINCOLN,84.84848484848484,66.66666666666667,False,review,True
01-069-1170-22-2009,Murrayville-Woodson Elem School,IL,MURRAYVILLE,141844,Cove School,NORTHBROOK,70.58823529411765,42.85714285714286,False,reject,False
01-069-1170-22-2008,North Jacksonville School,IL,JACKSONVILLE,142350,Jacksonville High School,JACKSONVILLE,88.37209302325581,77.55102040816327,True,review,True
01-069-1170-22-2007,South Jacksonville Elem School,IL,SOUTH JACKSONVILLE,142350,Jacksonville High School,JACKSONVILLE,88.37209302325581,74.07407407407408,False,review,True
01-069-1170-22-3012,The Early Years,IL,JACKSONVILLE,140764,The Day School,CHICAGO,55.172413793103445,41.379310344827594,False,reject,False
01-069-1170-22-2005,Washington Elem School,IL,JACKSONVILLE,140842,George Washington High School,CHICAGO,87.17948717948718,78.43137254901961,False,review,True
20-096-0170-04-2001,Jasper Elem School,IL,FAIRFIELD,141844,Cove School,NORTHBROOK,70.58823529411765,55.172413793103445,False,reject,False
12-040-0010-26-1003,Jasper Co Jr High,IL,NEWTON,142395,Westmer Jr-Sr HS,JOY,66.66666666666666,47.61904761904761,False,reject,False
12-040-0010-26-0001,Newton Comm High School,IL,NEWTON,143180,Newton Community High School,NEWTON,90.19607843137254,90.19607843137256,True,auto_accept,False
12-040-0010-26-2002,Newton Elem School,IL,NEWTON,143180,Newton Community High School,NEWTON,83.87096774193549,65.21739130434783,True,review,True
12-040-0010-26-2011,Ste Marie Elem School,IL,SAINTE MARIE,143800,Saint Elmo High School,ST. ELMO,75.0,75.0,False,reject,False
40-042-1000-26-2006,Grafton Elem School,IL,GRAFTON,141844,Cove School,NORTHBROOK,70.58823529411765,53.333333333333336,False,reject,False
40-042-1000-26-0001,Jersey Comm High School,IL,JERSEYVILLE,142360,Jersey Community High School,JERSEYVILLE,90.19607843137254,90.19607843137256,True,auto_accept,False
40-042-1000-26-1002,Jersey Community Middle School,IL,JERSEYVILLE,142360,Jersey Community High School,JERSEYVILLE,90.19607843137254,79.3103448275862,True,review,True
40-042-1000-26-2007,Jerseyville East Elem School,IL,JERSEYVILLE,143700,East High School,ROCKFORD,81.48148148148148,59.09090909090908,False,reject,False
40-042-1000-26-2008,Jerseyville West Elem School,IL,JERSEYVILLE,141844,Cove School,NORTHBROOK,70.58823529411765,46.15384615384615,False,reject,False
44-063-0120-26-2001,Johnsburg Elementary School,IL,JOHNSBURG,142831,Johnsburg High School,JOHNSBURG,86.48648648648648,70.83333333333333,True,review,True
44-063-0120-26-0002,Johnsburg High School,IL,JOHNSBURG,142831,Johnsburg High School,JOHNSBURG,100.0,100.0,True,auto_accept,False
44-063-0120-26-1003,Johnsburg Jr High School,IL,JOHNSBURG,142831,Johnsburg High School,JOHNSBURG,100.0,93.33333333333333,True,auto_accept,False
44-063-0120-26-2002,Ringwood School Primary Ctr,IL,RINGWOOD,141844,Cove School,NORTHBROOK,70.58823529411765,47.36842105263158,False,reject,False
21-100-0010-26-2003,Jefferson Elem School,IL,JOHNSTON CITY,141018,Nancy B Jefferson Alt School,CHICAGO,86.48648648648648,73.46938775510203,False,review,True
21-100-0010-26-0001,Johnston City High School,IL,JOHNSTON CITY,142365,Johnston City High School,JOHNSTON CITY,100.0,100.0,True,auto_accept,False
21-100-0010-26-2004,Lincoln Elem School,IL,PITTSBURG,142625,Lincoln Community High School,LINCOLN,84.84848484848484,66.66666666666667,False,review,True
21-100-0010-26-2002,Washington Middle School,IL,JOHNSTON CITY,140108,Middle Fork School,DANVILLE,83.87096774193549,61.904761904761905,False,reject,False
56-099-0860-05-2011,A O Marshall Elem School,IL,JOLIET,141020,John Marshall Metro HS,CHICAGO,76.92307692307692,69.0909090909091,False,reject,False
56-099-0860-05-2013,Carl Sandburg Elementary,IL,JOLIET,1982,Carl Sandburg College,GALESBURG,76.47058823529412,75.55555555555556,False,reject,False
56-099-0860-05-1001,Dirksen Junior High School,IL,JOLIET,140945,Leo High School,CHICAGO,84.61538461538461,63.41463414634146,False,reject,False
56-099-0860-05-2007,Edna Keith Elem School,IL,JOLIET,141844,Cove School,NORTHBROOK,70.58823529411765,48.484848484848484,False,reject,False
56-099-0860-05-2003,Eisenhower Academy,IL,JOLIET,140652,Cs Academy,CHICAGO,82.35294117647058,64.28571428571428,False,reject,False
56-099-0860-05-2004,Farragut Elem School,IL,JOLIET,141844,Cove School,NORTHBROOK,70.58823529411765,51.61290322580645,False,reject,False
56-099-0860-05-2005,Forest Park Individual Ed School,IL,JOLIET,143231,Polaris School Individual Educ,OAK LAWN,77.41935483870968,77.41935483870968,False,reject,False
56-099-0860-05-1002,Gompers Junior High School,IL,JOLIET,140945,Leo High School,CHICAGO,84.61538461538461,63.41463414634146,False,reject,False
56-099-0860-05-1003,Hufford Junior High School,IL,JOLIET,140945,Leo High School,CHICAGO,84.61538461538461,63.41463414634146,False,reject,False
56-099-0860-05-2027,Isaac Singleton Elem Sch,IL,JOLIET,140842,George Washington High School,CHICAGO,60.37735849056604,60.37735849056604,False,reject,False
56-099-0860-05-2025,Lynne Thigpen Elem School,IL,JOLIET,141844,Cove School,NORTHBROOK,70.58823529411765,44.44444444444444,False,reject,False
56-099-0860-05-2002,M J Cunningham Elem Sch,IL,JOLIET,140113,Gerber School-Cunningham,URBANA,72.34042553191489,72.34042553191489,False,reject,False
56-099-0860-05-3004,Marycrest Early Childhood Center,IL,JOLIET,140228,Peace Center,DOLTON,66.66666666666666,50.0,False,reject,False
56-099-0860-05-2015,Pershing Elem School,IL,JOLIET,141835,Erie High School,ERIE,72.22222222222223,72.22222222222221,False,reject,False
56-099-0860-05-2024,Sator Sanchez Elem School,IL,JOLIET,141844,Cove School,NORTHBROOK,70.58823529411765,50.0,False,reject,False
56-099-0860-05-2001,T E Culbertson Elem School,IL,JOLIET,141844,Cove School,NORTHBROOK,70.58823529411765,54.054054054054056,False,reject,False
56-099-0860-05-2020,Taft Elementary School,IL,JOLIET,141844,Cove School,NORTHBROOK,70.58823529411765,48.484848484848484,False,reject,False
56-099-0860-05-2006,Thomas Jefferson Elem School,IL,JOLIET,143712,Thomas Jefferson High School,ROCKFORD,90.19607843137254,85.71428571428572,False,auto_accept,False
56-099-0860-05-1004,Washington Jr High & Academy Prgm,IL,JOLIET,140652,Cs Academy,CHICAGO,82.35294117647058,40.0,False,reject,False
56-099-0860-05-2022,Woodland Elem School,IL,JOLIET,144045,Woodland High School,STREATOR,85.71428571428571,80.0,False,review,True
56-099-2040-17-0001,Joliet Central High School,IL,JOLIET,140454,Central High School,BURLINGTON,100.0,84.44444444444444,False,review,True
56-099-2040-17-0003,Joliet West High School,IL,JOLIET,142373,Joliet Township HS West,JOLIET,100.0,83.63636363636364,True,auto_accept,False
21-061-0380-26-0001,Joppa Jr & Sr High School,IL,JOPPA,142390,Joppa Jr & Sr High School,JOPPA,100.0,100.0,True,auto_accept,False
21-061-0380-26-2001,Maple Grove Elem School,IL,JOPPA,141778,Elk Grove High School,ELK GROVE VLG,72.72727272727272,72.72727272727273,False,reject,False
31-045-3020-26-2009,Kaneland Blackberry Creek Elem,IL,ELBURN,142760,Kaneland High School,MAPLE PARK,57.142857142857146,36.0,False,reject,False
31-045-3020-26-1001,Kaneland Harter Middle School,IL,SUGAR GROVE,142760,Kaneland High School,MAPLE PARK,85.71428571428571,69.38775510204081,False,review,True
31-045-3020-26-2011,Kaneland IgKnight Academy,IL,MAPLE PARK,140652,Cs Academy,CHICAGO,82.35294117647058,45.714285714285715,False,reject,False
31-045-3020-26-2007,Kaneland John Shields Elem Sch,IL,SUGAR GROVE,142760,Kaneland High School,MAPLE PARK,60.0,60.0,False,reject,False
31-045-3020-26-2008,Kaneland John Stewart Elem Sch,IL,ELBURN,142760,Kaneland High School,MAPLE PARK,57.142857142857146,56.00000000000001,False,reject,False
31-045-3020-26-2010,Kaneland McDole Elem School,IL,MONTGOMERY,142760,Kaneland High School,MAPLE PARK,85.71428571428571,68.08510638297872,False,review,True
31-045-3020-26-0001,Kaneland Senior High School,IL,MAPLE PARK,142760,Kaneland High School,MAPLE PARK,100.0,85.1063829787234,True,auto_accept,False
32-046-1110-25-2003,Edison Primary School,IL,KANKAKEE,141844,Cove School,NORTHBROOK,70.58823529411765,50.0,False,reject,False
32-046-1110-25-2015,John Kennedy Middle Grade School,IL,KANKAKEE,140897,John F Kennedy High School,CHICAGO,84.44444444444444,72.41379310344827,False,review,True
32-046-1110-25-0014,Kankakee High School,IL,KANKAKEE,142418,Kankakee High School,KANKAKEE,100.0,100.0,True,auto_accept,False
32-046-1110-25-1008,Kankakee Junior High School,IL,KANKAKEE,142418,Kankakee High School,KANKAKEE,100.0,85.1063829787234,True,auto_accept,False
32-046-1110-25-2016,King Middle Grade School,IL,KANKAKEE,140108,Middle Fork School,DANVILLE,83.87096774193549,76.19047619047619,False,review,True
32-046-1110-25-2013,Lincoln Cltrl Ctr-Montessori Elem,IL,KANKAKEE,140139,Lincoln Academy,ROSELLE,63.63636363636363,45.833333333333336,False,reject,False
32-046-1110-25-2011,Mark Twain Primary School,IL,KANKAKEE,141844,Cove School,NORTHBROOK,70.58823529411765,38.888888888888886,False,reject,False
32-046-1110-25-3003,Proegler School,IL,KANKAKEE,143427,Kiefer School,PEORIA,71.42857142857143,71.42857142857143,False,reject,False
32-046-1110-25-2009,Steuben Elementary School,IL,KANKAKEE,141844,Cove School,NORTHBROOK,70.58823529411765,44.44444444444444,False,reject,False
32-046-1110-25-2010,Taft Primary School,IL,KANKAKEE,141385,William H Taft High School,CHICAGO,73.33333333333333,57.77777777777777,False,reject,False
11-023-0030-26-2002,Kansas Elem School,IL,KANSAS,142420,Kansas High School,KANSAS,83.87096774193549,77.77777777777779,True,review,True
11-023-0030-26-0001,Kansas High School,IL,KANSAS,142420,Kansas High School,KANSAS,100.0,100.0,True,auto_accept,False
19-022-0200-02-2003,Greenbrook Elem School,IL,HANOVER PARK,141844,Cove School,NORTHBROOK,70.58823529411765,48.484848484848484,False,reject,False
19-022-0200-02-1001,Spring Wood Middle School,IL,HANOVER PARK,140108,Middle Fork School,DANVILLE,83.87096774193549,60.46511627906976,False,reject,False
19-022-0200-02-2002,Waterbury Elem School,IL,ROSELLE,141844,Cove School,NORTHBROOK,70.58823529411765,50.0,False,reject,False
13-058-0020-03-2001,Kell Grade School,IL,KELL,140323,Harlem High School - 9th Grade,MACHESNEY PK,82.75862068965517,62.22222222222222,False,reject,False
05-016-0380-02-2001,The Joseph Sears School,IL,KENILWORTH,140764,The Day School,CHICAGO,83.33333333333333,59.45945945945945,False,reject,False
28-037-2290-26-2004,Belle Alexander Elem School,IL,KEWANEE,141844,Cove School,NORTHBROOK,70.58823529411765,42.10526315789473,False,reject,False
28-037-2290-26-2002,Central Elem,IL,KEWANEE,140115,A-C Central High School,ASHLAND,73.6842105263158,51.42857142857142,False,reject,False
28-037-2290-26-1001,Central Junior High,IL,KEWANEE,140115,A-C Central High School,ASHLAND,77.41935483870968,66.66666666666667,False,reject,False
28-037-2290-26-2005,Irving Elem School,IL,KEWANEE,140033,Living Free School,CHICAGO,83.33333333333333,83.33333333333334,False,review,True
28-037-2290-26-0001,Kewanee High School,IL,KEWANEE,142440,Kewanee High School,KEWANEE,100.0,100.0,True,auto_accept,False
28-037-2290-26-3003,Lyle School,IL,KEWANEE,143708,Mill School,ROCKFORD,81.81818181818181,81.81818181818181,False,review,True
28-037-2290-26-2007,Neponset Grade School,IL,NEPONSET,143135,Neponset HS,NEPONSET,85.71428571428571,82.92682926829268,True,review,True
34-049-0960-04-2005,Country Meadows Elem School,IL,LONG GROVE,143706,Keith Country Day School,ROCKFORD,73.6842105263158,66.66666666666667,False,reject,False
34-049-0960-04-2006,Ivy Hall Elementary School,IL,BUFFALO GROVE,143985,Hall High School,SPRING VALLEY,81.48148148148148,61.904761904761905,False,reject,False
34-049-0960-04-2003,Kildeer Countryside Elem School,IL,LONG GROVE,141844,Cove School,NORTHBROOK,70.58823529411765,47.61904761904761,False,reject,False
34-049-0960-04-2004,Prairie Elementary School,IL,BUFFALO GROVE,143859,West Prairie High School,SCIOTA,73.6842105263158,61.224489795918366,False,reject,False
34-049-0960-04-1002,Twin Groves Middle School,IL,BUFFALO GROVE,140108,Middle Fork School,DANVILLE,83.87096774193549,69.76744186046511,False,review,True
34-049-0960-04-2002,Willow Grove Early Learning Center,IL,BUFFALO GROVE,143996,Stelle Learning Center,STELLE,81.08108108108108,64.28571428571428,False,reject,False
34-049-0960-04-1003,Woodlawn Middle School,IL,LONG GROVE,140108,Middle Fork School,DANVILLE,83.87096774193549,65.0,False,review,True
47-071-1440-03-2001,Kings Elementary School,IL,KINGS,140280,Bement High School,BEMENT,73.17073170731707,73.17073170731707,False,reject,False
04-101-1310-04-2001,Kinnikinnick School,IL,ROSCOE,140984,Intrinsic School,CHICAGO,74.28571428571428,74.28571428571429,False,reject,False
04-101-1310-04-2002,Ledgewood Elem School,IL,ROSCOE,141097,Ridgewood High School,NORRIDGE,71.42857142857143,71.42857142857143,False,reject,False
04-101-1310-04-1002,Roscoe Middle School,IL,ROSCOE,140108,Middle Fork School,DANVILLE,83.87096774193549,68.42105263157895,False,review,True
04-101-1310-04-2003,Stone Creek School,IL,ROSCOE,142695,Deer Creek Mackinaw HS,MACKINAW,80.0,48.97959183673469,False,reject,False
07-016-1400-02-2006,Christa McAuliffe School,IL,TINLEY PARK,142298,Emmanuel Christian School,LEMONT,77.55102040816327,77.55102040816327,False,reject,False
07-016-1400-02-2001,Fernway Park Elem School,IL,ORLAND PARK,141844,Cove School,NORTHBROOK,70.58823529411765,45.714285714285715,False,reject,False
07-016-1400-02-2004,Helen Keller Elem School,IL,TINLEY PARK,141844,Cove School,NORTHBROOK,70.58823529411765,45.714285714285715,False,reject,False
07-016-1400-02-2005,John A Bannes Elem School,IL,TINLEY PARK,141844,Cove School,NORTHBROOK,70.58823529411765,44.44444444444444,False,reject,False
07-016-1400-02-2007,Millennium Elem School,IL,TINLEY PARK,141844,Cove School,NORTHBROOK,70.58823529411765,48.484848484848484,False,reject,False
07-016-1400-02-1004,Prairie View Middle School,IL,TINLEY PARK,140108,Middle Fork School,DANVILLE,83.87096774193549,59.09090909090908,False,reject,False
07-016-1400-02-1003,Virgil I Grissom Middle School,IL,TINLEY PARK,140108,Middle Fork School,DANVILLE,83.87096774193549,62.5,False,reject,False
33-048-2020-26-1002,Knoxville Jr High School,IL,KNOXVILLE,142475,Knoxville High School,KNOXVILLE,100.0,93.33333333333333,True,auto_accept,False
33-048-2020-26-0001,Knoxville Sr High School,IL,KNOXVILLE,142475,Knoxville High School,KNOXVILLE,100.0,93.33333333333333,True,auto_accept,False
33-048-2020-26-2002,Mable Woolsey Elem School,IL,KNOXVILLE,141844,Cove School,NORTHBROOK,70.58823529411765,44.44444444444444,False,reject,False
06-016-0940-02-2001,Komarek Elem School,IL,NORTH RIVERSIDE,141844,Cove School,NORTHBROOK,70.58823529411765,60.0,False,reject,False
06-016-1020-02-2008,Barnsdale Road School,IL,LA GRANGE PARK,140157,Banner School,CHICAGO,70.58823529411765,70.58823529411764,False,reject,False
06-016-1020-02-2001,Congress Park Elem School,IL,BROOKFIELD,141844,Cove School,NORTHBROOK,70.58823529411765,55.55555555555556,False,reject,False
06-016-1020-02-2002,Cossitt Ave Elem School,IL,LA GRANGE,141844,Cove School,NORTHBROOK,70.58823529411765,58.82352941176471,False,reject,False
06-016-1020-02-2003,Forest Road Elem School,IL,LA GRANGE PARK,143224,Oak Forest High School,OAK FOREST,75.55555555555556,71.11111111111111,False,reject,False
06-016-1020-02-2007,Ogden Ave Elem School,IL,LA GRANGE,143815,St. Joseph-Ogden High School,SAINT JOSEPH,72.72727272727272,62.5,False,reject,False
06-016-1020-02-1004,Park Junior High School,IL,LA GRANGE PARK,141910,Fisher Junior-Senior HS,FISHER,87.8048780487805,65.45454545454545,False,review,True
06-016-1050-02-2002,Hodgkins Elem School,IL,HODGKINS,143800,Saint Elmo High School,ST. ELMO,71.7948717948718,66.66666666666667,False,reject,False
06-016-1050-02-2003,Ideal Elem School,IL,COUNTRYSIDE,140046,Allendale School,LAKE VILLA,72.72727272727272,72.72727272727273,False,reject,False
06-016-1050-02-2004,Seventh Ave Elem School,IL,LA GRANGE,141844,Cove School,NORTHBROOK,70.58823529411765,52.94117647058824,False,reject,False
06-016-1050-02-2005,Spring Ave Elem School,IL,LA GRANGE,141844,Cove School,NORTHBROOK,70.58823529411765,54.54545454545454,False,reject,False
06-016-1050-02-1001,Wm F Gurrie Middle School,IL,LA GRANGE,140108,Middle Fork School,DANVILLE,83.87096774193549,74.4186046511628,False,review,True
26-034-3470-04-2005,La Harpe Elementary School,IL,LA HARPE,142505,La Harpe High School,LA HARPE,85.71428571428571,65.21739130434783,True,review,True
28-006-3030-26-2004,Allen Grade School,IL,LA MOILLE,140046,Allendale School,LAKE VILLA,82.35294117647058,82.35294117647058,False,review,True
28-006-3030-26-0001,La Moille Jr/Sr High School,IL,LA MOILLE,142535,La Moille Cmty High School,LA MOILLE,89.36170212765957,79.24528301886792,True,review,True
35-050-1220-02-1006,Lincoln Jr High School,IL,LA SALLE,142625,Lincoln Community High School,LINCOLN,92.6829268292683,74.50980392156863,False,review,True
35-050-1220-02-2005,Northwest Elem School,IL,LA SALLE,144472,Northwest Coonen HS,WOODSTOCK,86.48648648648648,73.46938775510203,False,review,True
35-050-1200-17-0001,La Salle-Peru Twp High School,IL,LA SALLE,142555,La Salle-Peru Township HS,LA SALLE,92.5925925925926,92.06349206349206,True,auto_accept,False
28-006-0940-04-2001,Ladd Comm Cons Sch,IL,LADD,140468,Connections Day School,LIBERTYVILLE,60.0,60.0,False,reject,False
06-016-1060-02-2001,Highlands Elem School,IL,LA GRANGE HIGHLANDS,141820,El Paso HS,EL PASO,80.0,80.0,False,review,True
06-016-1060-02-1003,Highlands Middle School,IL,LA GRANGE HIGHLANDS,140108,Middle Fork School,DANVILLE,83.87096774193549,68.29268292682926,False,review,True
34-049-0650-02-2006,Lake Bluff Elem Sch,IL,LAKE BLUFF,140162,Safe Haven School Lake Bluff,LAKE BLUFF,72.34042553191489,68.08510638297872,True,reject,False
34-049-0650-02-1003,Lake Bluff Middle School,IL,LAKE BLUFF,140108,Middle Fork School,DANVILLE,83.87096774193549,76.19047619047619,False,review,True
34-049-1150-16-0001,Lake Forest High School,IL,LAKE FOREST,142520,Lake Forest High School,LAKE FOREST,100.0,100.0,True,auto_accept,False
34-049-0670-05-2001,Cherokee Elem School,IL,LAKE FOREST,141844,Cove School,NORTHBROOK,70.58823529411765,64.51612903225806,False,reject,False
34-049-0670-05-2007,Deer Path Middle Sch East,IL,LAKE FOREST,140225,Beardstown Middle High School,BEARDSTOWN,62.96296296296296,55.55555555555556,False,reject,False
34-049-0670-05-1003,Deer Path Middle Sch West,IL,LAKE FOREST,141331,Truman Middle College HS,CHICAGO,58.62068965517241,51.72413793103448,False,reject,False
34-049-0670-05-2004,Everett Elem School,IL,LAKE FOREST,141844,Cove School,NORTHBROOK,70.58823529411765,60.0,False,reject,False
34-049-0670-05-2005,Sheridan Elem School,IL,LAKE FOREST,140650,American School,LANSING,74.28571428571428,45.714285714285715,False,reject,False
19-022-1080-16-0001,Lake Park High School,IL,ROSELLE,142852,Lake Park HS-District 108,ROSELLE,100.0,76.36363636363637,True,review,True
34-049-0410-04-2003,B J Hooper Elem School,IL,LINDENHURST,141844,Cove School,NORTHBROOK,70.58823529411765,54.54545454545454,False,reject,False
34-049-0410-04-2001,Olive C Martin School,IL,LAKE VILLA,143060,Mount Olive High School,MOUNT OLIVE,78.04878048780488,78.04878048780488,False,reject,False
34-049-0410-04-1004,Peter J Palombi School,IL,LAKE VILLA,141844,Cove School,NORTHBROOK,70.58823529411765,54.54545454545454,False,reject,False
34-049-0410-04-2004,William L Thompson School,IL,LAKE VILLA,144110,Thompsonville High School,THOMPSONVILLE,76.0,76.0,False,reject,False
34-049-0950-26-2007,Isaac Fox Elementary School,IL,LAKE ZURICH,141844,Cove School,NORTHBROOK,70.58823529411765,42.10526315789473,False,reject,False
34-049-0950-26-0001,Lake Zurich High School,IL,LAKE ZURICH,142530,Lake Zurich Senior High School,LAKE ZURICH,100.0,86.79245283018868,True,auto_accept,False
34-049-0950-26-1002,Lake Zurich Middle - N Campus,IL,HAWTHORN WOODS,140118,South Campus,PALATINE,66.66666666666666,46.15384615384615,False,reject,False
34-049-0950-26-1003,Lake Zurich Middle - S Campus,IL,LAKE ZURICH,140118,South Campus,PALATINE,66.66666666666666,51.28205128205128,False,reject,False
34-049-0950-26-2005,May Whitney Elem School,IL,LAKE ZURICH,141383,Whitney M Young Magnet HS,CHICAGO,75.67567567567568,66.66666666666667,False,reject,False
34-049-0950-26-2006,Sarah Adams Elementary School,IL,LAKE ZURICH,141844,Cove School,NORTHBROOK,70.58823529411765,40.0,False,reject,False
34-049-0950-26-2003,Seth Paine Elem School,IL,HAWTHORN WOODS,143800,Saint Elmo High School,ST. ELMO,73.17073170731707,73.17073170731707,False,reject,False
34-049-0950-26-2008,Spencer Loomis Elementary School,IL,HAWTHORN WOODS,141844,Cove School,NORTHBROOK,70.58823529411765,37.2093023255814,False,reject,False
07-016-1580-02-2001,Coolidge Elementary School,IL,LANSING,141844,Cove School,NORTHBROOK,70.58823529411765,54.054054054054056,False,reject,False
07-016-1580-02-3001,Lester Crawl Primary Ctr,IL,LANSING,141095,Richards Career Academy,CHICAGO,55.319148936170215,55.319148936170215,False,reject,False
07-016-1580-02-1004,Memorial Jr High School,IL,LANSING,140305,Civic Memorial High School,BETHALTO,93.02325581395348,81.63265306122449,False,review,True
07-016-1580-02-2005,Oak Glen Elem School,IL,LANSING,141844,Cove School,NORTHBROOK,70.58823529411765,51.61290322580645,False,reject,False
07-016-1580-02-2006,Reavis Elem School,IL,LANSING,143235,Reavis High School,BURBANK,83.87096774193549,77.77777777777779,False,review,True
56-099-070C-04-2001,Laraway School,IL,JOLIET,140134,Pathways School,BELLEVILLE,75.86206896551724,75.86206896551724,False,reject,False
12-051-0200-26-0008,Lawrenceville High School,IL,LAWRENCEVILLE,142560,Lawrenceville High School,LAWRENCEVILLE,100.0,100.0,True,auto_accept,False
12-051-0200-26-2007,Parkside Elementary School,IL,LAWRENCEVILLE,141844,Cove School,NORTHBROOK,70.58823529411765,43.24324324324324,False,reject,False
12-051-0200-26-1007,Parkview Jr High School,IL,LAWRENCEVILLE,140945,Leo High School,CHICAGO,84.61538461538461,68.42105263157895,False,review,True
34-049-9010-25-201C,LEARN John and Kathy Schreiber Charter School,IL,WAUKEGAN,140626,Amandla Charter School,CHICAGO,77.77777777777777,53.73134328358209,False,reject,False
50-082-0090-26-2002,Lebanon Elem School,IL,LEBANON,142570,Lebanon High School,LEBANON,84.84848484848484,78.94736842105263,True,review,True
50-082-0090-26-0003,Lebanon High School,IL,LEBANON,142570,Lebanon High School,LEBANON,100.0,100.0,True,auto_accept,False
35-050-0010-26-2001,Leland Elem School,IL,LELAND,142580,Leland High School,LELAND,83.87096774193549,77.77777777777779,True,review,True
35-050-0010-26-0001,Leland High School,IL,LELAND,142580,Leland High School,LELAND,100.0,100.0,True,auto_accept,False
07-016-2100-17-0001,Lemont Twp High School,IL,LEMONT,142590,Lemont Township High School,LEMONT,90.0,89.79591836734694,True,auto_accept,False
07-016-113A-02-2005,Central School,IL,LEMONT,140115,A-C Central High School,ASHLAND,100.0,75.67567567567568,False,review,True
07-016-113A-02-2002,Oakwood School,IL,LEMONT,141915,Oakwood High School,FITHIAN,100.0,84.84848484848484,False,review,True
07-016-113A-02-1002,Old Quarry Middle Sch,IL,LEMONT,140108,Middle Fork School,DANVILLE,66.66666666666666,51.28205128205128,False,reject,False
07-016-113A-02-2004,River Valley School,IL,LEMONT,141880,Spoon River Valley Jr-Sr HS,LONDON MILLS,100.0,69.0909090909091,False,review,True
08-089-2020-26-2003,Lena-Winslow Elem School,IL,LENA,142595,Lena-Winslow High School,LENA,88.37209302325581,83.33333333333334,True,auto_accept,False
08-089-2020-26-0001,Lena-Winslow High School,IL,LENA,142595,Lena-Winslow High School,LENA,100.0,100.0,True,auto_accept,False
08-089-2020-26-1002,Lena-Winslow Jr High School,IL,LENA,142595,Lena-Winslow High School,LENA,100.0,94.11764705882352,True,auto_accept,False
17-064-0020-26-2001,LeRoy Elementary School,IL,LE ROY,141844,Cove School,NORTHBROOK,70.58823529411765,47.05882352941176,False,reject,False
17-064-0020-26-0003,LeRoy High School,IL,LE ROY,142600,Le Roy High School,LE ROY,97.14285714285714,97.14285714285714,True,auto_accept,False
17-064-0020-26-1002,LeRoy Junior High School,IL,LE ROY,141910,Fisher Junior-Senior HS,FISHER,85.71428571428571,64.28571428571428,False,reject,False
26-029-0970-26-2002,Central Elem School,IL,LEWISTOWN,140115,A-C Central High School,ASHLAND,84.84848484848484,71.42857142857143,False,review,True
26-029-0970-26-0001,Lewistown Jr/Sr High School,IL,LEWISTOWN,140945,Leo High School,CHICAGO,84.61538461538461,71.42857142857143,False,review,True
17-064-0070-26-2001,Lexington Elem School,IL,LEXINGTON,142610,Lexington High School,LEXINGTON,86.48648648648648,80.95238095238095,True,review,True
17-064-0070-26-0002,Lexington High School,IL,LEXINGTON,142610,Lexington High School,LEXINGTON,100.0,100.0,True,auto_accept,False
17-064-0070-26-1001,Lexington Jr High School,IL,LEXINGTON,142610,Lexington High School,LEXINGTON,100.0,93.33333333333333,True,auto_accept,False
06-016-2120-16-0001,East Leyden High School,IL,FRANKLIN PARK,143700,East High School,ROCKFORD,100.0,82.05128205128204,False,review,True
06-016-2120-16-0002,West Leyden High School,IL,NORTHLAKE,143223,West Leyden High School,NORTHLAKE,100.0,100.0,True,auto_accept,False
01-001-0020-26-2002,Liberty Elementary School,IL,LIBERTY,142374,Liberty Valley School,JOLIET,80.0,60.86956521739131,False,reject,False
01-001-0020-26-0001,Liberty High School,IL,LIBERTY,142615,Liberty Community HS #2,LIBERTY,100.0,76.0,True,review,True
34-049-0700-02-2007,Adler Park School,IL,LIBERTYVILLE,141425,Cissna Park High School,CISSNA PARK,78.57142857142857,65.0,False,reject,False
34-049-0700-02-2002,Butterfield School,IL,LIBERTYVILLE,140192,Eugene Field School,NORMAL,75.67567567567568,75.67567567567568,False,reject,False
34-049-0700-02-2004,Copeland Manor Elem School,IL,LIBERTYVILLE,141844,Cove School,NORTHBROOK,70.58823529411765,54.054054054054056,False,reject,False
34-049-0700-02-1005,Highland Middle School,IL,LIBERTYVILLE,142265,Highland High School,HIGHLAND,85.71428571428571,71.42857142857143,False,review,True
34-049-0700-02-2006,Rockland Elem School,IL,LIBERTYVILLE,143225,Oakland High School,OAKLAND,71.7948717948718,71.7948717948718,False,reject,False
30-091-0160-04-2001,Lick Creek Elem School,IL,BUNCOMBE,142695,Deer Creek Mackinaw HS,MACKINAW,71.69811320754717,71.69811320754718,False,reject,False
48-072-3100-16-0001,Limestone Community High School,IL,PEORIA,143425,Limestone Community HS,BARTONVILLE,100.0,100.0,False,auto_accept,False
48-072-3160-04-2001,Limestone Walters Elem School,IL,PEORIA,143425,Limestone Community HS,BARTONVILLE,71.11111111111111,60.0,False,reject,False
17-054-4040-16-0001,Lincoln Comm High School,IL,LINCOLN,142625,Lincoln Community High School,LINCOLN,90.56603773584905,90.56603773584906,True,auto_accept,False
07-016-1560-02-2001,Lincoln Elem School,IL,CALUMET CITY,142625,Lincoln Community High School,LINCOLN,84.84848484848484,66.66666666666667,False,review,True
17-054-0270-02-2003,Adams Elem School,IL,LINCOLN,140046,Allendale School,LAKE VILLA,72.72727272727272,72.72727272727273,False,reject,False
17-054-0270-02-2004,Central Elem School,IL,LINCOLN,140115,A-C Central High School,ASHLAND,84.84848484848484,71.42857142857143,False,review,True
17-054-0270-02-1001,Lincoln Jr High School,IL,LINCOLN,142625,Lincoln Community High School,LINCOLN,92.6829268292683,74.50980392156863,True,review,True
17-054-0270-02-2006,Northwest Elem School,IL,LINCOLN,144472,Northwest Coonen HS,WOODSTOCK,86.48648648648648,73.46938775510203,False,review,True
17-054-0270-02-2007,Washington-Monroe Elem School,IL,LINCOLN,140842,George Washington High School,CHICAGO,75.86206896551724,75.86206896551724,False,reject,False
56-099-2100-16-0004,Lincoln Way West,IL,NEW LENOX,143171,Lincoln-Way West High School,NEW LENOX,100.0,72.72727272727273,True,review,True
56-099-2100-16-0001,Lincoln-Way Central High School,IL,NEW LENOX,140454,Central High School,BURLINGTON,100.0,76.0,False,review,True
56-099-2100-16-0002,Lincoln-Way East High School,IL,FRANKFORT,143700,East High School,ROCKFORD,100.0,72.72727272727273,False,review,True
34-049-1030-02-1001,Daniel Wright Jr High School,IL,LINCOLNSHIRE,140945,Leo High School,CHICAGO,84.61538461538461,55.81395348837209,False,reject,False
34-049-1030-02-2003,Half Day School,IL,LINCOLNSHIRE,144389,Arlyn Day School,HIGHLAND PARK,83.87096774193549,70.96774193548387,False,review,True
34-049-1030-02-2002,Laura B Sprague School,IL,LINCOLNSHIRE,141844,Cove School,NORTHBROOK,70.58823529411765,42.42424242424242,False,reject,False
05-016-0740-02-1001,Lincoln Hall Middle School,IL,LINCOLNWOOD,140108,Middle Fork School,DANVILLE,83.87096774193549,68.18181818181819,False,review,True
05-016-0740-02-2003,Rutledge Hall Elem School,IL,LINCOLNWOOD,143985,Hall High School,SPRING VALLEY,81.48148148148148,63.41463414634146,False,reject,False
05-016-0740-02-2004,Todd Hall Elem School,IL,LINCOLNWOOD,143985,Hall High School,SPRING VALLEY,81.48148148148148,59.45945945945945,False,reject,False
06-016-0920-02-2001,Lindop Elem School,IL,BROADVIEW,140033,Living Free School,CHICAGO,72.22222222222223,72.22222222222221,False,reject,False
24-047-0900-04-2001,Lisbon Grade School,IL,NEWARK,140323,Harlem High School - 9th Grade,MACHESNEY PK,77.41935483870968,63.829787234042556,False,reject,False
19-022-2020-26-2006,Lisle Elementary School,IL,LISLE,142628,Lisle High School,LISLE,82.75862068965517,65.0,True,review,True
19-022-2020-26-0001,Lisle High School,IL,LISLE,142628,Lisle High School,LISLE,100.0,100.0,True,auto_accept,False
19-022-2020-26-1002,Lisle Jr High School,IL,LISLE,142628,Lisle High School,LISLE,100.0,91.89189189189189,True,auto_accept,False
03-068-0120-26-2004,Litchfield Early Childhood Center,IL,LITCHFIELD,140228,Peace Center,DOLTON,66.66666666666666,48.88888888888889,False,reject,False
03-068-0120-26-2006,Litchfield Elementary School,IL,LITCHFIELD,142640,Litchfield Senior High School,LITCHFIELD,75.55555555555556,63.1578947368421,True,reject,False
03-068-0120-26-1002,Litchfield Middle School,IL,LITCHFIELD,140108,Middle Fork School,DANVILLE,83.87096774193549,71.42857142857143,False,review,True
03-068-0120-26-0001,Litchfield Senior High School,IL,LITCHFIELD,142640,Litchfield Senior High School,LITCHFIELD,100.0,100.0,True,auto_accept,False
03-068-0120-26-3001,Prekindergarten at Litchfield Early Childhood Center,IL,LITCHFIELD,140228,Peace Center,DOLTON,66.66666666666666,34.375,False,reject,False
56-099-0910-02-1001,Kelvin Grove Jr High School,IL,LOCKPORT,141778,Elk Grove High School,ELK GROVE VLG,89.47368421052632,70.83333333333333,False,review,True
56-099-0910-02-2001,Milne Grove Elem School,IL,LOCKPORT,141778,Elk Grove High School,ELK GROVE VLG,77.27272727272728,77.27272727272727,False,reject,False
56-099-2050-17-0001,Lockport Township High Sch East,IL,LOCKPORT,142655,Lockport Township High School,LOCKPORT,86.66666666666667,86.66666666666667,True,review,True
19-022-0440-02-2001,Butterfield Elem School,IL,LOMBARD,141844,Cove School,NORTHBROOK,70.58823529411765,47.05882352941176,False,reject,False
19-022-0440-02-1009,Glenn Westlake Middle School,IL,LOMBARD,140108,Middle Fork School,DANVILLE,83.87096774193549,60.86956521739131,False,reject,False
19-022-0440-02-3001,John Schroder Early Childhood Center,IL,LOMBARD,140228,Peace Center,DOLTON,66.66666666666666,45.833333333333336,False,reject,False
19-022-0440-02-2013,Madison Elementary School,IL,LOMBARD,142715,Madison Senior High School,MADISON,71.7948717948718,58.82352941176471,False,reject,False
19-022-0440-02-2009,Manor Hill Elem School,IL,LOMBARD,141820,El Paso HS,EL PASO,73.17073170731707,73.17073170731707,False,reject,False
19-022-0440-02-2010,Park View Elem School,IL,LOMBARD,141815,Elmwood Park High School,ELMWOOD PARK,75.55555555555556,66.66666666666667,False,reject,False
19-022-0440-02-2012,Pleasant Lane Elem School,IL,LOMBARD,143515,Pleasant Plains High School,PLEASANT PLAINS,76.92307692307692,76.92307692307692,False,reject,False
19-022-0440-02-2005,Wm Hammerschmidt Elem School,IL,LOMBARD,141844,Cove School,NORTHBROOK,70.58823529411765,41.02564102564102,False,reject,False
35-050-4250-26-2001,Lostant Elem School,IL,LOSTANT,141844,Cove School,NORTHBROOK,70.58823529411765,53.333333333333336,False,reject,False
53-102-0210-26-2003,Lowpoint-Washburn Elem School,IL,WASHBURN,144280,Lowpoint-Washburn High School,WASHBURN,90.56603773584905,86.20689655172413,True,auto_accept,False
53-102-0210-26-0001,Lowpoint-Washburn Jr Sr High Sch,IL,WASHBURN,144280,Lowpoint-Washburn High School,WASHBURN,86.27450980392157,85.24590163934427,True,review,True
09-010-1420-04-2001,Ludlow Elementary School,IL,LUDLOW,141844,Cove School,NORTHBROOK,70.58823529411765,45.714285714285715,False,reject,False
06-016-1030-02-2008,Costello School,IL,LYONS,141844,Cove School,NORTHBROOK,76.92307692307692,76.92307692307692,False,reject,False
06-016-1030-02-2002,Edison Elem School,IL,STICKNEY,141844,Cove School,NORTHBROOK,70.58823529411765,62.06896551724138,False,reject,False
06-016-1030-02-2004,Home Elem School,IL,STICKNEY,970000,Home School NU/SAT Clearing House,EVANSTON,81.48148148148148,57.14285714285714,False,reject,False
06-016-1030-02-2006,J W Robinson Jr Elem School,IL,LYONS,143675,Robinson High School,ROBINSON,85.71428571428571,68.08510638297872,False,review,True
06-016-1030-02-2005,Lincoln Elem School,IL,BROOKFIELD,142625,Lincoln Community High School,LINCOLN,84.84848484848484,66.66666666666667,False,review,True
06-016-1030-02-2007,Washington Middle School,IL,LYONS,140108,Middle Fork School,DANVILLE,83.87096774193549,61.904761904761905,False,reject,False
06-016-2040-17-0001,Lyons Twp High Sch,IL,LA GRANGE,142483,Lyons Township High School,LA GRANGE,81.81818181818181,81.81818181818181,True,review,True
26-062-1850-26-2008,Edison Elementary School,IL,MACOMB,141844,Cove School,NORTHBROOK,70.58823529411765,51.42857142857142,False,reject,False
26-062-1850-26-2004,Lincoln Elem School,IL,MACOMB,142625,Lincoln Community High School,LINCOLN,84.84848484848484,66.66666666666667,False,review,True
26-062-1850-26-3001,MacArthur Early Childhood Center,IL,MACOMB,140228,Peace Center,DOLTON,66.66666666666666,45.45454545454546,False,reject,False
26-062-1850-26-1001,Macomb Middle School,IL,MACOMB,142705,Macomb High School,MACOMB,83.87096774193549,68.42105263157895,True,review,True
26-062-1850-26-0001,Macomb Senior High School,IL,MACOMB,142705,Macomb High School,MACOMB,100.0,83.72093023255813,True,auto_accept,False
41-057-0120-26-2008,Bernard Long Elem School,IL,MADISON,141844,Cove School,NORTHBROOK,70.58823529411765,45.714285714285715,False,reject,False
41-057-0120-26-1003,Madison Jr High School,IL,MADISON,142715,Madison Senior High School,MADISON,92.6829268292683,79.16666666666666,True,review,True
41-057-0120-26-0001,Madison Senior High School,IL,MADISON,142715,Madison Senior High School,MADISON,100.0,100.0,True,auto_accept,False
19-022-0600-02-2001,Holmes Elem School,IL,CLARENDON HILLS,141844,Cove School,NORTHBROOK,70.58823529411765,62.06896551724138,False,reject,False
19-022-0600-02-2002,Maercker Elem School,IL,WESTMONT,141844,Cove School,NORTHBROOK,70.58823529411765,58.06451612903225,False,reject,False
19-022-0600-02-1001,Westview Hills Middle School,IL,WILLOWBROOK,140108,Middle Fork School,DANVILLE,83.87096774193549,60.86956521739131,False,reject,False
09-010-0030-26-2003,Lincoln Trail Elem School,IL,MAHOMET,141100,Lincoln Park High School,CHICAGO,73.6842105263158,61.224489795918366,False,reject,False
09-010-0030-26-0001,Mahomet-Seymour High School,IL,MAHOMET,142720,Mahomet-Seymour High School,MAHOMET,100.0,100.0,True,auto_accept,False
09-010-0030-26-1002,Mahomet-Seymour Jr High School,IL,MAHOMET,142720,Mahomet-Seymour High School,MAHOMET,100.0,94.73684210526316,True,auto_accept,False
09-010-0030-26-2005,Middletown Prairie Elementary ,IL,MAHOMET,1077,Prairie State College,CHICAGO HTS,56.0,43.99999999999999,False,reject,False
05-016-2070-17-0001,Maine East High School,IL,PARK RIDGE,143700,East High School,ROCKFORD,100.0,84.21052631578947,False,review,True
05-016-2070-17-0003,Maine South High School,IL,PARK RIDGE,143377,Maine Township HS South,PARK RIDGE,100.0,83.63636363636364,True,auto_accept,False
05-016-2070-17-0004,Maine West High School,IL,DES PLAINES,141597,Maine West HS,DES PLAINES,100.0,100.0,True,auto_accept,False
28-006-0840-04-2001,Malden Grade School,IL,MALDEN,140323,Harlem High School - 9th Grade,MACHESNEY PK,77.41935483870968,68.08510638297872,False,reject,False
56-099-1140-02-2001,Anna McDonald Elem School,IL,MANHATTAN,141844,Cove School,NORTHBROOK,70.58823529411765,50.0,False,reject,False
56-099-1140-02-2003,Manhattan Intermediate School,IL,MANHATTAN,141844,Cove School,NORTHBROOK,70.58823529411765,40.0,False,reject,False
56-099-1140-02-1001,Manhattan Jr High School,IL,MANHATTAN,140945,Leo High School,CHICAGO,84.61538461538461,61.53846153846154,False,reject,False
56-099-1140-02-2002,Wilson Creek Elem Sch,IL,MANHATTAN,141505,Crete-Monee High School,CRETE,54.54545454545455,54.54545454545454,False,reject,False
06-016-0830-02-3002,Mannheim Early Childhood Center,IL,NORTHLAKE,140228,Peace Center,DOLTON,66.66666666666666,46.51162790697675,False,reject,False
06-016-0830-02-1003,Mannheim Middle School,IL,MELROSE PARK,140108,Middle Fork School,DANVILLE,83.87096774193549,70.0,False,review,True
06-016-0830-02-2004,Roy Elem School,IL,NORTHLAKE,142600,Le Roy High School,LE ROY,80.0,78.78787878787878,False,review,True
06-016-0830-02-2002,Scott Elementary School,IL,MELROSE PARK,141844,Cove School,NORTHBROOK,70.58823529411765,47.05882352941176,False,reject,False
06-016-0830-02-2005,Westdale Elem School,IL,NORTHLAKE,140046,Allendale School,LAKE VILLA,72.22222222222223,55.55555555555556,False,reject,False
32-046-0050-26-2003,Manteno Elem School,IL,MANTENO,142755,Manteno Senior High School,MANTENO,84.84848484848484,66.66666666666667,True,review,True
32-046-0050-26-0005,Manteno High School,IL,MANTENO,142755,Manteno Senior High School,MANTENO,100.0,84.44444444444444,True,auto_accept,False
32-046-0050-26-1004,Manteno Middle School,IL,MANTENO,140108,Middle Fork School,DANVILLE,83.87096774193549,76.92307692307692,False,review,True
44-063-1540-16-0001,Marengo High School,IL,MARENGO,142765,Marengo Community High School,MARENGO,100.0,79.16666666666666,True,review,True
44-063-1650-03-2002,Locust Elem School,IL,MARENGO,141844,Cove School,NORTHBROOK,70.58823529411765,55.172413793103445,False,reject,False
44-063-1650-03-1001,Marengo Comm Middle School,IL,MARENGO,140108,Middle Fork School,DANVILLE,83.87096774193549,72.72727272727273,False,review,True
44-063-1650-03-2004,Ulysses S Grant Intermediate Sch,IL,MARENGO,140643,Forum High Sch Creative Study,BLUE ISLAND,52.459016393442624,49.18032786885246,False,reject,False
21-100-0020-26-2003,Adams School,IL,CREAL SPRINGS,464558,Clapham School,WHEATON,76.92307692307692,76.92307692307692,False,reject,False
21-100-0020-26-2004,Jefferson Elem School,IL,MARION,141018,Nancy B Jefferson Alt School,CHICAGO,86.48648648648648,73.46938775510203,False,review,True
21-100-0020-26-2005,Lincoln Elem School,IL,MARION,142625,Lincoln Community High School,LINCOLN,84.84848484848484,66.66666666666667,False,review,True
21-100-0020-26-2007,Longfellow Elem School,IL,MARION,141844,Cove School,NORTHBROOK,70.58823529411765,54.54545454545454,False,reject,False
21-100-0020-26-0001,Marion High School,IL,MARION,142775,Marion High School,MARION,100.0,100.0,True,auto_accept,False
21-100-0020-26-1002,Marion Jr High School,IL,MARION,142775,Marion High School,MARION,100.0,92.3076923076923,True,auto_accept,False
21-100-0020-26-2010,Washington Elem School,IL,MARION,140842,George Washington High School,CHICAGO,87.17948717948718,78.43137254901961,False,review,True
50-082-0400-26-2002,Marissa Elem School,IL,MARISSA,142780,Marissa Junior-Senior HS,MARISSA,84.84848484848484,57.692307692307686,True,reject,False
50-082-0400-26-0001,Marissa Jr & Sr High School,IL,MARISSA,142390,Joppa Jr & Sr High School,JOPPA,87.5,78.57142857142857,False,review,True
39-055-0020-26-2003,Maroa-Forsyth Grade School,IL,FORSYTH,142785,Maroa-Forsyth High School,MAROA,88.88888888888889,86.27450980392157,False,review,True
39-055-0020-26-1001,Maroa-Forsyth Middle School,IL,MAROA,142785,Maroa-Forsyth High School,MAROA,88.88888888888889,76.92307692307692,True,review,True
39-055-0020-26-0001,Maroa-Forsyth Senior High Sch,IL,MAROA,142785,Maroa-Forsyth High School,MAROA,85.18518518518519,85.18518518518519,True,review,True
19-022-0150-02-2006,Black Hawk Elem School,IL,GLENDALE HTS,141844,Cove School,NORTHBROOK,70.58823529411765,54.54545454545454,False,reject,False
19-022-0150-02-2001,G Stanley Hall Elem School,IL,GLENDALE HTS,143985,Hall High School,SPRING VALLEY,81.48148148148148,52.38095238095239,False,reject,False
19-022-0150-02-1004,Marquardt Middle School,IL,GLENDALE HTS,140108,Middle Fork School,DANVILLE,83.87096774193549,73.17073170731707,False,review,True
19-022-0150-02-2003,Reskin Elem School,IL,GLENDALE HTS,141844,Cove School,NORTHBROOK,70.58823529411765,55.172413793103445,False,reject,False
19-022-0150-02-2004,Winnebago Elem School,IL,BLOOMINGDALE,144425,Winnebago High School,WINNEBAGO,86.48648648648648,80.95238095238095,False,review,True
35-050-1500-02-2001,Marseilles Elementary School,IL,MARSEILLES,141844,Cove School,NORTHBROOK,70.58823529411765,41.02564102564102,False,reject,False
11-012-002C-26-0001,Marshall High School,IL,MARSHALL,141020,John Marshall Metro HS,CHICAGO,100.0,78.43137254901961,False,review,True
11-012-002C-26-1002,Marshall Jr High School,IL,MARSHALL,141020,John Marshall Metro HS,CHICAGO,93.02325581395348,81.4814814814815,False,review,True
11-012-002C-26-2003,North Elem School,IL,MARSHALL,140279,Belvidere North High School,BELVIDERE,82.75862068965517,72.72727272727273,False,review,True
11-012-002C-26-2005,South Elem School,IL,MARSHALL,141517,Crystal Lake South High School,CRYSTAL LAKE,82.75862068965517,63.829787234042556,False,reject,False
11-012-003C-26-2005,Martinsville Elem School,IL,MARTINSVILLE,142800,Martinsville Jr-Sr High School,MARTINSVILLE,88.37209302325581,74.07407407407408,True,review,True
11-012-003C-26-0001,Martinsville Jr-Sr High School,IL,MARTINSVILLE,142800,Martinsville Jr-Sr High School,MARTINSVILLE,100.0,100.0,True,auto_accept,False
50-082-0190-26-2003,Mascoutah Elem School,IL,MASCOUTAH,142805,Mascoutah High School,MASCOUTAH,86.48648648648648,80.95238095238095,True,review,True
50-082-0190-26-0001,Mascoutah High School,IL,MASCOUTAH,142805,Mascoutah High School,MASCOUTAH,100.0,100.0,True,auto_accept,False
50-082-0190-26-1002,Mascoutah Middle School,IL,MASCOUTAH,142805,Mascoutah High School,MASCOUTAH,86.48648648648648,72.72727272727273,True,review,True
50-082-0190-26-2006,Scott Elem School,IL,SCOTT AIR FORCE BASE,143800,Saint Elmo High School,ST. ELMO,72.22222222222223,72.22222222222221,False,reject,False
50-082-0190-26-2007,Wingate Elementary School,IL,SHILOH,141844,Cove School,NORTHBROOK,70.58823529411765,44.44444444444444,False,reject,False
21-061-0010-26-2010,Brookport Elementary School,IL,BROOKPORT,141844,Cove School,NORTHBROOK,70.58823529411765,47.36842105263158,False,reject,False
21-061-0010-26-2002,Franklin Elem School,IL,METROPOLIS,140125,Ashton Franklin Center HS,ASHTON,85.71428571428571,66.66666666666667,False,review,True
21-061-0010-26-2001,Jefferson Elem School,IL,METROPOLIS,141018,Nancy B Jefferson Alt School,CHICAGO,86.48648648648648,73.46938775510203,False,review,True
21-061-0010-26-0001,Massac County High School,IL,METROPOLIS,142900,Massac County High School,METROPOLIS,100.0,100.0,True,auto_accept,False
21-061-0010-26-1001,Massac Jr High School,IL,METROPOLIS,142900,Massac County High School,METROPOLIS,92.3076923076923,78.26086956521739,True,review,True
21-061-0010-26-2003,Metropolis Elem School,IL,METROPOLIS,144100,Teutopolis High School,TEUTOPOLIS,72.72727272727272,45.45454545454546,False,reject,False
21-061-0010-26-2006,Unity Elem School,IL,BROOKPORT,141983,Unity Christian High School,FULTON,82.75862068965517,59.09090909090908,False,reject,False
07-016-1620-02-2001,Arcadia Elem School,IL,OLYMPIA FIELDS,141844,Cove School,NORTHBROOK,70.58823529411765,60.0,False,reject,False
07-016-1620-02-2009,Illinois School,IL,PARK FOREST,991499,Illinois Home School,SPRINGFIELD,100.0,85.71428571428572,False,auto_accept,False
07-016-1620-02-2003,Indiana Elem School,IL,PARK FOREST,143880,Indian Creek High School,SHABBONA,74.4186046511628,74.4186046511628,False,reject,False
07-016-1620-02-2005,Matteson Elem School,IL,MATTESON,2729,ITT Matteson,MATTESON,80.0,56.25,True,reject,False
07-016-1620-02-1004,O W Huth Middle School,IL,MATTESON,140108,Middle Fork School,DANVILLE,83.87096774193549,70.0,False,review,True
07-016-1620-02-2010,Richton Square School,IL,RICHTON PARK,140124,Chrismont Safe School,NOKOMIS,71.42857142857143,52.38095238095239,False,reject,False
07-016-1620-02-2008,Sauk Elem School,IL,RICHTON PARK,141844,Cove School,NORTHBROOK,70.58823529411765,59.25925925925925,False,reject,False
11-015-0020-26-2015,Arland D Williams Jr Elem Sch,IL,MATTOON,140855,William R Harper High School,CHICAGO,59.64912280701754,59.64912280701755,False,reject,False
11-015-0020-26-3009,Franklin Elementary School,IL,MATTOON,141950,Franklin High School,FRANKLIN,85.71428571428571,65.21739130434783,False,review,True
11-015-0020-26-0001,Mattoon High School,IL,MATTOON,142815,Mattoon Senior High School,MATTOON,100.0,84.44444444444444,True,auto_accept,False
11-015-0020-26-1003,Mattoon Middle School,IL,MATTOON,140108,Middle Fork School,DANVILLE,83.87096774193549,76.92307692307692,False,review,True
11-015-0020-26-2016,Riddle Elementary School,IL,MATTOON,141844,Cove School,NORTHBROOK,70.58823529411765,45.714285714285715,False,reject,False
06-016-0890-02-2002,Emerson Elem School,IL,MAYWOOD,141844,Cove School,NORTHBROOK,70.58823529411765,53.333333333333336,False,reject,False
06-016-0890-02-2003,Garfield Elem School,IL,MAYWOOD,140837,Garfield Alternative HS,CHICAGO,85.71428571428571,69.23076923076923,False,review,True
06-016-0890-02-1001,Irving Middle School,IL,MAYWOOD,140108,Middle Fork School,DANVILLE,83.87096774193549,78.94736842105263,False,review,True
06-016-0890-02-2001,Jane Addams Elem School,IL,MELROSE PARK,140892,Jane Addams High School,CHICAGO,87.8048780487805,82.6086956521739,False,review,True
06-016-0890-02-2006,Lincoln Elem School,IL,MAYWOOD,142625,Lincoln Community High School,LINCOLN,84.84848484848484,66.66666666666667,False,review,True
06-016-0890-02-2007,Melrose Park Elem School,IL,MELROSE PARK,141844,Cove School,NORTHBROOK,70.58823529411765,51.42857142857142,False,reject,False
06-016-0890-02-2008,Roosevelt Elem School,IL,BROADVIEW,143717,Roosevelt Cmty Educ Ctr Alt HS,ROCKFORD,86.48648648648648,63.33333333333333,False,reject,False
06-016-0890-02-1002,Stevenson Middle School,IL,MELROSE PARK,140108,Middle Fork School,DANVILLE,83.87096774193549,63.41463414634146,False,reject,False
06-016-0890-02-2012,Washington Dual Language Academy,IL,MAYWOOD,140652,Cs Academy,CHICAGO,82.35294117647058,42.85714285714286,False,reject,False
24-032-002C-02-2001,Mazon-Verona-Kinsman Elem School,IL,MAZON,141844,Cove School,NORTHBROOK,70.58823529411765,37.2093023255814,False,reject,False
24-032-002C-02-1002,Mazon-Verona-Kinsman Middle Sch,IL,MAZON,143082,Mount Vernon Christian School,MOUNT VERNON,56.14035087719298,56.14035087719298,False,reject,False
13-041-0120-04-2001,McClellan Elementary School,IL,MOUNT VERNON,141844,Cove School,NORTHBROOK,70.58823529411765,47.36842105263158,False,reject,False
44-063-0150-04-1008,Chauncey H Duker School,IL,MCHENRY,141844,Cove School,NORTHBROOK,70.58823529411765,52.94117647058824,False,reject,False
44-063-0150-04-2001,Edgebrook Elem School,IL,MCHENRY,141844,Cove School,NORTHBROOK,70.58823529411765,56.25,False,reject,False
44-063-0150-04-2002,Hilltop Elem School,IL,MCHENRY,143800,Saint Elmo High School,ST. ELMO,73.6842105263158,68.42105263157895,False,reject,False
44-063-0150-04-2003,Landmark Elem School,IL,MCHENRY,141844,Cove School,NORTHBROOK,70.58823529411765,51.61290322580645,False,reject,False
44-063-0150-04-1006,McHenry Middle School,IL,MCHENRY,140108,Middle Fork School,DANVILLE,83.87096774193549,76.92307692307692,False,review,True
44-063-0150-04-1007,Parkland School,IL,MCHENRY,144389,Arlyn Day School,HIGHLAND PARK,77.41935483870968,77.41935483870968,False,reject,False
44-063-0150-04-2005,Riverwood Elementary School,IL,MCHENRY,141844,Cove School,NORTHBROOK,70.58823529411765,47.36842105263158,False,reject,False
44-063-0150-04-2004,Valley View Elem School,IL,MCHENRY,142374,Liberty Valley School,JOLIET,77.27272727272728,72.72727272727273,False,reject,False
44-063-1560-16-0003,McHenry Community High School,IL,MCHENRY,142834,Mchenry Community HS East,MCHENRY,100.0,92.06349206349206,True,auto_accept,False
17-064-0050-26-2019,Benjamin Elem School,IL,BLOOMINGTON,143361,Benjamin Franklin HS,PALOS HEIGHTS,85.71428571428571,69.38775510204081,False,review,True
17-064-0050-26-3001,Brigham Elementary,IL,BLOOMINGTON,140147,Lerna Bridges,LERNA,58.064516129032256,58.06451612903225,False,reject,False
17-064-0050-26-2004,Carlock Elem School,IL,CARLOCK,140087,Chaddock School,QUINCY,70.58823529411765,70.58823529411764,False,reject,False
17-064-0050-26-2003,Cedar Ridge Elem School,IL,BLOOMINGTON,140525,Carlyle High School,CARLYLE,71.42857142857143,71.42857142857143,False,reject,False
17-064-0050-26-1002,Chiddix Jr High School,IL,NORMAL,140945,Leo High School,CHICAGO,84.61538461538461,64.86486486486487,False,reject,False
17-064-0050-26-2008,Colene Hoose Elem School,IL,NORMAL,141844,Cove School,NORTHBROOK,70.58823529411765,57.14285714285714,False,reject,False
17-064-0050-26-0003,Eugene Field School,IL,NORMAL,140192,Eugene Field School,NORMAL,100.0,100.0,True,auto_accept,False
17-064-0050-26-1005,Evans Junior High School,IL,BLOOMINGTON,141910,Fisher Junior-Senior HS,FISHER,85.71428571428571,71.42857142857143,False,review,True
17-064-0050-26-2005,Fairview Elem School,IL,NORMAL,141844,Cove School,NORTHBROOK,70.58823529411765,58.06451612903225,False,reject,False
17-064-0050-26-2017,Fox Creek Elementary School,IL,BLOOMINGTON,141844,Cove School,NORTHBROOK,70.58823529411765,47.36842105263158,False,reject,False
17-064-0050-26-2007,Glenn Elem School,IL,NORMAL,141844,Cove School,NORTHBROOK,70.58823529411765,57.14285714285714,False,reject,False
17-064-0050-26-2018,Grove Elementary School,IL,NORMAL,141778,Elk Grove High School,ELK GROVE VLG,72.72727272727272,68.18181818181819,False,reject,False
17-064-0050-26-2009,Hudson Elem School,IL,HUDSON,141844,Cove School,NORTHBROOK,70.58823529411765,55.172413793103445,False,reject,False
17-064-0050-26-1004,Kingsley Jr High School,IL,NORMAL,140945,Leo High School,CHICAGO,84.61538461538461,73.6842105263158,False,review,True
17-064-0050-26-0001,Normal Community High School,IL,NORMAL,143200,Normal Community High School,NORMAL,100.0,100.0,True,auto_accept,False
17-064-0050-26-0002,Normal Community West High School,IL,NORMAL,143200,Normal Community High School,NORMAL,100.0,91.80327868852459,True,auto_accept,False
17-064-0050-26-2012,Northpoint Elementary School,IL,BLOOMINGTON,141844,Cove School,NORTHBROOK,70.58823529411765,41.02564102564102,False,reject,False
17-064-0050-26-2010,Oakdale Elem School,IL,NORMAL,140046,Allendale School,LAKE VILLA,74.28571428571428,74.28571428571429,False,reject,False
17-064-0050-26-2013,Parkside Elementary School,IL,NORMAL,141844,Cove School,NORTHBROOK,70.58823529411765,43.24324324324324,False,reject,False
17-064-0050-26-1003,Parkside Jr High School,IL,NORMAL,140945,Leo High School,CHICAGO,84.61538461538461,68.42105263157895,False,review,True
17-064-0050-26-2015,Pepper Ridge Elementary School,IL,BLOOMINGTON,141890,Blue Ridge High School,FARMER CITY,70.58823529411765,61.53846153846154,False,reject,False
17-064-0050-26-2016,Prairieland Elementary School,IL,NORMAL,141844,Cove School,NORTHBROOK,70.58823529411765,40.0,False,reject,False
17-064-0050-26-2002,Sugar Creek Elem School,IL,NORMAL,141844,Cove School,NORTHBROOK,70.58823529411765,52.94117647058824,False,reject,False
17-064-0050-26-2014,Towanda Elem School,IL,TOWANDA,141844,Cove School,NORTHBROOK,70.58823529411765,53.333333333333336,False,reject,False
17-064-0050-26-001C,YBMC Charter Sch,IL,NORMAL,140072,Ybmc Charter Sch,NORMAL,100.0,100.0,True,auto_accept,False
19-022-0110-02-2001,Medinah Intermediate School,IL,MEDINAH,141844,Cove School,NORTHBROOK,70.58823529411765,42.10526315789473,False,reject,False
19-022-0110-02-1003,Medinah Middle School,IL,ROSELLE,140108,Middle Fork School,DANVILLE,83.87096774193549,71.7948717948718,False,review,True
19-022-0110-02-2002,Medinah Primary School,IL,MEDINAH,141844,Cove School,NORTHBROOK,70.58823529411765,48.484848484848484,False,reject,False
35-050-2890-04-2003,Blackstone Elem School,IL,MENDOTA,141844,Cove School,NORTHBROOK,70.58823529411765,60.60606060606061,False,reject,False
35-050-2890-04-2002,Lincoln Elem School,IL,MENDOTA,142625,Lincoln Community High School,LINCOLN,84.84848484848484,66.66666666666667,False,review,True
35-050-2890-04-1002,Northbrook School,IL,MENDOTA,141844,Cove School,NORTHBROOK,70.58823529411765,57.14285714285714,False,reject,False
35-050-2800-17-0001,Mendota Twp High School,IL,MENDOTA,142880,Mendota Township High School,MENDOTA,90.47619047619048,90.19607843137256,True,auto_accept,False
33-066-4040-26-2001,Apollo Elem School,IL,ALEDO,140046,Allendale School,LAKE VILLA,76.47058823529412,76.47058823529412,False,reject,False
33-066-4040-26-3001,Mercer County  Early Learning Center,IL,JOY,143996,Stelle Learning Center,STELLE,81.08108108108108,63.1578947368421,False,reject,False
33-066-4040-26-0001,Mercer County High School,IL,ALEDO,140008,Mercer County High School,ALEDO,100.0,100.0,True,auto_accept,False
33-066-4040-26-1001,Mercer County Jr High School,IL,ALEDO,140008,Mercer County High School,ALEDO,100.0,94.33962264150944,True,auto_accept,False
33-066-4040-26-2002,New Boston Elem School,IL,NEW BOSTON,141844,Cove School,NORTHBROOK,70.58823529411765,54.54545454545454,False,reject,False
01-069-0110-26-2003,Meredosia-Chambersburg Elem Sch,IL,MEREDOSIA,142885,Meredosia Chambersburg HS,MEREDOSIA,83.07692307692308,83.07692307692307,True,review,True
01-069-0110-26-0001,Meredosia-Chambersburg High Sch,IL,MEREDOSIA,142885,Meredosia Chambersburg HS,MEREDOSIA,95.38461538461539,95.38461538461537,True,auto_accept,False
01-069-0110-26-1001,Meredosia-Chambersburg Jr High,IL,MEREDOSIA,142885,Meredosia Chambersburg HS,MEREDOSIA,94.73684210526315,84.375,True,auto_accept,False
30-077-1010-26-2005,Meridian Elementary School,IL,MOUNDS,142710,Meridian High School,MACON,85.71428571428571,69.56521739130434,False,review,True
30-077-1010-26-0001,Meridian High School,IL,MOUNDS,142710,Meridian High School,MACON,100.0,100.0,False,auto_accept,False
39-055-0150-26-2001,Meridian Elem School,IL,BLUE MOUND,142710,Meridian High School,MACON,85.71428571428571,80.0,False,review,True
39-055-0150-26-0001,Meridian High School,IL,MACON,142710,Meridian High School,MACON,100.0,100.0,True,auto_accept,False
39-055-0150-26-1001,Meridian Middle School,IL,MACON,142710,Meridian High School,MACON,85.71428571428571,71.42857142857143,True,review,True
47-071-2230-26-2002,Highland Elem School,IL,STILLMAN VALLEY,142275,Highland Park High School,HIGHLAND PARK,85.71428571428571,71.11111111111111,False,review,True
47-071-2230-26-1001,Meridian Jr High School,IL,STILLMAN VALLEY,142710,Meridian High School,MACON,100.0,93.02325581395348,False,auto_accept,False
47-071-2230-26-2004,Monroe Center Grade School,IL,MONROE CENTER,141505,Crete-Monee High School,CRETE,73.46938775510205,73.46938775510203,False,reject,False
47-071-2230-26-0003,Stillman Valley High School,IL,STILLMAN VALLEY,144020,Stillman Valley High School,STILLMAN VLY,100.0,100.0,False,auto_accept,False
53-102-0010-04-2001,Metamora Grade School,IL,METAMORA,142890,Metamora Township High School,METAMORA,83.33333333333333,68.0,True,review,True
35-059-0070-26-2001,Midland Elementary School,IL,LACON,144205,Midland High School,VARNA,84.84848484848484,68.18181818181819,False,review,True
35-059-0070-26-0001,Midland High School,IL,VARNA,144205,Midland High School,VARNA,100.0,100.0,True,auto_accept,False
35-059-0070-26-1001,Midland Middle School,IL,SPARLAND,144205,Midland High School,VARNA,84.84848484848484,80.0,False,review,True
07-016-1430-02-2001,Central Park Elem School,IL,MIDLOTHIAN,140454,Central High School,BURLINGTON,84.84848484848484,69.76744186046511,False,review,True
07-016-1430-02-2002,Kolmar Elem School,IL,MIDLOTHIAN,141844,Cove School,NORTHBROOK,70.58823529411765,55.172413793103445,False,reject,False
07-016-1430-02-3002,Spaulding School,IL,MIDLOTHIAN,140197,Salt School,KANKAKEE,74.07407407407408,44.44444444444444,False,reject,False
07-016-1430-02-2004,Springfield Elem School,IL,MIDLOTHIAN,143975,Springfield High School,SPRINGFIELD,87.8048780487805,82.6086956521739,False,review,True
53-060-1910-26-0001,Midwest Central High School,IL,MANITO,140454,Central High School,BURLINGTON,100.0,82.6086956521739,False,review,True
53-060-1910-26-1003,Midwest Central Middle School,IL,GREEN VALLEY,142735,Midwest Central High School,MANITO,89.79591836734694,85.71428571428572,False,review,True
53-060-1910-26-2003,Midwest Central Primary School,IL,MANITO,142735,Midwest Central High School,MANITO,89.79591836734694,77.19298245614034,True,review,True
32-038-1240-26-2001,Milford Grade School,IL,MILFORD,142915,Milford High School,MILFORD,84.84848484848484,82.05128205128204,True,review,True
32-038-1240-26-0001,Milford High School Campus,IL,MILFORD,142915,Milford High School,MILFORD,100.0,84.44444444444444,True,auto_accept,False
34-049-0240-04-2001,Millburn Elem School,IL,OLD MILL CREEK,143708,Mill School,ROCKFORD,70.96774193548387,70.96774193548387,False,reject,False
34-049-0240-04-2002,Millburn Middle School,IL,LINDENHURST,140108,Middle Fork School,DANVILLE,83.87096774193549,65.0,False,review,True
35-050-2100-04-2001,Milton Pope Elem School,IL,MARSEILLES,141844,Cove School,NORTHBROOK,70.58823529411765,52.94117647058824,False,reject,False
50-082-1600-04-2001,Millstadt Consolidated School,IL,MILLSTADT,140300,Benton Consolidated HS,BENTON,79.16666666666667,70.0,False,reject,False
50-082-1600-04-2002,Millstadt Primary Center,IL,MILLSTADT,140228,Peace Center,DOLTON,66.66666666666666,50.0,False,reject,False
24-032-2010-04-2004,Aux Sable,IL,MINOOKA,1025,Augustana College,ROCK ISLAND,46.15384615384615,46.15384615384615,False,reject,False
24-032-2010-04-2005,Jones Elementary School,IL,JOLIET,141844,Cove School,NORTHBROOK,70.58823529411765,52.94117647058824,False,reject,False
24-032-2010-04-2001,Minooka Elem School,IL,MINOOKA,142950,Minooka Community High School,MINOOKA,84.84848484848484,66.66666666666667,True,review,True
24-032-2010-04-2002,Minooka Intermediate School,IL,MINOOKA,141844,Cove School,NORTHBROOK,70.58823529411765,42.10526315789473,False,reject,False
24-032-2010-04-1002,Minooka Jr High School,IL,MINOOKA,142950,Minooka Community High School,MINOOKA,92.6829268292683,74.50980392156863,True,review,True
24-032-2010-04-3001,Minooka Primary Center,IL,MINOOKA,140228,Peace Center,DOLTON,66.66666666666666,52.94117647058824,False,reject,False
24-032-2010-04-2003,Walnut Trails Elem School,IL,SHOREWOOD,141844,Cove School,NORTHBROOK,70.58823529411765,44.44444444444444,False,reject,False
24-032-1110-16-0001,Minooka Community High School,IL,CHANNAHON,142950,Minooka Community High School,MINOOKA,100.0,100.0,False,auto_accept,False
56-099-1590-02-2002,Mokena Elem School,IL,MOKENA,141844,Cove School,NORTHBROOK,70.58823529411765,62.06896551724138,False,reject,False
56-099-1590-02-2004,Mokena Intermediate School,IL,MOKENA,141844,Cove School,NORTHBROOK,70.58823529411765,48.64864864864865,False,reject,False
56-099-1590-02-1001,Mokena Jr High School,IL,MOKENA,140945,Leo High School,CHICAGO,84.61538461538461,72.22222222222221,False,review,True
49-081-0400-22-2011,Benjamin Franklin Elem School,IL,MOLINE,143361,Benjamin Franklin HS,PALOS HEIGHTS,90.56603773584905,82.75862068965517,False,review,True
49-081-0400-22-2019,Bicentennial Elem School,IL,COAL VALLEY,140593,Centennial High School,CHAMPAIGN,78.26086956521739,78.26086956521739,False,reject,False
49-081-0400-22-2007,Butterworth Elem School,IL,MOLINE,141844,Cove School,NORTHBROOK,70.58823529411765,52.94117647058824,False,reject,False
49-081-0400-22-2022,George Washington Elem School,IL,MOLINE,140842,George Washington High School,CHICAGO,90.56603773584905,82.75862068965517,False,review,True
49-081-0400-22-2014,Hamilton Elem School,IL,MOLINE,142180,Hamilton High School,HAMILTON,85.71428571428571,75.0,False,review,True
49-081-0400-22-2026,Jane Addams Elementary School,IL,MOLINE,140892,Jane Addams High School,CHICAGO,87.8048780487805,73.07692307692308,False,review,True
49-081-0400-22-3025,Jefferson Early Childhood Ctr,IL,MOLINE,143712,Thomas Jefferson High School,ROCKFORD,63.1578947368421,45.614035087719294,False,reject,False
49-081-0400-22-1003,John Deere Middle School,IL,MOLINE,140108,Middle Fork School,DANVILLE,83.87096774193549,71.42857142857143,False,review,True
49-081-0400-22-2016,Lincoln-Irving Elem School,IL,MOLINE,141100,Lincoln Park High School,CHICAGO,73.6842105263158,68.0,False,reject,False
49-081-0400-22-2017,Logan Elem School,IL,MOLINE,141844,Cove School,NORTHBROOK,70.58823529411765,57.14285714285714,False,reject,False
49-081-0400-22-0001,Moline Sr High School,IL,MOLINE,142955,Moline Senior High School,MOLINE,92.3076923076923,91.30434782608697,True,auto_accept,False
49-081-0400-22-2021,Roosevelt Elem School,IL,MOLINE,143717,Roosevelt Cmty Educ Ctr Alt HS,ROCKFORD,86.48648648648648,63.33333333333333,False,reject,False
49-081-0400-22-2023,Willard Elem School,IL,MOLINE,143708,Mill School,ROCKFORD,73.33333333333333,53.333333333333336,False,reject,False
49-081-0400-22-1004,Woodrow Wilson Middle School,IL,MOLINE,140108,Middle Fork School,DANVILLE,83.87096774193549,56.52173913043479,False,reject,False
32-046-0010-26-2004,Je-Neir Elem School,IL,MOMENCE,140199,Miner School,ARLINGTON HTS,70.96774193548387,70.96774193548387,False,reject,False
32-046-0010-26-0003,Momence High School,IL,MOMENCE,142960,Momence Community High School,MOMENCE,100.0,79.16666666666666,True,review,True
32-046-0010-26-1002,Momence Jr High School,IL,MOMENCE,142960,Momence Community High School,MOMENCE,92.6829268292683,74.50980392156863,True,review,True
33-094-2380-26-2005,Central Intermediate School,IL,MONMOUTH,140454,Central High School,BURLINGTON,84.84848484848484,69.56521739130434,False,review,True
33-094-2380-26-2001,Harding Primary School,IL,MONMOUTH,143435,Peoria High School,PEORIA,75.0,75.0,False,reject,False
33-094-2380-26-2002,Lincoln Early Childhood School,IL,MONMOUTH,141100,Lincoln Park High School,CHICAGO,77.77777777777777,66.66666666666667,False,reject,False
33-094-2380-26-0001,Monmouth-Roseville High Sch,IL,MONMOUTH,142970,Monmouth-Roseville High School,MONMOUTH,94.73684210526315,94.73684210526316,True,auto_accept,False
33-094-2380-26-1001,Monmouth-Roseville Jr High Sch,IL,ROSEVILLE,142970,Monmouth-Roseville High School,MONMOUTH,90.0,90.0,False,auto_accept,False
48-072-0700-02-2001,Monroe Elem School,IL,BARTONVILLE,141844,Cove School,NORTHBROOK,70.58823529411765,62.06896551724138,False,reject,False
39-074-0250-26-0001,Monticello High School,IL,MONTICELLO,142980,Monticello High School,MONTICELLO,100.0,100.0,True,auto_accept,False
39-074-0250-26-1002,Monticello Middle School,IL,MONTICELLO,142980,Monticello High School,MONTICELLO,87.17948717948718,82.6086956521739,True,review,True
39-074-0250-26-2006,Washington School,IL,MONTICELLO,140842,George Washington High School,CHICAGO,100.0,73.91304347826086,False,review,True
39-074-0250-26-2005,White Heath Elem School,IL,WHITE HEATH,143800,Saint Elmo High School,ST. ELMO,71.42857142857143,71.42857142857143,False,reject,False
47-098-1450-04-2001,Montmorency CCSD #145,IL,ROCK FALLS,142100,Goreville Community Unit 1,GOREVILLE,43.47826086956522,43.47826086956522,False,reject,False
24-032-1010-16-0001,Morris Community High School,IL,MORRIS,142990,Morris Community High School,MORRIS,100.0,100.0,True,auto_accept,False
24-032-0540-02-1006,Shabbona Middle School,IL,MORRIS,140108,Middle Fork School,DANVILLE,83.87096774193549,65.0,False,review,True
24-032-0540-02-2004,White Oak Elementary,IL,MORRIS,143589,Oak Valley Christian Academy,RAMSEY,50.0,41.666666666666664,False,reject,False
47-098-0060-26-0001,Morrison High School,IL,MORRISON,143000,Morrison Community High School,MORRISON,100.0,80.0,True,auto_accept,False
47-098-0060-26-1001,Morrison Jr High School,IL,MORRISON,143000,Morrison Community High School,MORRISON,93.02325581395348,75.47169811320755,True,review,True
47-098-0060-26-2002,Northside School,IL,MORRISON,141342,Northside College Prep HS,CHICAGO,100.0,64.0,False,reject,False
47-098-0060-26-2003,Southside School,IL,MORRISON,140306,Southside Occupational Acad HS,CHICAGO,100.0,58.18181818181818,False,reject,False
03-011-0010-26-2001,Morrisonville Elem School,IL,MORRISONVILLE,143005,Morrisonville High School,MORRISONVILLE,88.88888888888889,84.0,True,auto_accept,False
03-011-0010-26-0002,Morrisonville High School,IL,MORRISONVILLE,143005,Morrisonville High School,MORRISONVILLE,100.0,100.0,True,auto_accept,False
03-011-0010-26-1001,Morrisonville Jr High School,IL,MORRISONVILLE,143005,Morrisonville High School,MORRISONVILLE,100.0,94.33962264150944,True,auto_accept,False
53-090-7090-26-2001,Grundy Elem School,IL,MORTON,141844,Cove School,NORTHBROOK,70.58823529411765,55.172413793103445,False,reject,False
53-090-7090-26-2002,Jefferson Elem School,IL,MORTON,141018,Nancy B Jefferson Alt School,CHICAGO,86.48648648648648,73.46938775510203,False,review,True
53-090-7090-26-2004,Lettie Brown Elementary School,IL,MORTON,141844,Cove School,NORTHBROOK,70.58823529411765,43.90243902439024,False,reject,False
53-090-7090-26-2003,Lincoln Elem School,IL,MORTON,142625,Lincoln Community High School,LINCOLN,84.84848484848484,66.66666666666667,False,review,True
53-090-7090-26-0006,Morton High School,IL,MORTON,141410,J S Morton High School East,CICERO,100.0,80.0,False,review,True
53-090-7090-26-1005,Morton Jr High School,IL,MORTON,143010,Morton High School,MORTON,100.0,92.3076923076923,True,auto_accept,False
05-016-0700-02-2003,Park View Elem School,IL,MORTON GROVE,141815,Elmwood Park High School,ELMWOOD PARK,75.55555555555556,66.66666666666667,False,reject,False
40-056-0050-26-2001,Mt Olive Elementary School,IL,MOUNT OLIVE,143060,Mount Olive High School,MOUNT OLIVE,85.71428571428571,69.56521739130434,True,review,True
40-056-0050-26-0001,Mt Olive High School,IL,MOUNT OLIVE,143060,Mount Olive High School,MOUNT OLIVE,100.0,100.0,True,auto_accept,False
05-016-0570-02-2002,Fairview Elem School,IL,MT PROSPECT,141844,Cove School,NORTHBROOK,70.58823529411765,58.06451612903225,False,reject,False
05-016-0570-02-1004,Lincoln Middle School,IL,MT PROSPECT,140108,Middle Fork School,DANVILLE,83.87096774193549,76.92307692307692,False,review,True
05-016-0570-02-2005,Lions Park Elem School,IL,MT PROSPECT,141815,Elmwood Park High School,ELMWOOD PARK,73.91304347826087,73.91304347826086,False,reject,False
05-016-0570-02-2008,Westbrook Early Learning Cntr,IL,MT PROSPECT,143668,Delta/Summit Learning Center,CRESTWOOD,66.66666666666666,66.66666666666667,False,reject,False
13-041-0800-02-3002,Dr Andy Hall Early Educ Ctr,IL,MOUNT VERNON,140671,Austin Career Education Ctr,CHICAGO,59.25925925925926,51.85185185185186,False,reject,False
13-041-0800-02-2008,Dr Nick Osborne Primary Center,IL,MOUNT VERNON,140228,Peace Center,DOLTON,66.66666666666666,42.85714285714286,False,reject,False
13-041-0800-02-2002,J L Buford Intermediate Ed Ctr,IL,MOUNT VERNON,140123,Braun Educational Center,OAK FOREST,51.851851851851855,51.85185185185186,False,reject,False
13-041-0800-02-1001,Zadok Casey Middle School,IL,MOUNT VERNON,140108,Middle Fork School,DANVILLE,83.87096774193549,65.11627906976744,False,review,True
17-054-0230-26-2002,Mount Pulaski Elem School,IL,MOUNT PULASKI,143065,Mount Pulaski High School,MOUNT PULASKI,87.17948717948718,81.81818181818181,True,review,True
17-054-0230-26-0001,Mount Pulaski High School,IL,MOUNT PULASKI,143065,Mount Pulaski High School,MOUNT PULASKI,100.0,100.0,True,auto_accept,False
13-041-2010-17-0001,Mount Vernon High School,IL,MOUNT VERNON,143080,Mount Vernon Township HS,MOUNT VERNON,100.0,82.35294117647058,True,auto_accept,False
39-055-0030-26-2004,McGaughey Elem School,IL,MOUNT ZION,141844,Cove School,NORTHBROOK,70.58823529411765,56.25,False,reject,False
39-055-0030-26-2005,Mt Zion Elem School,IL,MOUNT ZION,143085,Mount Zion High School,MT ZION,84.84848484848484,78.94736842105263,False,review,True
39-055-0030-26-0001,Mt Zion High School,IL,MOUNT ZION,143085,Mount Zion High School,MT ZION,100.0,100.0,False,auto_accept,False
39-055-0030-26-2006,Mt Zion Intermediate School,IL,MOUNT ZION,143085,Mount Zion High School,MT ZION,84.84848484848484,69.56521739130434,False,review,True
39-055-0030-26-1001,Mt Zion Jr High School,IL,MOUNT ZION,143085,Mount Zion High School,MT ZION,100.0,92.6829268292683,False,auto_accept,False
03-003-0010-26-2001,Mulberry Grove Elem School,IL,MULBERRY GROVE,143095,Mulberry Grove High School,MULBERRY GROVE,89.36170212765957,80.76923076923077,True,auto_accept,False
03-003-0010-26-1001,Mulberry Grove Jr High School,IL,MULBERRY GROVE,143095,Mulberry Grove High School,MULBERRY GROVE,100.0,94.54545454545455,True,auto_accept,False
03-003-0010-26-0001,Mulberry Grove Sr High School,IL,MULBERRY GROVE,143095,Mulberry Grove High School,MULBERRY GROVE,100.0,94.54545454545455,True,auto_accept,False
34-049-1200-13-0001,Mundelein Cons High School,IL,MUNDELEIN,143097,Mundelein High School,MUNDELEIN,100.0,89.36170212765957,True,auto_accept,False
34-049-0750-02-1004,Carl Sandburg Middle School,IL,MUNDELEIN,143325,Carl Sandburg High School,ORLAND PARK,88.88888888888889,84.61538461538461,False,review,True
34-049-0750-02-3002,Lincoln Elem School,IL,MUNDELEIN,142625,Lincoln Community High School,LINCOLN,84.84848484848484,66.66666666666667,False,review,True
34-049-0750-02-2003,Mechanics Grove Elem School,IL,MUNDELEIN,141778,Elk Grove High School,ELK GROVE VLG,75.0,75.0,False,reject,False
34-049-0750-02-2005,Washington Elem School,IL,MUNDELEIN,140842,George Washington High School,CHICAGO,87.17948717948718,78.43137254901961,False,review,True
30-039-1860-26-2009,Carruthers Elementary School,IL,MURPHYSBORO,141844,Cove School,NORTHBROOK,70.58823529411765,46.15384615384615,False,reject,False
30-039-1860-26-2010,Gen John A Logan Attendance Cntr,IL,MURPHYSBORO,1357,John A. Logan College,CARTERVILLE,75.0,65.38461538461539,False,reject,False
30-039-1860-26-3001,McElvain School,IL,MURPHYSBORO,140199,Miner School,ARLINGTON HTS,74.07407407407408,74.07407407407408,False,reject,False
30-039-1860-26-0001,Murphysboro High School,IL,MURPHYSBORO,143100,Murphysboro High School,MURPHYSBORO,100.0,100.0,True,auto_accept,False
30-039-1860-26-1002,Murphysboro Middle School,IL,MURPHYSBORO,143100,Murphysboro High School,MURPHYSBORO,87.8048780487805,83.33333333333334,True,review,True
53-090-1020-02-2003,Georgetown Middle School,IL,MARQUETTE HTS,140108,Middle Fork School,DANVILLE,83.87096774193549,76.19047619047619,False,review,True
53-090-1020-02-2002,Marquette Elem School,IL,MARQUETTE HEIGHTS,140035,Marquette Catholic High School,ALTON,86.48648648648648,70.58823529411764,False,review,True
19-022-2030-26-3001,Ann Reid Early Childhood Center,IL,NAPERVILLE,140228,Peace Center,DOLTON,66.66666666666666,46.51162790697675,False,reject,False
19-022-2030-26-2012,Beebe Elem School,IL,NAPERVILLE,140192,Eugene Field School,NORMAL,72.22222222222223,72.22222222222221,False,reject,False
19-022-2030-26-2002,Ellsworth Elem School,IL,NAPERVILLE,141844,Cove School,NORTHBROOK,70.58823529411765,50.0,False,reject,False
19-022-2030-26-2003,Elmwood Elem School,IL,NAPERVILLE,141810,Elmwood High School,ELMWOOD,84.84848484848484,73.6842105263158,False,review,True
19-022-2030-26-2004,Highlands Elem School,IL,NAPERVILLE,141820,El Paso HS,EL PASO,80.0,80.0,False,review,True
19-022-2030-26-1010,Jefferson Jr High School,IL,NAPERVILLE,143712,Thomas Jefferson High School,ROCKFORD,93.33333333333333,80.76923076923077,False,review,True
19-022-2030-26-1013,Kennedy Junior High School,IL,LISLE,140897,John F Kennedy High School,CHICAGO,84.61538461538461,84.61538461538461,False,review,True
19-022-2030-26-2018,Kingsley Elementary School,IL,NAPERVILLE,141844,Cove School,NORTHBROOK,70.58823529411765,43.24324324324324,False,reject,False
19-022-2030-26-1009,Lincoln Jr High School,IL,NAPERVILLE,142625,Lincoln Community High School,LINCOLN,92.6829268292683,74.50980392156863,False,review,True
19-022-2030-26-1012,Madison Jr High School,IL,NAPERVILLE,142715,Madison Senior High School,MADISON,92.6829268292683,79.16666666666666,False,review,True
19-022-2030-26-2008,Maplebrook Elem School,IL,NAPERVILLE,141844,Cove School,NORTHBROOK,70.58823529411765,48.484848484848484,False,reject,False
19-022-2030-26-2017,Meadow Glens Elementary School,IL,NAPERVILLE,141844,Cove School,NORTHBROOK,70.58823529411765,39.02439024390244,False,reject,False
19-022-2030-26-2005,Mill Street Elem School,IL,NAPERVILLE,143708,Mill School,ROCKFORD,100.0,64.70588235294117,False,reject,False
19-022-2030-26-2006,Naper Elem School,IL,NAPERVILLE,140199,Miner School,ARLINGTON HTS,75.86206896551724,75.86206896551724,False,reject,False
19-022-2030-26-0001,Naperville Central High School,IL,NAPERVILLE,140454,Central High School,BURLINGTON,100.0,77.55102040816327,False,review,True
19-022-2030-26-0013,Naperville North High School,IL,NAPERVILLE,143106,Naperville North High School,NAPERVILLE,100.0,100.0,True,auto_accept,False
19-022-2030-26-2007,Prairie Elem School,IL,NAPERVILLE,140455,Bushnell Prairie City HS,BUSHNELL,84.84848484848484,65.38461538461539,False,review,True
19-022-2030-26-2015,Ranch View Elementary School,IL,NAPERVILLE,141844,Cove School,NORTHBROOK,70.58823529411765,41.02564102564102,False,reject,False
19-022-2030-26-2016,River Woods Elementary School,IL,NAPERVILLE,141844,Cove School,NORTHBROOK,70.58823529411765,44.99999999999999,False,reject,False
19-022-2030-26-2014,Scott Elementary School,IL,NAPERVILLE,141844,Cove School,NORTHBROOK,70.58823529411765,47.05882352941176,False,reject,False
19-022-2030-26-2013,Steeple Run Elem School,IL,NAPERVILLE,141844,Cove School,NORTHBROOK,70.58823529411765,47.05882352941176,False,reject,False
19-022-2030-26-1011,Washington Jr High School,IL,NAPERVILLE,140842,George Washington High School,CHICAGO,93.61702127659575,81.4814814814815,False,review,True
13-095-0490-04-2002,Nashville Grade School,IL,NASHVILLE,143110,Nashville Community HS,NASHVILLE,84.21052631578948,67.9245283018868,True,review,True
13-095-0990-16-0001,Nashville Comm High School,IL,NASHVILLE,143110,Nashville Community HS,NASHVILLE,91.2280701754386,91.22807017543859,True,auto_accept,False
26-034-3250-26-2002,Nauvoo Elem School,IL,NAUVOO,143115,Nauvoo-Colusa HS,NAUVOO,83.87096774193549,69.76744186046511,True,review,True
11-018-0030-26-2002,Neoga Elementary School,IL,NEOGA,143130,Neoga High School,NEOGA,82.75862068965517,65.0,True,review,True
11-018-0030-26-0001,Neoga Jr/Sr High School,IL,NEOGA,143130,Neoga High School,NEOGA,100.0,85.0,True,auto_accept,False
24-032-024C-04-2001,Nettle Creek Elem School,IL,MORRIS,141844,Cove School,NORTHBROOK,70.58823529411765,51.42857142857142,False,reject,False
50-082-0600-26-2001,New Athens Elem,IL,NEW ATHENS,143145,New Athens High School,NEW ATHENS,80.0,59.45945945945945,True,reject,False
50-082-0600-26-0003,New Athens High School,IL,NEW ATHENS,143145,New Athens High School,NEW ATHENS,100.0,100.0,True,auto_accept,False
50-082-0600-26-1001,New Athens Jr High,IL,NEW ATHENS,143145,New Athens High School,NEW ATHENS,90.9090909090909,75.0,True,review,True
51-084-0160-26-2001,New Berlin Elementary School,IL,NEW BERLIN,143155,New Berlin Jr Sr High School,NEW BERLIN,75.55555555555556,67.85714285714286,True,reject,False
51-084-0160-26-0001,New Berlin High School,IL,NEW BERLIN,143155,New Berlin Jr Sr High School,NEW BERLIN,100.0,88.0,True,auto_accept,False
51-084-0160-26-1001,New Berlin Jr High School,IL,NEW BERLIN,143155,New Berlin Jr Sr High School,NEW BERLIN,100.0,94.33962264150944,True,auto_accept,False
17-054-0880-02-2005,New Holland-Middletown Elem Sch,IL,MIDDLETOWN,144197,Agape Chrtn Sch & Bible Inst,VANDALIA,55.73770491803279,55.73770491803278,False,reject,False
20-096-0060-04-2001,New Hope Elem School,IL,FAIRFIELD,140901,John Hope College Prep HS,CHICAGO,70.96774193548387,62.96296296296296,False,reject,False
56-099-1220-02-1005,Alex M Martino Jr High School,IL,NEW LENOX,140945,Leo High School,CHICAGO,84.61538461538461,59.09090909090908,False,reject,False
56-099-1220-02-2010,Arnold J Tyler School,IL,NEW LENOX,141844,Cove School,NORTHBROOK,70.58823529411765,50.0,False,reject,False
56-099-1220-02-2008,Bentley Elem School,IL,NEW LENOX,141844,Cove School,NORTHBROOK,70.58823529411765,53.333333333333336,False,reject,False
56-099-1220-02-3001,Cherry Hill Elem and EC Center,IL,NEW LENOX,140228,Peace Center,DOLTON,66.66666666666666,47.61904761904761,False,reject,False
56-099-1220-02-2002,Haines Elem School,IL,NEW LENOX,143800,Saint Elmo High School,ST. ELMO,75.67567567567568,70.27027027027026,False,reject,False
56-099-1220-02-1006,Liberty Junior High School,IL,NEW LENOX,140945,Leo High School,CHICAGO,84.61538461538461,68.29268292682926,False,review,True
56-099-1220-02-2004,Nelson Prairie School,IL,NEW LENOX,140455,Bushnell Prairie City HS,BUSHNELL,80.0,66.66666666666667,False,review,True
56-099-1220-02-2005,Nelson Ridge School,IL,NEW LENOX,141890,Blue Ridge High School,FARMER CITY,77.41935483870968,68.29268292682926,False,reject,False
56-099-1220-02-2013,Oster-Oakview  School,IL,NEW LENOX,143427,Kiefer School,PEORIA,72.72727272727272,72.72727272727273,False,reject,False
56-099-1220-02-2016,Spencer Crossing,IL,NEW LENOX,143434,Peoria Christian,PEORIA,56.25,56.25,False,reject,False
56-099-1220-02-2015,Spencer Pointe,IL,NEW LENOX,140228,Peace Center,DOLTON,61.53846153846154,61.53846153846154,False,reject,False
56-099-1220-02-2014,Spencer Trail,IL,NEW LENOX,U27577,BIR Training Center,CHICAGO,56.25,56.25,False,reject,False
21-044-0320-03-2003,New Simpson Hill Dist 32,IL,TUNNEL HILL,142627,New Wine Christian School,LINCOLN,53.06122448979592,48.97959183673469,False,reject,False
05-016-2030-17-0002,New Trier Township H S Northfield,IL,NORTHFIELD,144430,New Trier High School,WINNETKA,100.0,67.74193548387098,False,review,True
05-016-2030-17-0001,New Trier Township H S Winnetka,IL,WINNETKA,144430,New Trier High School,WINNETKA,100.0,70.0,True,review,True
24-047-0660-04-1001,Millbrook Junior High School,IL,NEWARK,140945,Leo High School,CHICAGO,84.61538461538461,65.11627906976744,False,review,True
24-047-0660-04-2001,Newark Elem School,IL,NEWARK,143140,Newark High School,NEWARK,83.87096774193549,77.77777777777779,True,review,True
24-047-0180-16-0001,Newark Comm High School,IL,NEWARK,143140,Newark High School,NEWARK,100.0,87.8048780487805,True,auto_accept,False
05-016-0710-02-2001,Clarence E Culver School,IL,NILES,141844,Cove School,NORTHBROOK,70.58823529411765,57.14285714285714,False,reject,False
05-016-2190-17-0002,Niles North High School,IL,SKOKIE,143927,Niles North High School,SKOKIE,100.0,100.0,True,auto_accept,False
05-016-2190-17-0003,Niles West High School,IL,SKOKIE,143926,Niles West High School,SKOKIE,100.0,100.0,True,auto_accept,False
44-063-0020-03-1001,Nippersink Middle School,IL,RICHMOND,140108,Middle Fork School,DANVILLE,83.87096774193549,61.904761904761905,False,reject,False
44-063-0020-03-2001,Richmond Grade School,IL,RICHMOND,143630,Richmond-Burton Community HS,RICHMOND,83.33333333333333,58.62068965517242,True,reject,False
44-063-0020-03-2002,Spring Grove Elementary School,IL,SPRING GROVE,141778,Elk Grove High School,ELK GROVE VLG,72.72727272727272,58.82352941176471,False,reject,False
03-068-0220-26-0001,Nokomis Jr/Sr High Sch,IL,NOKOMIS,143195,Nokomis High School,NOKOMIS,78.04878048780488,78.04878048780488,True,reject,False
03-068-0220-26-2003,North Elem School,IL,NOKOMIS,140279,Belvidere North High School,BELVIDERE,82.75862068965517,72.72727272727273,False,review,True
06-016-0800-02-1001,J Giles Elem School,IL,NORRIDGE,141844,Cove School,NORTHBROOK,70.58823529411765,53.333333333333336,False,reject,False
06-016-0800-02-2002,J Leigh Elem School,IL,NORRIDGE,141835,Erie High School,ERIE,74.28571428571428,74.28571428571429,False,reject,False
20-097-0030-26-2002,Norris City-Omaha Elem School,IL,NORRIS CITY,143210,Norris City Omaha Enfield HS,NORRIS CITY,90.56603773584905,81.81818181818181,True,auto_accept,False
20-097-0030-26-0001,Norris City-Omaha-Enfield H S,IL,NORRIS CITY,143210,Norris City Omaha Enfield HS,NORRIS CITY,100.0,100.0,True,auto_accept,False
04-004-2000-26-2001,Capron Elem School,IL,CAPRON,141844,Cove School,NORTHBROOK,70.58823529411765,68.96551724137932,False,reject,False
04-004-2000-26-2002,Manchester Elem School,IL,POPLAR GROVE,144415,Winchester High School,WINCHESTER,72.72727272727272,45.45454545454546,False,reject,False
04-004-2000-26-0003,North Boone High School,IL,POPLAR GROVE,143537,North Boone High School,POPLAR GROVE,100.0,100.0,True,auto_accept,False
04-004-2000-26-1001,North Boone Middle School,IL,POPLAR GROVE,143537,North Boone High School,POPLAR GROVE,87.8048780487805,83.33333333333334,True,review,True
04-004-2000-26-2005,North Boone Upper Elem Sch,IL,POPLAR GROVE,143537,North Boone High School,POPLAR GROVE,65.3061224489796,65.3061224489796,True,reject,False
04-004-2000-26-2004,Poplar Grove Elem School,IL,POPLAR GROVE,141778,Elk Grove High School,ELK GROVE VLG,72.72727272727272,71.11111111111111,False,reject,False
34-049-1870-26-2008,A J Katzenmaier Academy,IL,NORTH CHICAGO,140652,Cs Academy,CHICAGO,82.35294117647058,48.484848484848484,False,reject,False
34-049-1870-26-2009,Evelyn Alexander School,IL,NORTH CHICAGO,141844,Cove School,NORTHBROOK,70.58823529411765,52.94117647058824,False,reject,False
34-049-1870-26-2002,Forrestal Elem School,IL,GREAT LAKES,141844,Cove School,NORTHBROOK,70.58823529411765,56.25,False,reject,False
34-049-1870-26-3003,Green Bay Early Childhood Center,IL,NORTH CHICAGO,140228,Peace Center,DOLTON,66.66666666666666,45.45454545454546,False,reject,False
34-049-1870-26-203C,LEARN 10 Charter School,IL,NORTH CHICAGO,140626,Amandla Charter School,CHICAGO,77.77777777777777,66.66666666666667,False,reject,False
34-049-1870-26-202C,LEARN Charter Sch 6 North Chicago Campus,IL,GREAT LAKES,140072,Ybmc Charter Sch,NORMAL,81.48148148148148,42.85714285714286,False,reject,False
34-049-1870-26-1003,Neal Math Science Academy,IL,NORTH CHICAGO,141106,Marine Math and Science Academy,CHICAGO,88.88888888888889,75.0,False,review,True
34-049-1870-26-0001,North Chicago Community High Sch,IL,NORTH CHICAGO,143220,North Chicago Community HS,NORTH CHICAGO,95.5223880597015,95.52238805970148,True,auto_accept,False
12-013-0250-26-0001,North Clay Community High School,IL,LOUISVILLE,142675,North Clay High School,LOUISVILLE,100.0,81.4814814814815,True,auto_accept,False
12-013-0250-26-2004,North Clay Elem/Jr High Sch,IL,LOUISVILLE,142675,North Clay High School,LOUISVILLE,81.08108108108108,77.55102040816327,True,review,True
40-031-0030-26-2002,North Greene Elem,IL,ROODHOUSE,144390,North Greene Jr/Sr High School,WHITE HALL,82.75862068965517,51.06382978723405,False,reject,False
40-031-0030-26-0001,North Greene Jr/Sr High Sch,IL,WHITE HALL,144390,North Greene Jr/Sr High School,WHITE HALL,94.73684210526315,94.73684210526316,True,auto_accept,False
40-056-0340-26-2002,North Mac Elementary,IL,VIRDEN,144240,North Mac High School,VIRDEN,62.06896551724138,48.78048780487805,True,reject,False
40-056-0340-26-0001,North Mac High School,IL,VIRDEN,144240,North Mac High School,VIRDEN,100.0,100.0,True,auto_accept,False
40-056-0340-26-2001,North Mac Intermediate,IL,GIRARD,144240,North Mac High School,VIRDEN,60.0,51.162790697674424,False,reject,False
40-056-0340-26-1001,North Mac Middle School,IL,GIRARD,144240,North Mac High School,VIRDEN,86.48648648648648,72.72727272727273,False,review,True
07-016-1170-02-2002,Dorn Elementary School,IL,HICKORY HILLS,141844,Cove School,NORTHBROOK,70.58823529411765,54.54545454545454,False,reject,False
07-016-1170-02-2005,Dr Kenneth M Sorrick School,IL,PALOS HILLS,141844,Cove School,NORTHBROOK,70.58823529411765,42.10526315789473,False,reject,False
07-016-1170-02-2003,Glen Oaks Elem School,IL,HICKORY HILLS,141844,Cove School,NORTHBROOK,70.58823529411765,50.0,False,reject,False
07-016-1170-02-1001,H H Conrady Jr High School,IL,HICKORY HILLS,140945,Leo High School,CHICAGO,84.61538461538461,58.53658536585367,False,reject,False
07-016-1170-02-2004,Oak Ridge Elem School,IL,PALOS HILLS,141890,Blue Ridge High School,FARMER CITY,74.4186046511628,74.4186046511628,False,reject,False
34-049-1120-02-2002,Braeside Elem School,IL,HIGHLAND PARK,141844,Cove School,NORTHBROOK,70.58823529411765,51.61290322580645,False,reject,False
34-049-1120-02-1002,Edgewood Middle School,IL,HIGHLAND PARK,140108,Middle Fork School,DANVILLE,83.87096774193549,75.0,False,review,True
34-049-1120-02-2003,Indian Trail Elem School,IL,HIGHLAND PARK,143880,Indian Creek High School,SHABBONA,75.0,66.66666666666667,False,reject,False
34-049-1120-02-1001,Northwood Middle School,IL,HIGHLAND PARK,140108,Middle Fork School,DANVILLE,83.87096774193549,63.41463414634146,False,reject,False
34-049-1120-02-2007,Oak Terrace Elem School,IL,HIGHWOOD,141067,Oak Therapeutic School,CHICAGO,71.11111111111111,71.11111111111111,False,reject,False
34-049-1120-02-2004,Ravinia Elem School,IL,HIGHLAND PARK,140268,Urbana Gerber School,URBANA,71.7948717948718,51.28205128205128,False,reject,False
34-049-1120-02-2006,Red Oak Elem School,IL,HIGHLAND PARK,141844,Cove School,NORTHBROOK,70.58823529411765,60.0,False,reject,False
34-049-1120-02-2005,Sherwood Elem School,IL,HIGHLAND PARK,141810,Elmwood High School,ELMWOOD,71.7948717948718,51.28205128205128,False,reject,False
34-049-1120-02-2008,Wayne Thomas Elem School,IL,HIGHLAND PARK,141844,Cove School,NORTHBROOK,70.58823529411765,45.714285714285715,False,reject,False
13-014-1860-02-2001,North Wamac Grade School,IL,CENTRALIA,144240,North Mac High School,VIRDEN,80.0,66.66666666666667,False,review,True
20-096-2000-26-0001,Cisne High School,IL,CISNE,141420,Cisne High School,CISNE,100.0,100.0,True,auto_accept,False
20-096-2000-26-1001,Cisne Middle School,IL,CISNE,140108,Middle Fork School,DANVILLE,83.87096774193549,75.67567567567568,False,review,True
20-096-2000-26-2003,Johnsonville Elem School,IL,JOHNSONVILLE,142330,Hutsonville High School,HUTSONVILLE,72.34042553191489,72.34042553191489,False,reject,False
20-096-2000-26-2002,Mount Erie Elem School,IL,MOUNT ERIE,141835,Erie High School,ERIE,81.48148148148148,68.57142857142857,False,review,True
05-016-0270-02-2002,Hickory Point Elem School,IL,NORTHBROOK,141525,Tri-Point High School,CULLOM,72.72727272727272,65.21739130434783,False,reject,False
05-016-0270-02-2004,Shabonee School,IL,NORTHBROOK,144450,Shawnee High School,WOLF LAKE,76.47058823529412,76.47058823529412,False,reject,False
05-016-0270-02-1005,Wood Oaks Jr High School,IL,NORTHBROOK,141915,Oakwood High School,FITHIAN,88.37209302325581,69.76744186046511,False,review,True
05-016-0280-02-2002,Greenbriar Elem School,IL,NORTHBROOK,141844,Cove School,NORTHBROOK,70.58823529411765,48.484848484848484,True,reject,False
05-016-0280-02-2003,Meadowbrook Elem School,IL,NORTHBROOK,141844,Cove School,NORTHBROOK,70.58823529411765,47.05882352941176,True,reject,False
05-016-0280-02-1004,Northbrook Junior High School,IL,NORTHBROOK,140945,Leo High School,CHICAGO,84.61538461538461,59.09090909090908,False,reject,False
05-016-0280-02-2006,Westmoor Elem School,IL,NORTHBROOK,141844,Cove School,NORTHBROOK,70.58823529411765,51.61290322580645,True,reject,False
05-016-0300-02-1001,Maple School,IL,NORTHBROOK,143708,Mill School,ROCKFORD,78.26086956521739,78.26086956521739,False,reject,False
05-016-0300-02-2003,Wescott Elementary School,IL,NORTHBROOK,141844,Cove School,NORTHBROOK,70.58823529411765,44.44444444444444,True,reject,False
05-016-0300-02-2002,Willowbrook Elem School,IL,GLENVIEW,144232,Willowbrook High School,VILLA PARK,87.8048780487805,82.6086956521739,False,review,True
40-056-0020-26-2005,Northwestern Elem School,IL,PALMYRA,143355,Northwestern High School,PALMYRA,88.37209302325581,83.33333333333334,True,auto_accept,False
40-056-0020-26-0004,Northwestern High School,IL,PALMYRA,143355,Northwestern High School,PALMYRA,100.0,100.0,True,auto_accept,False
40-056-0020-26-1001,Northwestern Jr High School,IL,PALMYRA,143355,Northwestern High School,PALMYRA,100.0,94.11764705882352,True,auto_accept,False
48-072-0630-02-1001,Norwood Elem School,IL,PEORIA,141810,Elmwood High School,ELMWOOD,73.6842105263158,73.6842105263158,False,reject,False
48-072-0630-02-2002,Norwood Primary School,IL,PEORIA,141844,Cove School,NORTHBROOK,70.58823529411765,48.484848484848484,False,reject,False
50-082-0900-04-1003,Amelia V Carriel Jr High,IL,O FALLON,140480,Cambridge Jr-Sr High School,CAMBRIDGE,58.8235294117647,54.90196078431373,False,reject,False
50-082-0900-04-2006,Delores Moye Elem School,IL,O FALLON,141844,Cove School,NORTHBROOK,70.58823529411765,51.42857142857142,False,reject,False
50-082-0900-04-2002,Estelle Kampmeyer Elem School,IL,O FALLON,141844,Cove School,NORTHBROOK,70.58823529411765,40.0,False,reject,False
50-082-0900-04-1002,Fulton Jr High School,IL,O FALLON,141980,Fulton High School,FULTON,100.0,92.3076923076923,False,auto_accept,False
50-082-0900-04-2003,J Emmett Hinchcliffe Sr Elem Sch,IL,O FALLON,141670,Earlville Jr-Sr High School,EARLVILLE,54.23728813559322,54.23728813559322,False,reject,False
50-082-0900-04-2004,Laverna Evans Elem School,IL,O FALLON,141844,Cove School,NORTHBROOK,70.58823529411765,50.0,False,reject,False
50-082-0900-04-2005,Marie Schaefer Elem School,IL,O FALLON,141844,Cove School,NORTHBROOK,70.58823529411765,48.64864864864865,False,reject,False
50-082-2030-17-0001,O Fallon High School,IL,O FALLON,143270,O Fallon Township High School,O FALLON,100.0,81.63265306122449,True,auto_accept,False
48-072-0680-02-2002,Oak Grove School,IL,BARTONVILLE,140447,Buffalo Grove High School,BUFFALO GROVE,85.71428571428571,63.41463414634146,False,reject,False
34-049-0680-02-2001,Oak Grove Elem School,IL,LIBERTYVILLE,141778,Elk Grove High School,ELK GROVE VLG,76.19047619047619,76.19047619047619,False,reject,False
07-016-2290-16-0001,Oak Lawn Comm High School,IL,OAK LAWN,143230,Oak Lawn Community High School,OAK LAWN,90.9090909090909,90.9090909090909,True,auto_accept,False
07-016-1230-02-2007,Hometown Elem School,IL,HOMETOWN,141844,Cove School,NORTHBROOK,70.58823529411765,58.06451612903225,False,reject,False
07-016-1230-02-2003,J Covington Elem School,IL,OAK LAWN,141844,Cove School,NORTHBROOK,70.58823529411765,64.70588235294117,False,reject,False
07-016-1230-02-2006,J M Hannum Elem School,IL,OAK LAWN,141844,Cove School,NORTHBROOK,70.58823529411765,48.484848484848484,False,reject,False
07-016-1230-02-2008,Kolmar Avenue Elem School,IL,OAK LAWN,141844,Cove School,NORTHBROOK,70.58823529411765,50.0,False,reject,False
07-016-1230-02-1001,Oak Lawn-Hometown Middle Sch,IL,OAK LAWN,143230,Oak Lawn Community High School,OAK LAWN,62.06896551724138,55.172413793103445,True,reject,False
07-016-1230-02-3001,School District 123 Early Learning Center,IL,OAK LAWN,143996,Stelle Learning Center,STELLE,81.08108108108108,57.14285714285714,False,reject,False
07-016-1230-02-2010,Sward Elem School,IL,OAK LAWN,143179,One World School,EAST MOLINE,72.72727272727272,72.72727272727273,False,reject,False
06-016-2000-13-0001,Oak Park & River Forest High Sch,IL,OAK PARK,143245,Oak Park & River Forest HS,OAK PARK,95.77464788732394,95.77464788732395,True,auto_accept,False
06-016-0970-02-2007,Abraham Lincoln Elem School,IL,OAK PARK,141100,Lincoln Park High School,CHICAGO,73.6842105263158,62.745098039215684,False,reject,False
06-016-0970-02-1003,Gwendolyn Brooks Middle School,IL,OAK PARK,140108,Middle Fork School,DANVILLE,83.87096774193549,66.66666666666667,False,review,True
06-016-0970-02-2009,Horace Mann Elem School,IL,OAK PARK,141844,Cove School,NORTHBROOK,70.58823529411765,52.94117647058824,False,reject,False
06-016-0970-02-2006,Irving Elem School,IL,OAK PARK,140033,Living Free School,CHICAGO,83.33333333333333,83.33333333333334,False,review,True
06-016-0970-02-2008,Longfellow Elem School,IL,OAK PARK,141844,Cove School,NORTHBROOK,70.58823529411765,54.54545454545454,False,reject,False
06-016-0970-02-2005,Oliver W Holmes Elem School,IL,OAK PARK,141844,Cove School,NORTHBROOK,70.58823529411765,52.63157894736843,False,reject,False
06-016-0970-02-1004,Percy Julian Middle School,IL,OAK PARK,141073,Percy L Julian High School,CHICAGO,84.61538461538461,80.76923076923077,False,review,True
06-016-0970-02-2010,Whittier Elem School,IL,OAK PARK,143800,Saint Elmo High School,ST. ELMO,71.7948717948718,61.53846153846154,False,reject,False
06-016-0970-02-2001,William Beye Elem School,IL,OAK PARK,143347,William Fremd High School,PALATINE,73.6842105263158,69.38775510204081,False,reject,False
06-016-0970-02-2003,William Hatch Elem School,IL,OAK PARK,143347,William Fremd High School,PALATINE,80.0,80.0,False,review,True
13-095-0010-04-2001,Oakdale Grade School,IL,OAKDALE,140323,Harlem High School - 9th Grade,MACHESNEY PK,75.0,66.66666666666667,False,reject,False
11-015-0050-26-2001,Lake Crest Elem School,IL,OAKLAND,142520,Lake Forest High School,LAKE FOREST,75.55555555555556,75.55555555555556,False,reject,False
11-015-0050-26-0002,Oakland High School,IL,OAKLAND,143225,Oakland High School,OAKLAND,100.0,100.0,True,auto_accept,False
54-092-0760-26-2003,Oakwood Grade School,IL,OAKWOOD,141915,Oakwood High School,FITHIAN,84.84848484848484,82.05128205128204,False,review,True
54-092-0760-26-0001,Oakwood High School,IL,FITHIAN,141915,Oakwood High School,FITHIAN,100.0,100.0,True,auto_accept,False
12-017-0040-26-2002,Oblong Elem School,IL,OBLONG,143250,Oblong High School,OBLONG,83.87096774193549,77.77777777777779,True,review,True
12-017-0040-26-0001,Oblong High School,IL,OBLONG,143250,Oblong High School,OBLONG,100.0,100.0,True,auto_accept,False
17-053-4350-04-2001,Odell Grade School,IL,ODELL,140323,Harlem High School - 9th Grade,MACHESNEY PK,80.0,60.86956521739131,False,reject,False
13-058-7220-26-0001,Odin Attendance Center 9-12,IL,ODIN,140228,Peace Center,DOLTON,66.66666666666666,35.89743589743589,False,reject,False
13-058-7220-26-2001,Odin Attendance Center K-8,IL,ODIN,140228,Peace Center,DOLTON,66.66666666666666,36.8421052631579,False,reject,False
35-050-1250-02-2002,Lincoln Elem School,IL,OGLESBY,142625,Lincoln Community High School,LINCOLN,84.84848484848484,66.66666666666667,False,review,True
35-050-1250-02-2001,Washington Elem School,IL,OGLESBY,140842,George Washington High School,CHICAGO,87.17948717948718,78.43137254901961,False,review,True
28-006-0170-04-2001,Ohio Com Cons Grade School,IL,OHIO,141844,Cove School,NORTHBROOK,70.58823529411765,54.054054054054056,False,reject,False
28-006-5050-16-0001,Ohio Community High School,IL,OHIO,143280,Ohio Community High School,OHIO,100.0,100.0,True,auto_accept,False
11-070-3020-26-2001,Okaw Valley Elementary School,IL,BETHANY,142374,Liberty Valley School,JOLIET,76.47058823529412,72.0,False,reject,False
11-070-3020-26-0001,Okaw Valley High School,IL,BETHANY,143285,Okawville High School,OKAWVILLE,90.9090909090909,72.72727272727273,False,review,True
11-070-3020-26-1001,Okaw Valley Middle School,IL,FINDLAY,140108,Middle Fork School,DANVILLE,83.87096774193549,60.46511627906976,False,reject,False
17-064-0160-26-0009,Olympia High School,IL,STANFORD,142942,Olympia High School,STANFORD,100.0,100.0,True,auto_accept,False
17-064-0160-26-1001,Olympia Middle School,IL,STANFORD,142942,Olympia High School,STANFORD,84.84848484848484,80.0,True,review,True
17-064-0160-26-2003,Olympia North Elem Sch,IL,DANVERS,142942,Olympia High School,STANFORD,63.41463414634146,63.41463414634146,False,reject,False
17-064-0160-26-2002,Olympia South Elem Sch,IL,ATLANTA,142942,Olympia High School,STANFORD,63.41463414634146,63.41463414634146,False,reject,False
17-064-0160-26-2006,Olympia West Elem Sch,IL,MINIER,142942,Olympia High School,STANFORD,60.0,60.0,False,reject,False
13-041-0050-04-2002,Opdyke-Belle Rive Grade Sch,IL,OPDYKE,141775,River Ridge Sch Elizabeth Sch,HANOVER,61.53846153846154,57.14285714285714,False,reject,False
08-089-2030-26-2003,Orangeville Elem School,IL,ORANGEVILLE,143310,Orangeville High School,ORANGEVILLE,87.8048780487805,82.6086956521739,True,review,True
08-089-2030-26-0001,Orangeville High School,IL,ORANGEVILLE,143310,Orangeville High School,ORANGEVILLE,100.0,100.0,True,auto_accept,False
08-089-2030-26-1001,Orangeville Jr High School,IL,ORANGEVILLE,143310,Orangeville High School,ORANGEVILLE,100.0,93.87755102040816,True,auto_accept,False
47-071-2200-26-0001,Oregon  Jr/Sr High School,IL,OREGON,143315,Oregon High School,OREGON,100.0,85.71428571428572,True,auto_accept,False
47-071-2200-26-2006,Oregon Elem Sch,IL,OREGON,143315,Oregon High School,OREGON,66.66666666666666,66.66666666666667,True,reject,False
28-037-2230-26-2002,C R Hanna Elem School,IL,ORION,140881,Hanna Sacks Girls High School,CHICAGO,72.72727272727272,60.0,False,reject,False
28-037-2230-26-0001,Orion High School,IL,ORION,143320,Orion High School,ORION,100.0,100.0,True,auto_accept,False
28-037-2230-26-1003,Orion Middle School,IL,ORION,140108,Middle Fork School,DANVILLE,86.48648648648648,70.27027027027026,False,review,True
07-016-1350-02-2012,Centennial School,IL,ORLAND PARK,140593,Centennial High School,CHAMPAIGN,100.0,87.17948717948718,False,auto_accept,False
07-016-1350-02-1006,Century Junior High School,IL,ORLAND PARK,144175,Century High School,ULLIN,100.0,84.44444444444444,False,review,True
07-016-1350-02-2001,High Point Elem School,IL,ORLAND PARK,141525,Tri-Point High School,CULLOM,89.47368421052632,79.06976744186046,False,review,True
07-016-1350-02-1005,Jerling Junior High School,IL,ORLAND PARK,140945,Leo High School,CHICAGO,84.61538461538461,68.29268292682926,False,review,True
07-016-1350-02-2008,Liberty Elem School,IL,ORLAND PARK,142374,Liberty Valley School,JOLIET,85.0,70.0,False,review,True
07-016-1350-02-2013,Meadow Ridge School,IL,ORLAND PARK,141890,Blue Ridge High School,FARMER CITY,77.41935483870968,68.29268292682926,False,reject,False
07-016-1350-02-2010,Orland Center School,IL,ORLAND PARK,140125,Ashton Franklin Center HS,ASHTON,78.78787878787878,62.96296296296296,False,reject,False
07-016-1350-02-1004,Orland Jr High School,IL,ORLAND PARK,143225,Oakland High School,OAKLAND,85.0,85.0,False,review,True
07-016-1350-02-2002,Orland Park Elem School,IL,ORLAND PARK,141035,Morgan Park High School,CHICAGO,73.91304347826087,73.91304347826086,False,reject,False
07-016-1350-02-2007,Prairie Elem School,IL,ORLAND PARK,140455,Bushnell Prairie City HS,BUSHNELL,84.84848484848484,65.38461538461539,False,review,True
35-050-1410-02-2009,Central Intermediate School,IL,OTTAWA,140454,Central High School,BURLINGTON,84.84848484848484,69.56521739130434,False,review,True
35-050-1410-02-2004,Jefferson Elem School,IL,OTTAWA,141018,Nancy B Jefferson Alt School,CHICAGO,86.48648648648648,73.46938775510203,False,review,True
35-050-1410-02-2006,Lincoln Elem School,IL,OTTAWA,142625,Lincoln Community High School,LINCOLN,84.84848484848484,66.66666666666667,False,review,True
35-050-1410-02-2005,McKinley Elem School,IL,OTTAWA,142833,McKinley Libra,RIVERDALE,72.72727272727272,58.82352941176471,False,reject,False
35-050-1410-02-1009,Shepherd Middle School,IL,OTTAWA,140108,Middle Fork School,DANVILLE,83.87096774193549,65.0,False,review,True
35-050-1400-17-0001,Ottawa Township High School,IL,OTTAWA,143340,Ottawa Township High School,OTTAWA,100.0,100.0,True,auto_accept,False
05-016-0150-04-1014,Carl Sandburg Middle School,IL,ROLLING MEADOWS,143325,Carl Sandburg High School,ORLAND PARK,88.88888888888889,84.61538461538461,False,review,True
05-016-0150-04-2003,Central Road Elem School,IL,ROLLING MEADOWS,140454,Central High School,BURLINGTON,84.84848484848484,69.76744186046511,False,review,True
05-016-0150-04-2023,Frank C Whiteley Elem School,IL,HOFFMAN ESTATES,141844,Cove School,NORTHBROOK,70.58823529411765,46.15384615384615,False,reject,False
05-016-0150-04-2013,Gray M Sanborn Elem School,IL,PALATINE,141844,Cove School,NORTHBROOK,70.58823529411765,43.24324324324324,False,reject,False
05-016-0150-04-2006,Hunting Ridge Elem School,IL,PALATINE,141890,Blue Ridge High School,FARMER CITY,80.85106382978724,80.85106382978724,False,review,True
05-016-0150-04-2001,Jane Addams Elem School,IL,PALATINE,140892,Jane Addams High School,CHICAGO,87.8048780487805,82.6086956521739,False,review,True
05-016-0150-04-2005,Kimball Hill Elem School,IL,ROLLING MEADOWS,140400,Red Hill High School,BRIDGEPORT,70.96774193548387,59.09090909090908,False,reject,False
05-016-0150-04-2007,Lake Louise Elem School,IL,PALATINE,141844,Cove School,NORTHBROOK,70.58823529411765,52.94117647058824,False,reject,False
05-016-0150-04-2008,Lincoln Elementary School,IL,PALATINE,141100,Lincoln Park High School,CHICAGO,73.6842105263158,61.224489795918366,False,reject,False
05-016-0150-04-2004,Marion Jordan Elem School,IL,PALATINE,142775,Marion High School,MARION,83.87096774193549,65.11627906976744,False,review,True
05-016-0150-04-2010,Pleasant Hill Elem School,IL,PALATINE,143510,Pleasant Hill High School,PLEASANT HILL,88.88888888888889,84.0,False,review,True
05-016-0150-04-1011,Plum Grove Middle School,IL,ROLLING MEADOWS,140108,Middle Fork School,DANVILLE,83.87096774193549,71.42857142857143,False,review,True
05-016-0150-04-2009,Stuart R Paddock School,IL,PALATINE,141844,Cove School,NORTHBROOK,70.58823529411765,47.05882352941176,False,reject,False
05-016-0150-04-1020,Thomas Jefferson Middle School,IL,HOFFMAN EST,143712,Thomas Jefferson High School,ROCKFORD,90.19607843137254,79.3103448275862,False,review,True
05-016-0150-04-2015,Virginia Lake Elem School,IL,PALATINE,144245,Virginia High School,VIRGINIA,85.71428571428571,71.11111111111111,False,review,True
05-016-0150-04-1018,Walter R Sundling Middle School,IL,PALATINE,140108,Middle Fork School,DANVILLE,83.87096774193549,53.06122448979591,False,reject,False
05-016-0150-04-2018,Willow Bend Elem School,IL,ROLLING MEADOWS,141844,Cove School,NORTHBROOK,70.58823529411765,47.05882352941176,False,reject,False
05-016-0150-04-2019,Winston Campus Elementary,IL,PALATINE,140118,South Campus,PALATINE,66.66666666666666,48.64864864864865,True,reject,False
05-016-0150-04-1016,Winston Campus Middle School,IL,PALATINE,140108,Middle Fork School,DANVILLE,83.87096774193549,60.86956521739131,False,reject,False
12-017-0030-26-2002,Palestine Grade School,IL,PALESTINE,143350,Palestine High School,PALESTINE,86.48648648648648,83.72093023255813,True,review,True
12-017-0030-26-0001,Palestine High School,IL,PALESTINE,143350,Palestine High School,PALESTINE,100.0,100.0,True,auto_accept,False
07-016-1180-04-2002,Palos East Elementary School,IL,PALOS HEIGHTS,143700,East High School,ROCKFORD,81.48148148148148,54.54545454545454,False,reject,False
07-016-1180-04-1004,Palos South Middle School,IL,PALOS PARK,140108,Middle Fork School,DANVILLE,83.87096774193549,60.46511627906976,False,reject,False
07-016-1180-04-2003,Palos West Elementary School,IL,PALOS PARK,141844,Cove School,NORTHBROOK,70.58823529411765,41.02564102564102,False,reject,False
07-016-1280-02-2002,Chippewa Elem School,IL,PALOS HEIGHTS,142440,Kewanee High School,KEWANEE,71.7948717948718,71.7948717948718,False,reject,False
07-016-1280-02-1003,Independence Jr High School,IL,PALOS HEIGHTS,141927,Independence High School,CHICAGO HTS,100.0,94.11764705882352,False,auto_accept,False
07-016-1280-02-2006,Indian Hill,IL,PALOS HEIGHTS,NA0001,American Indian Association of Illinois,CHICAGO,70.58823529411765,40.0,False,reject,False
07-016-1280-02-2005,Navajo Heights Elem School,IL,PALOS HEIGHTS,141820,El Paso HS,EL PASO,75.55555555555556,75.55555555555556,False,reject,False
03-011-0080-26-2001,Pana Elem School,IL,PANA,143360,Pana High School,PANA,81.48148148148148,75.0,True,review,True
03-011-0080-26-1005,Pana Jr High School,IL,PANA,143360,Pana High School,PANA,100.0,91.42857142857143,True,auto_accept,False
03-011-0080-26-0006,Pana Sr High School,IL,PANA,143360,Pana High School,PANA,100.0,91.42857142857143,True,auto_accept,False
03-068-0020-26-2003,Farmersville Elem School,IL,FARMERSVILLE,141844,Cove School,NORTHBROOK,70.58823529411765,51.42857142857142,False,reject,False
03-068-0020-26-0001,Lincolnwood High School,IL,RAYMOND,143605,Lincolnwood Jr-Sr High School,RAYMOND,100.0,88.46153846153845,True,auto_accept,False
03-068-0020-26-1002,Lincolnwood Jr High School,IL,RAYMOND,143605,Lincolnwood Jr-Sr High School,RAYMOND,100.0,94.54545454545455,True,auto_accept,False
03-068-0020-26-2005,Raymond Grade School,IL,RAYMOND,140323,Harlem High School - 9th Grade,MACHESNEY PK,75.0,62.5,False,reject,False
11-023-8000-80-0001,Paris Cooperative High School,IL,PARIS,140227,Paris Cooperative High School,PARIS,100.0,100.0,True,auto_accept,False
11-023-0040-26-2001,Crestwood Elem School,IL,PARIS,141844,Cove School,NORTHBROOK,70.58823529411765,62.5,False,reject,False
11-023-0040-26-1001,Crestwood Jr High School,IL,PARIS,140945,Leo High School,CHICAGO,84.61538461538461,61.53846153846154,False,reject,False
11-023-0950-25-2006,Carolyn Wenz Elem School,IL,PARIS,141844,Cove School,NORTHBROOK,70.58823529411765,57.14285714285714,False,reject,False
11-023-0950-25-3001,Creative Center for Children,IL,PARIS,140126,Center For Educ Opp,EDWARDSVILLE,68.9655172413793,55.319148936170215,False,reject,False
11-023-0950-25-1001,Mayo Middle School,IL,PARIS,140225,Beardstown Middle High School,BEARDSTOWN,83.87096774193549,68.08510638297872,False,review,True
11-023-0950-25-2003,Memorial Elementary School,IL,PARIS,140305,Civic Memorial High School,BETHALTO,73.17073170731707,61.53846153846154,False,reject,False
07-016-1630-02-2008,21st Century Primary Center,IL,PARK FOREST,140228,Peace Center,DOLTON,66.66666666666666,46.15384615384615,False,reject,False
07-016-1630-02-3001,Algonquin Primary Center,IL,PARK FOREST,140228,Peace Center,DOLTON,66.66666666666666,50.0,False,reject,False
07-016-1630-02-2002,Barack Obama Sch of Leadership and STEM,IL,CHICAGO HEIGHTS,140704,Marine Leadership Academy,CHICAGO,57.142857142857146,53.125,False,reject,False
07-016-1630-02-2003,Blackhawk Primary Center,IL,PARK FOREST,140228,Peace Center,DOLTON,66.66666666666666,50.0,False,reject,False
07-016-1630-02-1010,Michelle Obama Sch of Technology and the Arts,IL,PARK FOREST,141369,School Of Technology,CHICAGO,78.78787878787878,52.3076923076923,False,reject,False
07-016-1630-02-2007,Mohawk Primary Center,IL,PARK FOREST,140228,Peace Center,DOLTON,66.66666666666666,54.54545454545454,False,reject,False
05-016-0640-04-1006,Emerson Middle School,IL,NILES,140108,Middle Fork School,DANVILLE,83.87096774193549,76.92307692307692,False,review,True
05-016-0640-04-2004,Eugene Field Elem School,IL,PARK RIDGE,140192,Eugene Field School,NORMAL,100.0,88.37209302325581,False,auto_accept,False
05-016-0640-04-2005,Franklin Elementary School,IL,PARK RIDGE,141950,Franklin High School,FRANKLIN,85.71428571428571,65.21739130434783,False,review,True
05-016-0640-04-2001,George B Carpenter Elem School,IL,PARK RIDGE,141844,Cove School,NORTHBROOK,70.58823529411765,48.78048780487805,False,reject,False
05-016-0640-04-2012,George Washington Elem School,IL,PARK RIDGE,140842,George Washington High School,CHICAGO,90.56603773584905,82.75862068965517,False,review,True
05-016-0640-04-3001,Jefferson School,IL,NILES,141018,Nancy B Jefferson Alt School,CHICAGO,100.0,72.72727272727273,False,review,True
05-016-0640-04-1007,Lincoln Middle School,IL,PARK RIDGE,140108,Middle Fork School,DANVILLE,83.87096774193549,76.92307692307692,False,review,True
05-016-0640-04-2011,Theodore Roosevelt Elem School,IL,PARK RIDGE,141105,Roosevelt High School,CHICAGO,86.48648648648648,66.66666666666667,False,review,True
13-058-1000-26-2001,Patoka Elem School,IL,PATOKA,143380,Patoka Community High School,PATOKA,83.87096774193549,65.21739130434783,True,review,True
13-058-1000-26-1001,Patoka Jr High School,IL,PATOKA,143380,Patoka Community High School,PATOKA,92.3076923076923,73.46938775510203,True,review,True
13-058-1000-26-0002,Patoka Sr High School,IL,PATOKA,143380,Patoka Community High School,PATOKA,92.3076923076923,73.46938775510203,True,review,True
47-052-2710-26-2005,Paw Paw Elementary School,IL,PAW PAW,143390,Paw Paw High School,PAW PAW,80.0,68.18181818181819,True,review,True
47-052-2710-26-1001,Paw Paw Junior High School,IL,PAW PAW,143390,Paw Paw High School,PAW PAW,100.0,84.44444444444444,True,auto_accept,False
51-084-0110-26-2001,Pawnee Grade School,IL,PAWNEE,143385,Pawnee High School,PAWNEE,83.87096774193549,81.08108108108108,True,review,True
51-084-0110-26-0001,Pawnee Jr/Sr High Sch,IL,PAWNEE,143385,Pawnee High School,PAWNEE,76.92307692307692,76.92307692307692,True,reject,False
09-027-0100-26-2004,Clara Peterson Elem School,IL,PAXTON,141844,Cove School,NORTHBROOK,70.58823529411765,48.64864864864865,False,reject,False
09-027-0100-26-0001,Paxton-Buckley-Loda High School,IL,PAXTON,143395,Paxton Buckley Loda HS,PAXTON,100.0,100.0,True,auto_accept,False
09-027-0100-26-1002,Paxton-Buckley-Loda Jr High Sch,IL,PAXTON,143395,Paxton Buckley Loda HS,PAXTON,90.3225806451613,90.32258064516128,True,auto_accept,False
01-001-0010-26-2002,Seymour Elementary School,IL,PAYSON,143400,Seymour High School,PAYSON,84.84848484848484,68.18181818181819,True,review,True
01-001-0010-26-0001,Seymour High School,IL,PAYSON,142720,Mahomet-Seymour High School,MAHOMET,100.0,82.6086956521739,False,review,True
08-089-2000-26-2001,Pearl City Elementary School,IL,PEARL CITY,143405,Pearl City High School,PEARL CITY,87.17948717948718,72.0,True,review,True
08-089-2000-26-0001,Pearl City High School,IL,PEARL CITY,143405,Pearl City High School,PEARL CITY,100.0,100.0,True,auto_accept,False
08-089-2000-26-1001,Pearl City Jr High School,IL,PEARL CITY,143405,Pearl City High School,PEARL CITY,100.0,93.61702127659575,True,auto_accept,False
04-101-3210-26-1001,Pecatonica Comm Middle School,IL,PECATONICA,143410,Pecatonica High School,PECATONICA,87.17948717948718,74.50980392156863,True,review,True
04-101-3210-26-2002,Pecatonica Elem School,IL,PECATONICA,143410,Pecatonica High School,PECATONICA,87.17948717948718,81.81818181818181,True,review,True
04-101-3210-26-0001,Pecatonica High School,IL,PECATONICA,143410,Pecatonica High School,PECATONICA,100.0,100.0,True,auto_accept,False
53-090-3030-16-0002,Pekin Community High School,IL,PEKIN,143415,Pekin Community High School,PEKIN,100.0,100.0,True,auto_accept,False
53-090-1080-02-1012,Broadmoor Junior High School,IL,PEKIN,140945,Leo High School,CHICAGO,84.61538461538461,60.46511627906976,False,reject,False
53-090-1080-02-2008,C B Smith Elem School,IL,PEKIN,141844,Cove School,NORTHBROOK,70.58823529411765,56.25,False,reject,False
53-090-1080-02-2014,Dirksen Elementary School,IL,PEKIN,141844,Cove School,NORTHBROOK,70.58823529411765,44.44444444444444,False,reject,False
53-090-1080-02-1002,Edison Junior High School,IL,PEKIN,142715,Madison Senior High School,MADISON,86.27450980392157,54.90196078431373,False,reject,False
53-090-1080-02-2004,Jefferson Elem School,IL,PEKIN,141018,Nancy B Jefferson Alt School,CHICAGO,86.48648648648648,73.46938775510203,False,review,True
53-090-1080-02-2009,L E Starke Elem School,IL,PEKIN,141844,Cove School,NORTHBROOK,70.58823529411765,48.484848484848484,False,reject,False
53-090-1080-02-3001,Pekin Preschool Family Ed Center,IL,PEKIN,140228,Peace Center,DOLTON,66.66666666666666,45.45454545454546,False,reject,False
53-090-1080-02-2010,Scott Altman Primary School,IL,PEKIN,141844,Cove School,NORTHBROOK,70.58823529411765,36.8421052631579,False,reject,False
53-090-1080-02-2015,Washington Intermediate School,IL,PEKIN,140842,George Washington High School,CHICAGO,74.57627118644068,74.57627118644068,False,reject,False
53-090-1080-02-2012,Willow Elem School,IL,PEKIN,143708,Mill School,ROCKFORD,75.86206896551724,55.172413793103445,False,reject,False
53-090-1080-02-2013,Wilson Intermediate School,IL,PEKIN,141844,Cove School,NORTHBROOK,70.58823529411765,43.24324324324324,False,reject,False
32-046-2590-04-2001,Lorenzo R Smith Elem School,IL,PEMBROKE TOWNSHIP,141844,Cove School,NORTHBROOK,70.58823529411765,47.36842105263158,False,reject,False
06-016-0790-02-2001,Pennoyer Elem School,IL,NORRIDGE,141844,Cove School,NORTHBROOK,70.58823529411765,58.06451612903225,False,reject,False
48-072-3250-26-2005,Peoria Heights Grade School,IL,PEORIA HEIGHTS,143453,Peoria Heights High School,PEORIA HTS,89.36170212765957,79.24528301886792,False,review,True
48-072-3250-26-0005,Peoria Heights High School,IL,PEORIA HEIGHTS,143453,Peoria Heights High School,PEORIA HTS,100.0,100.0,False,auto_accept,False
48-072-1500-25-2036,Annie Jo Gordon Comm Learning Cntr,IL,PEORIA,140137,Treatment & Learning Center-H,HUMBOLDT,61.53846153846154,52.3076923076923,False,reject,False
48-072-1500-25-2051,Charter Oak Primary School,IL,PEORIA,140626,Amandla Charter School,CHICAGO,77.77777777777777,58.33333333333333,False,reject,False
48-072-1500-25-2011,Dr Maude A Sanders Primary School,IL,PEORIA,141844,Cove School,NORTHBROOK,70.58823529411765,36.36363636363637,False,reject,False
48-072-1500-25-2039,Dr. C.T. Vivian Primary School,IL,PEORIA,141844,Cove School,NORTHBROOK,70.58823529411765,41.02564102564102,False,reject,False
48-072-1500-25-2032,Franklin Primary School,IL,PEORIA,141950,Franklin High School,FRANKLIN,85.71428571428571,79.06976744186046,False,review,True
48-072-1500-25-2034,Glen Oak Comm Learning Cntr,IL,PEORIA,143719,Regional Learning Center,ROCKFORD,66.66666666666666,62.745098039215684,False,reject,False
48-072-1500-25-1006,Harold B Dawson Middle School,IL,WEST PEORIA,140108,Middle Fork School,DANVILLE,83.87096774193549,68.08510638297872,False,review,True
48-072-1500-25-2037,Hines Primary School,IL,PEORIA,143435,Peoria High School,PEORIA,73.6842105263158,73.6842105263158,True,reject,False
48-072-1500-25-2040,Kellar Primary School,IL,PEORIA,141844,Cove School,NORTHBROOK,70.58823529411765,50.0,False,reject,False
48-072-1500-25-1009,Liberty Leadership Middle School,IL,PEORIA,140108,Middle Fork School,DANVILLE,83.87096774193549,60.0,False,reject,False
48-072-1500-25-2038,Lincoln School,IL,PEORIA,142625,Lincoln Community High School,LINCOLN,100.0,65.11627906976744,False,review,True
48-072-1500-25-0023,Manual High School,IL,PEORIA,143360,Pana High School,PANA,88.23529411764706,88.23529411764706,False,review,True
48-072-1500-25-1013,Mark W Bills Middle School,IL,PEORIA,140108,Middle Fork School,DANVILLE,83.87096774193549,72.72727272727273,False,review,True
48-072-1500-25-2047,Northmoor Primary School,IL,PEORIA,143061,Northridge Preparatory School,NILES,71.69811320754717,71.69811320754718,False,reject,False
48-072-1500-25-0024,Peoria High School,IL,PEORIA,141700,East Peoria Community HS,EAST PEORIA,100.0,70.58823529411764,False,review,True
48-072-1500-25-1015,Reservoir Gifted School,IL,PEORIA,141844,Cove School,NORTHBROOK,70.58823529411765,47.05882352941176,False,reject,False
48-072-1500-25-0025,Richwoods High School,IL,PEORIA,143452,Richwoods High School,PEORIA,100.0,100.0,True,auto_accept,False
48-072-1500-25-1001,Rolling Acres Middle School,IL,PEORIA,140108,Middle Fork School,DANVILLE,83.87096774193549,66.66666666666667,False,review,True
48-072-1500-25-1002,Sterling Middle School,IL,PEORIA,144010,Sterling High School,STERLING,85.71428571428571,80.95238095238095,False,review,True
48-072-1500-25-2028,The Elise Ford Allen Academy,IL,PEORIA,140652,Cs Academy,CHICAGO,82.35294117647058,47.36842105263158,False,reject,False
48-072-1500-25-2052,Trewyn Primary School,IL,PEORIA,141844,Cove School,NORTHBROOK,70.58823529411765,43.75,False,reject,False
48-072-1500-25-3034,Valeska Hinton Early Ch Ed Ctr,IL,PEORIA,140236,Illinois Youth Ctr - St Charle,SAINT CHARLES,55.172413793103445,44.827586206896555,False,reject,False
48-072-1500-25-1003,Von Steuben Middle School,IL,PEORIA,140108,Middle Fork School,DANVILLE,83.87096774193549,60.46511627906976,False,reject,False
48-072-1500-25-2010,Whittier Primary School,IL,PEORIA,141844,Cove School,NORTHBROOK,70.58823529411765,41.17647058823529,False,reject,False
56-099-207U-26-3001,Connor Shaw Center,IL,PEOTONE,140228,Peace Center,DOLTON,66.66666666666666,53.333333333333336,False,reject,False
56-099-207U-26-2003,Peotone Elem School,IL,PEOTONE,143455,Peotone High School,PEOTONE,84.84848484848484,78.94736842105263,True,review,True
56-099-207U-26-0001,Peotone High School,IL,PEOTONE,143455,Peotone High School,PEOTONE,100.0,100.0,True,auto_accept,False
56-099-207U-26-2005,Peotone Intermediate Center,IL,FRANKFORT,140228,Peace Center,DOLTON,66.66666666666666,51.28205128205128,False,reject,False
56-099-207U-26-1002,Peotone Jr High School,IL,PEOTONE,143455,Peotone High School,PEOTONE,100.0,92.6829268292683,True,auto_accept,False
35-050-1240-02-2003,Northview Elem School,IL,PERU,141844,Cove School,NORTHBROOK,70.58823529411765,62.5,False,reject,False
35-050-1240-02-1001,Parkside Middle School,IL,PERU,140108,Middle Fork School,DANVILLE,83.87096774193549,65.0,False,review,True
01-075-0100-26-2010,Pikeland Community School,IL,PITTSFIELD,141091,Uplift Community School,CHICAGO,82.05128205128204,66.66666666666667,False,review,True
01-075-0100-26-0009,Pittsfield High School,IL,PITTSFIELD,143490,Pittsfield High School,PITTSFIELD,100.0,100.0,True,auto_accept,False
01-075-0100-26-2007,Pittsfield South Elem School,IL,PITTSFIELD,143490,Pittsfield High School,PITTSFIELD,87.17948717948718,72.0,True,review,True
30-073-1010-16-0001,Pinckneyville Comm High School,IL,PINCKNEYVILLE,143480,Pinckneyville Cmty HS,PINCKNEYVILLE,93.33333333333333,93.33333333333333,True,auto_accept,False
30-073-0500-02-2001,Pinckneyville Elem School,IL,PINCKNEYVILLE,143480,Pinckneyville Cmty HS,PINCKNEYVILLE,88.88888888888889,80.0,True,auto_accept,False
30-073-0500-02-2002,Pinckneyville Middle School,IL,PINCKNEYVILLE,143480,Pinckneyville Cmty HS,PINCKNEYVILLE,85.1063829787234,80.70175438596492,True,review,True
56-099-2020-22-1007,Aux Sable Middle Sch,IL,JOLIET,140108,Middle Fork School,DANVILLE,57.89473684210526,57.89473684210527,False,reject,False
56-099-2020-22-3001,Bonnie McBeth  Learning Ctr,IL,PLAINFIELD,140189,Harvest Christian Learning Ctr,NORTH AURORA,63.1578947368421,50.0,False,reject,False
56-099-2020-22-2003,Central Elem School,IL,PLAINFIELD,140115,A-C Central High School,ASHLAND,84.84848484848484,71.42857142857143,False,review,True
56-099-2020-22-2015,Charles Reed Elementary Sch,IL,PLAINFIELD,141089,Rescue Missionary Christian Sc,CHICAGO,59.64912280701754,59.64912280701755,False,reject,False
56-099-2020-22-2011,Creekside Elementary School,IL,PLAINFIELD,141844,Cove School,NORTHBROOK,70.58823529411765,47.36842105263158,False,reject,False
56-099-2020-22-2004,Crystal Lawns Elem School,IL,JOLIET,141515,Crystal Lake Central HS,CRYSTAL LAKE,71.7948717948718,63.1578947368421,False,reject,False
56-099-2020-22-1005,Drauden Point Middle School,IL,PLAINFIELD,140108,Middle Fork School,DANVILLE,83.87096774193549,66.66666666666667,False,review,True
56-099-2020-22-2013,Eagle Pointe Elementary School,IL,PLAINFIELD,141844,Cove School,NORTHBROOK,70.58823529411765,43.90243902439024,False,reject,False
56-099-2020-22-2019,Elizabeth Eichelberger Elem Sch,IL,PLAINFIELD,141775,River Ridge Sch Elizabeth Sch,HANOVER,68.42105263157895,50.0,False,reject,False
56-099-2020-22-2017,Freedom Elem School,IL,PLAINFIELD,141844,Cove School,NORTHBROOK,70.58823529411765,53.333333333333336,False,reject,False
56-099-2020-22-2005,Grand Prairie Elem School,IL,JOLIET,143859,West Prairie High School,SCIOTA,73.6842105263158,65.3061224489796,False,reject,False
56-099-2020-22-1004,Heritage Grove Middle School,IL,PLAINFIELD,142665,Heritage High School,BROADLANDS,85.71428571428571,70.83333333333333,False,review,True
56-099-2020-22-1002,Indian Trail Middle School,IL,PLAINFIELD,140108,Middle Fork School,DANVILLE,83.87096774193549,63.63636363636363,False,reject,False
56-099-2020-22-1008,John F Kennedy Middle Sch,IL,PLAINFIELD,140897,John F Kennedy High School,CHICAGO,78.43137254901961,70.58823529411764,False,reject,False
56-099-2020-22-2008,Lakewood Falls Elem School,IL,PLAINFIELD,141844,Cove School,NORTHBROOK,70.58823529411765,43.24324324324324,False,reject,False
56-099-2020-22-2016,Liberty Elementary School,IL,BOLINGBROOK,142374,Liberty Valley School,JOLIET,80.0,60.86956521739131,False,reject,False
56-099-2020-22-2014,Lincoln Elementary,IL,PLAINFIELD,140139,Lincoln Academy,ROSELLE,66.66666666666666,66.66666666666667,False,reject,False
56-099-2020-22-2010,Meadow View Elementary School,IL,PLAINFIELD,141844,Cove School,NORTHBROOK,70.58823529411765,40.0,False,reject,False
56-099-2020-22-0004,Plainfield East High School,IL,PLAINFIELD,143700,East High School,ROCKFORD,100.0,74.4186046511628,False,review,True
56-099-2020-22-0001,Plainfield High School,IL,PLAINFIELD,143499,Plainfield East High School,PLAINFIELD,100.0,89.79591836734694,True,auto_accept,False
56-099-2020-22-0003,Plainfield North High School,IL,PLAINFIELD,143497,Plainfield North High School,PLAINFIELD,100.0,100.0,True,auto_accept,False
56-099-2020-22-0002,Plainfield South High School,IL,PLAINFIELD,143496,Plainfield South High School,PLAINFIELD,100.0,100.0,True,auto_accept,False
56-099-2020-22-1006,Richard Ira Jones Middle School,IL,PLAINFIELD,140108,Middle Fork School,DANVILLE,83.87096774193549,61.224489795918366,False,reject,False
56-099-2020-22-2012,Ridge Elementary School,IL,PLAINFIELD,140280,Bement High School,BEMENT,73.17073170731707,73.17073170731707,False,reject,False
56-099-2020-22-2009,River View Elementary School,IL,PLAINFIELD,141844,Cove School,NORTHBROOK,70.58823529411765,46.15384615384615,False,reject,False
56-099-2020-22-2018,Thomas Jefferson Elem Sch,IL,JOLIET,143712,Thomas Jefferson High School,ROCKFORD,79.24528301886792,79.24528301886792,False,reject,False
56-099-2020-22-1003,Timber Ridge Middle School,IL,PLAINFIELD,140108,Middle Fork School,DANVILLE,83.87096774193549,59.09090909090908,False,reject,False
56-099-2020-22-2006,Walkers Grove Elementary School,IL,PLAINFIELD,141778,Elk Grove High School,ELK GROVE VLG,72.72727272727272,57.692307692307686,False,reject,False
56-099-2020-22-2021,Wallin Oaks Elementary School,IL,PLAINFIELD,141844,Cove School,NORTHBROOK,70.58823529411765,40.0,False,reject,False
56-099-2020-22-2007,Wesmere Elementary School,IL,PLAINFIELD,141844,Cove School,NORTHBROOK,70.58823529411765,44.44444444444444,False,reject,False
24-047-0880-26-2003,Centennial Elem School,IL,PLANO,140593,Centennial High School,CHAMPAIGN,87.17948717948718,81.81818181818181,False,review,True
24-047-0880-26-2004,Emily G Johns School,IL,PLANO,142365,Johnston City High School,JOHNSTON CITY,75.55555555555556,75.55555555555556,False,reject,False
24-047-0880-26-2002,P H Miller Elem School,IL,PLANO,141844,Cove School,NORTHBROOK,70.58823529411765,48.484848484848484,False,reject,False
24-047-0880-26-0001,Plano High School,IL,PLANO,143500,Plano High School,PLANO,100.0,100.0,True,auto_accept,False
24-047-0880-26-1001,Plano Middle School,IL,PLANO,140108,Middle Fork School,DANVILLE,83.87096774193549,70.27027027027026,False,review,True
01-075-0030-26-2001,Pleasant Hill Elem School,IL,PLEASANT HILL,143510,Pleasant Hill High School,PLEASANT HILL,88.88888888888889,84.0,True,auto_accept,False
01-075-0030-26-0002,Pleasant Hill High School,IL,PLEASANT HILL,143510,Pleasant Hill High School,PLEASANT HILL,100.0,100.0,True,auto_accept,False
48-072-0690-02-2001,Pleasant Hill Elem School,IL,PEORIA,143510,Pleasant Hill High School,PLEASANT HILL,88.88888888888889,84.0,False,review,True
51-084-0080-26-2004,Farmingdale Elem School,IL,PLEASANT PLAINS,140046,Allendale School,LAKE VILLA,71.7948717948718,71.7948717948718,False,reject,False
51-084-0080-26-0001,Pleasant Plains High School,IL,PLEASANT PLAINS,143515,Pleasant Plains High School,PLEASANT PLAINS,100.0,100.0,True,auto_accept,False
51-084-0080-26-1001,Pleasant Plains Middle School,IL,PLEASANT PLAINS,143515,Pleasant Plains High School,PLEASANT PLAINS,89.79591836734694,85.71428571428572,True,auto_accept,False
48-072-0620-02-2003,Pleasant Valley Intermediate School,IL,PEORIA,142374,Liberty Valley School,JOLIET,76.47058823529412,64.28571428571428,False,reject,False
48-072-0620-02-2001,Pleasant Valley Primary School,IL,PEORIA,142374,Liberty Valley School,JOLIET,76.47058823529412,70.58823529411764,False,reject,False
06-016-1070-02-2002,Pleasantdale Elementary School,IL,LA GRANGE,141844,Cove School,NORTHBROOK,70.58823529411765,39.02439024390244,False,reject,False
06-016-1070-02-1001,Pleasantdale Middle Sch,IL,BURR RIDGE,143510,Pleasant Hill High School,PLEASANT HILL,62.5,62.5,False,reject,False
47-071-2220-26-1001,Aplington Middle School,IL,POLO,140108,Middle Fork School,DANVILLE,83.87096774193549,73.17073170731707,False,review,True
47-071-2220-26-2001,Centennial Elem School,IL,POLO,140593,Centennial High School,CHAMPAIGN,87.17948717948718,81.81818181818181,False,review,True
47-071-2220-26-0004,Polo Comm High School,IL,POLO,143530,Polo Community High School,POLO,89.36170212765957,89.36170212765957,True,auto_accept,False
17-053-4290-04-2002,Central Elem School,IL,PONTIAC,140115,A-C Central High School,ASHLAND,84.84848484848484,71.42857142857143,False,review,True
17-053-4290-04-2004,Lincoln Elementary School,IL,PONTIAC,141100,Lincoln Park High School,CHICAGO,73.6842105263158,61.224489795918366,False,reject,False
17-053-4290-04-1001,Pontiac Jr High School,IL,PONTIAC,143535,Pontiac Township High School,PONTIAC,92.6829268292683,76.0,True,review,True
17-053-4290-04-2005,Washington Elem School,IL,PONTIAC,140842,George Washington High School,CHICAGO,87.17948717948718,78.43137254901961,False,review,True
17-053-0900-17-0001,Pontiac High School,IL,PONTIAC,143535,Pontiac Township High School,PONTIAC,100.0,80.85106382978724,True,auto_accept,False
50-082-1050-02-1001,Pontiac Jr High School,IL,FAIRVIEW HEIGHTS,143535,Pontiac Township High School,PONTIAC,92.6829268292683,76.0,False,review,True
50-082-1050-02-2002,William Holliday Elem School,IL,FAIRVIEW HEIGHTS,143347,William Fremd High School,PALATINE,75.47169811320755,75.47169811320755,False,reject,False
20-076-0010-26-0001,Pope Co High School,IL,GOLCONDA,142090,Pope County High School,GOLCONDA,91.42857142857143,90.47619047619048,True,auto_accept,False
20-076-0010-26-2002,Pope County Elementary School,IL,GOLCONDA,142090,Pope County High School,GOLCONDA,87.8048780487805,73.07692307692308,True,review,True
51-065-2020-26-2003,Petersburg Elem School,IL,PETERSBURG,141844,Cove School,NORTHBROOK,70.58823529411765,48.484848484848484,False,reject,False
51-065-2020-26-2006,Porta Central,IL,PETERSBURG,140115,A-C Central High School,ASHLAND,70.0,50.0,False,reject,False
51-065-2020-26-0001,Porta High School,IL,PETERSBURG,143475,Porta High School,PETERSBURG,100.0,100.0,True,auto_accept,False
07-016-1435-02-2001,Childs Elem School,IL,ROBBINS,142628,Lisle High School,LISLE,74.28571428571428,74.28571428571429,False,reject,False
07-016-1435-02-2010,Gordon School,IL,POSEN,143320,Orion High School,ORION,80.0,80.0,False,review,True
07-016-1435-02-1003,Kellar School,IL,ROBBINS,143427,Kiefer School,PEORIA,76.92307692307692,76.92307692307692,False,reject,False
07-016-1435-02-2006,Posen Elem School,IL,POSEN,141844,Cove School,NORTHBROOK,70.58823529411765,64.28571428571428,False,reject,False
07-016-1435-02-2007,Turner Elem School,IL,CRESTWOOD,140199,Miner School,ARLINGTON HTS,73.33333333333333,53.333333333333336,False,reject,False
54-092-0100-26-2001,Potomac Elem School,IL,POTOMAC,141844,Cove School,NORTHBROOK,70.58823529411765,53.333333333333336,False,reject,False
17-053-0080-26-2005,Prairie Central Elem School,IL,FAIRBURY,141870,Prairie Central High School,FAIRBURY,89.79591836734694,85.18518518518519,True,auto_accept,False
17-053-0080-26-0001,Prairie Central High School,IL,FAIRBURY,140454,Central High School,BURLINGTON,100.0,82.6086956521739,False,review,True
17-053-0080-26-1001,Prairie Central Jr High School,IL,FORREST,140454,Central High School,BURLINGTON,100.0,77.55102040816327,False,review,True
17-053-0080-26-2006,Prairie Central Primary East,IL,CHATSWORTH,141870,Prairie Central High School,FAIRBURY,71.42857142857143,61.81818181818181,False,reject,False
17-053-0080-26-2001,Prairie Central Primary West,IL,CHENOA,141870,Prairie Central High School,FAIRBURY,71.42857142857143,61.81818181818181,False,reject,False
17-053-0080-26-2007,Prairie Central Upper Elementary,IL,FORREST,141870,Prairie Central High School,FAIRBURY,71.42857142857143,57.6271186440678,False,reject,False
34-049-9000-25-201C,Prairie Crossing Charter School,IL,GRAYSLAKE,140626,Amandla Charter School,CHICAGO,77.77777777777777,52.83018867924528,False,reject,False
45-079-1340-04-2001,Prairie Du Rocher Elem School,IL,PRAIRIE DU ROCHER,143859,West Prairie High School,SCIOTA,73.6842105263158,56.60377358490566,False,reject,False
44-063-0460-03-2001,Prairie Grove Elem School,IL,CRYSTAL LAKE,141778,Elk Grove High School,ELK GROVE VLG,73.91304347826087,73.91304347826086,False,reject,False
44-063-0460-03-1001,Prairie Grove Junior High School,IL,CRYSTAL LAKE,141778,Elk Grove High School,ELK GROVE VLG,89.47368421052632,64.15094339622642,False,reject,False
04-101-1330-04-2001,Prairie Hill Elem School,IL,SOUTH BELOIT,141870,Prairie Central High School,FAIRBURY,78.43137254901961,78.43137254901961,False,reject,False
04-101-1330-04-1001,Willowbrook Middle School,IL,SOUTH BELOIT,144232,Willowbrook High School,VILLA PARK,87.8048780487805,83.33333333333334,False,review,True
07-016-1440-02-2009,Chateaux School,IL,HAZEL CREST,141844,Cove School,NORTHBROOK,70.58823529411765,69.23076923076923,False,reject,False
07-016-1440-02-2003,Fieldcrest Elem School,IL,OAK FOREST,142945,Fieldcrest High School,MINONK,87.17948717948718,77.27272727272727,False,review,True
07-016-1440-02-2004,Highlands Elem School,IL,HAZEL CREST,141820,El Paso HS,EL PASO,80.0,80.0,False,review,True
07-016-1440-02-2010,Mae Jemison School,IL,HAZEL CREST,140199,Miner School,ARLINGTON HTS,73.33333333333333,73.33333333333334,False,reject,False
07-016-1440-02-2005,Markham Park Elem School,IL,MARKHAM,141815,Elmwood Park High School,ELMWOOD PARK,70.83333333333333,70.83333333333333,False,reject,False
07-016-1440-02-2007,Nob Hill Elem School,IL,COUNTRY CLUB HILLS,141820,El Paso HS,EL PASO,71.7948717948718,71.7948717948718,False,reject,False
07-016-1440-02-1002,Prairie-Hills Junior High School,IL,MARKHAM,143859,West Prairie High School,SCIOTA,88.37209302325581,67.85714285714286,False,review,True
07-016-1440-02-2011,Prairie-Hills STEAM Academy,IL,MARKHAM,140652,Cs Academy,CHICAGO,82.35294117647058,48.64864864864865,False,reject,False
09-010-1970-04-1001,Prairieview-Ogden Jr High Sch,IL,THOMASBORO,141870,Prairie Central High School,FAIRBURY,67.85714285714286,57.14285714285714,False,reject,False
09-010-1970-04-2001,Prairieview-Ogden North Elem,IL,ROYAL,1556,North Park College,CHICAGO,60.869565217391305,52.17391304347826,False,reject,False
09-010-1970-04-2002,Prairieview-Ogden South Elem,IL,OGDEN,1077,Prairie State College,CHICAGO HTS,61.224489795918366,61.224489795918366,False,reject,False
28-006-1150-02-2007,Douglas Elementary School,IL,PRINCETON,141562,Douglas Macarthur High School,DECATUR,71.7948717948718,66.66666666666667,False,reject,False
28-006-1150-02-2005,Jefferson Elem School,IL,PRINCETON,141018,Nancy B Jefferson Alt School,CHICAGO,86.48648648648648,73.46938775510203,False,review,True
28-006-1150-02-2004,Lincoln Elem School,IL,PRINCETON,142625,Lincoln Community High School,LINCOLN,84.84848484848484,66.66666666666667,False,review,True
28-006-1150-02-1001,Logan Jr High School,IL,PRINCETON,141387,Bogan High School,CHICAGO,86.48648648648648,59.45945945945945,False,reject,False
28-006-5000-15-0001,Princeton High School,IL,PRINCETON,143560,Princeton High School,PRINCETON,100.0,100.0,True,auto_accept,False
48-072-3260-26-2004,Princeville Elem School,IL,PRINCEVILLE,143565,Princeville High School,PRINCEVILLE,87.8048780487805,82.6086956521739,True,review,True
48-072-3260-26-0005,Princeville High School,IL,PRINCEVILLE,143565,Princeville High School,PRINCEVILLE,100.0,100.0,True,auto_accept,False
47-098-0030-26-1004,PLT Middle School,IL,PROPHETSTOWN,140225,Beardstown Middle High School,BEARDSTOWN,86.66666666666667,56.52173913043479,False,reject,False
47-098-0030-26-2006,Prophetstown Elem School,IL,PROPHETSTOWN,143570,Prophetstown High School,PROPHETSTOWN,88.37209302325581,83.33333333333334,True,auto_accept,False
47-098-0030-26-0001,Prophetstown High School,IL,PROPHETSTOWN,143570,Prophetstown High School,PROPHETSTOWN,100.0,100.0,True,auto_accept,False
47-098-0030-26-2005,Tampico Elem School,IL,TAMPICO,141844,Cove School,NORTHBROOK,70.58823529411765,53.333333333333336,False,reject,False
05-016-0230-02-2005,Anne Sullivan Elem School,IL,PROSPECT HEIGHTS,144055,Sullivan High School,SULLIVAN,85.71428571428571,71.11111111111111,False,review,True
05-016-0230-02-2004,Betsy Ross Elem School,IL,PROSPECT HEIGHTS,141844,Cove School,NORTHBROOK,70.58823529411765,48.484848484848484,False,reject,False
05-016-0230-02-2001,Dwight D Eisenhower Elem School,IL,PROSPECT HEIGHTS,140345,Dwight D Eisenhower HS,BLUE ISLAND,91.2280701754386,87.09677419354838,False,auto_accept,False
05-016-0230-02-1002,MacArthur Middle School,IL,PROSPECT HEIGHTS,140108,Middle Fork School,DANVILLE,83.87096774193549,73.17073170731707,False,review,True
06-016-2090-17-0001,Proviso East High School,IL,MAYWOOD,143700,East High School,ROCKFORD,100.0,80.0,False,review,True
06-016-2090-17-0003,Proviso Math and Science Academy,IL,FOREST PARK,141939,Proviso Math & Science Academy,FOREST PARK,100.0,100.0,True,auto_accept,False
06-016-2090-17-0002,Proviso West High School,IL,HILLSIDE,142286,Proviso West High School,HILLSIDE,100.0,100.0,True,auto_accept,False
35-078-5350-26-2006,Putnam Co Primary Sch,IL,GRANVILLE,142130,Putnam County High School,GRANVILLE,65.21739130434783,65.21739130434783,True,reject,False
35-078-5350-26-2004,Putnam County Elem School,IL,HENNEPIN,142130,Putnam County High School,GRANVILLE,88.88888888888889,84.0,False,review,True
35-078-5350-26-0002,Putnam County High School,IL,GRANVILLE,142130,Putnam County High School,GRANVILLE,100.0,100.0,True,auto_accept,False
35-078-5350-26-1001,Putnam County Jr High School,IL,MC NABB,142130,Putnam County High School,GRANVILLE,100.0,94.33962264150944,False,auto_accept,False
19-022-0160-02-2001,Americana Elementary School,IL,GLENDALE HEIGHTS,140650,American School,LANSING,71.42857142857143,71.42857142857143,False,reject,False
19-022-0160-02-2005,Glen Hill Elementary School,IL,GLENDALE HEIGHTS,140400,Red Hill High School,BRIDGEPORT,70.96774193548387,55.319148936170215,False,reject,False
19-022-0160-02-1004,Glenside Middle School,IL,GLENDALE HEIGHTS,140108,Middle Fork School,DANVILLE,83.87096774193549,70.0,False,review,True
19-022-0160-02-3001,Queen Bee School,IL,GLENDALE HEIGHTS,143234,Queen of Peace HS,BURBANK,85.71428571428571,71.42857142857143,False,review,True
01-001-1720-22-2006,Colonel George Iles Elementary School,IL,QUINCY,141844,Cove School,NORTHBROOK,70.58823529411765,41.666666666666664,False,reject,False
01-001-1720-22-2017,Dr. Abby Fox Rooney Elementary School,IL,QUINCY,141844,Cove School,NORTHBROOK,70.58823529411765,38.297872340425535,False,reject,False
01-001-1720-22-3004,Early Childhood,IL,QUINCY,144325,Waverly High School,WAVERLY,58.8235294117647,58.82352941176471,False,reject,False
01-001-1720-22-2016,Lincoln-Douglas Elementary School,IL,QUINCY,141100,Lincoln Park High School,CHICAGO,73.6842105263158,56.14035087719298,False,reject,False
01-001-1720-22-1003,Quincy Jr High School,IL,QUINCY,143575,Quincy Notre Dame High School,QUINCY,92.3076923076923,80.0,True,auto_accept,False
01-001-1720-22-0003,Quincy Sr High School,IL,QUINCY,143575,Quincy Notre Dame High School,QUINCY,92.3076923076923,72.0,True,review,True
01-001-1720-22-2004,Sarah Atwater Denman Elementary School,IL,QUINCY,141844,Cove School,NORTHBROOK,70.58823529411765,32.6530612244898,False,reject,False
01-001-1720-22-2009,Thomas S Baldwin Elementary School,IL,QUINCY,141844,Cove School,NORTHBROOK,70.58823529411765,35.55555555555555,False,reject,False
33-048-2080-26-2001,R O W V A  Elem School,IL,ONEIDA,141844,Cove School,NORTHBROOK,70.58823529411765,50.0,False,reject,False
33-048-2080-26-0001,R O W V A Jr and  Sr High School,IL,ONEIDA,142390,Joppa Jr & Sr High School,JOPPA,87.5,79.3103448275862,False,review,True
13-058-0010-03-2001,Raccoon Cons Elem School,IL,CENTRALIA,141844,Cove School,NORTHBROOK,70.58823529411765,57.14285714285714,False,reject,False
03-026-2040-26-2001,Ramsey Elem School,IL,RAMSEY,143590,Ramsey High School,RAMSEY,83.87096774193549,77.77777777777779,True,review,True
03-026-2040-26-0002,Ramsey High School,IL,RAMSEY,143590,Ramsey High School,RAMSEY,100.0,100.0,True,auto_accept,False
53-090-0980-02-2001,Rankin Elem School,IL,PEKIN,141955,Franklin Center HS,FRANKLIN GROVE,71.11111111111111,71.11111111111111,False,reject,False
09-010-1370-02-2001,Broadmeadow Elem School,IL,RANTOUL,141844,Cove School,NORTHBROOK,70.58823529411765,52.94117647058824,False,reject,False
09-010-1370-02-3002,Early Childhood Center,IL,RANTOUL,140228,Peace Center,DOLTON,66.66666666666666,52.94117647058824,False,reject,False
09-010-1370-02-2002,Eastlawn Elem School,IL,RANTOUL,142540,Eastland High School,LANARK,75.0,75.0,False,reject,False
09-010-1370-02-1003,J W Eater Jr High School,IL,RANTOUL,140945,Leo High School,CHICAGO,84.61538461538461,61.53846153846154,False,reject,False
09-010-1370-02-2006,Northview Elem School,IL,RANTOUL,141844,Cove School,NORTHBROOK,70.58823529411765,62.5,False,reject,False
09-010-1370-02-2007,Pleasant Acres Elem School,IL,RANTOUL,143510,Pleasant Hill High School,PLEASANT HILL,75.0,70.58823529411764,False,reject,False
09-010-1930-17-0001,Rantoul Twp High School,IL,RANTOUL,143600,Rantoul Township High School,RANTOUL,90.47619047619048,90.19607843137256,True,auto_accept,False
07-016-2200-17-0001,Reavis High School,IL,BURBANK,143235,Reavis High School,BURBANK,100.0,100.0,True,auto_accept,False
45-079-1320-26-2002,Red Bud Elem School,IL,RED BUD,143610,Red Bud Community High School,RED BUD,84.84848484848484,66.66666666666667,True,review,True
45-079-1320-26-0001,Red Bud High School,IL,RED BUD,143610,Red Bud Community High School,RED BUD,100.0,79.16666666666666,True,review,True
12-051-0100-26-2005,Bridgeport Grade School,IL,BRIDGEPORT,141844,Cove School,NORTHBROOK,70.58823529411765,52.94117647058824,False,reject,False
12-051-0100-26-0001,Red Hill Jr/Sr High School,IL,BRIDGEPORT,140400,Red Hill High School,BRIDGEPORT,100.0,86.95652173913044,True,auto_accept,False
12-051-0100-26-2008,Sumner Attendance Center,IL,SUMNER,140228,Peace Center,DOLTON,66.66666666666666,44.44444444444444,False,reject,False
56-099-255U-26-2001,Reed-Custer Elementary School,IL,BRAIDWOOD,140385,Reed-Custer High School,BRAIDWOOD,87.8048780487805,73.07692307692308,True,review,True
56-099-255U-26-0001,Reed-Custer High School,IL,BRAIDWOOD,140385,Reed-Custer High School,BRAIDWOOD,100.0,100.0,True,auto_accept,False
56-099-255U-26-1001,Reed-Custer Middle School,IL,BRAIDWOOD,140385,Reed-Custer High School,BRAIDWOOD,87.8048780487805,83.33333333333334,True,review,True
06-016-0845-02-2001,Rhodes Elem School,IL,RIVER GROVE,141844,Cove School,NORTHBROOK,70.58823529411765,62.06896551724138,False,reject,False
07-016-2270-17-0002,Rich Township High School,IL,OLYMPIA FIELDS,140105,Armstrong Township High School,ARMSTRONG,88.88888888888889,72.72727272727273,False,review,True
12-080-0010-26-3001,Richland County Early Childhood Ctr,IL,OLNEY,143290,Richland County High School,OLNEY,71.42857142857143,51.61290322580645,True,reject,False
12-080-0010-26-2008,Richland County Elementary School,IL,OLNEY,143290,Richland County High School,OLNEY,89.79591836734694,76.66666666666666,True,review,True
12-080-0010-26-0001,Richland County High School,IL,OLNEY,143290,Richland County High School,OLNEY,100.0,100.0,True,auto_accept,False
12-080-0010-26-1002,Richland County Middle School,IL,OLNEY,143290,Richland County High School,OLNEY,89.79591836734694,85.71428571428572,True,auto_accept,False
56-099-088A-02-2001,Richland Elem School,IL,CREST HILL,143290,Richland County High School,OLNEY,85.71428571428571,68.08510638297872,False,review,True
44-063-1570-16-0001,Richmond-Burton High School,IL,RICHMOND,143630,Richmond-Burton Community HS,RICHMOND,100.0,84.375,True,auto_accept,False
07-016-1220-02-2001,Columbus Manor Elem School,IL,OAK LAWN,141844,Cove School,NORTHBROOK,70.58823529411765,54.054054054054056,False,reject,False
07-016-1220-02-2002,Ernest F Kolb Elem School,IL,OAK LAWN,141844,Cove School,NORTHBROOK,70.58823529411765,44.44444444444444,False,reject,False
07-016-1220-02-2004,George W Lieb Elem School,IL,BRIDGEVIEW,141844,Cove School,NORTHBROOK,70.58823529411765,50.0,False,reject,False
07-016-1220-02-2003,Harnew Elem School,IL,OAK LAWN,141844,Cove School,NORTHBROOK,70.58823529411765,55.172413793103445,False,reject,False
07-016-1220-02-1005,Simmons Middle School,IL,OAK LAWN,140108,Middle Fork School,DANVILLE,83.87096774193549,66.66666666666667,False,review,True
17-064-0190-26-2002,Ridgeview Elementary School,IL,COLFAX,141460,Ridgeview High School,COLFAX,86.48648648648648,70.83333333333333,True,review,True
17-064-0190-26-0001,Ridgeview High School,IL,COLFAX,141460,Ridgeview High School,COLFAX,100.0,100.0,True,auto_accept,False
17-064-0190-26-1001,Ridgeview Jr High School,IL,COLFAX,141460,Ridgeview High School,COLFAX,100.0,93.33333333333333,True,auto_accept,False
06-016-2340-16-0001,Ridgewood Comm High School,IL,NORRIDGE,141097,Ridgewood High School,NORRIDGE,100.0,89.36170212765957,True,auto_accept,False
44-063-0180-04-2001,Riley Comm Cons School,IL,MARENGO,141844,Cove School,NORTHBROOK,70.58823529411765,60.60606060606061,False,reject,False
47-098-0020-26-3001,Early Step Pre-School,IL,FULTON,140624,Aspira Early College HS,CHICAGO,72.72727272727272,49.056603773584904,False,reject,False
47-098-0020-26-2005,Fulton Elem School,IL,FULTON,141980,Fulton High School,FULTON,83.87096774193549,72.22222222222221,True,review,True
47-098-0020-26-0001,Fulton High School,IL,FULTON,141980,Fulton High School,FULTON,100.0,100.0,True,auto_accept,False
47-098-0020-26-1002,River Bend Middle School,IL,FULTON,140108,Middle Fork School,DANVILLE,83.87096774193549,66.66666666666667,False,review,True
06-016-0900-02-2001,Lincoln Elem School,IL,RIVER FOREST,142625,Lincoln Community High School,LINCOLN,84.84848484848484,66.66666666666667,False,review,True
06-016-0900-02-1002,Roosevelt School,IL,RIVER FOREST,143717,Roosevelt Cmty Educ Ctr Alt HS,ROCKFORD,100.0,58.18181818181818,False,reject,False
06-016-0900-02-2005,Willard Elem School,IL,RIVER FOREST,143708,Mill School,ROCKFORD,73.33333333333333,53.333333333333336,False,reject,False
06-016-0855-02-2001,River Grove Elem School,IL,RIVER GROVE,141778,Elk Grove High School,ELK GROVE VLG,77.27272727272728,77.27272727272727,False,reject,False
08-043-2100-26-2003,River Ridge Elementary School,IL,HANOVER,141775,River Ridge Sch Elizabeth Sch,HANOVER,74.07407407407408,68.96551724137932,True,reject,False
08-043-2100-26-0002,River Ridge High School,IL,HANOVER,141519,Prairie Ridge High School,CRYSTAL LAKE,87.5,79.16666666666666,False,review,True
08-043-2100-26-1001,River Ridge Middle School,IL,HANOVER,140108,Middle Fork School,DANVILLE,83.87096774193549,60.46511627906976,False,reject,False
05-016-0260-02-2001,Euclid Elem School,IL,MOUNT PROSPECT,141844,Cove School,NORTHBROOK,70.58823529411765,55.172413793103445,False,reject,False
05-016-0260-02-2003,Indian Grove Elem School,IL,MOUNT PROSPECT,141778,Elk Grove High School,ELK GROVE VLG,75.55555555555556,75.55555555555556,False,reject,False
05-016-0260-02-2004,Prairie Trails School,IL,MT PROSPECT,140455,Bushnell Prairie City HS,BUSHNELL,80.0,51.85185185185186,False,reject,False
05-016-0260-02-1006,River Trails Middle School,IL,MOUNT PROSPECT,140108,Middle Fork School,DANVILLE,83.87096774193549,59.09090909090908,False,reject,False
49-081-1000-26-2007,Riverdale Elem School,IL,PORT BYRON,143540,Riverdale Senior High School,PORT BYRON,86.48648648648648,69.38775510204081,True,review,True
49-081-1000-26-1002,Riverdale Middle School,IL,PORT BYRON,140108,Middle Fork School,DANVILLE,83.87096774193549,63.41463414634146,False,reject,False
49-081-1000-26-0001,Riverdale Sr High School,IL,PORT BYRON,143540,Riverdale Senior High School,PORT BYRON,93.33333333333333,92.3076923076923,True,auto_accept,False
06-016-0960-02-2001,A F Ames Elem School,IL,RIVERSIDE,141844,Cove School,NORTHBROOK,70.58823529411765,51.61290322580645,False,reject,False
06-016-0960-02-2002,Blythe Park Elem School,IL,RIVERSIDE,141844,Cove School,NORTHBROOK,70.58823529411765,47.05882352941176,False,reject,False
06-016-0960-02-2003,Central Elem School,IL,RIVERSIDE,140115,A-C Central High School,ASHLAND,84.84848484848484,71.42857142857143,False,review,True
06-016-0960-02-2005,Hollywood Elem School,IL,BROOKFIELD,141844,Cove School,NORTHBROOK,70.58823529411765,50.0,False,reject,False
06-016-0960-02-1004,L J Hauser Jr High School,IL,RIVERSIDE,140945,Leo High School,CHICAGO,84.61538461538461,65.0,False,review,True
06-016-2080-17-0001,Riverside Brookfield Twp HS,IL,RIVERSIDE,143655,Riverside-Brookfield HS,RIVERSIDE,100.0,94.11764705882352,True,auto_accept,False
51-084-0140-26-2003,Riverton Elem School,IL,RIVERTON,143660,Riverton High School,RIVERTON,85.71428571428571,80.0,True,review,True
51-084-0140-26-0001,Riverton High School,IL,RIVERTON,143660,Riverton High School,RIVERTON,100.0,100.0,True,auto_accept,False
51-084-0140-26-1001,Riverton Middle School,IL,RIVERTON,143660,Riverton High School,RIVERTON,85.71428571428571,80.95238095238095,True,review,True
53-102-0020-04-2001,Riverview Elem School,IL,EAST PEORIA,141460,Ridgeview High School,COLFAX,71.42857142857143,71.42857142857143,False,reject,False
53-102-0600-26-0001,Roanoke-Benson High School,IL,ROANOKE,143665,Roanoke-Benson High School,ROANOKE,100.0,100.0,True,auto_accept,False
53-102-0600-26-1002,Roanoke-Benson Jr High School,IL,BENSON,143665,Roanoke-Benson High School,ROANOKE,100.0,94.54545454545455,False,auto_accept,False
53-102-0600-26-2003,Sowers Elementary School,IL,ROANOKE,141844,Cove School,NORTHBROOK,70.58823529411765,45.714285714285715,False,reject,False
53-090-0850-02-2001,Robein Elem School,IL,EAST PEORIA,141778,Elk Grove High School,ELK GROVE VLG,71.7948717948718,71.7948717948718,False,reject,False
12-017-0020-26-2004,Lincoln Elementary School,IL,ROBINSON,141100,Lincoln Park High School,CHICAGO,73.6842105263158,61.224489795918366,False,reject,False
12-017-0020-26-1005,Nuttall Middle School,IL,ROBINSON,140108,Middle Fork School,DANVILLE,83.87096774193549,66.66666666666667,False,review,True
12-017-0020-26-0001,Robinson High School,IL,ROBINSON,143675,Robinson High School,ROBINSON,100.0,100.0,True,auto_accept,False
12-017-0020-26-2007,Washington Elem School,IL,ROBINSON,140842,George Washington High School,CHICAGO,87.17948717948718,78.43137254901961,False,review,True
47-071-2310-04-2001,Central Elem School,IL,ROCHELLE,140115,A-C Central High School,ASHLAND,84.84848484848484,71.42857142857143,False,review,True
47-071-2310-04-2003,Lincoln Elem School,IL,ROCHELLE,142625,Lincoln Community High School,LINCOLN,84.84848484848484,66.66666666666667,False,review,True
47-071-2310-04-1002,Rochelle Middle School,IL,ROCHELLE,140108,Middle Fork School,DANVILLE,83.87096774193549,65.0,False,review,True
47-071-2310-04-2005,Tilton Elem School,IL,ROCHELLE,141844,Cove School,NORTHBROOK,70.58823529411765,55.172413793103445,False,reject,False
47-071-2120-17-0001,Rochelle Twp High School,IL,ROCHELLE,143680,Rochelle Township High School,ROCHELLE,90.9090909090909,90.56603773584906,True,auto_accept,False
51-084-003A-26-2005,Rochester Elem 2-3,IL,ROCHESTER,143685,Rochester High School,ROCHESTER,66.66666666666666,51.28205128205128,True,reject,False
51-084-003A-26-2003,Rochester Elem EC-1 Sch,IL,ROCHESTER,143685,Rochester High School,ROCHESTER,63.63636363636363,63.63636363636363,True,reject,False
51-084-003A-26-0001,Rochester High School,IL,ROCHESTER,143685,Rochester High School,ROCHESTER,100.0,100.0,True,auto_accept,False
51-084-003A-26-2004,Rochester Intermediate School,IL,ROCHESTER,143685,Rochester High School,ROCHESTER,86.48648648648648,72.0,True,review,True
51-084-003A-26-1002,Rochester Jr High School,IL,ROCHESTER,143685,Rochester High School,ROCHESTER,100.0,93.33333333333333,True,auto_accept,False
47-098-0130-02-2001,Dillon Elementary School,IL,ROCK FALLS,141844,Cove School,NORTHBROOK,70.58823529411765,51.42857142857142,False,reject,False
47-098-0130-02-2002,Merrill Elem School,IL,ROCK FALLS,143708,Mill School,ROCKFORD,73.33333333333333,73.33333333333334,False,reject,False
47-098-0130-02-3001,Riverdale PreSchool Center,IL,ROCK FALLS,140228,Peace Center,DOLTON,66.66666666666666,57.89473684210527,False,reject,False
47-098-0130-02-1004,Rock Falls Middle School,IL,ROCK FALLS,140108,Middle Fork School,DANVILLE,83.87096774193549,71.42857142857143,False,review,True
47-098-3010-17-0001,Rock Falls Township High School,IL,ROCK FALLS,143690,Rock Falls Township HS,ROCK FALLS,100.0,100.0,True,auto_accept,False
49-081-0410-25-2007,Denkmann Elem School,IL,ROCK ISLAND,141844,Cove School,NORTHBROOK,70.58823529411765,51.61290322580645,False,reject,False
49-081-0410-25-2008,Earl H Hanson Elem School,IL,ROCK ISLAND,141844,Cove School,NORTHBROOK,70.58823529411765,44.44444444444444,False,reject,False
49-081-0410-25-1003,Edison Jr High School,IL,ROCK ISLAND,140945,Leo High School,CHICAGO,84.61538461538461,66.66666666666667,False,review,True
49-081-0410-25-2009,Eugene Field Elem School,IL,ROCK ISLAND,140192,Eugene Field School,NORMAL,100.0,88.37209302325581,False,auto_accept,False
49-081-0410-25-2010,Frances Willard Elem School,IL,ROCK ISLAND,141844,Cove School,NORTHBROOK,70.58823529411765,47.36842105263158,False,reject,False
49-081-0410-25-3007,Horace Mann ELC,IL,ROCK ISLAND,1567,Natl C Chiropractic,LOMBARD,52.94117647058823,52.94117647058824,False,reject,False
49-081-0410-25-2015,Longfellow Elem School,IL,ROCK ISLAND,141844,Cove School,NORTHBROOK,70.58823529411765,54.54545454545454,False,reject,False
49-081-0410-25-2021,RICMS,IL,ROCK ISLAND,140650,American School,LANSING,40.0,40.0,False,reject,False
49-081-0410-25-2016,Ridgewood Elem School,IL,ROCK ISLAND,141097,Ridgewood High School,NORRIDGE,86.48648648648648,80.95238095238095,False,review,True
49-081-0410-25-2020,Rock Island Academy,IL,ROCK ISLAND,140652,Cs Academy,CHICAGO,82.35294117647058,62.06896551724138,False,reject,False
49-081-0410-25-0001,Rock Island High School,IL,ROCK ISLAND,143725,Rock Island High School,ROCK ISLAND,100.0,100.0,True,auto_accept,False
49-081-0410-25-2017,Thomas Jefferson Elem School,IL,MILAN,143712,Thomas Jefferson High School,ROCKFORD,90.19607843137254,85.71428571428572,False,auto_accept,False
49-081-0410-25-1005,Washington Jr High School,IL,ROCK ISLAND,140842,George Washington High School,CHICAGO,93.61702127659575,81.4814814814815,False,review,True
56-099-0840-02-2001,Rockdale Elem School,IL,ROCKDALE,140046,Allendale School,LAKE VILLA,72.22222222222223,72.22222222222221,False,reject,False
04-101-2050-25-1009,Abraham Lincoln Middle School,IL,ROCKFORD,140108,Middle Fork School,DANVILLE,83.87096774193549,63.829787234042556,False,reject,False
04-101-2050-25-2027,Arthur Froberg Elem School,IL,ROCKFORD,140112,Arthur Christian School,ARTHUR,72.22222222222223,61.224489795918366,False,reject,False
04-101-2050-25-0001,Auburn High School,IL,ROCKFORD,143693,Auburn High School,ROCKFORD,100.0,100.0,True,auto_accept,False
04-101-2050-25-2014,Barbour Two-Way Lang Immersion,IL,ROCKFORD,140029,Pathways In Educ - Ashburn,CHICAGO,51.851851851851855,51.85185185185186,False,reject,False
04-101-2050-25-1008,Bernard W Flinn Middle School,IL,ROCKFORD,140108,Middle Fork School,DANVILLE,83.87096774193549,63.829787234042556,False,reject,False
04-101-2050-25-3080,Beyer Early Childhood Center,IL,ROCKFORD,140228,Peace Center,DOLTON,66.66666666666666,44.99999999999999,False,reject,False
04-101-2050-25-2018,Brookview Elem School,IL,ROCKFORD,141844,Cove School,NORTHBROOK,70.58823529411765,62.5,False,reject,False
04-101-2050-25-2017,C Henry Bloom Elem School,IL,ROCKFORD,141390,Bloom High School,CHICAGO HTS,82.75862068965517,66.66666666666667,False,review,True
04-101-2050-25-2067,Cherry Valley Elementary School,IL,ROCKFORD,142374,Liberty Valley School,JOLIET,76.47058823529412,69.23076923076923,False,reject,False
04-101-2050-25-2019,Clifford P Carlson Elem School,IL,ROCKFORD,141844,Cove School,NORTHBROOK,70.58823529411765,48.78048780487805,False,reject,False
04-101-2050-25-2022,Conklin Elem School,IL,ROCKFORD,141844,Cove School,NORTHBROOK,70.58823529411765,66.66666666666667,False,reject,False
04-101-2050-25-2040,Constance Lane Elementary School,IL,ROCKFORD,141844,Cove School,NORTHBROOK,70.58823529411765,46.51162790697675,False,reject,False
04-101-2050-25-1006,Eisenhower Middle School,IL,ROCKFORD,141558,Eisenhower High School,DECATUR,87.17948717948718,82.6086956521739,False,review,True
04-101-2050-25-2024,Ellis Elementary School,IL,ROCKFORD,141844,Cove School,NORTHBROOK,70.58823529411765,47.05882352941176,False,reject,False
04-101-2050-25-3073,Fairview Early Childhood Center,IL,ROCKFORD,140228,Peace Center,DOLTON,66.66666666666666,46.51162790697675,False,reject,False
04-101-2050-25-202C,Galapagos Rockford Charter Sch,IL,ROCKFORD,140072,Ybmc Charter Sch,NORMAL,81.48148148148148,52.17391304347826,False,reject,False
04-101-2050-25-2029,Gregory Elem School,IL,ROCKFORD,141165,Saint Gregory High School,CHICAGO,84.84848484848484,68.29268292682926,False,review,True
04-101-2050-25-0003,Guilford High School,IL,ROCKFORD,143703,Guilford High School,ROCKFORD,100.0,100.0,True,auto_accept,False
04-101-2050-25-2034,Haskell Elementary School,IL,ROCKFORD,141844,Cove School,NORTHBROOK,70.58823529411765,44.44444444444444,False,reject,False
04-101-2050-25-203C,Jackson Charter School,IL,ROCKFORD,140648,Ace Tech Charter HS,CHICAGO,77.77777777777777,60.0,False,reject,False
04-101-2050-25-0004,Jefferson High School,IL,ROCKFORD,143712,Thomas Jefferson High School,ROCKFORD,100.0,85.71428571428572,True,auto_accept,False
04-101-2050-25-2041,Julia Lathrop Elem School,IL,ROCKFORD,141844,Cove School,NORTHBROOK,70.58823529411765,44.44444444444444,False,reject,False
04-101-2050-25-1010,Kennedy Middle School,IL,ROCKFORD,140108,Middle Fork School,DANVILLE,83.87096774193549,76.92307692307692,False,review,True
04-101-2050-25-201C,Legacy Acad of Excellence Charter Sch,IL,ROCKFORD,143731,Legacy Acad Excellence Charter,ROCKFORD,100.0,89.55223880597015,True,auto_accept,False
04-101-2050-25-2084,Lewis Lemon Elementary,IL,ROCKFORD,1430,Lewis And Clark Cmty College,GODFREY,52.0,52.0,False,reject,False
04-101-2050-25-2039,Maud E Johnson Elem School,IL,ROCKFORD,141844,Cove School,NORTHBROOK,70.58823529411765,43.24324324324324,False,reject,False
04-101-2050-25-2043,McIntosh Elementary,IL,ROCKFORD,140664,Comm Youth Development Inst,CHICAGO,52.17391304347826,52.17391304347826,False,reject,False
04-101-2050-25-2085,Montessori Elementary School,IL,ROCKFORD,141844,Cove School,NORTHBROOK,70.58823529411765,46.15384615384615,False,reject,False
04-101-2050-25-2063,R K Welsh Elem School,IL,ROCKFORD,141844,Cove School,NORTHBROOK,70.58823529411765,50.0,False,reject,False
04-101-2050-25-2051,Riverdahl Elem School,IL,ROCKFORD,141844,Cove School,NORTHBROOK,70.58823529411765,56.25,False,reject,False
04-101-2050-25-0002,Rockford East High School,IL,ROCKFORD,143700,East High School,ROCKFORD,100.0,78.04878048780488,True,review,True
04-101-2050-25-2086,Rockford Envrnmntl Science Acad,IL,ROCKFORD,1665,Rockford College,ROCKFORD,66.66666666666666,46.808510638297875,True,reject,False
04-101-2050-25-2054,Rolling Green,IL,ROCKFORD,143736,Rolling Meadows High School,ROLLING MEADOWS,70.0,50.0,False,reject,False
04-101-2050-25-3075,Roosevelt Center,IL,ROCKFORD,1666,Roosevelt University,CHICAGO,72.22222222222223,50.0,False,reject,False
04-101-2050-25-2056,Spring Creek Elem School,IL,ROCKFORD,140033,Living Free School,CHICAGO,71.42857142857143,57.14285714285714,False,reject,False
04-101-2050-25-3078,Summerdale Early Childhood Center,IL,ROCKFORD,140228,Peace Center,DOLTON,66.66666666666666,44.44444444444444,False,reject,False
04-101-2050-25-2037,Swan Hillman Elem School,IL,ROCKFORD,141844,Cove School,NORTHBROOK,70.58823529411765,45.714285714285715,False,reject,False
04-101-2050-25-2078,Thurgood Marshall Elementary,IL,ROCKFORD,140317,Thurgood Marshall Alt High Sch,CHICAGO,75.55555555555556,68.96551724137932,False,reject,False
04-101-2050-25-2087,Thurgood Marshall School,IL,ROCKFORD,140317,Thurgood Marshall Alt High Sch,CHICAGO,82.92682926829268,77.77777777777779,False,review,True
04-101-2050-25-2080,Washington Elementary School,IL,ROCKFORD,140842,George Washington High School,CHICAGO,75.55555555555556,70.17543859649122,False,reject,False
04-101-2050-25-1001,West Middle School,IL,ROCKFORD,140225,Beardstown Middle High School,BEARDSTOWN,83.87096774193549,55.319148936170215,False,reject,False
04-101-2050-25-2064,West View Elem School,IL,ROCKFORD,143800,Saint Elmo High School,ST. ELMO,75.0,65.0,False,reject,False
04-101-2050-25-2066,Whitehead Elem School,IL,ROCKFORD,141844,Cove School,NORTHBROOK,70.58823529411765,50.0,False,reject,False
04-101-2050-25-3079,Wm Nashold Early Childhood Center,IL,ROCKFORD,140228,Peace Center,DOLTON,66.66666666666666,40.0,False,reject,False
49-081-3000-26-2003,Andalusia Elem School,IL,ANDALUSIA,141844,Cove School,NORTHBROOK,70.58823529411765,50.0,False,reject,False
49-081-3000-26-2005,Illinois City Elem School,IL,ILLINOIS CITY,991499,Illinois Home School,SPRINGFIELD,85.71428571428571,75.55555555555556,False,review,True
49-081-3000-26-0001,Rockridge High School,IL,TAYLOR RIDGE,144093,Rockridge High School,TAYLOR RIDGE,100.0,100.0,True,auto_accept,False
49-081-3000-26-1002,Rockridge Jr High School,IL,TAYLOR RIDGE,144093,Rockridge High School,TAYLOR RIDGE,100.0,93.33333333333333,True,auto_accept,False
49-081-3000-26-2006,Taylor Ridge Elem School,IL,TAYLOR RIDGE,141890,Blue Ridge High School,FARMER CITY,70.58823529411765,65.21739130434783,False,reject,False
04-101-1400-04-2001,Rockton Elem School,IL,ROCKTON,144030,Stockton High School,STOCKTON,71.7948717948718,41.02564102564102,False,reject,False
04-101-1400-04-1001,Stephen Mack Middle School,IL,ROCKTON,140108,Middle Fork School,DANVILLE,83.87096774193549,68.18181818181819,False,review,True
04-101-1400-04-2002,Whitman Post Elem School,IL,ROCKTON,141844,Cove School,NORTHBROOK,70.58823529411765,45.714285714285715,False,reject,False
13-041-0020-04-2001,Rome Comm Cons Elem School,IL,DIX,141844,Cove School,NORTHBROOK,70.58823529411765,54.054054054054056,False,reject,False
34-049-0720-02-2001,Rondout Elem School,IL,LAKE FOREST,141844,Cove School,NORTHBROOK,70.58823529411765,53.333333333333336,False,reject,False
17-053-4250-04-2001,Graymont Elem School,IL,GRAYMONT,141844,Cove School,NORTHBROOK,70.58823529411765,51.61290322580645,False,reject,False
19-022-0120-02-1005,Roselle Middle School,IL,ROSELLE,140108,Middle Fork School,DANVILLE,83.87096774193549,66.66666666666667,False,review,True
19-022-0120-02-2004,Spring Hills Elem School,IL,ROSELLE,141844,Cove School,NORTHBROOK,70.58823529411765,45.714285714285715,False,reject,False
06-016-0780-02-2001,Rosemont Elem School,IL,ROSEMONT,144155,Tremont High School,TREMONT,71.7948717948718,41.02564102564102,False,reject,False
54-092-0070-26-2001,Rossville-Alvin Elem School,IL,ROSSVILLE,143755,Rossville-Alvin HS,ROSSVILLE,89.79591836734694,85.18518518518519,True,auto_accept,False
34-049-1160-26-2002,Indian Hill Elem School,IL,ROUND LAKE HEIGHTS,143880,Indian Creek High School,SHABBONA,80.85106382978724,80.85106382978724,False,review,True
34-049-1160-26-1004,Magee Middle School,IL,ROUND LAKE,140108,Middle Fork School,DANVILLE,83.87096774193549,75.67567567567568,False,review,True
34-049-1160-26-2001,Raymond Ellis Elem School,IL,ROUND LAKE BEACH,141844,Cove School,NORTHBROOK,70.58823529411765,44.44444444444444,False,reject,False
34-049-1160-26-2004,Round Lake Beach Elem School,IL,ROUND LAKE BEACH,143760,Round Lake Senior High School,ROUND LAKE,75.55555555555556,66.66666666666667,False,reject,False
34-049-1160-26-1003,Round Lake Middle School,IL,ROUND LAKE HEIGHTS,140108,Middle Fork School,DANVILLE,83.87096774193549,71.42857142857143,False,review,True
34-049-1160-26-0006,Round Lake Senior High School,IL,ROUND LAKE,143760,Round Lake Senior High School,ROUND LAKE,100.0,100.0,True,auto_accept,False
34-049-1160-26-2006,Village Elementary School,IL,ROUND LAKE,140131,Kemmerer Village Campus School,ASSUMPTION,71.7948717948718,69.0909090909091,False,reject,False
34-049-1160-26-2005,W J Murphy Elem School,IL,ROUND LAKE PARK,141844,Cove School,NORTHBROOK,70.58823529411765,48.484848484848484,False,reject,False
41-057-0010-26-2004,Central Intermediate School,IL,ROXANA,140454,Central High School,BURLINGTON,84.84848484848484,69.56521739130434,False,review,True
41-057-0010-26-1001,Roxana Junior High School,IL,ROXANA,143765,Roxana Senior High School,ROXANA,92.0,72.0,True,review,True
41-057-0010-26-0001,Roxana Sr High School,IL,ROXANA,143765,Roxana Senior High School,ROXANA,92.3076923076923,91.30434782608697,True,auto_accept,False
41-057-0010-26-2006,South Primary School,IL,SOUTH ROXANA,141517,Crystal Lake South High School,CRYSTAL LAKE,75.0,64.0,False,reject,False
35-050-2300-04-2001,Rutland Elem School,IL,OTTAWA,141844,Cove School,NORTHBROOK,70.58823529411765,53.333333333333336,False,reject,False
13-058-6000-16-0001,Salem Community High School,IL,SALEM,143820,Salem Community High School,SALEM,100.0,100.0,True,auto_accept,False
13-058-1110-02-2005,Franklin Park Middle School,IL,SALEM,141950,Franklin High School,FRANKLIN,85.71428571428571,72.34042553191489,False,review,True
13-058-1110-02-2004,Hawthorn Elem School,IL,SALEM,141844,Cove School,NORTHBROOK,70.58823529411765,51.61290322580645,False,reject,False
19-022-0480-02-1003,John E Albright Middle School,IL,VILLA PARK,140108,Middle Fork School,DANVILLE,83.87096774193549,63.829787234042556,False,reject,False
19-022-0480-02-2001,Salt Creek Elem School,IL,ELMHURST,140197,Salt School,KANKAKEE,100.0,66.66666666666667,False,review,True
19-022-0480-02-2002,Stella May Swartz Elem School,IL,OAKBROOK TERRACE,141844,Cove School,NORTHBROOK,70.58823529411765,40.0,False,reject,False
54-092-5120-26-0001,Salt Fork High School,IL,CATLIN,140571,Salt Fork High School,CATLIN,100.0,100.0,True,auto_accept,False
54-092-5120-26-1001,Salt Fork Junior High School,IL,SIDELL,140571,Salt Fork High School,CATLIN,100.0,85.71428571428572,False,auto_accept,False
54-092-5120-26-2001,Salt Fork North Elementary School,IL,CATLIN,140197,Salt School,KANKAKEE,100.0,50.0,False,reject,False
54-092-5120-26-2002,Salt Fork South Elementary School,IL,SIDELL,140197,Salt School,KANKAKEE,100.0,50.0,False,reject,False
13-058-5010-26-2002,Sandoval Elem School,IL,SANDOVAL,143825,Sandoval Senior High School,SANDOVAL,85.71428571428571,68.08510638297872,True,review,True
13-058-5010-26-1002,Sandoval Jr High School,IL,SANDOVAL,143825,Sandoval Senior High School,SANDOVAL,93.02325581395348,80.0,True,auto_accept,False
13-058-5010-26-0001,Sandoval Sr High School,IL,SANDOVAL,143825,Sandoval Senior High School,SANDOVAL,93.02325581395348,92.0,True,auto_accept,False
07-016-1720-02-2001,Sandridge Elem School,IL,LYNWOOD,141844,Cove School,NORTHBROOK,70.58823529411765,50.0,False,reject,False
16-019-4300-26-2007,Herman E Dummer,IL,SANDWICH,141555,Schlarman Academy,DANVILLE,50.0,50.0,False,reject,False
16-019-4300-26-2003,Lynn G Haskin Elementary School,IL,SANDWICH,141844,Cove School,NORTHBROOK,70.58823529411765,38.095238095238095,False,reject,False
16-019-4300-26-2006,Prairie View Elem School,IL,SANDWICH,141870,Prairie Central High School,FAIRBURY,74.50980392156863,66.66666666666667,False,reject,False
16-019-4300-26-0001,Sandwich Community High School,IL,SANDWICH,140070,Antioch Community High School,ANTIOCH,91.52542372881356,71.1864406779661,False,review,True
16-019-4300-26-1001,Sandwich Middle School,IL,SANDWICH,140108,Middle Fork School,DANVILLE,83.87096774193549,65.0,False,review,True
16-019-4300-26-2004,W W Woodbury Elem School,IL,SANDWICH,141844,Cove School,NORTHBROOK,70.58823529411765,45.714285714285715,False,reject,False
39-055-0090-26-0001,Sangamon Valley High School,IL,NIANTIC,143186,Sangamon Valley High School,NIANTIC,100.0,100.0,True,auto_accept,False
39-055-0090-26-2002,Sangamon Valley Intermediate School,IL,ILLIOPOLIS,143186,Sangamon Valley High School,NIANTIC,89.79591836734694,77.41935483870968,False,review,True
39-055-0090-26-1001,Sangamon Valley Middle School,IL,ILLIOPOLIS,143186,Sangamon Valley High School,NIANTIC,89.79591836734694,85.71428571428572,False,review,True
39-055-0090-26-2001,Sangamon Valley Primary School,IL,HARRISTOWN,143186,Sangamon Valley High School,NIANTIC,89.79591836734694,84.21052631578947,False,review,True
24-032-060C-04-2001,Saratoga Elem School,IL,MORRIS,141844,Cove School,NORTHBROOK,70.58823529411765,51.61290322580645,False,reject,False
17-053-4380-04-2001,Saunemin Elem School,IL,SAUNEMIN,141844,Cove School,NORTHBROOK,70.58823529411765,51.61290322580645,False,reject,False
08-043-2110-26-2001,Scales Mound Elem School,IL,SCALES MOUND,143855,Scales Mound High School,SCALES MOUND,88.37209302325581,83.33333333333334,True,auto_accept,False
08-043-2110-26-0002,Scales Mound High School,IL,SCALES MOUND,143855,Scales Mound High School,SCALES MOUND,100.0,100.0,True,auto_accept,False
08-043-2110-26-1001,Scales Mound Jr High School,IL,SCALES MOUND,143855,Scales Mound High School,SCALES MOUND,100.0,94.11764705882352,True,auto_accept,False
05-016-0540-04-2028,Adlai Stevenson Elem School,IL,ELK GROVE VILLAGE,143550,Adlai E Stevenson High School,LINCOLNSHIRE,89.79591836734694,85.71428571428572,False,review,True
05-016-0540-04-2023,Adolph Link Elem School,IL,ELK GROVE VILLAGE,141844,Cove School,NORTHBROOK,70.58823529411765,52.94117647058824,False,reject,False
05-016-0540-04-2026,Albert Einstein Elem School,IL,HANOVER PARK,141844,Cove School,NORTHBROOK,70.58823529411765,42.10526315789473,False,reject,False
05-016-0540-04-2011,Anne Fox Elem School,IL,HANOVER PARK,143785,Saint Anne Community HS,ST. ANNE,70.96774193548387,57.14285714285714,False,reject,False
05-016-0540-04-2002,Buzz Aldrin Elem School,IL,SCHAUMBURG,141844,Cove School,NORTHBROOK,70.58823529411765,47.05882352941176,False,reject,False
05-016-0540-04-2005,Campanelli Elem School,IL,SCHAUMBURG,141844,Cove School,NORTHBROOK,70.58823529411765,54.54545454545454,False,reject,False
05-016-0540-04-1018,Dwight D Eisenhower JHS,IL,HOFFMAN ESTATES,140345,Dwight D Eisenhower HS,BLUE ISLAND,90.47619047619048,81.4814814814815,False,review,True
05-016-0540-04-2031,Elizabeth Blackwell Elem School,IL,SCHAUMBURG,141844,Cove School,NORTHBROOK,70.58823529411765,42.85714285714286,False,reject,False
05-016-0540-04-2030,Enders-Salk Elem School,IL,SCHAUMBURG,141844,Cove School,NORTHBROOK,70.58823529411765,47.05882352941176,False,reject,False
05-016-0540-04-2008,Everett Dirksen Elementary Sch,IL,SCHAUMBURG,140333,Elim Christian Schl-Intensive,CRESTWOOD,54.23728813559322,54.23728813559322,False,reject,False
05-016-0540-04-2010,Fairview Elem School,IL,HOFFMAN ESTATES,141844,Cove School,NORTHBROOK,70.58823529411765,58.06451612903225,False,reject,False
05-016-0540-04-2029,Frederick Nerge Elem School,IL,ROSELLE,141844,Cove School,NORTHBROOK,70.58823529411765,47.36842105263158,False,reject,False
05-016-0540-04-2013,Hanover Highlands Elem School,IL,HANOVER PARK,141778,Elk Grove High School,ELK GROVE VLG,72.0,72.0,False,reject,False
05-016-0540-04-1020,Helen Keller JHS,IL,SCHAUMBURG,143996,Stelle Learning Center,STELLE,52.63157894736842,52.63157894736843,False,reject,False
05-016-0540-04-2027,Hoover Math and Science Academy,IL,SCHAUMBURG,141602,Science & Arts Academy,DES PLAINES,88.37209302325581,80.0,False,review,True
05-016-0540-04-1001,Jane Addams JHS,IL,SCHAUMBURG,140892,Jane Addams High School,CHICAGO,84.61538461538461,68.42105263157895,False,review,True
05-016-0540-04-2022,John Muir Literacy Academy,IL,HOFFMAN ESTATES,140652,Cs Academy,CHICAGO,82.35294117647058,50.0,False,reject,False
05-016-0540-04-2018,Lakeview Elem School,IL,HOFFMAN ESTATES,140930,Lake View High School,CHICAGO,78.04878048780488,58.53658536585367,False,reject,False
05-016-0540-04-2032,Lincoln Prairie School,IL,HOFFMAN ESTATES,141100,Lincoln Park High School,CHICAGO,78.26086956521739,78.26086956521739,False,reject,False
05-016-0540-04-2019,MacArthur International Spanish Academy,IL,HOFFMAN ESTATES,141005,Chicago International Academy,CHICAGO,84.0,61.76470588235294,False,reject,False
05-016-0540-04-1019,Margaret Mead JHS,IL,ELK GROVE VILLAGE,140189,Harvest Christian Learning Ctr,NORTH AURORA,46.808510638297875,46.808510638297875,False,reject,False
05-016-0540-04-2007,Michael Collins Elem School,IL,SCHAUMBURG,140841,Collins HS,CHICAGO,84.84848484848484,73.91304347826086,False,review,True
05-016-0540-04-2015,Nathan Hale Elem School,IL,SCHAUMBURG,141844,Cove School,NORTHBROOK,70.58823529411765,47.05882352941176,False,reject,False
05-016-0540-04-2003,Neil Armstrong Elem School,IL,HOFFMAN ESTATES,140105,Armstrong Township High School,ARMSTRONG,76.19047619047619,64.28571428571428,False,reject,False
05-016-0540-04-1012,Robert Frost JHS,IL,SCHAUMBURG,1670,Robert Morris College,CHICAGO,54.54545454545455,54.054054054054056,False,reject,False
05-016-0540-04-3111,The District 54 Early Learning Center,IL,SCHAUMBURG,143996,Stelle Learning Center,STELLE,81.08108108108108,61.01694915254237,False,reject,False
05-016-0540-04-2009,Thomas Dooley Elem School,IL,SCHAUMBURG,141844,Cove School,NORTHBROOK,70.58823529411765,50.0,False,reject,False
05-016-0540-04-2006,Winston Churchill Elem School,IL,SCHAUMBURG,141844,Cove School,NORTHBROOK,70.58823529411765,44.99999999999999,False,reject,False
06-016-0810-02-2001,John F Kennedy Elem School,IL,SCHILLER PARK,140897,John F Kennedy High School,CHICAGO,89.36170212765957,80.76923076923077,False,review,True
06-016-0810-02-1001,Lincoln Middle School,IL,SCHILLER PARK,140108,Middle Fork School,DANVILLE,83.87096774193549,76.92307692307692,False,review,True
06-016-0810-02-2003,Washington Elem School,IL,SCHILLER PARK,140842,George Washington High School,CHICAGO,87.17948717948718,78.43137254901961,False,review,True
26-085-0050-26-0001,Rushville-Industry High School,IL,RUSHVILLE,142340,Industry HS,INDUSTRY,100.0,80.0,False,review,True
26-085-0050-26-2004,Schuyler Industry Middle School,IL,RUSHVILLE,142340,Industry HS,INDUSTRY,85.71428571428571,58.82352941176471,False,reject,False
26-085-0050-26-2001,Washington Elem School,IL,RUSHVILLE,140842,George Washington High School,CHICAGO,87.17948717948718,78.43137254901961,False,review,True
26-085-0050-26-2002,Webster Elem School,IL,RUSHVILLE,140219,Western High School,BARRY,73.6842105263158,73.6842105263158,False,reject,False
01-086-0020-26-2001,Bluffs Elementary School,IL,BLUFFS,140360,Bluffs High School,BLUFFS,83.87096774193549,66.66666666666667,True,review,True
01-086-0020-26-0001,Bluffs High School,IL,BLUFFS,140360,Bluffs High School,BLUFFS,100.0,100.0,True,auto_accept,False
01-086-0020-26-1001,Bluffs Junior High School,IL,BLUFFS,140360,Bluffs High School,BLUFFS,100.0,83.72093023255813,True,auto_accept,False
19-022-0450-02-2001,Ardmore Elem School,IL,VILLA PARK,141844,Cove School,NORTHBROOK,70.58823529411765,60.0,False,reject,False
19-022-0450-02-3002,District 45 Early Childhood Center ,IL,VILLA PARK,140228,Peace Center,DOLTON,66.66666666666666,39.13043478260869,False,reject,False
19-022-0450-02-1006,Jackson Middle School,IL,VILLA PARK,140108,Middle Fork School,DANVILLE,83.87096774193549,76.92307692307692,False,review,True
19-022-0450-02-1007,Jefferson Middle School,IL,VILLA PARK,140108,Middle Fork School,DANVILLE,83.87096774193549,78.04878048780488,False,review,True
19-022-0450-02-2010,North Elem School,IL,VILLA PARK,140279,Belvidere North High School,BELVIDERE,82.75862068965517,72.72727272727273,False,review,True
19-022-0450-02-2011,Schafer Elem School,IL,LOMBARD,141844,Cove School,NORTHBROOK,70.58823529411765,60.0,False,reject,False
19-022-0450-02-2016,Stevenson School,IL,LOMBARD,143550,Adlai E Stevenson High School,LINCOLNSHIRE,100.0,71.11111111111111,False,review,True
19-022-0450-02-2013,Westmore Elem School,IL,LOMBARD,141844,Cove School,NORTHBROOK,70.58823529411765,51.61290322580645,False,reject,False
19-022-0450-02-2015,York Center Elem School,IL,LOMBARD,140125,Ashton Franklin Center HS,ASHTON,72.22222222222223,52.63157894736843,False,reject,False
31-045-0460-22-1003,Abbott Middle School,IL,ELGIN,140108,Middle Fork School,DANVILLE,83.87096774193549,78.94736842105263,False,review,True
31-045-0460-22-2009,Bartlett Elem School,IL,BARTLETT,140213,Bartlett High School,BARTLETT,85.71428571428571,80.0,True,review,True
31-045-0460-22-0004,Bartlett High School,IL,BARTLETT,140213,Bartlett High School,BARTLETT,100.0,100.0,True,auto_accept,False
31-045-0460-22-1045,Canton Middle School,IL,STREAMWOOD,140495,Canton High School,CANTON,83.87096774193549,78.94736842105263,False,review,True
31-045-0460-22-2047,Centennial School,IL,BARTLETT,140593,Centennial High School,CHAMPAIGN,100.0,87.17948717948718,False,auto_accept,False
31-045-0460-22-2010,Century Oaks Elem School,IL,ELGIN,144175,Century High School,ULLIN,84.84848484848484,69.76744186046511,False,review,True
31-045-0460-22-2011,Channing Memorial Elem School,IL,ELGIN,140305,Civic Memorial High School,BETHALTO,73.17073170731707,72.72727272727273,False,reject,False
31-045-0460-22-2012,Clinton Elem School,IL,SOUTH ELGIN,141440,Clinton Community High School,CLINTON,84.84848484848484,66.66666666666667,False,review,True
31-045-0460-22-2013,Coleman Elem School,IL,ELGIN,141844,Cove School,NORTHBROOK,70.58823529411765,66.66666666666667,False,reject,False
31-045-0460-22-2052,Creekside Elem,IL,ELGIN,140147,Lerna Bridges,LERNA,51.851851851851855,51.85185185185186,False,reject,False
31-045-0460-22-1004,Eastview Middle School,IL,BARTLETT,140108,Middle Fork School,DANVILLE,83.87096774193549,70.0,False,review,True
31-045-0460-22-0001,Elgin High School,IL,ELGIN,141770,Elgin High School,ELGIN,100.0,100.0,True,auto_accept,False
31-045-0460-22-1005,Ellis Middle School,IL,ELGIN,140108,Middle Fork School,DANVILLE,83.87096774193549,75.67567567567568,False,review,True
31-045-0460-22-2050,Fox Meadow Elementary School,IL,SOUTH ELGIN,141844,Cove School,NORTHBROOK,70.58823529411765,46.15384615384615,False,reject,False
31-045-0460-22-2017,Glenbrook Elem School,IL,STREAMWOOD,143214,Glenbrook Evening High School,GLENVIEW,86.48648648648648,76.0,False,review,True
31-045-0460-22-2019,Hanover Countryside Elem School,IL,STREAMWOOD,141844,Cove School,NORTHBROOK,70.58823529411765,52.38095238095239,False,reject,False
31-045-0460-22-2016,Harriet Gifford Elem School,IL,ELGIN,141844,Cove School,NORTHBROOK,70.58823529411765,47.36842105263158,False,reject,False
31-045-0460-22-2042,Heritage Elem School,IL,STREAMWOOD,143226,Heritage Christian School,FRANKFORT,85.71428571428571,71.11111111111111,False,review,True
31-045-0460-22-2020,Highland Elem School,IL,ELGIN,142275,Highland Park High School,HIGHLAND PARK,85.71428571428571,71.11111111111111,False,review,True
31-045-0460-22-2021,Hillcrest Elem School,IL,ELGIN,141493,Hillcrest High School,CNTRY CLB HLS,86.48648648648648,80.95238095238095,False,review,True
31-045-0460-22-2007,Hilltop Elementary School,IL,ELGIN,141844,Cove School,NORTHBROOK,70.58823529411765,44.44444444444444,False,reject,False
31-045-0460-22-2043,Horizon Elem School,IL,HANOVER PARK,143320,Orion High School,ORION,72.22222222222223,72.22222222222221,False,reject,False
31-045-0460-22-2022,Huff Elem School,IL,ELGIN,141844,Cove School,NORTHBROOK,70.58823529411765,59.25925925925925,False,reject,False
31-045-0460-22-1009,Kenyon Woods Middle School,IL,SOUTH ELGIN,140108,Middle Fork School,DANVILLE,83.87096774193549,68.18181818181819,False,review,True
31-045-0460-22-1006,Kimball Middle School,IL,ELGIN,140108,Middle Fork School,DANVILLE,83.87096774193549,76.92307692307692,False,review,True
31-045-0460-22-0002,Larkin High School,IL,ELGIN,141772,Larkin High School,ELGIN,100.0,100.0,True,auto_accept,False
31-045-0460-22-1007,Larsen Middle School,IL,ELGIN,140108,Middle Fork School,DANVILLE,83.87096774193549,78.94736842105263,False,review,True
31-045-0460-22-2024,Laurel Hill Elem School,IL,HANOVER PARK,140400,Red Hill High School,BRIDGEPORT,70.96774193548387,69.76744186046511,False,reject,False
31-045-0460-22-2054,Liberty Elem School,IL,BARTLETT,142374,Liberty Valley School,JOLIET,85.0,70.0,False,review,True
31-045-0460-22-2006,Lincoln Elementary School,IL,HOFFMAN ESTATES,141100,Lincoln Park High School,CHICAGO,73.6842105263158,61.224489795918366,False,reject,False
31-045-0460-22-2044,Lords Park Elem School,IL,ELGIN,141815,Elmwood Park High School,ELMWOOD PARK,73.91304347826087,73.91304347826086,False,reject,False
31-045-0460-22-2025,Lowrie Elem School,IL,ELGIN,141844,Cove School,NORTHBROOK,70.58823529411765,62.06896551724138,False,reject,False
31-045-0460-22-2026,McKinley Elem School,IL,ELGIN,142833,McKinley Libra,RIVERDALE,72.72727272727272,58.82352941176471,False,reject,False
31-045-0460-22-2053,Nature Ridge Elem School,IL,BARTLETT,141890,Blue Ridge High School,FARMER CITY,70.58823529411765,69.56521739130434,False,reject,False
31-045-0460-22-2027,Oakhill Elem School,IL,STREAMWOOD,143708,Mill School,ROCKFORD,73.33333333333333,73.33333333333334,False,reject,False
31-045-0460-22-2028,Ontarioville Elem School,IL,HANOVER PARK,141844,Cove School,NORTHBROOK,70.58823529411765,57.14285714285714,False,reject,False
31-045-0460-22-2056,Otter Creek Elem School,IL,ELGIN,141844,Cove School,NORTHBROOK,70.58823529411765,58.82352941176471,False,reject,False
31-045-0460-22-2029,Parkwood Elem School,IL,HANOVER PARK,141810,Elmwood High School,ELMWOOD,71.7948717948718,71.7948717948718,False,reject,False
31-045-0460-22-2048,Prairieview Elementary School,IL,BARTLETT,141844,Cove School,NORTHBROOK,70.58823529411765,44.99999999999999,False,reject,False
31-045-0460-22-2031,Ridge Circle Elem School,IL,STREAMWOOD,141890,Blue Ridge High School,FARMER CITY,70.58823529411765,69.56521739130434,False,reject,False
31-045-0460-22-2032,Ronald D O Neal,IL,ELGIN,143179,One World School,EAST MOLINE,51.61290322580645,51.61290322580645,False,reject,False
31-045-0460-22-0005,South Elgin High School,IL,SOUTH ELGIN,141770,Elgin High School,ELGIN,100.0,85.0,False,auto_accept,False
31-045-0460-22-2051,Spring Trail Elementary School,IL,CAROL STREAM,141844,Cove School,NORTHBROOK,70.58823529411765,39.02439024390244,False,reject,False
31-045-0460-22-0003,Streamwood High School,IL,STREAMWOOD,144038,Streamwood High School,STREAMWOOD,100.0,100.0,True,auto_accept,False
31-045-0460-22-2034,Sunnydale Elem School,IL,STREAMWOOD,140046,Allendale School,LAKE VILLA,75.67567567567568,54.054054054054056,False,reject,False
31-045-0460-22-2049,Sycamore Trails Elementary School,IL,BARTLETT,144065,Sycamore High School,SYCAMORE,85.71428571428571,60.37735849056604,False,reject,False
31-045-0460-22-1008,Tefft Middle School,IL,STREAMWOOD,140108,Middle Fork School,DANVILLE,83.87096774193549,70.27027027027026,False,review,True
31-045-0460-22-2008,Timber Trails Elementary School,IL,HOFFMAN ESTATES,141844,Cove School,NORTHBROOK,70.58823529411765,38.095238095238095,False,reject,False
31-045-0460-22-2036,Washington Elem School,IL,ELGIN,140842,George Washington High School,CHICAGO,87.17948717948718,78.43137254901961,False,review,True
31-045-0460-22-2037,Wayne Elem School,IL,WAYNE,144330,Wayne City High School,WAYNE CITY,82.75862068965517,66.66666666666667,False,review,True
31-045-0460-22-2038,Willard Elem School,IL,SOUTH ELGIN,143708,Mill School,ROCKFORD,73.33333333333333,53.333333333333336,False,reject,False
13-058-0100-04-2003,Selmaville Elem School,IL,SALEM,143900,Shelbyville High School,SHELBYVILLE,71.11111111111111,71.11111111111111,False,reject,False
35-050-1700-04-1001,Seneca Elem School South Campus,IL,SENECA,140118,South Campus,PALATINE,100.0,55.81395348837209,False,reject,False
35-050-1700-04-2001,Seneca Grade School North Campus,IL,SENECA,143865,Seneca High School,SENECA,83.87096774193549,64.0,True,reject,False
35-050-1600-17-0001,Seneca High School,IL,SENECA,143865,Seneca High School,SENECA,100.0,100.0,True,auto_accept,False
35-050-0020-26-2002,Harding Grade School,IL,EARLVILLE,142165,Gridley HS,GRIDLEY,76.92307692307692,76.92307692307692,False,reject,False
35-050-0020-26-0001,Serena High School,IL,SERENA,143870,Serena High School,SERENA,100.0,100.0,True,auto_accept,False
35-050-0020-26-1001,Serena Middle School,IL,SERENA,140108,Middle Fork School,DANVILLE,83.87096774193549,68.42105263157895,False,review,True
35-050-0020-26-2004,Sheridan Elem School,IL,SHERIDAN,140650,American School,LANSING,74.28571428571428,45.714285714285715,False,reject,False
21-028-1960-26-2001,Sesser-Valier Elem School,IL,SESSER,143875,Sesser-Valier High School,SESSER,88.88888888888889,84.0,True,auto_accept,False
21-028-1960-26-0001,Sesser-Valier High School,IL,SESSER,143875,Sesser-Valier High School,SESSER,100.0,100.0,True,auto_accept,False
21-028-1960-26-1001,Sesser-Valier Jr High School,IL,SESSER,143875,Sesser-Valier High School,SESSER,100.0,94.33962264150944,True,auto_accept,False
30-091-0840-26-2005,Shawnee Elementary School,IL,WOLF LAKE,144450,Shawnee High School,WOLF LAKE,84.84848484848484,68.18181818181819,True,review,True
30-091-0840-26-0001,Shawnee High School,IL,WOLF LAKE,144450,Shawnee High School,WOLF LAKE,100.0,100.0,True,auto_accept,False
30-091-0840-26-1002,Shawnee Jr High School,IL,WOLF LAKE,144450,Shawnee High School,WOLF LAKE,100.0,92.6829268292683,True,auto_accept,False
11-087-0040-26-2003,Main Street Elementary School,IL,SHELBYVILLE,141844,Cove School,NORTHBROOK,70.58823529411765,40.0,False,reject,False
11-087-0040-26-2002,Moulton Elementary School,IL,SHELBYVILLE,141844,Cove School,NORTHBROOK,70.58823529411765,44.44444444444444,False,reject,False
11-087-0040-26-0001,Shelbyville High School,IL,SHELBYVILLE,143900,Shelbyville High School,SHELBYVILLE,100.0,100.0,True,auto_accept,False
11-087-0040-26-2006,Shelbyville Kindergarten Center,IL,SHELBYVILLE,140149,Shelbyville Bridges,SHELBYVILLE,73.33333333333333,68.0,True,reject,False
49-081-2000-26-2003,Matherville Intermediate School,IL,MATHERVILLE,141844,Cove School,NORTHBROOK,70.58823529411765,42.85714285714286,False,reject,False
49-081-2000-26-2006,Sherrard Elementary School,IL,SHERRARD,143910,Sherrard High School,SHERRARD,85.71428571428571,69.56521739130434,True,review,True
49-081-2000-26-0001,Sherrard High School,IL,SHERRARD,143910,Sherrard High School,SHERRARD,100.0,100.0,True,auto_accept,False
49-081-2000-26-1001,Sherrard Jr High School,IL,SHERRARD,143910,Sherrard High School,SHERRARD,100.0,93.02325581395348,True,auto_accept,False
49-081-2000-26-2007,Winola Elementary School,IL,VIOLA,141844,Cove School,NORTHBROOK,70.58823529411765,45.714285714285715,False,reject,False
11-023-0010-26-2002,Shiloh Elementary School,IL,HUME,142318,Shiloh High School,HUME,83.87096774193549,66.66666666666667,True,review,True
11-023-0010-26-0001,Shiloh High School,IL,HUME,142318,Shiloh High School,HUME,100.0,100.0,True,auto_accept,False
50-082-0850-02-2001,Shiloh Elementary School,IL,SHILOH,142318,Shiloh High School,HUME,83.87096774193549,66.66666666666667,False,review,True
50-082-0850-02-1001,Shiloh Middle School,IL,SHILOH,140108,Middle Fork School,DANVILLE,83.87096774193549,68.42105263157895,False,review,True
04-101-1340-04-2001,Shirland C C School,IL,SHIRLAND,142264,Highlander School,HIGHLAND,76.47058823529412,38.888888888888886,False,reject,False
50-082-1810-02-2001,Signal Hill Elem School,IL,BELLEVILLE,143800,Saint Elmo High School,ST. ELMO,71.42857142857143,71.42857142857143,False,reject,False
49-081-0340-02-2003,George O Barr School,IL,SILVIS,140842,George Washington High School,CHICAGO,78.78787878787878,57.14285714285714,False,reject,False
49-081-0340-02-1001,Northeast Jr High School,IL,EAST MOLINE,140945,Leo High School,CHICAGO,84.61538461538461,66.66666666666667,False,review,True
05-016-0680-02-2001,Devonshire Elem School,IL,SKOKIE,141844,Cove School,NORTHBROOK,70.58823529411765,54.54545454545454,False,reject,False
05-016-0680-02-2005,Highland Elementary School,IL,SKOKIE,142265,Highland High School,HIGHLAND,85.71428571428571,69.56521739130434,False,review,True
05-016-0680-02-2004,Jane Stenson School,IL,SKOKIE,140156,Evanston Day School,GLENVIEW,73.6842105263158,47.36842105263158,False,reject,False
05-016-0680-02-1002,Old Orchard Jr High School,IL,SKOKIE,142770,Crab Orchard High School,MARION,88.37209302325581,76.0,False,review,True
05-016-0690-02-1003,Lincoln Jr High School,IL,SKOKIE,142625,Lincoln Community High School,LINCOLN,92.6829268292683,74.50980392156863,False,review,True
05-016-0690-02-2004,Madison Elem School,IL,SKOKIE,142715,Madison Senior High School,MADISON,84.84848484848484,66.66666666666667,False,review,True
05-016-0690-02-2001,Thomas Edison Elem School,IL,MORTON GROVE,141844,Cove School,NORTHBROOK,70.58823529411765,50.0,False,reject,False
05-016-0735-02-2003,Elizabeth Meyer School,IL,SKOKIE,141775,River Ridge Sch Elizabeth Sch,HANOVER,72.34042553191489,66.66666666666667,False,reject,False
05-016-0735-02-2002,John Middleton Elem School,IL,SKOKIE,141844,Cove School,NORTHBROOK,70.58823529411765,48.64864864864865,False,reject,False
05-016-0735-02-1003,Oliver McCracken Middle School,IL,SKOKIE,140108,Middle Fork School,DANVILLE,83.87096774193549,66.66666666666667,False,review,True
50-082-1300-04-2001,Smithton Elem School,IL,SMITHTON,143800,Saint Elmo High School,ST. ELMO,71.7948717948718,66.66666666666667,False,reject,False
16-019-4320-26-2001,James R Wood Elem School,IL,SOMONAUK,141844,Cove School,NORTHBROOK,70.58823529411765,45.714285714285715,False,reject,False
16-019-4320-26-0003,Somonauk High School,IL,SOMONAUK,143930,Somonauk High School,SOMONAUK,100.0,100.0,True,auto_accept,False
16-019-4320-26-1001,Somonauk Middle School,IL,SOMONAUK,143930,Somonauk High School,SOMONAUK,85.71428571428571,80.95238095238095,True,review,True
13-058-4010-26-2002,South Central Elementary-Kinmundy,IL,KINMUNDY,141294,South Central High School,CHICAGO,68.42105263157895,51.72413793103448,False,reject,False
13-058-4010-26-0001,South Central High School,IL,FARINA,140454,Central High School,BURLINGTON,100.0,86.36363636363636,False,auto_accept,False
13-058-4010-26-1001,South Central Middle School,IL,KINMUNDY,141294,South Central High School,CHICAGO,88.88888888888889,84.61538461538461,False,review,True
03-011-0140-24-2001,South Fork Elementary School,IL,KINCAID,140108,Middle Fork School,DANVILLE,75.86206896551724,47.82608695652174,False,reject,False
03-011-0140-24-0001,South Fork Jr Sr High School,IL,KINCAID,142450,South Fork Consolidated HS,KINCAID,88.0,69.84126984126983,True,review,True
07-016-1500-02-2001,Greenwood Elem School,IL,SOUTH HOLLAND,141844,Cove School,NORTHBROOK,70.58823529411765,50.0,False,reject,False
07-016-1500-02-2002,McKinley Elem School,IL,SOUTH HOLLAND,142833,McKinley Libra,RIVERDALE,72.72727272727272,58.82352941176471,False,reject,False
07-016-1500-02-1005,McKinley Jr High School,IL,SOUTH HOLLAND,140945,Leo High School,CHICAGO,84.61538461538461,73.6842105263158,False,review,True
07-016-1510-02-1001,Coolidge Middle School,IL,PHOENIX,140108,Middle Fork School,DANVILLE,83.87096774193549,75.0,False,review,True
07-016-1510-02-2002,Eisenhower School,IL,SOUTH HOLLAND,140345,Dwight D Eisenhower HS,BLUE ISLAND,100.0,70.83333333333333,False,review,True
07-016-1510-02-2004,Madison School,IL,SOUTH HOLLAND,142715,Madison Senior High School,MADISON,100.0,70.0,False,review,True
07-016-1510-02-2006,Taft School,IL,HARVEY,141385,William H Taft High School,CHICAGO,100.0,59.45945945945945,False,reject,False
53-090-1370-02-2001,South Pekin Elem School,IL,SOUTH PEKIN,143784,South Elgin High School,SOUTH ELGIN,73.91304347826087,73.91304347826086,False,reject,False
24-032-0740-03-2001,South Wilmington Grade School,IL,SOUTH WILMINGTON,142010,Gardner South Wilmington HS,GARDNER,88.46153846153847,86.15384615384616,False,review,True
26-034-3370-26-2006,Southeastern Elementary School,IL,BOWEN,140165,Southeastern High School,AUGUSTA,88.37209302325581,74.07407407407408,False,review,True
26-034-3370-26-0001,Southeastern Jr/Sr High School,IL,AUGUSTA,140165,Southeastern High School,AUGUSTA,100.0,88.88888888888889,True,auto_accept,False
07-016-9010-25-001C,Southland College Prep Charter High School,IL,RICHTON PARK,143634,Southland Coll Prep Charter HS,RICHTON PARK,96.29629629629629,96.2962962962963,True,auto_accept,False
40-056-0090-26-2006,Brighton North Primary School,IL,BRIGHTON,144240,North Mac High School,VIRDEN,76.0,64.0,False,reject,False
40-056-0090-26-2004,Medora Intermediate School,IL,MEDORA,141844,Cove School,NORTHBROOK,70.58823529411765,43.24324324324324,False,reject,False
40-056-0090-26-2005,Shipman Elem School,IL,SHIPMAN,141820,El Paso HS,EL PASO,73.6842105263158,47.36842105263158,False,reject,False
40-056-0090-26-0001,Southwestern High School,IL,PIASA,143478,Southwestern High School,PIASA,100.0,100.0,True,auto_accept,False
40-056-0090-26-1002,Southwestern Middle School,IL,PIASA,143478,Southwestern High School,PIASA,88.37209302325581,84.0,True,auto_accept,False
45-079-1400-26-2008,Evansville Attendance Center,IL,EVANSVILLE,140228,Peace Center,DOLTON,66.66666666666666,50.0,False,reject,False
45-079-1400-26-0001,Sparta High School,IL,SPARTA,143945,Sparta High School,SPARTA,100.0,100.0,True,auto_accept,False
45-079-1400-26-2002,Sparta Lincoln School,IL,SPARTA,143945,Sparta High School,SPARTA,83.87096774193549,76.92307692307692,True,review,True
26-029-0040-26-2005,Spoon River Valley Elem School,IL,LONDON MILLS,141880,Spoon River Valley Jr-Sr HS,LONDON MILLS,90.9090909090909,78.78787878787878,True,review,True
26-029-0040-26-1001,Spoon River Valley Jr High Sch,IL,LONDON MILLS,141880,Spoon River Valley Jr-Sr HS,LONDON MILLS,92.85714285714286,90.9090909090909,True,auto_accept,False
26-029-0040-26-0001,Spoon River Valley Sr High Sch,IL,LONDON MILLS,141880,Spoon River Valley Jr-Sr HS,LONDON MILLS,92.85714285714286,90.9090909090909,True,auto_accept,False
13-041-1780-04-2001,Spring Garden Elementary School,IL,MOUNT VERNON,141844,Cove School,NORTHBROOK,70.58823529411765,38.095238095238095,False,reject,False
13-041-1780-04-2002,Spring Garden Middle School,IL,INA,140108,Middle Fork School,DANVILLE,83.87096774193549,66.66666666666667,False,review,True
53-090-6060-04-2001,Spring Lake Elem School,IL,MANITO,141844,Cove School,NORTHBROOK,70.58823529411765,47.05882352941176,False,reject,False
28-006-0990-04-2002,John F Kennedy Elem School,IL,SPRING VALLEY,140897,John F Kennedy High School,CHICAGO,89.36170212765957,80.76923076923077,False,review,True
51-084-1860-25-1006,Benjamin Franklin Middle School,IL,SPRINGFIELD,143361,Benjamin Franklin HS,PALOS HEIGHTS,90.56603773584905,86.66666666666667,False,auto_accept,False
51-084-1860-25-2013,Black Hawk Elem School,IL,SPRINGFIELD,141844,Cove School,NORTHBROOK,70.58823529411765,54.54545454545454,False,reject,False
51-084-1860-25-2012,Butler Elem School,IL,SPRINGFIELD,141844,Cove School,NORTHBROOK,70.58823529411765,55.172413793103445,False,reject,False
51-084-1860-25-2015,Dubois Elem School,IL,SPRINGFIELD,141844,Cove School,NORTHBROOK,70.58823529411765,62.06896551724138,False,reject,False
51-084-1860-25-3023,Early Learning Center,IL,SPRINGFIELD,143719,Regional Learning Center,ROCKFORD,84.44444444444444,66.66666666666667,False,review,True
51-084-1860-25-2045,Edwin A Lee Elementary School,IL,SPRINGFIELD,141844,Cove School,NORTHBROOK,70.58823529411765,40.0,False,reject,False
51-084-1860-25-2046,Elizabeth Graham Elem School,IL,SPRINGFIELD,141844,Cove School,NORTHBROOK,70.58823529411765,41.02564102564102,False,reject,False
51-084-1860-25-2016,Enos Elem School,IL,SPRINGFIELD,141844,Cove School,NORTHBROOK,70.58823529411765,59.25925925925925,False,reject,False
51-084-1860-25-2017,Fairview Elem School,IL,SPRINGFIELD,141844,Cove School,NORTHBROOK,70.58823529411765,58.06451612903225,False,reject,False
51-084-1860-25-2037,Feitshans Elem Sch,IL,SPRINGFIELD,141820,El Paso HS,EL PASO,59.45945945945946,59.45945945945945,False,reject,False
51-084-1860-25-2044,Harvard Park Elem School,IL,SPRINGFIELD,142210,Harvard Community High School,HARVARD,73.6842105263158,64.15094339622642,False,reject,False
51-084-1860-25-2020,Hazel Dell Elem School,IL,SPRINGFIELD,141844,Cove School,NORTHBROOK,70.58823529411765,48.484848484848484,False,reject,False
51-084-1860-25-2021,Iles Elem School,IL,SPRINGFIELD,143800,Saint Elmo High School,ST. ELMO,74.28571428571428,68.57142857142857,False,reject,False
51-084-1860-25-2010,Jane Addams Elem School,IL,SPRINGFIELD,140892,Jane Addams High School,CHICAGO,87.8048780487805,82.6086956521739,False,review,True
51-084-1860-25-2042,Jefferson Middle School,IL,SPRINGFIELD,140108,Middle Fork School,DANVILLE,83.87096774193549,78.04878048780488,False,review,True
51-084-1860-25-2022,Laketown Elem School,IL,SPRINGFIELD,141844,Cove School,NORTHBROOK,70.58823529411765,51.61290322580645,False,reject,False
51-084-1860-25-0001,Lanphier High School,IL,SPRINGFIELD,143960,Lanphier High School,SPRINGFIELD,100.0,100.0,True,auto_accept,False
51-084-1860-25-2024,Lincoln Magnet School,IL,SPRINGFIELD,142625,Lincoln Community High School,LINCOLN,80.0,56.00000000000001,False,reject,False
51-084-1860-25-2049,Lindsay School,IL,SPRINGFIELD,144389,Arlyn Day School,HIGHLAND PARK,80.0,80.0,False,review,True
51-084-1860-25-2027,Matheny-Withrow Elem Sch,IL,SPRINGFIELD,142865,Walther Lutheran High School,MELROSE PARK,53.84615384615385,53.84615384615385,False,reject,False
51-084-1860-25-2028,McClernand Elem School,IL,SPRINGFIELD,141844,Cove School,NORTHBROOK,70.58823529411765,54.54545454545454,False,reject,False
51-084-1860-25-2026,Owen Marsh Elem School,IL,SPRINGFIELD,141844,Cove School,NORTHBROOK,70.58823529411765,54.54545454545454,False,reject,False
51-084-1860-25-2032,Ridgely Elem School,IL,SPRINGFIELD,141890,Blue Ridge High School,FARMER CITY,73.17073170731707,73.17073170731707,False,reject,False
51-084-1860-25-2033,Sandburg Elem School,IL,SPRINGFIELD,143325,Carl Sandburg High School,ORLAND PARK,85.71428571428571,75.55555555555556,False,review,True
51-084-1860-25-2035,Southern View Elem School,IL,SPRINGFIELD,144050,Southern HS,STRONGHURST,85.71428571428571,71.11111111111111,False,review,True
51-084-1860-25-201C,Springfield Ball Charter School,IL,SPRINGFIELD,143975,Springfield High School,SPRINGFIELD,87.8048780487805,74.07407407407408,True,review,True
51-084-1860-25-0002,Springfield High School,IL,SPRINGFIELD,143975,Springfield High School,SPRINGFIELD,100.0,100.0,True,auto_accept,False
51-084-1860-25-0003,Springfield Southeast High Sch,IL,SPRINGFIELD,143955,Springfield Southeast HS,SPRINGFIELD,95.23809523809524,95.23809523809523,True,auto_accept,False
51-084-1860-25-1007,U S Grant Middle School,IL,SPRINGFIELD,140108,Middle Fork School,DANVILLE,83.87096774193549,73.17073170731707,False,review,True
51-084-1860-25-1009,Washington Middle School,IL,SPRINGFIELD,140108,Middle Fork School,DANVILLE,83.87096774193549,61.904761904761905,False,reject,False
51-084-1860-25-2040,Wilcox Elem School,IL,SPRINGFIELD,141844,Cove School,NORTHBROOK,70.58823529411765,55.172413793103445,False,reject,False
31-045-3030-26-2001,Anderson Elem School,IL,SAINT CHARLES,141844,Cove School,NORTHBROOK,70.58823529411765,58.06451612903225,False,reject,False
31-045-3030-26-2012,Bell-Graham Elementary School,IL,SAINT CHARLES,141844,Cove School,NORTHBROOK,70.58823529411765,40.0,False,reject,False
31-045-3030-26-2013,Corron Elementary School,IL,SOUTH ELGIN,141844,Cove School,NORTHBROOK,70.58823529411765,57.14285714285714,False,reject,False
31-045-3030-26-2002,Davis Elementary School,IL,SAINT CHARLES,142594,Lena Baptist School,LENA,71.42857142857143,71.42857142857143,False,reject,False
31-045-3030-26-2010,Ferson Creek School,IL,SAINT CHARLES,142695,Deer Creek Mackinaw HS,MACKINAW,77.41935483870968,64.0,False,reject,False
31-045-3030-26-2011,Fox Ridge Elementary School,IL,SAINT CHARLES,141890,Blue Ridge High School,FARMER CITY,70.58823529411765,65.3061224489796,False,reject,False
31-045-3030-26-2005,Munhall Elem School,IL,SAINT CHARLES,141844,Cove School,NORTHBROOK,70.58823529411765,53.333333333333336,False,reject,False
31-045-3030-26-2014,Norton Creek Elementary School,IL,WEST CHICAGO,141844,Cove School,NORTHBROOK,70.58823529411765,43.90243902439024,False,reject,False
31-045-3030-26-2006,Richmond Elementary School,IL,SAINT CHARLES,143630,Richmond-Burton Community HS,RICHMOND,73.17073170731707,63.49206349206349,False,reject,False
31-045-3030-26-0011,St Charles East High School,IL,SAINT CHARLES,143700,East High School,ROCKFORD,100.0,74.4186046511628,False,review,True
31-045-3030-26-0012,St Charles North High School,IL,SAINT CHARLES,143796,Saint Charles North HS,SAINT CHARLES,100.0,100.0,True,auto_accept,False
31-045-3030-26-1011,Thompson Middle School,IL,SAINT CHARLES,140108,Middle Fork School,DANVILLE,83.87096774193549,65.0,False,review,True
31-045-3030-26-2008,Wasco Elem School,IL,WASCO,141820,El Paso HS,EL PASO,72.22222222222223,50.0,False,reject,False
31-045-3030-26-2009,Wild Rose Elem School,IL,SAINT CHARLES,141778,Elk Grove High School,ELK GROVE VLG,71.42857142857143,61.904761904761905,False,reject,False
31-045-3030-26-1012,Wredling Middle School,IL,SAINT CHARLES,140108,Middle Fork School,DANVILLE,83.87096774193549,65.0,False,review,True
03-026-2020-26-2001,St Elmo Elem School,IL,SAINT ELMO,143800,Saint Elmo High School,ST. ELMO,84.84848484848484,73.6842105263158,False,review,True
03-026-2020-26-1001,St Elmo Jr High School,IL,SAINT ELMO,143800,Saint Elmo High School,ST. ELMO,100.0,92.6829268292683,False,auto_accept,False
03-026-2020-26-0002,St Elmo Sr High School,IL,SAINT ELMO,143800,Saint Elmo High School,ST. ELMO,100.0,92.6829268292683,False,auto_accept,False
32-046-2580-04-2001,St George Elem School,IL,BOURBONNAIS,140842,George Washington High School,CHICAGO,76.47058823529412,64.0,False,reject,False
09-010-1690-04-2001,St Joseph Elem School,IL,SAINT JOSEPH,144348,Saint Joseph High School,WESTCHESTER,86.48648648648648,80.95238095238095,False,review,True
09-010-1690-04-1001,St Joseph Middle School,IL,SAINT JOSEPH,144348,Saint Joseph High School,WESTCHESTER,86.48648648648648,72.72727272727273,False,review,True
09-010-3050-16-0001,St Joseph-Ogden High School,IL,SAINT JOSEPH,144348,Saint Joseph High School,WESTCHESTER,100.0,87.5,False,auto_accept,False
50-082-0300-03-2001,St Libory Elem School,IL,SAINT LIBORY,143800,Saint Elmo High School,ST. ELMO,75.0,75.0,False,reject,False
13-014-1415-02-2001,St Rose Elem School,IL,BREESE,143800,Saint Elmo High School,ST. ELMO,73.6842105263158,73.6842105263158,False,reject,False
32-046-0240-27-0001,St Anne Comm High School,IL,SAINT ANNE,143785,Saint Anne Community HS,ST. ANNE,90.56603773584905,90.56603773584906,False,auto_accept,False
32-046-0240-27-2001,St Anne Elem School,IL,SAINT ANNE,143785,Saint Anne Community HS,ST. ANNE,84.84848484848484,66.66666666666667,False,review,True
28-088-1000-26-2002,Stark County Elem Sch,IL,WYOMING,144145,Stark County High School,TOULON,75.55555555555556,75.55555555555556,False,reject,False
28-088-1000-26-0001,Stark County High School,IL,TOULON,144145,Stark County High School,TOULON,100.0,100.0,True,auto_accept,False
28-088-1000-26-1001,Stark County Junior High School,IL,TOULON,144145,Stark County High School,TOULON,100.0,87.27272727272728,True,auto_accept,False
40-056-0060-26-2001,Staunton Elem School,IL,STAUNTON,143995,Staunton Community High School,STAUNTON,85.71428571428571,68.0,True,review,True
40-056-0060-26-0001,Staunton High School,IL,STAUNTON,143995,Staunton Community High School,STAUNTON,100.0,80.0,True,auto_accept,False
40-056-0060-26-1001,Staunton Jr High School,IL,STAUNTON,143995,Staunton Community High School,STAUNTON,93.02325581395348,75.47169811320755,True,review,True
45-079-1380-26-2002,Steeleville Elem School,IL,STEELEVILLE,144000,Steeleville Community HS,STEELEVILLE,87.8048780487805,71.42857142857143,True,review,True
45-079-1380-26-0001,Steeleville High School,IL,STEELEVILLE,144000,Steeleville Community HS,STEELEVILLE,100.0,82.14285714285714,True,auto_accept,False
07-016-1940-02-1001,Columbia Central School,IL,STEGER,141470,Columbia High School,COLUMBIA,85.71428571428571,69.76744186046511,False,review,True
07-016-1940-02-2002,Steger Intermediate Center,IL,STEGER,140228,Peace Center,DOLTON,66.66666666666666,52.63157894736843,False,reject,False
07-016-1940-02-2005,Steger Primary Center,IL,SOUTH CHICAGO HEIGHTS,140228,Peace Center,DOLTON,66.66666666666666,60.60606060606061,False,reject,False
47-098-0050-26-1006,Challand Middle School,IL,STERLING,140108,Middle Fork School,DANVILLE,83.87096774193549,70.0,False,review,True
47-098-0050-26-2005,Franklin Elem School,IL,STERLING,140125,Ashton Franklin Center HS,ASHTON,85.71428571428571,66.66666666666667,False,review,True
47-098-0050-26-2007,Jefferson Elem School,IL,STERLING,141018,Nancy B Jefferson Alt School,CHICAGO,86.48648648648648,73.46938775510203,False,review,True
47-098-0050-26-2008,Lincoln Elem School,IL,STERLING,142625,Lincoln Community High School,LINCOLN,84.84848484848484,66.66666666666667,False,review,True
47-098-0050-26-0014,Sterling High School,IL,STERLING,144010,Sterling High School,STERLING,100.0,100.0,True,auto_accept,False
47-098-0050-26-2010,Washington Elem School,IL,STERLING,140842,George Washington High School,CHICAGO,87.17948717948718,78.43137254901961,False,review,True
47-052-2200-02-2001,Steward Elementary School,IL,STEWARD,141844,Cove School,NORTHBROOK,70.58823529411765,44.44444444444444,False,reject,False
11-087-005A-26-2003,Stewardson-Strasburg Elem School,IL,STRASBURG,144015,Stewardson-Strasburg High Schl,STRASBURG,83.87096774193549,83.87096774193549,True,review,True
11-087-005A-26-0001,Stewardson-Strasburg High School,IL,STRASBURG,144015,Stewardson-Strasburg High Schl,STRASBURG,96.7741935483871,96.7741935483871,True,auto_accept,False
08-043-2060-26-2002,Stockton Elem School,IL,STOCKTON,144030,Stockton High School,STOCKTON,85.71428571428571,80.0,True,review,True
08-043-2060-26-1001,Stockton Middle School,IL,STOCKTON,144030,Stockton High School,STOCKTON,85.71428571428571,80.95238095238095,True,review,True
08-043-2060-26-0003,Stockton Sr High School,IL,STOCKTON,144030,Stockton High School,STOCKTON,100.0,93.02325581395348,True,auto_accept,False
35-050-0440-02-2001,Centennial Elem School,IL,STREATOR,140593,Centennial High School,CHAMPAIGN,87.17948717948718,81.81818181818181,False,review,True
35-050-0440-02-2003,Kimes Elem School,IL,STREATOR,143800,Saint Elmo High School,ST. ELMO,72.22222222222223,66.66666666666667,False,reject,False
35-050-0440-02-1005,Northlawn Jr High School,IL,STREATOR,140945,Leo High School,CHICAGO,84.61538461538461,66.66666666666667,False,review,True
35-050-0400-17-0001,Streator Twp High School,IL,STREATOR,144040,Streator Township High School,STREATOR,90.9090909090909,90.56603773584906,True,auto_accept,False
11-070-3000-26-2001,Sullivan Elem School,IL,SULLIVAN,141310,Roger Sullivan High School,CHICAGO,85.71428571428571,73.91304347826086,False,review,True
11-070-3000-26-0004,Sullivan High School,IL,SULLIVAN,141310,Roger Sullivan High School,CHICAGO,100.0,86.95652173913044,False,auto_accept,False
11-070-3000-26-1001,Sullivan Middle School,IL,SULLIVAN,144055,Sullivan High School,SULLIVAN,85.71428571428571,80.95238095238095,True,review,True
13-041-0790-02-2001,Summersville Grade School,IL,MOUNT VERNON,141844,Cove School,NORTHBROOK,70.58823529411765,44.44444444444444,False,reject,False
56-099-1610-02-2006,Dr Julian Rogus School,IL,FRANKFORT,141073,Percy L Julian High School,CHICAGO,74.28571428571428,66.66666666666667,False,reject,False
56-099-1610-02-2004,Indian Trail Elem School,IL,FRANKFORT,143880,Indian Creek High School,SHABBONA,75.0,66.66666666666667,False,reject,False
56-099-1610-02-3001,Mary Drew Early Learning Center,IL,FRANKFORT,143996,Stelle Learning Center,STELLE,81.08108108108108,60.37735849056604,False,reject,False
56-099-1610-02-1001,Summit Hill Junior High School,IL,FRANKFORT,141642,Summit School,ELGIN,100.0,60.46511627906976,False,reject,False
56-099-1610-02-2005,Walker Intermediate School,IL,TINLEY PARK,141844,Cove School,NORTHBROOK,70.58823529411765,43.24324324324324,False,reject,False
07-016-1040-02-2001,Dr Donald Wharton Elem School,IL,SUMMIT,141844,Cove School,NORTHBROOK,70.58823529411765,44.99999999999999,False,reject,False
07-016-1040-02-1001,Heritage Middle School,IL,SUMMIT,142665,Heritage High School,BROADLANDS,85.71428571428571,80.95238095238095,False,review,True
07-016-1040-02-2003,Otis P Graves Elem School,IL,SUMMIT,141844,Cove School,NORTHBROOK,70.58823529411765,50.0,False,reject,False
07-016-1040-02-2004,W W Walker Elem School,IL,BEDFORD PARK,141844,Cove School,NORTHBROOK,70.58823529411765,48.484848484848484,False,reject,False
07-016-1040-02-2005,Walsh Elem School,IL,SUMMIT,141844,Cove School,NORTHBROOK,70.58823529411765,57.14285714285714,False,reject,False
07-016-1710-02-1001,Heritage Middle School,IL,LANSING,142665,Heritage High School,BROADLANDS,85.71428571428571,80.95238095238095,False,review,True
07-016-1710-02-2001,Nathan Hale Elem School,IL,LANSING,141844,Cove School,NORTHBROOK,70.58823529411765,47.05882352941176,False,reject,False
05-016-0290-02-2001,Middlefork Primary School,IL,NORTHFIELD,140127,Middlefork School Rssp,DANVILLE,87.17948717948718,80.85106382978724,False,review,True
05-016-0290-02-2002,Sunset Ridge Elem School,IL,NORTHFIELD,143800,Saint Elmo High School,ST. ELMO,74.4186046511628,74.4186046511628,False,reject,False
16-019-4270-26-2004,North Elementary School,IL,SYCAMORE,140534,Glenbard North High School,CAROL STREAM,73.46938775510205,73.46938775510203,False,reject,False
16-019-4270-26-2008,North Grove Elementary School,IL,SYCAMORE,141778,Elk Grove High School,ELK GROVE VLG,72.72727272727272,68.0,False,reject,False
16-019-4270-26-2007,South Prairie Elementary School,IL,SYCAMORE,143859,West Prairie High School,SCIOTA,73.6842105263158,65.45454545454545,False,reject,False
16-019-4270-26-2005,Southeast Elem School,IL,SYCAMORE,140052,Southeast Alternative School,NAPERVILLE,86.48648648648648,77.55102040816327,False,review,True
16-019-4270-26-0001,Sycamore High School,IL,SYCAMORE,144065,Sycamore High School,SYCAMORE,100.0,100.0,True,auto_accept,False
16-019-4270-26-1002,Sycamore Middle School,IL,SYCAMORE,144065,Sycamore High School,SYCAMORE,85.71428571428571,80.95238095238095,True,review,True
16-019-4270-26-2006,West Elem School,IL,SYCAMORE,140265,Belleville Township HS West,BELLEVILLE,81.48148148148148,57.692307692307686,False,reject,False
56-099-0900-02-2001,Taft Grade School,IL,LOCKPORT,140323,Harlem High School - 9th Grade,MACHESNEY PK,82.75862068965517,53.333333333333336,False,reject,False
30-073-0050-02-2001,Tamaroa Elem School,IL,TAMAROA,141844,Cove School,NORTHBROOK,70.58823529411765,53.333333333333336,False,reject,False
03-011-0030-26-2001,Memorial Elem School,IL,TAYLORVILLE,140305,Civic Memorial High School,BETHALTO,85.71428571428571,69.56521739130434,False,review,True
03-011-0030-26-2003,North Elem School,IL,TAYLORVILLE,140279,Belvidere North High School,BELVIDERE,82.75862068965517,72.72727272727273,False,review,True
03-011-0030-26-1005,Taylorville Jr High School,IL,TAYLORVILLE,144095,Taylorville High School,TAYLORVILLE,100.0,93.87755102040816,True,auto_accept,False
03-011-0030-26-0006,Taylorville Sr High School,IL,TAYLORVILLE,144095,Taylorville High School,TAYLORVILLE,100.0,93.87755102040816,True,auto_accept,False
03-025-0500-26-2002,Teutopolis Grade School,IL,TEUTOPOLIS,144100,Teutopolis High School,TEUTOPOLIS,87.17948717948718,84.44444444444444,True,review,True
03-025-0500-26-0001,Teutopolis High School,IL,TEUTOPOLIS,144100,Teutopolis High School,TEUTOPOLIS,100.0,100.0,True,auto_accept,False
03-025-0500-26-1001,Teutopolis Junior High School,IL,TEUTOPOLIS,144100,Teutopolis High School,TEUTOPOLIS,100.0,86.27450980392157,True,auto_accept,False
09-010-1300-04-2001,Thomasboro Grade School,IL,THOMASBORO,144115,Thomson HS,THOMSON,71.42857142857143,71.42857142857143,False,reject,False
21-028-1740-26-2001,Thompsonville Grade  School,IL,THOMPSONVILLE,144110,Thompsonville High School,THOMPSONVILLE,88.88888888888889,86.27450980392157,True,auto_accept,False
21-028-1740-26-0001,Thompsonville High School,IL,THOMPSONVILLE,144110,Thompsonville High School,THOMPSONVILLE,100.0,100.0,True,auto_accept,False
07-016-2150-17-0001,Thornton Fractnl No High School,IL,CALUMET CITY,140475,Thornton Fractional North HS,CALUMET CITY,91.17647058823529,91.17647058823529,True,auto_accept,False
07-016-2150-17-0002,Thornton Fractnl So High School,IL,LANSING,142547,Thornton Fractional South HS,LANSING,91.17647058823529,91.17647058823529,True,auto_accept,False
07-016-1540-02-2002,Wolcott School,IL,THORNTON,141844,Cove School,NORTHBROOK,72.0,48.0,False,reject,False
07-016-2050-17-0002,Thornridge High School,IL,DOLTON,141618,Thornridge High School,DOLTON,100.0,100.0,True,auto_accept,False
07-016-2050-17-0001,Thornton Township High School,IL,HARVEY,142215,Thornton Township High School,HARVEY,100.0,100.0,True,auto_accept,False
07-016-2050-17-0003,Thornwood High School,IL,SOUTH HOLLAND,143939,Thornwood High School,SOUTH HOLLAND,100.0,100.0,True,auto_accept,False
09-010-0070-26-2007,Unity East,IL,PHILO,0798,East-West University,CHICAGO,66.66666666666666,66.66666666666667,False,reject,False
09-010-0070-26-0007,Unity High School,IL,TOLONO,141983,Unity Christian High School,FULTON,100.0,77.27272727272727,False,review,True
09-010-0070-26-1005,Unity Jr High School,IL,TOLONO,144130,Unity High School,TOLONO,100.0,91.89189189189189,True,auto_accept,False
09-010-0070-26-2006,Unity West,IL,TOLONO,0798,East-West University,CHICAGO,66.66666666666666,66.66666666666667,False,reject,False
35-050-0790-04-2001,Tonica Grade School,IL,TONICA,140323,Harlem High School - 9th Grade,MACHESNEY PK,77.41935483870968,51.06382978723405,False,reject,False
05-016-2110-17-0006,Hoffman Estates High School,IL,HOFFMAN ESTATES,142301,Hoffman Estates High School,HOFFMAN ESTATES,100.0,100.0,True,auto_accept,False
05-016-2110-17-0001,J B Conant High School,IL,HOFFMAN ESTATES,143343,James B Conant High School,HOFFMAN EST,95.23809523809524,91.66666666666666,False,auto_accept,False
05-016-2110-17-0003,Palatine High School,IL,PALATINE,143345,Palatine High School,PALATINE,100.0,100.0,True,auto_accept,False
05-016-2110-17-0004,Schaumburg High School,IL,SCHAUMBURG,143857,Schaumburg High School,SCHAUMBURG,100.0,100.0,True,auto_accept,False
05-016-2110-17-0002,Wm Fremd High School,IL,PALATINE,143347,William Fremd High School,PALATINE,91.89189189189189,88.88888888888889,True,auto_accept,False
05-016-2140-17-0008,Buffalo Grove High School,IL,BUFFALO GROVE,140447,Buffalo Grove High School,BUFFALO GROVE,100.0,100.0,True,auto_accept,False
05-016-2140-17-0002,Elk Grove High School,IL,ELK GROVE VILLAGE,141778,Elk Grove High School,ELK GROVE VLG,100.0,100.0,False,auto_accept,False
05-016-2140-17-0004,John Hersey High School,IL,ARLINGTON HEIGHTS,140097,John Hersey High School,ARLINGTON HTS,100.0,100.0,False,auto_accept,False
05-016-2140-17-0005,Prospect High School,IL,MT PROSPECT,143062,Prospect High School,MT PROSPECT,100.0,100.0,True,auto_accept,False
05-016-2140-17-0007,Rolling Meadows High School,IL,ROLLING MEADOWS,143736,Rolling Meadows High School,ROLLING MEADOWS,100.0,100.0,True,auto_accept,False
05-016-2140-17-0006,Wheeling High School,IL,WHEELING,144387,Wheeling High School,WHEELING,100.0,100.0,True,auto_accept,False
53-090-7020-26-2003,Tremont Elem School,IL,TREMONT,144155,Tremont High School,TREMONT,84.84848484848484,78.94736842105263,True,review,True
53-090-7020-26-0001,Tremont High School,IL,TREMONT,144155,Tremont High School,TREMONT,100.0,100.0,True,auto_accept,False
53-090-7020-26-1001,Tremont Middle School,IL,TREMONT,144155,Tremont High School,TREMONT,84.84848484848484,80.0,True,review,True
51-084-0010-26-2001,Tri-City Elem School,IL,BUFFALO,140445,Tri-City High School,BUFFALO,85.71428571428571,80.0,True,review,True
51-084-0010-26-0001,Tri-City High School,IL,BUFFALO,140445,Tri-City High School,BUFFALO,100.0,100.0,True,auto_accept,False
51-084-0010-26-1001,Tri-City Jr High School,IL,BUFFALO,140445,Tri-City High School,BUFFALO,100.0,93.02325581395348,True,auto_accept,False
17-053-006J-26-2005,Tri Point Elementary School,IL,KEMPTON,141525,Tri-Point High School,CULLOM,86.48648648648648,70.83333333333333,False,review,True
17-053-006J-26-0001,Tri-Point High School,IL,CULLOM,141525,Tri-Point High School,CULLOM,100.0,100.0,True,auto_accept,False
17-053-006J-26-2006,Tri-Point Jr High/Elementary,IL,PIPER CITY,141525,Tri-Point High School,CULLOM,80.0,57.14285714285714,False,reject,False
17-064-0030-26-2001,Tri-Valley Elem School,IL,DOWNS,141635,Tri-Valley High School,DOWNS,87.17948717948718,81.81818181818181,True,review,True
17-064-0030-26-0002,Tri-Valley High School,IL,DOWNS,141635,Tri-Valley High School,DOWNS,100.0,100.0,True,auto_accept,False
17-064-0030-26-1001,Tri-Valley Middle School,IL,DOWNS,141635,Tri-Valley High School,DOWNS,87.17948717948718,82.6086956521739,True,review,True
41-057-0020-26-2008,C A Henning School,IL,TROY,140325,Bismarck-Henning Rossville HS,BISMARCK,87.5,60.71428571428572,False,reject,False
41-057-0020-26-2003,Marine Elem School,IL,MARINE,140199,Miner School,ARLINGTON HTS,73.33333333333333,73.33333333333334,False,reject,False
41-057-0020-26-2004,Silver Creek Elementary,IL,TROY,143996,Stelle Learning Center,STELLE,53.333333333333336,53.333333333333336,False,reject,False
41-057-0020-26-2005,St Jacob Elem School,IL,SAINT JACOB,143800,Saint Elmo High School,ST. ELMO,71.7948717948718,71.7948717948718,False,reject,False
41-057-0020-26-0001,Triad High School,IL,TROY,143810,Triad High School,TROY,100.0,100.0,True,auto_accept,False
41-057-0020-26-1008,Triad Middle School,IL,SAINT JACOB,140108,Middle Fork School,DANVILLE,83.87096774193549,70.27027027027026,False,review,True
30-039-1760-26-2008,Trico Elementary School,IL,CAMPBELL HILL,141844,Cove School,NORTHBROOK,70.58823529411765,47.05882352941176,False,reject,False
30-039-1760-26-1001,Trico Jr High School,IL,CAMPBELL HILL,140485,Trico Senior High School,CAMPBELL HILL,91.89189189189189,77.27272727272727,True,review,True
30-039-1760-26-0001,Trico Senior High School,IL,CAMPBELL HILL,140485,Trico Senior High School,CAMPBELL HILL,100.0,100.0,True,auto_accept,False
01-069-0270-26-2002,Triopia Grade School,IL,CONCORD,140605,Triopia Junior-Senior HS,CONCORD,82.35294117647058,64.15094339622642,True,reject,False
01-069-0270-26-0001,Triopia Jr-Sr High School,IL,CONCORD,140605,Triopia Junior-Senior HS,CONCORD,86.36363636363636,86.20689655172413,True,review,True
56-099-030C-04-2006,Orenic Intermediate School,IL,PLAINFIELD,140984,Intrinsic School,CHICAGO,71.42857142857143,71.42857142857143,False,reject,False
56-099-030C-04-2003,Troy Craughwell School,IL,JOLIET,141844,Cove School,NORTHBROOK,70.58823529411765,54.54545454545454,False,reject,False
56-099-030C-04-2005,Troy Cronin Elem School,IL,SHOREWOOD,142600,Le Roy High School,LE ROY,73.17073170731707,53.65853658536586,False,reject,False
56-099-030C-04-2004,Troy Heritage Trail School,IL,JOLIET,142665,Heritage High School,BROADLANDS,85.71428571428571,65.21739130434783,False,review,True
56-099-030C-04-2007,Troy Hofer Elem Sch,IL,SHOREWOOD,143800,Saint Elmo High School,ST. ELMO,57.89473684210526,57.89473684210527,False,reject,False
56-099-030C-04-1001,Troy Middle School,IL,PLAINFIELD,140225,Beardstown Middle High School,BEARDSTOWN,83.87096774193549,55.319148936170215,False,reject,False
56-099-030C-04-2002,Troy Shorewood School,IL,SHOREWOOD,141844,Cove School,NORTHBROOK,70.58823529411765,43.75,False,reject,False
11-021-3010-26-1004,East Prairie Middle School,IL,TUSCOLA,140108,Middle Fork School,DANVILLE,83.87096774193549,63.63636363636363,False,reject,False
11-021-3010-26-2002,North Ward Elementary School,IL,TUSCOLA,144240,North Mac High School,VIRDEN,72.72727272727272,61.224489795918366,False,reject,False
11-021-3010-26-0001,Tuscola High School,IL,TUSCOLA,144170,Tuscola High School,TUSCOLA,100.0,100.0,True,auto_accept,False
34-049-1130-17-0001,Deerfield High School,IL,DEERFIELD,141570,Deerfield High School,DEERFIELD,100.0,100.0,True,auto_accept,False
34-049-1130-17-0002,Highland Park High School,IL,HIGHLAND PARK,142275,Highland Park High School,HIGHLAND PARK,100.0,100.0,True,auto_accept,False
06-016-0860-02-2001,Union Ridge Elem School,IL,HARWOOD HEIGHTS,140315,Union HS,BIGGSVILLE,82.75862068965517,75.0,False,review,True
56-099-0810-02-2001,Union Elementary School,IL,JOLIET,140315,Union HS,BIGGSVILLE,82.75862068965517,65.0,False,review,True
33-094-3040-26-2001,United Elem Sch - North,IL,ALEXIS,142973,United High School,MONMOUTH,61.53846153846154,61.53846153846154,False,reject,False
33-094-3040-26-2002,United Elem Sch - West,IL,MONMOUTH,0798,East-West University,CHICAGO,60.0,60.0,False,reject,False
33-094-3040-26-2003,United Intermediate School,IL,MONMOUTH,142973,United High School,MONMOUTH,83.87096774193549,68.18181818181819,True,review,True
33-094-3040-26-0001,United Jr./Sr. High School,IL,MONMOUTH,142973,United High School,MONMOUTH,100.0,85.71428571428572,True,auto_accept,False
49-081-0300-17-0001,United Twp High School,IL,EAST MOLINE,142973,United High School,MONMOUTH,100.0,90.0,False,auto_accept,False
30-039-1400-04-2001,Unity Point Elem School,IL,CARBONDALE,144130,Unity High School,TOLONO,82.75862068965517,70.0,False,review,True
65-108-9020-80-0001,University of Illinois High Sch,IL,URBANA,1319,Illinois State University,NORMAL,86.36363636363636,75.0,False,review,True
09-010-1160-22-2007,Dr Preston L Williams Jr Elementary School,IL,URBANA,141844,Cove School,NORTHBROOK,70.58823529411765,30.188679245283023,False,reject,False
09-010-1160-22-2005,Leal Elem School,IL,URBANA,140046,Allendale School,LAKE VILLA,75.0,75.0,False,reject,False
09-010-1160-22-2004,M L King Jr Elem School,IL,URBANA,141844,Cove School,NORTHBROOK,70.58823529411765,47.05882352941176,False,reject,False
09-010-1160-22-2008,Thomas Paine Elem School,IL,URBANA,141844,Cove School,NORTHBROOK,70.58823529411765,45.714285714285715,False,reject,False
09-010-1160-22-3002,Urbana Early Childhood Ctr,IL,URBANA,144185,Urbana High School,URBANA,59.09090909090909,59.09090909090908,True,reject,False
09-010-1160-22-0001,Urbana High School,IL,URBANA,144185,Urbana High School,URBANA,100.0,100.0,True,auto_accept,False
09-010-1160-22-1002,Urbana Middle School,IL,URBANA,140108,Middle Fork School,DANVILLE,83.87096774193549,68.42105263157895,False,review,True
09-010-1160-22-2009,Yankee Ridge Multilingual School,IL,URBANA,141890,Blue Ridge High School,FARMER CITY,70.58823529411765,59.25925925925925,False,reject,False
26-029-0020-26-2006,V I T Elementary School,IL,TABLE GROVE,141844,Cove School,NORTHBROOK,70.58823529411765,47.05882352941176,False,reject,False
26-029-0020-26-1001,V I T Jr High School,IL,TABLE GROVE,144070,V I T Junior-Senior HS,TABLE GROVE,91.89189189189189,78.43137254901961,True,review,True
26-029-0020-26-0001,V I T Sr High School,IL,TABLE GROVE,144070,V I T Junior-Senior HS,TABLE GROVE,91.89189189189189,78.43137254901961,True,review,True
56-099-365U-26-1003,A Vito Martinez Middle School,IL,ROMEOVILLE,140108,Middle Fork School,DANVILLE,83.87096774193549,63.829787234042556,False,reject,False
56-099-365U-26-2003,Bernard J Ward Elem School,IL,BOLINGBROOK,141844,Cove School,NORTHBROOK,70.58823529411765,43.24324324324324,False,reject,False
56-099-365U-26-0007,Bolingbrook High School,IL,BOLINGBROOK,140367,Bolingbrook High School,BOLINGBROOK,100.0,100.0,True,auto_accept,False
56-099-365U-26-1004,Brooks Middle School,IL,BOLINGBROOK,140108,Middle Fork School,DANVILLE,84.21052631578948,84.21052631578947,False,review,True
56-099-365U-26-3002,Dr. James Mitchem Early Childhood Center,IL,ROMEOVILLE,140228,Peace Center,DOLTON,66.66666666666666,43.13725490196079,False,reject,False
56-099-365U-26-1006,Hubert H Humphrey Middle School,IL,BOLINGBROOK,140108,Middle Fork School,DANVILLE,83.87096774193549,61.224489795918366,False,reject,False
56-099-365U-26-2009,Independence Elem School,IL,BOLINGBROOK,141927,Independence High School,CHICAGO HTS,88.37209302325581,83.33333333333334,False,review,True
56-099-365U-26-2002,Irene King Elem School,IL,ROMEOVILLE,141770,Elgin High School,ELGIN,71.7948717948718,71.7948717948718,False,reject,False
56-099-365U-26-2011,Jamie McGee Elementary School,IL,BOLINGBROOK,141844,Cove School,NORTHBROOK,70.58823529411765,44.99999999999999,False,reject,False
56-099-365U-26-1005,Jane Addams Middle School,IL,BOLINGBROOK,140892,Jane Addams High School,CHICAGO,87.8048780487805,75.0,False,review,True
56-099-365U-26-1007,John J Lukancic Middle Sch,IL,ROMEOVILLE,140899,John Hancock High School,CHICAGO,60.0,43.99999999999999,False,reject,False
56-099-365U-26-2006,John R Tibbott Elem School,IL,BOLINGBROOK,141844,Cove School,NORTHBROOK,70.58823529411765,43.24324324324324,False,reject,False
56-099-365U-26-2010,Jonas E Salk Elem School,IL,BOLINGBROOK,141844,Cove School,NORTHBROOK,70.58823529411765,45.714285714285715,False,reject,False
56-099-365U-26-2015,Kenneth L Hermansen Elementary,IL,ROMEOVILLE,143706,Keith Country Day School,ROCKFORD,48.148148148148145,48.14814814814815,False,reject,False
56-099-365U-26-2012,Oak View Elem School,IL,BOLINGBROOK,140930,Lake View High School,CHICAGO,73.17073170731707,73.17073170731707,False,reject,False
56-099-365U-26-2014,Pioneer Elementary School,IL,BOLINGBROOK,141844,Cove School,NORTHBROOK,70.58823529411765,50.0,False,reject,False
56-099-365U-26-2001,Robert C Hill Elem School,IL,ROMEOVILLE,140400,Red Hill High School,BRIDGEPORT,70.96774193548387,66.66666666666667,False,reject,False
56-099-365U-26-0008,Romeoville High School,IL,ROMEOVILLE,142657,Romeoville High School,ROMEOVILLE,100.0,100.0,True,auto_accept,False
56-099-365U-26-2016,Skoff Elementary,IL,ROMEOVILLE,1983,College Of Lake County,GRAYSLAKE,52.63157894736842,52.63157894736843,False,reject,False
56-099-365U-26-2008,Wood View Elem School,IL,BOLINGBROOK,141844,Cove School,NORTHBROOK,70.58823529411765,50.0,False,reject,False
45-067-0030-26-2001,Valmeyer Elementary School,IL,VALMEYER,144195,Valmeyer High School,VALMEYER,85.71428571428571,69.56521739130434,True,review,True
45-067-0030-26-0001,Valmeyer High School,IL,VALMEYER,144195,Valmeyer High School,VALMEYER,100.0,100.0,True,auto_accept,False
45-067-0030-26-1001,Valmeyer Jr High,IL,VALMEYER,144195,Valmeyer High School,VALMEYER,89.65517241379311,77.77777777777779,True,review,True
03-026-2030-26-0001,Vandalia Community High School,IL,VANDALIA,144200,Vandalia Community High School,VANDALIA,100.0,100.0,True,auto_accept,False
03-026-2030-26-2008,Vandalia Elementary School,IL,VANDALIA,144200,Vandalia Community High School,VANDALIA,73.17073170731707,71.42857142857143,True,reject,False
03-026-2030-26-2009,Vandalia Junior High School,IL,VANDALIA,144200,Vandalia Community High School,VANDALIA,85.1063829787234,70.17543859649122,True,review,True
41-057-0030-26-2002,Venice Elem School,IL,GRANITE CITY,144210,Venice HS,VENICE,83.87096774193549,77.77777777777779,False,review,True
21-044-1330-17-0001,Vienna High School,IL,VIENNA,144225,Vienna High School,VIENNA,100.0,100.0,True,auto_accept,False
21-044-0550-02-2001,Vienna Elem School Dist 55,IL,VIENNA,144225,Vienna High School,VIENNA,83.87096774193549,68.18181818181819,True,review,True
11-021-3020-26-2001,Villa Grove Elem School,IL,VILLA GROVE,144230,Villa Grove High School,VILLA GROVE,87.8048780487805,78.26086956521739,True,review,True
11-021-3020-26-0001,Villa Grove High School,IL,VILLA GROVE,144230,Villa Grove High School,VILLA GROVE,100.0,100.0,True,auto_accept,False
11-021-3020-26-1001,Villa Grove Jr High School,IL,VILLA GROVE,144230,Villa Grove High School,VILLA GROVE,100.0,93.87755102040816,True,auto_accept,False
01-009-0640-26-2001,Virginia Elem School,IL,VIRGINIA,144245,Virginia High School,VIRGINIA,85.71428571428571,80.0,True,review,True
01-009-0640-26-0003,Virginia Jr/ Sr High School,IL,VIRGINIA,144245,Virginia High School,VIRGINIA,100.0,86.95652173913044,True,auto_accept,False
07-016-1470-02-2004,Lincoln Elem School,IL,DIXMOOR,142625,Lincoln Community High School,LINCOLN,84.84848484848484,66.66666666666667,False,review,True
07-016-1470-02-2007,Martin L King Elem School,IL,DIXMOOR,141844,Cove School,NORTHBROOK,70.58823529411765,44.44444444444444,False,reject,False
07-016-1470-02-1001,Rosa L Parks Middle School,IL,DIXMOOR,140108,Middle Fork School,DANVILLE,83.87096774193549,63.63636363636363,False,reject,False
20-093-3480-26-0001,Mount Carmel High School,IL,MOUNT CARMEL,141045,Mount Carmel High School,CHICAGO,100.0,100.0,False,auto_accept,False
20-093-3480-26-2003,Mt Carmel Elementary School,IL,MOUNT CARMEL,141045,Mount Carmel High School,CHICAGO,86.48648648648648,70.83333333333333,False,review,True
20-093-3480-26-2005,Mt Carmel Grade School,IL,MOUNT CARMEL,141045,Mount Carmel High School,CHICAGO,86.48648648648648,83.72093023255813,False,review,True
20-093-3480-26-1003,Mt Carmel Junior High School,IL,MOUNT CARMEL,141045,Mount Carmel High School,CHICAGO,100.0,85.71428571428572,False,auto_accept,False
35-050-1950-04-2001,Wallace Elem School,IL,OTTAWA,141844,Cove School,NORTHBROOK,70.58823529411765,53.333333333333336,False,reject,False
35-050-1850-04-2001,Waltham Elementary School,IL,UTICA,141844,Cove School,NORTHBROOK,70.58823529411765,44.44444444444444,False,reject,False
13-041-0010-26-2002,Waltonville Grade School,IL,WALTONVILLE,144255,Waltonville High School,WALTONVILLE,87.8048780487805,85.1063829787234,True,review,True
13-041-0010-26-0001,Waltonville High School,IL,WALTONVILLE,144255,Waltonville High School,WALTONVILLE,100.0,100.0,True,auto_accept,False
08-043-2050-26-2002,Warren Elementary School,IL,WARREN,144265,Warren High School,WARREN,83.87096774193549,66.66666666666667,True,review,True
08-043-2050-26-0001,Warren Jr/Sr High School,IL,WARREN,144265,Warren High School,WARREN,100.0,85.71428571428572,True,auto_accept,False
34-049-1210-17-0001,Warren Township High School,IL,GURNEE,144265,Warren High School,WARREN,100.0,80.0,False,review,True
39-055-0110-26-2001,Warrensburg-Latham Elem Sch,IL,WARRENSBURG,144270,Warrensburg-Latham High School,WARRENSBURG,80.7017543859649,80.70175438596492,True,review,True
39-055-0110-26-0001,Warrensburg-Latham High School,IL,WARRENSBURG,144270,Warrensburg-Latham High School,WARRENSBURG,100.0,100.0,True,auto_accept,False
39-055-0110-26-1002,Warrensburg-Latham Middle Sch,IL,WARRENSBURG,144270,Warrensburg-Latham High School,WARRENSBURG,81.35593220338983,74.57627118644068,True,review,True
26-034-3160-26-2003,Warsaw Elem School,IL,WARSAW,144275,Warsaw High School,WARSAW,83.87096774193549,77.77777777777779,True,review,True
26-034-3160-26-0001,Warsaw Sr High School,IL,WARSAW,144275,Warsaw High School,WARSAW,100.0,92.3076923076923,True,auto_accept,False
53-090-3080-16-0001,Washington Comm High School,IL,WASHINGTON,144285,Washington Community HS,WASHINGTON,91.52542372881356,91.52542372881356,True,auto_accept,False
53-090-0520-02-2002,Lincoln Grade School,IL,WASHINGTON,142625,Lincoln Community High School,LINCOLN,82.35294117647058,65.3061224489796,False,review,True
53-090-0520-02-1001,Washington Middle School,IL,WASHINGTON,140108,Middle Fork School,DANVILLE,83.87096774193549,61.904761904761905,False,reject,False
45-067-0050-26-2005,Gardner Elementary School,IL,WATERLOO,142010,Gardner South Wilmington HS,GARDNER,71.7948717948718,45.90163934426229,False,reject,False
45-067-0050-26-2004,Rogers Elem School,IL,WATERLOO,141762,Central School Programs,ELGIN,73.17073170731707,73.17073170731707,False,reject,False
45-067-0050-26-2003,W J Zahnow Elem School,IL,WATERLOO,141844,Cove School,NORTHBROOK,70.58823529411765,48.484848484848484,False,reject,False
45-067-0050-26-0001,Waterloo High School,IL,WATERLOO,144290,Waterloo High School,WATERLOO,100.0,100.0,True,auto_accept,False
45-067-0050-26-1001,Waterloo Junior High School,IL,WATERLOO,144290,Waterloo High School,WATERLOO,100.0,85.1063829787234,True,auto_accept,False
34-049-1180-26-2007,Cotton Creek School,IL,ISLAND LAKE,142695,Deer Creek Mackinaw HS,MACKINAW,77.41935483870968,48.0,False,reject,False
34-049-1180-26-1004,Matthews Middle School,IL,ISLAND LAKE,140108,Middle Fork School,DANVILLE,83.87096774193549,70.0,False,review,True
34-049-1180-26-2005,Robert Crown School,IL,WAUCONDA,140536,Dundee-Crown High School,CARPENTERSVLE,77.41935483870968,65.11627906976744,False,reject,False
34-049-1180-26-2001,Wauconda Grade School,IL,WAUCONDA,144310,Wauconda High School,WAUCONDA,85.71428571428571,82.92682926829268,True,review,True
34-049-1180-26-0005,Wauconda High School,IL,WAUCONDA,144310,Wauconda High School,WAUCONDA,100.0,100.0,True,auto_accept,False
34-049-1180-26-1003,Wauconda Middle School,IL,WAUCONDA,144310,Wauconda High School,WAUCONDA,85.71428571428571,80.95238095238095,True,review,True
34-049-0600-26-2006,Andrew Cooke Magnet Elem School,IL,WAUKEGAN,141392,Disney II Magnet School,CHICAGO,72.22222222222223,62.96296296296296,False,reject,False
34-049-0600-26-2004,Carman-Buckner Elem School,IL,WAUKEGAN,141844,Cove School,NORTHBROOK,70.58823529411765,48.64864864864865,False,reject,False
34-049-0600-26-2007,Clearview Elem School,IL,WAUKEGAN,141844,Cove School,NORTHBROOK,70.58823529411765,62.5,False,reject,False
34-049-0600-26-3007,Early Learning Center,IL,WAUKEGAN,143719,Regional Learning Center,ROCKFORD,84.44444444444444,66.66666666666667,False,review,True
34-049-0600-26-1003,Edith M Smith Middle School,IL,WAUKEGAN,140108,Middle Fork School,DANVILLE,83.87096774193549,62.22222222222222,False,reject,False
34-049-0600-26-2008,Glen Flora Elem School,IL,WAUKEGAN,141925,Flora High School,FLORA,82.75862068965517,71.7948717948718,False,review,True
34-049-0600-26-2009,Glenwood Elementary School,IL,WAUKEGAN,142080,Glenwood School for Boys,GLENWOOD,76.92307692307692,68.0,False,reject,False
34-049-0600-26-2010,Greenwood Elem School,IL,WAUKEGAN,141844,Cove School,NORTHBROOK,70.58823529411765,50.0,False,reject,False
34-049-0600-26-2015,H R McCall Elem School,IL,WAUKEGAN,141844,Cove School,NORTHBROOK,70.58823529411765,48.484848484848484,False,reject,False
34-049-0600-26-2011,Hyde Park Elem School,IL,WAUKEGAN,141815,Elmwood Park High School,ELMWOOD PARK,75.55555555555556,75.55555555555556,False,reject,False
34-049-0600-26-1001,Jack Benny Middle School,IL,WAUKEGAN,140108,Middle Fork School,DANVILLE,83.87096774193549,71.42857142857143,False,review,True
34-049-0600-26-1002,John R Lewis Middle School,IL,WAUKEGAN,140108,Middle Fork School,DANVILLE,83.87096774193549,68.18181818181819,False,review,True
34-049-0600-26-2005,John S Clark Elem School,IL,WAUKEGAN,141844,Cove School,NORTHBROOK,70.58823529411765,51.42857142857142,False,reject,False
34-049-0600-26-2013,Little Fort Elem School,IL,WAUKEGAN,141844,Cove School,NORTHBROOK,70.58823529411765,52.94117647058824,False,reject,False
34-049-0600-26-2014,Lyon Magnet Elementary School,IL,WAUKEGAN,141392,Disney II Magnet School,CHICAGO,72.22222222222223,65.38461538461539,False,reject,False
34-049-0600-26-1005,Miguel Juarez Middle School,IL,WAUKEGAN,140108,Middle Fork School,DANVILLE,83.87096774193549,66.66666666666667,False,review,True
34-049-0600-26-2016,North Elem School,IL,WAUKEGAN,140279,Belvidere North High School,BELVIDERE,82.75862068965517,72.72727272727273,False,review,True
34-049-0600-26-2017,Oakdale Elem School,IL,WAUKEGAN,140046,Allendale School,LAKE VILLA,74.28571428571428,74.28571428571429,False,reject,False
34-049-0600-26-1004,Robert E Abbott Middle School,IL,WAUKEGAN,140108,Middle Fork School,DANVILLE,83.87096774193549,63.829787234042556,False,reject,False
34-049-0600-26-2018,Washington Elem School,IL,WAUKEGAN,140842,George Washington High School,CHICAGO,87.17948717948718,78.43137254901961,False,review,True
34-049-0600-26-0022,Waukegan High School,IL,WAUKEGAN,144322,Waukegan High School,WAUKEGAN,100.0,100.0,True,auto_accept,False
34-049-0600-26-2021,Whittier Elem School,IL,WAUKEGAN,143800,Saint Elmo High School,ST. ELMO,71.7948717948718,61.53846153846154,False,reject,False
01-069-0060-26-2002,Waverly Elementary School,IL,WAVERLY,144325,Waverly High School,WAVERLY,84.84848484848484,68.18181818181819,True,review,True
01-069-0060-26-0001,Waverly Junior/Senior High School,IL,WAVERLY,144325,Waverly High School,WAVERLY,100.0,73.07692307692308,True,review,True
20-096-1000-26-2005,Wayne City Attendance Center,IL,WAYNE CITY,140228,Peace Center,DOLTON,66.66666666666666,44.99999999999999,False,reject,False
20-096-1000-26-0001,Wayne City High School,IL,WAYNE CITY,144330,Wayne City High School,WAYNE CITY,100.0,100.0,True,auto_accept,False
13-014-0030-26-2005,New Baden Elementary School,IL,NEW BADEN,141844,Cove School,NORTHBROOK,70.58823529411765,42.10526315789473,False,reject,False
13-014-0030-26-2001,Trenton Elem School,IL,TRENTON,141844,Cove School,NORTHBROOK,70.58823529411765,53.333333333333336,False,reject,False
13-014-0030-26-2006,Wesclin Middle School,IL,TRENTON,140108,Middle Fork School,DANVILLE,83.87096774193549,66.66666666666667,False,review,True
13-014-0030-26-0006,Wesclin Sr High School,IL,TRENTON,144160,Wesclin Jr-Sr High School,TRENTON,100.0,93.61702127659575,True,auto_accept,False
08-008-3140-26-0001,West Carroll High School,IL,SAVANNA,143847,West Carroll High School,SAVANNA,100.0,100.0,True,auto_accept,False
08-008-3140-26-1001,West Carroll Middle School,IL,MOUNT CARROLL,143847,West Carroll High School,SAVANNA,88.37209302325581,84.0,False,review,True
08-008-3140-26-2002,West Carroll Primary,IL,SAVANNA,143847,West Carroll High School,SAVANNA,75.0,63.63636363636363,True,reject,False
33-036-2350-26-3001,West Central Early Childhood,IL,BIGGSVILLE,140316,West Central High School,BIGGSVILLE,73.07692307692308,73.07692307692308,True,reject,False
33-036-2350-26-2001,West Central Elementary School,IL,BIGGSVILLE,140316,West Central High School,BIGGSVILLE,88.37209302325581,74.07407407407408,True,review,True
33-036-2350-26-0001,West Central High School,IL,BIGGSVILLE,140454,Central High School,BURLINGTON,100.0,88.37209302325581,False,auto_accept,False
33-036-2350-26-1001,West Central Middle School,IL,STRONGHURST,140316,West Central High School,BIGGSVILLE,88.37209302325581,84.0,False,review,True
19-022-0330-02-2006,Currier Elementary School,IL,WEST CHICAGO,141844,Cove School,NORTHBROOK,70.58823529411765,50.0,False,reject,False
19-022-0330-02-2001,Gary Elementary School,IL,WEST CHICAGO,141844,Cove School,NORTHBROOK,70.58823529411765,48.484848484848484,False,reject,False
19-022-0330-02-2002,Indian Knoll Elem School,IL,WEST CHICAGO,143880,Indian Creek High School,SHABBONA,70.83333333333333,66.66666666666667,False,reject,False
19-022-0330-02-1006,Leman Middle School,IL,WEST CHICAGO,140108,Middle Fork School,DANVILLE,83.87096774193549,75.67567567567568,False,review,True
19-022-0330-02-2004,Pioneer Elem School,IL,WEST CHICAGO,140199,Miner School,ARLINGTON HTS,77.41935483870968,77.41935483870968,False,reject,False
19-022-0330-02-2005,Turner Elem School,IL,WEST CHICAGO,140199,Miner School,ARLINGTON HTS,73.33333333333333,53.333333333333336,False,reject,False
19-022-0330-02-2007,Wegner Elementary School,IL,WEST CHICAGO,141844,Cove School,NORTHBROOK,70.58823529411765,45.714285714285715,False,reject,False
17-054-0920-04-2001,West Lincoln-Broadwell Elem Sch,IL,LINCOLN,140139,Lincoln Academy,ROSELLE,63.63636363636363,52.17391304347826,False,reject,False
05-016-0310-02-1001,Field School,IL,NORTHBROOK,140192,Eugene Field School,NORMAL,100.0,77.41935483870968,False,review,True
05-016-0310-02-2002,Henry Winkelman Elem School,IL,GLENVIEW,141844,Cove School,NORTHBROOK,70.58823529411765,42.10526315789473,False,reject,False
26-062-1030-26-1001,West Prairie Junior High School,IL,COLCHESTER,143859,West Prairie High School,SCIOTA,100.0,87.27272727272728,False,auto_accept,False
26-062-1030-26-2001,West Prairie North Elementary School,IL,GOOD HOPE,143859,West Prairie High School,SCIOTA,88.37209302325581,70.0,False,review,True
26-062-1030-26-0001,West Prairie Senior High School,IL,COLCHESTER,143859,West Prairie High School,SCIOTA,100.0,87.27272727272728,False,auto_accept,False
26-062-1030-26-2002,West Prairie South Elementary School,IL,COLCHESTER,143859,West Prairie High School,SCIOTA,88.37209302325581,66.66666666666667,False,review,True
13-095-0100-26-2003,Okawville Grade School,IL,OKAWVILLE,143285,Okawville High School,OKAWVILLE,86.48648648648648,83.72093023255813,True,review,True
13-095-0100-26-0001,Okawville Jr/Sr High School,IL,OKAWVILLE,143285,Okawville High School,OKAWVILLE,100.0,87.5,True,auto_accept,False
06-016-0925-02-2002,Westchester Intermediate School,IL,WESTCHESTER,144351,Westchester Christian School,WESTCHESTER,78.26086956521739,77.96610169491525,True,reject,False
06-016-0925-02-1001,Westchester Middle School,IL,WESTCHESTER,140108,Middle Fork School,DANVILLE,83.87096774193549,60.46511627906976,False,reject,False
06-016-0925-02-2003,Westchester Primary School,IL,WESTCHESTER,144351,Westchester Christian School,WESTCHESTER,81.81818181818181,81.4814814814815,True,review,True
01-075-0120-26-2001,Western Barry Elem,IL,BARRY,140219,Western High School,BARRY,56.0,54.054054054054056,True,reject,False
01-075-0120-26-0001,Western High School,IL,BARRY,140219,Western High School,BARRY,100.0,100.0,True,auto_accept,False
01-075-0120-26-1001,Western Jr High School,IL,KINDERHOOK,140219,Western High School,BARRY,100.0,92.6829268292683,False,auto_accept,False
06-016-1010-02-2001,Field Park Elem School,IL,WESTERN SPRINGS,140192,Eugene Field School,NORMAL,77.41935483870968,73.17073170731707,False,reject,False
06-016-1010-02-2002,Forest Hills Elem School,IL,WESTERN SPRINGS,143224,Oak Forest High School,OAK FOREST,74.28571428571428,69.56521739130434,False,reject,False
06-016-1010-02-2005,John Laidlaw Elem School,IL,WESTERN SPRINGS,141844,Cove School,NORTHBROOK,70.58823529411765,45.714285714285715,False,reject,False
06-016-1010-02-1006,McClure Jr High School,IL,WESTERN SPRINGS,140945,Leo High School,CHICAGO,84.61538461538461,75.67567567567568,False,review,True
54-092-0020-26-2001,Judith Giacoma Elem School,IL,WESTVILLE,141844,Cove School,NORTHBROOK,70.58823529411765,48.64864864864865,False,reject,False
54-092-0020-26-0004,Westville High School,IL,WESTVILLE,144375,Westville High School,WESTVILLE,100.0,100.0,True,auto_accept,False
54-092-0020-26-1003,Westville Jr High School,IL,WESTVILLE,144375,Westville High School,WESTVILLE,100.0,93.33333333333333,True,auto_accept,False
28-037-2300-26-2001,Wethersfield Elem School,IL,KEWANEE,142445,Wethersfield High School,KEWANEE,88.37209302325581,83.33333333333334,True,auto_accept,False
28-037-2300-26-0002,Wethersfield Jr/Sr High School,IL,KEWANEE,142445,Wethersfield High School,KEWANEE,100.0,88.88888888888889,True,auto_accept,False
05-016-0210-04-2013,Booth Tarkington Elem School,IL,WHEELING,141844,Cove School,NORTHBROOK,70.58823529411765,46.15384615384615,False,reject,False
05-016-0210-04-1002,Cooper Middle School,IL,BUFFALO GROVE,140108,Middle Fork School,DANVILLE,84.21052631578948,84.21052631578947,False,review,True
05-016-0210-04-2010,Edgar A Poe Elem School,IL,ARLINGTON HEIGHTS,141844,Cove School,NORTHBROOK,70.58823529411765,52.94117647058824,False,reject,False
05-016-0210-04-2003,Eugene Field Elem School,IL,WHEELING,140192,Eugene Field School,NORMAL,100.0,88.37209302325581,False,auto_accept,False
05-016-0210-04-2009,Henry W Longfellow Elem School,IL,BUFFALO GROVE,141844,Cove School,NORTHBROOK,70.58823529411765,43.90243902439024,False,reject,False
05-016-0210-04-2011,J W Riley Elem School,IL,ARLINGTON HEIGHTS,141844,Cove School,NORTHBROOK,70.58823529411765,50.0,False,reject,False
05-016-0210-04-1007,Jack London Middle School,IL,WHEELING,140108,Middle Fork School,DANVILLE,83.87096774193549,69.76744186046511,False,review,True
05-016-0210-04-2007,Joyce Kilmer Elem School,IL,BUFFALO GROVE,141844,Cove School,NORTHBROOK,70.58823529411765,51.42857142857142,False,reject,False
05-016-0210-04-2014,Mark Twain Elem School,IL,WHEELING,141844,Cove School,NORTHBROOK,70.58823529411765,48.484848484848484,False,reject,False
05-016-0210-04-1006,Oliver W Holmes Middle School,IL,WHEELING,140108,Middle Fork School,DANVILLE,83.87096774193549,63.829787234042556,False,reject,False
05-016-0210-04-2004,Robert Frost Elem School,IL,MOUNT PROSPECT,141844,Cove School,NORTHBROOK,70.58823529411765,51.42857142857142,False,reject,False
05-016-0210-04-2015,Walt Whitman Elem School,IL,WHEELING,141844,Cove School,NORTHBROOK,70.58823529411765,45.714285714285715,False,reject,False
50-082-1150-02-2001,Whiteside Elem School,IL,BELLEVILLE,141844,Cove School,NORTHBROOK,70.58823529411765,50.0,False,reject,False
50-082-1150-02-1001,Whiteside Middle School,IL,BELLEVILLE,140108,Middle Fork School,DANVILLE,83.87096774193549,63.41463414634146,False,reject,False
56-099-0920-02-2005,Ludwig Elem School,IL,LOCKPORT,140033,Living Free School,CHICAGO,72.22222222222223,72.22222222222221,False,reject,False
56-099-0920-02-1001,Oak Prairie Jr High School,IL,HOMER GLEN,143859,West Prairie High School,SCIOTA,88.37209302325581,76.0,False,review,True
56-099-0920-02-2004,Reed Elem School,IL,HOMER GLEN,140385,Reed-Custer High School,BRAIDWOOD,81.48148148148148,66.66666666666667,False,review,True
56-099-0920-02-2003,Walsh Elem School,IL,LOCKPORT,141844,Cove School,NORTHBROOK,70.58823529411765,57.14285714285714,False,reject,False
33-048-2100-26-2003,Williamsfield Elem School,IL,WILLIAMSFIELD,144395,Williamsfield High School,WILLIAMSFIELD,88.88888888888889,84.0,True,auto_accept,False
33-048-2100-26-0001,Williamsfield High School,IL,WILLIAMSFIELD,144395,Williamsfield High School,WILLIAMSFIELD,100.0,100.0,True,auto_accept,False
33-048-2100-26-1001,Williamsfield Middle School,IL,WILLIAMSFIELD,144395,Williamsfield High School,WILLIAMSFIELD,88.88888888888889,84.61538461538461,True,auto_accept,False
51-084-0150-26-2004,Sherman Elem School,IL,SHERMAN,140650,American School,LANSING,70.58823529411765,47.05882352941176,False,reject,False
51-084-0150-26-0001,Williamsville High School,IL,WILLIAMSVILLE,144400,Williamsville High School,WILLIAMSVILLE,100.0,100.0,True,auto_accept,False
51-084-0150-26-1001,Williamsville Jr High School,IL,WILLIAMSVILLE,144400,Williamsville High School,WILLIAMSVILLE,100.0,94.33962264150944,True,auto_accept,False
13-014-0460-02-2001,Willow Grove Elem School,IL,CENTRALIA,141778,Elk Grove High School,ELK GROVE VLG,75.55555555555556,66.66666666666667,False,reject,False
07-016-1080-02-2001,Willow Springs Elem School,IL,WILLOW SPRINGS,141844,Cove School,NORTHBROOK,70.58823529411765,43.24324324324324,False,reject,False
05-016-0390-02-2002,Central Elem School,IL,WILMETTE,140115,A-C Central High School,ASHLAND,84.84848484848484,71.42857142857143,False,review,True
05-016-0390-02-2003,Harper Elem School,IL,WILMETTE,140855,William R Harper High School,CHICAGO,83.87096774193549,56.52173913043479,False,reject,False
05-016-0390-02-2007,Highcrest Middle School,IL,WILMETTE,140108,Middle Fork School,DANVILLE,83.87096774193549,73.17073170731707,False,review,True
05-016-0390-02-2005,McKenzie Elem School,IL,WILMETTE,141844,Cove School,NORTHBROOK,70.58823529411765,58.06451612903225,False,reject,False
05-016-0390-02-2006,Romona Elem School,IL,WILMETTE,141844,Cove School,NORTHBROOK,70.58823529411765,55.172413793103445,False,reject,False
05-016-0390-02-1008,Wilmette Junior High School,IL,WILMETTE,140945,Leo High School,CHICAGO,84.61538461538461,61.904761904761905,False,reject,False
56-099-209U-26-2003,Bruning Elem School,IL,WILMINGTON,141844,Cove School,NORTHBROOK,70.58823529411765,53.333333333333336,False,reject,False
56-099-209U-26-2004,L J Stevens Intermediate School,IL,WILMINGTON,141844,Cove School,NORTHBROOK,70.58823529411765,38.095238095238095,False,reject,False
56-099-209U-26-0001,Wilmington High School,IL,WILMINGTON,142010,Gardner South Wilmington HS,GARDNER,100.0,75.86206896551724,False,review,True
56-099-209U-26-1002,Wilmington Middle School,IL,WILMINGTON,144410,Wilmington High School,WILMINGTON,87.17948717948718,82.6086956521739,True,review,True
01-086-0010-26-2002,Winchester Elem School,IL,WINCHESTER,144414,Winchester Christian School,WINCHESTER,87.17948717948718,73.46938775510203,True,review,True
01-086-0010-26-0001,Winchester High School,IL,WINCHESTER,144415,Winchester High School,WINCHESTER,100.0,100.0,True,auto_accept,False
11-087-0010-26-2002,Windsor Elem School,IL,WINDSOR,144420,Windsor High School,WINDSOR,84.84848484848484,78.94736842105263,True,review,True
11-087-0010-26-0002,Windsor Jr & Sr High School,IL,WINDSOR,144420,Windsor High School,WINDSOR,100.0,79.16666666666666,True,review,True
19-022-0340-02-2002,Winfield Central School,IL,WINFIELD,140454,Central High School,BURLINGTON,84.84848484848484,66.66666666666667,False,review,True
19-022-0340-02-2001,Winfield Primary School,IL,WINFIELD,141844,Cove School,NORTHBROOK,70.58823529411765,41.17647058823529,False,reject,False
04-101-3230-26-2003,Dorothy Simon Elem School,IL,WINNEBAGO,141844,Cove School,NORTHBROOK,70.58823529411765,50.0,False,reject,False
04-101-3230-26-2005,Jean McNair Elementary School,IL,WINNEBAGO,141844,Cove School,NORTHBROOK,70.58823529411765,40.0,False,reject,False
04-101-3230-26-0001,Winnebago High School,IL,WINNEBAGO,144425,Winnebago High School,WINNEBAGO,100.0,100.0,True,auto_accept,False
04-101-3230-26-1002,Winnebago Middle School,IL,WINNEBAGO,144425,Winnebago High School,WINNEBAGO,86.48648648648648,81.81818181818181,True,review,True
05-016-0360-02-1005,Carleton W Washburne School,IL,WINNETKA,141844,Cove School,NORTHBROOK,70.58823529411765,47.36842105263158,False,reject,False
05-016-0360-02-2001,Crow Island Elem School,IL,WINNETKA,143725,Rock Island High School,ROCK ISLAND,72.22222222222223,60.86956521739131,False,reject,False
05-016-0360-02-2002,Greeley Elem School,IL,WINNETKA,141844,Cove School,NORTHBROOK,70.58823529411765,53.333333333333336,False,reject,False
05-016-0360-02-2003,Hubbard Woods Elem School,IL,WINNETKA,140877,Hubbard High School,CHICAGO,84.84848484848484,68.18181818181819,False,review,True
05-016-0360-02-2004,The Skokie School,IL,WINNETKA,140764,The Day School,CHICAGO,83.33333333333333,64.51612903225806,False,reject,False
34-049-0010-02-1003,North Prairie Jr High,IL,WINTHROP HARBOR,144390,North Greene Jr/Sr High School,WHITE HALL,76.47058823529412,58.82352941176471,False,reject,False
34-049-0010-02-2002,Westfield  School,IL,WINTHROP HARBOR,140565,Casey-Westfield High School,CASEY,100.0,74.4186046511628,False,review,True
50-082-1130-02-2001,Wolf Branch Elem School,IL,SWANSEA,141844,Cove School,NORTHBROOK,70.58823529411765,52.94117647058824,False,reject,False
50-082-1130-02-1001,Wolf Branch Middle School,IL,SWANSEA,140108,Middle Fork School,DANVILLE,83.87096774193549,69.76744186046511,False,review,True
19-022-0070-02-3001,Early Childhood Education Center,IL,WOOD DALE,140318,Monee Education Center,MONEE,84.21052631578948,59.25925925925925,False,reject,False
19-022-0070-02-2002,Oakbrook Elem School,IL,WOOD DALE,141844,Cove School,NORTHBROOK,70.58823529411765,51.61290322580645,False,reject,False
19-022-0070-02-2003,Westview Elem School,IL,WOOD DALE,144375,Westville High School,WESTVILLE,73.17073170731707,73.17073170731707,False,reject,False
19-022-0070-02-1004,Wood Dale Jr High School,IL,WOOD DALE,144455,Alwood High School,WOODHULL,85.71428571428571,66.66666666666667,False,review,True
41-057-0150-03-2004,Hartford Elem School,IL,HARTFORD,141844,Cove School,NORTHBROOK,70.58823529411765,51.61290322580645,False,reject,False
41-057-0150-03-2002,Lewis-Clark Elem School,IL,WOOD RIVER,141844,Cove School,NORTHBROOK,70.58823529411765,52.94117647058824,False,reject,False
41-057-0150-03-1001,Lewis-Clark Jr High School,IL,WOOD RIVER,140945,Leo High School,CHICAGO,84.61538461538461,68.29268292682926,False,review,True
34-049-0500-04-2006,Woodland Elementary,IL,GAGES LAKE,142510,Woodlands Academy Sacred Heart,LAKE FOREST,61.224489795918366,61.224489795918366,False,reject,False
34-049-0500-04-2003,Woodland Intermediate Sch,IL,GURNEE,144045,Woodland High School,STREATOR,62.22222222222222,62.22222222222222,False,reject,False
34-049-0500-04-1004,Woodland Middle School,IL,GURNEE,144045,Woodland High School,STREATOR,85.71428571428571,80.95238095238095,False,review,True
34-049-0500-04-2005,Woodland Primary School,IL,GAGES LAKE,144045,Woodland High School,STREATOR,85.71428571428571,79.06976744186046,False,review,True
17-053-0050-26-2001,Woodland Elementary/Jr High Sch,IL,STREATOR,144045,Woodland High School,STREATOR,78.78787878787878,66.66666666666667,True,reject,False
17-053-0050-26-0001,Woodland High School,IL,STREATOR,144045,Woodland High School,STREATOR,100.0,100.0,True,auto_accept,False
13-041-2090-27-2001,Woodlawn Grade School,IL,WOODLAWN,144460,Woodlawn Community High School,WOODLAWN,83.33333333333333,66.66666666666667,True,review,True
13-041-2090-27-0001,Woodlawn High School,IL,WOODLAWN,144460,Woodlawn Community High School,WOODLAWN,100.0,80.0,True,auto_accept,False
19-022-0680-02-2001,Edgewood Elem School,IL,WOODRIDGE,140364,Englewood Stem High School,CHICAGO,73.91304347826087,65.21739130434783,False,reject,False
19-022-0680-02-2002,Goodrich Elem School,IL,WOODRIDGE,141810,Elmwood High School,ELMWOOD,76.92307692307692,76.92307692307692,False,reject,False
19-022-0680-02-2006,John L Sipley Elem School,IL,WOODRIDGE,141844,Cove School,NORTHBROOK,70.58823529411765,44.44444444444444,False,reject,False
19-022-0680-02-2003,Meadowview Elem School,IL,WOODRIDGE,141844,Cove School,NORTHBROOK,70.58823529411765,60.60606060606061,False,reject,False
19-022-0680-02-1001,Thomas Jefferson Jr High School,IL,WOODRIDGE,143712,Thomas Jefferson High School,ROCKFORD,100.0,94.91525423728814,False,auto_accept,False
19-022-0680-02-2005,William F Murphy Elem School,IL,WOODRIDGE,143347,William Fremd High School,PALATINE,71.7948717948718,71.69811320754718,False,reject,False
19-022-0680-02-2004,Willow Creek Elem School,IL,WOODRIDGE,141844,Cove School,NORTHBROOK,70.58823529411765,51.42857142857142,False,reject,False
44-063-2000-26-1007,Creekside Middle School,IL,WOODSTOCK,140108,Middle Fork School,DANVILLE,83.87096774193549,78.04878048780488,False,review,True
44-063-2000-26-2003,Dean Street Elem School,IL,WOODSTOCK,141844,Cove School,NORTHBROOK,70.58823529411765,47.05882352941176,False,reject,False
44-063-2000-26-2004,Greenwood Elem School,IL,WOODSTOCK,141844,Cove School,NORTHBROOK,70.58823529411765,50.0,False,reject,False
44-063-2000-26-2008,Mary Endres Elementary School,IL,WOODSTOCK,141844,Cove School,NORTHBROOK,70.58823529411765,40.0,False,reject,False
44-063-2000-26-1006,Northwood Middle School,IL,WOODSTOCK,140108,Middle Fork School,DANVILLE,83.87096774193549,63.41463414634146,False,reject,False
44-063-2000-26-2007,Olson Elementary School,IL,WOODSTOCK,141844,Cove School,NORTHBROOK,70.58823529411765,47.05882352941176,False,reject,False
44-063-2000-26-2010,Prairiewood Elem Sch,IL,WOODSTOCK,141870,Prairie Central High School,FAIRBURY,59.57446808510638,59.57446808510638,False,reject,False
44-063-2000-26-2009,Verda Dierzen Early Learning Ctr,IL,WOODSTOCK,140189,Harvest Christian Learning Ctr,NORTH AURORA,64.51612903225806,51.61290322580645,False,reject,False
44-063-2000-26-2006,Westwood Elem School,IL,WOODSTOCK,141810,Elmwood High School,ELMWOOD,71.7948717948718,51.28205128205128,False,reject,False
44-063-2000-26-0008,Woodstock High School,IL,WOODSTOCK,144470,Woodstock High School,WOODSTOCK,100.0,100.0,True,auto_accept,False
44-063-2000-26-0009,Woodstock North High School,IL,WOODSTOCK,144470,Woodstock High School,WOODSTOCK,100.0,87.5,True,auto_accept,False
07-016-1270-02-2001,Worth Elem School,IL,WORTH,143179,One World School,EAST MOLINE,72.72727272727272,72.72727272727273,False,reject,False
07-016-1270-02-1005,Worth Jr High School,IL,WORTH,142260,Heyworth High School,HEYWORTH,85.0,55.00000000000001,False,reject,False
07-016-1270-02-2004,Worthwoods Elem School,IL,WORTH,141844,Cove School,NORTHBROOK,70.58823529411765,48.484848484848484,False,reject,False
24-047-1150-26-2009,Autumn Creek Elem Sch,IL,YORKVILLE,143880,Indian Creek High School,SHABBONA,53.333333333333336,44.44444444444444,False,reject,False
24-047-1150-26-2008,Bristol Bay Elem Sch,IL,YORKVILLE,142594,Lena Baptist School,LENA,61.53846153846154,61.53846153846154,False,reject,False
24-047-1150-26-2004,Bristol Grade School,IL,BRISTOL,144361,Grace Christian School,JOHNSTON CITY,76.19047619047619,76.19047619047619,False,reject,False
24-047-1150-26-2002,Circle Center Grade School,IL,YORKVILLE,141844,Cove School,NORTHBROOK,70.58823529411765,48.64864864864865,False,reject,False
24-047-1150-26-2007,Grande Reserve Elem Sch,IL,YORKVILLE,141775,River Ridge Sch Elizabeth Sch,HANOVER,62.5,57.692307692307686,False,reject,False
24-047-1150-26-3001,Yorkville Early Childhood Center,IL,YORKVILLE,140228,Peace Center,DOLTON,66.66666666666666,45.45454545454546,False,reject,False
24-047-1150-26-2003,Yorkville Grade School,IL,YORKVILLE,144505,Yorkville High School,YORKVILLE,86.48648648648648,83.72093023255813,True,review,True
24-047-1150-26-0001,Yorkville High School,IL,YORKVILLE,144505,Yorkville High School,YORKVILLE,100.0,100.0,True,auto_accept,False
24-047-1150-26-2005,Yorkville Intermediate School,IL,YORKVILLE,144505,Yorkville High School,YORKVILLE,86.48648648648648,72.0,True,review,True
24-047-1150-26-1001,Yorkville Middle School,IL,YORKVILLE,144505,Yorkville High School,YORKVILLE,86.48648648648648,81.81818181818181,True,review,True
21-028-1880-26-2003,Zeigler-Royalton Elem School,IL,ZEIGLER,144510,Zeigler-Royalton High School,ZEIGLER,90.19607843137254,85.71428571428572,True,auto_accept,False
21-028-1880-26-0001,Zeigler-Royalton High School,IL,ZEIGLER,144510,Zeigler-Royalton High School,ZEIGLER,100.0,100.0,True,auto_accept,False
21-028-1880-26-1001,Zeigler-Royalton Jr High School,IL,ZEIGLER,144510,Zeigler-Royalton High School,ZEIGLER,100.0,94.91525423728814,True,auto_accept,False
34-049-0060-02-2007,Beulah Park Elem School,IL,ZION,141844,Cove School,NORTHBROOK,70.58823529411765,47.05882352941176,False,reject,False
34-049-0060-02-2002,East Elementary School,IL,ZION,143700,East High School,ROCKFORD,81.48148148148148,63.1578947368421,False,reject,False
34-049-0060-02-2008,Elmwood Elem School,IL,ZION,141810,Elmwood High School,ELMWOOD,84.84848484848484,73.6842105263158,False,review,True
34-049-0060-02-2009,Lakeview School,IL,ZION,140930,Lake View High School,CHICAGO,83.33333333333333,61.111111111111114,False,reject,False
34-049-0060-02-1002,Shiloh Park Middle School,IL,ZION,140108,Middle Fork School,DANVILLE,83.87096774193549,60.46511627906976,False,reject,False
34-049-0060-02-2006,West Elementary School,IL,ZION,142075,Glenbard West High School,GLEN ELLYN,72.34042553191489,72.34042553191489,False,reject,False
34-049-0060-02-1001,Zion Central Middle School,IL,ZION,140454,Central High School,BURLINGTON,84.84848484848484,71.11111111111111,False,review,True
34-049-1260-17-0002,Zion-Benton East High School,IL,ZION,143700,East High School,ROCKFORD,100.0,72.72727272727273,False,review,True
34-049-1260-17-0001,Zion-Benton Twnshp Hi Sch,IL,ZION,144515,Zion Benton Township High Schl,ZION,90.9090909090909,90.9090909090909,True,auto_accept,False
