source_id,source_name,state,source_city,CEEB,nu_name,nu_city,name_score_set,name_score_sort,city_match,tier,needs_review
A1900008,BUILD UP COMMUNITY SCHOOL,AL,BIRMINGHAM,010630,Bibb County High School,CENTREVILLE,70.83333333333333,66.66666666666667,f,reject,f
00000237,HOLY FAMILY CRISTO REY CATHOLIC HIGH SCHOOL,AL,BIRMINGHAM,011483,catholic high school,HUNTSVILLE,100,63.49206349206349,f,reject,f
00000226,JOHN CARROLL CATHOLIC HIGH SCHOOL,AL,BIRMINGHAM,012093,Carroll High School,OZARK,100,73.07692307692308,f,review,t
01925841,MCGILL-TOOLEN CATHOLIC HIGH SCHOOL,AL,MOBILE,011820,Mcgill-Toolen Catholic High School,MOBILE,100,100,t,auto_accept,f
A2100130,SOUTHERN CHRISTIAN PREPARATORY ACADEMY,AL,BIRMINGHAM,011869,alabama christian academy,MONTGOMERY,80.95238095238095,53.968253968253975,f,reject,f
A9900007,ST JOHN PAUL II CATHOLIC HIGH SCHOOL,AL,HUNTSVILLE,011483,catholic high school,HUNTSVILLE,100,71.42857142857143,t,review,t
00047854,CATHOLIC HIGH SCHOOL FOR BOYS,AR,LITTLE ROCK,040130,Bay High School,BAY,84.61538461538461,63.63636363636363,f,reject,f
00047978,MT ST MARY ACADEMY,AR,LITTLE ROCK,041440,mount st mary academy,LITTLE ROCK,100,100,t,auto_accept,f
A2390028,OUACHITA HILLS ACADEMY,AR,AMITY,041486,lisa academy high,LITTLE ROCK,66.66666666666666,66.66666666666667,f,reject,f
00048971,OZARK ADVENTIST ACADEMY,AR,GENTRY,040880,ozark adventist academy,GENTRY,100,100,t,auto_accept,f
01926277,ARIZONA LUTHERAN ACADEMY,AZ,PHOENIX,030262,arizona lutheran academy,PHOENIX,100,100,t,auto_accept,f
00031425,BOURGADE CATHOLIC HIGH SCHOOL,AZ,PHOENIX,030264,bourgade catholic high school,PHOENIX,100,100,t,auto_accept,f
A2190036,JOHN PAUL II CATHOLIC HIGH SCHOOL,AZ,AVONDALE,030000,Ajo High School,AJO,84.61538461538461,58.33333333333333,f,reject,f
A0300071,NOTRE DAME PREPARATORY,AZ,SCOTTSDALE,030392,Notre Dame Preparatory Hs,SCOTTSDALE,100,78.57142857142857,t,review,t
A0100609,PUSCH RIDGE CHRISTIAN ACADEMY UPPER SCHOOL,AZ,TUCSON,030422,spring ridge academy,SPRING VALLEY,78.78787878787878,54.83870967741935,f,reject,f
00030942,SALPOINTE CATHOLIC HIGH SCHOOL,AZ,TUCSON,030510,salpointe catholic high school,TUCSON,100,100,t,auto_accept,f
A0500087,SAN MIGUEL HIGH SCHOOL,AZ,TUCSON,030602,san miguel high school,TUCSON,100,100,t,auto_accept,f
A2100209,SAN PEDRO VALLEY ACADEMY,AZ,HUACHUCA CITY,030244,East Valley Academy,MESA,84.84848484848484,79.06976744186046,f,review,t
00031491,SETON CATHOLIC PREPARATORY,AZ,CHANDLER,030528,Tucson Preparatory School,TUCSON,78.43137254901961,62.745098039215684,f,reject,f
A1170278,SHEARIM TORAH HIGH SCHOOL,AZ,PHOENIX,030000,Ajo High School,AJO,84.61538461538461,55.00000000000001,f,reject,f
A0700055,ST AUGUSTINE CATHOLIC HIGH SCHOOL,AZ,TUCSON,030542,saint augustine catholic hs,TUCSON,100,100,t,auto_accept,f
00031301,ST MARY'S CATHOLIC HIGH SCHOOL,AZ,PHOENIX,030542,saint augustine catholic hs,TUCSON,86.79245283018868,73.01587301587303,f,review,t
00033331,THUNDERBIRD ADVENTIST ACADEMY,AZ,SCOTTSDALE,030312,Thunderbird High School,PHOENIX,64.70588235294117,53.84615384615385,f,reject,f
A9100470,VALLEY LUTHERAN HIGH SCHOOL,AZ,PHOENIX,030385,Valley High School,SANDERS,100,80,f,review,t
00032156,VERDE VALLEY SCHOOL,AZ,SEDONA,030410,verde valley school,SEDONA,100,100,t,auto_accept,f
00031265,XAVIER COLLEGE PREPARATORY,AZ,PHOENIX,030295,Xavier College Prep,PHOENIX,84.84848484848484,84.44444444444444,t,review,t
A1500117,YESHIVA HIGH SCHOOL OF ARIZONA,AZ,PHOENIX,030000,Ajo High School,AJO,84.61538461538461,62.22222222222222,f,reject,f
A0300076,YUMA CATHOLIC HIGH SCHOOL,AZ,YUMA,030570,Yuma High School,YUMA,100,78.04878048780488,t,review,t
00077164,ACADEMY OF OUR LADY OF PEACE,CA,SAN DIEGO,052820,academy lady of peace,SAN DIEGO,100,85.71428571428572,t,auto_accept,f
A2300077,ALKAVAIN ACADEMY,CA,SAN RAMON,052931,Pal Academy,SAN BERNARDINO,77.77777777777777,74.07407407407408,f,reject,f
00076706,AQUINAS HIGH SCHOOL,CA,SAN BERNARDINO,052772,aquinas high school,SAN BERNARDINO,100,100,t,auto_accept,f
01609418,ARCHBISHOP MITTY HIGH SCHOOL,CA,SAN JOSE,053078,archbishop mitty high school,SAN JOSE,100,100,t,auto_accept,f
00072596,ARCHBISHOP RIORDAN HIGH SCHOOL,CA,SAN FRANCISCO,053000,archbishop riordan high school,SAN FRANCISCO,100,100,t,auto_accept,f
BB220040,BAIS YAAKOV MACHON,CA,LOS ANGELES,052695,branson school,ROSS,50,50,f,reject,f
A9100696,BAKERSFIELD CHRISTIAN HIGH SCHOOL,CA,BAKERSFIELD,050205,Bakersfield High School,BAKERSFIELD,100,82.14285714285714,t,auto_accept,f
A0900219,BAYHILL HIGH SCHOOL,CA,BERKELEY,050245,Bell High School,BELL,85.71428571428571,85.71428571428572,f,review,t
A1900237,BELLARMINE COLLEGE PREPARATORY,CA,SAN JOSE,051565,chaminade college preparatory,WEST HILLS,84.7457627118644,84.7457627118644,f,review,t
00081443,BEREAN CHRISTIAN HIGH SCHOOL,CA,WALNUT CREEK,053683,berean christian high school,WALNUT CREEK,100,100,t,auto_accept,f
A2100280,BESANT HILL SCHOOL OF HAPPY VALLEY,CA,OJAI,053588,oak hill school,WINTERS,84.61538461538461,53.06122448979591,f,reject,f
A9100516,BISHOP ALEMANY HIGH SCHOOL,CA,MISSION HILLS,052898,bishop alemany high school,MISSION HILLS,100,100,t,auto_accept,f
00071399,BISHOP AMAT MEMORIAL HIGH SCHOOL,CA,LA PUENTE,051362,bishop amat memorial hs,LA PUENTE,100,100,t,auto_accept,f
A9300090,BISHOP CONATY-OUR LADY OF LORETTO HIGH SCHOOL,CA,LOS ANGELES,051330,bishop's school,LA JOLLA,92.85714285714286,46.666666666666664,f,reject,f
00070012,BISHOP GARCIA DIEGO HIGH SCHOOL,CA,SANTA BARBARA,053245,bishop garcia diego high sch,SANTA BARBARA,94.91525423728814,94.91525423728814,t,auto_accept,f
A1900251,BISHOP MONTGOMERY HIGH,CA,TORRANCE,051239,Montgomery High School,SAN DIEGO,86.36363636363636,68.18181818181819,f,review,t
00070792,BISHOP MORA SALESIAN,CA,LOS ANGELES,052637,salesian high school,RICHMOND,70,55.00000000000001,f,reject,f
00074833,BISHOP ODOWD HIGH SCHOOL,CA,OAKLAND,052185,bishop odowd high school,OAKLAND,100,100,t,auto_accept,f
A1700135,BNOS ESTHER H.S.,CA,LOS ANGELES,050929,Ivy High School,FALLBROOK,84.61538461538461,57.89473684210527,f,reject,f
A1300163,BROOKSHIRE INTERNATIONAL ACADEMY,CA,LA MESA,052956,International Studies Academy,SAN FRANCISCO,84,68.85245901639344,f,review,t
A1700151,C4L ACADEMY,CA,IRVINE,052931,Pal Academy,SAN BERNARDINO,81.81818181818181,81.81818181818181,f,review,t
A9500298,CALIFORNIA LUTHERAN HIGH SCHOOL,CA,WILDOMAR,053229,California High School,SAN RAMON,100,83.01886792452831,f,review,t
BB000071,CALIFORNIA UNIVERSITY PREPARATORY SCHOOL,CA,ROWLAND HEIGHTS,053912,university preparatory school,REDDING,100,84.05797101449275,f,review,t
00071468,CANTWELL SACRED HEART OF MARY,CA,MONTEBELLO,052020,cantwell/sacred heart mary hs,MONTEBELLO,94.54545454545455,77.61194029850746,t,review,t
00077721,CARDINAL NEWMAN HIGH SCHOOL,CA,SANTA ROSA,053326,cardinal newman high school,SANTA ROSA,100,100,t,auto_accept,f
00074913,CARONDELET HIGH SCHOOL,CA,CONCORD,050656,carondelet high school,CONCORD,100,100,t,auto_accept,f
A0900259,CATHEDRAL CATHOLIC HIGH SCHOOL,CA,SAN DIEGO,052896,cathedral catholic hs,SAN DIEGO,100,100,t,auto_accept,f
A2400017,CATHEDRAL HIGH SCHOOL,CA,LOS ANGELES,050508,Cathedral City High School,CATHEDRAL CITY,100,89.36170212765957,f,auto_accept,f
00077798,CENTRAL CATHOLIC HIGH SCHOOL,CA,MODESTO,051563,Central High School,LOS ANGELES,100,80.85106382978724,f,review,t
A2300149,CHESTERTON ACADEMY OF SACRAMENTO,CA,NORTH HIGHLANDS,053916,met sacramento,SACRAMENTO,83.33333333333333,60.86956521739131,f,reject,f
A2300151,CHESTERTON ACADEMY OF ST JAMES,CA,MENLO PARK,052931,Pal Academy,SAN BERNARDINO,77.77777777777777,43.90243902439024,f,reject,f
A2300153,CHESTERTON ACADEMY OF THE MOST HOLY EUCHARIST,CA,YUBA CITY,051514,the kings academy,SUNNYVALE,78.57142857142857,45.16129032258065,f,reject,f
00076149,CHRISTIAN BROTHERS HIGH SCHOOL,CA,SACRAMENTO,052697,christian brothers high school,SACRAMENTO,100,100,t,auto_accept,f
02009668,CHRISTIAN ENCOUNTER HIGH SCHOOL,CA,GRASS VALLEY,053746,oaks christian high school,WESTLAKE VILLAGE,89.36170212765957,73.6842105263158,f,review,t
A2370251,COLEMA ACADEMY,CA,SAN DIEGO,052931,Pal Academy,SAN BERNARDINO,77.77777777777777,72,f,reject,f
A1500229,COMPASS HIGH SCHOOL,CA,BELMONT,050923,Oasis High School,FALLBROOK,88.88888888888889,61.111111111111114,f,reject,f
BB080243,CREAN LUTHERAN HIGH SCHOOL,CA,IRVINE,051373,lutheran high school,LA VERNE,100,86.95652173913044,f,auto_accept,f
00070577,CRESPI CARMELITE HIGH SCHOOL,CA,ENCINO,050867,crespi carmelite high school,ENCINO,100,100,t,auto_accept,f
A1900356,CRISTO REY DE LA SALLE EAST BAY HIGH SCHOOL,CA,OAKLAND,050949,East High School,FORTUNA,100,54.23728813559322,f,reject,f
A0700154,CRISTO REY HIGH SCHOOL,CA,SACRAMENTO,051573,Del Rey High School,LOS ANGELES,88.23529411764706,78.04878048780488,f,review,t
A2100335,CRISTO REY SAN DIEGO HIGH SCHOOL,CA,SAN DIEGO,052885,San Diego High School,SAN DIEGO,100,79.24528301886792,t,review,t
A1500243,CRISTO REY SAN JOSE JESUIT HIGH SCHOOL,CA,SAN JOSE,052714,jesuit high school,CARMICHAEL,100,64.28571428571428,f,reject,f
00074902,DE LA SALLE HIGH SCHOOL,CA,CONCORD,050662,de la salle high school,CONCORD,100,100,t,auto_accept,f
A2100345,DEWAY SCHOOL,CA,CITY OF INDUSTRY,052940,drew school,SAN FRANCISCO,86.95652173913044,86.95652173913044,f,review,t
00087944,EDGEWOOD CENTER FOR CHILDREN & FAMILIES,CA,SAN FRANCISCO,052288,La Vista Center,ORANGEVALE,57.142857142857146,39.28571428571429,f,reject,f
BB240226,EF ACADEMY,CA,PASADENA,050598,Alta Vista Academy Community Day School,NONE,82.35294117647058,32.6530612244898,f,reject,f
A2300193,EF ACADEMY PASADENA,CA,PASADENA,054579,fusion academy - pasadena,LOS ANGELES,91.42857142857143,85.71428571428572,f,auto_accept,f
BB060032,EXCELSIOR SCHOOL,CA,ARCADIA,051584,excelsior jr-sr high school,PASADENA,100,74.4186046511628,f,review,t
00071854,FLINTRIDGE SACRED HEART ACADEMY,CA,LA CANADA FLINTRIDGE,052380,flintridge sacred heart acad,LA CANADA,94.91525423728814,94.91525423728814,f,auto_accept,f
BB980124,FOOTHILL PREPARATORY SCHOOL,CA,TEMPLE CITY,050213,Foothill High School,BAKERSFIELD,85.71428571428571,68.08510638297872,f,review,t
A2370290,FOOTHILLS CHRISTIAN HIGH SCHOOL,CA,EL CAJON,051452,foothills christian high sch,EL CAJON,94.91525423728814,94.91525423728814,t,auto_accept,f
A2300217,FRANKLIN ACADEMY,CA,IRVINE,052931,Pal Academy,SAN BERNARDINO,77.77777777777777,74.07407407407408,f,reject,f
00074017,GARCES MEMORIAL HIGH SCHOOL,CA,BAKERSFIELD,050215,garces memorial high school,BAKERSFIELD,100,100,t,auto_accept,f
A9500465,GATES OF LEARNING CENTER,CA,ROSEVILLE,051788,Foshay Learning Center,LOS ANGELES,81.08108108108108,73.91304347826086,f,review,t
00077663,HANNA ACADEMY,CA,SONOMA,052931,Pal Academy,SAN BERNARDINO,77.77777777777777,75,f,reject,f
A1300262,HIGH BLUFF ACADEMY,CA,RANCHO SANTA FE,053036,high bluff academy,SAN DIEGO,100,100,f,auto_accept,f
00094973,HOLDEN HIGH SCHOOL,CA,ORINDA,051410,Linden High School,LINDEN,88.88888888888889,88.88888888888889,f,review,t
00074822,HOLY NAMES HIGH SCHOOL,CA,OAKLAND,052200,holy names high school,OAKLAND,100,100,t,auto_accept,f
00072483,ICA CRISTO REY ACADEMY,CA,SAN FRANCISCO,052931,Pal Academy,SAN BERNARDINO,77.77777777777777,54.54545454545454,f,reject,f
AA890063,IDYLLWILD ARTS ACADEMY,CA,IDYLLWILD,051236,idyllwild arts academy,IDYLLWILD,100,100,t,auto_accept,f
A2100413,IMMANUEL HOUSE INSTITUTE OF HIGHER LEARNING,CA,MORENO VALLEY,053361,Learning Post,VALENCIA,76.19047619047619,35.71428571428571,f,reject,f
00075859,JESUIT HIGH SCHOOL,CA,CARMICHAEL,052714,jesuit high school,CARMICHAEL,100,100,t,auto_accept,f
A0500413,JEWISH COMMUNITY HIGH SCHOOL OF THE BAY,CA,SAN FRANCISCO,052984,jewish community hs of the bay,SAN FRANCISCO,100,100,t,auto_accept,f
A2370334,JIM ELLIOT CHRISTIAN HIGH SCHOOL,CA,LODI,053746,oaks christian high school,WESTLAKE VILLAGE,89.36170212765957,75.86206896551724,f,review,t
A1100200,JOURNEY ACADEMY,CA,SEBASTOPOL,052931,Pal Academy,SAN BERNARDINO,77.77777777777777,61.53846153846154,f,reject,f
A0300335,JSERRA CATHOLIC HIGH SCHOOL,CA,SAN JUAN CAPISTRANO,051982,central catholic high school,MODESTO,87.27272727272728,72.72727272727273,f,review,t
A2370335,JSERRA CATHOLIC HIGH SCHOOL,CA,SAN MATEO,051982,central catholic high school,MODESTO,87.27272727272728,72.72727272727273,f,review,t
00073148,JUNIPERO SERRA HIGH SCHOOL,CA,SAN MATEO,052891,Junipero Serra High School,SAN DIEGO,100,100,f,auto_accept,f
00077539,JUSTIN-SIENA,CA,NAPA,052082,justin siena high school,NAPA,100,66.66666666666667,t,review,t
A0500422,KEHILLAH JEWISH HIGH SCHOOL,CA,PALO ALTO,053173,kehillah jewish high school,PALO ALTO,100,100,t,auto_accept,f
00071457,LA SALLE COLLEGE PREPARATORY,CA,PASADENA,052192,college preparatory school,OAKLAND,84.44444444444444,81.4814814814815,f,review,t
A2100435,LAKE TAHOE PREPARATORY SCHOOL,CA,OLYMPIC VALLEY,054164,tilden preparatory school,ALBANY,83.72093023255815,77.77777777777779,f,review,t
01613388,LAKE TAHOE PREPATORY SCHOOL,CA,OLYMPIC VALLEY,054164,tilden preparatory school,ALBANY,73.07692307692308,73.07692307692308,f,reject,f
A1500366,LEGEND COLLEGE PREPARATORY,CA,CUPERTINO,053208,Latino College Preparatory Academy,SAN JOSE,84.44444444444444,73.33333333333334,f,review,t
BB200093,LIGHTHOUSE CHRISTIAN ACADEMY,CA,SANTA MONICA,054356,upland christian academy,RANCHO CUCAMONGA,82.92682926829268,73.07692307692308,f,review,t
A1992094,LIVING WIDSOM HIGH SCHOOL,CA,PALO ALTO,051430,Livingston High School,LIVINGSTON,85.1063829787234,76.59574468085107,f,review,t
00095489,LODI ACADEMY,CA,LODI,053844,Somis Academy,CAMARILLO,80,80,f,review,t
A0101086,LOS ANGELES COMPUTER SCIENCE ACADEMY,CA,LOS ANGELES,051612,fusion academy - los angeles,LOS ANGELES,84.44444444444444,67.74193548387098,t,review,t
00071107,LOUISVILLE HIGH SCHOOL,CA,WOODLAND HILLS,053802,louisville high school,WOODLAND HILLS,100,100,t,auto_accept,f
A0300412,MARANATHA HIGH SCHOOL,CA,PASADENA,052686,maranatha high school,PASADENA,100,100,t,auto_accept,f
00083473,MARIN ACADEMY,CA,SAN RAFAEL,054841,fusion academy marin,SAN RAFAEL,100,78.78787878787878,t,review,t
00073374,MARIN CATHOLIC HIGH SCHOOL,CA,KENTFIELD,052172,San Marin High School,NOVATO,89.47368421052632,72.34042553191489,f,review,t
00071912,MARYMOUNT HIGH SCHOOL LOS ANGELES,CA,LOS ANGELES,051680,Los Angeles Senior High School,LOS ANGELES,86.79245283018868,73.01587301587303,t,review,t
A0900415,MATER DEI CATHOLIC H.S.,CA,CHULA VISTA,053240,mater dei high school,SANTA ANA,100,82.35294117647058,f,review,t
00088245,MAYBECK HIGH SCHOOL,CA,BERKELEY,052218,maybeck high school,BERKELEY,100,100,t,auto_accept,f
00071027,MAYFIELD SENIOR SCHOOL,CA,PASADENA,052395,mayfield senior school,PASADENA,100,100,t,auto_accept,f
A0500501,MERIT ACADEMY,CA,SANTA CRUZ,054720,meira academy,PALO ALTO,84.61538461538461,84.61538461538461,f,review,t
A1900550,MESIVTA BIRKAS YITZCHOK,CA,LOS ANGELES,052299,Rio Mesa High School,OXNARD,51.16279069767442,51.162790697674424,f,reject,f
A9900526,MESIVTA OF GREATER LOS ANGELES,CA,CALABASAS,054055,port of los angeles high sch,SAN PEDRO,68.9655172413793,55.172413793103445,f,reject,f
01900601,MID-PENINSULA HIGH SCHOOL,CA,MENLO PARK,052812,Peninsula High School,SAN BRUNO,100,91.30434782608697,f,auto_accept,f
00083564,MIDLAND SCHOOL CORPORATION,CA,LOS OLIVOS,053176,Noli School,NONE,70.58823529411765,48.64864864864865,f,reject,f
00074265,MISSION COLLEGE PREP CATHOLIC HIGH SCHOOL,CA,SAN LUIS OBISPO,053140,mission college prep high sch,SAN LUIS OBISPO,92.5925925925926,82.85714285714285,t,auto_accept,f
00095671,MONTEREY BAY ACADEMY,CA,LA SELVA BEACH,053700,monterey bay academy,LA SELVA BEACH,100,100,t,auto_accept,f
00074866,MOREAU CATHOLIC HIGH SCHOOL,CA,HAYWARD,051982,central catholic high school,MODESTO,85.1063829787234,72.72727272727273,f,review,t
00095707,MTN VIEW ACADEMY,CA,MOUNTAIN VIEW,052931,Pal Academy,SAN BERNARDINO,77.77777777777777,59.25925925925925,f,reject,f
00095751,NEWBURY PARK ADVENTIST ACADEMY,CA,NEWBURY PARK,050987,fresno adventist academy,FRESNO,82.92682926829268,70.37037037037037,f,review,t
A9100671,NORTH BAY CHRISTIAN ACADEMY,CA,NOVATO,054356,upland christian academy,RANCHO CUCAMONGA,82.92682926829268,74.50980392156863,f,review,t
00090356,NORTHPOINT SCHOOL & INTENSIVE OUTPATIENT PROGRAM,CA,NORTHRIDGE,053176,Noli School,NONE,70.58823529411765,32.786885245901644,f,reject,f
00070191,NOTRE DAME ACADEMY GIRLS HIGH SCHOOL,CA,LOS ANGELES,052748,notre dame high school,SALINAS,100,75.86206896551724,f,review,t
00074276,NOTRE DAME HIGH SCHOOL,CA,SALINAS,052748,notre dame high school,SALINAS,100,100,t,auto_accept,f
00071446,NOTRE DAME HIGH SCHOOL,CA,SHERMAN OAKS,052748,notre dame high school,SALINAS,100,100,f,auto_accept,f
A1500426,NOTRE DAME HIGH SCHOOL,CA,RIVERSIDE,052748,notre dame high school,SALINAS,100,100,f,auto_accept,f
A0700251,PACIFICA CHRISTIAN HIGH SCHOOL,CA,SANTA MONICA,051034,Pacifica High School,GARDEN GROVE,100,80,f,review,t
A2300375,"PACIFICA CHRISTIAN HIGH SCHOOL, ORANGE COUNTY",CA,NEWPORT BEACH,051034,Pacifica High School,GARDEN GROVE,100,62.5,f,reject,f
00070624,PARACLETE HIGH SCHOOL,CA,LANCASTER,051356,paraclete high school,LANCASTER,100,100,t,auto_accept,f
00095911,PARADISE ADVENTIST ELEMENTARY SCHOOL,CA,PARADISE,052361,paradise adventist school,PARADISE,100,81.9672131147541,t,auto_accept,f
A2370429,PIONEER PROGRAMS-COMMUNITY SCHOOL OF SAN DIEGO HIG,CA,SAN DIEGO,052885,San Diego High School,SAN DIEGO,86.48648648648648,56.33802816901409,t,reject,f
01609338,PRESENTATION HIGH SCHOOL,CA,SAN JOSE,053097,presentation high school,SAN JOSE,100,100,t,auto_accept,f
00071559,PROVIDENCE HIGH SCHOOL,CA,BURBANK,050402,providence high school,BURBANK,100,100,t,auto_accept,f
00094587,PUC PREPARATORY SCHOOL,CA,ANGWIN,051605,George Washington Preparatory High School,LOS ANGELES,90,57.14285714285714,f,reject,f
A2190131,QUEST FORWARD HIGH SCHOOL,CA,SANTA ROSA,050929,Ivy High School,FALLBROOK,84.61538461538461,60,f,reject,f
BB910074,RAMONA CONVENT SECONDARY SCHOOL,CA,ALHAMBRA,050060,ramona convent secondary sch,ALHAMBRA,94.91525423728814,94.91525423728814,t,auto_accept,f
00069437,RENAISSANCE ACADEMY,CA,ARCADIA,052931,Pal Academy,SAN BERNARDINO,77.77777777777777,60,f,reject,f
00096008,RIO LINDO ADVENTIST ACADEMY,CA,HEALDSBURG,050987,fresno adventist academy,FRESNO,82.92682926829268,78.43137254901961,f,review,t
A1900672,RISE UNIVERSITY PREPARATORY,CA,SAN FRANCISCO,053202,University Preparatory Charter Academy,OAKLAND,89.79591836734694,67.6923076923077,f,review,t
00075484,ROSARY ACADEMY,CA,FULLERTON,051121,wherry academy,REDWOOD CITY,78.57142857142857,78.57142857142857,f,reject,f
00074695,SALESIAN COLLEGE PREPARATORY,CA,RICHMOND,052192,college preparatory school,OAKLAND,84.44444444444444,81.4814814814815,f,review,t
00083509,SAN FRANCISCO UNIVERSITY HIGH SCHOOL,CA,SAN FRANCISCO,050936,University High School,FRESNO,100,75.86206896551724,f,review,t
00073942,SAN JOAQUIN MEMORIAL HIGH SCHOOL,CA,FRESNO,051273,San Joaquin High School,IRVINE,100,83.63636363636364,f,review,t
A1900695,SANTA CLARA HIGH SCHOOL,CA,OXNARD,053280,Santa Clara High School,SANTA CLARA,100,100,f,auto_accept,f
A1392008,SCY HIGH (SOUTHERN CALIFORNIA YESHIVA HIGH SCHOOL),CA,SAN DIEGO,053229,California High School,SAN RAMON,100,62.857142857142854,f,reject,f
BB180115,SEQUOYAH SCHOOL (HIGH SCHOOL CAMPUS),CA,GROVE,052728,West Campus High School,SACRAMENTO,87.8048780487805,70.17543859649122,f,review,t
01604147,SERVITE HIGH SCHOOL,CA,ANAHEIM,050088,servite high school,ANAHEIM,100,100,t,auto_accept,f
BB944617,SHALHEVET HIGH SCHOOL,CA,LOS ANGELES,051792,shalhevet school,LOS ANGELES,100,86.48648648648648,t,auto_accept,f
A0500674,SONOMA ACADEMY,CA,SANTA ROSA,053844,Somis Academy,CAMARILLO,81.48148148148148,81.4814814814815,f,review,t
00070602,ST ANTHONY HIGH SCHOOL,CA,LONG BEACH,051500,saint anthony high school,LONG BEACH,100,100,t,auto_accept,f
00070034,ST ANTHONY SCHOOL,CA,SAN GABRIEL,051500,saint anthony high school,LONG BEACH,100,87.17948717948718,f,auto_accept,f
00076954,ST AUGUSTINE HIGH SCHOOL,CA,SAN DIEGO,052880,saint augustine high school,SAN DIEGO,100,100,t,auto_accept,f
00071151,ST BERNARD HIGH SCHOOL,CA,PLAYA DEL REY,050898,saint bernard high school,EUREKA,100,100,f,auto_accept,f
00071129,ST BONAVENTURE HIGH SCHOOL,CA,VENTURA,053650,saint bonaventure high school,VENTURA,100,100,t,auto_accept,f
00075906,ST FRANCIS CATHOLIC HIGH SCHOOL,CA,SACRAMENTO,051311,saint francis high school,LA CANADA,100,83.01886792452831,f,review,t
00070974,ST FRANCIS HIGH SCHOOL,CA,LA CANADA FLINTRIDGE,051311,saint francis high school,LA CANADA,100,100,f,auto_accept,f
01609203,ST FRANCIS HIGH SCHOOL,CA,MOUNTAIN VIEW,051311,saint francis high school,LA CANADA,100,100,f,auto_accept,f
A0101292,ST FRANCIS HIGH SCHOOL SALESIAN COLLEGE PREP,CA,WATSONVILLE,052637,salesian high school,RICHMOND,100,62.5,f,reject,f
00070103,ST GENEVIEVE HIGH SCHOOL,CA,PANORAMA CITY,053631,saint genevieve high school,PANORAMA CITY,100,100,t,auto_accept,f
A1992154,ST JOHN BOSCO,CA,BELLFLOWER,050710,John Swett High School,CROCKETT,62.857142857142854,45.714285714285715,f,reject,f
00070125,ST JOSEPH HIGH SCHOOL,CA,SANTA MARIA,051349,saint joseph high school,LAKEWOOD,100,100,f,auto_accept,f
00071093,ST JOSEPH HIGH SCHOOL,CA,LAKEWOOD,051349,saint joseph high school,LAKEWOOD,100,100,t,auto_accept,f
00070985,ST LUCYS PRIORY HIGH SCHOOL,CA,GLENDORA,051075,saint lucy's priory hs,GLENDORA,98.18181818181819,94.54545454545455,t,auto_accept,f
00070861,ST MARY'S ACADEMY,CA,INGLEWOOD,052931,Pal Academy,SAN BERNARDINO,77.77777777777777,64.28571428571428,f,reject,f
00074924,ST MARY'S COLLEGE HIGH SCHOOL,CA,BERKELEY,050310,st marys college high school,ALBANY,98.24561403508773,98.24561403508771,f,auto_accept,f
00077867,ST MARY'S HIGH SCHOOL,CA,STOCKTON,053435,saint marys high school,STOCKTON,97.5609756097561,97.5609756097561,t,auto_accept,f
BB240254,ST MARYS HIGH SCHOOL,CA,STOCKTON,053435,saint marys high school,STOCKTON,100,100,t,auto_accept,f
00076262,ST PATRICK-ST VINCENT HIGH SCHOOL,CA,VALLEJO,053604,saint patrick-saint vincent hs,VALLEJO,100,100,t,auto_accept,f
00070147,ST PAUL HIGH SCHOOL,CA,SANTA FE SPRINGS,053761,saint paul high school,SANTA FE SPRINGS,100,100,t,auto_accept,f
BB200080,ST PIUS X - ST. MATTHIAS HIGH SCHOOL,CA,DOWNEY,053761,saint paul high school,SANTA FE SPRINGS,84.84848484848484,65.38461538461539,f,review,t
00077732,ST VINCENT DE PAUL HIGH SCHOOL,CA,PETALUMA,053761,saint paul high school,SANTA FE SPRINGS,100,77.55102040816327,f,review,t
A0500717,THE BAY SCHOOL OF SAN FRANCISCO,CA,SAN FRANCISCO,053985,bay school of san francisco,SAN FRANCISCO,100,93.10344827586206,t,auto_accept,f
AA001475,THE BRANSON SCHOOL,CA,ROSS,052695,branson school,ROSS,100,87.5,t,auto_accept,f
00083597,THE COLLEGE PREPARATORY SCHOOL,CA,OAKLAND,052192,college preparatory school,OAKLAND,100,92.85714285714286,t,auto_accept,f
00080814,THE THACHER SCHOOL,CA,OJAI,052265,thacher school,OJAI,100,87.5,t,auto_accept,f
A1390051,THE UNIVERSITY OF AMERICA HIGH SCHOOL,CA,TEMECULA,050936,University High School,FRESNO,100,74.57627118644068,f,review,t
00083484,THE WEBB SCHOOLS,CA,CLAREMONT,052265,thacher school,OJAI,66.66666666666666,66.66666666666667,f,reject,f
A2100647,UNIVERSITY OF SILVANER,CA,LOS ANGELES,050936,University High School,FRESNO,63.63636363636363,63.63636363636363,f,reject,f
A2100655,VALLEY CHRISTIAN HIGH SCHOOL,CA,CERRITOS,050736,Valley High School,DELANO,100,78.26086956521739,f,review,t
00081953,VALLEY TORAH HIGH SCHOOL,CA,VALLEY VILLAGE,050736,Valley High School,DELANO,100,85.71428571428572,f,auto_accept,f
A1500569,VALLEY TORAH HIGH SCHOOL GIRLS' DIVISION,CA,VALLEY VILLAGE,050736,Valley High School,DELANO,100,63.1578947368421,f,reject,f
00072086,VERBUM DEI JESUIT HIGH SCHOOL,CA,LOS ANGELES,051829,Verbum Dei High School,LOS ANGELES,100,86.27450980392157,t,auto_accept,f
BB120185,VILLAGE CHRISTIAN SCHOOL,CA,SUN VALLEY,053468,village christian high school,SUN VALLEY,100,90.56603773584906,t,auto_accept,f
00076987,VINCENT MEMORIAL CATHOLIC HIGH SCHOOL,CA,CALEXICO,050420,vincent memorial high school,CALEXICO,100,86.15384615384616,t,auto_accept,f
A2300521,WESLEY COLLEGE PREPARATORY SCHOOL,CA,ONTARIO,052192,college preparatory school,OAKLAND,100,88.13559322033898,f,auto_accept,f
A0900624,XAVIER COLLEGE PREPARATORY HIGH SCHOOL,CA,PALM DESERT,052192,college preparatory school,OAKLAND,100,81.25,f,review,t
00094124,YESHIVA GEDOLAH LOS ANGELES,CA,LOS ANGELES,051526,high tech high los angeles,LAKE BALBOA,70.83333333333333,64.15094339622642,f,reject,f
A1500411,YESHIVA NER ARYEH,CA,VALLEY VILLAGE,054083,southern california yeshiva hs,SAN DIEGO,58.333333333333336,50,f,reject,f
01899004,YESHIVA UNIVERSITY OF LOS ANGELES YULU BOYS,CA,LOS ANGELES,051526,high tech high los angeles,LAKE BALBOA,68.75,46.37681159420289,f,reject,f
A9101504,YULA GIRLS HIGH SCHOOL,CA,LOS ANGELES,051065,holy family girls high school,GLENDALE,87.17948717948718,66.66666666666667,f,review,t
A0700349,ARRUPE JESUIT HIGH SCHOOL,CO,DENVER,060468,arrupe jesuit high school,DENVER,100,100,t,auto_accept,f
00209206,BETH JACOB HIGH SCHOOL OF DENVER,CO,DENVER,060696,R-5 High School,GRAND JUNCTION,84.61538461538461,55.319148936170215,f,reject,f
00208075,BISHOP MACHEBEUF HIGH SCHOOL,CO,DENVER,060696,R-5 High School,GRAND JUNCTION,84.61538461538461,60.46511627906976,f,reject,f
AA000214,CAMPION ACADEMY,CO,LOVELAND,060945,campion academy,LOVELAND,100,100,t,auto_accept,f
A2300538,CHESTERTON ACADEMY OF OUR LADY OF VICTORY,CO,CENTENNIAL,060337,victory prep academy,COMMERCE CITY,85.71428571428571,55.73770491803278,f,reject,f
00209523,COLORADO ROCKY MOUNTAIN SCHOOL,CO,CARBONDALE,060215,colorado rocky mtn school,CARBONDALE,91.30434782608695,90.9090909090909,t,auto_accept,f
00209465,COLORADO TIMBERLINE ACADEMY,CO,DURANGO,060473,colorado timberline academy,DURANGO,100,100,t,auto_accept,f
A1900887,FORGE CHRISTIAN HIGH SCHOOL,CO,ARVADA,060499,vail christian high school,EDWARDS,89.36170212765957,79.24528301886792,f,review,t
00209217,FOUNTAIN VALLEY SCHOOL OF COLORADO,CO,COLORADO SPRINGS,060389,Colorado High School,DENVER,85.71428571428571,62.96296296296296,f,reject,f
00208042,MULLEN HIGH SCHOOL,CO,DENVER,060600,j k mullen high school,DENVER,100,90,t,auto_accept,f
A0101429,PIKES PEAK ACADEMY,CO,COLORADO SPRINGS,060318,pikes peak academy,COLORADO SPRINGS,100,100,t,auto_accept,f
A0500832,ROCKY MOUNTAIN LUTHERAN HIGH SCHOOL,CO,COMMERCE CITY,060588,Rocky Mountain High School,FORT COLLINS,100,85.24590163934427,f,auto_accept,f
A2392076,ST JOHN PAUL II HIGH SCHOOL,CO,WINDSOR,060696,R-5 High School,GRAND JUNCTION,84.61538461538461,57.14285714285714,f,reject,f
02181537,ST MARY'S HIGH SCHOOL,CO,COLORADO SPRINGS,060696,R-5 High School,GRAND JUNCTION,84.61538461538461,72.22222222222221,f,review,t
A0300672,TARA PERFORMING ARTS HIGH SCHOOL,CO,BOULDER,060696,R-5 High School,GRAND JUNCTION,84.61538461538461,59.57446808510638,f,reject,f
A2370899,VAIL CHRISTIAN HIGH SCHOOL,CO,EDWARD,060499,vail christian high school,EDWARDS,100,100,f,auto_accept,f
A9900882,VAIL CHRISTIAN HIGH SCHOOL,CO,EDWARDS,060499,vail christian high school,EDWARDS,100,100,t,auto_accept,f
A0900680,VALOR CHRISTIAN HIGH SCHOOL,CO,HIGHLANDS RANCH,060499,vail christian high school,EDWARDS,94.33962264150944,94.33962264150944,f,auto_accept,f
00209192,YESHIVA TORAS CHAIM HIGH SCHOOL,CO,DENVER,060696,R-5 High School,GRAND JUNCTION,84.61538461538461,52.17391304347826,f,reject,f
00230963,"ACADEMY OF OUR LADY OF MERCY, LAURALTON HALL",CT,MILFORD,070415,academy of our lady of mercy,MILFORD,100,78.87323943661973,t,review,t
00232461,ACADEMY OF THE HOLY FAMILY,CT,BALTIC,070110,Bacon Academy,COLCHESTER,70,51.28205128205128,f,reject,f
A1900925,BAIS CHANA ACADEMY HIGH SCHOOL FOR GIRLS,CT,ORANGE,070008,Avon High School,AVON,81.48148148148148,50,f,reject,f
A1500658,BAIS YAAKOV OF WATERBURY HIGH SCHOOL,CT,NAUGATUCK,070008,Avon High School,AVON,81.48148148148148,50,f,reject,f
00233261,CHOATE ROSEMARY HALL,CT,WALLINGFORD,070810,choate rosemary hall,WALLINGFORD,100,100,t,auto_accept,f
00230861,EAST CATHOLIC HIGH SCHOOL,CT,MANCHESTER,070896,northwest catholic high school,WEST HARTFORD,88.88888888888889,72.72727272727273,f,review,t
00232144,FAIRFIELD COLLEGE PREPARATORY,CT,FAIRFIELD,070190,fairfield college preparatory,FAIRFIELD,100,100,t,auto_accept,f
A1500702,FORMAN SCHOOL,CT,LITCHFIELD,070105,The Morgan School,CLINTON,73.33333333333333,73.33333333333334,f,reject,f
A1300534,FUTURES SCHOOL,CT,WEST HARTFORD,070615,pomfret school,POMFRET,71.42857142857143,71.42857142857143,f,reject,f
00230114,HOLY CROSS HIGH SCHOOL,CT,WATERBURY,070838,holy cross high school,WATERBURY,100,100,t,auto_accept,f
00231661,IMMACULATE HIGH SCHOOL,CT,DANBURY,070125,immaculate high school,DANBURY,100,100,t,auto_accept,f
00232541,KENT SCHOOL,CT,KENT,070330,kent school,KENT,100,100,t,auto_accept,f
00232122,KOLBE CATHEDRAL HIGH SCHOOL,CT,BRIDGEPORT,070053,kolbe-cathedral high school,BRIDGEPORT,100,100,t,auto_accept,f
00232406,MARIANAPOLIS PREP SCHOOL,CT,THOMPSON,070780,marianapolis preparatory sch,THOMPSON,80.76923076923077,80.76923076923077,t,review,t
00232202,MERCY HIGH SCHOOL,CT,MIDDLETOWN,070398,mercy high school,MIDDLETOWN,100,100,t,auto_accept,f
00233206,MISS PORTER'S SCHOOL,CT,FARMINGTON,070210,miss porter's school,FARMINGTON,100,100,t,auto_accept,f
00230293,NORTHWEST CATHOLIC HIGH SCHOOL,CT,WEST HARTFORD,070896,northwest catholic high school,WEST HARTFORD,100,100,t,auto_accept,f
00231581,NOTRE DAME CATHOLIC HIGH SCHOOL,CT,FAIRFIELD,070905,notre dame high school,WEST HAVEN,100,83.01886792452831,f,review,t
00230307,NOTRE DAME HIGH SCHOOL,CT,WEST HAVEN,070905,notre dame high school,WEST HAVEN,100,100,t,auto_accept,f
A2100745,OAK HILL SCHOOL AT HADDAM-KILLINGWORTH HIGH SCHOOL,CT,HIGGANUM,070324,Haddam-Killingworth High School,HIGGANUM,100,76.54320987654322,t,review,t
A1300544,OPTIONS EDUCATIONAL SERVICES,CT,HARTFORD,070113,Transitional Educational,COLUMBIA,62.857142857142854,61.53846153846154,f,reject,f
00232949,POMFRET SCHOOL,CT,POMFRET,070615,pomfret school,POMFRET,100,100,t,auto_accept,f
00231082,SACRED HEART ACADEMY,CT,HAMDEN,070263,sacred heart academy,HAMDEN,100,100,t,auto_accept,f
00232552,SALISBURY SCHOOL,CT,SALISBURY,070675,Simsbury High School,SIMSBURY,77.77777777777777,44.44444444444444,f,reject,f
00232563,SOUTH KENT SCHOOL,CT,SOUTH KENT,070330,kent school,KENT,100,78.57142857142857,f,review,t
00231865,ST JOSEPH HIGH SCHOOL,CT,TRUMBULL,070797,saint joseph high school,TRUMBULL,100,100,t,auto_accept,f
A2190194,ST PAUL CATHOLIC HIGH SCHOOL,CT,BRISTOL,070896,northwest catholic high school,WEST HARTFORD,83.33333333333333,72.41379310344827,f,review,t
A1900950,SUFFIELD ACADEMY,CT,SUFFIELD,070110,Bacon Academy,COLCHESTER,70,55.172413793103445,f,reject,f
A0101540,THE CHESHIRE ACADEMY,CT,CHESHIRE,070095,cheshire academy,CHESHIRE,100,88.88888888888889,t,auto_accept,f
00233181,THE FREDERICK GUNN SCHOOL,CT,WASHINGTON,070105,The Morgan School,CLINTON,74.07407407407408,66.66666666666667,f,reject,f
00233115,THE HOTCHKISS SCHOOL,CT,LAKEVILLE,070335,hotchkiss school,LAKEVILLE,100,88.88888888888889,t,auto_accept,f
00233341,THE LOOMIS CHAFFEE SCHOOL,CT,WINDSOR,070105,The Morgan School,CLINTON,74.07407407407408,57.14285714285714,f,reject,f
00232971,THE OXFORD ACADEMY,CT,WESTBROOK,070110,Bacon Academy,COLCHESTER,70,58.06451612903225,f,reject,f
02159308,THE WOODHALL SCHOOL,CT,BETHLEHEM,070028,woodhall school,BETHLEHEM,100,88.23529411764706,t,auto_accept,f
00233363,WESTMINSTER SCHOOL,CT,SIMSBURY,070395,westover school,MIDDLEBURY,78.78787878787878,78.78787878787878,f,reject,f
00232905,WESTOVER SCHOOL,CT,MIDDLEBURY,070395,westover school,MIDDLEBURY,100,100,t,auto_accept,f
A2100758,YESHIVA GEDOLAH OF WATERBURY- MESIVTA DURHAM,CT,DURHAM,070867,Waterbury Arts Magnet School,WATERBURY,50.70422535211268,47.887323943661976,f,reject,f
A2190198,ARCHBISHOP CARROLL HIGH SCHOOL,DC,WASHINGTON,090125,Mckinley High School,WASHINGTON,70.96774193548387,52,t,reject,f
00252659,GEORGETOWN VISITATION PREPARATORY SCHOOL,DC,WASHINGTON,090080,Georgetown Visitation Prep Sch,WASHINGTON,85.71428571428571,85.71428571428572,t,review,t
A9700911,MODEL SECONDARY SCHOOL FOR THE DEAF,DC,WASHINGTON,090115,maret school,WASHINGTON,66.66666666666666,42.553191489361694,t,reject,f
A2100775,ST JEROME INSTITUTE,DC,WASHINGTON,090101,Kamit Institute Public Charter School,WASHINGTON,64.28571428571428,46.42857142857143,t,reject,f
00253062,ST JOHNS COLLEGE HIGH SCHOOL,DC,WASHINGTON,090185,ST JOHNS COLLEGE HIGH SCHOOL,WASHINGTON,100,100,t,auto_accept,f
A0700397,DELMARVA CHRISTIAN HIGH SCHOOL,DE,GEORGETOWN,080113,Christiana High School,NEWARK,84.61538461538461,84.61538461538461,f,review,t
00249486,PADUA ACADEMY,DE,WILMINGTON,080183,Padua Academy,WILMINGTON,100,100,t,auto_accept,f
00249737,ST ANDREW'S SCHOOL,DE,MIDDLETOWN,080095,saint andrews school,MIDDLETOWN,97.14285714285714,97.14285714285714,t,auto_accept,f
00249577,ST MARK'S HIGH SCHOOL,DE,WILMINGTON,080194,saint marks high school,WILMINGTON,97.5609756097561,97.5609756097561,t,auto_accept,f
A2300642,AIM HIGH INTL,FL,DAYTONA BEACH,101465,North Marion High School,CITRA,59.45945945945946,48.64864864864865,f,reject,f
A1592009,AMERICAN WORLDWIDE ACADEMY,FL,MIAMI,100179,img academy,BRADENTON,77.77777777777777,48.64864864864865,f,reject,f
A9901147,ARCHBISHOP MCCARTHY HIGH SCHOOL,FL,SOUTHWEST RANCHES,100815,Jay High School,JAY,84.61538461538461,60.86956521739131,f,reject,f
A2100848,BEIT APEL SHAULSON FAMILY CAMPUS FOR GIRLS,FL,MIAMI,100357,Pace Center For Girls,DAYTONA BEACH,60,44.44444444444444,f,reject,f
A0300789,BISHOP JOHN J SNYDER HIGH SCHOOL,FL,JACKSONVILLE,100819,bishop john j snyder hs,JACKSONVILLE,100,100,t,auto_accept,f
00258504,BISHOP KENNY HIGH SCHOOL,FL,JACKSONVILLE,100740,bishop kenny high school,JACKSONVILLE,100,100,t,auto_accept,f
A0500972,BISHOP MCLAUGHLIN CATHOLIC HIGH SCHOOL,FL,SPRING HILL,101731,tampa catholic high school,TAMPA,86.95652173913044,62.5,f,reject,f
00258027,BISHOP MOORE CATHOLIC HIGH SCHOOL,FL,ORLANDO,101731,tampa catholic high school,TAMPA,86.95652173913044,67.79661016949152,f,review,t
00257599,CARDINAL GIBBONS HIGH SCHOOL,FL,FORT LAUDERDALE,100469,cardinal gibbons high school,FORT LAUDERDALE,100,100,t,auto_accept,f
00258672,CARDINAL MOONEY CATHOLIC HIGH SCHOOL,FL,SARASOTA,101572,cardinal mooney high school,SARASOTA,100,85.71428571428572,t,auto_accept,f
00256904,CARDINAL NEWMAN HIGH SCHOOL,FL,WEST PALM BEACH,101835,cardinal newman high school,WEST PALM BEACH,100,100,t,auto_accept,f
BB180564,CAREER ONLINE HIGH SCHOOL,FL,POMPANO BEACH,100815,Jay High School,JAY,84.61538461538461,60,f,reject,f
A1790130,CAREER PREP ACADEMY OF SOUTH,FL,CUTLER BAY,100179,img academy,BRADENTON,77.77777777777777,41.02564102564102,f,reject,f
00257475,CHAMINADE MADONNA COLLEGE PREPARATORY,FL,HOLLYWOOD,100678,chaminade-madonna coll prep,HOLLYWOOD,84.375,84.375,t,review,t
A2380011,CHESTERTON ACADEMY OF ORLANDO,FL,WINTER PARK,100179,img academy,BRADENTON,77.77777777777777,40,f,reject,f
A2100913,CHRISTIAN LEARNING ACADEMY APOPKA INC.,FL,APOPKA,100788,trinity christian academy,JACKSONVILLE,80.95238095238095,67.74193548387098,f,review,t
00257318,CHRISTOPHER COLUMBUS HIGH SCHOOL,FL,MIAMI,101048,CHRISTOPHER COLUMBUS HIGH SCHOOL,MIAMI,100,100,t,auto_accept,f
00258741,CLEARWATER CENTRAL CATHOLIC HIGH SCHOOL,FL,CLEARWATER,100177,Central High School,BROOKSVILLE,100,65.51724137931035,f,review,t
A1901093,CRISTO REY TAMPA SALESIAN HIGH SCHOOL,FL,TAMPA,100815,Jay High School,JAY,84.61538461538461,50,f,reject,f
A1901117,EBENEZER INTERNATIONAL CHRISTIAN ACADEMY,FL,HIALEAH,100788,trinity christian academy,JACKSONVILLE,80.95238095238095,67.6923076923077,f,review,t
A2300713,ED CORPS HIGH SCHOOL,FL,EASTPOINT,100815,Jay High School,JAY,84.61538461538461,62.857142857142854,f,reject,f
A1399031,EDITH ROBINSON CHRISTIAN ACADEMY,FL,PLANTATION,100788,trinity christian academy,JACKSONVILLE,80.95238095238095,77.19298245614034,f,review,t
A1500875,ELEVATION PREPARATORY ACADEMY,FL,SARASOTA,102563,elevation preparatory acad,SARASOTA,94.54545454545455,94.54545454545455,t,auto_accept,f
A2192148,ELEVATION PREPARATORY ACADEMY,FL,SARASOTA,102563,elevation preparatory acad,SARASOTA,94.54545454545455,94.54545454545455,t,auto_accept,f
00257952,FATHER LOPEZ CATHOLIC HIGH SCHOOL,FL,DAYTONA BEACH,100353,father lopez high school,DAYTONA BEACH,100,84.21052631578947,t,auto_accept,f
A2300732,FLORIDA YESHIVA HIGH SCHOOL,FL,HOLLYWOOD,100815,Jay High School,JAY,84.61538461538461,52.38095238095239,f,reject,f
02019927,FOREST LAKE ACADEMY.,FL,APOPKA,100985,forest lake academy,APOPKA,100,100,t,auto_accept,f
A1700945,HADAR SOUTH FLORIDA HIGH SCHOOL FOR GIRLS,FL,BOCA RATON,100270,South Lake High School,GROVELAND,87.17948717948718,53.968253968253975,f,reject,f
A9501244,IMMACULATA-LA SALLE HIGH SCHOOL,FL,MIAMI,100815,Jay High School,JAY,84.61538461538461,56.52173913043479,f,reject,f
00258606,JESUIT HIGH SCHOOL,FL,TAMPA,101715,jesuit high school,TAMPA,100,100,t,auto_accept,f
BB080488,KEYSTONE NATIONAL HIGH SCHOOL,FL,MIAMI,100815,Jay High School,JAY,84.61538461538461,59.09090909090908,f,reject,f
A2300809,MECHINA OF SOUTH FLORIDA,FL,MIAMI BEACH,101469,Florida School For The Deaf,SAINT AUGUSTINE,66.66666666666666,54.90196078431373,f,reject,f
00258093,MELBOURNE CENTRAL CATHOLIC HIGH SCHOOL,FL,MELBOURNE,100177,Central High School,BROOKSVILLE,100,66.66666666666667,f,review,t
BB180775,MEOROS GIRLS HIGH SCHOOL,FL,VINELAND,100815,Jay High School,JAY,84.61538461538461,61.53846153846154,f,reject,f
A1990232,MERIDIAN HIGH SCHOOL,FL,MARGATE,101002,Marianna High School,MARIANNA,85,85,f,review,t
00259905,MESIFTA OF GREATER MIAMI,FL,MIAMI BEACH,100991,Miami Lakes Educational Center,MIAMI LAKES,55.55555555555556,51.85185185185186,f,reject,f
00257737,MONSIGNOR EDWARD PACE HIGH SCHOOL,FL,MIAMI GARDENS,101319,Pace High School,PACE,100,65.3061224489796,f,review,t
BB220221,MOTHER CLELIA MORNING STAR HIGH SCHOOL,FL,PENSACOLA,100815,Jay High School,JAY,84.61538461538461,45.28301886792453,f,reject,f
A1300838,NEW LIFE PREPARATORY ACADEMY,FL,POMPANO BEACH,102333,ipreparatory academy,MIAMI,83.33333333333333,83.33333333333334,f,review,t
A2190272,ORANGE COUNTY AMERICAN HIGH SCHOOL,FL,JACKSONVILLE,101274,Orange Park High School,ORANGE PARK,87.8048780487805,63.1578947368421,f,reject,f
A1501043,OUR LADY OF LOURDES ACADEMY,FL,MIAMI,101131,our lady of lourdes academy,MIAMI,100,100,t,auto_accept,f
A2300851,OXFORD ACADEMY OF THE EAST,FL,ST PETERSBURG,100179,img academy,BRADENTON,77.77777777777777,43.24324324324324,f,reject,f
00258322,PENSACOLA CATHOLIC HIGH SCHOOL,FL,PENSACOLA,101375,Pensacola High School,PENSACOLA,100,82.35294117647058,t,auto_accept,f
A0901120,POTTERS WHEEL ACADEMY,FL,BRADENTON,100179,img academy,BRADENTON,77.77777777777777,50,t,reject,f
A0900799,ROHR BAIS CHAYA ACADEMY,FL,TAMARAC,100179,img academy,BRADENTON,77.77777777777777,52.94117647058824,f,reject,f
A0700643,SAFE HARBOR ACADEMY,FL,JACKSONVILLE,100179,img academy,BRADENTON,77.77777777777777,53.333333333333336,f,reject,f
00258129,SANTA FE CATHOLIC HIGH SCHOOL,FL,LAKELAND,100005,Santa Fe High School,ALACHUA,100,81.63265306122449,f,review,t
A0901149,SCORE AT THE TOP LEARNING CENTER - WELLINGTON,FL,WELLINGTON,102071,score at the top-palm bch gdns,PALM BEACH GARDENS,69.56521739130434,57.53424657534247,f,reject,f
A2300893,SOUSA TUTOR,FL,COCONUT CREEK,100501,Sunset School,FORT LAUDERDALE,41.666666666666664,41.666666666666664,f,reject,f
A0501202,SOUTHEASTERN CHRISTIAN ACADEMYN,FL,MIAMI,100777,seacoast christian academy,JACKSONVILLE,80.7017543859649,80.70175438596492,f,review,t
00257205,ST BRENDAN CATHOLIC HIGH SCHOOL,FL,MIAMI,101731,tampa catholic high school,TAMPA,86.95652173913044,77.19298245614034,f,review,t
A0501282,ST FRANCIS CATHOLIC ACADEMY,FL,GAINESVILLE,100611,st francis catholic high sch,GAINSVILLE,82.6086956521739,69.0909090909091,f,review,t
A2101306,ST JAMES ACADEMY,FL,FORT PIERCE,101161,Mast Academy,MIAMI,78.57142857142857,78.57142857142857,f,reject,f
A9501365,ST JOHN NEUMANN CATHOLIC HIGH SCHOOL,FL,NAPLES,101214,saint john neumann high school,NAPLES,100,85.71428571428572,t,auto_accept,f
01605275,ST JOHN PAUL II ACADEMY,FL,BOCA RATON,100179,img academy,BRADENTON,77.77777777777777,52.94117647058824,f,reject,f
A0300953,ST JOHN PAUL II CATHOLIC HIGH SCHOOL,FL,TALLAHASSEE,101690,john paul ii catholic high sch,TALLAHASSEE,92.85714285714286,90.9090909090909,t,auto_accept,f
A2101278,ST JOSEPH ACADEMY,FL,ST AUGUSTINE,100179,img academy,BRADENTON,77.77777777777777,57.14285714285714,f,reject,f
00258912,ST PETERSBURG CATHOLIC HIGH SCHOOL,FL,ST PETERSBURG,101523,Saint Petersburg Catholic Hs,ST PETERSBURG,100,100,t,auto_accept,f
00257533,ST THOMAS AQUINAS HIGH SCHOOL,FL,FORT LAUDERDALE,100475,saint thomas aquinas hs,FORT LAUDERDALE,100,100,t,auto_accept,f
A0700466,SYNERGY SCHOOL OF TOMORROW INC,FL,FORT PIERCE,100501,Sunset School,FORT LAUDERDALE,63.1578947368421,51.162790697674424,f,reject,f
00259064,TAMPA CATHOLIC HIGH SCHOOL,FL,TAMPA,101731,tampa catholic high school,TAMPA,100,100,t,auto_accept,f
A9102066,THE HARID CONSERVATORY,FL,BOCA RATON,100361,conservatory prep senior high,DAVIE,70.58823529411765,66.66666666666667,f,reject,f
A0301140,TRINITY CATHOLIC HIGH SCHOOL,FL,OCALA,101731,tampa catholic high school,TAMPA,86.95652173913044,81.4814814814815,f,review,t
A2101396,U.S. INTERNATIONAL CHRISTIAN ACADEMY,FL,MIAMI,100788,trinity christian academy,JACKSONVILLE,80.95238095238095,73.33333333333334,f,review,t
A2300949,WEINBAUM YESHIVA HIGH SCHOOL,FL,BOCA RATON,100815,Jay High School,JAY,84.61538461538461,51.162790697674424,f,reject,f
A1390130,WESTERN GENERAL EDUCATION INC,FL,NORTH MIAMI,101066,Lindsey Hopkins Technical Education Center,MIAMI,61.971830985915496,50.70422535211267,f,reject,f
A1901447,YESHIVA TIFERES TORAH OF BOCA RATON,FL,BOCA RATON,100164,boca raton preparatory school,BOCA RATON,59.375,50,t,reject,f
AA001695,YESHIVA TORAS CHAIM,FL,NORTH MIAMI BEACH,100494,Northeast High School,OAKLAND PARK,50,50,f,reject,f
A0700688,ACADEME OF THE OAKS,GA,DECATUR,111036,academy of the oaks,DECATUR,94.73684210526315,94.73684210526316,t,auto_accept,f
00296299,AQUINAS HIGH SCHOOL,GA,AUGUSTA,111255,Evans High School,EVANS,83.33333333333333,83.33333333333334,f,review,t
A1701301,ATLANTA ADVENTIST ACADEMY,GA,DULUTH,110124,atlanta adventist academy,DULUTH,100,100,t,auto_accept,f
A9303095,BEN FRANKLIN ACADEMY,GA,ATLANTA,110134,ben franklin academy,ATLANTA,100,100,t,auto_accept,f
00296197,BENEDICTINE MILITARY SCHOOL,GA,SAVANNAH,112100,georgia military college hs,MILLEDGEVILLE,71.42857142857143,63.49206349206349,f,reject,f
A0102864,BLESSED TRINITY CATHOLIC HIGH SCHOOL,GA,ROSWELL,112618,blessed trinity catholic hs,ROSWELL,100,100,t,auto_accept,f
A1501259,CRISTO REY ATLANTA JESUIT HIGH SCHOOL,GA,ATLANTA,110232,cristo rey atlanta jesuit hs,ATLANTA,100,100,t,auto_accept,f
A0740046,FAITH ACADEMY - ALL CAMPUSES,GA,LOGANVILLE,111848,faith academy,LOGANVILLE,100,66.66666666666667,t,review,t
A2300992,FAITH CHRISTIAN ACADEMY,GA,GRIFFIN,111848,faith academy,LOGANVILLE,100,72.22222222222221,f,review,t
A2300994,FANNIN CHRISTIAN LEARNING CENTER,GA,BLUE RIDGE,110907,Sharp Learning Center,COVINGTON,83.33333333333333,56.60377358490566,f,reject,f
00299879,GEORGIA-CUMBERLAND ACADEMY,GA,CALHOUN,111940,Georgia Academy For The Blind,MACON,73.17073170731707,72.72727272727273,f,reject,f
A0102895,GREATER ATLANTA ADVENTIST ACADEMY,GA,ATLANTA,110124,atlanta adventist academy,DULUTH,100,86.20689655172413,f,auto_accept,f
A1501316,HALLIE TURNER PRIVATE SCHOOL,GA,COLUMBUS,110110,Turner County High School,ASHBURN,68.42105263157895,60.37735849056604,f,reject,f
A2301021,MASONIC LEARNING CENTER AT MASONIC HOME OF GEORGIA,GA,MACON,110907,Sharp Learning Center,COVINGTON,83.33333333333333,50.70422535211267,f,reject,f
A0501438,MONSIGNOR DONOVAN CATHOLIC HIGH SCHOOL,GA,ATHENS,110020,Cook High School,ADEL,81.48148148148148,55.55555555555556,f,reject,f
A1901531,MOUNT VERNON PRESBYTERIAN,GA,ATLANTA,110189,mount vernon presbyterian sch,ATLANTA,100,91.66666666666666,t,auto_accept,f
A9303122,PAUL ANDERSON HIGH SCHOOL,GA,VIDALIA,110020,Cook High School,ADEL,81.48148148148148,63.41463414634146,f,reject,f
A1300901,SOUTHWEST GEORGIA INSTITUTE FOR EDUCATIO,GA,ALBANY,111615,Bradwell Institute,HINESVILLE,66.66666666666666,41.379310344827594,f,reject,f
00295932,ST PIUS X CATHOLIC HIGH SCHOOL,GA,ATLANTA,110226,Saint Pius X Catholic High Sch,ATLANTA,94.73684210526315,94.73684210526316,t,auto_accept,f
A9701335,"TEMIMA, THE RICHARD AND JEAN KATZ HIGH SCHOOL FOR",GA,ATLANTA,110020,Cook High School,ADEL,81.48148148148148,40.625,f,reject,f
BB160891,THE NEW SCHOOL,GA,ATLANTA,110201,Dekalb School Of The Arts,ATLANTA,83.33333333333333,61.53846153846154,t,reject,f
A1790215,THE NEW SCHOOL ATLANTA,GA,ATLANTA,110694,Atlanta Area School For The Deaf,CLARKSTON,90,74.07407407407408,f,review,t
A0501468,THE WEBER SCHOOL,GA,ATLANTA,110196,weber school,ATLANTA,100,85.71428571428572,t,auto_accept,f
A0501472,YESHIVA OHR YISRAEL OF ATLANTA,GA,ATLANTA,112278,greater atlanta christian sch,NORCROSS,57.6271186440678,57.6271186440678,f,reject,f
A2400064,YESHIVAH OHR YISRAEL,GA,ATLANTA,112718,Windsor Forest High School,SAVANNAH,47.82608695652174,47.82608695652174,f,reject,f
00327503,HAWAIIAN MISSION ACADEMY,HI,HONOLULU,120246,hawaii technology academy,WAIPAHU,65.3061224489796,65.3061224489796,f,reject,f
A0700796,HO'OMANA HOU SCHOOL,HI,KAUNAKAKAI,120025,Honokaa High School,HONOKAA,73.6842105263158,73.6842105263158,f,reject,f
A2301075,MAUI LEARNING ACADEMY LLC,HI,WAILUKU,120139,le jardin academy,KAILUA,66.66666666666666,66.66666666666667,f,reject,f
A0501482,PACIFIC BUDDHIST ACADEMY,HI,HONOLULU,120162,island pacfic academy,KAPOLEI,75.55555555555556,75.55555555555556,f,reject,f
A1301414,BISHOP HEELAN CATHOLIC HIGH SCHOOL,IA,SIOUX CITY,164050,heelan high school,SIOUX CITY,100,69.23076923076923,t,review,t
00458139,DOWLING CATHOLIC HIGH SCHOOL,IA,WEST DES MOINES,160157,Cam High School,ANITA,84.61538461538461,65.11627906976744,f,review,t
00459697,PELLA CHRISTIAN HIGH SCHOOL,IA,PELLA,163488,pella christian high school,PELLA,100,100,t,auto_accept,f
A1501696,TRINITY CHRISTIAN HIGH SCHOOL,IA,HULL,163488,pella christian high school,PELLA,87.5,75,f,review,t
00459584,UNITY CHRISTIAN HIGH SCHOOL,IA,ORANGE CITY,163488,pella christian high school,PELLA,87.5,77.77777777777779,f,review,t
A9901924,XAVIER HIGH SCHOOL,IA,CEDAR RAPIDS,160689,xavier high school,CEDAR RAPIDS,100,100,t,auto_accept,f
00330924,BISHOP KELLY HIGH SCHOOL,ID,BOISE,130041,bishop kelly high school,BOISE,100,100,t,auto_accept,f
00331407,GEM STATE ADVENTIST ACADEMY,ID,CALDWELL,130176,Eagle Academy,EAGLE,70,55.00000000000001,f,reject,f
A1992114,ONE STONE,ID,BOISE,130061,ambrose school,MERIDIAN,43.47826086956522,43.47826086956522,f,reject,f
A1901626,ACADEMY HIGH,IL,CHAMPAIGN,140629,Academy Of Comm And Tech Charter High School,CHICAGO,100,42.85714285714286,f,reject,f
A1501536,AGAPE CHRISTIAN HIGH SCHOOL,IL,MARION,141983,Unity Christian High School,FULTON,87.5,77.77777777777779,f,review,t
00347133,ALLEMAN HIGH SCHOOL,IL,ROCK ISLAND,143720,alleman high school,ROCK ISLAND,100,100,t,auto_accept,f
00345748,ALTHOFF CATHOLIC HIGH SCHOOL,IL,BELLEVILLE,140251,althoff catholic high school,BELLEVILLE,100,100,t,auto_accept,f
00348002,AURORA CENTRAL CATHOLIC HIGH SCHOOL,IL,AURORA,140454,Central High School,BURLINGTON,100,70.37037037037037,f,review,t
A1501543,BEACON ACADEMY,IL,EVANSTON,141852,beacon academy,EVANSTON,100,100,t,auto_accept,f
00347825,BOYLAN CATHOLIC H. S.,IL,ROCKFORD,143697,boylan catholic high school,ROCKFORD,100,100,t,auto_accept,f
00344948,BR RICE HIGH SCHOOL,IL,CHICAGO,140682,brother rice high school,CHICAGO,91.42857142857143,88.37209302325581,t,auto_accept,f
00346865,CENTRAL CATHOLIC HIGH SCHOOL,IL,BLOOMINGTON,140454,Central High School,BURLINGTON,100,80.85106382978724,f,review,t
A2301108,CHESTERTON ACADEMY OF THE IMMACULATE HEART,IL,VOLO,140111,epic academy,CHICAGO,73.6842105263158,40.74074074074075,f,reject,f
BB060759,CHICAGO HOPE ACADEMY,IL,CHICAGO,140690,Chicago Discovery Academy High School,CHICAGO,85.71428571428571,63.1578947368421,t,reject,f
A9701382,CHRIST LUTHERAN HIGH SCHOOL,IL,BUCKLEY,144186,faith lutheran high school,MARENGO,86.95652173913044,86.79245283018868,f,review,t
A0501535,CHRIST OUR ROCK LUTHERAN HIGH SCHOOL,IL,CENTRALIA,144186,faith lutheran high school,MARENGO,86.95652173913044,74.19354838709677,f,review,t
A9901751,CHRIST OUR SAVIOR LUTHERAN HIGH SCHOOL,IL,EVANSVILLE,144186,faith lutheran high school,MARENGO,86.95652173913044,71.875,f,review,t
A0901423,CHRIST THE KING JESUIT COLLEGE PREPARATORY SCHOOL,IL,CHICAGO,141382,Payton College Preparatory High School,CHICAGO,81.25,68.96551724137932,t,review,t
BB020958,CORNERSTONE ACADEMY,IL,OAK PARK,141380,Simeon Career Academy,CHICAGO,75,75,f,reject,f
A9701385,CRISTO REY JESUIT HIGH SCHOOL,IL,CHICAGO,141055,Senn High School,CHICAGO,81.48148148148148,48.88888888888889,t,reject,f
A1990348,CRISTO REY ST. MARTIN,IL,WAUKEGAN,141347,noble st charter-comer prep,CHICAGO,55.319148936170215,55.319148936170215,f,reject,f
00344926,DE LA SALLE INSTITUTE - INSTITUTE CAMPUS,IL,CHICAGO,140765,de la salle institute,CHICAGO,100,71.1864406779661,t,review,t
00342907,DEPAUL COLLEGE PREP,IL,CHICAGO,140850,depaul college prep,CHICAGO,100,100,t,auto_accept,f
00351751,FASMAN YESHIVA HIGH SCHOOL,IL,SKOKIE,141055,Senn High School,CHICAGO,81.48148148148148,61.904761904761905,f,reject,f
A1901681,FATHER MCGIVNEY CATHOLIC H S,IL,GLEN CARBON,142355,routt catholic high school,JACKSONVILLE,86.95652173913044,67.74193548387098,f,review,t
00341958,FENWICK HIGH SCHOOL,IL,OAK PARK,143240,fenwick high school,OAK PARK,100,100,t,auto_accept,f
00345395,GIBAULT CATHOLIC,IL,WATERLOO,142355,routt catholic high school,JACKSONVILLE,66.66666666666666,57.14285714285714,f,reject,f
A9102419,HANNA SACKS BAIS YAAKOV HIGH SCHOOL,IL,CHICAGO,141055,Senn High School,CHICAGO,81.48148148148148,47.05882352941176,t,reject,f
00339712,HOLY TRINITY HIGH SCHOOL,IL,CHICAGO,143650,trinity high school,RIVER FOREST,100,88.37209302325581,f,auto_accept,f
BB220306,HOPEWELL CAREER ACADEMY - JOILET,IL,JOLIET,141380,Simeon Career Academy,CHICAGO,80,66.66666666666667,f,review,t
01605479,IC CATHOLIC PREP,IL,ELMHURST,141800,immaculate conc catholic prep,ELMHURST,89.65517241379311,71.11111111111111,t,review,t
00354774,IDA CROWN JEWISH ACADEMY,IL,SKOKIE,140111,epic academy,CHICAGO,73.6842105263158,55.55555555555556,f,reject,f
A9102442,JOLIET CATHOLIC ACADEMY,IL,JOLIET,142380,joliet catholic academy,JOLIET,100,100,t,auto_accept,f
00343412,JOSEPHINUM ACADEMY OF THE SACRED HEART,IL,CHICAGO,140111,epic academy,CHICAGO,73.6842105263158,48,t,reject,f
BB100743,KESHET HIGH SCHOOL,IL,SKOKIE,143700,East High School,ROCKFORD,88.23529411764706,64.70588235294117,f,reject,f
00353078,LAKE FOREST ACADEMY,IL,LAKE FOREST,142525,lake forest academy,LAKE FOREST,100,100,t,auto_accept,f
00343423,LEO CATHOLIC HIGH SCHOOL,IL,CHICAGO,142355,routt catholic high school,JACKSONVILLE,90.9090909090909,88,f,auto_accept,f
00341211,LOYOLA ACADEMY,IL,WILMETTE,140111,epic academy,CHICAGO,73.6842105263158,61.53846153846154,f,reject,f
A9102354,LUBAVITCH GIRLS HIGH SCHOOL,IL,CHICAGO,141055,Senn High School,CHICAGO,81.48148148148148,51.162790697674424,t,reject,f
02025704,LUTHERAN HIGH SCHOOL,IL,SPRINGFIELD,144463,metro east lutheran hs,EDWARDSVILLE,100,78.43137254901961,f,review,t
00347676,MARIAN CENTRAL CATHOLIC HIGH SCHOOL,IL,WOODSTOCK,140454,Central High School,BURLINGTON,100,70.37037037037037,f,review,t
00348024,MARMION ACADEMY,IL,AURORA,140178,marmion academy,AURORA,100,100,t,auto_accept,f
00348716,MARQUETTE CATHOLIC HIGH SCHOOL,IL,ALTON,140035,marquette catholic high school,ALTON,100,100,t,auto_accept,f
00345635,MATER DEI HIGH SCHOOL,IL,BREESE,142695,Dee-Mack High School,MACKINAW,82.92682926829268,82.92682926829268,f,review,t
A2301146,MECHINAS NER NAFTALI,IL,LINCOLNWOOD,140721,chicago mathematics-science ac,CHICAGO,48,48,f,reject,f
A1901755,MESIVTA SHAAREI ADIRIM,IL,SKOKIE,142268,North Shore Academy,HIGHLAND PARK,48.78048780487805,48.78048780487805,f,reject,f
A0901457,MISERICORDIA SCHOOL,IL,CHICAGO,140650,American School,LANSING,76.47058823529412,76.47058823529412,f,reject,f
BB000505,MOTHER MCAULEY LIBERAL ARTS HIGH SCHOOL,IL,CHICAGO,141055,Senn High School,CHICAGO,81.48148148148148,40,t,reject,f
00343048,MOUNT CARMEL HIGH SCHOOL,IL,CHICAGO,143040,Mount Carmel High School,MOUNT CARMEL,100,100,f,auto_accept,f
00342656,NAZARETH ACADEMY,IL,LA GRANGE PARK,142485,nazareth academy,LA GRANGE PARK,100,100,t,auto_accept,f
00347712,NEWMAN CENTRAL CATHOLIC HIGH SCHOOL,IL,STERLING,140454,Central High School,BURLINGTON,100,70.37037037037037,f,review,t
00344427,OUR LADY OF TEPEYAC HIGH SCHOOL,IL,CHICAGO,141055,Senn High School,CHICAGO,81.48148148148148,55.319148936170215,t,reject,f
00347304,PEORIA NOTRE DAME HIGH SCHOOL,IL,PEORIA,143435,Peoria High School,PEORIA,100,76.59574468085107,t,review,t
00346763,PROVIDENCE CATHOLIC HIGH SCHOOL,IL,NEW LENOX,142375,providence catholic hs,NEW LENOX,100,100,t,auto_accept,f
00341222,REGINA DOMINICAN HS,IL,WILMETTE,144407,regina dominican high school,WILMETTE,100,100,t,auto_accept,f
00343875,RESURRECTION COLLEGE PREP HIGH SCHOOL,IL,CHICAGO,140901,Hope College Prep High School,CHICAGO,90.56603773584905,75.75757575757575,t,review,t
A0103067,ROCHELLE ZELL JEWISH HIGH SCHOOL,IL,DEERFIELD,143009,rochelle zell jewish high sch,DEERFIELD,95.08196721311475,95.08196721311475,t,auto_accept,f
00348046,ROSARY HIGH SCHOOL,IL,AURORA,140182,rosary high school,AURORA,100,100,t,auto_accept,f
00348363,ROUTT CATHOLIC HIGH SCHOOL,IL,JACKSONVILLE,142355,routt catholic high school,JACKSONVILLE,100,100,t,auto_accept,f
00348829,SACRED HEART GRIFFIN HIGH SCHOOL,IL,SPRINGFIELD,143965,sacred heart griffin hs,SPRINGFIELD,100,100,t,auto_accept,f
BB911477,SOUTH CENTRAL COMMUNITY SERVICES - SOUTH SHORE,IL,CHICAGO,140190,Central Community High School,BREESE,73.91304347826087,65.75342465753424,f,reject,f
00348942,ST ANTHONY HIGH SCHOOL,IL,EFFINGHAM,140495,Canton High School,CANTON,85,85,f,review,t
00347166,ST BEDE ACADEMY,IL,PERU,143465,saint bede academy,PERU,100,100,t,auto_accept,f
00348217,ST EDWARD CENTRAL CATHOLIC HIGH SCHOOL,IL,ELGIN,140454,Central High School,BURLINGTON,100,66.66666666666667,f,review,t
00341368,ST FRANCIS DE SALES HIGH SCHOOL,IL,CHICAGO,141055,Senn High School,CHICAGO,81.48148148148148,55.319148936170215,t,reject,f
00346785,ST FRANCIS HIGH SCHOOL,IL,WHEATON,141055,Senn High School,CHICAGO,81.48148148148148,68.42105263157895,f,review,t
01601838,ST IGNATIUS COLLEGE PREP,IL,CHICAGO,141170,saint ignatius college prep,CHICAGO,100,100,t,auto_accept,f
00344755,ST LAURENCE H.S.,IL,BURBANK,143237,saint laurence high school,BURBANK,100,100,t,auto_accept,f
00339825,ST RITA OF CASCIA HIGH SCHOOL,IL,CHICAGO,141055,Senn High School,CHICAGO,81.48148148148148,57.77777777777777,t,reject,f
A9303202,THE CHICAGO ACADEMY FOR THE ARTS,IL,CHICAGO,140627,chicago academy for arts,CHICAGO,100,85.71428571428572,t,auto_accept,f
A0103176,THE HIGH SCHOOL OF SAINT THOMAS MORE,IL,CHAMPAIGN,140599,high school saint thomas more,CHAMPAIGN,100,88.13559322033898,t,auto_accept,f
A2101694,THRESHOLDS,IL,CHICAGO,140110,Arthur High School,ARTHUR,50,50,f,reject,f
00342146,TRINITY HIGH SCHOOL,IL,CHICAGO,143650,trinity high school,RIVER FOREST,100,100,f,auto_accept,f
A2101701,UNITY CHRISTIAN ACADEMY,IL,SOUTH HOLLAND,143211,christian heritage academy,NORTHFIELD,85,81.63265306122449,f,review,t
A0700871,VALOR JR SR HIGH SCHOOL,IL,FLANAGAN,141970,aquin cntrl catholic jr-sr hs,FREEPORT,85,55.73770491803278,f,reject,f
A1501655,WOLCOTT SCHOOL,IL,CHICAGO,141850,roycemore school,EVANSTON,66.66666666666666,40,f,reject,f
00342623,WOODLANDS ACADEMY OF THE SACRED HEART,IL,LAKE FOREST,140111,epic academy,CHICAGO,73.6842105263158,40.816326530612244,f,reject,f
A1992195,YESHIVA GEDOLA OF THE MIDWEST/YESHIVA EITZ CHAIM,IL,CHICAGO,142735,Midwest Central High School,MANITO,50.74626865671642,42.666666666666664,f,reject,f
A2400073,YESHIVAS KESSER YONAH,IL,CHICAGO,140097,John Hersey High School,ARLINGTON HEIGHTS,45.45454545454545,45.45454545454546,f,reject,f
BB060784,YESHIVAS MEOR HATORAH OF CHICAGO,IL,CHICAGO,140935,latin school of chicago,CHICAGO,60.60606060606061,58.18181818181818,t,reject,f
00423376,ANDREAN HIGH SCHOOL,IN,MERRILLVILLE,151225,andrean high school,MERRILLVILLE,100,100,t,auto_accept,f
A0301418,BAIS YAAKOV HIGH SCHOOL OF INDIANA,IN,SOUTH BEND,151647,Avon High School,AVON,81.48148148148148,52,f,reject,f
00422689,BISHOP DWENGER HIGH SCHOOL,IN,FORT WAYNE,151082,bishop dwenger high school,FORT WAYNE,100,100,t,auto_accept,f
00422703,BISHOP LUERS HIGH SCHOOL,IN,FORT WAYNE,151654,bishop chatard high school,INDIANAPOLIS,85.71428571428571,72,f,review,t
01901514,BREBEUF JESUIT PREPARATORY SCHOOL,IN,INDIANAPOLIS,151653,brebeuf jesuit preparatory sch,INDIANAPOLIS,95.23809523809524,95.23809523809523,t,auto_accept,f
02159782,CONCORDIA LUTHERAN HIGH SCHOOL,IN,FORT WAYNE,151095,concordia lutheran high school,FORT WAYNE,100,100,t,auto_accept,f
A9701461,COVENANT CHRISTIAN HIGH SCHOOL,IN,INDIANAPOLIS,151662,covenant christian high school,INDIANAPOLIS,100,100,t,auto_accept,f
BB161111,"CROSSING NATIONAL, INC",IN,ELKHART,151700,international school indiana,INDIANAPOLIS,53.06122448979592,53.06122448979591,f,reject,f
A1901910,DEPAUL ACADEMY,IN,SOUTH BEND,152680,oldenburg academy,OLDENBURG,70.96774193548387,70.96774193548387,f,reject,f
A0301470,GATEWAY WOODS SCHOOL,IN,LEO,150447,Options Charter School,CARMEL,66.66666666666666,47.61904761904761,f,reject,f
A1901924,GOOD NEWS ACADEMY,IN,REELSVILLE,152680,oldenburg academy,OLDENBURG,64.70588235294117,64.70588235294117,f,reject,f
A2301191,GREENWOOD CHRISTIAN ACADEMY HIGH SCHOOL,IN,GREENWOOD,151391,greenwood christian academy,GREENWOOD,100,81.81818181818181,t,auto_accept,f
00352187,ILLIANA CHRISTIAN HIGH SCHOOL,IN,DYER,151662,covenant christian high school,INDIANAPOLIS,84,71.1864406779661,f,review,t
00426901,INDIANA ACADEMY,IN,CICERO,152474,Indiana Academy For Science Math And Humanities,MUNCIE,100,48.38709677419355,f,reject,f
A1901938,KINWELL ACADEMY INC,IN,MARION,152680,oldenburg academy,OLDENBURG,58.333333333333336,50,f,reject,f
01902325,LA LUMIERE SCHOOL,IN,LAPORTE,151992,la lumiere school,LA PORTE,100,100,f,auto_accept,f
00424201,LUTHERAN HIGH SCHOOL OF INDIANAPOLIS,IN,INDIANAPOLIS,151716,lutheran high sch indianapolis,INDIANAPOLIS,92.85714285714286,90.9090909090909,t,auto_accept,f
00423048,MARIAN HIGH SCHOOL,IN,MISHAWAKA,152343,marian high school,MISHAWAKA,100,100,t,auto_accept,f
00423682,MARQUETTE CATHOLIC HIGH SCHOOL,IN,MICHIGAN CITY,152966,seton catholic high school,RICHMOND,86.95652173913044,71.42857142857143,f,review,t
00422576,MATER DEI HIGH SCHOOL,IN,EVANSVILLE,150970,mater dei high school,EVANSVILLE,100,100,t,auto_accept,f
A0901516,MIDWEST ACADEMY,IN,CARMEL,151760,Thomas Carr Howe Academy,INDIANAPOLIS,63.63636363636363,56.41025641025641,f,reject,f
00422113,OLDENBURG ACADEMY,IN,OLDENBURG,152680,oldenburg academy,OLDENBURG,100,100,t,auto_accept,f
00421914,OUR LADY OF PROVIDENCE HIGH SCHOOL,IN,CLARKSVILLE,151647,Avon High School,AVON,81.48148148148148,43.99999999999999,f,reject,f
A0700963,PROVIDENCE CRISTO REY HIGH SCHOOL,IN,INDIANAPOLIS,151647,Avon High School,AVON,81.48148148148148,53.06122448979591,f,reject,f
00422306,REITZ MEMORIAL HIGH SCHOOL,IN,EVANSVILLE,150980,reitz memorial high school,EVANSVILLE,100,100,t,auto_accept,f
A2301201,RIVER MONTESSORI HIGH SCHOOL,IN,SOUTH BEND,151647,Avon High School,AVON,81.48148148148148,50,f,reject,f
00421903,RONCALLI HIGH SCHOOL,IN,INDIANAPOLIS,151651,roncalli high school,INDIANAPOLIS,100,100,t,auto_accept,f
00421244,SCECINA MEMORIAL HIGH SCHOOL,IN,INDIANAPOLIS,151745,scecina memorial high school,INDIANAPOLIS,100,100,t,auto_accept,f
00422973,ST JOSEPH HIGH SCHOOL,IN,SOUTH BEND,153265,saint josephs high school,SOUTH BEND,97.67441860465117,97.67441860465115,t,auto_accept,f
A0700892,ST THEODORE GUERIN HIGH SCHOOL,IN,NOBLESVILLE,152613,saint theodore guerin high sch,NOBLESVILLE,94.73684210526315,94.73684210526316,t,auto_accept,f
A0301566,TRINITY LUTHERAN HIGH SCHOOL,IN,SEYMOUR,151095,concordia lutheran high school,FORT WAYNE,83.33333333333333,68.96551724137932,f,review,t
A0301569,UNIVERSITY HIGH SCHOOL OF INDIANA,IN,CARMEL,150448,university high school indiana,CARMEL,100,95.23809523809523,t,auto_accept,f
A1902041,YESHIVA OF SOUTH BEND,IN,SOUTH BEND,153530,South Central High School,UNION MILLS,52.17391304347826,43.47826086956522,f,reject,f
00489575,BISHOP CARROLL CATHOLIC HIGH SCHOOL,KS,WICHITA,173167,bishop carroll catholic h s,WICHITA,100,100,t,auto_accept,f
00488822,BISHOP MIEGE HIGH SCHOOL,KS,SHAWNEE MISSION,171532,bishop miege high school,SHAWNEE MISSION,100,100,t,auto_accept,f
A2301230,"CONCORDIA ACADEMY, WICHITA",KS,WICHITA,171720,saint james academy,LENEXA,60.869565217391305,53.65853658536586,f,reject,f
00488775,HAYDEN CATHOLIC HIGH SCHOOL,KS,TOPEKA,173167,bishop carroll catholic h s,WICHITA,85.1063829787234,64.51612903225806,f,reject,f
00489531,KAPAUN MT CARMEL CATHOLIC HIGH SCHOOL,KS,WICHITA,173190,kapaun mount carmel hs,WICHITA,100,86.15384615384616,t,auto_accept,f
A2392106,MARY SEAT OF WISDOM ACADEMY,KS,WICHITA,171550,Sumner Academy Of Arts And Science,KANSAS CITY,62.295081967213115,62.295081967213115,f,reject,f
A0701018,MAUR HILL - MOUNT ACADEMY,KS,ATCHISON,171680,bishop seabury academy,LAWRENCE,61.904761904761905,61.904761904761905,f,reject,f
00488618,ST THOMAS AQUINAS HIGH SCHOOL,KS,OVERLAND PARK,172776,saint thomas aquinas hs,OVERLAND PARK,100,100,t,auto_accept,f
00489305,TIPTON CATHOLIC HIGH SCHOOL,KS,TIPTON,171435,trinity catholic high school,HUTCHINSON,87.27272727272728,87.27272727272728,f,review,t
A1902085,APPALACHIAN CHALLENGE ACADEMY,KY,GRAYS KNOB,181505,mercy academy,LOUISVILLE,70,42.85714285714286,f,reject,f
00514355,ASSUMPTION HIGH SCHOOL,KY,LOUISVILLE,181510,assumption high school,LOUISVILLE,100,100,t,auto_accept,f
00514526,BETHLEHEM HIGH SCHOOL/DIOCESE,KY,BARDSTOWN,180205,Berea High School,BEREA,78.57142857142857,65.21739130434783,f,reject,f
00515916,BISHOP BROSSART HIGH SCHOOL,KY,ALEXANDRIA,180205,Berea High School,BEREA,78.57142857142857,68.18181818181819,f,reject,f
00515778,COVINGTON CATHOLIC HIGH SCHOOL,KY,PARK HILLS,180535,covington catholic high school,PARK HILLS,100,100,t,auto_accept,f
00514311,DE SALES HIGH SCHOOL,KY,LOUISVILLE,180645,Danville High School,DANVILLE,80,70,f,review,t
00515745,HOLY CROSS DISTRICT HIGH SCHOOL,KY,COVINGTON,181511,holy cross high school,LOUISVILLE,100,83.01886792452831,f,review,t
00514344,HOLY CROSS HIGH SCHOOL/DIOCESE,KY,LOUISVILLE,181511,holy cross high school,LOUISVILLE,100,84.61538461538461,t,auto_accept,f
00515224,LEXINGTON CATHOLIC HIGH SCHOOL,KY,LEXINGTON,181435,lexington catholic high school,LEXINGTON,100,100,t,auto_accept,f
00513974,MERCY ACADEMY,KY,LOUISVILLE,181505,mercy academy,LOUISVILLE,100,100,t,auto_accept,f
00515359,NEWPORT CENTRAL CATHOLIC HIGH SCHOOL,KY,NEWPORT,181520,Central High School,LOUISVILLE,100,69.0909090909091,f,review,t
00515734,NOTRE DAME ACADEMY,KY,PARK HILLS,180575,notre dame academy,PARK HILLS,100,100,t,auto_accept,f
00516148,OWENSBORO CATHOLIC HIGH SCHOOL,KY,OWENSBORO,182045,owensboro catholic high school,OWENSBORO,100,100,t,auto_accept,f
00514049,PRESENTATION ACADEMY,KY,LOUISVILLE,181595,presentation academy,LOUISVILLE,100,100,t,auto_accept,f
A1701836,SPHINX ACADEMY,KY,LEXINGTON,181505,mercy academy,LOUISVILLE,70,59.25925925925925,f,reject,f
00515596,ST HENRY DISTRICT HIGH SCHOOL,KY,ERLANGER,180770,saint henry district hs,ERLANGER,100,100,t,auto_accept,f
00514683,ST XAVIER HIGH SCHOOL,KY,LOUISVILLE,181610,saint xavier high school,LOUISVILLE,100,100,t,auto_accept,f
02028556,THE DAVID SCHOOL,KY,DAVID,180650,Kentucky School For The Deaf,DANVILLE,76.92307692307692,59.09090909090908,f,reject,f
00516352,TRINITY HIGH SCHOOL,KY,WHITESVILLE,181540,trinity high school,LOUISVILLE,100,100,f,auto_accept,f
00514537,TRINITY HIGH SCHOOL,KY,LOUISVILLE,181540,trinity high school,LOUISVILLE,100,100,t,auto_accept,f
A9902112,LOUISIANA NEW SCHOOL ACADEMY,LA,BATON ROUGE,190104,Nova Academy,ARABI,73.6842105263158,50,f,reject,f
00538773,LOYOLA COLLEGE PREPARATORY HIGH SCHOOL,LA,SHREVEPORT,192690,loyola college preparatory,SHREVEPORT,100,81.25,t,auto_accept,f
00540818,LUTHERAN HIGH SCHOOL OF GREATER NEW ORLEANS,LA,METAIRIE,190242,Tara High School,BATON ROUGE,81.48148148148148,37.28813559322034,f,reject,f
A0701071,NOTRE DAME HIGH SCHOOL,LA,CROWLEY,190075,Amite High School,AMITE,82.05128205128204,76.92307692307692,f,review,t
BB170193,ST JOSEPH'S ACADEMY,LA,BATON ROUGE,190235,saint josephs academy,BATON ROUGE,97.29729729729729,97.2972972972973,t,auto_accept,f
Y2120358,ST MICHAEL THE ARCHANGEL HIGH SCHOOL,LA,BATON ROUGE,190186,st michael the archangel h s,BATON ROUGE,100,100,t,auto_accept,f
01922793,ST THOMAS MORE CATHOLIC HIGH SCHOOL,LA,LAFAYETTE,190195,catholic high school,BATON ROUGE,100,72.72727272727273,f,review,t
00539981,TEURLINGS CATHOLIC HIGH SCHOOL,LA,LAFAYETTE,190195,catholic high school,BATON ROUGE,100,80,f,review,t
A0901581,UNIVERSITY ACADEMY,LA,ALEXANDRIA,190104,Nova Academy,ARABI,73.6842105263158,66.66666666666667,f,reject,f
02034377,ARLINGTON SCHOOL,MA,BELMONT,220033,Arlington High School,ARLINGTON,100,86.48648648648648,f,auto_accept,f
A9701932,BAIS YAAKOV OF BOSTON HIGH SCHOOL,MA,BRIGHTON,220235,East Boston High School,EAST BOSTON,87.8048780487805,64.28571428571428,f,reject,f
00603723,BERKSHIRE SCHOOL,MA,SHEFFIELD,221900,berkshire school,SHEFFIELD,100,100,t,auto_accept,f
A1399015,BERKSHIRE WALDORF HIGH SCHOOL,MA,STOCKBRIDGE,221900,berkshire school,SHEFFIELD,100,71.11111111111111,f,review,t
00602016,BISHOP FEEHAN,MA,ATTLEBORO,220077,BISHOP FEEHAN,ATTLEBORO,100,100,t,auto_accept,f
00599839,BISHOP FENWICK HIGH SCHOOL,MA,PEABODY,221723,bishop fenwick high school,PEABODY,100,100,t,auto_accept,f
00601726,BISHOP STANG HIGH SCHOOL,MA,NORTH DARTMOUTH,221723,bishop fenwick high school,PEABODY,85.71428571428571,72,f,review,t
A0301789,BOSTON UNIVERSITY ACADEMY,MA,BOSTON,220202,boston university academy,BOSTON,100,100,t,auto_accept,f
00603803,BROOKS SCHOOL,MA,NORTH ANDOVER,221610,brooks school,NORTH ANDOVER,100,100,t,auto_accept,f
00603836,BUXTON SCHOOL,MA,WILLIAMSTOWN,222410,buxton school,WILLIAMSTOWN,100,100,t,auto_accept,f
00600744,CARDINAL SPELLMAN HIGH SCHOOL,MA,BROCKTON,221145,Lee High School,LEE,84.61538461538461,50,f,reject,f
00599453,CENTRAL CATHOLIC,MA,LAWRENCE,221115,central catholic high school,LAWRENCE,100,72.72727272727273,t,review,t
00604068,COMMONWEALTH SCHOOL,MA,BOSTON,220235,East Boston High School,EAST BOSTON,66.66666666666666,66.66666666666667,f,reject,f
00600824,CRISTO REY BOSTON HIGH SCHOOL,MA,DORCHESTER,220235,East Boston High School,EAST BOSTON,87.8048780487805,80.76923076923077,f,review,t
A0501906,GANN ACADEMY-THE NEW JEWISH HIGH SCHOOL,MA,WALTHAM,222197,gann academy new jewish hs,WALTHAM,100,94.5945945945946,t,auto_accept,f
A9103061,LANDMARK HIGH SCHOOL,MA,PRIDES CROSSING,221787,landmark school,PRIDES CROSSING,100,85.71428571428572,t,auto_accept,f
02160867,LAWRENCE ACADEMY,MA,GROTON,222545,worcester academy,WORCESTER,72.72727272727272,72.72727272727273,f,reject,f
00600562,MALDEN CATHOLIC HIGH SCHOOL,MA,MALDEN,221305,Malden High School,MALDEN,100,80,t,auto_accept,f
A0104113,MESIVTA HIGH SCHOOL OF GREATER BOSTON,MA,BRIGHTON,220235,East Boston High School,EAST BOSTON,87.8048780487805,73.33333333333334,f,review,t
A2400093,MISS HALL'S SCHOOL,MA,PITTSFIELD,221760,miss halls school,PITTSFIELD,97.14285714285714,91.42857142857143,t,auto_accept,f
A0501923,NOTRE DAME CRISTO REY HIGH SCHOOL,MA,METHUEN,221122,Notre Dame Cristo Rey High Sch,LAWRENCE,95.23809523809524,95.23809523809523,f,auto_accept,f
00603199,PHILLIPS ACADEMY,MA,ANDOVER,220030,Phillips Academy,ANDOVER,100,100,t,auto_accept,f
00602209,POPE FRANCIS PREPARATORY SCHOOL,MA,SPRINGFIELD,220008,pope francis high school,CHICOPEE,88.37209302325581,69.0909090909091,f,review,t
A1902354,SOLSTICE SCHOOL,MA,ROWLEY,221834,Seacoast School,REVERE,73.33333333333333,73.33333333333334,f,reject,f
00602592,ST BERNARD'S HIGH SCHOOL INC,MA,FITCHBURG,221145,Lee High School,LEE,84.61538461538461,55.81395348837209,f,reject,f
02035993,ST MARK'S SCHOOL,MA,SOUTHBOROUGH,221965,saint marks school,SOUTHBOROUGH,96.7741935483871,96.7741935483871,t,auto_accept,f
A0701310,SWANSEA WOOD SCHOOL,MA,SWANSEA,220405,winsor school,BOSTON,68.75,68.75,f,reject,f
00603891,TABOR ACADEMY,MA,MARION,221330,tabor academy,MARION,100,100,t,auto_accept,f
A1702024,THE ACADEMY AT PENGUIN HALL,MA,WENHAM,220970,Smith Academy,HATFIELD,70,55.00000000000001,f,reject,f
00603304,THE CAMBRIDGE SCHOOL OF WESTON,MA,WESTON,222350,cambridge school of weston,WESTON,100,92.85714285714286,t,auto_accept,f
02161011,THE GOVERNORS ACADEMY,MA,BYFIELD,221995,governor's academy,BYFIELD,87.17948717948718,87.17948717948718,t,review,t
00604272,THE WINCHENDON SCHOOL,MA,WINCHENDON,221786,waring school the,BEVERLY,74.07407407407408,73.6842105263158,f,reject,f
A1702030,YESHIVA OHR YISRAEL HIGH SCHOOL FOR BOYS,MA,CHESTNUT HILL,221145,Lee High School,LEE,84.61538461538461,43.63636363636364,f,reject,f
01604497,ACADEMY OF THE HOLY CROSS,MD,KENSINGTON,210678,Academy Of The Holy Cross,KENSINGTON,100,100,t,auto_accept,f
00580067,ANNAPOLIS AREA CHRISTIAN SCHOOL,MD,SEVERN,210007,annapolis area christian sch,SEVERN,94.91525423728814,94.91525423728814,t,auto_accept,f
00578116,ARCHBISHOP CURLEY HIGH SCHOOL,MD,BALTIMORE,210032,archbishop curley high school,BALTIMORE,100,100,t,auto_accept,f
00578728,ARCHBISHOP SPALDING HIGH SCHOOL,MD,SEVERN,210583,ARCHBISHOP SPALDING HIGH SCHOOL,SEVERN,100,100,t,auto_accept,f
02031117,BALTIMORE ACTOR'S THEATRE CONSERVATORY,MD,BALTIMORE,210044,Baltimore School For The Arts,BALTIMORE,65.67164179104478,62.68656716417911,t,reject,f
A2101922,BALTIMORE TORAH SCHOOL,MD,BALTIMORE,210044,Baltimore School For The Arts,BALTIMORE,84.21052631578948,74.50980392156863,t,review,t
01604395,BISHOP MCNAMARA HIGH SCHOOL,MD,FORESTVILLE,210532,Bishop Mcnamara High School,FORESTVILLE,100,100,t,auto_accept,f
00577713,CALVERT HALL COLLEGE HIGH SCHOOL,MD,BALTIMORE,210850,Calvert High School,PRINCE FREDERICK,100,74.50980392156863,f,review,t
A2301283,CHESTERTON ACADEMY OF ST MARYS,MD,MECHANICSVILLE,210678,Academy Of The Holy Cross,KENSINGTON,65.45454545454545,65.45454545454545,f,reject,f
01604431,DEMATHA CATHOLIC HIGH SCHOOL,MD,HYATTSVILLE,210660,de matha catholic high school,HYATTSVILLE,98.24561403508773,80.70175438596492,t,auto_accept,f
A0901660,DON BOSCO CRISTO REY HIGH SCHOOL,MD,TAKOMA PARK,210112,Mercy High School,BALTIMORE,78.57142857142857,57.14285714285714,f,reject,f
01604442,ELIZABETH SETON HIGH SCHOOL,MD,BLADENSBURG,210273,Elizabeth Seton High School,BLADENSBURG,100,100,t,auto_accept,f
01604464,GEORGETOWN PREPARATORY SCHOOL,MD,NORTH BETHESDA,210575,georgetown preparatory school,NORTH BETHESDA,100,100,t,auto_accept,f
00581377,HIGHLAND VIEW ACADEMY,MD,HAGERSTOWN,210136,New Era Academy,BALTIMORE,66.66666666666666,66.66666666666667,f,reject,f
00579663,ISRAEL HENRY BEREN HIGH SCHOOL,MD,BALTIMORE,210112,Mercy High School,BALTIMORE,78.57142857142857,55.319148936170215,t,reject,f
00578863,JOHN CARROLL SCHOOL,MD,BEL AIR,210233,john carroll school,BEL AIR,100,100,t,auto_accept,f
00578309,MERCY HIGH SCHOOL,MD,BALTIMORE,210112,Mercy High School,BALTIMORE,100,100,t,auto_accept,f
A1902262,MESIVTA KESSER TORAH OF BALTIMORE,MD,PIKESVILLE,210035,Baltimore City College,BALTIMORE,58.064516129032256,50.90909090909091,f,reject,f
A1101214,MESIVTA NEIMUS HATORAH,MD,BALTIMORE,210252,Stone Ridge Sch Sacred Heart,BETHESDA,44,43.99999999999999,f,reject,f
00578546,MOUNT DE SALES ACADEMY,MD,BALTIMORE,210335,mount de sales academy,CATONSVILLE,100,100,f,auto_accept,f
00578411,MOUNT SAINT JOSEPH HIGH SCHOOL,MD,BALTIMORE,210140,Mount Saint Joseph High School,BALTIMORE,100,100,t,auto_accept,f
A2301318,MT ZION PREPARATORY ACADEMY,MD,LANHAM,210335,mount de sales academy,CATONSVILLE,68.9655172413793,52.17391304347826,f,reject,f
A0301757,NEW DIRECTIONS ACADEMY,MD,PARKVILLE,210136,New Era Academy,BALTIMORE,84.61538461538461,70.27027027027026,f,review,t
01604475,OUR LADY OF GOOD COUNSEL HIGH SCHOOL,MD,OLNEY,211083,Our Lady Of Good Counsel Hs,OLNEY,100,100,t,auto_accept,f
A1701962,PATHWAYS SCHOOL--ANNE ARUNDEL,MD,ANNAPOLIS,210570,Arundel Senior High School,GAMBRILLS,70,59.25925925925925,f,reject,f
A2301324,PHOENIX RECOVERY ACADEMY,MD,FREDERICK,210136,New Era Academy,BALTIMORE,63.63636363636363,56.41025641025641,f,reject,f
A1701975,ST FRANCES ACADEMY,MD,BALTIMORE,210136,New Era Academy,BALTIMORE,72.72727272727272,72.72727272727273,t,reject,f
01651164,ST JOHN'S CATHOLIC PREP,MD,BUCKEYSTOWN,210545,saint johns catholic prep,BUCKEYSTOWN,97.77777777777777,93.33333333333333,t,auto_accept,f
00577848,ST MARIA GORETTI CATHOLIC HIGH SCHOOL,MD,HAGERSTOWN,210610,saint maria goretti hs,HAGERSTOWN,100,86.15384615384616,t,auto_accept,f
01604646,ST MARY'S RYKEN HIGH SCHOOL,MD,LEONARDTOWN,210015,saint mary's high school,ANNAPOLIS,100,87.5,f,auto_accept,f
00578105,ST MARYS HIGH SCHOOL,MD,ANNAPOLIS,210703,saint marys ryken high school,LEONARDTOWN,100,86.95652173913044,f,auto_accept,f
00579903,ST TIMOTHY'S SCHOOL,MD,STEVENSON,210015,saint mary's high school,ANNAPOLIS,75,55.00000000000001,f,reject,f
K9302634,ST VINCENT PALLOTTI HIGH SCHOOL,MD,LAUREL,210695,saint vincent pallotti hs,LAUREL,100,100,t,auto_accept,f
00581209,TAKOMA ACADEMY,MD,TAKOMA PARK,210125,Milford Mill Academy,BALTIMORE,66.66666666666666,58.82352941176471,f,reject,f
A9502119,THE BALTIMORE ACADEMY,MD,BALTIMORE,210044,Baltimore School For The Arts,BALTIMORE,76.47058823529412,60,t,reject,f
A9103158,THE CATHOLIC HIGH SCHOOL OF BALTIMORE,MD,BALTIMORE,210044,Baltimore School For The Arts,BALTIMORE,81.63265306122449,66.66666666666667,t,review,t
A1101198,THE GUNSTON SCHOOL,MD,CENTREVILLE,210490,Easton High School,EASTON,72.22222222222223,61.111111111111114,f,reject,f
00253244,THE NORA SCHOOL,MD,SILVER SPRING,210044,Baltimore School For The Arts,BALTIMORE,80,59.09090909090908,f,reject,f
A2102033,VISIONQUEST MORNING STAR YOUTH ACADEMY,MD,WOOLFORD,210136,New Era Academy,BALTIMORE,63.63636363636363,49.056603773584904,f,reject,f
00580114,WEST NOTTINGHAM ACADEMY,MD,COLORA,210410,west nottingham academy,COLORA,100,100,t,auto_accept,f
A2102039,YESHIVAS MEKOR CHAIM,MD,BALTIMORE,210112,Mercy High School,BALTIMORE,48.648648648648646,48.64864864864865,t,reject,f
A0901614,BLUE HILL HARBOR SCHOOL,ME,BLUE HILL,200520,kents hill school,KENTS HILL,78.57142857142857,55.00000000000001,f,reject,f
A0301693,CARLETON PROJECT,ME,HOULTON,200670,Monmouth Academy,MONMOUTH,43.75,43.75,f,reject,f
00563278,CHEVERUS HIGH SCHOOL,ME,PORTLAND,200805,cheverus high school,PORTLAND,100,100,t,auto_accept,f
00564114,ERSKINE ACADEMY,ME,SOUTH CHINA,200945,erskine academy,SOUTH CHINA,100,100,t,auto_accept,f
00563482,FRYEBURG ACADEMY,ME,FRYEBURG,200545,Lee Academy,LEE,77.77777777777777,66.66666666666667,f,reject,f
00564103,GEORGE STEVENS ACADEMY,ME,BLUE HILL,200140,george stevens academy,BLUE HILL,100,100,t,auto_accept,f
00563551,HYDE SCHOOL,ME,BATH,200068,hyde school,BATH,100,100,t,auto_accept,f
02030146,JOHN BAPST MEMORIAL HIGH SCHOOL,ME,BANGOR,200055,john bapst memorial hs,BANGOR,100,100,t,auto_accept,f
00563471,KENTS HILL SCHOOL,ME,KENTS HILL,200520,kents hill school,KENTS HILL,100,100,t,auto_accept,f
00563336,LEE ACADEMY,ME,LEE,200545,Lee Academy,LEE,100,100,t,auto_accept,f
00564329,MAINE CENTRAL INSTITUTE,ME,PITTSFIELD,200795,Maine Central Institute,PITTSFIELD,100,100,t,auto_accept,f
A0501774,NFI BUXTON - BEACON HOUSE,ME,BUXTON,200190,East Cumberland Technical,BRUNSWICK,41.666666666666664,41.666666666666664,f,reject,f
A0501775,NFI SIDNEY RIVER BEND SCHOOL,ME,SIDNEY,200808,West School,PORTLAND,70.58823529411765,41.02564102564102,f,reject,f
A0301704,THE NEW SCHOOL,ME,KENNEBUNK,200813,Governor Baxter School For The Deaf,FALMOUTH,83.33333333333333,48.97959183673469,f,reject,f
00563573,WASHINGTON ACADEMY,ME,EAST MACHIAS,200330,washington academy,EAST MACHIAS,100,100,t,auto_accept,f
A1101171,WATERSHED SCHOOL,ME,CAMDEN,200808,West School,PORTLAND,74.07407407407408,74.07407407407408,f,reject,f
A1301673,AUSTIN CATHOLIC HIGH SCHOOL,MI,CHESTERFIELD,231763,west catholic high school,GRAND RAPIDS,88.88888888888889,76.92307692307692,f,review,t
A2301392,BAIS YAAKOV,MI,OAK PARK,230245,Bear Lake High School,BEAR LAKE,43.75,43.75,f,reject,f
00637209,BISHOP FOLEY CATHOLIC HIGH SCHOOL,MI,MADISON HEIGHTS,232382,bishop foley high school,MADISON HEIGHTS,100,84.21052631578947,t,auto_accept,f
A0104221,BROTHER RICE HIGH SCHOOL,MI,BLOOMFIELD HILLS,230329,brother rice high school,BLOOMFIELD HILLS,100,100,t,auto_accept,f
A9103434,CARDINAL MOONEY CATHOLIC,MI,MARINE CITY,232657,cardinal mooney catholic hs,MARINE CITY,100,80,t,auto_accept,f
00638621,CATHOLIC CENTRAL HIGH SCHOOL,MI,NOVI,230205,Central High School,BAY CITY,100,80.85106382978724,f,review,t
00638993,CATHOLIC CENTRAL HIGH SCHOOL,MI,GRAND RAPIDS,230205,Central High School,BAY CITY,100,80.85106382978724,f,review,t
A2301395,CHESTERTON ACADEMY OF OUR LADY OF GUADALUPE,MI,CLINTON TOWNSHIP,232082,Academy Of Inkster,INKSTER,71.42857142857143,49.18032786885246,f,reject,f
00643245,COVENANT CHRISTIAN HIGH SCHOOL,MI,GRAND RAPIDS,231745,south christian high school,GRAND RAPIDS,87.5,73.6842105263158,t,review,t
00638133,DE LA SALLE COLLEGIATE HIGH SCHOOL,MI,WARREN,230880,de la salle collegiate hs,WARREN,100,100,t,auto_accept,f
A1101281,DETROIT CRISTO REY HIGH SCHOOL,MI,DETROIT,230926,detroit cristo rey high school,DETROIT,100,100,t,auto_accept,f
00640437,FR GABRIEL RICHARD HIGH SCHOOL,MI,ANN ARBOR,230090,father gabriel richard hs,ANN ARBOR,94.73684210526315,93.75,t,auto_accept,f
A0301852,FRANKEL JEWISH ACADEMY OF METRO DETROIT,MI,WEST BLOOMFIELD,233456,Academy Of Detroit High School,FERNDALE,75,63.76811594202898,f,reject,f
00643336,GRAND RAPIDS CHRISTIAN HIGH SCHOOL,MI,GRAND RAPIDS,231705,East Grand Rapids High School,GRAND RAPIDS,90.56603773584905,85.71428571428572,t,auto_accept,f
00643438,GRANDVILLE CALVIN CHRISTIAN HIGH SCHOOL,MI,GRANDVILLE,231770,Grandville High School,GRANDVILLE,100,72.1311475409836,t,review,t
00646687,GREAT LAKES ADVENTIST ACADEMY,MI,CEDAR LAKE,231428,Southern Lakes Academy,FENTON,74.28571428571428,54.90196078431373,f,reject,f
A9303370,HOLLAND CHRISTIAN HIGH SCHOOL,MI,HOLLAND,231970,Holland High School,HOLLAND,100,79.16666666666666,t,review,t
00643879,INTERLOCHEN ARTS ACADEMY,MI,INTERLOCHEN,233714,Arts Academy In The Woods,WARREN,73.46938775510205,73.46938775510203,f,reject,f
A2170572,KALAMAZOO CHRISTIAN HIGH SCHOOL,MI,KALAMAZOO,231745,south christian high school,GRAND RAPIDS,87.5,72.41379310344827,f,review,t
00640175,LANSING CATHOLIC HIGH SCHOOL,MI,LANSING,232285,lansing catholic central hs,LANSING,100,87.5,t,auto_accept,f
A9502346,LOYOLA HIGH SCHOOL,MI,DETROIT,232065,Ida High School,IDA,84.61538461538461,78.78787878787878,f,review,t
00639942,LUKE M POWERS CATHOLIC HIGH SCHOOL,MI,FLINT,231490,L M Powers Catholic High Sch,FLINT,90.3225806451613,90.32258064516128,t,auto_accept,f
00642059,LUTHERAN HIGH SCHOOL NORTH,MI,MACOMB,232656,lutheran high school north,MACOMB,100,100,t,auto_accept,f
00638075,MARIAN HIGH SCHOOL,MI,BLOOMFIELD HILLS,230332,marian high school,BLOOMFIELD HILLS,100,100,t,auto_accept,f
00636249,MERCY HIGH SCHOOL,MI,FARMINGTON HILLS,231005,mercy high school,FARMINGTON HILLS,100,100,t,auto_accept,f
A1301693,MESIVTA OF WEST BLOOMFIELD,MI,WEST BLOOMFIELD,232882,West Bloomfield High School,WEST BLOOMFIELD,73.17073170731707,71.69811320754718,t,reject,f
00641474,MICHIGAN LUTHERAN HIGH SCHOOL,MI,SAINT JOSEPH,232656,lutheran high school north,MACOMB,86.95652173913044,80,f,review,t
00643303,MICHIGAN LUTHERAN SEMINARY,MI,SAGINAW,231426,Academy Of Michigan,OAK PARK,59.25925925925926,48.88888888888889,f,reject,f
A2102127,NOUVEL CATHOLIC CENTRAL HIGH SCHOOL,MI,SAGINAW,230205,Central High School,BAY CITY,100,70.37037037037037,f,review,t
00637118,REGINA HIGH SCHOOL,MI,WARREN,231873,regina high school,WARREN,100,100,t,auto_accept,f
00637581,SHRINE CATHOLIC HIGH SCHOOL,MI,ROYAL OAK,233250,shrine high school,ROYAL OAK,100,80,t,auto_accept,f
00643391,SOUTH CHRISTIAN HIGH SCHOOL,MI,BYRON CENTER,231745,south christian high school,GRAND RAPIDS,100,100,f,auto_accept,f
A1301701,ST CATHERINE OF SIENA ACADEMY,MI,WIXOM,232082,Academy Of Inkster,INKSTER,71.42857142857143,59.57446808510638,f,reject,f
A0301873,ST FRANCIS HIGH SCHOOL,MI,TRAVERSE CITY,233580,saint francis high school,TRAVERSE CITY,100,100,t,auto_accept,f
00637311,ST MARY CATHOLIC CENTRAL HIGH SCHOOL,MI,MONROE,230205,Central High School,BAY CITY,100,69.0909090909091,f,review,t
A2102137,ST MICHAEL ACADEMY,MI,PETOSKEY,231426,Academy Of Michigan,OAK PARK,75.67567567567568,75.67567567567568,f,reject,f
A0901879,ST PHILIP CATHOLIC CENTRAL HIGH SCHOOL,MI,BATTLE CREEK,230205,Central High School,BAY CITY,100,66.66666666666667,f,review,t
00643904,THE LEELANAU SCHOOL,MI,GLEN ARBOR,232241,Leelanau Peninsula High School,LAKE LEELANAU,88.23529411764706,61.224489795918366,f,reject,f
00643813,UNITY CHRISTIAN HIGH SCHOOL,MI,HUDSONVILLE,232055,unity christian high school,HUDSONVILLE,100,100,t,auto_accept,f
00642037,VALLEY LUTHERAN HIGH SCHOOL,MI,SAGINAW,233333,Swan Valley High School,SAGINAW,87.8048780487805,72,t,review,t
A1101301,VERITAS CHRISTI CATHOLIC H.S.,MI,ANN ARBOR,231763,west catholic high school,GRAND RAPIDS,88.88888888888889,75.40983606557377,f,review,t
00639261,WEST CATHOLIC HIGH SCHOOL,MI,GRAND RAPIDS,231763,west catholic high school,GRAND RAPIDS,100,100,t,auto_accept,f
A0502027,WEST MICHIGAN LUTHERAN SCHOOL,MI,WYOMING,232656,lutheran high school north,MACOMB,76.36363636363636,61.81818181818181,f,reject,f
A0701361,AVAIL ACADEMY HIGH SCHOOL,MN,FRIDLEY,241643,P.M. High School,MINNEAPOLIS,84.61538461538461,55.00000000000001,f,reject,f
A9702061,BAIS YAAKOV HIGH SCHOOL,MN,SAINT LOUIS PARK,241643,P.M. High School,MINNEAPOLIS,84.61538461538461,57.89473684210527,f,reject,f
A1101308,CHESTERTON ACADEMY,MN,HOPKINS,242237,City Academy,SAINT PAUL,73.6842105263158,66.66666666666667,f,reject,f
A2190482,CHESTERTON ACADEMY OF THE ST CROIX VALLEY,MN,STILLWATER,242320,saint thomas academy,MENDOTA HEIGHTS,74.07407407407408,48.275862068965516,f,reject,f
A1301722,DELASALLE HIGH SCHOOL,MN,MINNEAPOLIS,241600,de la salle high school,MINNEAPOLIS,95.45454545454545,72.72727272727273,t,review,t
A0105207,HOLY FAMILY CATHOLIC HIGH SCHOOL,MN,VICTORIA,242548,holy family catholic hs,VICTORIA,100,100,t,auto_accept,f
A1502130,HOLY SPIRIT ACADEMY,MN,MONTICELLO,242237,City Academy,SAINT PAUL,73.6842105263158,64.51612903225806,f,reject,f
A2102157,HOPE LUTHERAN HIGH SCHOOL,MN,WINONA,241513,mayer lutheran high school,MAYER,88.88888888888889,78.43137254901961,f,review,t
A2392115,MANKATO CHRISTIAN ACADEMY,MN,MANKATO,240267,maranatha christian academy,BROOKLYN PARK,88.46153846153847,88.46153846153845,f,review,t
00705565,MAPLEWOOD ACADEMY,MN,HUTCHINSON,242237,City Academy,SAINT PAUL,73.6842105263158,55.172413793103445,f,reject,f
00703284,MAYER LUTHERAN HIGH SCHOOL,MN,MAYER,241513,mayer lutheran high school,MAYER,100,100,t,auto_accept,f
A1702132,MINNEHAHA ACADEMY - UPPER SCHOOL,MN,MINNEAPOLIS,241625,minnehaha academy,MINNEAPOLIS,100,72.34042553191489,t,review,t
01923527,MINNESOTA VALLEY LUTHERAN HIGH SCHOOL,MN,NEW ULM,242208,west lutheran high school,PLYMOUTH,88.88888888888889,70.96774193548387,f,review,t
A0105245,SOUTHWEST CHRISTIAN HIGH SCHOOL,MN,CHASKA,241680,Southwest High School,MINNEAPOLIS,100,80.76923076923077,f,review,t
00704324,SOUTHWEST MN CHRISTIAN HIGH SCHOOL,MN,EDGERTON,241680,Southwest High School,MINNEAPOLIS,100,76.36363636363637,f,review,t
00701254,TOTINO-GRACE HIGH SCHOOL,MN,FRIDLEY,241643,P.M. High School,MINNEAPOLIS,84.61538461538461,56.41025641025641,f,reject,f
02039364,WEST LUTHERAN HIGH SCHOOL,MN,PLYMOUTH,242208,west lutheran high school,PLYMOUTH,100,100,t,auto_accept,f
A1301751,YESHIVA OF MINNEAPOLIS,MN,SAINT LOUIS PARK,242688,Circle Of Life Survival School,WHITE EARTH,50,50,f,reject,f
A2102205,BISHOP LEBLOND,MO,SAINT JOSEPH,263215,Sheldon High School,SHELDON,54.54545454545455,54.54545454545454,f,reject,f
A2190498,BISHOP LEBLOND HIGH SCHOOL,MO,SAINT JOSEPH,260120,Ava High School,AVA,84.61538461538461,58.53658536585367,f,reject,f
A0701404,CALVARY LUTHERAN HIGH SCHOOL,MO,JEFFERSON CITY,262985,lutheran high school north,SAINT LOUIS,86.95652173913044,74.07407407407408,f,review,t
00752797,CARDINAL RITTER COLLEGE PREP HIGH SCHOOL,MO,SAINT LOUIS,260120,Ava High School,AVA,84.61538461538461,50.90909090909091,f,reject,f
A9902671,CEDAR FALLS SCHOOL,MO,CANTON,262635,Plato School,PLATO,66.66666666666666,53.333333333333336,f,reject,f
A2301454,CHESTERTON ACADEMY OF ST PHILIP NERI,MO,KANSAS CITY,260809,barat academy,CHESTERFIELD,70,40.816326530612244,f,reject,f
00751738,COR JESU ACADEMY,MO,SAINT LOUIS,262947,cor jesu academy,SAINT LOUIS,100,100,t,auto_accept,f
A0701409,CRISTO REY KANSAS CITY,MO,KANSAS CITY,262445,North Kansas City High School,NORTH KANSAS CITY,66.66666666666666,58.82352941176471,f,reject,f
00752152,DUCHESNE HIGH SCHOOL,MO,SAINT CHARLES,262841,duchesne high school,SAINT CHARLES,100,100,t,auto_accept,f
A9902668,ESTHER MILLER BAIS YAAKOV,MO,SAINT LOUIS,262210,Miller High School,MILLER,55.81395348837209,51.162790697674424,f,reject,f
00753189,HELIAS CATHOLIC HIGH SCHOOL,MO,JEFFERSON CITY,260724,father tolton catholic hs,COLUMBIA,85.1063829787234,75.40983606557377,f,review,t
00751807,INCARNATE WORD ACADEMY,MO,SAINT LOUIS,262435,incarnate word academy,SAINT LOUIS,100,100,t,auto_accept,f
A2392121,LAKESHORE ACADEMY,MO,BRANSON,260809,barat academy,CHESTERFIELD,70,66.66666666666667,f,reject,f
AA000896,LUTHERAN HIGH SCHOOL OF KANSAS CITY,MO,KANSAS CITY,262445,North Kansas City High School,NORTH KANSAS CITY,88.46153846153847,81.25,f,review,t
A9103783,LUTHERAN HIGH SCHOOL OF ST CHARLES COUNTY,MO,SAINT PETERS,262850,Saint Charles High School,SAINT CHARLES,100,69.84126984126983,f,review,t
00754615,LUTHERAN HIGH SCHOOL SOUTH,MO,SAINT LOUIS,262987,lutheran high school south,SAINT LOUIS,100,100,t,auto_accept,f
00754353,MCAULEY CATHOLIC HIGH SCHOOL,MO,JOPLIN,260120,Ava High School,AVA,84.61538461538461,60.46511627906976,f,reject,f
BB201104,Miriam High School,MO,SAINT LOUIS,260045,Miami High School,AMORET,91.42857142857143,91.42857142857143,f,auto_accept,f
A0902021,MISSOURI TORAH INSTITUTE,MO,CHESTERFIELD,262997,Missouri School For The Blind,SAINT LOUIS,56.60377358490566,52.83018867924528,f,reject,f
A2392124,NORTHEAST CHRISTIAN HIGH SCHOOL,MO,KIRKSVILLE,260430,Northeast High School,CAIRO,100,80.76923076923077,f,review,t
00753939,ROCKHURST HIGH SCHOOL,MO,KANSAS CITY,261685,rockhurst high school,KANSAS CITY,100,100,t,auto_accept,f
00751862,ROSATI-KAIN HIGH SCHOOL,MO,SAINT LOUIS,263025,rosati-kain high school,SAINT LOUIS,100,100,t,auto_accept,f
A0301975,SAXONY LUTHERAN HIGH SCHOOL,MO,JACKSON,262985,lutheran high school north,SAINT LOUIS,86.95652173913044,83.01886792452831,f,review,t
00754058,SPRINGFIELD CATHOLIC HIGH SCHOOL,MO,SPRINGFIELD,263295,springfield catholic high sch,SPRINGFIELD,95.08196721311475,95.08196721311475,t,auto_accept,f
00752312,ST DOMINIC HIGH SCHOOL,MO,O'FALLON,262480,saint dominic high school,O FALLON,100,100,f,auto_accept,f
00752855,ST FRANCIS BORGIA HIGH SCHOOL,MO,WASHINGTON,263535,saint francis borgia regl h s,WASHINGTON,100,92.06349206349206,t,auto_accept,f
00752287,ST JOHN VIANNEY HIGH SCHOOL,MO,KIRKWOOD,261780,saint john vianney high school,KIRKWOOD,100,100,t,auto_accept,f
00751115,ST JOSEPH'S ACADEMY,MO,SAINT LOUIS,263055,saint joseph's academy,SAINT LOUIS,100,100,t,auto_accept,f
00751104,ST LOUIS UNIVERSITY HIGH SCHOOL,MO,SAINT LOUIS,263445,University City High School,SAINT LOUIS,89.79591836734694,75.86206896551724,t,review,t
00751986,ST MARY'S SOUTH SIDE CATHOLIC HIGH SCHOOL,MO,SAINT LOUIS,263075,saint mary high school,SAINT LOUIS,100,63.33333333333333,t,reject,f
00755787,ST PAUL LUTHERAN HIGH SCHOOL,MO,CONCORDIA,260750,saint pauls lutheran high sch,CONCORDIA,92.5925925925926,92.5925925925926,t,auto_accept,f
A1702298,ST PAUL LUTHERAN HIGH SCHOOL,MO,FARMINGTON,260750,saint pauls lutheran high sch,CONCORDIA,92.5925925925926,92.5925925925926,f,auto_accept,f
00752389,ST PIUS X CATHOLIC HIGH SCHOOL,MO,FESTUS,261697,saint pius x high school,KANSAS CITY,100,82.35294117647058,f,review,t
00753994,ST PIUS X HIGH SCHOOL,MO,KANSAS CITY,261697,saint pius x high school,KANSAS CITY,100,100,t,auto_accept,f
00753531,ST TERESA'S ACADEMY,MO,KANSAS CITY,261700,saint teresa's academy,KANSAS CITY,100,100,t,auto_accept,f
A9103823,SUNNYDALE ADVENTIST ACADEMY,MO,CENTRALIA,260809,barat academy,CHESTERFIELD,70,50,f,reject,f
A2301470,TDW ACADEMY,MO,SAINT LOUIS,261517,Independence Academy,INDEPENDENCE,77.77777777777777,58.06451612903225,f,reject,f
00752083,URSULINE ACADEMY,MO,SAINT LOUIS,260809,barat academy,CHESTERFIELD,70,62.06896551724138,f,reject,f
A1902697,BOZEMAN FIELD SCHOOL,MT,BOZEMAN,270100,Bozeman High School,BOZEMAN,84.84848484848484,82.05128205128204,t,review,t
A2190509,BUILDING BRIDGES ACADEMY,MT,THOMPSON FALLS,270114,petra academy,BOZEMAN,70,48.64864864864865,f,reject,f
A9103866,BUTTE CENTRAL CATHOLIC HIGH SCHOOL,MT,BUTTE,270170,Butte High School,BUTTE,100,66.66666666666667,t,review,t
A0902052,CHRYSALIS SCHOOL,MT,EUREKA,270180,Charlo High School,CHARLO,70.58823529411765,70.58823529411764,f,reject,f
A0105826,GREAT FALLS CENTRAL CATHOLIC HIGH SCHOOL,MT,GREAT FALLS,270400,Great Falls High School,GREAT FALLS,100,73.01587301587303,t,review,t
00791704,LOYOLA SACRED HEART HIGH SCHOOL,MT,MISSOULA,270620,loyola-sacred heart high sch,MISSOULA,94.91525423728814,94.91525423728814,t,auto_accept,f
A9103888,LUSTRE CHRISTIAN HIGH SCHOOL,MT,LUSTRE,270375,Kg High School,GILDFORD,88,57.14285714285714,f,reject,f
00792264,MOUNT ELLIS ACADEMY,MT,BOZEMAN,270112,mount ellis academy,BOZEMAN,100,100,t,auto_accept,f
A1902705,ST LABRE HIGH SCHOOL,MT,ASHLAND,270375,Kg High School,GILDFORD,88,70.58823529411764,f,review,t
A0701451,TURNING WINDS ACADEMIC INSTITUTE,MT,TROY,270112,mount ellis academy,BOZEMAN,45.833333333333336,45.833333333333336,f,reject,f
A0902450,ACADEMY OF EXCELLENCE,NC,STATESVILLE,340601,Cary Academy,CARY,73.6842105263158,54.54545454545454,f,reject,f
A1903270,BLACK MOUNTAIN ACADEMY,NC,BLACK MOUNTAIN,340601,Cary Academy,CARY,73.6842105263158,58.82352941176471,f,reject,f
01010368,CARDINAL GIBBONS,NC,RALEIGH,343205,Cardinal Gibbons Meml High Sch,RALEIGH,100,69.56521739130434,t,review,t
01010823,CHARLOTTE CATHOLIC HIGH SCHOOL,NC,CHARLOTTE,340665,Charlotte Catholic High School,CHARLOTTE,100,100,t,auto_accept,f
A1302158,CHRIST THE KING CATHOLIC HIGH SCHOOL,NC,HUNTERSVILLE,340095,Christ School,ARDEN,100,53.06122448979591,f,reject,f
A0902478,COASTAL CHRISTIAN HIGH SCHOOL,NC,WILMINGTON,344472,Coastal Christian High School,WILMINGTON,100,100,t,auto_accept,f
A1903290,COMBINE ACADEMY,NC,LINCOLNTON,341595,Noble Academy,GREENSBORO,78.57142857142857,78.57142857142857,f,reject,f
A2102849,EMERALD SCHOOL OF EXCELLENCE,NC,CHARLOTTE,343675,Oneal School,SOUTHERN PINES,66.66666666666666,50,f,reject,f
A2102851,FATHER CAPODANNO SCHOOL HIGH SCHOOL,NC,VASS,340085,Apex High School,APEX,81.48148148148148,58.82352941176471,f,reject,f
01013744,FLETCHER ACADEMY,NC,FLETCHER,340174,lawrence academy,MERRY HILL,75,75,f,reject,f
A2102873,INSIGHT COLEARNING CENTER,NC,DURHAM,343366,Tar River Learning Center,ROCKY MOUNT,72,72,f,reject,f
01012092,LAURINBURG NORMAL & INDUSTRIAL INSTITUTE,NC,LAURINBURG,342170,Laurinburg Charter,LAURINBURG,71.42857142857143,50,t,reject,f
01914567,MOUNT PISQAH ACADEMY,NC,CANDLER,340555,Mount Pisgah Academy,CANDLER,94.11764705882354,94.11764705882352,t,auto_accept,f
A1302210,POPE JOHN PAUL II CATHOLIC H S,NC,GREENVILLE,340085,Apex High School,APEX,81.48148148148148,48.14814814814815,f,reject,f
A2102916,SALEM ACADEMY,NC,WINSTON SALEM,344455,Salem Academy,WINSTON SALEM,100,100,t,auto_accept,f
01010845,ST MARY'S SCHOOL,NC,RALEIGH,343235,Saint Marys School,RALEIGH,96.7741935483871,96.7741935483871,t,auto_accept,f
A1302225,UNIVERSITY CHRISTIAN HIGH SCHOOL,NC,HICKORY,340913,university christian high sch,HICKORY,95.08196721311475,95.08196721311475,t,auto_accept,f
A2301847,WAKE MONARCH ACADEMY,NC,RALEIGH,344529,East Wake Academy,ZEBULON,82.75862068965517,75.67567567567568,f,review,t
A0701788,WINSTON SALEM STREET SCHOOL,NC,WINSTON SALEM,344466,Winston Salem Prep Academy,WINSTON SALEM,67.9245283018868,56.60377358490566,t,reject,f
01043167,DAKOTA ADVENTIST ACADEMY,ND,BISMARCK,351430,Dakota Prairie High School,PETERSBURG,44,28.000000000000004,f,reject,f
A2301861,SHANLEY HIGH SCHOOL,ND,FARGO,350830,Harvey High School,HARVEY,86.48648648648648,59.45945945945945,f,reject,f
01042651,ST MARY'S CENTRAL HIGH SCHOOL,ND,BISMARCK,350160,saint marys central hs,BISMARCK,98.24561403508773,98.24561403508771,t,auto_accept,f
A2301489,CHESTERTON ACADEMY OF OMAHA,NE,OMAHA,281685,duchesne academy sacred heart,OMAHA,60.714285714285715,60.71428571428572,t,reject,f
02161678,CREIGHTON PREPARATORY SCHOOL,NE,OMAHA,281710,creighton preparatory school,OMAHA,100,100,t,auto_accept,f
00809393,GROSS CATHOLIC HIGH SCHOOL,NE,BELLEVUE,281712,daniel j gross catholic hs,BELLEVUE,100,85.24590163934427,t,auto_accept,f
A0302001,HEARTLAND LUTHERAN HIGH SCHOOL,NE,GRAND ISLAND,281081,Heartland Community High School,HENDERSON,82.35294117647058,68.85245901639344,f,review,t
A9702175,LUTHERAN HIGH NORTHEAST,NE,NORFOLK,281621,lutheran high northeast,NORFOLK,100,100,t,auto_accept,f
00809484,MARIAN HIGH SCHOOL,NE,OMAHA,281718,marian high school,OMAHA,100,100,t,auto_accept,f
00809509,MERCY HIGH SCHOOL,NE,OMAHA,281382,Macy High School,MACY,90.9090909090909,90.9090909090909,f,auto_accept,f
00810208,MOUNT MICHAEL BENEDICTINE HIGH SCHOOL,NE,ELKHORN,280757,Mount Michael Benedictine Hs,ELKHORN,100,100,t,auto_accept,f
01931006,NEBRASKA EVANGELICAL LUTHERAN HIGH SCHOOL,NE,WACO,282434,nebraska lutheran high school,WACO,100,82.85714285714285,t,auto_accept,f
A1101421,OMAHA STREET SCHOOL,NE,OMAHA,281611,Santee High School,NIOBRARA,70.27027027027027,48.64864864864865,f,reject,f
00810682,PIUS X HIGH SCHOOL,NE,LINCOLN,281315,pius x high school,LINCOLN,100,100,t,auto_accept,f
A2190511,Quest Forward High School,NE,OMAHA,282070,Saint Edward High School,SAINT EDWARD,82.6086956521739,69.56521739130434,f,review,t
00809553,RONCALLI CATHOLIC HIGH SCHOOL,NE,OMAHA,281738,roncalli catholic high school,OMAHA,100,100,t,auto_accept,f
A9502685,VJ & ANGELA SKUTT CATHOLIC HIGH SCHOOL,NE,OMAHA,281771,vj & angela skutt catholic hs,OMAHA,100,100,t,auto_accept,f
00851459,BISHOP BRADY HIGH SCHOOL,NH,CONCORD,300105,bishop brady high school,CONCORD,100,100,t,auto_accept,f
A2190517,BUSCHE ACADEMY,NH,CHESTER,300635,brewster academy,WOLFEBORO,73.33333333333333,73.33333333333334,f,reject,f
00852011,DUBLIN SCHOOL,NH,DUBLIN,300145,dublin school,DUBLIN,100,100,t,auto_accept,f
A9303529,JESSE REMINGTON HIGH SCHOOL,NH,CANDIA,300059,Bow High School,BOW,84.61538461538461,52.38095238095239,f,reject,f
A1502305,KIMBALL UNION ACADEMY,NH,MERIDEN,300400,KIMBALL UNION ACADEMY,MERIDEN,100,100,t,auto_accept,f
A0302043,LONGVIEW SCHOOL,NH,DEERFIELD,300580,tilton school,TILTON,71.42857142857143,42.85714285714286,f,reject,f
A2390344,NEW ENGLAND SCHOOL OF THE ARTS,NH,LEBANON,300440,new hampton school,NEW HAMPTON,71.42857142857143,58.33333333333333,f,reject,f
A2192906,NEW HAMPTON SCHOOL,NH,NEW HAMPTON,300440,new hampton school,NEW HAMPTON,100,100,t,auto_accept,f
A0701478,OLIVERIAN SCHOOL,NH,PIKE,300135,Dover High School,DOVER,72.72727272727272,72.72727272727273,f,reject,f
A2301524,OUR LADY OF MERCY ACADEMY,NH,KEENE,300015,proctor academy,ANDOVER,63.63636363636363,60,f,reject,f
00852124,PHILLIPS EXETER ACADEMY,NH,EXETER,300185,phillips exeter academy,EXETER,100,100,t,auto_accept,f
00851958,PROCTOR ACADEMY,NH,ANDOVER,300015,proctor academy,ANDOVER,100,100,t,auto_accept,f
A0502247,SHORTRIDGE ACADEMY,NH,MILTON,300414,shortridge academy,MILTON,100,100,t,auto_accept,f
00851903,ST PAULS SCHOOL,NH,CONCORD,300110,saint pauls school,CONCORD,100,100,t,auto_accept,f
00851721,ST THOMAS AQUINAS HIGH SCHOOL,NH,DOVER,300143,saint thomas aquinas high sch,DOVER,94.54545454545455,94.54545454545455,t,auto_accept,f
00852113,TILTON SCHOOL,NH,TILTON,300580,tilton school,TILTON,100,100,t,auto_accept,f
02117935,TRINITY HIGH SCHOOL,NH,MANCHESTER,300362,trinity high school,MANCHESTER,100,100,t,auto_accept,f
A9104248,VICTORY HIGH SCHOOL,NH,JAFFREY,300059,Bow High School,BOW,84.61538461538461,64.70588235294117,f,reject,f
A0701483,WATERVILLE VALLEY ACADEMY,NH,WATERVILLE VALLEY,300600,waterville valley academy,WATERVILLE VALLEY,100,100,t,auto_accept,f
00852204,WHITE MOUNTAIN SCHOOL,NH,BETHLEHEM,300345,white mountain school,BETHLEHEM,100,100,t,auto_accept,f
A2400107,ACADEMY OF ST. ELIZABETH,NJ,CONVENT STATION,310635,saint dominic academy,JERSEY CITY,71.42857142857143,58.53658536585367,f,reject,f
A2102343,ADERES BAIS YAAKOV,NJ,LAKEWOOD,310693,christian brothers academy,LINCROFT,45.45454545454545,45.45454545454546,f,reject,f
00870008,BAIS KAILA TORAH PREPARATORY HIGH SCHOOL FOR GIRLS,NJ,LAKEWOOD,310985,rutgers preparatory school,SOMERSET,81.81818181818181,47.36842105263158,f,reject,f
A1502321,BAIS LEAH HIGH SCHOOL,NJ,HOWELL,310710,Lodi High School,LODI,81.48148148148148,70.27027027027026,f,review,t
A9502739,BAIS SHAINDEL HIGH SCHOOL FOR GIRLS,NJ,LAKEWOOD,310710,Lodi High School,LODI,81.48148148148148,43.13725490196079,f,reject,f
A9702228,BAIS YAAKOV HIGH SCHOOL OF LAKEWOOD,NJ,LAKEWOOD,310670,Lakewood High School,LAKEWOOD,100,72.72727272727273,t,review,t
A1702387,BAIS YAAKOV MACHON ORA,NJ,PASSAIC,310583,Jackson Memorial High School,JACKSON,48,48,f,reject,f
A1702388,BANYAN UPPER SCHOOL,NJ,LITTLE FALLS,311336,ranney school,TINTON FALLS,68.75,62.5,f,reject,f
00861718,BERGEN CATHOLIC HIGH SCHOOL,NJ,ORADELL,311053,bergen catholic high school,ORADELL,100,100,t,auto_accept,f
00865188,BISHOP EUSTACE PREP SCHOOL,NJ,PENNSAUKEN,310770,bishop eustace prep school,PENNSAUKEN,100,100,t,auto_accept,f
00869091,BLAIR ACADEMY,NJ,BLAIRSTOWN,310105,blair academy,BLAIRSTOWN,100,100,t,auto_accept,f
A1301895,BNOS BAIS YAAKOV HIGH SCHOOL,NJ,LAKEWOOD,310710,Lodi High School,LODI,81.48148148148148,50,f,reject,f
AA890559,BROOKFIELD ACADEMY,NJ,CHERRY HILL,310105,blair academy,BLAIRSTOWN,70,64.51612903225806,f,reject,f
A2102363,CHEDVAS BAIS YAAKOV HIGH SCHOOL,NJ,LAKEWOOD,310710,Lodi High School,LODI,81.48148148148148,46.808510638297875,f,reject,f
A1902775,CONG. MIKOR HATORAH,NJ,LAKEWOOD,310250,Collingswood Senior High School,COLLINGSWOOD,44.89795918367347,44.89795918367348,f,reject,f
BB220415,"CRAIG SCHOOL, HIGH SCHOOL",NJ,MONTVILLE,310050,Ridge High School,BASKING RIDGE,88.23529411764706,58.53658536585367,f,reject,f
00863362,DON BOSCO PREPARATORY HIGH SCHOOL,NJ,RAMSEY,310985,rutgers preparatory school,SOMERSET,81.81818181818181,61.01694915254237,f,reject,f
00867458,DONOVAN CATHOLIC HIGH SCHOOL,NJ,TOMS RIVER,311053,bergen catholic high school,ORADELL,85.1063829787234,72.72727272727273,f,review,t
A1902785,FOXMAN TORAH INSTITUTE,NJ,CHERRY HILL,310767,Burlington County Institute Of Technology,MEDFORD,58.064516129032256,47.61904761904761,f,reject,f
A1502347,HEICHAL HATORAH,NJ,TEANECK,310515,Hawthorne High School,HAWTHORNE,61.111111111111114,61.111111111111114,f,reject,f
00867265,HOLY CROSS PREPARATORY ACADEMY,NJ,DELRAN,310390,academy of holy angels,DEMAREST,70.58823529411765,61.53846153846154,f,reject,f
00862314,HUDSON CATHOLIC REGIONAL HIGH SCHOOL,NJ,JERSEY CITY,310554,hudson school,HOBOKEN,100,53.06122448979591,f,reject,f
A9702240,ILAN HIGH SCHOOL,NJ,OCEAN,311555,Vineland High School,VINELAND,88.88888888888889,61.111111111111114,f,reject,f
00864005,IMMACULATE CONCEPTION HIGH SCHOOL,NJ,MONTCLAIR,310715,immaculate conception hs,LODI,100,100,f,auto_accept,f
00863599,IMMACULATE HEART ACADEMY,NJ,WASHINGTON TOWNSHIP,311072,immaculate heart academy,WASHINGTON TWPS,100,100,f,auto_accept,f
00866181,MARY HELP OF CHRISTIANS ACADEMY,NJ,NORTH HALEDON,311025,mount saint mary academy,WATCHUNG,80,53.06122448979591,f,reject,f
A2301577,MESIVATA NEZER HATORAH,NJ,LAKEWOOD,310918,West Kinney Alternative,NEWARK,44.44444444444444,44.44444444444444,f,reject,f
A1702442,MESIVTA AHAVAS HATORAH D'LAKEWOOD,NJ,LAKEWOOD,310670,Lakewood High School,LAKEWOOD,57.142857142857146,49.056603773584904,t,reject,f
A1902814,MESIVTA KEREN ORAH,NJ,LAKEWOOD,311017,North Bergen High School,NORTH BERGEN,47.61904761904762,47.61904761904761,f,reject,f
A2102402,MESIVTA NER MOSHE,NJ,LAKEWOOD,310348,Emerson Junior Senior High School,EMERSON,44,43.99999999999999,f,reject,f
BB161435,MESIVTA NEZER HATORAH,NJ,LAKEWOOD,310918,West Kinney Alternative,NEWARK,45.45454545454545,45.45454545454546,f,reject,f
A0902180,MESIVTA OF CLIFTON,NJ,CLIFTON,310245,Clifton High School,CLIFTON,59.45945945945946,59.45945945945945,t,reject,f
A1702444,MESIVTA OF EATONTOWN,NJ,LAKEWOOD,310000,Allentown High School,ALLENTOWN,48.78048780487805,48.78048780487805,f,reject,f
A1702445,MESIVTA OHR CHAIM MEIR,NJ,LAKEWOOD,311354,Hillcrest Academy-North,SCOTCH PLAINS,53.333333333333336,53.333333333333336,f,reject,f
A2102405,MESIVTA TORAH TEMIMAH OF LAKEWOOD,NJ,LAKEWOOD,310670,Lakewood High School,LAKEWOOD,57.142857142857146,45.28301886792453,t,reject,f
A2301582,MESIVTA TORAS MAIER,NJ,PASSAIC,311473,Toms River Center,TOMS RIVER,50,50,f,reject,f
BB201155,MIKOR HATORAH,NJ,LAKEWOOD,310515,Hawthorne High School,HAWTHORNE,47.05882352941177,47.05882352941176,f,reject,f
00861321,MOTHER SETON REGIONAL HIGH SCHOOL,NJ,CLARK,310229,mother seton reg high school,CLARK,92.3076923076923,91.80327868852459,t,auto_accept,f
00862664,MOUNT SAINT DOMINIC ACADEMY,NJ,CALDWELL,310180,Mount Saint Dominic Academy,CALDWELL,100,100,t,auto_accept,f
A2102415,NAALEH HIGH SCHOOL FOR GIRLS,NJ,RIDGEWOOD,310710,Lodi High School,LODI,81.48148148148148,59.09090909090908,f,reject,f
BB161440,NJ CENTER FOR JUDAIC STUDIES,NJ,LAKEWOOD,311473,Toms River Center,TOMS RIVER,53.333333333333336,53.333333333333336,f,reject,f
00866498,NOTRE DAME HIGH SCHOOL,NJ,LAWRENCEVILLE,311492,notre dame high school,LAWRENCEVILLE,100,100,t,auto_accept,f
A2301588,OHR YISROEL OF TENAFLY,NJ,RIDGEWOOD,311455,Tenafly High School,TENAFLY,63.41463414634146,48.78048780487805,f,reject,f
A1101521,OROS BAIS YAKOV,NJ,LAKEWOOD,310845,morristown-beard school,MORRISTOWN,42.10526315789474,42.10526315789473,f,reject,f
A9104409,OUR LADY OF MERCY ACADEMY,NJ,NEWFIELD,310996,our lady of mercy academy,NEWFIELD,100,100,t,auto_accept,f
00864388,PAUL VI HIGH SCHOOL,NJ,HADDONFIELD,310473,Paul Vi High School,HADDONFIELD,100,100,t,auto_accept,f
00868746,PEDDIE SCHOOL,NJ,HIGHTSTOWN,310535,peddie school,HIGHTSTOWN,100,100,t,auto_accept,f
A2102428,PRINCETON INTERNATIONAL SCHL OF MATH AND SCIENCE,NJ,PRINCETON,311260,hun school of princeton,PRINCETON,68.57142857142857,53.52112676056338,t,reject,f
02044716,RABBI JACOB JOSEPH SCHOOL,NJ,EDISON,310790,saint joseph high school,METUCHEN,76.47058823529412,60.86956521739131,f,reject,f
A1702463,SAGE DAY ROCHELLE PARK,NJ,ROCHELLE PARK,311330,Roselle Park High School,ROSELLE PARK,60.869565217391305,60.86956521739131,f,reject,f
00864184,SETON HALL PREPARATORY SCHOOL,NJ,WEST ORANGE,311390,Seton Hall Preparatory School,WEST ORANGE,100,100,t,auto_accept,f
A1792060,SHALVA HIGH SCHOOL,NJ,LAKEWOOD,311350,Salem High School,SALEM,85.71428571428571,62.857142857142854,f,reject,f
A0107313,SHEPARD PREPARATORY HIGH SCHOOL,NJ,MORRISTOWN,310853,shepard high school,MORRISTOWN,100,76,t,review,t
00864708,ST JOSEPH ACADEMY,NJ,HAMMONTON,310180,Mount Saint Dominic Academy,CALDWELL,74.07407407407408,63.1578947368421,f,reject,f
00867902,ST JOSEPH HIGH SCHOOL,NJ,METUCHEN,310824,saint joseph reg high school,MONTVALE,100,91.30434782608697,f,auto_accept,f
00862085,ST JOSEPH REGIONAL HIGH SCHOOL,NJ,MONTVALE,310790,saint joseph high school,METUCHEN,100,82.35294117647058,f,review,t
00861864,ST MARY HIGH SCHOOL,NJ,RUTHERFORD,311345,saint marys high school,RUTHERFORD,97.43589743589743,97.43589743589743,t,auto_accept,f
00862187,ST PETERS PREPARATORY SCHOOL,NJ,JERSEY CITY,310645,saint peters preparatory sch,JERSEY CITY,94.33962264150944,94.33962264150944,t,auto_accept,f
00866851,ST ROSE HIGH SCHOOL,NJ,BELMAR,310790,saint joseph high school,METUCHEN,90,90,f,auto_accept,f
00861638,ST VINCENT ACADEMY,NJ,NEWARK,310955,saint vincent academy,NEWARK,100,100,t,auto_accept,f
A1902778,THE CRAIG SCHOOL HIGH SCHOOL,NJ,MONTVILLE,310050,Ridge High School,BASKING RIDGE,84.21052631578948,53.333333333333336,f,reject,f
00868382,THE FRISCH SCHOOL,NJ,PARAMUS,311069,frisch school,PARAMUS,100,86.66666666666667,t,auto_accept,f
00869171,THE LAWRENCEVILLE SCHOOL,NJ,LAWRENCEVILLE,310680,Lawrenceville School,LAWRENCEVILLE,100,90.9090909090909,t,auto_accept,f
A2102462,TIFERES CHAIM,NJ,LAKEWOOD,310597,Create Charter School,JERSEY CITY,47.05882352941177,47.05882352941176,f,reject,f
A2102463,TIFERES SHMUEL,NJ,LAKEWOOD,310975,West Side High School,NEWARK,45.714285714285715,45.714285714285715,f,reject,f
BB161452,TORAS IMECHE,NJ,LAKEWOOD,310785,Metuchen High School,METUCHEN,50,50,f,reject,f
A1301968,TRINITY HALL,NJ,TINTON FALLS,310689,trinity hall,TINTON FALLS,100,100,t,auto_accept,f
00863431,UNION CATHOLIC REGIONAL HIGH SCHOOL,NJ,SCOTCH PLAINS,311510,Union High School,UNION,100,65.38461538461539,f,review,t
A0107303,URBAN PROMISE ACADEMY,NJ,PENNSAUKEN,311186,academy for urban leadership,PERTH AMBOY,76.47058823529412,65.3061224489796,f,reject,f
A0902225,VERITAS CHRISTIAN ACADEMY,NJ,SPARTA,310693,christian brothers academy,LINCROFT,82.35294117647058,66.66666666666667,f,review,t
A2102474,WINDSOR PREP INC.,NJ,PARAMUS,311232,West Windsor-Plainsboro North,PLAINSBORO,60.869565217391305,57.77777777777777,f,reject,f
A1702502,YESHIVA BAIS HACHINUCH,NJ,LAKEWOOD,310095,Bernards High School,BERNARDSVILLE,47.61904761904762,47.61904761904761,f,reject,f
A0302157,YESHIVA BIRCHAS CHAIM,NJ,LAKEWOOD,310095,Bernards High School,BERNARDSVILLE,48.78048780487805,48.78048780487805,f,reject,f
A1101567,YESHIVA CHAYEI OLAM,NJ,LAKEWOOD,310696,Charter-Tech High School,SOMERS POINT,51.16279069767442,51.162790697674424,f,reject,f
A1140014,YESHIVA EMEK HATORAH,NJ,HOWELL,310926,North Star Academy Charter School,NEWARK,49.056603773584904,49.056603773584904,f,reject,f
A1301979,YESHIVA GEDOLA OF WOODLAKE VILLAGE,NJ,LAKEWOOD,310826,Montville Township High School,MONTVILLE,50,50,f,reject,f
A2102479,YESHIVA GEDOLAH OF CARTERET INC.,NJ,CARTERET,310220,Carteret High School,CARTERET,57.142857142857146,54.90196078431373,t,reject,f
A1902914,YESHIVA LEKACHTOV,NJ,LAKEWOOD,310748,Maple Shade High School,MAPLE SHADE,45,44.99999999999999,f,reject,f
A1101571,YESHIVA NEFESH HACHAIM,NJ,LAKEWOOD,310224,Chatham High School,CHATHAM,48.78048780487805,48.78048780487805,f,reject,f
BB161465,YESHIVA SHAAR HATALMUD,NJ,LAKEWOOD,310224,Chatham High School,CHATHAM,48.78048780487805,48.78048780487805,f,reject,f
A1101572,YESHIVA SHAAREI ORAH,NJ,LAKEWOOD,311355,Sayreville War Memorial High School,PARLIN,47.27272727272727,47.27272727272728,f,reject,f
A1502394,YESHIVA TIFERES BORUCH/SPRINGFIELD YESHIVA,NJ,NORTH PLAINFIELD,311020,North Plainfield High School,NORTH PLAINFIELD,48.38709677419355,42.85714285714286,t,reject,f
A1702512,YESHIVA TORAS YISROEL INC,NJ,LAKEWOOD,310890,Central High School,NEWARK,50,50,f,reject,f
A2301619,YESHIVA YAAROS DEVASH,NJ,LAKEWOOD,310835,delbarton school,MORRISTOWN,43.24324324324324,43.24324324324324,f,reject,f
A2102485,YESHIVA YAAROS DEVASH,NJ,LAKEWOOD,310835,delbarton school,MORRISTOWN,43.24324324324324,43.24324324324324,f,reject,f
A1992105,NAVAJO PREPARATORY SCHOOL,NM,FARMINGTON,320255,navajo preparatory school inc,FARMINGTON,100,92.5925925925926,t,auto_accept,f
A0502386,SANDIA VIEW ACADEMY,NM,CORRALES,320674,taos academy,TAOS,73.6842105263158,58.06451612903225,f,reject,f
00846981,BISHOP GORMAN HIGH SCHOOL,NV,LAS VEGAS,290095,bishop gorman high school,LAS VEGAS,100,100,t,auto_accept,f
00846879,BISHOP MANOGUE CATHOLIC HIGH SCHOOL,NV,RENO,290140,bishop manogue catholic hs,RENO,100,100,t,auto_accept,f
A1992020,BNOS ATERES ITA,NV,LAS VEGAS,290188,Odyssey Charter School,LAS VEGAS,43.24324324324324,43.24324324324324,t,reject,f
A2102298,CRISTO REY ST. VIATOR LAS VEGAS COLLEGE PREP,NV,NORTH LAS VEGAS,290100,Las Vegas High School,LAS VEGAS,60,40.625,f,reject,f
A1902721,MESIVTA OF LAS VEGAS,NV,LAS VEGAS,290216,coral ac of science-las vegas,HENDERSON,75,48.97959183673469,f,reject,f
A0302032,SIERRA LUTHERAN HIGH SCHOOL,NV,CARSON CITY,290109,faith lutheran high school,LAS VEGAS,86.95652173913044,75.47169811320755,f,review,t
00920855,ACADEMY OF MOUNT ST URSULA,NY,BRONX,333830,mount st michael academy,BRONX,76.47058823529412,59.09090909090908,t,reject,f
00922262,ALBERTUS MAGNUS HIGH SCHOOL,NY,BARDONIA,330447,albertus magnus high school,BARDONIA,100,100,t,auto_accept,f
00922251,ALL HALLOWS HIGH SCHOOL,NY,BRONX,334970,Rye High School,RYE,84.61538461538461,57.89473684210527,f,reject,f
00926223,ARCHBISHOP MOLLOY HIGH SCHOOL,NY,BRIARWOOD,332543,archbishop molloy high school,BRIARWOOD,100,100,t,auto_accept,f
00920527,ARCHBISHOP STEPINAC HIGH SCHOOL,NY,WHITE PLAINS,335940,archbishop stepinac hs,WHITE PLAINS,100,100,t,auto_accept,f
A9502903,BAIS YAAKOV OF RAMAPO,NY,SUFFERN,335309,Ramapo Senior High School,SPRING VALLEY,52.17391304347826,43.47826086956522,f,reject,f
A2102526,BET YAKOV ATERET TORAH HIGH SCHOOL,NY,BROOKLYN,334970,Rye High School,RYE,84.61538461538461,44.89795918367348,f,reject,f
00926438,BISHOP LOUGHLIN MEMORIAL HIGH SCHOOL,NY,BROOKLYN,334470,Pelham Memorial High School,PELHAM,85.1063829787234,63.49206349206349,f,reject,f
00927249,BISHOP TIMON-ST JUDE HIGH SCHOOL,NY,BUFFALO,330980,bishop timon -saint jude hs,BUFFALO,100,100,t,auto_accept,f
AA001442,BNOS BAIS YAAKOV / TICHON MEIR MOSHE,NY,FAR ROCKAWAY,330595,Boys And Girls High School,BROOKLYN,50,50,f,reject,f
A1101637,BNOS YAAKOV,NY,BROOKLYN,331080,nichols school,BUFFALO,40,40,f,reject,f
BB161863,BNOT CHAYA ACADEMY,NY,BROOKLYN,334480,Penn Yan Academy,PENN YAN,70.58823529411765,70.58823529411764,f,reject,f
A0302188,BNOT RACHEL HIGH SCHOOL,NY,BROOKLYN,330974,rachel carson hs for coastal,BROOKLYN,87.8048780487805,73.33333333333334,t,review,t
A1702565,BROOKLYN FRIENDS UPPER SCHOOL,NY,BROOKLYN,330610,brooklyn friends school,BROOKLYN,100,88.46153846153845,t,auto_accept,f
00939414,BUFFALO SEMINARY,NY,BUFFALO,330990,buffalo seminary,BUFFALO,100,100,t,auto_accept,f
00922273,CARDINAL HAYES HIGH SCHOOL,NY,BRONX,333510,Cardinal Hayes High School,BRONX,100,100,t,auto_accept,f
A2102553,CARDINAL O'HARA HIGH SCHOOL,NY,TONAWANDA,333510,Cardinal Hayes High School,BRONX,86.95652173913044,86.79245283018868,f,review,t
00921633,CARDINAL SPELLMAN HIGH SCHOOL,NY,BRONX,333511,cardinal spellman high school,BRONX,100,100,t,auto_accept,f
00926507,CATHEDRAL PREPARATORY SCHOOL AND SEMINARY,NY,ELMHURST,333855,york preparatory school,NEW YORK,87.8048780487805,62.5,f,reject,f
A1903011,CHESTERTON ACADEMY OF BUFFALO,NY,BOWMANSVILLE,330988,Buffalo Academy Of Visual And Performing Arts,BUFFALO,76.59574468085106,56.75675675675676,f,reject,f
A2301688,CHESTERTON ACADEMY OF ROCHESTER,NY,ROCHESTER,330516,Wings Academy,BRONX,70,45.45454545454546,f,reject,f
00925423,CHRIST THE KING HIGH SCHOOL,NY,MIDDLE VILLAGE,333124,Christ The King Regl High Sch,MIDDLE VILLAGE,85.71428571428571,85.71428571428572,t,review,t
A1903021,CONG. PEER BAIS YAAKOV,NY,MONSEY,335395,saint peters boys high school,STATEN ISLAND,46.808510638297875,46.808510638297875,f,reject,f
BB201321,CONGREGATION MESIFTA OHR HATALMUD,NY,NEW WINDSOR,331456,Washington Correctional Facility,COMSTOCK,49.23076923076923,49.23076923076923,f,reject,f
A1502480,CONGREGATION TIFERES YISROEL,NY,SPRING VALLEY,333561,Coalition School For Social Change,NEW YORK,54.83870967741935,54.83870967741935,f,reject,f
A1101683,CRISTO REY BROOKLYN HIGH SCHOOL,NY,BROOKLYN,331071,cristo rey brooklyn high sch,BROOKLYN,94.91525423728814,94.91525423728814,t,auto_accept,f
A0701603,CRISTO REY NEW YORK HIGH SCHOOL,NY,NEW YORK,334155,New York Mills High School,NEW YORK MILLS,86.95652173913044,70.17543859649122,f,review,t
00939028,DARROW SCHOOL,NY,NEW LEBANON,333350,darrow school,NEW LEBANON,100,100,t,auto_accept,f
A2102587,DAVIS RENOV STAHLER YESHIVA HIGH SCHOOL -BOYS,NY,WOODMERE,334970,Rye High School,RYE,84.61538461538461,47.45762711864406,f,reject,f
A1502483,DAYTOP PREP SCHOOL,NY,BLAUVELT,330661,Bronx Prep Charter School,BRONX,75.86206896551724,65.11627906976744,f,reject,f
A2102589,DAYTOP PREPARATORY SCHOOL,NY,HUNTINGTON STATION,333855,york preparatory school,NEW YORK,87.8048780487805,75,f,review,t
A1302045,DOMINICAN ACADEMY,NY,NEW YORK,331075,nardin academy,BUFFALO,70.96774193548387,70.96774193548387,f,reject,f
BB081260,EAST ACADEMY OF SCIENCE & TECHNOLOGY,NY,BROOKLYN,335449,syracuse academy of science,SYRACUSE,80,61.53846153846154,f,reject,f
A1592125,EF ACADEMY INTERNATIONAL BOARDING SCHOOL,NY,THORNWOOD,330586,Bronx International Academy,BRONX,87.5,74.62686567164178,f,review,t
00939731,EMMA WILLARD SCHOOL,NY,TROY,335600,emma willard school,TROY,100,100,t,auto_accept,f
BB240281,EMUNAS BAIS YAAKOV,NY,BROOKLYN,330990,buffalo seminary,BUFFALO,47.05882352941177,47.05882352941176,f,reject,f
01657916,EZRA ACADEMY,NY,FOREST HILLS,330605,Bronx Academy High School,BRONX,73.6842105263158,48.64864864864865,f,reject,f
00926416,FONTBONNE HALL ACADEMY,NY,BROOKLYN,330705,fontbonne hall academy,BROOKLYN,100,100,t,auto_accept,f
AB912034,FORDHAM PREPARATORY SCHOOL,NY,BRONX,333635,fordham preparatory school,BRONX,100,100,t,auto_accept,f
BB140697,GERER YESHIVA MESIFTA,NY,BROOKLYN,334880,kellenberg memorial high sch,UNIONDALE,48.97959183673469,48.97959183673469,f,reject,f
A2301700,HADAR BET YAAKOV,NY,FRESH MEADOWS,334975,Sackets Harbor Central School,SACKETS HARBOR,44.44444444444444,44.44444444444444,f,reject,f
A9702399,HARRIET EISMAN COMMUNITY SCHOOL,NY,LONG BEACH,330551,Acorn Community High School,BROOKLYN,75.86206896551724,65.51724137931035,f,reject,f
02046054,JOEL BRAVERMAN HIGH,NY,BROOKLYN,331960,Salmon River High School,FORT COVINGTON,65.11627906976744,46.51162790697675,f,reject,f
BB162050,LASALLE ACADEMY,NY,NEW YORK,333730,La Salle Academy,NEW YORK,96.7741935483871,96.7741935483871,t,auto_accept,f
A1903066,LOWELL HIGH SCHOOL,NY,FLUSHING,332925,Lowville High School,LOWVILLE,89.47368421052632,89.47368421052632,f,review,t
A1903070,MAGEN DAVID YESHIVAH HIGH SCHOOL,NY,BROOKLYN,334970,Rye High School,RYE,84.61538461538461,55.319148936170215,f,reject,f
A9502997,MANHATTAN HIGH SCHOOL FOR GIRLS,NY,NEW YORK,334970,Rye High School,RYE,84.61538461538461,52.17391304347826,f,reject,f
00921076,MARIA REGINA HIGH SCHOOL,NY,HARTSDALE,334970,Rye High School,RYE,84.61538461538461,71.7948717948718,f,review,t
A2102665,MARY MCDOWELL FRIENDS UPPER SCHOOL,NY,BROOKLYN,334625,oakwood friends school,POUGHKEEPSIE,77.77777777777777,60.71428571428572,f,reject,f
00936377,MESIFTA BETH SHRAGA,NY,AIRMONT,334213,faith heritage school,SYRACUSE,50,50,f,reject,f
A1502535,MESILAS BAIS YAAKOV,NY,BROOKLYN,331395,Midlakes High School,CLIFTON SPRINGS,46.15384615384615,46.15384615384615,f,reject,f
A1502536,MESIVTA AHAVAS HATORAH,NY,SPRING VALLEY,330476,new visions charter ams,BRONX,48.888888888888886,48.88888888888889,f,reject,f
A0302259,MESIVTA ATERES YAAKOV,NY,LAWRENCE,333776,avenues new york,NEW YORK,48.648648648648646,48.64864864864865,f,reject,f
BB081365,MESIVTA CHOFETZ CHAIM,NY,FLUSHING,333252,Mount Sinai High School,MOUNT SINAI,53.65853658536585,53.65853658536586,f,reject,f
BB963838,MESIVTA HIGH SCHOOL,NY,BROOKLYN,333095,Medina High School,MEDINA,86.48648648648648,86.48648648648648,f,review,t
A2301720,MESIVTA KESSER YISROEL-WILLOWBROOK,NY,STATEN ISLAND,333135,Millbrook High School,MILLBROOK,50.90909090909091,50.90909090909091,f,reject,f
A1502538,MESIVTA NESIVOS HATALMUD,NY,BROOKLYN,331515,new york military academy,CORNWALL HDSN,48.97959183673469,48.97959183673469,f,reject,f
A2102673,MESIVTA NETZACH HATORAH,NY,WOODMERE,331110,Seneca Comprehensive,BUFFALO,51.16279069767442,51.162790697674424,f,reject,f
A2301721,MESIVTA SHAAREI PRUZDOR,NY,FAR ROCKAWAY,334485,Perry Central School,PERRY,46.51162790697674,46.51162790697675,f,reject,f
BB240244,MESIVTA TORAS MOSHE,NY,LAWRENCE,335570,Tioga Central School,TIOGA CENTER,51.282051282051285,51.28205128205128,f,reject,f
A2301779,MESIVTA YESHIVA RABBI CHAIM BERLIN,NY,BROOKLYN,330410,Berlin Central High School,BERLIN,53.333333333333336,53.333333333333336,f,reject,f
A9503007,MESIVTA YESODEI YESHURUN,NY,FLUSHING,334250,Keshequa Central School,NUNDA,46.808510638297875,46.808510638297875,f,reject,f
A9903225,MESIVTA/YESHIVA GEDOLA MANHATTAN BEACH,NY,BROOKLYN,335361,manhattan business academy,NEW YORK,56.25,43.75,f,reject,f
00939571,MILLBROOK SCHOOL,NY,MILLBROOK,333135,Millbrook High School,MILLBROOK,100,86.48648648648648,t,auto_accept,f
A1101693,MONSEY BEIS CHAYA MUSHKA-HIGH SCHOOL,NY,AIRMONT,334970,Rye High School,RYE,84.61538461538461,50.98039215686274,f,reject,f
A2102685,MOORE CATHOLIC HIGH SCHOOL,NY,STATEN ISLAND,332650,john f kennedy catholic hs,SOMERS,86.95652173913044,75.40983606557377,f,review,t
A1302089,MOUNT ACADEMY,NY,ESOPUS,333830,mount st michael academy,BRONX,100,64.51612903225806,f,reject,f
00927067,MOUNT MERCY ACADEMY,NY,BUFFALO,335440,our lady of mercy academy,SYOSSET,89.65517241379311,68.29268292682926,f,review,t
00928107,MOUNT ST. MARY ACADEMY,NY,BUFFALO,333830,mount st michael academy,BRONX,83.87096774193549,82.05128205128204,f,review,t
00922604,MSGR FARRELL HIGH SCHOOL,NY,STATEN ISLAND,334970,Rye High School,RYE,84.61538461538461,66.66666666666667,f,review,t
00922659,MSGR SCANLAN HIGH SCHOOL,NY,BRONX,334970,Rye High School,RYE,84.61538461538461,66.66666666666667,f,review,t
A1903096,NAZARETH REGIONAL HIGH SCHOOL,NY,BROOKLYN,330529,Bronx Regional High School,BRONX,86.95652173913044,72.72727272727273,f,review,t
A0509133,NESIVOS BAIS YAAKOV,NY,BROOKLYN,333776,avenues new york,NEW YORK,45.714285714285715,45.714285714285715,f,reject,f
00920232,NOTRE DAME ACADEMY HIGH SCHOOL,NY,STATEN ISLAND,331825,Notre Dame High School,BATAVIA,100,84.61538461538461,f,review,t
00920017,NOTRE DAME SCHOOL,NY,NEW YORK,331825,Notre Dame High School,BATAVIA,100,87.17948717948718,f,auto_accept,f
02048619,OHR HAMEIR SEMINARY - TIFERETH ISRAEL HIGH SCHOOL,NY,COURTLAND MANOR,334970,Rye High School,RYE,84.61538461538461,45.16129032258065,f,reject,f
A9702445,ORA ACADEMY,NY,ROCHESTER,330605,Bronx Academy High School,BRONX,77.77777777777777,50,f,reject,f
00930411,OUR LADY OF MERCY ACADEMY,NY,SYOSSET,335440,our lady of mercy academy,SYOSSET,100,100,t,auto_accept,f
00921553,PRESTON HIGH SCHOOL,NY,BRONX,334985,Pierson High School,SAG HARBOR,89.47368421052632,89.47368421052632,f,review,t
AA890630,PROSPECT PARK BNOS LEAH HIGH SCHOOL,NY,BROOKLYN,331583,Deer Park High School,DEER PARK,86.48648648648648,60.71428571428572,f,reject,f
A9300617,RAMBAM MESIVTA MAIMONIDES HS,NY,LAWRENCE,334970,Rye High School,RYE,84.61538461538461,50,f,reject,f
00919963,REGIS HIGH SCHOOL,NY,NEW YORK,334970,Rye High School,RYE,87.5,87.5,f,review,t
A2301738,RYKEN EDUCATIONAL CENTER,NY,BROOKLYN,334788,Educational Opportunity Center,ROCHESTER,85.71428571428571,77.77777777777779,f,review,t
00930331,SACRED HEART ACADEMY,NY,HEMPSTEAD,332330,sacred heart academy,HEMPSTEAD,100,100,t,auto_accept,f
00920651,SACRED HEART HIGH SCHOOL,NY,YONKERS,331884,sachem high school east,FARMINGVILLE,85.1063829787234,85.1063829787234,f,review,t
00921757,SALESIAN HIGH SCHOOL,NY,NEW ROCHELLE,333375,salesian high school,NEW ROCHELLE,100,100,t,auto_accept,f
A0502542,SAR HIGH SCHOOL,NY,BRONX,334751,sar high school,RIVERDALE,100,100,f,auto_accept,f
BB912051,SHAAR HATORAH HIGH SCHOOL,NY,RICHMOND HILL,334970,Rye High School,RYE,84.61538461538461,55.00000000000001,f,reject,f
A0902373,SHAARE TORAH GIRLS HIGH SCHOOL/YESHIVA SHAAREI TOR,NY,BROOKLYN,334970,Rye High School,RYE,84.61538461538461,36.92307692307693,f,reject,f
A0302262,SHAAREI ARAZIM OF MONSEY,NY,SUFFERN,333557,Choir Academy Of Harlem,NEW YORK,55.319148936170215,46.808510638297875,f,reject,f
AA890683,SHAAREI TORAH OF ROCKLAND,NY,SUFFERN,332310,North Rockland High School,THIELLS,58.8235294117647,54.90196078431373,f,reject,f
02047717,SHEVACH HIGH SCHOOL,NY,FLUSHING,334970,Rye High School,RYE,84.61538461538461,64.70588235294117,f,reject,f
00930397,ST ANTHONY'S HIGH SCHOOL,NY,HUNTINGTON STATION,335215,Saint Anthony High School,HUNTINGTON STATION,100,95.65217391304348,t,auto_accept,f
00922171,ST BARNABAS HIGH SCHOOL,NY,BRONX,334970,Rye High School,RYE,84.61538461538461,57.89473684210527,f,reject,f
A2301746,ST DOMINIC HIGH SCHOOL,NY,OYSTER BAY,334970,Rye High School,RYE,84.61538461538461,59.45945945945945,f,reject,f
A2200037,ST EDMUND PREPARATORY HIGH SCHOOL,NY,BROOKLYN,330833,saint edmund preparatory hs,BROOKLYN,100,100,t,auto_accept,f
00928479,ST FRANCIS HIGH SCHOOL,NY,HAMBURG,331926,Francis Lewis High School,FRESH MEADOWS,92.6829268292683,80.85106382978724,f,review,t
00925106,ST FRANCIS PREP,NY,FRESH MEADOWS,330835,saint francis preparatory sch,FRESH MEADOWS,80,73.17073170731707,t,review,t
00919828,ST GEORGE ACADEMY,NY,NEW YORK,333965,Saint Catharine Academy,BRONX,74.07407407407408,70.27027027027026,f,reject,f
00931459,ST JOHN THE BAPTIST DIOCESAN HIGH SCHOOL,NY,WEST ISLIP,335898,saint john baptist diocesan hs,WEST ISLIP,100,94.73684210526316,t,auto_accept,f
00926336,ST JOHN'S PREPARATORY SCHOOL,NY,ASTORIA,333855,york preparatory school,NEW YORK,87.8048780487805,74.50980392156863,f,review,t
00926799,ST JOSEPHS COLLEGIATE INSTITUTE,NY,BUFFALO,331095,saint josephs collegiate inst,BUFFALO,91.2280701754386,91.22807017543859,t,auto_accept,f
00930954,ST MARY'S HIGH SCHOOL,NY,MANHASSET,334970,Rye High School,RYE,84.61538461538461,77.77777777777779,f,review,t
00927533,ST MARYS HIGH SCHOOL,NY,LANCASTER,334970,Rye High School,RYE,84.61538461538461,80,f,review,t
A2190595,ST MARYS HIGH SCHOOL,NY,MANHASSET,334970,Rye High School,RYE,84.61538461538461,80,f,review,t
00920378,ST PETERS BOYS HIGH SCHOOL,NY,STATEN ISLAND,335395,saint peters boys high school,STATEN ISLAND,100,100,t,auto_accept,f
00922692,ST RAYMOND ACADEMY FOR GIRLS,NY,BRONX,330516,Wings Academy,BRONX,70,53.65853658536586,t,reject,f
00919533,ST RAYMOND HIGH SCHOOL FOR BOYS,NY,BRONX,334011,saint raymond high school boys,BRONX,100,93.10344827586206,t,auto_accept,f
00926063,ST SAVIOUR HIGH SCHOOL,NY,BROOKLYN,330865,saint saviour high school,BROOKLYN,100,100,t,auto_accept,f
00919588,ST VINCENT FERRER HIGH SCHOOL,NY,NEW YORK,334020,saint vincent ferrer hs,NEW YORK,100,100,t,auto_accept,f
A1502509,STELLA K. ABRAHAM H.S. FOR GIRLS,NY,HEWLETT,334970,Rye High School,RYE,84.61538461538461,45.28301886792453,f,reject,f
BB081358,SUMMIT SCHOOL,NY,JAMAICA,331945,summit school,JAMAICA,100,100,t,auto_accept,f
A9903264,TAG HIGH SCHOOL,NY,FAR ROCKAWAY,335765,Wantagh High School,WANTAGH,88.23529411764706,88.23529411764706,f,review,t
BB161917,TALMUD TORAH OHR MOSHE,NY,BROOKLYN,334869,Young Mothers Program,ROCHESTER,51.16279069767442,51.162790697674424,f,reject,f
00935883,TALMUDICAL INSTITUTE OF UPSTATE NY,NY,ROCHESTER,331920,S S Seward Institute,FLORIDA,66.66666666666666,51.85185185185186,f,reject,f
00942052,THE BEEKMAN SCHOOL,NY,NEW YORK,334095,beekman school,NEW YORK,100,87.5,t,auto_accept,f
00925296,THE MARY LOUIS ACADEMY,NY,JAMAICA,332575,Mary Louis Academy,JAMAICA,100,90,t,auto_accept,f
A2102767,TIEGERMAN HIGH SCHOOL,NY,RICHMOND HILL,334970,Rye High School,RYE,84.61538461538461,61.111111111111114,f,reject,f
A2102771,TIFERET TORAH - SEPHARDIC HERITAGE CENTER,NY,SUFFERN,333678,The Heritage School,NEW YORK,59.25925925925926,48.275862068965516,f,reject,f
A9105071,TOMER DEVORAH HIGH SCHOOL,NY,BROOKLYN,334970,Rye High School,RYE,84.61538461538461,55.00000000000001,f,reject,f
A1502617,TORAH HIGH SCHOOL LONG BEACH,NY,LONG BEACH,332885,Long Beach Senior High School,LIDO BEACH,88,87.71929824561404,f,review,t
BB963611,UNITED LUBAVITCHER YESHIVOTH,NY,BROOKLYN,330925,yeshivah of flatbush,BROOKLYN,54.166666666666664,54.16666666666667,t,reject,f
AA001621,WESTCHESTER HEBREW HIGH SCHOOL,NY,MAMARONECK,334970,Rye High School,RYE,84.61538461538461,48.88888888888889,f,reject,f
A2102787,WINCHENDON SCHOOL-NYC,NY,NEW YORK,331080,nichols school,BUFFALO,68.57142857142857,51.42857142857142,f,reject,f
00919613,XAVIER HIGH SCHOOL,NY,NEW YORK,334145,xavier high school,NEW YORK,100,100,t,auto_accept,f
A1302131,YESHIVA BAIS CHAYA ESTHER,NY,BROOKLYN,330877,Sheepshead Bay High School,BROOKLYN,54.90196078431372,54.90196078431373,t,reject,f
A0902436,YESHIVA GEDOLA OF SOUTH MONSEY,NY,AIRMONT,330925,yeshivah of flatbush,BROOKLYN,60,56.00000000000001,f,reject,f
A1903231,"YESHIVA HIGH SCHOOL OF MONSEY, MESIVTA OHEL TORAH",NY,MONSEY,334970,Rye High School,RYE,84.61538461538461,44.44444444444444,f,reject,f
A2102807,YESHIVA MERCAZ HATORAH OF BELLE HARBOR,NY,BELLE HARBOR,330925,yeshivah of flatbush,BROOKLYN,51.724137931034484,51.72413793103448,f,reject,f
A2301776,YESHIVA MESIFTA VYOEL MOSHE,NY,BROOKLYN,330925,yeshivah of flatbush,BROOKLYN,59.57446808510638,59.57446808510638,t,reject,f
A0701732,YESHIVA NER TORAH,NY,MONSEY,330925,yeshivah of flatbush,BROOKLYN,54.054054054054056,54.054054054054056,f,reject,f
A2370906,YESHIVA NESIVOS CHAIM,NY,BROOKLYN,330925,yeshivah of flatbush,BROOKLYN,53.65853658536585,53.65853658536586,t,reject,f
00937304,YESHIVA OF FAR ROCKAWAY,NY,FAR ROCKAWAY,331890,Far Rockaway High School,FAR ROCKAWAY,68.57142857142857,68.08510638297872,t,reject,f
A0108089,YESHIVA OHAVEI TORAH OF RIVERDALE,NY,BRONX,333920,riverdale country school,BRONX,56.14035087719298,49.122807017543856,t,reject,f
A1502655,YESHIVA OHR YISRAEL,NY,BROOKLYN,331425,Cohoes High School,COHOES,48.648648648648646,48.64864864864865,f,reject,f
A2301778,YESHIVA OHR YOSEPH,NY,BROOKLYN,330925,yeshivah of flatbush,BROOKLYN,52.63157894736842,52.63157894736843,t,reject,f
A2301782,YESHIVA TIFERES SHMUEL,NY,SUFFERN,330925,yeshivah of flatbush,BROOKLYN,57.142857142857146,57.14285714285714,f,reject,f
00935963,YESHIVA UNIVERSITY HIGH SCHOOL,NY,NEW YORK,330538,University Heights High School,BRONX,84.61538461538461,73.33333333333334,f,review,t
BB963538,YESHIVA VYELIPOL,NY,BROOKLYN,330925,yeshivah of flatbush,BROOKLYN,55.55555555555556,55.55555555555556,t,reject,f
A1502665,YESHIVAH PREP HIGH SCHOOL,NY,BROOKLYN,334970,Rye High School,RYE,84.61538461538461,70,f,review,t
AA890712,YESHIVAS NOVOMINSK,NY,BROOKLYN,330925,yeshivah of flatbush,BROOKLYN,47.36842105263158,47.36842105263158,t,reject,f
A2102815,YESHIVAT DARCHE ERES BOYS HIGH SCHOOL,NY,BROOKLYN,334970,Rye High School,RYE,84.61538461538461,42.307692307692314,f,reject,f
A2301786,YESHIVAT LEV TORAH HIGH SCHOOL,NY,BROOKLYN,334970,Rye High School,RYE,84.61538461538461,57.77777777777777,f,reject,f
BB101081,YESHIVAT MAGEN ABRAHAM,NY,BROOKLYN,330925,yeshivah of flatbush,BROOKLYN,57.142857142857146,57.14285714285714,t,reject,f
A2200042,AKILI CHRISTIAN HIGH SCHOOL,OH,COLUMBUS,365646,worthington christian hs,WORTHINGTON,87.5,70,f,review,t
01056653,ARCH BISHOP MOELLER HIGH SCHOOL,OH,CINCINNATI,361033,archbishop moeller high school,CINCINNATI,98.36065573770492,98.36065573770492,t,auto_accept,f
01058774,ARCHBISHOP HOBAN HIGH SCHOOL,OH,AKRON,360020,archbishop hoban high school,AKRON,100,100,t,auto_accept,f
01056664,ARCHBISHOP MCNICHOLAS HIGH SCHOOL,OH,CINCINNATI,361030,archbishop mcnicholas hs,CINCINNATI,100,100,t,auto_accept,f
BB201406,BEAUMONT HIGH SCHOOL,OH,CLEVELAND HEIGHTS,361793,Belmont High School,DAYTON,92.3076923076923,92.3076923076923,f,auto_accept,f
01058399,BENEDICTINE HIGH SCHOOL,OH,CLEVELAND,361195,benedictine high school,CLEVELAND,100,100,t,auto_accept,f
01056085,BISHOP FENWICH HIGH SCHOOL,OH,MIDDLETOWN,363405,bishop fenwick high school,FRANKLIN,96.15384615384616,96.15384615384616,f,auto_accept,f
01060127,BISHOP HARTLEY HIGH SCHOOL,OH,COLUMBUS,361508,bishop hartley high school,COLUMBUS,100,100,t,auto_accept,f
01059869,BISHOP ROSECRANS HIGH SCHOOL,OH,ZANESVILLE,361509,bishop ready high school,COLUMBUS,85.71428571428571,84.61538461538461,f,review,t
01060105,BISHOP WATTERSON HIGH,OH,COLUMBUS,361510,bishop watterson high school,COLUMBUS,100,85.71428571428572,t,auto_accept,f
01056879,CARROLL HIGH SCHOOL,OH,DAYTON,360815,Bloom Carroll High School,CARROLL,100,86.36363636363636,f,auto_accept,f
01061346,CENTRAL CATHOLIC HIGH SCHOOL,OH,TOLEDO,364775,catholic central high school,SPRINGFIELD,100,100,f,auto_accept,f
01062645,CENTRAL CATHOLIC HIGH SCHOOL,OH,CANTON,364775,catholic central high school,SPRINGFIELD,100,100,f,auto_accept,f
01055707,CHAMINADE JULIENNE HIGH SCHOOL,OH,DAYTON,361795,chaminade julienne high sch,DAYTON,94.73684210526315,94.73684210526316,t,auto_accept,f
BB201407,CHAVIVA HIGH SCHOOL,OH,BEACHWOOD,360345,Bay High School,BAY VILLAGE,84.61538461538461,76.47058823529412,f,review,t
A2301935,CHESTERTON ACADEMY OF AKRON,OH,AKRON,362655,western reserve academy,HUDSON,64,64,f,reject,f
01058413,CLEVELAND CENTRAL CATHOLIC HIGH SCHOOL,OH,CLEVELAND,364775,catholic central high school,SPRINGFIELD,100,84.84848484848484,f,review,t
A1502835,CRISTO REY COLUMBUS HIGH SCHOOL,OH,COLUMBUS,365798,cristo rey columbus high sch,COLUMBUS,94.91525423728814,94.91525423728814,t,auto_accept,f
A2302052,HENRY JOHNSON ACADEMY FOR SCHOLARS,OH,EUCLID,365086,Phoenix Academy Community School,TOLEDO,63.63636363636363,63.63636363636363,f,reject,f
01057828,LAKE CATHOLIC HIGH SCHOOL,OH,MENTOR,363440,Lake High School,MILLBURY,100,78.04878048780488,f,review,t
01056267,LEHMAN CATHOLIC HIGH SCHOOL,OH,SIDNEY,363373,lake catholic high school,MENTOR,88.88888888888889,88.46153846153845,f,review,t
01060965,LIMA CENTRAL CATHOLIC HIGH SCHOOL,OH,LIMA,364775,catholic central high school,SPRINGFIELD,100,91.80327868852459,f,auto_accept,f
01063321,LUTHERAN HIGH SCHOOL EAST,OH,CLEVELAND HEIGHTS,360035,East High School,AKRON,100,78.04878048780488,f,review,t
01059097,MAGNIFICAT HIGH SCHOOL,OH,ROCKY RIVER,361322,magnificat high school,ROCKY RIVER,100,100,t,auto_accept,f
01056675,MERCY MCAULEY HIGH SCHOOL,OH,CINCINNATI,361028,mcauley high school,CINCINNATI,100,86.36363636363636,t,auto_accept,f
01056631,MOUNT NOTRE DAME HIGH SCHOOL,OH,CINCINNATI,361045,mount notre dame high school,CINCINNATI,100,100,t,auto_accept,f
01059756,NEWARK CATHOLIC HIGH SCHOOL,OH,NEWARK,363635,Newark High School,NEWARK,100,80,t,auto_accept,f
01063194,OLNEY FRIENDS SCHOOL,OH,BARNESVILLE,360315,olney friends school,BARNESVILLE,100,100,t,auto_accept,f
01056529,PURCELL MARIAN HIGH SCHOOL,OH,CINCINNATI,361070,purcell marian high school,CINCINNATI,100,100,t,auto_accept,f
A2390421,ROGER BACON HIGH SCHOOL,OH,CINCINNATI,361080,roger bacon high school,CINCINNATI,100,100,t,auto_accept,f
A2103002,SPIRE ACADEMY,OH,GENEVA,362270,gilmour academy,GATES MILLS,71.42857142857143,71.42857142857143,f,reject,f
01059891,ST FRANCIS DE SALES HIGH SCHOOL,OH,COLUMBUS,361533,saint francis de sales hs,COLUMBUS,100,100,t,auto_accept,f
01057985,ST JOSEPH ACADEMY,OH,CLEVELAND,361360,saint joseph academy,CLEVELAND,100,100,t,auto_accept,f
A2302319,ST MARTIN DE PORRES HIGH SCHOOL,OH,CLEVELAND,360345,Bay High School,BAY VILLAGE,84.61538461538461,52.17391304347826,f,reject,f
A0740116,ST MARTIN DE PORRES SCHOOL,OH,CLEVELAND,365725,Rayen School,YOUNGSTOWN,66.66666666666666,47.36842105263158,f,reject,f
A1503013,ST URSULA ACADEMY,OH,CINCINNATI,361105,saint ursula academy,CINCINNATI,100,100,t,auto_accept,f
A1790416,ST URSULA ACADEMY OF CINCINNATI,OH,CINCINNATI,361105,saint ursula academy,CINCINNATI,100,70.83333333333333,t,review,t
01895214,STEPHEN T BADIN HIGH SCHOOL,OH,HAMILTON,362485,stephen t badin high school,HAMILTON,100,100,t,auto_accept,f
01063831,TELSHE HIGH SCHOOL,OH,WICKLIFFE,360990,elder high school,CINCINNATI,85.71428571428571,62.857142857142854,f,reject,f
A2302360,THE MASTERY SCHOOL OF HAWKEN,OH,CLEVELAND,361262,hawken school,GATES MILLS,100,63.41463414634146,f,reject,f
01057544,TRINITY HIGH SCHOOL,OH,GARFIELD HEIGHTS,361121,Turpin High School,CINCINNATI,86.48648648648648,86.48648648648648,f,review,t
01055682,URSULINE ACADEMY OF CINCINNATI,OH,CINCINNATI,360951,Life Skills Ctr Of Cincinnati,CINCINNATI,64.40677966101694,54.23728813559322,t,reject,f
01062408,URSULINE HIGH SCHOOL,OH,YOUNGSTOWN,365735,ursuline high school,YOUNGSTOWN,100,100,t,auto_accept,f
01057227,VILLA ANGELA-ST JOSEPH HIGH SCHOOL,OH,CLEVELAND,360345,Bay High School,BAY VILLAGE,84.61538461538461,53.06122448979591,f,reject,f
01058967,WALSH JESUIT HIGH SCHOOL,OH,CUYAHOGA FALLS,361773,walsh jesuit high school,CUYAHOGA FALLS,100,100,t,auto_accept,f
01064121,WESTERN RESERVE ACADEMY,OH,HUDSON,362655,western reserve academy,HUDSON,100,100,t,auto_accept,f
01059654,WILLIAM V. FISHER CATHOLIC HIGH SCHOOL,OH,LANCASTER,363373,lake catholic high school,MENTOR,88.88888888888889,64.51612903225806,f,reject,f
A1903420,YESHIVA HIGH SCHOOL OF CLEVELAND,OH,BEACHWOOD,360345,Bay High School,BAY VILLAGE,84.61538461538461,55.319148936170215,f,reject,f
01128096,"BISHOP KELLEY HIGH SCHOOL, INC.",OK,TULSA,373620,bishop kelley high school,TULSA,100,92.5925925925926,t,auto_accept,f
01127911,BISHOP MCGUINNESS CATHOLIC HIGH SCHOOL,OK,OKLAHOMA CITY,372645,bishop mcguinness high school,OKLAHOMA CITY,100,86.56716417910448,t,auto_accept,f
A1903540,CRISTO REY OKLAHOMA CITY CATHOLIC HIGH SCHOOL INC,OK,OKLAHOMA CITY,372380,Del City High School,DEL CITY,88.88888888888889,49.27536231884058,f,reject,f
A1302599,MISSION ACADEMY,OK,OKLAHOMA CITY,372721,mission academy high school,OKLAHOMA CITY,100,71.42857142857143,t,review,t
01127864,MOUNT SAINT MARY CATHOLIC HIGH SCHOOL,OK,OKLAHOMA CITY,372675,mount saint marys high school,OKLAHOMA CITY,85,81.4814814814815,t,review,t
A0302544,"ALTERNATIVE YOUTH ACTIVITIES, INC",OR,COOS BAY,380221,South Lane Academy,COTTAGE GROVE,48,48,f,reject,f
01160755,CENTRAL CATHOLIC HIGH SCHOOL,OR,PORTLAND,380505,Central High School,INDEPENDENCE,100,80.85106382978724,f,review,t
A2380007,CHESTERTON ACADEMY OF THE ROGUE VALLEY,OR,CENTRAL POINT,380920,saint marys academy,PORTLAND,60.869565217391305,40.74074074074075,f,reject,f
A0304101,DE LA SALLE NORTH CATHOLIC HIGH SCHOOL,OR,PORTLAND,380859,de la salle north catholic hs,PORTLAND,100,100,t,auto_accept,f
02052421,EDISON HIGH SCHOOL,OR,PORTLAND,380902,Madison High School,PORTLAND,91.89189189189189,64.86486486486487,t,reject,f
A1992056,GK CHESTERTON ACADEMY OF THE WILLAMETTE VALLEY,OR,MOUNT ANGEL,380345,Willamette High School,EUGENE,62.5,50,f,reject,f
01161249,JESUIT HIGH SCHOOL,OR,PORTLAND,380897,jesuit high school,PORTLAND,100,100,t,auto_accept,f
01160813,LA SALLE CATHOLIC COLLEGE PREPARATORY,OR,MILWAUKIE,380678,la salle catholic college prep,MILWAUKIE,90.9090909090909,89.55223880597015,t,auto_accept,f
A0502850,LOOKING GLASS CENTER POINT SCHOOL,OR,EUGENE,380285,Eagle Point High School,EAGLE POINT,68.57142857142857,67.85714285714286,f,reject,f
A1503098,LOOKING GLASS RIVERFRONT SCHOOL & CAREER CENTER,OR,EUGENE,380743,veritas school,NEWBERG,60,28.57142857142857,f,reject,f
01160697,MARIST CATHOLIC HIGH SCHOOL,OR,EUGENE,380859,de la salle north catholic hs,PORTLAND,85.1063829787234,73.84615384615385,f,review,t
A1903591,MILO ADVENTIST ACADEMY,OR,DAYS CREEK,380907,portland adventist academy,PORTLAND,87.17948717948718,79.16666666666666,f,review,t
A2103063,OREGON CHALLENGE HIGH SCHOOL,OR,BEND,380097,Oregon Challenge Hs,BEND,100,100,t,auto_accept,f
01162016,PORTLAND ADVENTIST ACADEMY,OR,PORTLAND,380907,portland adventist academy,PORTLAND,100,100,t,auto_accept,f
01161191,ST MARYS ACADEMY,OR,PORTLAND,380920,saint marys academy,PORTLAND,100,100,t,auto_accept,f
A9105434,ACADEMY OF THE NEW CHURCH BOYS SCHOOL,PA,BRYN ATHYN,390475,academy new church boys school,BRYN ATHYN,100,89.55223880597015,t,auto_accept,f
01188919,ALLENTOW CENTRAL CATHOLIC HIGH SCHOOL.,PA,ALLENTOWN,391315,Central High School,ERIE,100,67.85714285714286,f,review,t
A2300647,AMERICAN ROYAL HIGH SCHOOL,PA,DOVER,391280,East High School,ERIE,81.48148148148148,66.66666666666667,f,review,t
A2190676,ARCHBISHOP CARROLL HIGH SCHOOL,PA,MALVERN,391153,bishop carroll high school,EBENSBURG,92.85714285714286,92.85714285714286,f,auto_accept,f
A2103075,ARCHBISHOP JOHN CARROLL HIGH SCHOOL,PA,RADNOR,395032,archbishop wood high school,WARMINSTER,89.79591836734694,70.96774193548387,f,review,t
01186605,ARCHBISHOP RYAN HIGH SCHOOL,PA,PHILADELPHIA,393243,archbishop ryan hs for boys,PHILADELPHIA,100,85.71428571428572,t,auto_accept,f
01188158,ARCHBISHOP WOOD HIGH SCHOOL,PA,WARMINSTER,395032,archbishop wood high school,WARMINSTER,100,100,t,auto_accept,f
A1503139,BERKS CATHOLIC HIGH SCHOOL,PA,READING,394147,berks catholic high school,READING,100,100,t,auto_accept,f
01188781,BETHLEHEM CATHOLIC HIGH SCHOOL,PA,BETHLEHEM,390309,bethlehem catholic high school,BETHLEHEM,100,100,t,auto_accept,f
01194004,BISHOP CANEVIN HIGH SCHOOL,PA,PITTSBURGH,393647,bishop canevin high school,PITTSBURGH,100,100,t,auto_accept,f
01189708,BISHOP CARROLL CATHOLIC HIGH SCHOOL,PA,EBENSBURG,391153,bishop carroll high school,EBENSBURG,100,85.24590163934427,t,auto_accept,f
01191604,BISHOP MCDEVITT HIGH SCHOOL,PA,HARRISBURG,395396,bishop mcdevitt high school,WYNCOTE,100,100,f,auto_accept,f
01188216,BISHOP SHANAHAN HIGH SCHOOL,PA,DOWNINGTOWN,395162,bishop shanahan high school,DOWNINGTOWN,100,100,t,auto_accept,f
01202254,BLUE MOUNTAIN ACADEMY,PA,HAMBURG,393401,aim academy,CONSHOHOCKEN,77.77777777777777,62.5,f,reject,f
01190189,CATHEDRAL PREPARATORY SCHOOL,PA,ERIE,391275,cathedral preparatory school,ERIE,100,100,t,auto_accept,f
A1702995,CB COMMUNITY SCHOOLS,PA,PHILADELPHIA,394752,Susquehanna Community High School,SUSQUEHANNA,67.9245283018868,64.15094339622642,f,reject,f
01193995,CENTRAL CATHOLIC HIGH SCHOOL,PA,PITTSBURGH,390025,Allentown Central Catholic H S,ALLENTOWN,100,84.84848484848484,f,review,t
A1903685,CHURCH FARM SCHOOL,PA,EXTON,390475,academy new church boys school,BRYN ATHYN,83.87096774193549,58.33333333333333,f,reject,f
A1992034,CITY OF BRIDGES HIGH SCHOOL,PA,PITTSBURGH,391280,East High School,ERIE,81.48148148148148,69.76744186046511,f,review,t
01185033,CONWELL EGAN CATHOLIC HIGH SCHOOL,PA,FAIRLESS HILLS,391361,conwell-egan catholic high sch,FAIRLESS HILLS,95.23809523809524,95.23809523809523,t,auto_accept,f
A1302750,CRISTO REY PHILADELPHIA HIGH SCHOOL,PA,PHILADELPHIA,392807,cristo rey philadelphia hs,PHILADELPHIA,100,100,t,auto_accept,f
01191874,DELONE CATHOLIC HIGH SCHOOL,PA,MC SHERRYSTOWN,392520,delone catholic high school,MCSHERRYSTOWN,100,100,f,auto_accept,f
01190859,ELK COUNTY CATHOLIC HIGH SCHOOL,PA,SAINT MARYS,394999,York County High School,YORK,87.8048780487805,66.66666666666667,f,review,t
02054123,FAITH MENNONITE HS,PA,KINZERS,391280,East High School,ERIE,81.48148148148148,65.11627906976744,f,review,t
01186718,FATHER JUDGE HIGH SCHOOL,PA,PHILADELPHIA,393305,father judge high school,PHILADELPHIA,100,100,t,auto_accept,f
A2302579,FELLOWSHIP CHRISTIAN HIGH SCHOOL,PA,BETHLEHEM,390345,berks christian school,BIRDSBORO,84.21052631578948,59.25925925925925,f,reject,f
01195879,GEORGE SCHOOL,PA,NEWTOWN,391593,George Junior Republic High School,GROVE CITY,100,55.319148936170215,f,reject,f
A2302586,GRACE NON-TRADITIONAL CHRISTIAN ACADEMY,PA,PITTSBURGH,393765,Perry Traditional Academy,PITTSBURGH,86.36363636363636,68.75,t,review,t
A2103201,GRACE NON-TRADITIONAL CHRISTIAN ACADEMY,PA,PITTSBURGH,393765,Perry Traditional Academy,PITTSBURGH,86.36363636363636,68.75,t,review,t
A1903748,GRACE PREP HIGH SCHOOL,PA,STATE COLLEGE,391280,East High School,ERIE,81.48148148148148,68.42105263157895,f,review,t
01185135,GWYNEDD MERCY ACADEMY HIGH SCHOOL,PA,GWYNEDD VALLEY,391600,gwynedd-mercy academy,GWYNEDD VALLEY,100,77.77777777777779,t,review,t
A1140020,HOLY CROSS HIGH SCHOOL,PA,DUNMORE,395275,holy redeemer high school,WILKES BARRE,84.21052631578948,68.08510638297872,f,review,t
01184776,HOLY GHOST PREP,PA,BENSALEM,390870,holy ghost preparatory school,BENSALEM,80,68.18181818181819,t,review,t
A1503260,I S KOSLOFF TORAH ACADEMY HIGH SCHOOL FOR GIRLS,PA,BALA CYNWYD,394515,Academy Park High School,SHARON HILL,88.37209302325581,59.154929577464785,f,reject,f
A1903791,INTERNATIONAL CHRISTIAN HIGH SCHOOL,PA,PHILADELPHIA,393272,international christian hs,PHILADELPHIA,100,100,t,auto_accept,f
01186933,LA SALLE COLLEGE HIGH SCHOOL,PA,WYNDMOOR,393370,la salle college high school,WYNDMOOR,100,100,t,auto_accept,f
A1903811,LANCASTER CATHOLIC HIGH SCHOOL,PA,LANCASTER,392150,lansdale catholic high school,LANSDALE,88.13559322033899,88.13559322033898,f,review,t
A0792060,LEHIGH LEARNING ACADEMY,PA,NAZARETH,393401,aim academy,CONSHOHOCKEN,77.77777777777777,58.82352941176471,f,reject,f
A1703065,LIGUORI ACADEMY,PA,PHILADELPHIA,393401,aim academy,CONSHOHOCKEN,77.77777777777777,69.23076923076923,f,reject,f
01188409,LITTLE FLOWER CATHOLIC HIGH SCHOOL FOR GIRLS,PA,PHILADELPHIA,393440,Roman Catholic High School,PHILADELPHIA,86.95652173913044,60,t,reject,f
01189107,MARIAN CATHOLIC HIGH SCHOOL,PA,TAMAQUA,390730,marian catholic high school,TAMAQUA,100,100,t,auto_accept,f
A1903844,MARTIN SAINTS CLASSICAL HIGH SCHOOL,PA,ORELAND,391280,East High School,ERIE,81.48148148148148,54.90196078431373,f,reject,f
01197796,MERCERSBURG ACADEMY,PA,MERCERSBURG,392570,mercersburg academy,MERCERSBURG,100,100,t,auto_accept,f
01186966,MERCY CAREER & TECHNICAL HIGH SCHOOL,PA,PHILADELPHIA,391280,East High School,ERIE,81.48148148148148,48.14814814814815,f,reject,f
01190611,MERCYHURST PREPARATORY SCHOOL,PA,ERIE,391295,mercyhurst preparatory school,ERIE,100,100,t,auto_accept,f
A1503330,MESIVTA HIGH SCHOOL OF GREATER PHILADELPHIA,PA,BALA CYNWYD,393555,West Philadelphia High School,PHILADELPHIA,90.56603773584905,66.66666666666667,f,review,t
01197209,MILTON EISNER YESHIVA HIGH SCHOOL,PA,SCRANTON,391280,East High School,ERIE,81.48148148148148,57.14285714285714,f,reject,f
01184867,MONSIGNOR BONNER & ARCHBISHOP PRENDERBAST HS.,PA,DREXEL HILL,395032,archbishop wood high school,WARMINSTER,89.79591836734694,53.65853658536586,f,reject,f
01185077,MOUNT ST JOSEPH ACADEMY,PA,FLOURTOWN,393390,mount saint joseph academy,FLOURTOWN,100,100,t,auto_accept,f
01189322,NATIVITY BVM HIGH SCHOOL,PA,POTTSVILLE,391280,East High School,ERIE,81.48148148148148,60,f,reject,f
01186999,NAZARETH ACADEMY HIGH SCHOOL,PA,PHILADELPHIA,393400,nazareth academy,PHILADELPHIA,100,72.72727272727273,t,review,t
BB201583,NAZARETH PREP HIGH SCHOOL,PA,EMSWORTH,392860,Nazareth Area High School,NAZARETH,92,80,f,review,t
A1903866,NORTH CATHOLIC HIGH SCHOOL,PA,CRANBERRY TOWNSHIP,393750,north catholic high school,PITTSBURGH,100,100,f,auto_accept,f
01188613,NOTRE DAME HIGH SCHOOL,PA,EASTON,391148,notre dame high school,EAST STROUDSBURG,100,100,f,auto_accept,f
A9105891,OAKLAND CATHOLIC HIGH SCHOOL,PA,PITTSBURGH,393775,oakland catholic high school,PITTSBURGH,100,100,t,auto_accept,f
01193612,OUR LADY OF THE SACRED HEART HIGH SCHOOL,PA,CORAOPOLIS,390845,our lady sacred heart hs,CORAOPOLIS,100,90.41095890410959,t,auto_accept,f
01202243,PINE FORGE ACADEMY,PA,PINE FORGE,395100,valley forge military academy,WAYNE,83.87096774193549,68.08510638297872,f,review,t
01187879,POPE JOHN PAUL II HIGH SCHOOL,PA,ROYERSFORD,394303,pope john paul ii high school,ROYERSFORD,100,100,t,auto_accept,f
A1302958,PROSPECT GROVE HIGH SCHOOL,PA,COLUMBIA,395180,Avon Grove High School,WEST GROVE,87.17948717948718,70.83333333333333,f,review,t
A1703163,SCHAEFFERSTOWN MENNONITE HIGH SCHOOL,PA,SCHAEFFERSTOWN,391280,East High School,ERIE,81.48148148148148,42.307692307692314,f,reject,f
01907505,SCRANTON PREPARATORY SCHOOL,PA,SCRANTON,394440,scranton preparatory school,SCRANTON,100,100,t,auto_accept,f
01193576,SERRA CATHOLIC HIGH SCHOOL,PA,MCKEESPORT,393655,central catholic high school,PITTSBURGH,88.88888888888889,74.07407407407408,f,review,t
01192787,SETON LASALLE CATHOLIC HIGH SCHOOL,PA,PITTSBURGH,393440,Roman Catholic High School,PHILADELPHIA,86.95652173913044,73.33333333333334,f,review,t
A2103401,SOPHIA ACADEMY,PA,PHILADELPHIA,393401,aim academy,CONSHOHOCKEN,77.77777777777777,72,f,reject,f
01185645,ST HUBERT CATHOLIC HIGH SCHOOL FOR GIRLS,PA,PHILADELPHIA,393455,saint huberts cath hs for grls,PHILADELPHIA,92.10526315789474,92.10526315789474,t,auto_accept,f
01194037,ST JOSEPH HIGH SCHOOL,PA,NATRONA HEIGHTS,392855,saint josephs high school,NATRONA HEIGHTS,97.67441860465117,97.67441860465115,t,auto_accept,f
BB220510,ST JOSEPH'S PREPARATORY SCHOOL,PA,PHILADELPHIA,393480,saint josephs preparatory sch,PHILADELPHIA,92.85714285714286,89.28571428571429,t,auto_accept,f
A1302978,ST JOSEPHS CATHOLIC ACADEMY,PA,BOALSBURG,393401,aim academy,CONSHOHOCKEN,77.77777777777777,52.63157894736843,f,reject,f
01185893,STS JOHN NEUMANN & MARIA GARETTI CATHOLIC HIGH SCH,PA,PHILADELPHIA,391361,conwell-egan catholic high sch,FAIRLESS HILLS,72.34042553191489,48.78048780487805,f,reject,f
01195981,TALMUDICAL YESHIVA OF PHILADELPHIA,PA,PHILADELPHIA,393447,Philadelphia Electrical & Tech,PHILADELPHIA,66.66666666666666,51.515151515151516,t,reject,f
A9106050,TERRE HILL MENNONITE HIGH SCHOOL,PA,TERRE HILL,390525,Camp Hill High School,CAMP HILL,86.48648648648648,60.37735849056604,f,reject,f
A9903556,THE ACADEMY OF THE NEW CHURCH GIRLS' SCHOOL,PA,BRYN ATHYN,390475,academy new church boys school,BRYN ATHYN,90.9090909090909,69.44444444444444,t,review,t
A1302681,THE BRIDGE WAY SCHOOL,PA,PHILADELPHIA,394080,The Hill School,POTTSTOWN,80,66.66666666666667,f,review,t
A0902935,THE HILL SCHOOL,PA,POTTSTOWN,394080,The Hill School,POTTSTOWN,100,100,t,auto_accept,f
01197887,THE KISKI SCHOOL,PA,SALTSBURG,394365,kiski school,SALTSBURG,100,85.71428571428572,t,auto_accept,f
01199181,THE UNIVERSITY SCHOOL,PA,PITTSBURGH,393930,university school,PITTSBURGH,100,89.47368421052632,t,auto_accept,f
01185237,VILLA JOSEPH MARIE HIGH SCHOOL,PA,HOLLAND,392990,villa joseph marie high school,HOLLAND,100,100,t,auto_accept,f
A1503477,VILLA MARIA ACADEMY HIGH SCHOOL,PA,MALVERN,392375,villa maria academy,MALVERN,100,76,t,review,t
A1990667,VOCATIO CAREER PREP HIGH SCHOOL,PA,PHILADELPHIA,391280,East High School,ERIE,81.48148148148148,55.319148936170215,f,reject,f
01196329,WESLEY HIGH SCHOOL,PA,PITTSBURGH,391765,Hershey High School,HERSHEY,86.48648648648648,59.45945945945945,f,reject,f
A1703001,WEST CATHOLIC PREP HIGH SCHOOL,PA,PHILADELPHIA,393440,Roman Catholic High School,PHILADELPHIA,86.95652173913044,78.57142857142857,t,review,t
01188384,WEST CATHOLIC PREPARATORY H.S.,PA,PHILADELPHIA,393440,Roman Catholic High School,PHILADELPHIA,86.95652173913044,73.01587301587303,t,review,t
01921701,PORTSMOUTH ABBEY SCHOOL,RI,PORTSMOUTH,400130,portsmouth abbey school,PORTSMOUTH,100,100,t,auto_accept,f
01258128,SCHOOL ONE,RI,PROVIDENCE,400188,school one,PROVIDENCE,100,100,t,auto_accept,f
01257394,ST PATRICK ACADEMY,RI,PROVIDENCE,400110,saint raphael academy,PAWTUCKET,72.22222222222223,72.22222222222221,f,reject,f
01257168,ST RAPHAEL ACADEMY,RI,PAWTUCKET,400110,saint raphael academy,PAWTUCKET,100,100,t,auto_accept,f
01263014,BISHOP ENGLAND HIGH SCHOOL,SC,CHARLESTON,411105,Irmo High School,COLUMBIA,81.48148148148148,52.38095238095239,f,reject,f
A2392035,ST ANNES CATHOLIC SCHOOL,SC,FORT MILL,411674,john paul ii catholic school,RIDGELAND,76.92307692307692,57.692307692307686,f,reject,f
A9703182,GREAT PLAINS LUTHERAN HIGH SCHOOL,SD,WATERTOWN,420760,Lead High School,LEAD,81.48148148148148,61.224489795918366,f,reject,f
A2103544,ARCH ACADEMY,TN,KINGSTON SPRINGS,430327,Twenty First Century Academy,CHATTANOOGA,73.6842105263158,44.99999999999999,f,reject,f
AA000291,CHRISTIAN BROTHERS HIGH SCHOOL,TN,MEMPHIS,431395,christian brothers high school,MEMPHIS,100,100,t,auto_accept,f
01294971,FATHER RYAN HIGH SCHOOL,TN,NASHVILLE,431665,father ryan high school,NASHVILLE,100,100,t,auto_accept,f
A0109255,HAMILTON HEIGHTS CHRISTIAN ACADEMY,TN,CHATTANOOGA,431601,heritage christian academy,MOUNT JULIET,79.06976744186046,73.33333333333334,f,reject,f
A1503589,HERITAGE ACADEMY,TN,MONTEREY,431601,heritage christian academy,MOUNT JULIET,100,76.19047619047619,f,review,t
01298025,HIGHLAND ACADEMY,TN,PORTLAND,431243,The Village Academy,LOUISVILLE,68.57142857142857,68.57142857142857,f,reject,f
01297418,MADISON ACADEMY,TN,MADISON,431653,davidson academy,NASHVILLE,83.87096774193549,83.87096774193549,f,review,t
01295126,NOTRE DAME HIGH SCHOOL,TN,CHATTANOOGA,430320,notre dame high school,CHATTANOOGA,100,100,t,auto_accept,f
A0903467,SACRED HEART OF JESUS HIGH SCHOOL,TN,JACKSON,431130,West High School,KNOXVILLE,81.48148148148148,44.89795918367348,f,reject,f
01322242,ANTONIAN COLLEGE PREPARATORY HIGH SCHOOL,TX,SAN ANTONIO,443312,Yes College Preparatory School,HOUSTON,92.85714285714286,74.28571428571429,f,review,t
A2302909,ARCHWAY ACADEMY,TX,HOUSTON,441800,A+ Academy,DALLAS,87.5,58.33333333333333,f,reject,f
A2103657,BISHOP LYNCH HIGH SCHOOL,TX,DALLAS,440660,Bishop High School,BISHOP,100,85.71428571428572,f,auto_accept,f
A1904219,BLESSED HOPE ACADEMY,TX,SAN ANTONIO,441800,A+ Academy,DALLAS,87.5,48.275862068965516,f,reject,f
01324829,CASSATA HIGH SCHOOL,TX,FORT WORTH,447715,Zapata High School,ZAPATA,86.48648648648648,59.45945945945945,f,reject,f
01324738,CATHEDRAL HIGH SCHOOL,TX,EL PASO,442210,cathedral high school,EL PASO,100,100,t,auto_accept,f
A1503654,CENTRAL CATHOLIC HIGH SCHOOL -SAN ANTONIO,TX,SAN ANTONIO,445585,Central High School,POLLOK,100,64.40677966101696,f,reject,f
01329838,CHISHOLM TRAIL ACADEMY,TX,KEENE,441800,A+ Academy,DALLAS,87.5,45.16129032258065,f,reject,f
BB162854,CONCORDIA HIGH SCHOOL,TX,ROUND ROCK,447040,concordia lutheran high school,TOMBALL,100,82.35294117647058,f,review,t
A9106448,CONCORDIA LUTHERAN HIGH SCHOOL,TX,TOMBALL,447040,concordia lutheran high school,TOMBALL,100,100,t,auto_accept,f
A0992060,CORNERSTONE CROSSROADS ACADEMY,TX,DALLAS,441800,A+ Academy,DALLAS,87.5,35.89743589743589,t,reject,f
A1503679,CRISTO REY DALLAS COLLEGE PREP,TX,DALLAS,443624,cristo rey jesuit coll prep,HOUSTON,77.19298245614036,77.19298245614034,f,reject,f
A1592192,CRISTO REY DALLAS COLLEGE PREP,TX,DALLAS,443624,cristo rey jesuit coll prep,HOUSTON,77.19298245614036,77.19298245614034,f,reject,f
A1990713,CRISTO REY FORT WORTH COLLEGE PREP,TX,FORT WORTH,443624,cristo rey jesuit coll prep,HOUSTON,72.1311475409836,72.1311475409836,f,reject,f
01325312,CRISTO REY JESUIT COLLEGE PREP SCHOOL OF HOUSTON,TX,HOUSTON,445551,Houston School,PLAINVIEW,100,45.16129032258065,f,reject,f
A2103702,EPISCOPAL HIGH SCHOOL BELLAIRE,TX,BELLAIRE,440561,episcopal high school,HOUSTON,100,82.35294117647058,f,review,t
A1904250,FAITH LUTHERAN HIGH SCHOOL OF CENTRAL TEXAS,TX,GIDDINGS,445585,Central High School,POLLOK,100,61.29032258064516,f,reject,f
01324727,FATHER YERMO SCHOOLS,TX,EL PASO,440342,Star Charter School,AUSTIN,66.66666666666666,66.66666666666667,f,reject,f
BB141020,FRASSATI CATHOLIC HIGH SCHOOL,TX,SPRING,446701,frassati catholic high school,SPRING,100,100,t,auto_accept,f
A0303144,GRIFFIN SCHOOL,TX,AUSTIN,442223,Irvin High School,EL PASO,70.96774193548387,70.96774193548387,f,reject,f
01327987,HEALY-MURPHY CENTER,TX,SAN ANTONIO,446153,Healy Murphy Center,SAN ANTONIO,100,100,t,auto_accept,f
A2103724,HOLY CROSS CATHOLIC HIGH SCHOOL,TX,MIDLAND,442549,nolan catholic high school,FORT WORTH,86.95652173913044,80.70175438596492,f,review,t
A9904240,HOLY TRINITY CATHOLIC HIGH SCHOOL,TX,TEMPLE,442322,Trinity High School,EULESS,100,73.07692307692308,f,review,t
A0109406,HOUSTON CHRISTIAN HIGH SCHOOL,TX,HOUSTON,445551,Houston School,PLAINVIEW,100,65.11627906976744,f,review,t
A9106475,HUNTINGTON-SURREY HIGH SCHOOL,TX,AUSTIN,443490,Huntington High School,HUNTINGTON,100,86.27450980392157,f,auto_accept,f
01325323,INCARNATE WORD ACADEMY,TX,HOUSTON,443330,incarnate word academy,HOUSTON,100,100,t,auto_accept,f
01322355,INCARNATE WORD HIGH SCHOOL,TX,SAN ANTONIO,440245,Arp High School,ARP,84.61538461538461,53.65853658536586,f,reject,f
01330209,JEFFERSON CHRISTIAN ACADEMY,TX,JEFFERSON,441800,A+ Academy,DALLAS,87.5,38.888888888888886,f,reject,f
A1303403,JOHN PAUL II CATHOLIC HIGH SCHOOL,TX,NEW BRAUNFELS,445578,john paul ii high school,PLANO,100,84.21052631578947,f,review,t
A9703340,JOYFUL SOUND CHRISTIAN ACADEMY,TX,PORTER,441800,A+ Academy,DALLAS,87.5,35.89743589743589,f,reject,f
A1303405,JUAN DIEGO ACADEMY,TX,MISSION,444834,juan diego academy,MISSION,100,100,t,auto_accept,f
A9703355,LUTHERAN HIGH SCHOOL OF SAN ANTONIO,TX,SAN ANTONIO,446180,lutheran hs of san antonio,SAN ANTONIO,100,100,t,auto_accept,f
BB240352,M.P.J. ACADEMY OF EXCELLENCE,TX,HOUSTON,441800,A+ Academy,DALLAS,87.5,38.888888888888886,f,reject,f
A1503745,MARIAN HIGH SCHOOL (NTI CAREER INSTITUTE),TX,HOUSTON,440245,Arp High School,ARP,84.61538461538461,51.85185185185186,f,reject,f
A0702243,MESORAH HIGH SCHOOL FOR GIRLS,TX,DALLAS,440245,Arp High School,ARP,84.61538461538461,59.09090909090908,f,reject,f
01323519,MONSIGNOR KELLY CATHOLIC SCHOOL,TX,BEAUMONT,440525,monsignor kelly catholic h s,BEAUMONT,100,92.53731343283582,t,auto_accept,f
BB101432,NEW BEGINNERS PREPARATORY,TX,DALLAS,441850,peak preparatory,DALLAS,81.48148148148148,63.41463414634146,t,reject,f
01324873,NOLAN CATHOLIC HIGH SCHOOL,TX,FORT WORTH,442549,nolan catholic high school,FORT WORTH,100,100,t,auto_accept,f
01608593,O'CONNELL COLLEGE PREPARATORY SCHOOL,TX,GALVESTON,443312,Yes College Preparatory School,HOUSTON,92.85714285714286,78.78787878787878,f,review,t
A0503455,OUR LADY OF THE HILLS REG CATHOLIC HIGH SCHOOL,TX,KERRVILLE,443811,our lady hills reg catholic hs,KERRVILLE,100,91.76470588235294,t,auto_accept,f
01327375,PRESBYTERIAN PAN AMERICAN SCHOOL,TX,KINGSVILLE,440341,American Youthworks Charter High School,AUSTIN,63.829787234042556,61.9718309859155,f,reject,f
A1303466,RESOLUTION RANCH ACADEMY,TX,CAMERON,441111,Ranch Academy,CANTON,100,70.27027027027026,f,review,t
A2302986,SAN JUAN DIEGO CATHOLIC REGIONAL HIGH SCHOOL,TX,MISSION,446295,San Diego High School,SAN DIEGO,100,64.61538461538461,f,reject,f
01325152,ST AGNES ACADEMY COLLEGE PREPARATORY,TX,HOUSTON,443420,Saint Agnes Academy,HOUSTON,100,61.53846153846154,t,reject,f
A2103888,ST ANTHONY CATHOLIC HIGH SCHOOL,TX,SAN ANTONIO,440218,Anthony High School,ANTHONY,100,76,f,review,t
A2103830,ST AUGUSTINE HIGH SCHOOL,TX,LAREDO,446285,San Augustine High School,SAN AUGUSTINE,93.87755102040816,85.71428571428572,f,auto_accept,f
A1190093,ST DOMINIC SAVIO CATHOLIC HIGH SCHOOL,TX,AUSTIN,440362,st dominic savio catholic high,AUSTIN,100,89.55223880597015,t,auto_accept,f
A0503461,ST JOHN XXIII COLLEGE PRREPARATORY,TX,KATY,441755,jesuit college preparatory sch,DALLAS,71.875,71.875,f,reject,f
01322639,ST JOSEPH HIGH SCHOOL,TX,VICTORIA,447270,saint joseph high school,VICTORIA,100,100,t,auto_accept,f
01325265,ST PIUS X HIGH SCHOOL,TX,HOUSTON,443432,saint pius x high school,HOUSTON,100,100,t,auto_accept,f
01325276,STRAKE JESUIT COLLEGE PREP SCHOOL,TX,HOUSTON,443383,strake jesuit college prep,HOUSTON,100,88.13559322033898,t,auto_accept,f
A1703584,TEXAS TORAH INSTITUTE,TX,DALLAS,445052,Comal Leadership Institute,NEW BRAUNFELS,60,59.57446808510638,f,reject,f
A1790515,THE HUB HOUSTON INC.,TX,HOUSTON,445551,Houston School,PLAINVIEW,66.66666666666666,60.60606060606061,f,reject,f
A1790516,THE MOMENTUM ACADEMY,TX,WEBSTER,441800,A+ Academy,DALLAS,87.5,48.275862068965516,f,reject,f
A1503835,TORAH GIRLS ACADEMY OF TEXAS,TX,HOUSTON,441800,A+ Academy,DALLAS,87.5,37.83783783783784,f,reject,f
A1503842,UPWARD HOPE ACADEMY,TX,GALVESTON,441800,A+ Academy,DALLAS,87.5,50,f,reject,f
A1503847,VICTORY LEARNING CENTER,TX,SAN ANTONIO,442321,Keys Learning Center,EULESS,85.71428571428571,69.76744186046511,f,review,t
A2192434,WATERLOO SCHOOL,TX,AUSTIN,441710,westwood school,DALLAS,73.33333333333333,73.33333333333334,f,reject,f
A2390523,BYU ONLINE HIGH SCHOOL,UT,PROVO,450348,Roy High School,ROY,84.61538461538461,70.27027027027026,f,review,t
A1102237,CATALYST PREPARATORY ACADEMY,UT,BRIGHAM CITY,450036,catalyst preparatory academy,BRIGHAM CITY,100,100,t,auto_accept,f
A1102232,FERNWOOD ACADEMY,UT,LAYTON,450364,City Academy,SALT LAKE CITY,73.6842105263158,57.14285714285714,f,reject,f
A0702302,GATEWAY ACADEMY,UT,DRAPER,450600,terra academy,VERNAL,78.57142857142857,78.57142857142857,f,reject,f
A1904468,INTERNATIONAL LEADERSHIP ACADEMY,UT,SPANISH FORK,450364,City Academy,SALT LAKE CITY,73.6842105263158,45.45454545454546,f,reject,f
A0109539,JUAN DIEGO CATHOLIC HIGH SCHOOL,UT,DRAPER,450064,juan diego catholic hs,DRAPER,100,100,t,auto_accept,f
01412771,JUDGE MEMORIAL CATHOLIC HIGH SCHOOL,UT,SALT LAKE CITY,450375,judge memorial catholic h s,SALT LAKE CITY,100,100,t,auto_accept,f
A1303524,KOLOB CANYON RTC,UT,NEW HARMONY,450157,Canyon Heights,KAYSVILLE,60,53.333333333333336,f,reject,f
A2103923,LA EUROPA ACADEMY,UT,SALT LAKE CITY,450364,City Academy,SALT LAKE CITY,73.6842105263158,55.172413793103445,t,reject,f
A2103924,LA EUROPA ACADEMY,UT,MURRAY,450364,City Academy,SALT LAKE CITY,73.6842105263158,55.172413793103445,f,reject,f
A2303064,"LIMITLESS, THE ARENA",UT,TAYLORSVILLE,450223,american intl school of utah,MURRAY,46.808510638297875,46.808510638297875,f,reject,f
A0303176,MOUNTAIN SPRINGS PREPARATORY ACADEMY,UT,CEDAR CITY,450047,mountain springs prep academy,CEDAR CITY,90.56603773584905,89.23076923076923,t,auto_accept,f
A0109548,NEW HAVEN SCHOOL,UT,SPANISH FORK,450025,San Juan High School,BLANDING,66.66666666666666,66.66666666666667,f,reject,f
01412818,ST JOSEPH CATHOLIC HIGH SCHOOL,UT,OGDEN,450250,st joseph catholic high school,OGDEN,100,100,t,auto_accept,f
01431852,BENEDICTINE COLLEGE PREPARATORY,VA,RICHMOND,471840,benedictine high school,RICHMOND,64.70588235294117,55.55555555555556,t,reject,f
A1904611,BENJAMIN & LILLIAN ROCHKIND YESHIVA OF VIRGINIA,VA,RICHMOND,470063,virginia academy,ASHBURN,66.66666666666666,40,f,reject,f
A1904530,BISHOP DENIS J. OCONNELL HIGH SCHOOL,VA,ARLINGTON,471155,Lee High School,JONESVILLE,84.61538461538461,52,f,reject,f
01432368,BISHOP IRETON HIGH SCHOOL,VA,ALEXANDRIA,470019,Bishop Ireton High School,ALEXANDRIA,100,100,t,auto_accept,f
01434842,BLUE RIDGE SCHOOL,VA,ST GEORGE,472020,blue ridge school,ST GEORGE,100,100,t,auto_accept,f
01431885,CATHOLIC HIGH SCHOOL,VA,VIRGINIA BEACH,471550,Peninsula Catholic High School,NEWPORT NEWS,100,80,f,review,t
01433055,CHATHAM HALL,VA,CHATHAM,470445,chatham hall,CHATHAM,100,100,t,auto_accept,f
01433215,CHRISTCHURCH SCHOOL,VA,CHRISTCHURCH,470500,christchurch school,CHRISTCHURCH,100,100,t,auto_accept,f
A0903673,COMMUNITY HIGH SCHOOL,VA,ROANOKE,470950,Virginia Randolph Community High School,GLEN ALLEN,100,70,f,review,t
A2103975,CRISTO REY RICHMOND HIGH SCHOOL,VA,RICHMOND,471155,Lee High School,JONESVILLE,84.61538461538461,56.52173913043479,f,reject,f
A2390537,DREAM ACADEMY INC.,VA,RICHMOND,470063,virginia academy,ASHBURN,66.66666666666666,66.66666666666667,f,reject,f
01433226,EPISCOPAL HIGH SCHOOL,VA,ALEXANDRIA,470020,episcopal high school,ALEXANDRIA,100,100,t,auto_accept,f
01433805,FOXCROFT SCHOOL,VA,MIDDLEBURG,470808,Fuqua School,FARMVILLE,66.66666666666666,59.25925925925925,f,reject,f
A1904577,LYNNHAVEN SCHOOL,VA,HENRICO,470808,Fuqua School,FARMVILLE,66.66666666666666,57.14285714285714,f,reject,f
A2104019,PHILLIPS BUILDING FUTURES - LOUDOUN,VA,LEESBURG,471230,Loudoun County High School,LEESBURG,50.847457627118644,47.45762711864406,t,reject,f
A1503977,PHILLIPS PROGRAMS BUILDING FUTURES LOUDON,VA,ANNANDALE,470126,langston hs cont ed program,ARLINGTON,46.753246753246756,46.753246753246756,f,reject,f
A0992066,RENAISSANCE SCHOOL,VA,CHARLOTTESVILLE,470438,renaissance school,CHARLOTTESVILLE,100,100,t,auto_accept,f
A1390365,RISE ACADEMY,VA,RICHMOND,471541,Enterprise Academy,NEWPORT NEWS,80,80,f,review,t
A1703695,RONALD REAGAN SECONDARY SCHOOL,VA,CHESTER,470028,Hayfield Secondary School,ALEXANDRIA,78.04878048780488,72.72727272727273,f,reject,f
01435234,SHENANDOAH VALLEY ACADEMY,VA,NEW MARKET,470835,Central Shenandoah Valley Regional Governor School,FISHERSVILLE,80.95238095238095,56.00000000000001,f,reject,f
A0990136,ST JOHN PAUL THE GREAT CATHOLIC HIGH SCHOOL,VA,DUMFRIES,472025,Saint Paul High School,SAINT PAUL,100,61.29032258064516,f,reject,f
A0903713,ST MICHAEL THE ARCHANGEL HIGH SCHOOL,VA,FREDERICKSBURG,472025,Saint Paul High School,SAINT PAUL,84.84848484848484,61.81818181818181,f,reject,f
02122129,ST PAUL VI CATHOLIC HIGH SCHOOL,VA,CHANTILLY,472025,Saint Paul High School,SAINT PAUL,100,76,f,review,t
A1990827,THE HAGUE SCHOOL,VA,NORFOLK,471583,Governor School For The Arts,NORFOLK,76.92307692307692,63.63636363636363,t,reject,f
02063874,THE MADEIRA SCHOOL,VA,MCLEAN,470985,madeira school,MCLEAN,100,87.5,t,auto_accept,f
01432481,VIRGINIA EPISCOPAL SCHOOL,VA,LYNCHBURG,471305,virginia episcopal school,LYNCHBURG,100,100,t,auto_accept,f
A1703708,VIRGINIA INTERNATIONAL ACADEMY,VA,FRONT ROYAL,470063,virginia academy,ASHBURN,100,69.56521739130434,f,review,t
01433725,WOODBERRY FOREST SCHOOL,VA,WOODBERRY FOREST,472455,Woodberry Forest School,WOODBERRY FOREST,100,100,t,auto_accept,f
A0503615,YESHIVA AISH KODOSH TALMUDICAL ACADEMY,VA,NORFOLK,471610,norfolk academy,NORFOLK,63.63636363636363,41.509433962264154,t,reject,f
A2303090,BRIGHTALITY,VT,SAINT ALBANS,460505,Twin Valley High School,WILMINGTON,41.1764705882353,41.17647058823529,f,reject,f
A0503522,EAST BURKE SCHOOL,VT,EAST BURKE,460130,Enosburg Falls High School,ENOSBURG FALLS,60.46511627906977,60.46511627906976,f,reject,f
A1992091,LIBERTY HIGH SCHOOL,VT,BRATTLEBORO,460045,Oxbow High School,BRADFORD,78.57142857142857,72.22222222222221,f,reject,f
01422291,LYNDON INSTITUTE,VT,LYNDON CENTER,460220,Lyndon Institute,LYNDON CENTER,100,100,t,auto_accept,f
01421924,MOUNT ST JOSEPH ACADEMY,VT,RUTLAND,460375,mount saint joseph academy,RUTLAND,100,100,t,auto_accept,f
01422112,ROCK POINT SCHOOL,VT,BURLINGTON,460080,rock point school,BURLINGTON,100,100,t,auto_accept,f
A1703635,TRUE NORTH WILDERNESS PROGRAM,VT,WAITSFIELD,460280,North Country Union High School,NEWPORT,43.333333333333336,36.66666666666667,f,reject,f
A1904520,VERMONT ACADEMY,VT,SAXTONS RIVER,460411,sharon academy,SHARON,75.86206896551724,75.86206896551724,f,reject,f
A2303190,AQUINAS CLASSICAL ACADEMY,WA,BREMERTON,481154,seattle academy,SEATTLE,63.63636363636363,55.00000000000001,f,reject,f
A9106814,ARCHBISHOP MURPHY HIGH SCHOOL,WA,EVERETT,480391,archbishop thomas j murphy hs,EVERETT,100,86.56716417910448,t,auto_accept,f
01463873,AUBURN ADVENTIST ACADEMY,WA,AUBURN,480045,auburn adventist academy,AUBURN,100,100,t,auto_accept,f
01460395,BELLARMINE PREPARATORY SCHOOL,WA,TACOMA,481365,bellarmine preparatory school,TACOMA,100,100,t,auto_accept,f
01460737,BISHOP BLANCHET HIGH SCHOOL,WA,SEATTLE,481050,blanchet high school,SEATTLE,100,85.1063829787234,t,auto_accept,f
A2104054,CHESTERTON ACADEMY OF NOTRE DAME,WA,SPOKANE,481154,seattle academy,SEATTLE,63.63636363636363,55.319148936170215,f,reject,f
01463931,COLUMBIA ADVENTIST ACADEMY,WA,BATTLE GROUND,480045,auburn adventist academy,AUBURN,82.92682926829268,80,f,review,t
A0503634,EASTSIDE ACADEMY,WA,BELLEVUE,481154,seattle academy,SEATTLE,77.41935483870968,77.41935483870968,f,reject,f
01463523,EVERGREEN LUTHERAN HIGH SCHOOL,WA,TACOMA,481066,Evergreen High School,SEATTLE,100,82.35294117647058,f,review,t
02164748,GONZAGA PREPARATORY SCHOOL,WA,SPOKANE,481245,gonzaga preparatory school,SPOKANE,100,100,t,auto_accept,f
A9703550,HOLY NAMES ACADEMY,WA,SEATTLE,480922,west sound academy,POULSBO,66.66666666666666,66.66666666666667,f,reject,f
01460464,JOHN F KENNEDY CATHOLIC HIGH SCHOOL,WA,BURIEN,481351,A-I High School,LAKEWOOD,84.61538461538461,56.00000000000001,f,reject,f
A0110137,LA SALLE HIGH SCHOOL,WA,UNION GAP,481609,la salle high school,UNION GAP,100,100,t,auto_accept,f
A1904706,NORTHWEST CHRISTIAN HIGH SCHOOL,WA,LACEY,481280,northwest christian hs,COLBERT,100,100,f,auto_accept,f
01913756,NORTHWEST YESHIVA HIGH SCHOOL,WA,MERCER ISLAND,481173,northwest yeshiva high school,MERCER ISLAND,100,100,t,auto_accept,f
01460475,O'DEA HIGH SCHOOL,WA,SEATTLE,481130,o dea high school,SEATTLE,100,100,t,auto_accept,f
A1102346,POPE JOHN PAUL II HIGH SCHOOL,WA,LACEY,481351,A-I High School,LAKEWOOD,84.61538461538461,59.09090909090908,f,reject,f
A1102355,SETON CATHOLIC COLLEGE PREPARATORY HIGH SCHOOL,WA,VANCOUVER,481351,A-I High School,LAKEWOOD,84.61538461538461,45.90163934426229,f,reject,f
A2303253,"THE DOWNTOWN SCHOOL, A LAKESIDE SCHOOL",WA,SEATTLE,480798,Lakeside High School,NINE MILE FALLS,85.71428571428571,56.14035087719298,f,reject,f
A0110181,TRI-CITIES PREP,WA,PASCO,481439,tri-cities prep catholic hs,PASCO,100,58.82352941176471,t,reject,f
01464083,UPPER COLUMBIA ACADEMY - HIGH SCHOOL,WA,SPANGLE,480128,Columbia High School,BURBANK,100,74.07407407407408,f,review,t
01464163,WALLA WALLA VALLEY ACADEMY,WA,COLLEGE PLACE,480220,walla walla valley academy,COLLEGE PLACE,100,100,t,auto_accept,f
A2303268,WOODHAVEN HIGH SCHOOL,WA,LANGLEY,481600,Woodland High School,WOODLAND,87.8048780487805,87.8048780487805,f,review,t
01509967,ASSUMPTION HIGH SCHOOL,WI,WISCONSIN RAPIDS,501990,Rio High School,RIO,84.61538461538461,59.45945945945945,f,reject,f
A1904814,BADER HILLEL HIGH SCHOOL,WI,GLENDALE,501990,Rio High School,RIO,84.61538461538461,66.66666666666667,f,review,t
01505893,CATHOLIC CENTRAL HIGH SCHOOL,WI,BURLINGTON,501045,Central High School,LA CROSSE,100,80.85106382978724,f,review,t
A1904793,CHESTERTON ACADEMY OF MILWAUKEE,WI,MENOMONEE FALLS,501394,Milwaukee School Of Language,MILWAUKEE,67.79661016949152,54.23728813559322,f,reject,f
A1703828,CRISTO REY JESUIT MILWAUKEE HIGH SCHOOL,WI,MILWAUKEE,502153,South Milwaukee High School,SOUTH MILWAUKEE,87.5,63.63636363636363,f,reject,f
A0702459,DESTINY HIGH SCHOOL,WI,MILWAUKEE,500365,Weston Hs,CAZENOVIA,86.48648648648648,59.45945945945945,f,reject,f
01506092,DIVINE SAVIOR HOLY ANGELS HIGH SCHOOL,WI,MILWAUKEE,501350,divine savior-holy angels hs,MILWAUKEE,100,100,t,auto_accept,f
01510677,EDGEWOOD HIGH SCHOOL OF THE SACRED HEART,WI,MADISON,501990,Rio High School,RIO,84.61538461538461,47.27272727272728,f,reject,f
01515493,FOX VALLEY LUTHERAN HIGH SCHOOL,WI,APPLETON,501915,lutheran high school,RACINE,100,78.43137254901961,f,review,t
A2104135,HORIZON HIGH,WI,MADISON,502270,Thorp High,THORP,72.72727272727272,72.72727272727273,f,reject,f
01515471,IMMANUEL LUTHERAN HIGH SCHOOL,WI,EAU CLAIRE,501915,lutheran high school,RACINE,100,81.63265306122449,f,review,t
01512528,KETTLE MORAINE LUTHERAN HIGH SCHOOL,WI,JACKSON,502352,Kettle Moraine High School,WALES,100,85.24590163934427,f,auto_accept,f
A1904819,KINGDOM PREP LUTHERAN HIGH SCHOOL,WI,WAUWATOSA,501915,lutheran high school,RACINE,100,75.47169811320755,f,review,t
A0110261,LAKE COUNTRY LUTHERAN HIGH SCHOOL,WI,HARTLAND,501915,lutheran high school,RACINE,100,75.47169811320755,f,review,t
01512492,LAKESIDE LUTHERAN HIGH SCHOOL,WI,LAKE MILLS,500688,lakeside lutheran high school,LAKE MILLS,100,100,t,auto_accept,f
01509118,LOURDES ACADEMY HIGH SCHOOL,WI,OSHKOSH,501990,Rio High School,RIO,84.61538461538461,61.904761904761905,f,reject,f
01513306,LUTHER HIGH SCHOOL,WI,ONALASKA,500823,martin luther high school,GREENDALE,100,83.72093023255813,f,review,t
01513656,LUTHER PREPARATORY SCHOOL,WI,WATERTOWN,502382,luther preparatory school,WATERTOWN,100,100,t,auto_accept,f
01513419,MANITOWOC LUTHERAN HIGH SCHOOL,WI,MANITOWOC,501187,manitowoc lutheran high school,MANITOWOC,100,100,t,auto_accept,f
A1504134,MARANATHA BAPTIST ACADEMY,WI,WATERTOWN,501399,Loyola Academy,MILWAUKEE,66.66666666666666,46.15384615384615,f,reject,f
01507507,MARQUETTE UNIVERSITY HIGH SCHOOL,WI,MILWAUKEE,501370,marquette univ high school,MILWAUKEE,89.65517241379311,89.65517241379311,t,auto_accept,f
01512721,MARTIN LUTHER HIGH SCHOOL,WI,GREENDALE,500823,martin luther high school,GREENDALE,100,100,t,auto_accept,f
01510291,MCDONELL CENTRAL CATHOLIC HIGH SCHOOL,WI,CHIPPEWA FALLS,501045,Central High School,LA CROSSE,100,67.85714285714286,f,review,t
01514354,MILWAUKEE LUTHERAN HIGH SCHOOL,WI,MILWAUKEE,501395,milwaukee lutheran high school,MILWAUKEE,100,100,t,auto_accept,f
A1504149,NORTH CEDAR ACADEMY,WI,LADYSMITH,501399,Loyola Academy,MILWAUKEE,66.66666666666666,54.54545454545454,f,reject,f
01512685,NORTHEASTERN WISCONSIN LUTHERAN HIGH SCHOOL,WI,GREEN BAY,501510,wisconsin lutheran hs,MILWAUKEE,100,82.1917808219178,f,review,t
01933557,NORTHLAND LUTHERAN HIGH SCHOOL,WI,KRONENWETTER,501915,lutheran high school,RACINE,100,80,f,review,t
A1904830,NORTHLAND SCHOLARS ACADEMY,WI,DUNBAR,501399,Loyola Academy,MILWAUKEE,66.66666666666666,60,f,reject,f
A9106948,NOTRE DAME DE LA BAIE ACADEMY,WI,GREEN BAY,501399,Loyola Academy,MILWAUKEE,66.66666666666666,46.51162790697675,f,reject,f
01512696,RACINE LUTHERAN HIGH SCHOOL,WI,RACINE,501915,lutheran high school,RACINE,100,85.1063829787234,t,auto_accept,f
01508136,RONCALLI HIGH SCHOOL,WI,MANITOWOC,501188,roncalli high school,MANITOWOC,100,100,t,auto_accept,f
01933579,SHEBOYGAN AREA LUTHERAN HIGH SCHOOL,WI,SHEBOYGAN,501915,lutheran high school,RACINE,100,72.72727272727273,f,review,t
01512583,SHORELAND LUTHERAN HIGH SCHOOL,WI,KENOSHA,501013,shoreland lutheran hs,SOMERS,100,100,f,auto_accept,f
01507096,ST CATHERINES HIGH SCHOOL,WI,RACINE,501990,Rio High School,RIO,84.61538461538461,55.00000000000001,f,reject,f
01506638,ST JOAN ANTIDA HIGH SCHOOL,WI,MILWAUKEE,501990,Rio High School,RIO,84.61538461538461,63.41463414634146,f,reject,f
02122242,ST LAWRENCE SEMINARY HIGH SCHOOL,WI,MOUNT CALVARY,501575,saint lawrence seminary,MOUNT CALVARY,100,76.92307692307692,t,review,t
01509151,ST MARY CATHOLIC HIGH SCHOOL,WI,NEENAH,501990,Rio High School,RIO,84.61538461538461,60.46511627906976,f,reject,f
A2190883,ST THOMAS MORE HIGH SCHOOL,WI,MILWAUKEE,501990,Rio High School,RIO,84.61538461538461,63.41463414634146,f,reject,f
A9703707,TORAH ACADEMY OF MILWAUKEE,WI,GLENDALE,501399,Loyola Academy,MILWAUKEE,66.66666666666666,60,f,reject,f
A1303772,TRANSCENTER FOR YOUTH/EL PUENTE HIGH,WI,MILWAUKEE,501352,El Puente High,MILWAUKEE,100,56.00000000000001,t,reject,f
01514944,WAYLAND ACADEMY,WI,BEAVER DAM,500170,wayland academy,BEAVER DAM,100,100,t,auto_accept,f
01513022,WINNEBAGO LUTHERAN ACADEMY,WI,FOND DU LAC,501399,Loyola Academy,MILWAUKEE,66.66666666666666,50,f,reject,f
01516293,WISCONSIN ACADEMY,WI,COLUMBUS,501508,Wisconsin Career Academy,MILWAUKEE,100,82.92682926829268,f,review,t
01933615,WISCONSIN INSTITUTE FOR TORAH STUDY,WI,MILWAUKEE,500515,Wisconsin School For The Deaf,DELAVAN,62.5,56.25,f,reject,f
01513554,WISCONSIN LUTHERAN HIGH SCHOOL,WI,MILWAUKEE,501510,wisconsin lutheran hs,MILWAUKEE,100,100,t,auto_accept,f
A1904891,WOLF RIVER LUTHERAN HIGH SCHOOL,WI,SHAWANO,501915,lutheran high school,RACINE,100,78.43137254901961,f,review,t
01508817,XAVIER HIGH SCHOOL,WI,APPLETON,500063,xavier high school,APPLETON,100,100,t,auto_accept,f
A9703709,YOUTH INITIATIVE HIGH SCHOOL,WI,VIROQUA,502342,youth initiative high school,VIROQUA,100,100,t,auto_accept,f
A2392176,CENTRAL CATHOLIC HIGH SCHOOL,WV,WHEELING,491400,central catholic high school,WHEELING,100,100,t,auto_accept,f
01489224,ST JOSEPH CATHOLIC HIGH SCHOOL,WV,HUNTINGTON,490750,Man High School,MAN,84.61538461538461,53.333333333333336,f,reject,f
A0903887,JACKSON HOLE COMMUNITY SCHOOL,WY,JACKSON,510207,jackson hole community school,JACKSON,100,100,t,auto_accept,f
