school_id,school_name,address,city,state,zip,county,sector,charter,total_enrollment,enrollment_9_12,grad_rate_2021,crdc_ap_courses,ib_flag_v2,crdc_fte_counselors,county_median_hh_income,county_pct_child_poverty_saipe,nces_id_12,ceeb,rigor_tier_v4,audit_note
1204077,JOHN A. FERGUSON SENIOR HIGH,15900 SW 56TH ST,MIAMI,FL,33185,Miami-Dade County,public,2-No,4291,4291,99.5,22,1.0,7,71753,16,120039004077,101846,Very Demanding,confirmed_absent_geo_audit
1203745,TIMBER CREEK HIGH,1001 AVALON PARK BLVD,ORLANDO,FL,32828,Orange County,public,2-No,3383,3383,99.5,33,0.0,8,79719,16.1,120144003745,101641,Very Demanding,confirmed_absent_geo_audit
3200845,NV Learning Academy J-SHS,3050 E Flamingo Rd,Las Vegas,NV,89121,Clark County,public,2-No,3352,1962,92,16,0.0,5,76472,15.3,320006000845,,,"likely_in_nu_list_manual_review (Academy Individualized Study, co-located)"
4811973,JOHNSON H S,23203 BULVERDE RD,SAN ANTONIO,TX,78259,Bexar County,public,2-No,3196,3196,95,21,0.0,8,72341,17.1,483294011973,446093,Demanding,likely_in_nu_list_manual_review (Claudia Taylor Ladybird Johnson)
1204091,NEWSOME HIGH SCHOOL,16550 FISHHAWK BLVD,LITHIA,FL,33547,Hillsborough County,public,2-No,3157,3157,99.5,22,0.0,8,79540,13.5,120087004091,100957,Very Demanding,confirmed_absent_geo_audit
0801951,Cherokee Trail High School,25901 ARAPAHOE PARKWAY,AURORA,CO,80016,Arapahoe County,public,2-No,3089,3089,95,21,1.0,9.3999996,101087,9.8,080291001951,060086,Demanding,confirmed_absent_geo_audit
4809266,CYPRESS RIDGE H S,7900 N ELDRIDGE PKWY,HOUSTON,TX,77041,Harris County,public,2-No,2861,2861,91,24,0.0,8.7399998,74983,22.6,481611009266,443535,Demanding,confirmed_absent_geo_audit
1303376,Mill Creek High School,4400 Braselton Hwy,Hoschton,GA,30548,Gwinnett County,public,2-No,2782,2782,93,27,0.0,8,87890,13.6,130255003376,111653,Demanding,
0610605,Los Osos High,6001 Milliken Ave.,Rancho Cucamonga,CA,91737,San Bernardino County,public,2-No,2759,2759,95,17,0.0,7,85478,16.7,060816010605,052987,Average,
0806548,Astravo Online Academy High School,444 E FRONT STREET,BYERS,CO,80103,Arapahoe County,public,2-No,2750,2750,48,13,0.0,0,101087,9.8,080270006548,060320,Below Average,
4808559,FOSTER H S,4400 FM 723,RICHMOND,TX,77406,Fort Bend County,public,2-No,2747,2747,97,27,0.0,5,114041,8.8,482658008559,445856,Demanding,
4803445,LEGACY H S,3500 NEELY AVE,MIDLAND,TX,79707,Midland County,public,2-No,2735,2735,89,21,0.0,7.5,92874,13.2,483057003445,444743,Average,
4813294,PREMIER H S ONLINE,1301 WATERS RIDGE DR,LEWISVILLE,TX,75057,Denton County,public,1-Yes,2728,2728,41,8,0.0,2.7,111498,6.4,480020713294,444154,Below Average,
1203868,EAST RIDGE HIGH SCHOOL,13322 EXCALIBUR RD,CLERMONT,FL,34711,Lake County,public,2-No,2683,2683,98,26,0.0,6,73161,11.5,120105003868,100247,Demanding,
0402357,Sandra Day O'Connor High School,25250 N. 35th Avenue,Glendale,AZ,85310,Maricopa County,public,2-No,2658,2658,98,21,0.0,6,89300,12.4,040775002357,030173,Demanding,
4813905,SOTOMAYOR H S,12801 TALL TIMBER LN,SAN ANTONIO,TX,78254,Bexar County,public,2-No,2627,2627,,,,,72341,17.1,483312013905,446902,Average,
1701519,Comm H S Dist 99 - South High Sch,1436 Norfolk St,Downers Grove,IL,60516,DuPage County,public,2-No,2591,2591,,11,0.0,11,112096,5,171257001519,141631,Demanding,
2609037,Link Learning Virtual Program,9057 W BELDING RD,BELDING,MI,48809,Ionia County,public,2-No,2526,2526,,,,,75611,11.2,260543009037,,,
4809436,VISTA RIDGE H S,200 S VISTA RDG,CEDAR PARK,TX,78613,Williamson County,public,2-No,2480,2480,98,27,0.0,6.3699999,111340,5,482703009436,441176,Demanding,
2000344,East High,2301 E Douglas,Wichita,KS,67211,Sedgwick County,public,2-No,2435,2434,85,8,1.0,5,69365,14.1,201299000344,173206,Average,
1703458,Rich Township High School,3600 W 203rd St,Olympia Fields,IL,60461,Cook County,public,2-No,2433,2433,,17,1.0,12,83498,17.3,173342003458,143293,Average,
4808562,GEORGE BUSH H S,6707 FM 1464,RICHMOND,TX,77407,Fort Bend County,public,2-No,2428,2428,89,20,0.0,7,114041,8.8,481965008562,443531,Demanding,
2200585,Bonnabel Magnet Academy High School,2801 Bruin Drive,Kenner,LA,70065,Jefferson Parish,public,2-No,2376,2376,61,,0.0,4,65252,24.4,220084000585,191776,Average,
1204026,WEST BOCA RATON HIGH SCHOOL,12811 GLADES RD,BOCA RATON,FL,33498,Palm Beach County,public,2-No,2376,2376,98,24,0.0,6,83581,14.1,120150004026,100194,Demanding,
0608546,OCSA,1010 North Main St.,Santa Ana,CA,92701,Orange County,public,1-Yes,2346,1806,98,20,0.0,6,116289,11.1,060228408546,,,
2502268,Gr Lowell Regional Vocational Technical,250 Pawtucket Blvd,Tyngsborough,MA,1879,Middlesex County,public,2-No,2314,2297,96,8,0.0,19,130847,7.6,250548002268,221220,Below Average,
4803645,LEGACY OF EDUCATIONAL EXCELLENCE H S,1400 JACKSON KELLER RD,SAN ANTONIO,TX,78213,Bexar County,public,2-No,2285,2285,81,31,0.0,7,72341,17.1,483294003645,446203,Demanding,
3702326,Julius L. Chambers High School,7600 IBM Dr,Charlotte,NC,28262,Mecklenburg County,public,2-No,2225,2225,77,17,0.0,6,87005,14.1,370297002326,340708,Below Average,
0603387,Taft Charter High,5461 Winnetka Ave.,Woodland Hills,CA,91364,Los Angeles County,public,1-Yes,2221,2221,94,21,0.0,8,90112,16.2,062271003387,053806,Demanding,
2701535,ST. MICHAEL-ALBERTVILLE SENIOR HIGH,5800 JAMISON AVE NE,SAINT MICHAEL,MN,55376,Wright County,public,2-No,2204,2204,96,12,0.0,3,107209,4.6,273379001535,242209,Average,
1801835,William Henry Harrison High School,5701 N 50 W,West Lafayette,IN,47906,Tippecanoe County,public,2-No,2194,2193,93,3,0.0,8,60636,10.6,181134001835,151915,Demanding,
1202325,TAMPA BAY TECH HIGH SCHOOL,6410 ORIENT RD,TAMPA,FL,33610,Hillsborough County,public,2-No,2181,2181,99.5,16,0.0,4,79540,13.5,120087002325,101732,Average,
0601762,Roosevelt High,4250 East Tulare St.,Fresno,CA,93702,Fresno County,public,2-No,2175,2175,88,17,0.0,9,74201,24.5,061455001762,050995,Below Average,
1703585,Jefferson High School,4145 Samuelson Rd,Rockford,IL,61109,Winnebago County,public,2-No,2173,2173,,4,0.0,6,65837,19.7,173451003585,143712,Below Average,
3200950,Acceleration Academy,2020 W. Craig Road Suite 301,North Las Vegas,NV,89032,Clark County,public,2-No,2092,2064,7,,0.0,5,76472,15.3,320006000950,,,
0403742,Pima County Schools Superintendent's Diploma Program,130 W CONGRESS ST FL 4,TUCSON,AZ,85701,Pima County,public,2-No,2058,2058,,,0.0,0,70315,16.7,040536003742,,,
1203429,MANATEE SCHOOL FOR THE ARTS,700 HABEN BLVD,PALMETTO,FL,34221,Manatee County,public,1-Yes,2051,1049,91,5,0.0,5,78457,12.7,120123003429,101766,Average,
2000346,North High,1437 Rochester,Wichita,KS,67203,Sedgwick County,public,2-No,2041,2041,80,10,0.0,5.5,69365,14.1,201299000346,173207,Average,
1704071,West Chicago Comm High School,326 Joliet St,West Chicago,IL,60185,DuPage County,public,2-No,2040,2040,,23,0.0,6,112096,5,174044004071,144350,Demanding,
4500568,J. L. Mann High Academy,160 Fairforest Way,Greenville,SC,29607,Greenville County,public,2-No,2013,2013,87,31,0.0,8,76932,12,450231000568,410899,Demanding,
2902795,LEE'S SUMMIT WEST HIGH,2600 SW WARD RD,LEE'S SUMMIT,MO,64082,Jackson County,public,2-No,1999,1999,97,7,1.0,5,68577,16,291830002795,261903,Average,
0611503,John H. Pitman High,2525 West Christoffersen Pkwy.,Turlock,CA,95382,Stanislaus County,public,2-No,1986,1986,94,23,0.0,8,81468,18.3,060015811503,053644,Average,
2901481,LEE'S SUMMIT NORTH HIGH,901 NE DOUGLAS ST,LEE'S SUMMIT,MO,64086,Jackson County,public,2-No,1940,1940,93,5,1.0,5,68577,16,291830001481,261901,Average,
3601915,AVIATION CAREER AND TECHNICAL EDUCATION HIGH SCHOOL,45-30 36TH ST,LONG ISLAND CITY,NY,11101,Queens County,public,2-No,1924,1923,99.5,,,,86136,14.9,360009801915,,,
4200691,Council Rock HS South,2002 Rock Way,Holland,PA,18966,Bucks County,public,2-No,1921,1921,97,19,0.0,8,114764,6.3,420696000691,391790,Average,
1700339,A B Shepard High Sch (Campus),13049 S Ridgeland Ave,Palos Heights,IL,60463,Cook County,public,2-No,1916,1916,,24,0.0,9,83498,17.3,170654000339,143356,Average,
4702038,Siegel High School,3300 Siegel RD,Murfreesboro,TN,37129,Rutherford County,public,2-No,1910,1910,96,18,0.0,4,85470,12.2,470369002038,431637,Average,
4821345,ROWE H S,2101 N WARE RD,MC ALLEN,TX,78501,Hidalgo County,public,2-No,1905,1905,99.5,21,1.0,10,54338,32.3,482967021345,444599,Average,
1601158,OWYHEE HIGH SCHOOL,3650 NORTH OWYHEE STORM AVENUE,MERIDIAN,ID,83646,Ada County,public,2-No,1884,1884,,11,0.0,4.02,91502,6.8,160210001158,,,
0402195,Cienega High School,12775 E MARY ANN CLEVELAND WAY,VAIL,AZ,85641,Pima County,public,2-No,1881,1881,96,20,0.0,7.71,70315,16.7,040885002195,030541,Demanding,
3400034,Atlantic County Institute of Technology,5080 ATLANTIC AVENUE,MAYS LANDING,NJ,8330,Atlantic County,public,2-No,1852,1852,98,13,0.0,5,78050,14.5,340099000034,310780,Average,
1700342,DD Eisenhower High Sch (Campus),12700 Sacramento Ave,Blue Island,IL,60406,Cook County,public,2-No,1818,1818,,23,0.0,9,83498,17.3,170654000342,140345,Average,
4808776,CHAPIN H S,7000 DYER ST,EL PASO,TX,79904,El Paso County,public,2-No,1766,1766,82,22,0.0,4.8600001,59806,23,481830008776,442208,Demanding,
2101705,Louisville Male High,4409 Preston Highway,Louisville,KY,40213,Jefferson County,public,2-No,1763,1763,99.5,21,0.0,4,69866,18.6,210299001705,181580,Average,
3904605,Pickerington High School North,7800 Refugee Rd,Pickerington,OH,43147,Fairfield County,public,2-No,1761,1761,95,26,0.0,4,90966,8.8,390468904605,365013,Very Demanding,
1300987,Riverwood International Charter School,5900 Raider Dr,Atlanta,GA,30328,Fulton County,public,2-No,1737,1737,93,19,1.0,5,95292,12.8,130228000987,110216,Demanding,
1204368,DUNBAR HIGH SCHOOL,3800 E EDISON AVE,FORT MYERS,FL,33916,Lee County,public,2-No,1734,1734,92,7,1.0,6,76107,13,120108004368,100594,Demanding,
4200785,Central Bucks HS-South,1100 Folly Road,Warrington,PA,18976,Bucks County,public,2-No,1719,1719,,,,,,,,391315,Average,
4200706,Downingtown HS East Campus,50 Devon Drive,Exton,PA,19341,Chester County,public,2-No,1708,1708,98,32,0.0,7,127208,6,420771000706,391341,Demanding,
1700343,H L Richards High Sch(Campus),10601 Central Ave,Oak Lawn,IL,60453,Cook County,public,2-No,1702,1702,,23,0.0,4,83498,17.3,170654000343,143228,Demanding,
4701641,Wilson Central High School,419 Wildcat Way,Lebanon,TN,37090,Wilson County,public,2-No,1686,1686,97,26,0.0,4,95839,8.2,470455001641,431179,Demanding,
4901387,Vista Heights Middle,484 W PONY EXPRESS PARKWAY,SARATOGA SPRINGS,UT,84045,Utah County,public,2-No,1671,540,,,,,,,,,,
3200734,Nevada Virtual Charter School,8645 S. Eastern Ave. Suite 100,Las Vegas,NV,89123,Clark County,public,1-Yes,1625,1102,86,3,0.0,7,76472,15.3,320000100734,290243,Below Average,
4104191,West Salem High School,1776 Titan Way,Salem,OR,97304,Polk County,public,2-No,1606,1606,93,14,0.0,4,85118,11.6,411082004191,381056,Average,
0101682,HewittTrussville High School,6450 Husky Parkway,Trussville,AL,35173,Jefferson County,public,2-No,1571,1571,98,21,0.0,4,66388,18.7,010001301682,,,
1100396,Columbia Heights Education Campus,3101 16th St. NW,Washington,DC,20010,District of Columbia,public,2-No,1563,1028,80,15,0.0,12,109870,24.9,110003000396,,,
5500429,Memorial High,2220 Fairfax St,Eau Claire,WI,54701,Eau Claire County,public,2-No,1558,1558,92,14,0.0,6,74546,10.1,550405000429,500575,Demanding,
0403317,Odyssey Institute for Advanced and International Studies,1495 S VERRADO WAY,BUCKEYE,AZ,85326,Maricopa County,public,1-Yes,1553,759,97.5,,1.0,2.5,89300,12.4,040080003317,,,
2902844,TIMBERLAND HIGH,559 E HWY N,WENTZVILLE,MO,63385,St. Charles County,public,2-No,1525,1525,95,34,0.0,5,104692,6.2,293165002844,263591,Demanding,
4200679,Pocono Mountain West HS,181 Panther Lane,Pocono Summit,PA,18346,Monroe County,public,2-No,1501,1501,95,18,0.0,7,83565,15.5,421950000679,394052,Below Average,
5303190,Cavelero Mid High School,8220 24th St SE,Lake Stevens,WA,98258,Snohomish County,public,2-No,1490,734,,,,,,,,481351,Below Average,
2901394,SOUTH HIGH,801 HANNA RD,MANCHESTER,MO,63021,St. Louis County,public,2-No,1485,1485,90,25,0.0,6,82936,12.5,292358001394,260129,Demanding,
1304203,Foothills Regional High School,2415 Jefferson Rd Ste B,Athens,GA,30607,Clarke County,public,2-No,1475,1475,8,,0.0,8.4099998,53625,23.7,130023504203,,,
0806866,Timnath Middle-High School,4700 EAST PROSPECT ROAD,TIMNATH,CO,80535,Larimer County,public,2-No,1456,795,,,,,93765,6.9,080399006866,060685,Average,
4201453,West Chester Henderson HS,400 Montgomery Ave,West Chester,PA,19380,Chester County,public,2-No,1444,1444,96,24,0.0,6.5,127208,6,422529001453,395170,Demanding,
2901404,WEST HIGH,14653 CLAYTON RD,BALLWIN,MO,63011,St. Louis County,public,2-No,1417,1417,93,25,0.0,5,82936,12.5,292358001404,260128,Demanding,
3200609,Odyssey Charter Schools 9-12 HS,2251 S Jones Blvd,Las Vegas,NV,89146,Clark County,public,1-Yes,1404,1404,92,10,0.0,4,76472,15.3,320006000609,290188,Average,
3605839,SMITHTOWN HIGH SCHOOL EAST,10 SCHOOL ST,SAINT JAMES,NY,11780,Suffolk County,public,2-No,1403,1403,98,25,0.0,7.5,130686,6.8,362706005839,335001,Demanding,
4702423,Valor Flagship Academy,4527 Nollensville RD,Nashville,TN,37211,Davidson County,public,1-Yes,1402,890,,10,0.0,0.5,77853,17.3,470318002423,,,
4710473,James Lawson High School,8001 Highway 70S,Nashville,TN,37221,Davidson County,public,2-No,1393,1393,,,,,77853,17.3,470318010473,,,
1300588,CA Gray Junior High School,812 11th Ave NW,Moultrie,GA,31768,Colquitt County,public,2-No,1389,703,,,,,,,,,,
2600838,West Senior High,5376 N LONG LAKE RD,TRAVERSE CITY,MI,49685,Grand Traverse County,public,2-No,1384,1384,95,22,0.0,6,81647,8.5,263387000838,233587,Demanding,
2601289,Walled Lake Northern High School,6000 BOGIE LAKE RD,COMMERCE TOWNSHIP,MI,48382,Oakland County,public,2-No,1383,1383,94,18,0.0,3,97760,7.2,263516001289,230689,Demanding,
3602513,RIVERDALE/KINGSBRIDGE ACADEMY (MS/HS 141),660 W 237TH ST,BRONX,NY,10463,Bronx County,public,2-No,1383,681,92,,,,48676,38,360008702513,330938,,
2502283,Northeast Metro Regional Vocational,100 Hemlock Rd,Wakefield,MA,1880,Middlesex County,public,2-No,1381,1381,99.5,9,0.0,8,130847,7.6,250896002283,222171,Below Average,
0100469,ClayChalkville High School,6623 Roe Chandler Rd,Pinson,AL,35126,Jefferson County,public,2-No,1377,1377,91,12,0.0,3,66388,18.7,010192000469,010689,Average,
1302479,Martin Luther King- Jr. High School,3991 Snapfinger Rd,Lithonia,GA,30038,DeKalb County,public,2-No,1370,1370,77,2,1.0,4,80644,15.1,130174002479,111843,Average,
2401313,Digital Harbor High School,1100 Covington Street,Baltimore,MD,21230,Baltimore city,public,2-No,1359,1359,66,10,0.0,5,62177,22.8,240009001313,210067,Average,
4500347,Colleton County High,150 Cougar Nation Drive,Walterboro,SC,29488,Colleton County,public,2-No,1352,1352,75,,0.0,6,51114,26.5,450183000347,,,
3606784,PADILLA HIGH SCHOOL,950 NORTON ST,ROCHESTER,NY,14621,Monroe County,public,2-No,1342,1342,,,,,76382,15.5,362475006784,334970,Very Demanding,
1705622,Lakes Community High School,1600 Eagle Way,Lake Villa,IL,60046,Lake County,public,2-No,1334,1334,,24,0.0,5,110416,8.3,170387005622,142524,Demanding,
7201102,BERNARDINO CORDERO BERNARD,CARR 488 AVE JUAN B ROMAN,PONCE,PR,731,Ponce Municipio,public,2-No,1323,1323,86,,0.0,2,,,720003001102,,,
1203703,WEST FLORIDA HIGH SCHOOL/TECHNICAL,150 E BURGESS RD,PENSACOLA,FL,32503,Escambia County,public,2-No,1322,1322,99.5,10,0.0,3,67500,22.3,120051003703,101797,Demanding,
0403652,Mica Mountain High,10800 E Valencia,Tucson,AZ,85747,Pima County,public,2-No,1319,1319,,7,0.0,2.3,70315,16.7,040885003652,,,
2000349,West High,820 S Osage,Wichita,KS,67213,Sedgwick County,public,2-No,1306,1306,75,3,0.0,5,69365,14.1,201299000349,173209,Average,
1303553,Gwinnett School of Mathematics- Science and Technology,970 Mcelvaney Ln,Lawrenceville,GA,30044,Gwinnett County,public,2-No,1304,1304,99.5,23,0.0,3,87890,13.6,130255003553,111140,Very Demanding,
4900075,Oak Canyon Jr High,111 S 725 E,LINDON,UT,84042,Utah County,public,2-No,1295,438,,,,,,,,,,
1204083,NATURE COAST TECHNICAL HIGH,4057 CALIFORNIA ST,BROOKSVILLE,FL,34604,Hernando County,public,2-No,1293,1290,94,17,0.0,3,66058,13.2,120081004083,100189,Demanding,
0101035,Percy Julian High School,225 Ann St,Montgomery,AL,36107,Montgomery County,public,2-No,1282,1282,79,3,0.0,3,59386,26.8,010243001035,011900,Average,
3800855,FARGO DAVIES HIGH SCHOOL,7150 25th St S,Fargo,ND,58104,Cass County,public,†,1277,1277,96,17,0.0,5,75555,10.5,380678000855,351845,Demanding,
3200460,West Preparatory Institute J-SHS,2050 Sapphire Stone Ave,Las Vegas,NV,89106,Clark County,public,2-No,1276,339,97.5,6,0.0,5,76472,15.3,320006000460,,,
3403039,Admiral William F. Halsey Jr. Health & Public Safety Academy,641 South Street,Elizabeth,NJ,7202,Union County,public,2-No,1272,1272,66,6,0.0,6,103202,11.3,340459003039,,,
4901604,West Field High School,2007 S 4300 West,OGDEN,UT,84401,Weber County,public,2-No,1257,1257,,,,,,,,450400,Demanding,
3604865,THOMAS HIGH SCHOOL,800 FIVE MILE LINE RD,WEBSTER,NY,14580,Monroe County,public,2-No,1256,1228,97,22,0.0,6,76382,15.5,363036004865,335859,Demanding,
2100730,Central High Magnet Career Academy,1130 West Chestnut Street,Louisville,KY,40203,Jefferson County,public,2-No,1256,1250,97,12,0.0,3,69866,18.6,210299000730,181520,Average,
4001526,UNION HS FRESHMAN ACADEMY,7616 South Garnett Road,Broken Arrow,OK,74012,Tulsa County,public,2-No,1242,1242,,,,,,,,370475,Demanding,
1802660,Indiana Digital Alternative School,8707 W HWY US 36,Modoc,IN,47358,Randolph County,public,2-No,1238,1238,29,,0.0,1,60791,22.7,181173002660,150207,Below Average,
A1700151,C4L ACADEMY,16220 SCIENTIFIC,IRVINE,CA,92618,ORANGE,private,,1237,1237,,,0.0,,116289,11.1,,052931,Average,
3903189,Fitch High School,4560 Falcon Dr,Youngstown,OH,44515,Mahoning County,public,2-No,1235,1235,94,,0.0,4,56942,26.4,390482903189,365695,Average,
1701139,Steinmetz College Prep HS,3030 N Mobile Ave,Chicago,IL,60634,Cook County,public,2-No,1230,1230,,3,1.0,6,83498,17.3,170993001139,141305,Below Average,
4002788,OKLA VIRTUAL CHARTER ACAD HS,1117 S Douglas Blvd Suite F,Midwest City,OK,73130,Oklahoma County,public,1-Yes,1229,1229,67,5,0.0,3,66679,20.1,400077802788,,,
3702570,Jay M Robinson High,300 Pitts School Road SW,Concord,NC,28027,Cabarrus County,public,2-No,1210,1210,87,15,0.0,4,89005,9.3,370053002570,340890,Average,
3906004,Ohio Digital Learning School,1745 Indian Wood Cir Ste 110,Maumee,OH,43537,Lucas County,public,1-Yes,1198,1198,40,,0.0,3,62224,20.5,390161506004,,,
4203808,Masterman Julia R Sec Sch,1699 Spring Garden St,Philadelphia,PA,19130,Philadelphia County,public,2-No,1183,496,97.5,13,0.0,4,61953,28.9,421899003808,393356,Very Demanding,
0800551,Wellington Middle-High School,4001 WILSON AVENUE,WELLINGTON,CO,80549,Larimer County,public,2-No,1173,582,,,,2.2,93765,6.9,080399000551,060685,Average,
1200772,FRANK H. PETERSON ACADEMIES,7450 WILSON BLVD,JACKSONVILLE,FL,32210,Duval County,public,2-No,1167,1167,97,6,0.0,2,71277,13.4,120048000772,100802,Average,
3601821,ATLAS,28-01 41ST AVE,LONG ISLAND CITY,NY,11101,Queens County,public,2-No,1162,1159,81,,,,86136,14.9,360010201821,,,
5301513,Dr. Dolores Silas High School,1202 N Orchard St,Tacoma,WA,98406,Pierce County,public,2-No,1160,1160,,9,0.0,3,99564,10.9,530870001513,481403,Average,
2401185,Winters Mill High,560 Gorsuch Road,Westminster,MD,21157,Carroll County,public,2-No,1156,1156,93,18,0.0,5,118211,4.5,240021001185,211081,Average,
A1904530,BISHOP DENIS J. OCONNELL HIGH SCHOOL,6600 LITTLE FALLS RD,ARLINGTON,VA,22213,ARLINGTON,private,,1155,1155,,,0.0,,142114,7.1,,,,
5101255,Manor High,1401 Elmhurst Ln,Portsmouth,VA,23701,Portsmouth city,public,2-No,1149,1149,73,3,0.0,5,60491,23.1,510300001255,471758,Below Average,
2502257,Assabet Valley Vocational High School,215 Fitchburg Street,Marlborough,MA,1752,Middlesex County,public,2-No,1144,1144,99.5,9,0.0,10,130847,7.6,250211002257,221333,Below Average,
7200414,SUPERIOR VOCACIONAL DE ARECIBO,12 BO SANTANA SECT LOS LLANOS,ARECIBO,PR,614,Arecibo Municipio,public,2-No,1120,1120,86,3,0.0,4,,,720003000414,,,
3800254,CENTRAL HIGH SCHOOL,115 N 4th St,Grand Forks,ND,58203,Grand Forks County,public,†,1115,1115,94,10,0.0,4,68075,9.6,380813000254,350750,Average,
2606544,ReethsPuffer High School,1545 N ROBERTS RD,MUSKEGON,MI,49445,Muskegon County,public,2-No,1107,1107,94,12,0.0,4,65024,22.6,262954006544,232708,Average,
0612439,Ramon C. Cortines School of Visual and Performing Arts,450 North Grand Ave.,Los Angeles,CA,90012,Los Angeles County,public,2-No,1102,1102,95,15,0.0,4,90112,16.2,062271012439,054376,Average,
0613857,Alliance Marine - Innovation and Technology 6-12 Complex,11933 Allegheny St.,Sun Valley,CA,91352,Los Angeles County,public,1-Yes,1100,590,95,10,0.0,5,90112,16.2,060183513857,,,
3903364,Stebbins High School,1900 Harshman Rd,Dayton,OH,45424,Montgomery County,public,2-No,1092,1092,79,,0.0,4,66139,18.8,390487003364,361831,Average,
2605014,Escanaba JuniorSenior High School,500 S LINCOLN RD,ESCANABA,MI,49829,Delta County,public,2-No,1089,620,87,7,0.0,2,57809,13.8,261350005014,231368,Average,
1210697,ANGELINE ACADEMY OF INNOVATION,8916 ANGELINE SCHOOL WAY,LAND O LAKES,FL,34638,Pasco County,public,2-No,1088,326,,,,,70492,11.8,120153010697,,,
1200849,GADSDEN COUNTY HIGH SCHOOL,27001 BLUE STAR HWY,HAVANA,FL,32333,Gadsden County,public,2-No,1086,1086,83,4,0.0,5,48801,26.4,120060000849,100595,Demanding,
3703641,Southeast Alamance High,3400 S Hwy 119,Haw River,NC,27258,Alamance County,public,2-No,1079,1079,,,,,65651,18.7,370003003641,,,
2701603,Johnson Senior High,1349 ARCADE ST,SAINT PAUL,MN,55106,Ramsey County,public,2-No,1076,1076,78,7,0.0,5,81568,12.9,273384001603,242265,Average,
3605899,HIGH SCHOOL-CONSTRUCTION TRADES ENGINEERING & ARCHITECTURE,94-06 104TH ST,OZONE PARK,NY,11416,Queens County,public,2-No,1074,1073,98,,,,86136,14.9,360012305899,,,
1303332,Miller Grove High School,2645 Dekalb Medical Pkwy,Lithonia,GA,30058,DeKalb County,public,2-No,1073,1073,77,3,0.0,3.78,80644,15.1,130174003332,110815,Average,
1706440,Noble St Chtr-Chicago Bulls Prep,2040 W Adams St,Chicago,IL,60612,Cook County,public,1-Yes,1060,1060,,11,0.0,0,83498,17.3,170993006440,,,
2705301,Rock Ridge High School,1403 PROGRESS PKWY,VIRGINIA,MN,55792,St. Louis County,public,2-No,1048,684,97.5,4,0.0,3,70069,9.2,270046605301,242738,Demanding,
4207414,Mastery CS-Gratz Campus,1798 West Hunting Park Avenue,Philadelphia,PA,19140,Philadelphia County,public,1-Yes,1048,767,84,4,0.0,1,61953,28.9,420085107414,,,
1706282,Back of The Yards IB HS,2111 W 47th St,Chicago,IL,60609,Cook County,public,2-No,1039,1039,,6,1.0,4,83498,17.3,170993006282,140940,Average,
7200903,SUPERIOR OCUPACIONAL Y TECNICA DE YAUCO,CARR 368 KM O HM 12,YAUCO,PR,698,Yauco Municipio,public,2-No,1037,1037,93,3,0.0,2,,,720003000903,,,
0610851,Alliance Gertz-Ressler Richard Merkin 6-12 Complex,2023 South Union Ave.,Los Angeles,CA,90007,Los Angeles County,public,1-Yes,1031,581,97.5,14,0.0,3.04,90112,16.2,060217610851,,,
4200502,Freire CS,2027 Chestnut Street,Philadelphia,PA,19103,Philadelphia County,public,1-Yes,1024,539,87,3,0.0,1,61953,28.9,420006000502,393313,Demanding,
2902208,EMIL E. HOLT SR. HIGH,600 CAMPUS DR,WENTZVILLE,MO,63385,St. Charles County,public,2-No,1022,1022,94,27,0.0,4,104692,6.2,293165002208,263590,Average,
3902116,Marion L Steele High School,450 Washington St,Amherst,OH,44001,Lorain County,public,2-No,1014,1014,95,11,0.0,3,73347,14.5,390451902116,360145,Demanding,
1702031,Brooks College Prep Academy HS,250 E 111th St,Chicago,IL,60628,Cook County,public,2-No,1007,888,,18,0.0,4,83498,17.3,170993002031,141297,Very Demanding,
4501809,South Carolina Preparatory Leadership School,1650 E Greenville Street Suite H,Anderson,SC,29621,Anderson County,public,1-Yes,1005,756,,,,,66651,16.4,450391901809,,,
4203883,North Schuylkill JSHS,15 Academy Lane Route 61,Ashland,PA,17921,Schuylkill County,public,2-No,1003,656,82,7,0.0,3,68313,16.9,421011003883,390125,Below Average,
4200597,21st Century Cyber CS,1245 Wrights Lane,West Chester,PA,19380,Chester County,public,1-Yes,996,846,69,10,0.0,6,127208,6,420009100597,391348,Below Average,
1902222,Timberline School,2605 SE LA Grant Parkway,Waukee,IA,50263,Dallas County,public,2-No,992,509,,,,,,,,,,
4400029,Chariho High School,453 Switch Road,Wood River Junction,RI,2894,Washington County,public,2-No,991,991,88,18,0.0,6,106638,6.9,440015000029,400270,Demanding,
2901393,NORTH HIGH,12860 FEE FEE RD,ST LOUIS,MO,63146,St. Louis County,public,2-No,990,990,92,23,0.0,5,82936,12.5,292358001393,260594,Demanding,
4811452,DAVINCI SCHOOL FOR SCIENCE AND THE ARTS,785 SOUTHWESTERN DR,EL PASO,TX,79912,El Paso County,public,1-Yes,982,635,95,12,0.0,1,59806,23,480003711452,441866,Below Average,
4812813,KIPP CONNECT PREPARATORY,6700 BELLAIRE BLVD,HOUSTON,TX,77074,Harris County,public,1-Yes,979,587,,,,0,74983,22.6,480026412813,441850,Average,
A0300071,NOTRE DAME PREPARATORY,9701 E BELL RD,SCOTTSDALE,AZ,85260,MARICOPA,private,,975,975,,,0.0,,89300,12.4,,030392,Average,
1706515,Noble St Chtr-UIC College Prep,1231 S Damen Ave,Chicago,IL,60608,Cook County,public,1-Yes,957,957,,7,0.0,0,83498,17.3,170993006515,,,
0403324,Arizona Insight Academy,5323 N 99TH AVE STE 210,GLENDALE,AZ,85305,Maricopa County,public,1-Yes,955,801,41,,0.0,2,89300,12.4,040043203324,030656,Average,
1200119,EDGEWOOD JR/SR HIGH SCHOOL,180 E MERRITT AVE,MERRITT ISLAND,FL,32953,Brevard County,public,2-No,942,600,97.5,23,0.0,3,78476,12.6,120015000119,101853,Very Demanding,
1705044,J Sterling Morton Freshman Cntr,1801 S 55th Ave,Cicero,IL,60804,Cook County,public,2-No,941,941,,,,,,,,,,
2502680,Hampden Charter School of Science,20 Johnson Rd,Chicopee,MA,1022,Hampden County,public,1-Yes,938,494,95,14,0.0,2.4000001,71306,21.1,250052202680,,,
4812693,YES PREP - 5TH WARD,1305 BENSON ST,HOUSTON,TX,77020,Harris County,public,1-Yes,933,472,97.5,11,0.0,3,74983,22.6,480020912693,,,
7800013,St. Croix Educational Complex High School,RR2 KINGSHILL,Saint Croix,VI,851,St. Croix Island,public,†,932,932,,,,,,,780000200013,,,
4206025,Mastery CS-Pickett Campus,5700 Wayne Avenue,Philadelphia,PA,19144,Philadelphia County,public,1-Yes,929,508,92,6,0.0,1,61953,28.9,420076106025,,,
4200843,Achievement House CS,102 Pickering Way,Exton,PA,19341,Chester County,public,1-Yes,927,857,49,,0.0,3,127208,6,420012800843,390479,Below Average,
7201828,DRA. MARIA SOCORRO LACOT,AVE ALBIZU CAMPOS,GUAYAMA,PR,784,Guayama Municipio,public,2-No,927,927,90,1,0.0,2,,,720003001828,,,
4206822,Franklin LC,616 N 15th St,Philadelphia,PA,19130,Philadelphia County,public,2-No,918,918,82,12,0.0,2,61953,28.9,421899006822,393311,Average,
2604373,CarmanAinsworth High School,1300 N LINDEN RD,FLINT,MI,48532,Genesee County,public,2-No,914,914,81,6,0.0,3,62281,24.3,260789004373,231473,Average,
1902186,Southview Middle School,1020 SW Cherry St,Ankeny,IA,50023,Polk County,public,2-No,913,469,,,,,,,,,,
3900319,Gilbert A. Dater High School,2146 Ferguson Rd,Cincinnati,OH,45238,Hamilton County,public,2-No,911,642,62,6,1.0,5,72470,17.3,390437500319,360983,Very Demanding,
2606580,Van Hoosen Middle School,1339 N ADAMS RD,ROCHESTER HILLS,MI,48306,Oakland County,public,2-No,906,0,,,,2.5,97760,7.2,262994006580,,,
0606781,Lakeview Leadership Academy,12484 Tamarisk Rd.,Victorville,CA,92395,San Bernardino County,public,2-No,901,209,84.5,,0.0,3,85478,16.7,063697206781,,,
0614675,Emerald High,3600 Central Pkwy.,Dublin,CA,94568,Alameda County,public,2-No,900,900,,,,,129367,7.3,060001914675,,,
0402795,Great Hearts Academies - Scottsdale Prep,16537/16576 N. 92nd Street,Scottsdale,AZ,85260,Maricopa County,public,1-Yes,898,362,97.5,,0.0,1,89300,12.4,040074702795,,,
3405906,County Prep High School,525 MONTGOMERY STREET,JERSEY CITY,NJ,7306,Hudson County,public,2-No,892,892,98,10,0.0,6,91795,23.4,340757005906,310603,Average,
4803431,LEGACY FRESHMAN H S,1400 E OAK AVE,MIDLAND,TX,79705,Midland County,public,2-No,890,890,,,,,,,,443743,,
1304279,Perry Career Academy - Eula Wilburn Ponds Perry Center for,137 Spring St,Jonesboro,GA,30236,Clayton County,public,2-No,887,887,35,,0.0,4,59806,24.6,130123004279,,,
A9501244,IMMACULATA-LA SALLE HIGH SCHOOL,3601 S MIAMI AVE,MIAMI,FL,33133,MIAMI-DADE,private,,886,886,,,0.0,,71753,16,,,,
4702643,Eagleton College and Career Academy,2610 Cinema DR,Maryville,TN,37804,Blount County,public,2-No,886,472,,,0.0,1,77365,9.3,470030002643,,,
0403271,Great Hearts Academies - Trivium Prep,2001 N BULLARD AVE,GOODYEAR,AZ,85395,Maricopa County,public,1-Yes,882,385,97.5,,0.0,1,89300,12.4,040085103271,,,
1706500,CICS - Northtown  Campus,3900 W Peterson Ave,Chicago,IL,60659,Cook County,public,1-Yes,878,878,,8,0.0,4,83498,17.3,170993006500,140691,Average,
4002792,INSIGHT SCHOOL OF OKLA HS,1117 S Douglas Blvd,Midwest City,OK,73130,Oklahoma County,public,1-Yes,877,877,45,,0.0,5,66679,20.1,400078502792,,,
3200742,Coral Academy Sandy Ridge,1051 Sandy Ridge Ave,Henderson,NV,89052,Clark County,public,1-Yes,872,674,97.5,24,0.0,3,76472,15.3,320000100742,290216,Demanding,
4813413,ILTEXAS KATY WESTPARK H S,20055 BEECHNUT RD,RICHMOND,TX,77407,Fort Bend County,public,1-Yes,869,869,,15,0.0,2,114041,8.8,480144013413,443735,Demanding,
2608627,Insight School of Michigan,526 S CREYTS RD,LANSING,MI,48917,Eaton County,public,1-Yes,862,862,55,,0.0,4,79597,9.9,260107708627,,,
3604466,BRONX PREPARATORY CHARTER SCHOOL,3872 3RD AVE,BRONX,NY,10457,Bronx County,public,1-Yes,860,503,77,1,0.0,3,48676,38,360004204466,330661,Average,
2900434,GATEWAY HIGH,5101 MCREE AVE,ST LOUIS,MO,63110,St. Louis city,public,2-No,860,860,83,9,0.0,4,56160,32,292928000434,262949,Average,
00922604,MSGR FARRELL HIGH SCHOOL,2900 AMBOY RD,STATEN ISLAND,NY,10306,RICHMOND,private,,856,856,,,0.0,,98333,12.4,,334970,Very Demanding,
4809273,CARNEGIE VANGUARD H S,1501 TAFT,HOUSTON,TX,77019,Harris County,public,2-No,855,855,97.5,27,0.0,3,74983,22.6,482364009273,443541,Very Demanding,
4101745,Beaverton Academy of Science and Engineering,10740 NE Walker Rd,Hillsboro,OR,97006,Washington County,public,2-No,852,450,97.5,7,0.0,5,107772,7.1,410192001745,,,
2502725,TechBoston Academy,9 Peacevale Road,Dorchester,MA,2124,Suffolk County,public,2-No,850,618,92,4,0.0,0,95631,21.3,250279002725,220174,Average,
3600146,THEODORE R DURGEE JUNIOR HIGH SCHOOL,29 E ONEIDA ST,BALDWINSVILLE,NY,13027,Onondaga County,public,2-No,848,422,,,,,,,,,,
3601726,MERRICK AVENUE MIDDLE SCHOOL,1870 MERRICK AVE,MERRICK,NY,11566,Nassau County,public,2-No,848,3,,,,,,,,,,
3703515,Montgomery Central High,770 Timberwolf Drive,Troy,NC,27371,Montgomery County,public,2-No,846,846,97.5,,0.0,3,57766,22.8,370306003515,343371,Demanding,
3403045,Thomas A. Edison Career and Technical Academy,625 Summer St,Elizabeth,NJ,7202,Union County,public,2-No,842,842,63,3,0.0,5,103202,11.3,340459003045,,,
3605536,QUEENS HIGH SCHOOL OF TEACHING LIBERAL ARTS AND SCIENCES,74-20 COMMONWEALTH BLVD,BELLEROSE,NY,11426,Queens County,public,2-No,840,837,95,,,,86136,14.9,360009905536,,,
2502296,Upper Cape Cod Vocational Technical,220 Sandwich Rd,Bourne,MA,2532,Barnstable County,public,2-No,838,838,97.5,1,0.0,4,95241,10.6,251180002296,220411,Below Average,
4813813,ILTEXAS HOUSTON WINDMILL LAKES OREM H S,9901 WINDMILL LAKES BLVD,HOUSTON,TX,77075,Harris County,public,1-Yes,837,837,,7,0.0,2,74983,22.6,480144013813,,,
2608928,Westfield Preparatory High School,23750 ELMIRA,REDFORD,MI,48239,Wayne County,public,1-Yes,834,691,,,0.0,0,60539,31.5,260112508928,233832,Demanding,
4207628,Coatesville Intermediate HS,1425 E Lincoln Highway,Coatsville,PA,19320,Chester County,public,2-No,826,429,,,,,,,,,,
4702343,Intrepid College Preparatory Charter School,5432 Bell Forge Lane East,Antioch,TN,37013,Davidson County,public,1-Yes,825,407,74.5,3,0.0,0,77853,17.3,470318002343,430300,Very Demanding,
0608303,Preuss School UCSD,9500 Gilman Dr.,La Jolla,CA,92093,San Diego County,public,1-Yes,825,461,92,14,0.0,3,106268,10.8,060214808303,051479,Demanding,
3906182,Buckeye Community School - Marion,366 W Center St,Marion,OH,43302,Marion County,public,1-Yes,824,824,,,,,59371,21.5,390163306182,361003,,
3200778,Veterans Tribute CTA HS,2531 Vegas Dr,Las Vegas,NV,89106,Clark County,public,2-No,823,809,97.5,12,0.0,2,76472,15.3,320006000778,290215,Average,
2502272,Center For Technical Education Innovation,122 Granite Street,Leominster,MA,1453,Worcester County,public,2-No,821,811,92,,,,95939,9.1,250678002272,,,
0607757,Downtown Business High,1200 West Colton St.,Los Angeles,CA,90026,Los Angeles County,public,2-No,819,819,99.5,19,1.0,4,90112,16.2,062271007757,051576,Demanding,
4812886,LONG CREEK H S,4150 KLEIN MEADOW,NEW BRAUNFELS,TX,78130,Guadalupe County,public,2-No,813,813,,,,,,,,443424,Average,
4802605,WASHINGTON B T H S,4204 YALE ST,HOUSTON,TX,77018,Harris County,public,2-No,811,811,62,10,0.0,1.79,74983,22.6,482364002605,443340,Average,
4808056,NYOS LAMAR SECONDARY,12301 N LAMAR BLVD,AUSTIN,TX,78753,Travis County,public,1-Yes,809,357,92,15,0.0,4,99611,13,480005808056,440347,Demanding,
2401339,National Academy Foundation,540 N Caroline Street,Baltimore,MD,21205,Baltimore city,public,2-No,801,611,67,3,0.0,2,62177,22.8,240009001339,210191,Demanding,
A0700892,ST THEODORE GUERIN HIGH SCHOOL,15300 N GRAY RD,NOBLESVILLE,IN,46062,HAMILTON,private,,800,800,,,0.0,,121530,4.1,,152613,Average,
2400157,Benjamin Franklin High School at Masonville Cove,1201 Cambria Street,Baltimore,MD,21225,Baltimore city,public,2-No,786,786,42,6,0.0,2,62177,22.8,240009000157,,,
3900823,David H. Ponitz Career Technology  Center,741 Washington St,Dayton,OH,45402,Montgomery County,public,2-No,785,785,92,,0.0,2,66139,18.8,390438400823,361820,Average,
2606574,West Middle School,500 OLD PERCH RD,ROCHESTER HILLS,MI,48309,Oakland County,public,2-No,784,0,,,,3,97760,7.2,262994006574,,,
4710500,DeKalb County Schools Adult Education Virtual School,110 South Public Square,Smithville,TN,37166,DeKalb County,public,2-No,784,784,,,,,53153,18.6,470099010500,,,
2700977,Camden High,4320 NEWTON AVE N,MINNEAPOLIS,MN,55412,Hennepin County,public,2-No,783,783,79,2,1.0,6,97653,8.9,272124000977,241645,Average,
0403096,Great Hearts Academies - Veritas Prep,3102 N 56TH ST,PHOENIX,AZ,85018,Maricopa County,public,1-Yes,781,332,92,,0.0,0.5,89300,12.4,040065503096,030583,Very Demanding,
4814023,FREEMAN H S,7800 KATY HOCKLEY RD,KATY,TX,77493,Harris County,public,2-No,778,778,,,,,,,,442620,Demanding,
0901592,Academy of Science and Innovation,600 Slater Road,New Britain,CT,6053,Capitol Planning Region,public,2-No,767,424,97.5,6,0.0,4.4000001,93394,13.9,090070001592,,,
7201534,FRANCISCO MANRIQUE CABRERA,URB REXVILLE CALLE 41 FINAL,BAYAMON,PR,957,Bayamón Municipio,public,2-No,764,479,77,1,0.0,2,,,720003001534,540932,Below Average,
3701651,R-S Central High School,641 Hwy 221 North,Rutherfordton,NC,28139,Rutherford County,public,2-No,763,763,92,11,0.0,3,51410,19.6,370408001651,343470,Average,
1300382,Johnson High School,3012 Sunset Blvd,Savannah,GA,31404,Chatham County,public,2-No,762,762,86,,1.0,4,71097,19.6,130102000382,112714,Below Average,
7201874,DR. HERIBERTO DOMENECH,CARR 2 KM 112 BO MORA,ISABELA,PR,662,Isabela Municipio,public,2-No,762,762,82,3,0.0,2,,,720003001874,,,
4400467,Providence Career Technical,41 Fricker street,Providence,RI,2903,Providence County,public,2-No,759,759,97.5,1,0.0,4,78787,17.9,440090000467,,,
1201773,MCLAUGHLIN ACADEMY OF EXCELLENCE,800 4TH ST S,LAKE WALES,FL,33853,Polk County,public,2-No,758,332,,,,,,,,,,
3400449,Capital City High School,135 E. Hanover Street,TRENTON,NJ,8618,Mercer County,public,2-No,756,756,35,,0.0,1,100645,12.7,341629000449,311497,Average,
3405098,Salem County Career and Technical High School,880 Route 45,WOODSTOWN,NJ,8098,Salem County,public,2-No,754,754,97.5,,0.0,3,79960,18.5,341458005098,311643,Below Average,
4702418,Memphis Rise Academy,5221 Raleigh Lagrange RD,Memphis,TN,38134,Shelby County,public,1-Yes,753,416,87,13,0.0,0,63767,29.3,470014802418,431424,Very Demanding,
3703684,Martin County High,1260 Godwin Avenue,Williamston,NC,27892,Martin County,public,2-No,752,752,,,,,48578,28.2,370288003684,,,
3904236,Fort Hayes Arts and Academic HS,546 Jack Gibbs Blvd,Columbus,OH,43215,Franklin County,public,2-No,752,752,92,5,0.0,2,75176,16.5,390438004236,361541,Average,
0100198,Woodlawn High SchoolMagnet,5620 First Ave N,Birmingham,AL,35212,Jefferson County,public,2-No,750,750,77,2,0.0,3,66388,18.7,010039000198,010440,Below Average,
1701086,Clemente Community Academy HS,1147 N Western Ave,Chicago,IL,60622,Cook County,public,2-No,745,745,,3,1.0,3,83498,17.3,170993001086,141325,Below Average,
1100338,Friendship PCS - Collegiate Academy,4095 MINNESOTA AVENUE NE,Washington,DC,20019,District of Columbia,public,1-Yes,745,745,87,15,0.0,2,109870,24.9,110000800338,090061,Below Average,
4813183,IDEA MONTERREY PARK COLLEGE PREPARATORY,222 SW 39TH ST,SAN ANTONIO,TX,78237,Bexar County,public,1-Yes,743,348,,14,0.0,1,72341,17.1,480021113183,,,
3403519,K. Johnson D. Vaughan and M. Jackson STEM Academy,237 South Broad Street,Elizabeth,NJ,7202,Union County,public,2-No,740,740,,1,0.0,1,103202,11.3,340459003519,,,
4900773,Treasure Mtn. Junior High School,2530 KEARNS BLVD,PARK CITY,UT,84060,Summit County,public,2-No,739,379,,,,,,,,,,
4501487,Ridgeland Secondary Academy of Excellence,250 Jaguar Trail,Ridgeland,SC,29936,Jasper County,public,2-No,739,396,82,,0.0,2,65613,28.5,450252001487,,,
7200698,RUBEN RODRIGUEZ FIGUEROA,CARR #164 KM 4.3 BO NUEVO,NARANJITO,PR,719,Naranjito Municipio,public,2-No,738,720,92,2,0.0,2,,,720003000698,,,
2901994,ROOSEVELT HIGH,3230 HARTFORD ST,ST LOUIS,MO,63118,St. Louis city,public,2-No,734,734,47,7,0.0,2,56160,32,292928001994,263020,Below Average,
3606234,DR RICHARD IZQUIERDO HEALTH AND SCIENCE CHARTER SCHOOL,800 HOME ST-RM 205,BRONX,NY,10456,Bronx County,public,1-Yes,733,428,92,10,0.0,7,48676,38,360102706234,,,
7200281,REPUBLICA DE COSTA RICA,390 CALLE HECTOR R BUNKER,CAGUAS,PR,725,Caguas Municipio,public,2-No,733,733,92,3,0.0,2,,,720003000281,,,
3702646,Heide Trask High,14328 NC Hwy 210,Rocky Point,NC,28457,Pender County,public,2-No,732,732,92,4,0.0,2,80396,12,370357002646,343389,Average,
4001649,MCLAIN HS FOR SCIENCE AND TECH,4929 North Peoria Avenue,Tulsa,OK,74126,Tulsa County,public,2-No,731,731,47,5,0.0,2,69009,15.2,403024001649,373627,Below Average,
0613173,Linda Esperanza Marquez High A Hntngtn Park Inst of Appl Med,6361 Cottage St.,Huntington Park,CA,90255,Los Angeles County,public,2-No,729,729,97.5,9,0.0,6.3400002,90112,16.2,062271013173,,,
3702613,Gray Stone Day,49464 Merner Terrace,Misenheimer,NC,28109,Stanly County,public,1-Yes,728,412,92,15,0.0,3,60704,15.8,370012802613,342632,Demanding,
0501077,GEORGE JUNIOR HIGH SCHOOL,3200 SOUTH POWELL,SPRINGDALE,AR,72765,Washington County,public,2-No,723,366,,,,,,,,,,
4200944,Mastery CS - Shoemaker Campus,5301 Media Street,Philadelphia,PA,19131,Philadelphia County,public,1-Yes,722,506,92,7,0.0,1,61953,28.9,420014500944,,,
7200494,SUPERIOR CATALINA MORALES FLORES,CARR 110 CALLE CONCEPCION VERA,MOCA,PR,676,Moca Municipio,public,2-No,718,718,81,3,0.0,1,,,720003000494,,,
4601235,Tea Area High School - 03,500 W Brian St,Tea,SD,57064,Lincoln County,public,†,717,717,97.5,3,0.0,2,99166,3.2,460005201235,421259,Average,
3606005,QUEENS COLLEGIATE - A COLLEGE BOARD SCHOOL,167-01 GOTHIC DR,JAMAICA,NY,11432,Queens County,public,2-No,711,457,82,,,,86136,14.9,360010006005,,,
3904276,Laurel Oaks Cdc,300 Oak Dr,Wilmington,OH,45177,Clinton County,public,2-No,710,710,,,,,,,,,,
1100082,Cardozo Education Campus,1200 Clifton St. NW,Washington,DC,20009,District of Columbia,public,2-No,710,561,67,16,0.0,5,109870,24.9,110003000082,090075,Below Average,
2606579,Reuther Middle School,1430 E AUBURN RD,ROCHESTER HILLS,MI,48307,Oakland County,public,2-No,706,2,,,0.0,2,97760,7.2,262994006579,,,
3702643,Nash Central High,4279 Nash Central High Road,Rocky Mount,NC,27804,Nash County,public,2-No,703,702,87,8,0.0,3,62426,18.6,370327002643,343371,Demanding,
A2301776,YESHIVA MESIFTA VYOEL MOSHE,960 49TH ST,BROOKLYN,NY,11219,KINGS,private,,703,703,,,0.0,,80263,26.5,,,,
3605879,EAST-WEST SCHOOL OF INTERNATIONAL STUDIES,46-21 COLDEN ST,FLUSHING,NY,11355,Queens County,public,2-No,700,377,97.5,,,,86136,14.9,360012205879,330704,Average,
0900880,Academy of International Studies 6-12,1551 Blue Hills Ave.,Bloomfield,CT,6002,Capitol Planning Region,public,2-No,697,353,97.5,,1.0,4,93394,13.9,090070000880,070034,Very Demanding,
4501770,Hardeeville Junior /Senior High,150 Hurricane Alley,Hardeeville,SC,29927,Jasper County,public,2-No,696,367,,,,,65613,28.5,450252001770,,,
1706470,Noble St Chtr-Noble Campus,1010 N Noble St,Chicago,IL,60642,Cook County,public,1-Yes,696,696,,14,0.0,0,83498,17.3,170993006470,,,
1706450,Noble St Chtr-Butler - Crimson,821 E 103rd St,Chicago,IL,60628,Cook County,public,1-Yes,695,695,,2,0.0,0,83498,17.3,170993006450,140637,Average,
0501024,SOUTHWEST JUNIOR HIGH SCHOOL,2700 BUTTERFIELD COACH ROAD,SPRINGDALE,AR,72765,Washington County,public,2-No,694,352,,,,,,,,,,
1100443,BASIS DC PCS,410 8TH STREET NW,Washington,DC,20004,District of Columbia,public,1-Yes,692,233,95,20,0.0,0,109870,24.9,110008300443,,,
7201348,MIGUEL SUCH,AVE BARBOSA ESQ AVE PINERO,SAN JUAN,PR,928,San Juan Municipio,public,2-No,691,691,72,1,0.0,2,,,720003001348,,,
4813523,IDEA BLUFF SPRINGS COLLEGE PREPARATORY,1700 E SLAUGHTER LN,AUSTIN,TX,78744,Travis County,public,1-Yes,689,327,,7,0.0,1,99611,13,480021113523,,,
4822809,UME DALLAS SECONDARY,3838 SPUR 408,DALLAS,TX,75236,Dallas County,public,1-Yes,688,435,,,,,76547,16,480142522809,,,
4400209,W B Cooley & Acad Internationa,182 Thurbers Avenue,Providence,RI,2905,Providence County,public,2-No,685,685,77,3,0.0,2,78787,17.9,440090000209,400156,Below Average,
1901316,Evans Junior High School,812 Chester Avenue,Ottumwa,IA,52501,Wapello County,public,2-No,684,332,,,,,,,,160005,,
2502264,Cape Cod Region Vocational Technical,351 Pleasant Lake Avenue,Harwich,MA,2645,Barnstable County,public,2-No,682,682,97.5,5,0.0,4.9000001,95241,10.6,250331002264,220964,Demanding,
00753189,HELIAS CATHOLIC HIGH SCHOOL,1305 SWIFTS HWY,JEFFERSON CITY,MO,65109,COLE,private,,680,680,,,0.0,,74876,11.1,,260724,Average,
5503054,Carmen Hi Southeast Campus,2500 W Oklahoma Ave,Milwaukee,WI,53215,Milwaukee County,public,1-Yes,679,679,87,7,0.0,0,64435,22.1,550960003054,,,
3601414,QUEENS GATEWAY TO HEALTH SCIENCES SECONDARY SCHOOL,160-20 GOETHALS AVE,JAMAICA,NY,11432,Queens County,public,2-No,679,408,97.5,,,,86136,14.9,360010001414,333744,,
4206995,Pittsburgh Obama 6-12,515 N. Highland Avenue,Pittsburgh,PA,15206,Allegheny County,public,2-No,678,436,97.5,,1.0,4,78548,13.5,421917006995,,,
7201800,LINO PADRO RIVERA,CALLE TULIO OTERO,VEGA BAJA,PR,693,Vega Baja Municipio,public,2-No,676,674,77,3,0.0,1,,,720003001800,,,
0609002,Vaca Pena Middle,200 Keith Way,Vacaville,CA,95687,Solano County,public,2-No,675,0,,,,2,100401,11.2,064059009002,,,
02046054,JOEL BRAVERMAN HIGH,1609 AVE J,BROOKLYN,NY,11230,KINGS,private,,668,668,,,0.0,,80263,26.5,,,,
4900993,No. UT. Acad. for Math Engineering & Science,2750 N UNIVERSITY PARK BLVD,LAYTON,UT,84041,Davis County,public,1-Yes,667,667,99.5,3,0.0,3,110884,5.6,490006300993,,,
1706467,Acero Chtr Netrk -  Major Garcia,4248 W 47th St,Chicago,IL,60632,Cook County,public,1-Yes,666,666,,6,0.0,2,83498,17.3,170993006467,,,
1900009,ADM Senior High School,801 Nile Kinnick Dr S,Adel,IA,50003,Dallas County,public,2-No,666,666,97.5,10,0.0,2.4000001,102379,5.2,190315000009,160010,Average,
4813071,ARISTOI CLASSICAL UPPER SCHOOL,5610 MORTON RD,KATY,TX,77493,Harris County,public,1-Yes,664,289,90,4,0.0,1,74983,22.6,480001913071,,,
7200471,ANA DELIA FLORES SANTANA,BO QUEBRADA VUELTA,FAJARDO,PR,738,Fajardo Municipio,public,2-No,664,664,84,3,0.0,2,,,720003000471,,,
3604078,WAYNE SENIOR HIGH SCHOOL,6200 ONTARIO CTR RD,ONTARIO CENTER,NY,14520,Wayne County,public,2-No,664,655,92,5,1.0,4,74506,13.4,363033004078,334320,Average,
4200578,Mastery CHS-Lenfest Campus,35 S. 4th Street,Philadelphia,PA,19106,Philadelphia County,public,1-Yes,660,437,87,3,0.0,1,61953,28.9,420008400578,393318,Below Average,
2606846,StandishSterling Central JrSr High School,2401 GROVE STREET RD,STANDISH,MI,48658,Arenac County,public,2-No,660,449,87,6,0.0,2,58811,16.6,263294006846,233495,Demanding,
2609006,LincolnKing AdamsYoung  Grove Campus,13436 GROVE ST,DETROIT,MI,48235,Wayne County,public,1-Yes,660,660,,,0.0,1,60539,31.5,260113909006,,,
0100872,Asbury High School,1990 Asbury Rd,Albertville,AL,35951,Marshall County,public,2-No,659,347,87,3,0.0,1,62571,19,010000600872,010220,Demanding,
0611449,Escuela Popular/Center for Training and Careers Family Lrng,149 North White Rd.,San Jose,CA,95127,Santa Clara County,public,1-Yes,658,658,2,,0.0,0,164281,6.7,060239211449,,,
0402911,Great Hearts Academies - Glendale Prep,23276 N 83RD AVE STE 1,PEORIA,AZ,85383,Maricopa County,public,1-Yes,657,324,97.5,,0.0,1,89300,12.4,040076002911,,,
0610861,Orthopaedic Hospital,300 West 23rd St.,Los Angeles,CA,90007,Los Angeles County,public,2-No,653,653,97.5,14,0.0,3,90112,16.2,062271010861,,,
7200734,LUIS NEGRON LOPEZ,CARR #368 KM 1.0 BO MACHUCHAL,SABANA GRANDE,PR,637,Sabana Grande Municipio,public,2-No,652,652,82,4,0.0,1,,,720003000734,,,
4202037,Fort LeBoeuf SHS,931 N High St,Waterford,PA,16441,Erie County,public,2-No,652,652,92,16,0.0,3,63354,18.2,420999002037,395070,Average,
3605521,LABORATORY SCHOOL OF FINANCE AND TECHNOLOGY (THE):  X223,360 E 145TH ST,BRONX,NY,10454,Bronx County,public,2-No,646,390,92,,,,48676,38,360008405521,,,
3300067,Conval Regional High School,184 Hancock Rd.,Peterborough,NH,3458,Hillsborough County,public,2-No,645,640,92,,0.0,6,103545,6.2,330248000067,300490,Demanding,
7200628,ANIBAL REYES BELEN,CARR 130 K12 4 BO CAMPO ALEGRE,HATILLO,PR,659,Hatillo Municipio,public,2-No,644,644,74,3,0.0,2,,,720003000628,,,
2603960,Algonac JuniorSenior High School,5200 TAFT RD,CLAY,MI,48001,St. Clair County,public,2-No,644,430,97.5,,1.0,2,71270,13.4,260219003960,230045,Average,
3702541,Bethany Community School,1288 Hudson Rd,Summerfield,NC,27358,Rockingham County,public,1-Yes,640,381,82,2,0.0,2,57053,21.7,370011002541,340129,Average,
1304257,International Transition Center,1335 Old Norcross Rd,Lawrenceville,GA,30046,Gwinnett County,public,2-No,640,572,2.5,1,0.0,1,87890,13.6,130255004257,,,
1301534,Johnson Health Science and Engineering Magnet School,1324 Laney Walker Blvd,Augusta,GA,30901,Richmond County,public,2-No,640,332,97.5,14,0.0,2,55637,27.3,130438001534,110281,Average,
4200551,Gamp,23rd and Ritner Sts,Philadelphia,PA,19145,Philadelphia County,public,2-No,634,207,95,5,0.0,2,61953,28.9,421899000551,393526,Average,
0608504,Animo Leadership High,11044 South Freeman Ave.,Inglewood,CA,90301,Los Angeles County,public,1-Yes,634,634,92,7,0.0,2,90112,16.2,060205208504,051257,Average,
3905960,Ferguson Hall Freshman School,2680 Dayton Xenia Rd,Beavercreek,OH,45434,Greene County,public,2-No,633,633,,,,,,,,,,
1208009,PALM BEACH PREPARATORY CHARTER ACADEMY,3525 S CONGRESS AVE,PALM SPRINGS,FL,33461,Palm Beach County,public,1-Yes,632,632,11,,0.0,0,83581,14.1,120150008009,,,
3102457,STANDING BEAR HIGH SCHOOL,11100 SOUTH 70TH STREET,LINCOLN,NE,68516,Lancaster County,public,†,631,631,,,,,74793,10.5,317284002457,280245,Most Demanding,
BB161111,"CROSSING NATIONAL, INC",515 S MAIN ST,ELKHART,IN,46516,ELKHART,private,,630,630,,,0.0,,68561,13.8,,,,
4200678,Philadelphia Electrical & Technology CHS,1709 Benjamin Franklin Parkway,Philadelphia,PA,19103,Philadelphia County,public,1-Yes,629,629,87,2,0.0,3,61953,28.9,420010700678,393447,Below Average,
3606493,BROOKLYN LABORATORY CHARTER SCHOOL,77 SANDS ST,BROOKLYN,NY,11201,Kings County,public,1-Yes,628,619,50,6,0.0,3,80263,26.5,360111106493,331026,Average,
2608121,Zemmer Campus 89,1920 W OREGON ST,LAPEER,MI,48446,Lapeer County,public,2-No,628,327,,,,,,,,,,
4200738,Perseus House CS of Excellence,1511 Peach Street,Erie,PA,16501,Erie County,public,1-Yes,627,463,52,,0.0,2,63354,18.2,420011500738,,,
1208773,GLOBAL LEADERSHIP ACADEMY HIGH SCHOOL,1252 FROMAGE WAY,JACKSONVILLE,FL,32225,Duval County,public,1-Yes,626,626,,,0.0,2,71277,13.4,120048008773,,,
1705092,Chicago Math & Sci Elem Charter,7212 N Clark St,Chicago,IL,60626,Cook County,public,1-Yes,623,438,,8,0.0,2,83498,17.3,170993005092,140721,Average,
3605703,WILLIAMSBURG HIGH SCHOOL FOR ARCHITECTURE AND DESIGN,257 N 6TH ST,BROOKLYN,NY,11211,Kings County,public,2-No,622,621,97.5,,,,80263,26.5,360011905703,,,
7200203,RUTH EVELYN CRUZ SANTOS,CARR 171 Km 1.0 BO. SUD,CIDRA,PR,739,Cidra Municipio,public,2-No,621,612,92,3,0.0,2,,,720003000203,,,
2607080,James R Geisler Middle School,46720 W PONTIAC TRL,COMMERCE TOWNSHIP,MI,48390,Oakland County,public,2-No,620,2,,,,2,97760,7.2,263516007080,,,
4813971,IDEA BURKE COLLEGE PREPARATORY,10434 MARBACH RD,SAN ANTONIO,TX,78245,Bexar County,public,1-Yes,620,286,,,,,,,,442047,Average,
4812586,DON R DANIEL NINTH GRADE CAMPUS,990 BAILEY RANCH RD,ALEDO,TX,76008,Parker County,public,2-No,619,619,,,,,,,,,,
4501742,Lowcountry Acceleration Academy,5935 Rivers Avenue suite 101A,N Charleston,SC,29406,Charleston County,public,1-Yes,619,619,,,0.0,1,88494,13.9,450390101742,,,
0403472,Great Hearts Academies - Lincoln Prep,2250 S GILBERT RD,CHANDLER,AZ,85286,Maricopa County,public,1-Yes,619,235,90,,0.0,1,89300,12.4,040091903472,,,
4206989,Pittsburgh Science and Technology Academy 6-12,107 Thackeray St,Pittsburgh,PA,15213,Allegheny County,public,2-No,618,433,97.5,3,0.0,0,78548,13.5,421917006989,,,
4500610,Hampton County High School,115 Airport Road Avenue,Varnville,SC,29944,Hampton County,public,2-No,617,617,,,,,44711,28.3,450391200610,410920,Demanding,
0610867,Alliance Judy Ivie Burton Technology Academy High,10101 South Broadway,Los Angeles,CA,90003,Los Angeles County,public,1-Yes,616,616,97.5,12,0.0,4,90112,16.2,060193410867,054088,Average,
4810423,SST SA COLLEGE PREP H S,4410 DAVID EDWARDS DR,SAN ANTONIO,TX,78233,Bexar County,public,1-Yes,615,348,97.5,14,0.0,0,72341,17.1,480025810423,446263,Average,
1802700,Options Indiana,18077 River Rd,Noblesville,IN,46062,Hamilton County,public,1-Yes,612,607,7.5,,0.0,3,121530,4.1,180001602700,,,
0613694,CBK Charter,3939 13th St.,Riverside,CA,92501,Riverside County,public,1-Yes,612,612,28,,0.0,0,93074,10.6,069102613694,,,
4813611,IDEA EWING HALSELL COLLEGE PREPARATORY,2523 W ANSLEY BLVD,SAN ANTONIO,TX,78224,Bexar County,public,1-Yes,611,231,,3,0.0,1,72341,17.1,480021113611,,,
2902990,MCKINLEY CLASS. LEADERSHIP AC.,2156 RUSSELL BLVD,ST LOUIS,MO,63104,St. Louis city,public,2-No,610,254,97.5,8,0.0,2,56160,32,292928002990,262995,Demanding,
2700496,EAST GRAND FORKS SENIOR HIGH,1420 4TH AVE NW,EAST GRAND FORKS,MN,56721,Polk County,public,2-No,608,608,87,,0.0,2,73107,12,271113000496,240685,Average,
0901519,Engineering - Science University Magnet School,500 Boston Post Road,West Haven,CT,6516,South Central Connecticut Planning Region,public,2-No,608,342,97.5,12,0.0,2.5,88197,13.2,090279001519,,,
3400137,Essex County Newark Tech,91 West Market St,Newark,NJ,7103,Essex County,public,2-No,606,606,98,6,0.0,3,80789,15.9,340480000137,310900,Average,
4702032,Liberty Technology Magnet High School,3470 Ridgecrest Road,Jackson,TN,38305,Madison County,public,2-No,604,604,73,,0.0,3,60042,23.2,470258002032,430961,Demanding,
2501692,Ruth Batson Academy,315 Mt Vernon St,Dorchester,MA,2125,Suffolk County,public,2-No,604,451,92,8,0.0,2,95631,21.3,250279001692,220182,Average,
7200162,SUPERIOR VOCACIONAL MANUEL MEDIAVILLA,58B CALLE CARRERAS PARQUE INDUSTRIAL,HUMACAO,PR,792,Humacao Municipio,public,2-No,602,602,72,,0.0,1,,,720003000162,,,
3904053,Ashtabula County Technical and Career Campus,1565 State Route 167,Jefferson,OH,44047,Ashtabula County,public,2-No,599,599,,,0.0,0,57728,20.9,390508104053,,,
0613139,STEM Academy at Bernstein High,1309 North Wilton Pl.,Hollywood,CA,90028,Los Angeles County,public,2-No,599,599,97.5,9,0.0,2,90112,16.2,062271013139,,,
3605977,INSTITUTE OF TECHNOLOGY AT SYRACUSE CENTRAL,258 E ADAMS ST,SYRACUSE,NY,13202,Onondaga County,public,2-No,598,583,97.5,,0.0,2,76945,14.1,362859005977,,,
0604840,Fremont Academy of Engineering and Design,725 West Franklin Ave.,Pomona,CA,91766,Los Angeles County,public,2-No,597,338,87,10,0.0,2,90112,16.2,063132004840,,,
4002930,8th and 9th Grade Academy,402 N S St,Muskogee,OK,74403,Muskogee County,public,2-No,595,352,,,,,,,,,,
3904277,Live Oaks Cdc,5956 Buckwheat Rd,Milford,OH,45150,Clermont County,public,2-No,593,593,,,,,,,,,,
1706493,Univ of Chicago Chtr-Woodlawn,6300 S University Ave,Chicago,IL,60637,Cook County,public,1-Yes,591,362,,8,0.0,4,83498,17.3,170993006493,,,
4200391,Preparatory CS of Mathematics Science Tech and Careers,1928 Point Breeze Avenue,Philadelphia,PA,19145,Philadelphia County,public,1-Yes,589,589,92,,0.0,2,61953,28.9,420003600391,,,
0611328,Lennox Mathematics Science and Technology Academy,11036 Hawthorne Blvd.,Lennox,CA,90304,Los Angeles County,public,1-Yes,588,588,97.5,10,0.0,2,90112,16.2,060161711328,052945,Average,
7200340,LUIS F. CRESPO,CARR 486 KM 3 BO PUENTE,CAMUY,PR,627,Camuy Municipio,public,2-No,587,587,82,3,0.0,2,,,720003000340,,,
1000363,Early College School at Del State,1570 North DuPont Highway,Dover,DE,19901,Kent County,public,1-Yes,583,399,77,2,0.0,2,74477,13.9,100005500363,,,
0102513,Carver 9th Grade Academy,1001 Webb Road,Dothan,AL,36303,Houston County,public,2-No,583,583,,,,,,,,,,
0608657,Waterford High,121 South Reinway,Waterford,CA,95386,Stanislaus County,public,2-No,582,582,92,8,0.0,1.2,81468,18.3,060006308657,053704,Below Average,
4203841,Dobbins Area Vocational-Technical High School,2150 West Lehigh Avenue,Philadelphia,PA,19132,Philadelphia County,public,2-No,581,581,87,,0.0,3,61953,28.9,421899003841,393395,Average,
3605948,YOUNG WOMENS LEADERSHIP SCHOOL - ASTORIA,23-15 NEWTOWN AVE,LONG ISLAND CITY,NY,11105,Queens County,public,2-No,579,334,97.5,,,,86136,14.9,360010205948,334153,Demanding,
2704828,LILA Upper School,19850 FENWAY AVENUE N,FOREST LAKE,MN,55025,Washington County,public,1-Yes,579,283,95,,1.0,1,115345,3.9,270035804828,,,
01185893,STS JOHN NEUMANN & MARIA GARETTI CATHOLIC HIGH SCH,1736 S 10TH ST,PHILADELPHIA,PA,19148,PHILADELPHIA,private,,578,578,,,0.0,,61953,28.9,,,,
3601881,PERRY JUNIOR HIGH SCHOOL,9499 WESTON RD,NEW HARTFORD,NY,13413,Oneida County,public,2-No,577,189,,,,,,,,,,
4207412,Pittsburgh Westinghouse,1101 N. Murtland Avenue,Pittsburgh,PA,15208,Allegheny County,public,2-No,573,362,67,3,0.0,5,78548,13.5,421917007412,,,
1706103,IHSCA Charter High School,2520 S Western Ave,Chicago,IL,60608,Cook County,public,1-Yes,567,567,,2,0.0,0,83498,17.3,170993006103,,,
2902033,STE. GENEVIEVE SR. HIGH,715 WASHINGTON ST,STE GENEVIEVE,MO,63670,Ste. Genevieve County,public,2-No,566,566,87,,0.0,2.5,66339,10.2,292937002033,262870,Average,
3906018,Buckeye Community School,1404 Park Ave W,Ontario,OH,44906,Richland County,public,1-Yes,566,566,27,,0.0,0,59509,16.9,390161806018,361003,,
3403291,Trenton STEM-to-Civics Charter School,1555 Pennington Raod,Ewing,NJ,8618,Mercer County,public,1-Yes,562,375,82,2,0.0,6,100645,12.7,340077003291,,,
2703264,MN Virtual Secondary School,1801 COUNTY ROAD B W,ROSEVILLE,MN,55113,Ramsey County,public,1-Yes,561,487,37,,0.0,3,81568,12.9,270011703264,240100,Average,
1706483,Acero Chtr Sch Netwrk- Victoria,5025 S St Louis Ave,Chicago,IL,60632,Cook County,public,1-Yes,561,561,,,0.0,2,83498,17.3,170993006483,,,
1703693,Sandwich Community High School,515 Lions Rd,Sandwich,IL,60548,DeKalb County,public,2-No,560,560,,8,0.0,2,70724,10.8,173537003693,143830,Demanding,
0611642,Alliance Marc & Eva Stern Math and Science,5151 State University Dr.,Los Angeles,CA,90032,Los Angeles County,public,1-Yes,558,558,92,11,0.0,5,90112,16.2,060244611642,,,
0501539,GRADUATE ARKANSAS CHARTER HIGH,6724 INTERSTATE 30,LITTLE ROCK,AR,72209,Pulaski County,public,1-Yes,557,557,44.5,,0.0,1,62873,20.4,050040701539,,,
A0105207,HOLY FAMILY CATHOLIC HIGH SCHOOL,8101 KOCHIA LN,VICTORIA,MN,55386,CARVER,private,,557,557,,,0.0,,125946,2.8,,242548,Average,
3905601,West Cleveland Drop Back In dba Frederick Douglass High Scho,3167 Fulton Rd,Cleveland,OH,44109,Cuyahoga County,public,1-Yes,557,557,,,0.0,0,64468,21.6,390141505601,,,
3606070,ACADEMY FOR CAREERS IN TELEVISION AND FILM,1-50 51ST AVE,LONG ISLAND CITY,NY,11101,Queens County,public,2-No,555,554,97.5,,,,86136,14.9,360010206070,,,
0611665,Stella High Charter Academy,1600 W. Imperial Hwy.,Los Angeles,CA,90047,Los Angeles County,public,1-Yes,555,555,67,5,0.0,4,90112,16.2,060153211665,054207,Below Average,
4812569,BARACK OBAMA MALE LEADERSHIP ACAD AT A MACEO SMITH,3030 STAG,DALLAS,TX,75241,Dallas County,public,2-No,554,251,95,10,0.0,1,76547,16,481623012569,,,
3001125,Lockwood High School,1932 US Hwy 87 E,Lockwood,MT,59101,Yellowstone County,public,†,552,552,,2,0.0,2,76570,7.7,300065601125,270375,Demanding,
1303402,Habersham Ninth Grade Academy,171 Raider Cir,Mount Airy,GA,30563,Habersham County,public,2-No,552,552,,,,,,,,,,
0901532,Academy of Computer Science and Engineering,1617 King Street,Enfield,CT,6082,Capitol Planning Region,public,2-No,550,550,95,,0.0,1,93394,13.9,090070001532,,,
4200634,Lehigh Valley Charter High School for the Arts,321 E. Third St,Bethlehem,PA,18015,Northampton County,public,1-Yes,550,550,97.5,9,0.0,3,89184,10.2,420009900634,390324,Average,
1000143,Delaware Military Academy,112 Middleboro Road,Wilmington,DE,19804,New Castle County,public,1-Yes,547,547,97.5,4,0.0,1,91166,12.3,100001600143,080171,Demanding,
3602889,W H MAXWELL CAREER AND TECHNICAL EDUCATION HIGH SCHOOL,145 PENNSYLVANIA AVE,BROOKLYN,NY,11207,Kings County,public,2-No,545,543,82,,,,80263,26.5,360012002889,,,
4803791,SILVA HEALTH MAGNET,121 VAL VERDE ST,EL PASO,TX,79905,El Paso County,public,2-No,544,544,97.5,11,0.0,2,59806,23,481830003791,442243,Demanding,
3403457,Achievers Early College Prep Charter School,544 Chestnut Ave,Trenton,NJ,8611,Mercer County,public,1-Yes,543,268,,,,,,,,,,
3900785,Dunbar Early College High School,1400 Albritton Dr,Dayton,OH,45408,Montgomery County,public,2-No,542,542,57,,0.0,2,66139,18.8,390438400785,361800,Below Average,
1204058,BROWARD VIRTUAL FRANCHISE,1400 NW 44TH AVE,COCONUT CREEK,FL,33066,Broward County,public,2-No,541,411,97.5,8,0.0,3,77633,13.5,120018004058,100603,Demanding,
4207589,TECH Freire CS,2221 North Broad Street,Philadelphia,PA,19132,Philadelphia County,public,1-Yes,541,541,87,,0.0,2,61953,28.9,420089507589,393313,Demanding,
7200304,PETRA CORRETJER DE O'NEILL,CARR 670 KM 2 HM 7,MANATI,PR,674,Manatí Municipio,public,2-No,541,541,67,1,0.0,2,,,720003000304,,,
0613086,Linda Esperanza Marquez High C School of Social Justice,6361 Cottage St.,Huntington Park,CA,90255,Los Angeles County,public,2-No,541,541,92,8,0.0,3.3399999,90112,16.2,062271013086,,,
0402820,Great Hearts Academies - Arete Prep,4525 E. Baseline Road,Gilbert,AZ,85234,Maricopa County,public,1-Yes,540,243,95,,0.0,1,89300,12.4,040075702820,,,
7200257,PABLO COLON BERDECIA,CALLE BARCELO FINAL SECTOR NUEVO,BARRANQUITAS,PR,794,Barranquitas Municipio,public,2-No,540,540,62,4,0.0,2,,,720003000257,,,
4702510,Chattanooga Preparatory School,1815 Union AVE,Chattanooga,TN,37404,Hamilton County,public,1-Yes,539,251,,,0.0,0,76183,20.3,470159002510,430300,Very Demanding,
4002941,HARDING CHARTER PREPARATORY HS,1301 NE 101st Street,Oklahoma City,OK,73131,Oklahoma County,public,1-Yes,538,538,,21,0.0,1,66679,20.1,400080902941,372713,Very Demanding,
3703616,Central Carolina Academy,1801 Douglas Drive,Sanford,NC,27330,Lee County,public,1-Yes,536,227,,,,,65387,18.6,370047803616,,,
3605534,HS FOR LAW ENFORCEMENT AND PUBLIC SAFETY,116-25 GUY R BREWER BLVD,JAMAICA,NY,11434,Queens County,public,2-No,535,535,87,,,,86136,14.9,360010005534,332554,,
5503111,Green Tree Preparatory Academy,6850 N 53rd St,Milwaukee,WI,53223,Milwaukee County,public,1-Yes,535,332,,,0.0,0,64435,22.1,550960003111,,,
0612791,Math Science & Technology Magnet Academy at Roosevelt High,2530 East 4th St.,Los Angeles,CA,90033,Los Angeles County,public,2-No,534,534,97.5,11,0.0,2,90112,16.2,062271012791,,,
7202073,ANGEL P. MILLAN ROHENA,CAR 857 KM 0.3 BO CANOVANILLAS,CAROLINA,PR,986,Carolina Municipio,public,2-No,534,343,77,,0.0,0,,,720003002073,,,
1706454,Noble St Chtr-Hansberry Prep Slvr,8748 S Aberdeen St,Chicago,IL,60620,Cook County,public,1-Yes,534,534,,,1.0,0,83498,17.3,170993006454,,,
2200981,Sophie B. Wright Institute of Academic Excellence,1426 Napoleon Avenue,New Orleans,LA,70115,Orleans Parish,public,1-Yes,534,532,2.5,3,0.0,2,56631,30.9,220018600981,,,
4814018,IDEA MESA HILLS COLLEGE PREPARATORY,405 WALLEBERG,EL PASO,TX,79912,El Paso County,public,1-Yes,533,205,,,,,,,,442047,Average,
5303610,Technology Access Foundation Academy at Saghalie,33914 19th Ave SW,Federal Way,WA,98023,King County,public,2-No,532,121,,1,0.0,2,124746,9.5,530282003610,,,
4400186,North Smitfield HS,412 Greenville Road,North Smithfield,RI,2896,Providence County,public,2-No,532,532,87,9,0.0,2,78787,17.9,440081000186,400287,Average,
A1101521,OROS BAIS YAKOV,1995 RUTGERS UNIVERSITY BLVD,LAKEWOOD,NJ,8701,OCEAN,private,,530,530,,,0.0,,89863,11.9,,,,
4813398,COMPASS ROSE LEGACY,3300 SIDNEY BROOKS,SAN ANTONIO,TX,78235,Bexar County,public,1-Yes,530,300,,,0.0,0,72341,17.1,480145713398,,,
1706494,Noble St Chtr-Johnson Colg Prep,6350 S Stewart Ave,Chicago,IL,60621,Cook County,public,1-Yes,529,529,,6,0.0,0,83498,17.3,170993006494,,,
0102701,Baldwin Preparatory Academy,33243 State Highway 59,Loxley,AL,36551,Baldwin County,public,2-No,528,528,,,,,,,,,,
3606309,UNION SQUARE ACADEMY FOR HEALTH SCIENCES,40 IRVING PL,NEW YORK,NY,10003,New York County,public,2-No,527,527,92,,,,103931,19.7,360007706309,,,
3604837,PUTNAM VALLEY HIGH SCHOOL,146 PEEKSKILL HOLLOW RD,PUTNAM VALLEY,NY,10579,Putnam County,public,2-No,526,526,97.5,5,1.0,3,126257,6,362400004837,334651,Demanding,
2601485,Voyageur College Prep,4366 MILITARY ST,DETROIT,MI,48210,Wayne County,public,1-Yes,524,524,87,,0.0,1,60539,31.5,260022701485,,,
0613162,Sci Tech Engr Arts and Math at Legacy High Sch Complex,5225 Tweedy Blvd.,South Gate,CA,90280,Los Angeles County,public,2-No,524,524,97.5,7,0.0,3,90112,16.2,062271013162,,,
4207568,KIPP DuBois CS,5070 Parkside Avenue,Philadelphia,PA,19131,Philadelphia County,public,1-Yes,523,523,92,5,0.0,0,61953,28.9,420088607568,,,
4807847,TEXANS CAN ACADEMY - OAK CLIFF,325 W 12TH ST,DALLAS,TX,75208,Dallas County,public,1-Yes,523,523,20,,0.0,1,76547,16,480001607847,441713,Below Average,
2401302,ConneXions: A Community Based Arts School,2801 N Dukeland Street,Baltimore,MD,21216,Baltimore city,public,1-Yes,523,371,62,2,0.0,1,62177,22.8,240009001302,,,
1706093,Ogden Int High School,1250 W Erie St,Chicago,IL,60642,Cook County,public,2-No,519,519,,1,1.0,4,83498,17.3,170993006093,143815,Demanding,
7201432,FRANCISCO OLLER,AVE LAS NEREIDAS,TOA BAJA,PR,962,	Cataño Municipio,public,2-No,519,519,62,1,0.0,0,,,720003001432,,,
0612916,Sotomayor Arts and Sciences Magnet,2050 San Fernando Rd.,Los Angeles,CA,90065,Los Angeles County,public,2-No,517,329,87,6,0.0,3,90112,16.2,062271012916,,,
3602864,RICHARD H HUNGERFORD SCHOOL (THE),715 L OCEAN TERRACE,STATEN ISLAND,NY,10301,Richmond County,public,2-No,516,4,,,,,98333,12.4,360013502864,,,
7200033,JAIME A. COLLAZO DEL RIO,CARR 159 KM  O HM 7 AVE COROZAL BO PUEBLO,MOROVIS,PR,687,Morovis Municipio,public,2-No,515,515,87,,0.0,1,,,720003000033,,,
0403189,ThrivePoint Online High School,4744 W GROVERS AVE,GLENDALE,AZ,85308,Maricopa County,public,1-Yes,513,513,12,,0.0,0,89300,12.4,040031103189,,,
3605714,HIGH SCHOOL FOR YOUTH AND COMMUNITY DEVELOPMENT AT ERASMUS,911 FLATBUSH AVE,BROOKLYN,NY,11226,Kings County,public,2-No,513,512,82,,,,80263,26.5,360009505714,,,
0102140,Central Freshman Academy,2800 Dobbs Drive,Phenix City,AL,36870,Russell County,public,2-No,513,513,,,,,,,,,,
2903434,Raymore-Peculiar Ninth Gr Cntr,17205 E. STATE RT. 58 HIGHWAY,RAYMORE,MO,64083,Cass County,public,2-No,512,512,,,,,,,,,,
1207923,MEDICAL ACADEMY FOR SCIENCE AND TECHNOLOGY (M.A.S.T.) @ HOM,1220 NW 1ST AVE,HOMESTEAD,FL,33030,Miami-Dade County,public,2-No,511,511,97.5,19,0.0,3,71753,16,120039007923,102335,Demanding,
7200614,TOMAS (MASO) RIVERA MORALES,CARR 861 KM 5.5 BO PINAS,TOA ALTA,PR,954,Toa Alta Municipio,public,2-No,511,510,67,1,0.0,1,,,720003000614,,,
5401085,Westside High School,122 Renegade Way,Clear Fork,WV,24822,Wyoming County,public,2-No,509,509,97.5,7,0.0,2,48440,25.1,540165001085,490283,Average,
0500741,MAUMELLE CHARTER HIGH SCHOOL,9701 WHITE OAK CROSSING,NORTH LITTLE,AR,72113,Pulaski County,public,1-Yes,508,372,95,22,0.0,2,62873,20.4,050005900741,,,
0403404,Great Hearts Academies - Cicero Prep,7205 N PIMA RD,SCOTTSDALE,AZ,85258,Maricopa County,public,1-Yes,507,223,95,,0.0,1,89300,12.4,040090003404,,,
0101048,Priceville High School,2650 N Bethel Rd,Decatur,AL,35603,Morgan County,public,2-No,506,506,92,9,0.0,1,68845,15.4,010248001048,010862,Demanding,
7200710,VOCACIONAL ANTONIO REYES PADILLA,CARR 10. KM. 52.5 BO. SALTO ARRIBA,UTUADO,PR,641,Utuado Municipio,public,2-No,505,505,87,,0.0,2,,,720003000710,,,
0612973,Communication and Tech at Diego Rivera Lrng Complex,6100 South Central Ave.,Los Angeles,CA,90001,Los Angeles County,public,2-No,505,505,77,5,0.0,2,90112,16.2,062271012973,,,
4803641,SCHOOL OF SCIENCE AND ENGINEERING,1201 E EIGHTH ST,DALLAS,TX,75203,Dallas County,public,2-No,505,505,97.5,25,0.0,1,76547,16,481623003641,441811,Most Demanding,
2202311,Helix Mentorship STEAM Academy,339 Florida Street,Baton Rouge,LA,70801,East Baton Rouge Parish,public,1-Yes,504,504,92,8,0.0,2,63071,28.3,220054002311,,,
2606378,PewamoWestphalia MiddleHigh School,5101 S CLINTONIA RD,WESTPHALIA,MI,48894,Clinton County,public,2-No,504,322,97.5,6,0.0,2,88210,7,262796006378,233000,Demanding,
4501788,Atlantic Collegiate Academy,5086 Bear Bluff Road,Conway,SC,29526,Horry County,public,1-Yes,502,502,,,,,66880,22.1,450391901788,410001,Average,
2700047,Le Sueur-Henderson Middle/High,901 E FERRY ST,LE SUEUR,MN,56058,Le Sueur County,public,2-No,500,281,77,4,0.0,2,94968,6.4,271807000047,241370,Average,
4804350,FOX TECHNICAL H S,637 N MAIN AVE,SAN ANTONIO,TX,78205,Bexar County,public,1-Yes,499,499,97.5,7,0.0,2,72341,17.1,483873004350,446240,Average,
5303891,Tacoma Online High School,6501 N.23rd St.,Tacoma,WA,98406,Pierce County,public,2-No,497,497,,,,,99564,10.9,530870003891,481351,Below Average,
4813058,UPLIFT HEIGHTS HEALTHCARE INSTITUTE,2650 CANADA DR,DALLAS,TX,75212,Dallas County,public,1-Yes,497,497,97.5,,1.0,4,76547,16,480003013058,,,
0501679,HALL HIGH SCHOOL - WEST SOI,5701 RANCH DRIVE,LITTLE ROCK,AR,72223,Pulaski County,public,2-No,495,495,,7,0.0,0,62873,20.4,050900001679,041423,Below Average,
3603506,MHS AMES CAMPUS,198 BALTIMORE AVE,MASSAPEQUA,NY,11758,Nassau County,public,2-No,495,483,,,,,,,,,,
0612885,Performing Arts Community at Diego Rivera Learning Complex,6100 South Central Ave.,Los Angeles,CA,90001,Los Angeles County,public,2-No,494,494,87,9,0.0,3,90112,16.2,062271012885,,,
4812621,YOUNG WOMEN'S COLLEGE PREP ACADEMY,1906 CLEBURNE ST,HOUSTON,TX,77004,Harris County,public,2-No,494,233,95,16,0.0,0.46000001,74983,22.6,482364012621,,,
1304154,Martha Ellen Stilwell School for the Performing Arts,2580 Mount Zion Pkwy,Jonesboro,GA,30236,Clayton County,public,2-No,494,494,97.5,16,0.0,2,59806,24.6,130123004154,,,
4702133,Alvin C. York Agricultural Institute,701 North Main ST,Jamestown,TN,38556,Fentress County,public,2-No,493,493,97.5,7,0.0,2,51149,24.4,470014402133,,,
0612937,Diego Rivera Learning Complex Green Design STEAM Academy,6100 South Central Ave.,Los Angeles,CA,90001,Los Angeles County,public,2-No,493,493,87,10,0.0,2,90112,16.2,062271012937,,,
4809481,ONALASKA JR/SR HIGH,1885 FM 3459,ONALASKA,TX,77360,Polk County,public,2-No,492,325,95,,0.0,1,62259,21.1,483369009481,445223,Demanding,
0604529,Kern Workforce 2000 Academy,5801 Sundale Ave.,Bakersfield,CA,93309,Kern County,public,1-Yes,491,491,56,,0.0,5,70210,24,061954004529,,,
0403251,ASU Preparatory Academy-Polytechnic High School,7350 E. Innovation Way South,Mesa,AZ,85212,Maricopa County,public,1-Yes,489,369,97.5,,0.0,3,89300,12.4,040085903251,,,
1303761,Lee High School 9th Grade Campus,370 Leslie Hwy,Leesburg,GA,31763,Lee County,public,2-No,488,485,,,,,,,,110693,,
3606634,URBAN ASSEMBLY CHARTER SCHOOL FOR COMPUTER SCIENCE,447 WALES AVE,BRONX,NY,10455,Bronx County,public,1-Yes,488,487,,,,,48676,38,360118206634,,,
3606721,CAPITAL PREPARATORY BRONX CHARTER SCHOOL,755 CO OP CITY BLVD,BRONX,NY,10475,Bronx County,public,1-Yes,488,206,,,,,,,,330661,Average,
3604223,WILSON MIDDLE/HIGH SCHOOL,374-80 LAKE ST,WILSON,NY,14172,Niagara County,public,2-No,487,278,92,,0.0,3,69633,16,363156004223,335990,Average,
00031301,ST MARY'S CATHOLIC HIGH SCHOOL,2525 N 3RD ST,PHOENIX,AZ,85004,MARICOPA,private,,487,487,,,0.0,,89300,12.4,,030300,Average,
1203684,COLLEGE ACADEMY AT BROWARD COLLEGE,3501 DAVIE RD,DAVIE,FL,33314,Broward County,public,2-No,487,487,99.5,,0.0,1,77633,13.5,120018003684,100343,Most Demanding,
1208919,KENDALL GREENS HIGH SCHOOL,8610 SW 107 AVE,MIAMI,FL,33176,Miami-Dade County,public,1-Yes,482,482,,,0.0,1,71753,16,120039008919,,,
2401331,Reginald F. Lewis High,6401 Pioneer Drive,Baltimore,MD,21214,Baltimore city,public,2-No,481,481,52,2,0.0,2,62177,22.8,240009001331,,,
0603737,Robert Elliott Alternative Education Center,1440 Sunrise Ave.,Modesto,CA,95350,Stanislaus County,public,2-No,479,479,53,,0.0,0.2,81468,18.3,062515003737,052024,Below Average,
7201942,VOCACIONAL WILLIAM RIVERA BETANCOURT,BO SAN ISIDRO PR 188,CANOVANAS,PR,729,Canóvanas Municipio,public,2-No,479,479,87,,0.0,1,,,720003001942,,,
00922659,MSGR SCANLAN HIGH SCHOOL,915 HUTCHINSON RIVER PKWY 1,BRONX,NY,10465,BRONX,private,,476,476,,,0.0,,48676,38,,334970,Very Demanding,
7201803,SUPERIOR VOCACIONAL ELADIO RIVERA QUINONES,CARR 187 KM 5 HM 6 BO MEDIANIA,LOIZA,PR,772,Loíza Municipio,public,2-No,476,476,92,1,0.0,1,,,720003001803,,,
A2300949,WEINBAUM YESHIVA HIGH SCHOOL,20900 RUTH BARON COHEN BLVD,BOCA RATON,FL,33428,PALM BEACH,private,,475,475,,,0.0,,83581,14.1,,,,
1208087,SUNFIRE HIGH SCHOOL,2360 W OAKLAND PARK BLVD,OAKLAND PARK,FL,33311,Broward County,public,1-Yes,474,474,37,,0.0,0,77633,13.5,120018008087,,,
0602846,Buckingham Collegiate Charter Academy,100 McClellan St.,Vacaville,CA,95688,Solano County,public,1-Yes,474,474,97.5,6,0.0,2,100401,11.2,064059002846,053596,Average,
4813660,IDEA NAJIM COLLEGE PREPARATORY,926 S WW WHITE RD,SAN ANTONIO,TX,78220,Bexar County,public,1-Yes,474,170,,2,0.0,0,72341,17.1,480021113660,442047,Average,
0610681,MIT Academy,2 Positive Pl.,Vallejo,CA,94589,Solano County,public,1-Yes,473,473,82,2,0.0,1,100401,11.2,060248310681,053844,Average,
3904747,Arts & College Preparatory Academy,4401 Hilton Corporate Dr,Columbus,OH,43232,Franklin County,public,1-Yes,473,370,97.5,3,0.0,3,75176,16.5,390022304747,365081,Average,
0612559,Ambassador-Global Leadership,701 South Catalina St.,Los Angeles,CA,90005,Los Angeles County,public,2-No,472,291,87,6,0.0,3.2,90112,16.2,062271012559,,,
7201564,CACIQUE AGUEYBANA,URB SIERRA BAYAMON CALLE 61,BAYAMON,PR,960,Bayamón Municipio,public,2-No,471,330,97.5,,0.0,1,,,720003001564,,,
3603886,TACONIC HILLSJUNIOR/SENIOR HIGH SCHOOL,73 COUNTY RTE 11A,CRARYVILLE,NY,12521,Columbia County,public,2-No,471,300,77,9,0.0,3.5,81528,13.2,362862003886,334505,Average,
0610514,R. Rex Parris High,38801 Clock Tower Plaza Dr.,Palmdale,CA,93550,Los Angeles County,public,2-No,469,469,17,,0.0,1,90112,16.2,060282010514,051493,Demanding,
3606611,LEWIS J BENNETT HIGH SCHOOL OF INNOVATIVE TECHNOLGY,2885 MAIN ST,BUFFALO,NY,14214,Erie County,public,2-No,469,469,87,4,0.0,2,72839,14.2,360585006611,,,
0403753,Ombudsman Online Academy,3624 West Bell Road Suite 4-6,Glendale,AZ,85308,Maricopa County,public,1-Yes,469,469,,,0.0,1,89300,12.4,040010303753,,,
7202012,VENUS GARDENS,URB VENUS GARDENS 722 CALLE ASTER,TRUJILLO ALTO,PR,926,San Juan Municipio,public,2-No,468,468,82,2,0.0,0,,,720003002012,,,
0800322,Career Education Center Early College,2650 ELIOT STREET,DENVER,CO,80211,Denver County,public,2-No,468,468,97.5,,0.0,3,94718,17.4,080336000322,060411,Average,
1500305,DreamHouse Ewa Beach,91-1245 Franklin D Roosevelt Ave #A,Kapolei,HI,96707,Honolulu County,public,1-Yes,467,210,,,,,,,,,,
2800975,O'Bannon High School,1203 S. Raceway Road,Greenville,MS,38701,Washington County,public,2-No,467,294,84.5,3,0.0,1,42165,44.2,280468000975,251035,Demanding,
0612547,Stockton Collegiate International Secondary,400 E. Main St.,Stockton,CA,95202,San Joaquin County,public,1-Yes,466,229,95,,1.0,1.5,92179,16,060179212547,,,
0403219,EdOptions HS Learning Center,6710 West Calle Lejos,Peoria,AZ,85383,Maricopa County,public,1-Yes,465,439,14,,0.0,0,89300,12.4,040081603219,,,
3606440,INSTITUTE FOR HEALTH PROFESSIONS AT CAMBRIA HEIGHTS,207-01 116TH AVE,CAMBRIA HEIGHTS,NY,11411,Queens County,public,2-No,464,464,92,,,,86136,14.9,360010106440,,,
0501012,SOUTHSIDE CHARTER HIGH SCHOOL,1920 BATESVILLE BLVD,SOUTHSIDE,AR,72501,Independence County,public,1-Yes,464,464,,,,,,,,040120,Average,
1204392,COLLEGIATE HIGH SCHOOL AT NORTHWEST FLORIDA STATE COLLEGE,100 COLLEGE BLVD E,NICEVILLE,FL,32578,Okaloosa County,public,1-Yes,463,463,97.5,,0.0,1,81998,12.5,120138004392,101608,Demanding,
4400479,RINI Middle College,150 Washington Street,Providence,RI,2903,Providence County,public,1-Yes,462,462,84.5,,0.0,2,78787,17.9,440001900479,,,
3905590,Old Brook High School,4877 Pearl Rd,Cleveland,OH,44109,Cuyahoga County,public,1-Yes,462,462,37,,0.0,0,64468,21.6,390141105590,360605,Demanding,
2608476,ACTech High School,2095 PACKARD RD,YPSILANTI,MI,48197,Washtenaw County,public,2-No,459,459,87,,0.0,1.5,89180,10.2,263663008476,232065,Demanding,
1802730,Christel House Watanabe Manual High School,2405 Madison Ave,Indianapolis,IN,46225,Marion County,public,1-Yes,458,458,,,0.0,2,66346,21.8,180001802730,,,
0612971,Public Service Community at Diego Rivera Learning Complex,6100 South Central Ave.,Los Angeles,CA,90001,Los Angeles County,public,2-No,457,457,92,8,0.0,2,90112,16.2,062271012971,,,
3905842,Millstream Career Center,1150 Broad Ave,Findlay,OH,45840,Hancock County,public,2-No,455,455,,,,,,,,363427,,
1210745,DORAL PARK HIGH SCHOOL,10613 NW 12TH ST,DORAL,FL,33172,Miami-Dade County,public,1-Yes,454,454,,,,,71753,16,120039010745,101274,Average,
1705076,Clark Acad Prep Magnet High Schl,5101 W Harrison St,Chicago,IL,60644,Cook County,public,2-No,453,453,,,0.0,2,83498,17.3,170993005076,141301,Average,
3703428,Discovery Charter,501 Orange Factory Road,Bahama,NC,27503,Durham County,public,1-Yes,453,149,,,,,,,,,,
3501117,SIEMBRA LEADERSHIP HIGH SCHOOL,524 CENTRAL AVE SW,ALBUQUERQUE,NM,87102,Bernalillo County,public,1-Yes,452,452,40,,0.0,1,69473,15.6,350006001117,,,
0610844,Dr. Richard A. Vladovic Harbor Teacher Preparation Academy,1111 Figueroa Pl.,Wilmington,CA,90744,Los Angeles County,public,2-No,452,452,97.5,13,0.0,1,90112,16.2,062271010844,053747,Very Demanding,
7200435,BELEN BLANCO DE ZEQUEIRA,URB SAN PATRICIO 205 CALLE CARLOS ESCOBAR,LOIZA,PR,772,Loíza Municipio,public,2-No,451,234,74.5,,0.0,0,,,720003000435,,,
3701930,Washington County High,800 E Main St,Plymouth,NC,27962,Washington County,public,2-No,450,245,82,,0.0,1,41813,32,370480001930,343145,Average,
5303466,Acceleration Academy,16218 Pacific Ave,Spanaway,WA,98387,Pierce County,public,2-No,450,450,,,0.0,1,99564,10.9,530048003466,,,
0402206,Compass High School,8250 E 22ND ST # 128,TUCSON,AZ,85710,Pima County,public,1-Yes,449,449,37,,0.0,0,70315,16.7,040033002206,030443,,
7200370,ADELA ROLON FUENTES,AVE PRINCIPAL TOA ALTA HEIGHTS,TOA ALTA,PR,954,Toa Alta Municipio,public,2-No,448,448,87,1,0.0,2,,,720003000370,,,
A9903264,TAG HIGH SCHOOL,636 LANETT AVE,FAR ROCKAWAY,NY,11691,QUEENS,private,,448,448,,,0.0,,86136,14.9,,335765,Demanding,
4814249,LA PROMESA,11101 AIRLINE DR,HOUSTON,TX,77073,Harris County,public,2-No,448,448,,,0.0,1,74983,22.6,480771014249,,,
3500822,PUBLIC ACADEMY FOR PERFORMING ARTS,11800 PRINCESS JEANNE AVE. NE,ALBUQUERQUE,NM,87112,Bernalillo County,public,1-Yes,448,221,97,2,0.0,0,69473,15.6,350006000822,,,
3605512,CAREERS IN SPORTS HIGH SCHOOL,730 CONCOURSE VILLAGE W,BRONX,NY,10451,Bronx County,public,2-No,446,444,77,,,,48676,38,360008405512,330612,,
1100433,E.L. Haynes PCS - HS,4501 KANSAS AVENUE NW,Washington,DC,20011,District of Columbia,public,1-Yes,446,446,92,8,0.0,0,109870,24.9,110004300433,,,
1203467,NEW DIMENSIONS HIGH SCHOOL,4900 OLD PLEASNT HILL RD,KISSIMMEE,FL,34759,Osceola County,public,1-Yes,445,445,97.5,,0.0,0,72637,18.5,120147003467,100851,Demanding,
2210447,Louisiana Rebirth Blended Learning Academy,4962 Florida Blvd.,Baton Rouge,LA,70806,East Baton Rouge Parish,public,1-Yes,444,444,,,,,63071,28.3,228011410447,,,
4813596,YOUNG WOMEN'S STEAM RESEARCH & PREPARATORY ACADEMY,2231 ARIZONA AVE,EL PASO,TX,79930,El Paso County,public,2-No,443,120,,7,0.0,0.83999997,59806,23,481830013596,,,
3910870,Pathfinder Career Academy of Ohio,4 Summit Park Dr,Independence,OH,44131,Cuyahoga County,public,1-Yes,442,190,,,,,,,,,,
2704749,HGA Secondary,1471 BREWSTER STREET,SAINT PAUL,MN,55108,Ramsey County,public,1-Yes,442,349,95,,0.0,1,81568,12.9,270014004749,,,
0806462,Springs Studio for Academic Excellence,6113 CONSTITUTION AVE,COLORADO SPRINGS,CO,80915,El Paso County,public,2-No,442,299,92,2,0.0,2.0899999,90363,8.4,080387006462,,,
0402011,Tech Campus,3816 N 27TH AVE,PHOENIX,AZ,85017,Maricopa County,public,1-Yes,442,442,17,,0.0,1,89300,12.4,040021902011,,,
4100272,LaPine Senior High School,51633 Coach Rd,LaPine,OR,97739,Deschutes County,public,2-No,440,440,57,3,0.0,2,92758,8,410198000272,380584,Below Average,
3906035,Garrett Morgan School of Leadership and Innovation,4600 Detroit Ave,Cleveland,OH,44102,Cuyahoga County,public,2-No,440,440,,,0.0,1,64468,21.6,390437806035,,,
1100508,Goodwill Excel Center PCS,1776 G STREET NW,Washington,DC,20006,District of Columbia,public,1-Yes,440,440,15,,,,109870,24.9,110010500508,,,
4900906,Fast Forward High,875 W 1400 N,LOGAN,UT,84321,Cache County,public,1-Yes,439,439,82,,0.0,2,81665,6.9,490001900906,450173,Demanding,
0601986,Farber School of Credit Attainment,720 S 10th St.,Fresno,CA,93702,Fresno County,public,2-No,439,439,43,,0.0,2,74201,24.5,061455001986,051054,Below Average,
2400899,Anne Arundel Evening High,60 Robinson Road,Severna Park,MD,21146,Anne Arundel County,public,2-No,439,439,27,,0.0,0,124911,7.3,240006000899,210944,Below Average,
2901067,MAPLEWOOD-RICHMOND HGTS. HIGH,7500 Lohmeyer Ave,MAPLEWOOD,MO,63143,St. Louis County,public,2-No,439,439,97.5,8,0.0,2,82936,12.5,292001001067,262080,Demanding,
0901478,Classical Magnet School,85 Woodland Street,Hartford,CT,6105,Capitol Planning Region,public,2-No,438,313,95,,0.0,3,93394,13.9,090192001478,070306,Average,
0611235,TRACE,4063 Polk Ave.,San Diego,CA,92105,San Diego County,public,2-No,437,437,10,,0.0,1,106268,10.8,063432011235,,,
4205059,West Side Career & Technology Center,75 Evans Street,Kingston,PA,18704,Luzerne County,public,2-No,437,437,92,,0.0,1,63691,19.2,422587005059,392042,Below Average,
3910882,Aerospace & Natural Science Academy of Toledo,5561 Elmer Dr,Toledo,OH,43615,Lucas County,public,2-No,437,343,,,,,62224,20.5,390449010882,,,
4200826,Randolph A. Philip Area Vocational-Technical High School,3101 Henry Avenue,Philadelphia,PA,19129,Philadelphia County,public,2-No,437,437,82,,0.0,1,61953,28.9,421899000826,393905,Average,
3606643,BUFFALO SCHOOL OF CULINARY ARTS AND HOSPITALITY MANAGEMENT,75 W HURON ST,BUFFALO,NY,14201,Erie County,public,2-No,436,419,87,5,0.0,1,72839,14.2,360585006643,,,
7201554,PABLO CASALS,URB BAYAMON GARDENS CALLE D,BAYAMON,PR,956,Bayamón Municipio,public,2-No,435,269,92,2,0.0,1,,,720003001554,,,
4002399,ASTEC CHARTER HS,2401 NW 23rd Street  Ste  39A,Oklahoma City,OK,73107,Oklahoma County,public,1-Yes,435,435,87,3,0.0,1,66679,20.1,400078302399,372706,Average,
2902691,STEAM ACADEMY AT MSB HIGH SCHO,201 BROTHERTON LN,FERGUSON,MO,63135,St. Louis County,public,2-No,434,434,95,9,0.0,2,82936,12.5,291201002691,260170,Average,
1304069,Richmond County Technical Career Magnet School,3200 Augusta Tech Dr # B,Augusta,GA,30906,Richmond County,public,2-No,433,245,97.5,6,0.0,2,55637,27.3,130438004069,,,
3600806,PS 373 BROOKLYN TRANSITION CENTER,185 ELLERY ST,BROOKLYN,NY,11206,Kings County,public,2-No,433,3,,,,,,,,,,
1100264,Garnet-Patterson STAY HS,2001 10th St NW,Washington,DC,20001,District of Columbia,public,2-No,432,432,12,,0.0,3,109870,24.9,110003000264,,,
1802592,Excel Center - University Heights,3919 Madison Ave,Indianapolis,IN,46227,Marion County,public,1-Yes,432,432,,,0.0,0,66346,21.8,180015902592,,,
4501581,SC Whitmore School,501 Commerce Drive NE,Columbia,SC,29223,Richland County,public,1-Yes,431,431,59,4,0.0,3,63784,18,450390101581,,,
7202048,DRA. CONCHITA CUEVAS,PR 30 INT PR 189 RAMAL 9944,GURABO,PR,778,Gurabo Municipio,public,2-No,430,430,72,,0.0,1,,,720003002048,,,
3605796,THEATRE ARTS PRODUCTION COMPANY SCHOOL,2225 WEBSTER AVE,BRONX,NY,10457,Bronx County,public,2-No,427,341,77,,,,48676,38,360008705796,,,
0401588,AAEC - SMCC Campus,2002 E BASELINE RD,PHOENIX,AZ,85042,Maricopa County,public,1-Yes,426,426,97.5,,0.0,1,89300,12.4,040041701588,,,
7200193,JUAN ANTONIO CORRETJER CIALES,CARR 146 KM 2 BO CORDILLERA,CIALES,PR,638,Ciales Municipio,public,2-No,426,426,72,3,0.0,1,,,720003000193,,,
1706453,Aspira Charter - Bus and Fin,2989 N Milwaukee Ave,Chicago,IL,60618,Cook County,public,1-Yes,426,426,,10,0.0,3,83498,17.3,170993006453,,,
7201990,STELLA MARQUEZ,CALLE UNION FINAL,SALINAS,PR,751,Salinas Municipio,public,2-No,425,258,67,3,0.0,2,,,720003001990,,,
3904151,Garrett Morgan School of Engineering & Innovation,4600 Detroit Ave,Cleveland,OH,44102,Cuyahoga County,public,2-No,425,425,64.5,3,0.0,2,64468,21.6,390437804151,,,
3703110,Richmond 9th Grade Academy,804 County Home Rd,Hamlet,NC,28345,Richmond County,public,2-No,424,424,,,,,,,,,,
4901060,Beehive Science & Technology Academy,2165 East 9400 South,SANDY,UT,84093,Salt Lake County,public,1-Yes,424,179,90,9,0.0,1,97494,7.7,490002301060,,,
0610865,CHAMPS - Charter HS of Arts-Multimedia & Performing,6842 Van Nuys Blvd.,Van Nuys,CA,91405,Los Angeles County,public,1-Yes,424,424,87,9,0.0,7,90112,16.2,060158010865,053896,Below Average,
7200359,DR. MAXIMO DONOSO SANCHEZ,CARR 510 KM 2 HM 4 BO LA PLENA,JUANA DIAZ,PR,795,Juana Díaz Municipio,public,2-No,424,241,84.5,,0.0,1,,,720003000359,,,
4822812,ILTEXAS LIBERTY H S,1954 RD 5714,CLEVELAND,TX,77327,Liberty County,public,1-Yes,421,421,,,,,,,,444155,Average,
3600864,MINERVA DELAND SCHOOL,140 HULBURT RD,FAIRPORT,NY,14450,Monroe County,public,2-No,419,419,,,,,,,,334305,,
1705993,Zion-Benton East High School,1634 23rd St,Zion,IL,60099,Lake County,public,2-No,419,419,,,0.0,1,110416,8.3,174389005993,143700,Average,
3603074,PROGRESS HIGH SCHOOL FOR PROFESSIONAL CAREERS,850 GRAND ST,BROOKLYN,NY,11211,Kings County,public,2-No,418,416,72,,,,80263,26.5,360011903074,,,
4204940,Lawrence County Career and Technical Center,750 Phelps Way,New Castle,PA,16101,Lawrence County,public,2-No,418,418,97.5,,0.0,1,61931,19.6,421339004940,392901,Below Average,
4812717,YOUNG MEN'S LEADERSHIP ACADEMY,5100 WILLIE,FORT WORTH,TX,76105,Tarrant County,public,2-No,418,191,95,7,0.0,2,84207,14.9,481970012717,446281,Very Demanding,
3605716,FDNY-CAPTAIN VERNON A RICHARDS HS,400 PENNSYLVANIA AVE,BROOKLYN,NY,11207,Kings County,public,2-No,417,416,74.5,,,,80263,26.5,360012005716,,,
7201468,PETRA ROMAN VIGO,CARR. 887 KM. 3.5 BO SAN ANTON,CAROLINA,PR,979,Carolina Municipio,public,2-No,416,208,,,0.0,0,,,720003001468,,,
1706514,Perspectives Chtr -  IIT Campus,3663 S Wabash Ave,Chicago,IL,60653,Cook County,public,1-Yes,413,378,,2,0.0,1,83498,17.3,170993006514,,,
3606225,INNOVATION CHARTER HIGH SCHOOL,410 E 100TH ST-2ND FL,NEW YORK,NY,10029,New York County,public,1-Yes,412,411,77,2,0.0,9,103931,19.7,360103606225,,,
7202017,ERNESTINA MENDEZ,CARR.111KM.17HM 5 BO. BAHONAMEY,SAN SEBASTIAN,PR,685,San Sebastián Municipio,public,2-No,412,189,,,0.0,1,,,720003002017,,,
2201378,LA School for Ag Science,5303 Highway 115,Bunkie,LA,71322,Avoyelles Parish,public,1-Yes,412,263,97.5,,0.0,1,39325,30.3,220015001378,190379,Very Demanding,
3601909,ALFRED E SMITH CAREER AND TECHNICAL EDUCATION HIGH SCHOOL,333 E 151ST ST,BRONX,NY,10451,Bronx County,public,2-No,412,412,97.5,,,,48676,38,360008401909,,,
0613133,Visual and Performing Arts at Legacy High School Complex,5225 Tweedy Blvd.,South Gate,CA,90280,Los Angeles County,public,2-No,411,411,87,4,0.0,2,90112,16.2,062271013133,052900,Demanding,
1207882,FLORIDA SOUTHWESTERN COLLEGIATE HIGH SCHOOL,8099 COLLEGE PKWY,FT MYERS,FL,33919,Lee County,public,1-Yes,411,411,97.5,,0.0,2,76107,13,120108007882,102341,Demanding,
7201230,ADOLFINA IRIZARRY DE PUIG,AVE LUIS MUNOZ RIVERA FINAL #2,TOA BAJA,PR,951,Toa Baja Municipio,public,2-No,410,409,67,,0.0,1,,,720003001230,,,
7201844,JOSEFA DEL RIO GUERRERO,CARR 155 KM 1.6 BO PUEBLO,MOROVIS,PR,687,Morovis Municipio,public,2-No,409,405,67,,0.0,1,,,720003001844,,,
4702420,Coffee County Raider Academy,865 McMinnville HWY,Manchester,TN,37355,Coffee County,public,2-No,409,409,,,,,,,,,,
0614144,Westbrook Academy,2340 Firestone Blvd.,South Gate,CA,90280,Los Angeles County,public,1-Yes,409,206,84.5,3,0.0,1,90112,16.2,060161214144,,,
0901381,University High School of Science and Engineering,351 Mark Twain Drive,Hartford,CT,6112,Capitol Planning Region,public,2-No,406,406,92,4,0.0,2,93394,13.9,090192001381,,,
1802804,Excel Center - Shadeland,2525 N. Shadeland Ave,Indianapolis,IN,46219,Marion County,public,1-Yes,404,404,,,,,66346,21.8,181324302804,,,
4804181,SOUTH TEXAS ISD WORLD SCHOLARS,510 S SUGAR RD,EDINBURG,TX,78539,Hidalgo County,public,2-No,403,403,97.5,1,1.0,3.6700001,54338,32.3,483715004181,442149,Demanding,
0401734,West Phoenix High School,3835 W THOMAS RD,PHOENIX,AZ,85019,Maricopa County,public,1-Yes,403,403,22,,0.0,0,89300,12.4,040035501734,030387,Average,
4710504,Battle Creek High School,130 Battle Creek Way,Spring Hill,TN,37174,Maury County,public,2-No,402,402,,,,,76130,10.9,470276010504,430268,Average,
3703416,Williams Secondary Montessori,2400 Carmine St,Charlotte,NC,28206,Mecklenburg County,public,2-No,401,227,90,11,0.0,2,87005,14.1,370297003416,,,
4710428,KA @ The Crossings,5320 Hickory Hollow PKWY,Antioch,TN,37013,Davidson County,public,1-Yes,400,231,,,,,77853,17.3,470318010428,,,
2201525,Richwood High School,5901 Highway 165 S,Monroe,LA,71202,Ouachita Parish,public,2-No,400,400,82,,0.0,2.0599999,54688,23.9,220120001525,191834,Demanding,
2500261,Albert D Holland School of Technology,60 Washington Street,Dorchester,MA,2121,Suffolk County,public,2-No,399,341,77,5,0.0,1,95631,21.3,250279000261,220290,Demanding,
7200750,CRISTINA (AMADA) MARTINEZ MARTINEZ,CARR 149 BO JAGUEYES DESVIO #5561,VILLALBA,PR,766,Villalba Municipio,public,2-No,399,399,92,,0.0,1,,,720003000750,,,
1701530,Du Quoin High School,500 E South St,Du Quoin,IL,62832,Perry County,public,2-No,397,397,,2,0.0,2,62118,14.8,171276001530,141655,Average,
2500816,Pioneer Valley Performing Arts Charter Public School,15 Mulligan Drive,South Hadley,MA,1075,Hampshire County,public,1-Yes,397,255,95,1,0.0,2,87001,10.3,250004400816,220947,Average,
2801029,Sumner Hill Junior High School,400 W. Northside Drive,Clinton,MS,39056,Hinds County,public,2-No,396,396,,,,,,,,,,
1208152,SUNSHINE HIGH SCHOOL-GREATER ORLANDO CAMPUS,6600 OLD WINTER GARDEN RD,ORLANDO,FL,32835,Orange County,public,1-Yes,395,382,21,,0.0,0,79719,16.1,120144008152,,,
3904094,Washington County CC Barrett Bld,21740 State Route 676,Marietta,OH,45750,Washington County,public,2-No,394,394,,,,,,,,,,
0801857,Mapleton Expeditionary School of the Arts,8980 YORK ST,THORNTON,CO,80299,Adams County,public,2-No,393,393,77,1,0.0,0,94571,10.9,080555001857,060443,Demanding,
7201483,CARLOS F. DANIELS,URB SEVERO QUINONES CALLE J S QUINONES,CAROLINA,PR,986,Carolina Municipio,public,2-No,393,392,,,0.0,0,,,720003001483,,,
0611650,School of Business and Tourism at Contreras Learning Complex,322 Lucas Ave.,Los Angeles,CA,90017,Los Angeles County,public,2-No,392,392,72,6,0.0,1,90112,16.2,062271011650,,,
5303575,Industrial Design Engineering and Arts,6701 S Park Ave,Tacoma,WA,98444,Pierce County,public,2-No,392,392,,2,0.0,0,99564,10.9,530870003575,,,
5303444,Tacoma Open Doors,1818 Tacoma Ave S,Tacoma,WA,98402,Pierce County,public,2-No,392,392,,,0.0,0,99564,10.9,530870003444,,,
3605179,BRONX HIGH SCHOOL FOR THE VISUAL ARTS,2040 ANTIN PL,BRONX,NY,10462,Bronx County,public,2-No,392,391,77,,,,48676,38,360008805179,330557,,
3605603,WESTERN NEW YORK MARITIME CHARTER SCHOOL,2219 S PARK AVE,BUFFALO,NY,14220,Erie County,public,1-Yes,392,268,92,,0.0,5,72839,14.2,360010605603,,,
0403163,Hope High School Online,5651 W TALAVI BLVD STE 170,GLENDALE,AZ,85306,Maricopa County,public,1-Yes,391,391,23,,0.0,1.25,89300,12.4,040063603163,,,
5303895,Vanguard Academy,740 E Yonezawa Blvd,Moses Lake,WA,98837,Grant County,public,2-No,387,387,,,,,73267,19.3,530522003895,,,
2703078,Rochester Alternative Learning Cntr,37 WOOD LAKE DR SE,ROCHESTER,MN,55904,Olmsted County,public,2-No,387,387,49,,0.0,0,95406,6.8,273180003078,,,
0901633,Information Technology & Software Engineering Magnet High Sc,840 Old Town Road,Bridgeport,CT,6606,Greater Bridgeport Planning Region,public,2-No,386,386,92,14,0.0,2,89667,14.3,090045001633,,,
3606059,HIGH SCHOOL FOR INNOVATION IN ADVERTISING AND MEDIA,1600 ROCKAWAY PKWY,BROOKLYN,NY,11236,Kings County,public,2-No,386,385,84.5,,,,80263,26.5,360009606059,,,
2401385,Vivien T. Thomas Medical Arts Academy,100 N Calhoun Street,Baltimore,MD,21223,Baltimore city,public,2-No,386,386,67,2,0.0,1,62177,22.8,240009001385,,,
3605659,RENAISSANCE HIGH SCHOOL FOR MUSICAL THEATER AND THE ARTS,3000 E TREMONT AVE,BRONX,NY,10461,Bronx County,public,2-No,385,385,82,,,,48676,38,360008505659,,,
4400530,Times2 Middle/High School,50 Fillmore Street,Providence,RI,2908,Providence County,public,1-Yes,383,187,84.5,3,0.0,2,78787,17.9,440090000530,,,
7200331,SUPERIOR MANUEL RAMOS HERNANDEZ,CARR 2 KM 101 HM 3,QUEBRADILLAS,PR,678,Quebradillas Municipio,public,2-No,383,383,92,,0.0,1,,,720003000331,,,
5303490,Edmonds Career Access Program,20000 68th Ave W,Lynnwood,WA,98036,Snohomish County,public,2-No,383,383,,,0.0,0,111246,8.9,530240003490,,,
2700023,KERKHOVEN SECONDARY,302 N 15TH ST,KERKHOVEN,MN,56252,Swift County,public,2-No,382,241,95,2,0.0,1,60412,13.9,271712000023,241280,Average,
2502916,Emergence Academy,415 State Street,Springfield,MA,1105,Hampden County,public,2-No,382,196,,,,,,,,,,
2704680,Creative Arts Secondary School,65 KELLOGG BLVD E,SAINT PAUL,MN,55101,Ramsey County,public,2-No,382,179,84.5,4,0.0,3,81568,12.9,273384004680,240100,Average,
2903395,KIPP KC LEGACY HIGH SCHOOL,1522 Winchester Ave,Kansas City,MO,64126,Jackson County,public,1-Yes,382,382,,,0.0,1,68577,16,290003103395,,,
5502755,Carmen High School of Science and Technology South Campus,1712 S 32nd St,Milwaukee,WI,53215,Milwaukee County,public,1-Yes,382,382,82,8,0.0,0,64435,22.1,550960002755,,,
3906006,Tri Star Career Compact,7655 State Route 703,Celina,OH,45822,Mercer County,public,2-No,382,382,,,,,,,,,,
2703692,RTR Secondary School,111 COUNTY HIGHWAY 8,TYLER,MN,56178,Lincoln County,public,2-No,380,222,95,,0.0,1,69694,9.4,270029403692,240035,Demanding,
1902268,Virtual Campus,1800 Grand Avenue,Des Moines,IA,50309,Polk County,public,2-No,380,380,52,10,0.0,2.8,83576,12.9,190897002268,,,
3600811,BROADWAY ACADEMY,1000 BROADWAY,ELMIRA,NY,14904,Chemung County,public,2-No,379,379,,,,,,,,,,
3403107,Paterson STEAM High School,764 11TH AVENUE,PATERSON,NJ,7514,Passaic County,public,2-No,379,379,82,1,0.0,2,87522,17.2,341269003107,,,
2608957,Southwest MiddleHigh  Academia Bilingue,327 RUMSEY ST SW,GRAND RAPIDS,MI,49503,Kent County,public,2-No,378,236,,1,0.0,1,82631,11.2,261644008957,,,
3606484,URBAN ASSEMBLY SCHOOL FOR COLLABORATIVE HEALTHCARE (THE),999 JAMAICA AVE,BROOKLYN,NY,11208,Kings County,public,2-No,377,377,92,,,,80263,26.5,360012006484,,,
1303980,Coretta Scott King Young Women's Leadership Academy,1190 Northwest Dr NW,Atlanta,GA,30318,Fulton County,public,2-No,377,193,95,9,0.0,2,95292,12.8,130012003980,,,
1207904,ANDREWS HIGH SCHOOL,3500 N ANDREWS AVE,POMPANO BEACH,FL,33064,Broward County,public,1-Yes,376,376,62,,0.0,1,77633,13.5,120018007904,100132,Very Demanding,
0901636,Biotechnology Research & Zoological Studies Magnet High Scho,840 Old Town Road,Bridgeport,CT,6606,Greater Bridgeport Planning Region,public,2-No,376,376,92,10,0.0,1,89667,14.3,090045001636,070074,Average,
3904787,Skyway Career Prep High School,3912 Sunforest Ct,Toledo,OH,43623,Lucas County,public,1-Yes,376,376,37,,0.0,1,62224,20.5,390023104787,365066,Below Average,
3702644,NRM Early College High School,530 North Old Carriage Road,Rocky Mount,NC,27804,Nash County,public,2-No,376,307,95,,0.0,1,62426,18.6,370327002644,343373,Demanding,
3605568,BRONX AEROSPACE HIGH SCHOOL,800 E GUN HILL RD,BRONX,NY,10467,Bronx County,public,2-No,374,373,72,,,,48676,38,360008805568,330606,,
2705546,Metro 2 Online,620 OLSON MEMORIAL HWY,MINNEAPOLIS,MN,55411,Hennepin County,public,1-Yes,373,235,,,,,97653,8.9,270024505546,,,
2801267,Rosa Scott,929 Poore's Pass,Madison,MS,39110,Madison County,public,2-No,373,373,,,,,,,,,,
0403522,Empower College Prep High School,2411 W COLTER ST,PHOENIX,AZ,85015,Maricopa County,public,1-Yes,373,373,84.5,14,0.0,2,89300,12.4,040087703522,,,
0614089,Altus Schools South Bay,3252 Bonita Rd.,Chula Vista,CA,91910,San Diego County,public,1-Yes,372,337,62,6,0.0,1,106268,10.8,060150914089,,,
1704715,Phoenix Military Academy HS,145 S Campbell Ave,Chicago,IL,60612,Cook County,public,2-No,372,372,,12,0.0,2,83498,17.3,170993004715,141078,Demanding,
3703320,Nesbitt Discovery Academy,175 Bingham Rd Ste 10,Asheville,NC,28806,Buncombe County,public,2-No,372,372,97.5,11,0.0,2,74436,14.5,370045003320,,,
2606325,OvidElsie High School,8989 E COLONY RD,ELSIE,MI,48831,Clinton County,public,2-No,372,372,97.5,4,0.0,1,88210,7,262715006325,231355,Average,
2801411,Northside High School,1305 MARTIN LUTHER KING DRIVE,SHELBY,MS,38774,Bolivar County,public,2-No,370,234,77,2,0.0,2,39585,47.6,280018601411,252876,Demanding,
5303382,Individualized Graduation & Degree Program,11107 SE Kent-Kangley Rd,Kent,WA,98030,King County,public,2-No,370,370,,,0.0,2,124746,9.5,530396003382,,,
1500307,Kulanihakoi High School,901 Piilani Hwy,Kihei,HI,96753,Maui County,public,2-No,370,370,,,,,,,,120200,,
3500816,MONTE DEL SOL CHARTER,4157 WALKING RAIN RD,SANTA FE,NM,87507,Santa Fe County,public,1-Yes,370,217,54.5,6,0.0,1.2,79071,14.2,350017000816,320609,Demanding,
0403681,A+ Charter Schools,41735 W. Alan Stephens Pkwy,Maricopa,AZ,85138,Pinal County,public,1-Yes,370,236,,,0.0,0,80266,11.8,040099803681,030499,Demanding,
7200148,JESUS T. PINERO CIDRA,CALLE JOSE DE DIEGO FINAL SALIDA ARENAS,CIDRA,PR,739,Cidra Municipio,public,2-No,369,187,92,2,0.0,0,,,720003000148,,,
2900583,HANCOCK SR. HIGH,229 W RIPA AVE,ST LOUIS,MO,63125,St. Louis County,public,2-No,369,369,92,3,0.0,3,82936,12.5,291362000583,261915,Average,
3604498,JAMES A GREEN JUNIOR-SENIOR HIGH SCHOOL,38 SLAWSON ST,DOLGEVILLE,NY,13329,Herkimer County,public,2-No,369,239,92,,0.0,2,68515,15.8,360000104498,331640,Average,
4210034,Harrold School,1368 Middletown Rd,Greensburg,PA,15601,Westmoreland County,public,2-No,369,369,,,,,,,,391700,Demanding,
1801951,White's Jr-Sr High School,5233 S 50 E,Wabash,IN,46992,Wabash County,public,2-No,369,361,57,,0.0,2,66806,11.6,181218001951,153630,Demanding,
3904213,Virtual High School,425 Ezzard Charles Dr,Cincinnati,OH,45203,Hamilton County,public,2-No,366,366,39,,0.0,2,72470,17.3,390437504213,365007,Average,
2606987,UnionvilleSebewaing MiddleHigh School,2203 WILDNER RD,SEBEWAING,MI,48759,Huron County,public,2-No,366,241,97.5,3,0.0,0,58870,16.5,263444006987,233625,Demanding,
1802759,Indiana Gateway Alternative School,220 Ettel Lane,Clarksville,IN,47129,Clark County,public,2-No,365,365,,,,,74214,11.1,180192002759,150207,Below Average,
0608697,Carter G. Woodson Public Charter,3333 North Bond Ave.,Fresno,CA,93726,Fresno County,public,1-Yes,364,330,57,,0.0,5,74201,24.5,060238308697,,,
3606737,E MONROE NEW RENAISSANCE BASKETBALL,1617 PARKVIEW AVE,BRONX,NY,10461,Bronx County,public,1-Yes,364,364,,,,,48676,38,360122906737,,,
3606372,URBAN ASSEMBLY-EARLY COLL HS EMER MD,411 PEARL ST,NEW YORK,NY,10038,New York County,public,2-No,364,364,92,,,,103931,19.7,360007706372,,,
2501842,Berkshire Arts and Technology Charter Public School,1 Commercial Place,Adams,MA,1220,Berkshire County,public,1-Yes,364,155,95,4,0.0,2,76013,14.6,250007901842,220023,Average,
2202321,Slaughter Community Charter School,2944 Highway 412 West,Slaughter,LA,70777,East Feliciana Parish,public,1-Yes,364,253,84.5,1,0.0,1,73085,22,220060002321,,,
0610829,High Tech LA,17111 Victory Blvd.,Lake Balboa,CA,91406,Los Angeles County,public,1-Yes,362,362,92,,0.0,1,90112,16.2,060168410829,051526,Below Average,
3703397,Girls Leadership Academy of Wilmington,4100 Sunglow Drive,Wilmington,NC,28405,New Hanover County,public,1-Yes,362,172,,1,0.0,1,75166,13.1,370040703397,342013,Demanding,
0614368,SAVA - Sacramento Academic and Vocational Academy - EGUSD,3141 Dwight Rd. Ste. 400,Elk Grove,CA,95758,Sacramento County,public,1-Yes,360,330,42,,0.0,0,92175,15.4,060179614368,,,
2101948,East Ridge High School,19471 Lick Mountain Rd,Lick Creek,KY,41540,Pike County,public,2-No,360,359,92,6,0.0,1,44312,21.8,210480001948,181451,Very Demanding,
3604169,DONALD H CRANE JUNIOR/SENIOR HIGH SCHOOL,5176 RT 233,WESTMORELAND,NY,13490,Oneida County,public,2-No,360,239,95,5,0.0,2,70154,24.1,363105004169,335910,Average,
0901479,Pathways Academy of Technology and Design,2 Pent Road,East Hartford,CT,6118,Capitol Planning Region,public,2-No,359,359,87,10,0.0,2,93394,13.9,090192001479,,,
5303800,Digital Learning Center,1530 Pilgrim Street,Moses Lake,WA,98837,Grant County,public,2-No,359,311,,,0.0,0.5,73267,19.3,530522003800,480982,,
4813073,GRAPEVINE-COLLEYVILLE COLLEGIATE ACADEMY AT TCC NE,828 W HARWOOD BLDG NMPC,HURST,TX,76054,Tarrant County,public,2-No,358,358,97.5,1,0.0,0,84207,14.9,482166013073,,,
0608619,Weber Institute,302 West Weber Ave.,Stockton,CA,95203,San Joaquin County,public,2-No,358,358,97.5,,0.0,2,92179,16,063801008619,053579,Average,
7201266,DR. FACUNDO BUESO,CALLE DEL VALLE ESQ EDUARDO CONDE,SAN JUAN,PR,915,San Juan Municipio,public,2-No,358,232,42,,0.0,1,,,720003001266,,,
3903820,Cliff Park High School,821 N Limestone St,Springfield,OH,45503,Clark County,public,1-Yes,357,357,27,,0.0,0,63132,17.4,390010003820,365039,Below Average,
3606316,YOUNG WOMEN'S COLLEGE PREP CS,133 HOOVER DR,ROCHESTER,NY,14615,Monroe County,public,1-Yes,356,249,95,4,0.0,2,76382,15.5,360108006316,,,
5303284,Pierce County Skills Center,16117 Canyon Rd E,Puyallup,WA,98375,Pierce County,public,2-No,355,355,,1,0.0,0,99564,10.9,530048003284,,,
7202007,ERNESTO RAMOS ANTONINI YAUCO,48 AVE BARBOSA,YAUCO,PR,698,Yauco Municipio,public,2-No,355,185,95,4,0.0,1,,,720003002007,,,
5303521,Ugrad ESD123 Re-Engagement Program,3918 West Court Street,Pasco,WA,99301,Franklin County,public,2-No,353,353,,,,,86714,17.1,530001203521,,,
3500807,CENTURY ALT HIGH,32 SUN VALLEY RD,LOS LUNAS,NM,87031,Valencia County,public,2-No,353,353,42,1,0.0,1,58933,20.1,350168000807,320411,Below Average,
3200555,Silver Stage High School,3755 W. Spruce Avenue,Silver Springs,NV,89429,Lyon County,public,2-No,351,348,92,,0.0,1,80812,13.7,320030000555,290251,Very Demanding,
4814097,UPLIFT WISDOM PREP H S,301 W CAMP WISDOM RD,DALLAS,TX,75232,Dallas County,public,1-Yes,351,351,,,1.0,1.83,76547,16,480003014097,,,
1100407,Phelps Architecture Construction and Engineering HS,704 26th St. NE,Washington,DC,20002,District of Columbia,public,2-No,350,350,95,8,0.0,2,109870,24.9,110003000407,,,
1100227,IDEA PCS,1027 45TH STREET NE,Washington,DC,20019,District of Columbia,public,1-Yes,350,350,64.5,1,0.0,4,109870,24.9,110001300227,090099,Below Average,
1802669,KIPP Indy Legacy High,2255 N Ralston Ave,Indianapolis,IN,46218,Marion County,public,1-Yes,349,349,,3,0.0,3,66346,21.8,180020602669,,,
1100475,Capital City PCS - HS,100 PEABODY STREET NW,Washington,DC,20011,District of Columbia,public,1-Yes,348,348,82,7,0.0,1,109870,24.9,110003500475,,,
0501503,DEQUEEN JUNIOR HIGH SCHOOL,1803 WEST COULTER DRIVE,DE QUEEN,AR,71832,Sevier County,public,2-No,348,185,,,,,,,,,,
4813383,TARRANT CO COLLEGE SOUTH/FORT WORTH COLLEGIATE H S,5301 CAMPUS DR,FORT WORTH,TX,76119,Tarrant County,public,2-No,347,347,95,5,0.0,2,84207,14.9,481970013383,,,
A2102343,ADERES BAIS YAAKOV,488 OLD WHITESVILLE RD,LAKEWOOD,NJ,8701,OCEAN,private,,346,346,,,0.0,,89863,11.9,,,,
1100502,Kingsman Academy PCS,1375 E STREET NE,Washington,DC,20002,District of Columbia,public,1-Yes,346,290,24.5,,0.0,1,109870,24.9,110009900502,,,
7200364,FRANCISCO GAZTAMBIDE VEGA,CARR 167 KM 13 HM 8 BUENA VISTA,BAYAMON,PR,959,Bayamón Municipio,public,2-No,346,346,82,1,0.0,0,,,720003000364,,,
3703410,North Wake College and Career Academy,931 Durham Rd,Wake Forest,NC,27587,Wake County,public,2-No,346,313,95,7,0.0,2,105768,9.6,370472003410,,,
3603272,PORT BYRON SENIOR HIGH SCHOOL,30 MAPLE AVE,PORT BYRON,NY,13140,Cayuga County,public,2-No,345,238,92,5,0.0,3,67904,14.7,362343003272,334570,Average,
1601111,iSucceed Academy,6148 NORTH DISCOVERY WAY SUITE 120,BOISE,ID,83713,Ada County,public,1-Yes,345,345,17,,0.0,2,91502,6.8,160014401111,,,
7201935,PABLO DAVID BURGOS MARRERO,PR-159 INT CAMINO ALBINO BO ABRAS,COROZAL,PR,783,Corozal Municipio,public,2-No,345,344,92,3,0.0,1,,,720003001935,,,
0102505,Magic City Acceptance Academy,75 Bagby Dr,Birmingham,AL,35209,Jefferson County,public,1-Yes,345,213,,,0.0,0,66388,18.7,010021102505,,,
5303422,ESD 113 Consortium Reengagement Program,6005 Tyee Dr. SW,Tumwater,WA,98512,Thurston County,public,2-No,344,344,,,,,,,,,,
4813828,PIONEER TECHNOLOGY (PTAA) FATE,5952 I-30,FATE,TX,75132,Rockwall County,public,1-Yes,344,148,,,0.0,1,127981,6.7,480145113828,,,
1204186,POLK STATE COLLEGE COLLEGIATE HIGH SCHOOL,3425 WINTER LAKE RD,LAKELAND,FL,33803,Polk County,public,1-Yes,343,343,,,,,,,,,,
1200920,ZENITH ACCELERATED ACADEMY,2218 E IRLO BRONSON MEMORIAL HWY,KISSIMMEE,FL,34744,Osceola County,public,2-No,343,307,51,,0.0,2.5,72637,18.5,120147000920,,,
0806428,Achieve Online,2115 AFTON WAY,COLORADO SPRINGS,CO,80909,El Paso County,public,2-No,342,276,57,2,0.0,2,90363,8.4,080306006428,,,
7201817,ANTOLIN SANTOS NEGRON,CALLE GEORGETTI NUM.42,COMERIO,PR,782,Comerío Municipio,public,2-No,342,341,92,3,0.0,1,,,720003001817,,,
4813754,KIPP OAK CLIFF ACADEMY,3837 SIMPSON STUART RD,DALLAS,TX,75241,Dallas County,public,1-Yes,340,340,,9,0.0,1,76547,16,480026413754,,,
1902323,Southeast Valley High School,1005 Riddle St,Gowrie,IA,50543,Webster County,public,2-No,340,340,,,,,68975,13.9,199901902323,161435,Average,
4400323,E-Cubed Academy,812 Branch Avenue,Providence,RI,2904,Providence County,public,2-No,338,338,77,5,0.0,1,78787,17.9,440090000323,,,
7200279,GERARDO SELLES SOLA CAGUAS,AVE JOSE MERCADO URB EL VERDE,CAGUAS,PR,725,Caguas Municipio,public,2-No,338,171,95,4,0.0,1,,,720003000279,,,
3606373,STEPHEN T MATHER BUILDING ARTS AND CRAFTMANSHIP HIGH SCHOOL,439 W 49TH ST,NEW YORK,NY,10019,New York County,public,2-No,337,336,87,,,,103931,19.7,360007706373,,,
2401387,Augusta Fells Savage Institute of Visual Arts,1500 Harlem Avenue,Baltimore,MD,21217,Baltimore city,public,2-No,337,337,27,4,0.0,1,62177,22.8,240009001387,,,
0806836,27J Online Academy,89 N. 6TH AVENUE,BRIGHTON,CO,80601,Adams County,public,2-No,336,255,,,0.0,1,94571,10.9,080258006836,,,
A2102815,YESHIVAT DARCHE ERES BOYS HIGH SCHOOL,2533 CONEY ISLAND AVE,BROOKLYN,NY,11223,KINGS,private,,335,335,,,0.0,,80263,26.5,,,,
0403199,Arizona Agribusiness & Equine Center - Estrella,3400 Dysart Rd,Avondale,AZ,85007,Maricopa County,public,1-Yes,335,335,97.5,,0.0,0,89300,12.4,040082803199,,,
4702565,Freedom Prep Middle - Brownlee,817 Brownlee RD,Memphis,TN,38116,Shelby County,public,1-Yes,335,0,,,,0,63767,29.3,470014802565,,,
1300308,Gwinnett InterVention Education (GIVE) Center East,723 Hi Hope Rd,Lawrenceville,GA,30043,Gwinnett County,public,2-No,334,264,2.5,2,0.0,3.5,87890,13.6,130255000308,,,
3703359,PCS Early College High School,Pitt Community College,Winterville,NC,28590,Pitt County,public,2-No,334,280,97.5,,0.0,1,58188,18.7,370001203359,340039,Very Demanding,
0403705,Innovation Tech High School,3300 S Park Ave,Tucson,AZ,85713,Pima County,public,2-No,333,333,69.5,1,0.0,1,70315,16.7,040880003705,,,
2903231,COLLEGIATE SCHOOL OF MED/BIO,4939 Kemper Ave.,ST. LOUIS,MO,63139,St. Louis city,public,2-No,332,332,92,11,0.0,1,56160,32,292928003231,,,
3702749,SILSA,419 McDowell Street,Asheville,NC,28803,Buncombe County,public,2-No,332,332,97.5,11,0.0,1,74436,14.5,370027002749,340123,Average,
3605676,BRONX ENGINEERING AND TECHNOLOGY ACADEMY,99 TERRACE VIEW AVE,BRONX,NY,10463,Bronx County,public,2-No,332,332,67,,,,48676,38,360008705676,,,
2801422,Thomas E. Edwards Sr. High School,360 L F PACKER DRIVE,RULEVILLE,MS,38771,Sunflower County,public,2-No,331,331,82,,0.0,1,39956,41.5,280018701422,,,
7202066,EUGENIO GUERRA CRUZ,CARR 712 KM 3 HM 0 BO QUEBRADA YEGUA,SALINAS,PR,751,Salinas Municipio,public,2-No,331,249,84.5,3,0.0,1,,,720003002066,,,
1100529,Bard HS Early College DC (Bard DC),1351 Alabama Ave SE,Washington,DC,20032,District of Columbia,public,2-No,331,331,75,,0.0,2,109870,24.9,110003000529,,,
3905951,Rhodes School of Environmental Studies,5100 Biddulph Ave,Cleveland,OH,44144,Cuyahoga County,public,2-No,330,330,62,2,0.0,1,64468,21.6,390437805951,,,
7200410,SUPERIOR ILEANA DE GRACIA,CARR 2 KM 31 HM 8 SECT BAJURAS,VEGA ALTA,PR,692,Vega Alta Municipio,public,2-No,330,324,77,,0.0,0,,,720003000410,,,
2202457,New Harmony High Institute,3368 Esplanade,New Orleans,LA,70119,Orleans Parish,public,1-Yes,328,326,,1,0.0,1,56631,30.9,220030402457,,,
7201280,REPUBLICA DEL PERU,CALLE LOIZA FINAL ESQ CALLE SOLDADO SERRANO,SAN JUAN,PR,914,San Juan Municipio,public,2-No,328,183,,,0.0,1,,,720003001280,,,
4104187,Innovation Academy,1321 Center Dr,Medford,OR,97501,Jackson County,public,2-No,327,327,57,,0.0,2,73999,12.7,410804004187,,,
2705179,MMSA Secondary School,169 JENKS AVE,SAINT PAUL,MN,55117,Ramsey County,public,1-Yes,327,171,69.5,8,0.0,1,81568,12.9,270039905179,240035,Demanding,
1208508,ECON RIVER HIGH CHARTER,5850 TG LEE BLVD,ORLANDO,FL,32822,Orange County,public,1-Yes,327,302,22,,0.0,0,79719,16.1,120144008508,101790,Average,
0403243,Arizona Agribusiness & Equine Center Inc. - Prescott Valley,7500 E CIVIC CIR,Prescott Valley,AZ,86314,Yavapai County,public,1-Yes,327,327,97.5,,0.0,0,69613,9.9,040083803243,,,
3606148,URBAN ASSEMBLY SCHOOL FOR GREEN CAREERS (THE),145 W 84TH ST,NEW YORK,NY,10024,New York County,public,2-No,326,324,92,,,,103931,19.7,360007806148,,,
0614481,Aspire Stockton 6-12 Secondary Academy,2428 Belleview Ave.,Stockton,CA,95206,San Joaquin County,public,1-Yes,326,101,,,,0,92179,16,060253214481,,,
0613271,Contreras Learning Center-School of Social Justice,322 South Lucas Ave.,Los Angeles,CA,90017,Los Angeles County,public,2-No,326,326,72,5,0.0,1,90112,16.2,062271013271,,,
3606263,UNITED CHARTER HIGH SCHOOL FOR THE HUMANITIES,99 TERRACE VIEW AVE-RM 360,BRONX,NY,10463,Bronx County,public,1-Yes,325,324,97.5,8,0.0,5,48676,38,360104106263,,,
4101793,Clackamas Academy of Industrial Sciences,1306 12th St,Oregon City,OR,97045,Clackamas County,public,1-Yes,325,164,90,,0.0,2,103517,7.5,410933001793,,,
7200393,JUAN JOSE MAUNEZ,CALLE BUENOS AIRES FINAL,NAGUABO,PR,718,Naguabo Municipio,public,2-No,325,325,82,3,0.0,1,,,720003000393,,,
0901639,Aerospace/Hydrospace Engineering and Physical Sciences Magne,840 Old Town Road,Bridgeport,CT,6606,Greater Bridgeport Planning Region,public,2-No,324,324,92,8,0.0,2,89667,14.3,090045001639,070072,Average,
0403144,ThrivePoint High School at Surprise,16578 W GREENWAY RD STE 204 BL,SURPRISE,AZ,85388,Maricopa County,public,1-Yes,323,323,24.5,,0.0,0,89300,12.4,040031103144,,,
1706480,Noble St Chtr-DRW Trading Col,931 S Homan Ave,Chicago,IL,60624,Cook County,public,1-Yes,323,323,,4,0.0,0,83498,17.3,170993006480,,,
3600203,BERLIN MIDDLE SCHOOL/HIGH SCHOOL,17400 NY 22,CHERRY PLAIN,NY,12040,Rensselaer County,public,2-No,323,188,84.5,2,0.0,2,87915,13.4,360462000203,330410,Below Average,
4809602,TEXANS CAN ACADEMY - HOUSTON HOBBY,9020 GULF FWY,DALLAS,TX,75208,Harris County,public,1-Yes,322,322,5,,0.0,2,74983,22.6,480001609602,443517,Average,
1304341,Lake Oconee Charter High School,1101 Titan Circle,Greensboro,GA,30642,Greene County,public,1-Yes,322,322,95,25,0.0,0.5,86272,20.5,130249004341,110401,Very Demanding,
1705324,Rolling Acres Middle School,5617 N Merrimac Ave,Peoria,IL,61614,Peoria County,public,2-No,321,0,,,0.0,1,65108,19.8,173123005324,,,
1706441,Perspectives Chtr - HS of Tech,8522 S Lafayette Ave,Chicago,IL,60620,Cook County,public,1-Yes,320,320,,3,0.0,1,83498,17.3,170993006441,141022,Below Average,
7201869,ELADIO TIRADO LOPEZ,CARR 417 KM 3 HM 6 BO GUANABANO,AGUADA,PR,602,Aguada Municipio,public,2-No,319,319,77,3,0.0,1,,,720003001869,,,
3500853,DIGITAL ARTS AND TECHNOLOGY ACADEMY,1011 LAMBERTON NE,ALBUQUERQUE,NM,87107,Bernalillo County,public,1-Yes,319,258,85,4,0.0,2,69473,15.6,350006000853,,,
4809028,TEXANS CAN ACADEMY - FORT WORTH LANCASTER AVENUE,1316 LANCASTER AVE,FORT WORTH,TX,76114,Tarrant County,public,1-Yes,319,319,7,,0.0,1,84207,14.9,480001609028,,,
1704505,University of Illinois High Sch,1212 W Springfield Ave,Urbana,IL,61801,Champaign County,public,2-No,319,254,,,0.0,2,63683,14,170010004505,144180,Very Demanding,
3200999,Thrive Point Academy,3802 Meadows Ln,Las Vegas,NV,89107,Clark County,public,1-Yes,318,318,,,,,76472,15.3,320000100999,,,
2901976,METRO HIGH,4015 MCPHERSON AVE,ST LOUIS,MO,63108,St. Louis city,public,2-No,317,317,97.5,5,1.0,1,56160,32,292928001976,262994,Very Demanding,
7201125,SUPERIOR JUAN SERRALLES,CARR. 14 BO COTO LAUREL,PONCE,PR,731,Ponce Municipio,public,2-No,316,316,77,1,0.0,1,,,720003001125,,,
4901615,Kings Peak High,7905 South Redwood Road,WEST JORDAN,UT,84084,Salt Lake County,public,2-No,315,315,,5,0.0,1,97494,7.7,490042001615,,,
4822922,LEGACY RANCH H S,450 CR 258,LIBERTY HILL,TX,78642,Williamson County,public,2-No,315,315,,,,,,,,443743,,
3901492,Delaware Area Career Center South Campus,4565 Columbus Pike,Delaware,OH,43015,Delaware County,public,2-No,315,315,,,0.0,6,133540,3.3,390509801492,,,
3500823,ROBERT F. KENNEDY CHARTER,4300 BLAKE RD SW,ALBUQUERQUE,NM,87121,Bernalillo County,public,1-Yes,314,250,17,,0.0,3,69473,15.6,350006000823,320088,Below Average,
4700615,E. W. Grove School,215  Grove  BLVD,Paris,TN,38242,Henry County,public,2-No,314,314,,,,,,,,,,
BB161440,NJ CENTER FOR JUDAIC STUDIES,801 W KENNEDY BLVD,LAKEWOOD,NJ,8701,OCEAN,private,,313,313,,,0.0,,89863,11.9,,,,
1706503,Perspectives Chtr - Joslin Campus,1930 S Archer Ave,Chicago,IL,60616,Cook County,public,1-Yes,313,270,,1,0.0,1,83498,17.3,170993006503,,,
3703315,Char Eng Early College-UNCC,9000 Robert Snyder Rd,Charlotte,NC,28262,Mecklenburg County,public,2-No,313,281,97.5,1,0.0,1,87005,14.1,370297003315,,,
4002899,E-SCHOOL VIRTUAL HS,2403 S  Division  Suite B,Guthrie,OK,73044,Logan County,public,1-Yes,312,312,30,6,0.0,0.33000001,83899,10.1,400080402899,,,
3905573,New Technology West,11801 Worthington Ave,Cleveland,OH,44111,Cuyahoga County,public,2-No,312,312,74.5,2,0.0,1,64468,21.6,390437805573,,,
7200381,FLORENCIA GARCIA,CALLE JOSE C BARBOSA FRENTE CENTRO PIEZAS,LAS PIEDRAS,PR,771,Las Piedras Municipio,public,2-No,312,312,67,1,0.0,1,,,720003000381,,,
2604088,Bark RiverHarris JrSr High School,HWY US 2  41,HARRIS,MI,49845,Menominee County,public,2-No,311,218,84.5,,0.0,1,56435,15.6,260402004088,231875,Demanding,
0403744,New Crossroads Academy,100 CLAWSON AVE FL 3,BISBEE,AZ,85603,Cochise County,public,2-No,311,311,5,,0.0,0,59742,18.6,040101503744,030620,Below Average,
4702125,W. A. Bass Adult Program,5300 Delaware AVE,Nashville,TN,37209,Davidson County,public,2-No,309,309,,,,,77853,17.3,470318002125,,,
0102557,University Charter School  Secondary,134 University Drive,Livingston,AL,35470,Sumter County,public,1-Yes,309,172,,,,,33310,38.7,010019902557,,,
7201074,DR. RAFAEL LOPEZ LANDRON,URB. VIVES CALLE PASEO DEL PUEBLO,GUAYAMA,PR,784,Guayama Municipio,public,2-No,309,207,52,1,0.0,1,,,720003001074,541960,Average,
3400584,Academy For Allied Health Sciences,1776 RARITAN ROAD,SCOTCH PLAINS,NJ,7076,Union County,public,2-No,308,308,97.5,17,0.0,2,103202,11.3,341804000584,310870,Demanding,
7201643,FERNANDO CALLEJO,CALLE VENDING ESQ ROSARIO,MANATI,PR,674,Manatí Municipio,public,2-No,308,307,47,1,0.0,2,,,720003001643,,,
1100496,Friendship PCS - Technology Preparatory HS,2705 MARTIN LUTHER KING JR AVENUE SE,Washington,DC,20032,District of Columbia,public,1-Yes,307,307,92,5,0.0,2,109870,24.9,110000800496,,,
0403512,Arizona Autism Charter School Upper School Campus,4125 N. 14th Street,PHOENIX,AZ,85014,Maricopa County,public,1-Yes,307,178,,,0.0,1,89300,12.4,040091303512,,,
2202382,Pathways in Education-Louisiana Inc.,8999 Mansfield Rd.,Shreveport,LA,71118,Caddo Parish,public,1-Yes,307,307,17,,0.0,0,50705,28.6,220030002382,,,
7201391,ROSALINA C. MARTINEZ - ALIANZA,CALLE ROSALINA CARABALLO DE MARTINEZ,GUAYNABO,PR,965,Guaynabo Municipio,public,1-Yes,306,160,64.5,,0.0,0,,,720003001391,,,
0610589,Susan H. Nelson,32225 Pio Pico Rd.,Temecula,CA,92592,Riverside County,public,2-No,306,306,72,12,0.0,1,93074,10.6,060002810589,053627,Below Average,
1902009,Mid City High,3801 Marquette Street,Davenport,IA,52806,Scott County,public,2-No,306,306,52,,1.0,1,78277,12.7,190858002009,161100,Average,
0801858,Mapleton Early Career Preparation,8980 YORK ST,THORNTON,CO,80229,Adams County,public,2-No,306,306,74.5,,0.0,0,94571,10.9,080555001858,060472,Average,
2606981,Ubly Community JrSr High School,2020 UNION ST,UBLY,MI,48475,Huron County,public,2-No,305,174,95,,0.0,0.5,58870,16.5,263438006981,233615,Average,
7201826,CARMEN BELEN VEIGA,CALLE LA CRUZ,JUANA DIAZ,PR,795,Juana Díaz Municipio,public,2-No,304,304,82,3,0.0,1,,,720003001826,,,
7201589,MEDARDO CARAZO,CALLLE CRUZ FINAL # 50,TRUJILLO ALTO,PR,977,Trujillo Alto Municipio,public,2-No,303,298,67,,0.0,1,,,720003001589,,,
7201875,MARIA TERESA PINEIRO,CALLE LOS MARQUEZ FINAL BO SABANA,TOA BAJA,PR,949,Toa Baja Municipio,public,2-No,303,303,67,3,0.0,0,,,720003001875,,,
2001219,Scott City High,712 Main,Scott City,KS,67871,Scott County,public,2-No,302,302,95,,0.0,1,68839,8.2,200001701219,172710,Demanding,
7201999,GENARO CAUTINO,CALLE ASHFORD ESQ. SAN AGUSTIN,GUAYAMA,PR,784,Guayama Municipio,public,2-No,302,181,95,4,0.0,0,,,720003001999,,,
1100441,Richard Wright PCS for Journalism and Media Arts,475 SCHOOL STREET SW,Washington,DC,20024,District of Columbia,public,1-Yes,300,277,72,1,0.0,1,109870,24.9,110008200441,,,
3605176,BRONX HIGH SCHOOL OF BUSINESS,240 E 172ND ST,BRONX,NY,10457,Bronx County,public,2-No,299,297,64.5,,,,48676,38,360008605176,330602,,
7200781,ALCIDES FIGUEROA,CALLE MARIA MONAGAS,ANASCO,PR,610,Añasco Municipio,public,2-No,298,154,95,3,0.0,0,,,720003000781,,,
0612342,Alliance Leichtman-Levine Family Foundation Env Sci High,2930 Fletcher Dr.,Los Angeles,CA,90065,Los Angeles County,public,1-Yes,296,296,92,10,0.0,2,90112,16.2,060169012342,,,
5303687,YouthSource and RTC,3000 NE 4TH ST,RENTON,WA,98056,King County,public,2-No,296,296,,,,,,,,,,
3703192,Wake STEM Early College High School,2205 Walnut Street,Cary,NC,27518,Wake County,public,2-No,294,267,95,3,0.0,1,105768,9.6,370472003192,343219,Demanding,
4002862,TULSA SCHL OF ARTS AND SCIENCE HS,1202 W Easton,Tulsa,OK,74127,Tulsa County,public,1-Yes,294,294,82,4,0.0,1,69009,15.2,400077402862,,,
1208229,DONNA J. BEASLEY TECHNICAL ACADEMY,60 BELL BLVD N,LEHIGH ACRES,FL,33936,Lee County,public,1-Yes,294,294,22,,0.0,0,76107,13,120108008229,,,
7200160,BONIFACIO SANCHEZ JIMENEZ,CALLE SAN JOSE 119,AIBONITO,PR,705,Aibonito Municipio,public,2-No,293,293,87,3,0.0,1,,,720003000160,,,
0601367,Fernando R. Ledesma Continuation High,12347 Ramona Blvd.,El Monte,CA,91732,Los Angeles County,public,2-No,293,293,,,,,,,,050222,,
0612771,Barack Obama Global Preparation Academy,1700 West 46th St.,Los Angeles,CA,90062,Los Angeles County,public,2-No,293,0,,,0.0,4,90112,16.2,062271012771,,,
2605426,Hancock MiddleHigh School,501 CAMPUS DR,HANCOCK,MI,49930,Houghton County,public,2-No,292,185,74.5,,0.0,1,58899,11.2,261755005426,231850,Below Average,
2705405,MNSync Online Secondary,1200 BROADWAY AVE S,ROCHESTER,MN,55904,Olmsted County,public,2-No,292,235,,,0.0,0,95406,6.8,273180005405,,,
3606432,INTERNATIONAL HIGH SCHOOL FOR HEALTH SCIENCES,48-01 90TH ST,ELMHURST,NY,11373,Queens County,public,2-No,292,292,77,,,,86136,14.9,360009806432,330704,Average,
7201871,ELOISA PASCUAL,RES BAIROA AVE ASTRO CALLE 11,CAGUAS,PR,725,Caguas Municipio,public,2-No,292,292,62,4,0.0,1,,,720003001871,,,
0505146,PREMIER HIGH SCHOOL ONLINE,400 HARDIN RD SUITE 120,LITTLE ROCK,AR,72202,Pulaski County,public,1-Yes,292,291,,,,,62873,20.4,050040805146,,,
1100535,The Sojourner Truth School PCS,1800 PERRY STREET NE,Washington,DC,20018,District of Columbia,public,1-Yes,292,141,,,,2,109870,24.9,110011100535,,,
1600694,VENTURE ACADEMY,1619 NORTH 9TH,COEUR D'ALENE,ID,83814,Kootenai County,public,2-No,292,270,64.5,,0.0,0,81861,7.9,160078000694,,,
1900347,Clarion-Goldfield-Dows High School,1111 Willow Dr,Clarion,IA,50525,Wright County,public,2-No,291,291,97.5,,0.0,0,67190,15.7,190738000347,160805,Average,
7200195,SUPERIOR MIGUEL F SANTIAGO ECHEGARAY,CARR 186 KM 5 HM 5,CAMUY,PR,627,Camuy Municipio,public,2-No,290,289,87,2,0.0,1,,,720003000195,,,
3403543,Bergen County Institute for Science and Technology,162 Knickerbocker Road,Demarest,NJ,7627,Bergen County,public,2-No,290,290,,,,,124884,6.9,340147003543,,,
3501106,MANDELA INTERNATIONAL MAGNET (MIMS),1604 AGUA FRIA,SANTA FE,NM,87505,Santa Fe County,public,2-No,290,167,98,,1.0,1.38,79071,14.2,350237001106,,,
3605543,HIGH SCHOOL FOR CONTEMPORARY ARTS,800 E GUN HILL RD,BRONX,NY,10467,Bronx County,public,2-No,289,289,82,,,,48676,38,360008805543,330614,,
2903421,Kairos High,2315 MIAMI ST.,ST. LOUIS,MO,63118,St. Louis city,public,1-Yes,287,287,,,,,,,,,,
3200749,Innovations Int'l Charter J-SHS,1600 E Oakey Blvd,Las Vegas,NV,89104,Clark County,public,1-Yes,287,119,90,,0.0,1,76472,15.3,320006000749,,,
0614169,Altus Schools East County,111 Fletcher Pkwy.,El Cajon,CA,92020,San Diego County,public,1-Yes,287,257,52,,0.0,1,106268,10.8,060194014169,,,
4901302,Ashley Valley Educ. Ctr.,559 N 1700 W,VERNAL,UT,84078,Uintah County,public,2-No,287,287,82,,0.0,1,73746,11.3,490108001302,,,
3910866,ChallengeU Ohio Community School,4030 Smith Rd Ste 200,Cincinnati,OH,45209,Hamilton County,public,1-Yes,286,286,,,,,72470,17.3,391004810866,361003,,
1706491,Noble St Chtr-Baker Campus,2710 E 89th St,Chicago,IL,60617,Cook County,public,1-Yes,285,285,,2,0.0,0,83498,17.3,170993006491,,,
3200886,Leadership Academy of Nevada,7495 West Azure Drive Suite #120,Las Vegas,NV,89130,Clark County,public,1-Yes,284,147,90,,0.0,1,76472,15.3,320000100886,,,
2712729,New Century School Secondary,1380 ENERGY LANE,SAINT PAUL,MN,55108,Ramsey County,public,1-Yes,284,133,,,,,81568,12.9,270041012729,,,
7200557,LAURA MERCADO,CALLE NESTOR TORRES BO ROSARIO,SAN GERMAN,PR,683,San Germán Municipio,public,2-No,284,164,64.5,,0.0,1,,,720003000557,,,
0401191,Canyon Valley High School,140 S GILBERT RD,GILBERT,AZ,85296,Maricopa County,public,2-No,283,266,,,,,89300,12.4,040340001191,030385,Demanding,
0614054,Opportunity Youth Academy,1290 Ridder Park Dr.,San Jose,CA,95131,Santa Clara County,public,1-Yes,283,283,12,,0.0,1,164281,6.7,069103514054,,,
4207608,Westinghouse Arts Academy CS,320 Marguerite Avenue,Wilmerding,PA,15148,Allegheny County,public,1-Yes,282,282,95,4,0.0,1,78548,13.5,420089607608,,,
2501750,Sizer School: A North Central Charter Essential School,500 Rindge Road,Fitchburg,MA,1420,Worcester County,public,1-Yes,282,172,95,4,0.0,4.8800001,95939,9.1,250007301750,220831,Below Average,
4207345,Pittsburgh Milliones 6-12,3117 Centre Ave,Pittsburgh,PA,15219,Allegheny County,public,2-No,281,224,62,9,0.0,2,78548,13.5,421917007345,,,
0611053,North Area Community,4000 Pinell St.,Sacramento,CA,95838,Sacramento County,public,2-No,280,139,27,,0.0,1,92175,15.4,069102711053,,,
3601926,PS 811 CONNIE LEKAS SCHOOL,2525 HARING ST,BROOKLYN,NY,11235,Kings County,public,2-No,278,10,,,,,80263,26.5,360013501926,,,
2704613,HIGHVIEW ALC,2400 SANDBURG LN,GOLDEN VALLEY,MN,55427,Hennepin County,public,2-No,277,277,47,,0.0,1,97653,8.9,273178004613,,,
4801422,DEKALB H S,152 W MAPLE ST,DEKALB,TX,75559,Bowie County,public,2-No,277,277,95,,1.0,1,59803,22.2,481657001422,441885,Very Demanding,
A2102526,BET YAKOV ATERET TORAH HIGH SCHOOL,2166 CONEY ISLAND AVE,BROOKLYN,NY,11223,KINGS,private,,276,276,,,0.0,,80263,26.5,,,,
A0700055,ST AUGUSTINE CATHOLIC HIGH SCHOOL,8800 E 22ND ST,TUCSON,AZ,85710,PIMA,private,,276,276,,,0.0,,70315,16.7,,030542,Average,
3200562,Academy For Career Education,2800 VASSAR ST,RENO,NV,89502,Washoe County,public,1-Yes,275,275,95,,0.0,0,88096,10.9,320048000562,290260,Average,
1700254,GCMS High School,815 N Church St,Gibson City,IL,60936,Ford County,public,2-No,275,275,,6,0.0,1,62439,11.8,170004100254,142040,Average,
3403528,Newark School of Fashion & Design,239 Woodside Avenue,Newark,NJ,7104,Essex County,public,2-No,275,275,,,0.0,1,80789,15.9,341134003528,,,
3703037,The JP Knapp ECH (i)School,2966 Caratoke Hwy,Currituck,NC,27929,Currituck County,public,2-No,274,260,95,,0.0,1,93511,9.8,370108003037,340948,Demanding,
3702791,PSRC Early College at RCC,5160 Fayetteville Road,Lumberton,NC,28360,Robeson County,public,2-No,274,257,95,,0.0,1,41978,29.7,370393002791,,,
1210838,TALLAHASSEE COLLEGIATE ACADEMY,444 APPLEYARD DR,TALLAHASSEE,FL,32304,Leon County,public,1-Yes,273,273,,,,,66287,21.8,120201910838,,,
7202088,ESCUELA DE DEPORTE - ALIANZA,CARR. ESTATAL 17 CALLE TURIA BO. RIO PIEDRAS,SAN JUAN,PR,917,San Juan Municipio,public,1-Yes,273,153,,,,,,,720003002088,,,
1802775,Excel Center - Southeast,2251  Sloan Avenue,Indianapolis,IN,46203,Marion County,public,1-Yes,273,273,,,,,66346,21.8,181323802775,,,
5303487,Yakima Open Doors,802 River Rd,Yakima,WA,98902,Yakima County,public,2-No,272,272,,,0.0,0,70656,21,531011003487,,,
3703618,Aspire Trade High,7125 Hambright Rd,Huntersville,NC,28078,Mecklenburg County,public,1-Yes,270,270,,,,,,,,,,
00072483,ICA CRISTO REY ACADEMY,3625 24TH ST,SAN FRANCISCO,CA,94110,SAN FRANCISCO,private,,270,270,,,0.0,,140970,10.1,,052955,Demanding,
3904731,Cleveland Academy for Scholarship Technology and Leadership,3950 Prospect Ave E,Cleveland,OH,44115,Cuyahoga County,public,1-Yes,269,269,37,,0.0,0,64468,21.6,390028604731,,,
1207542,C. G. BETHEL HIGH SCHOOL,16150 NE 17TH AVE,NORTH MIAMI BEACH,FL,33162,Miami-Dade County,public,1-Yes,269,269,32,,0.0,0,71753,16,120039007542,,,
4702463,Jackson Central-Merry Early College High,215 Allen AVE,Jackson,TN,38301,Madison County,public,2-No,268,268,95,1,0.0,1,60042,23.2,470258002463,430955,Demanding,
0901945,Bristol Arts and Innovation Magnet School,70 Memorial Boulevard,Bristol,CT,6111,Naugatuck Valley Planning Region,public,2-No,268,0,,,,,86191,18.2,090051001945,,,
4901658,Vista Education Campus,97 S 200 East,FARMINGTON,UT,84025,Davis County,public,2-No,267,267,,,,,110884,5.6,490021001658,,,
3606010,ENGLISH LANGUAGE LEARNERS-INTER SUPP,99 TERRACE VIEW AVE,BRONX,NY,10463,Bronx County,public,2-No,267,267,42,,,,48676,38,360008706010,,,
3605555,BROOKLYN SCHOOL FOR SOCIAL JUSTICE (THE),400 IRVING AVE,BROOKLYN,NY,11237,Kings County,public,2-No,267,267,82,,,,80263,26.5,360009705555,330629,,
7201695,JUAN ALEJO ARIZMENDI,CALLE FRANCISCO AVILA,QUEBRADILLAS,PR,678,Quebradillas Municipio,public,2-No,267,266,77,,0.0,1,,,720003001695,,,
5303289,Washington Network for Innovative Careers Skill Center,WaNIC,Redmond,WA,98052,King County,public,2-No,266,266,,,,,124746,9.5,530423003289,,,
7202089,MATEMATICAS CIENCIAS Y TECNOLOGIA - ALIANZA,CARR. ESTATAL 17 CALLE TURIA ESQ. CALLE 40 BO. RIO PIEDRAS,SAN JUAN,PR,917,San Juan Municipio,public,1-Yes,266,146,,,,,,,720003002089,,,
0403716,Paideia Liberal Arts Academy,1535 E BASELINE RD,PHOENIX,AZ,85042,Maricopa County,public,1-Yes,266,81,,,0.0,0,89300,12.4,040086303716,,,
0403728,Leona Connected High School,1376 E COTTONWOOD LN,CASA GRANDE,AZ,85122,Maricopa County,public,1-Yes,266,266,,,0.0,0,89300,12.4,040082303728,,,
7201901,ANA J. CANDELAS,CARR 171 KM 0 HM 3 BO SUD,CIDRA,PR,739,Cidra Municipio,public,2-No,266,266,72,,0.0,0,,,720003001901,,,
0400153,STAR Academic High School,5093 S LIBERTY AVE,TUCSON,AZ,85706,Pima County,public,2-No,265,265,17,,0.0,1,70315,16.7,040817000153,030000,Average,
7201657,ALBERTO MELENDEZ,CALLE JUAN D RIVERA DE SANTIAGO,OROCOVIS,PR,720,Orocovis Municipio,public,2-No,265,265,67,1,0.0,1,,,720003001657,,,
2900411,EUGENE HIGH,14803 HWY 17,EUGENE,MO,65032,Cole County,public,2-No,264,190,95,2,0.0,1,74876,11.1,291155000411,260995,Demanding,
3605531,CYBERARTS STUDIO ACADEMY,237 7TH AVE,BROOKLYN,NY,11215,Kings County,public,2-No,264,264,74.5,,,,80263,26.5,360009205531,330857,,
A1502535,MESILAS BAIS YAAKOV,420 19TH ST,BROOKLYN,NY,11215,KINGS,private,,264,264,,,0.0,,80263,26.5,,,,
3904157,YB Columbus Community School,1183 Essex Ave,Columbus,OH,43201,Franklin County,public,1-Yes,264,264,32,,0.0,0,75176,16.5,390010404157,365083,Below Average,
7200491,RAMON QUINONES MEDINA,URB REPARTO HORIZONTE FRENTE AL CEMENTERIO,YABUCOA,PR,767,Yabucoa Municipio,public,2-No,264,257,92,3,0.0,1,,,720003000491,,,
0603110,Joseph Pomeroy Widney Career Prep and Transition Center,2302 South Gramercy Pl.,Los Angeles,CA,90018,Los Angeles County,public,2-No,264,264,,,,,,,,,,
2605205,GalesburgAugusta High School,1076 N 37TH ST,GALESBURG,MI,49053,Kalamazoo County,public,2-No,263,263,72,3,0.0,1,72532,10,261545005205,231605,Average,
2606080,MioAuSable High School,1110 W 8TH ST,MIO,MI,48647,Oscoda County,public,2-No,263,152,69.5,2,0.0,0,49515,26.9,262400006080,232605,Below Average,
3605677,MARIE CURIE HIGH SCHOOL-NURSING,120 W 231ST ST,BRONX,NY,10463,Bronx County,public,2-No,263,263,62,,,,48676,38,360008705677,,,
0612819,Engr and Tech Acad at Esteban E. Torres High #3,4211 Dozier St.,Los Angeles,CA,90063,Los Angeles County,public,2-No,263,263,87,10,0.0,2,90112,16.2,062271012819,,,
4901598,Davis Connect 7-12,2195 University Park Blvd,LAYTON,UT,84041,Davis County,public,2-No,262,210,87,,0.0,5,110884,5.6,490021001598,,,
1601035,INSIGHT SCHOOL OF IDAHO,1965 SOUTH EAGLE ROAD SUITE 190,MERIDIAN,ID,83642,Ada County,public,1-Yes,262,262,42,,0.0,1.5,91502,6.8,160000401035,130028,Average,
0614670,Vista Meridian Global Academy,1300 S. Bristol St.,Santa Ana,CA,92704,Orange County,public,1-Yes,260,260,,,,,116289,11.1,069113914670,,,
3700802,Philip J Weaver Ed Center,300 South Spring Street,Greensboro,NC,27401,Guilford County,public,2-No,260,260,97.5,11,0.0,2,68642,18,370192000802,341633,Very Demanding,
2607223,WhittemorePrescott JrSr High School,6001 MILLS RD,WHITTEMORE,MI,48770,Iosco County,public,2-No,260,170,84.5,,0.0,1,50066,20,263639007223,233765,Average,
A2301778,YESHIVA OHR YOSEPH,1128 36TH ST,BROOKLYN,NY,11218,KINGS,private,,260,260,,,0.0,,80263,26.5,,,,
3703637,Wake EC of Information & Biotechnologies,Wake Tech Community College,Morrisville,NC,27560,Wake County,public,2-No,260,260,,,,,105768,9.6,370472003637,,,
0101686,Continuous Learning Center,1870 Pleasant Ave,Mobile,AL,36617,Mobile County,public,2-No,259,248,50,,0.0,1,58880,20.4,010237001686,,,
7202000,ANTONIO DOMINGUEZ NIEVES,BO RIO CANAS CALLE 1 SECT REPARTO SOLANO,CAGUAS,PR,727,Caguas Municipio,public,2-No,259,176,74.5,,0.0,1,,,720003002000,,,
4900732,Horizonte Instruction & Training Center,1234 S MAIN,SALT LAKE CITY,UT,84101,Salt Lake County,public,2-No,259,256,72,,0.0,4,97494,7.7,490087000732,450389,Average,
4002300,KEYS HS,26622 South 520 Road,Park Hill,OK,74451,Cherokee County,public,2-No,258,258,82,1,0.0,2,53218,18.6,400003302300,372793,Demanding,
1706489,North Lawndale Prep Chtr - Christ,1615 S Christiana Ave,Chicago,IL,60623,Cook County,public,1-Yes,258,258,,,0.0,4,83498,17.3,170993006489,,,
2602045,Cambridge Alternative High School,28901 CAMBRIDGE ST,GARDEN CITY,MI,48135,Wayne County,public,2-No,258,258,52,,0.0,2,60539,31.5,261554002045,233607,Average,
4710495,KIPP Antioch Global High School,917 Bell RD,Nashville,TN,37013,Davidson County,public,1-Yes,257,257,,,,,77853,17.3,470015710495,430030,Below Average,
2704133,Paladin Career and Tech High School,10220 GOLDENROD ST. NW,COON RAPIDS,MN,55448,Anoka County,public,1-Yes,257,257,34.5,,0.0,2,101869,7.3,270034304133,,,
1902306,Choice Charter School,607 Center Street,Union,IA,50258,Hardin County,public,1-Yes,257,249,,,,,65069,14.6,190048802306,160750,,
7201840,PEDRO P. CASABLANCA,URB JARDINES DE CAPARRA CALLE 21 #200,BAYAMON,PR,959,Bayamón Municipio,public,2-No,255,160,64.5,,0.0,1,,,720003001840,,,
3703432,Agriculture and Science Early College,158 Raider Rd,Olin,NC,28660,Iredell County,public,2-No,255,217,75,,0.0,1,81419,11.3,370231003432,,,
4200399,Multicultural Academy CS,3821 N. Broad St.,Philadelphia,PA,19140,Philadelphia County,public,1-Yes,254,254,95,2,0.0,1,61953,28.9,420004000399,393393,Average,
3606658,ONTECH CHARTER HIGH SCHOOL,810 WILLIS AVE,SYRACUSE,NY,13204,Onondaga County,public,1-Yes,254,254,,,0.0,0,76945,14.1,360117406658,,,
0600923,La Familia Continuation High,56-615 Olive St.,Thermal,CA,92274,Riverside County,public,2-No,254,254,,,,,,,,053257,Below Average,
3605956,BROOKLYN COMMUNITY HIGH SCHOOL FOR EXCELLENCE AND EQUITY,6565 FLATLANDS AVE,BROOKLYN,NY,11236,Kings County,public,2-No,253,253,74.5,,,,80263,26.5,360009605956,,,
A2102363,CHEDVAS BAIS YAAKOV HIGH SCHOOL,1665 CORPORATE RD W,LAKEWOOD,NJ,8701,OCEAN,private,,253,253,,,0.0,,89863,11.9,,,,
3400269,Chartertech High School for the Performing Arts,413 NEW ROAD,SOMERS POINT,NJ,8244,Atlantic County,public,1-Yes,253,253,82,6,0.0,1,78050,14.5,340001900269,310696,Very Demanding,
2501996,Community Charter School of Cambridge,245 Bent Street,Cambridge,MA,2141,Middlesex County,public,1-Yes,251,118,95,6,0.0,2.5,130847,7.6,250008601996,,,
3606320,UNITED CHARTER HIGH SCHOOL FOR THE HUMANITIES II,900 TINTON AVE,BRONX,NY,10456,Bronx County,public,1-Yes,250,250,87,5,0.0,5,48676,38,360107306320,,,
3902577,Col Crawford High School,5444 Crestline Rd,Crestline,OH,44827,Crawford County,public,2-No,250,250,97.5,,0.0,1,58044,14.5,390465102577,363865,Demanding,
0402008,Ombudsman - Charter Metro,7910 N. 43rd Avenue,Glendale,AZ,85301,Maricopa County,public,1-Yes,250,250,17,,0.0,1,89300,12.4,040010302008,,,
0501644,AGEE LIERLY LIFE PREPARATION SERVICES SCHOOL,2350 OLD FARMINGTON RAOD,FAYETTEVILLE,AR,72701,Washington County,public,2-No,250,250,91,,0.0,1,70639,14.4,050612001644,,,
3902588,Cuyahoga Hts High School,4820 E 71st St,Cuyahoga Heights,OH,44125,Cuyahoga County,public,2-No,250,250,97.5,9,0.0,1,64468,21.6,390465502588,361235,Demanding,
3605715,HIGH SCHOOL FOR SERVICE AND LEARNING AT ERASMUS,911 FLATBUSH AVE,BROOKLYN,NY,11226,Kings County,public,2-No,249,249,72,,,,80263,26.5,360009505715,330637,Average,
4002874,KIPP TULSA HS UNIVERSITY PREP,541 S  43RD STREET W AVE,Tulsa,OK,74127,Tulsa County,public,1-Yes,249,249,,10,0.0,0,69009,15.2,400078002874,,,
7202070,PETRA ZENON DE FABERY,CARR 181 KM 1 HM 8 BO LAS CUEVAS,TRUJILLO ALTO,PR,976,Trujillo Alto Municipio,public,2-No,248,248,52,,0.0,0,,,720003002070,,,
7200974,RAFAEL IRIZARRY RIVERA,CALLE PEDRO ALVARADO,PENUELAS,PR,624,Peñuelas Municipio,public,2-No,248,8,,,,,,,,,,
1801738,Options Westfield,530 W Carmel Dr,Carmel,IN,46032,Hamilton County,public,1-Yes,248,140,74.5,,0.0,1,121530,4.1,180001601738,150447,Demanding,
1304684,Promise Career Institute School,3605 Main Street,College Park,GA,30337,Fulton County,public,2-No,247,247,,,,,95292,12.8,130228004684,,,
1700309,Coop HS 1,17268 E 2750 North Rd,Bismarck,IL,61814,Vermilion County,public,2-No,247,247,,,,,56877,26,170639000309,140325,,
2703139,AFSA High School,100 VADNAIS BLVD,VADNAIS HEIGHTS,MN,55127,Ramsey County,public,1-Yes,246,178,84.5,,0.0,2,81568,12.9,270018603139,241393,Below Average,
0614587,Aspen Ridge Public,3821 North Clark St.,Fresno,CA,93726,Fresno County,public,1-Yes,246,109,,,0.0,1,74201,24.5,060255914587,,,
0402138,Linda Abril Educational Academy,3000 N 19TH AVE,PHOENIX,AZ,85015,Maricopa County,public,2-No,246,246,,,,,,,,,,
0614014,Imperial Pathways Charter,1398 Sperber Rd.,El Centro,CA,92243,Imperial County,public,1-Yes,246,246,27,,0.0,1,57681,23.8,069101014014,,,
5502520,Career and College Academy,400 County Road H,Elkhorn,WI,53121,Walworth County,public,1-Yes,246,245,95,,0.0,0,80520,6.7,550429002520,,,
2323155,Maine Arts Academy School,310 Cony Road,Augusta,ME,4330,Kennebec County,public,1-Yes,245,245,87,,0.0,0,69077,12,231483223155,,,
3200468,TMCC MAGNET SCHOOL,7000 DANDINI BLVD,RENO,NV,89512,Washoe County,public,2-No,245,245,,,,,,,,,,
0610364,Provisional Accelerated Learning Academy,2450 Blake St.,San Bernardino,CA,92407,San Bernardino County,public,1-Yes,244,197,52,,0.0,2,85478,16.7,060164110364,,,
0610779,Design Science Middle College High,1101 E University Ave,Fresno,CA,93741,Fresno County,public,2-No,243,243,97.5,,0.0,2,74201,24.5,061455010779,054003,Demanding,
7201921,MIGUEL ANGEL JULIA COLLAZO - BELLAS ARTES,DESVIO MATIAS SOTO #57,CAYEY,PR,737,Cayey Municipio,public,2-No,243,148,95,4,0.0,1,,,720003001921,,,
0607762,Alfonso B. Perez Special Education Center,4540 Michigan Ave.,Los Angeles,CA,90022,Los Angeles County,public,2-No,243,243,50,,0.0,0,90112,16.2,062271007762,,,
A0700466,SYNERGY SCHOOL OF TOMORROW INC,2810 S US HIGHWAY 1,FORT PIERCE,FL,34982,ST. LUCIE,private,,241,241,,,0.0,,71457,13.1,,,,
7202029,EDUARDO GARCIA CARRILLO,CARR 186 KM 7 HM 5 BO CAMPO RICO,CANOVANAS,PR,745,Canóvanas Municipio,public,2-No,241,241,62,,0.0,1,,,720003002029,,,
5303484,Highline Open Doors 1418,614 SW 120th Street,Burien,WA,98146,King County,public,2-No,240,240,,,0.0,0,124746,9.5,530354003484,,,
A0702459,DESTINY HIGH SCHOOL,7210 N 76TH ST,MILWAUKEE,WI,53223,MILWAUKEE,private,,240,240,,,0.0,,64435,22.1,,,,
4808908,TEXANS CAN ACADEMY - FORT WORTH WESTCREEK,6620 WESTCREEK DR,FORT WORTH,TX,76133,Tarrant County,public,1-Yes,240,240,17,,0.0,0,84207,14.9,480001608908,,,
4813735,STEAM AT THE FINE ARTS ACADEMY,607 SW 34TH ST,SAN ANTONIO,TX,78237,Bexar County,public,2-No,240,240,,8,0.0,1,72341,17.1,481815013735,,,
0402941,Skyline D5,Casa Blanca and Preschool Road,Bapchule,AZ,85221,Pinal County,public,1-Yes,240,134,30,,0.0,1,80266,11.8,040080102941,,,
2601949,Covenant High School Central,2959 MARTIN LUTHER KING JR BLVD,DETROIT,MI,48208,Wayne County,public,1-Yes,240,240,15,,0.0,1,60539,31.5,260032201949,230205,Average,
3702228,Hawthorne Academy of Health Sciences,1411 Hawthorne Ln,Charlotte,NC,28205,Mecklenburg County,public,2-No,239,239,97.5,8,0.0,1,87005,14.1,370297002228,340662,Below Average,
3904789,Foxfire High School,2805 Pinkerton Ln,Zanesville,OH,43701,Muskingum County,public,1-Yes,239,239,82,,0.0,0,60780,15.5,390023304789,360470,Demanding,
0402016,Crestview College Preparatory High School,2616 E GREENWAY RD,PHOENIX,AZ,85032,Maricopa County,public,1-Yes,239,239,12,,0.0,0,89300,12.4,040038502016,030547,Average,
3904202,Choices Alternative School,521 Tuscarawas St W,Canton,OH,44702,Stark County,public,2-No,238,238,47,,0.0,0,67934,17.2,390437104202,360766,Average,
3601612,L A WEBBER MIDDLE-HIGH SCHOOL,25 HOUSEL AVE,LYNDONVILLE,NY,14098,Orleans County,public,2-No,238,151,95,4,0.0,2,65969,15.5,361797001612,332940,Average,
2902808,UNIVERSITY ACADEMY-UPPER,6801 HOLMES RD,KANSAS CITY,MO,64131,Jackson County,public,1-Yes,237,237,95,4,0.0,1,68577,16,290002702808,261719,Average,
0500127,CADDO ACADEMY,2268 HWY EIGHT E,NORMAN,AR,71960,Montgomery County,public,1-Yes,237,164,84.5,,0.0,1,48906,26.5,050377000127,041845,Average,
7200798,PEDRO NELSON COLBERG,SECTOR PUEBLO NUEVO,CABO ROJO,PR,623,Cabo Rojo Municipio,public,2-No,237,47,,,,1,,,720003000798,,,
2608953,Flex High Burton,1245 S CENTER RD,BURTON,MI,48509,Genesee County,public,1-Yes,236,236,50,,0.0,0,62281,24.3,260111708953,,,
0102690,Floretta P Carson Visual and Performing Arts Academy,3100 Cottage Hill Road,Mobile,AL,36606,Mobile County,public,1-Yes,235,65,,,,,,,,,,
0800729,Innovations & Options,830 BRIDGE STREET,BRIGHTON,CO,80601,Adams County,public,2-No,235,235,57,,0.0,1,94571,10.9,080258000729,060142,Below Average,
2502941,Fredrick Douglass Collegiate Academy,300 Broad Street,Lynn,MA,1901,Essex County,public,2-No,235,235,,,,,,,,,,
2705459,ALC Independent Study,11 E SUPERIOR ST,DULUTH,MN,55802,St. Louis County,public,2-No,235,235,,,0.0,0,70069,9.2,271104005459,,,
1208962,INTERNATIONAL STUDIES ACADEMY HIGH SCHOOL,6340 SUNSET DR,MIAMI,FL,33143,Broward County,public,1-Yes,234,234,,4,0.0,0,77633,13.5,120018008962,,,
3601711,MCGRAW SECONDARY SCHOOL,10 W ACADEMY ST,MCGRAW,NY,13101,Cortland County,public,2-No,234,162,95,,0.0,3,70418,15.3,361884001711,333087,Demanding,
4811302,PAUL AND JANE MEYER PUBLIC H S,1020 ELM AVE BLD 500,WACO,TX,76704,McLennan County,public,1-Yes,233,233,95,,0.0,3,66643,18.4,480004211302,,,
3500821,MARK ARMIJO ACADEMY,6800 GONZALES RD SW,ALBUQUERQUE,NM,87121,Bernalillo County,public,1-Yes,233,233,34,,0.0,2,69473,15.6,350006000821,320089,Average,
4809188,EVOLUTION ACADEMY CHARTER SCHOOL,1101 S SHERMAN ST,RICHARDSON,TX,75081,Dallas County,public,1-Yes,233,233,57,,0.0,2,76547,16,480023609188,445844,Below Average,
3702776,Collaborative College for Technology,500 West Broad Street,Statesville,NC,28677,Iredell County,public,2-No,232,194,95,,0.0,1,81419,11.3,370231002776,343788,Very Demanding,
5303495,Innovation High School,811 E. Sprague,Spokane,WA,99202,Spokane County,public,1-Yes,232,232,,,1.0,2,78582,9.1,530033903495,481351,Below Average,
0607115,Tri-C Community Day,716 East 14th St. Second Fl.,Los Angeles,CA,90021,Los Angeles County,public,2-No,231,231,22,,0.0,0.34,90112,16.2,062271007115,050794,Below Average,
3905991,Cypress High School,1160 W 4th St,Mansfield,OH,44906,Richland County,public,1-Yes,231,231,44.5,,0.0,0,59509,16.9,390161705991,360345,Demanding,
0600175,Hope,7901 Knott Ave.,Buena Park,CA,90620,Orange County,public,2-No,231,190,10,,0.0,0,116289,11.1,060263000175,,,
1209019,LEE COUNTY ACCELERATION ACADEMIES,1901 BRANTLY RD,FORT MYERS,FL,33907,Lee County,public,2-No,230,228,,,,,76107,13,120108009019,,,
0403680,Valor Preparatory Academy,13185 W THOMAS RD,GOODYEAR,AZ,85395,Maricopa County,public,1-Yes,230,133,,,0.0,0,89300,12.4,040098803680,030068,Average,
2712958,Rochester Math & Science Secondary,415 16TH ST SW,ROCHESTER,MN,55902,Olmsted County,public,1-Yes,230,131,,,,,95406,6.8,270024712958,,,
0500727,LAFAYETTE COUNTY HIGH SCHOOL,1209 ALEXANDER LANE,STAMPS,AR,71860,Lafayette County,public,2-No,228,164,95,6,0.0,1,41278,28.2,050006500727,042326,Average,
5503105,Northeast Wisconsin School of Innovation,701 Cherry St,Green Bay,WI,54301,Brown County,public,1-Yes,228,206,77,,0.0,1,79649,8.2,550582003105,,,
3605624,HIGH SCHOOL OF HOSPITALITY MANAGEMENT,525 W 50TH ST,NEW YORK,NY,10019,New York County,public,2-No,228,228,77,,,,103931,19.7,360007705624,,,
3703439,SEA-Tech,5301 Sidbury Road,Castle Hayne,NC,28429,New Hanover County,public,2-No,227,201,,,0.0,1,75166,13.1,370333003439,,,
1303690,Gwinnett Intervention Education Center (GIVE) West,5550 Peachtree Industrial Blvd,Norcross,GA,30071,Gwinnett County,public,2-No,227,172,5,1,0.0,2.49,87890,13.6,130255003690,,,
4400547,Aventure Academy,425 Branch ave.,Providence,RI,2904,Providence County,public,2-No,227,227,,,,,78787,17.9,440090000547,,,
A1992091,LIBERTY HIGH SCHOOL,20 TECHNOLOGY DR #5,BRATTLEBORO,VT,5301,WINDHAM,private,,226,226,,,0.0,,72217,12.1,,,,
A0301975,SAXONY LUTHERAN HIGH SCHOOL,2004 SAXONY LN,JACKSON,MO,63755,CAPE GIRARDEAU,private,,226,226,,,0.0,,68464,11.6,,262985,Below Average,
3703030,Cleveland ECHS,1800 E. Marion Street,Shelby,NC,28152,Cleveland County,public,2-No,225,225,95,,0.0,1,58534,19.2,370090003030,343593,Very Demanding,
0612757,Los Padrinos Juvenile Hall,7285 East Quill Dr.,Downey,CA,90242,Los Angeles County,public,2-No,225,217,,,,,90112,16.2,069107812757,,,
0505163,OZARK MOUNTAIN HIGH SCHOOL,300 SCHOOL STREET,WESTERN GROVE,AR,72685,Newton County,public,2-No,225,147,,,,,48986,24.2,050007605163,041930,Demanding,
4901101,Success SUU,351 W UNIVERSITY BLVD,CEDAR CITY,UT,84720,Iron County,public,1-Yes,224,224,95,,0.0,2,66247,12.6,490003701101,450052,Demanding,
4814175,LEARN4LIFE,1922 S GENERAL MCMULLEN,SAN ANTONIO,TX,78226,Bexar County,public,1-Yes,224,224,,1,0.0,0,72341,17.1,481815014175,,,
A2100848,BEIT APEL SHAULSON FAMILY CAMPUS FOR GIRLS,1525 NW 167TH ST,MIAMI,FL,33169,MIAMI-DADE,private,,224,224,,,0.0,,71753,16,,,,
4814101,ILTEXAS AGGIELAND H S,2611 TEXAS AVE S,COLLEGE STATION,TX,77840,Brazos County,public,1-Yes,224,224,,6,0.0,1,58553,15.9,480144014101,,,
3606253,BRONX DESIGN AND CONSTRUCTION ACADEMY,333 E 151ST ST,BRONX,NY,10451,Bronx County,public,2-No,223,223,67,,,,48676,38,360008406253,,,
2901768,ELLINGTON HIGH SCHOOL,1 SCHOOL ST,ELLINGTON,MO,63638,Reynolds County,public,2-No,223,131,90,,0.0,1,45028,24.5,292859001768,260945,Demanding,
1208133,RIVERSIDE CHARTER HIGH SCHOOL,945 S BABCOCK ST,MELBOURNE,FL,32901,Brevard County,public,1-Yes,223,175,,,,,78476,12.6,120015008133,,,
3605566,INDEPENDENCE HIGH SCHOOL,850 10TH AVE,NEW YORK,NY,10019,New York County,public,2-No,222,222,22,,,,103931,19.7,360007705566,333711,,
A9101504,YULA GIRLS HIGH SCHOOL,1619 S ROBERTSON BLVD,LOS ANGELES,CA,90035,LOS ANGELES,private,,222,222,,,0.0,,90112,16.2,,051065,Average,
3500880,DESERT PRIDE ACADEMY,100 SHRODE RD,ANTHONY,NM,88021,Doña Ana County,public,2-No,221,221,,,0.0,2,56848,23.7,350108000880,320087,Very Demanding,
3100750,DONIPHAN-TRUMBULL SECONDARY,302 W PLUM,DONIPHAN,NE,68832,Hall County,public,†,221,156,90,1,0.0,1,69251,17.7,310012100750,280680,Average,
7201495,SALVADOR BRAU,CARR. 853 K.6. H.0,CAROLINA,PR,985,Carolina Municipio,public,2-No,220,135,74.5,1,0.0,1,,,720003001495,,,
1802757,Monarca Academy,5525 W 34th Street,Indianapolis,IN,46224,Marion County,public,1-Yes,219,0,,,,,66346,21.8,181323402757,,,
A1904819,KINGDOM PREP LUTHERAN HIGH SCHOOL,2520 N WAUWATOSA AVE,WAUWATOSA,WI,53213,MILWAUKEE,private,,218,218,,,0.0,,64435,22.1,,501915,Demanding,
0403844,Premier Prep Online Academy,459 N GILBERT RD STE A213,GILBERT,AZ,85234,Maricopa County,public,1-Yes,218,168,,,,,89300,12.4,040974403844,,,
3605496,BRONX THEATRE HIGH SCHOOL,99 TERRACE VIEW AVE,BRONX,NY,10463,Bronx County,public,2-No,217,215,87,,,,48676,38,360008705496,330608,,
2712866,Sandburg Regional High School,1902 2ND AVE,ANOKA,MN,55303,Anoka County,public,2-No,217,217,,,,,101869,7.3,270318012866,,,
0402919,ThrivePoint High School at Metro,9640 N METRO PKWY W UNIT 147,PHOENIX,AZ,85051,Maricopa County,public,1-Yes,216,216,10,,0.0,0,89300,12.4,040031102919,,,
1600862,RICHARD MCKENNA CHARTER SCHOOL - ONLINE,675 SOUTH HASKETT STREET,MOUNTAIN HOME,ID,83647,Elmore County,public,1-Yes,216,216,57,,0.0,0,65359,13.1,160000500862,130421,Below Average,
7201501,MARIANO FELIU BALSEIRO,URB LOMAS VERDES CARR 831,BAYAMON,PR,956,Bayamón Municipio,public,2-No,215,7,,,,,,,,,,
3905476,MC^2 STEM High School,601 Erieside Ave,Cleveland,OH,44114,Cuyahoga County,public,2-No,215,215,92,,0.0,2,64468,21.6,390437805476,365284,Average,
3602827,PS 371 LILLIAN L RASHKIS,355 37TH ST,BROOKLYN,NY,11232,Kings County,public,2-No,215,121,,,,,80263,26.5,360013502827,330699,,
1304131,Wiregrass Regional College and Career Academy,706 Baker Hwy W,Douglas,GA,31533,Coffee County,public,2-No,215,215,97.5,1,0.0,1,50683,28.3,130135004131,,,
7200689,CENTRO RESIDENCIAL OPORTUNIDADES EDUCATIVAS MAYAGUEZ (CROEM),CERRO LAS MESAS KM6 HM.9,MAYAGUEZ,PR,682,Mayagüez Municipio,public,2-No,215,215,87,3,0.0,2,,,720003000689,,,
3905538,Cleveland School of Architecture & Design,2075 Stokes Blvd,Cleveland,OH,44106,Cuyahoga County,public,2-No,215,215,97.5,3,0.0,1,64468,21.6,390437805538,365229,Demanding,
4805579,VISD SUCCESS ACADEMY,3002 E N ST,VICTORIA,TX,77901,Victoria County,public,2-No,214,214,87,,0.0,0.33000001,70896,20.6,484415005579,447262,Below Average,
7202003,PETRA MERCADO BOUGART,CARR 906 AVE TEJAS FINAL,HUMACAO,PR,792,Humacao Municipio,public,2-No,214,214,77,3,0.0,0,,,720003002003,,,
1203958,BEACON HIGH SCHOOL,3710 ESTEY AVE,NAPLES,FL,34104,Collier County,public,2-No,214,214,,,0.0,0,90045,12.2,120033003958,,,
1208096,DUVAL MYCROSCHOOL OF INTEGRATED ACADEMICS AND TECHNOLOGIES,1584 NORMANDY VILLAGE PKWY,JACKSONVILLE,FL,32221,Duval County,public,1-Yes,213,213,57,,0.0,0,71277,13.4,120048008096,,,
1902315,Gateway High School,907 Gateway Drive,Ottumwa,IA,52501,Wapello County,public,2-No,213,213,,,,,64766,19.6,192211002315,160157,Demanding,
1901072,MMCRU  High School,400 Highland Drive,Marcus,IA,51035,Cherokee County,public,2-No,213,213,95,2,0.0,1,71269,12,191863001072,162750,Average,
4813894,CAST MED H S,2601 LOUIS BAUER DR,SAN ANTONIO,TX,78235,Bexar County,public,1-Yes,213,213,,2,0.0,1,72341,17.1,483873013894,441869,Very Demanding,
4101888,Southern Oregon Success Academy,345 Merlin Rd,Merlin,OR,97532,Josephine County,public,2-No,213,187,5,,0.0,0,60098,18.9,410690001888,,,
2102567,Cardinal Virtual Academy,650 Boone Avenue,Winchester,KY,40391,Clark County,public,2-No,212,157,,,,,64348,15.2,210120002567,,,
4822795,SOUTH TEXAS ISD VIRTUAL ACADEMY,100 MED HIGH DR,MERCEDES,TX,78570,Hidalgo County,public,2-No,212,116,,,,,54338,32.3,483715022795,444154,Below Average,
0101011,McIntyre Comprehensive Academy,1200 Hugh Street,Montgomery,AL,36108,Montgomery County,public,2-No,212,140,34.5,,0.0,1,59386,26.8,010243001011,,,
4814213,THE LAGRONE ACADEMY,1504 LONG RD,DENTON,TX,76207,Denton County,public,2-No,212,212,,,,,,,,,,
2701229,Focus Beyond,340 COLBORNE ST,SAINT PAUL,MN,55102,Ramsey County,public,2-No,212,212,75,,0.0,0,81568,12.9,273384001229,,,
1207736,ACCELERATION EAST,2274 S SEMORAN BLVD,ORLANDO,FL,32822,Orange County,public,2-No,212,203,95,,0.0,1,79719,16.1,120144007736,,,
7201101,LILA MARIA MERCEDES MAYORAL,BLQ CANAS BOX 7409 SECTOR EL TUQUE,PONCE,PR,780,Ponce Municipio,public,2-No,211,211,64.5,3,0.0,1,,,720003001101,,,
5301365,Interagency Programs,2445 3rd AVE S,SEATTLE,WA,98134,King County,public,2-No,211,210,,,0.0,2,124746,9.5,530771001365,,,
0614040,Orange County Workforce Innovation High,505 North Euclid St.,Anaheim,CA,92801,Orange County,public,1-Yes,210,210,7.5,,0.0,1.1,116289,11.1,060161114040,,,
7200490,RAFAELINA E. LEBRON FLORES,URB SAN MARTIN CALLE PRINCIPAL FINAL,PATILLAS,PR,723,Patillas Municipio,public,2-No,210,207,72,,0.0,1,,,720003000490,,,
1304416,iGrad Virtual Academy School,8871 Knox Bridge Hwy,Canton,GA,30114,Cherokee County,public,2-No,210,210,,10,0.0,1,108115,5.8,130111004416,,,
1200718,PALM AVENUE EXCEP. STUDENT CENTER,1301 W PALM AVE,JACKSONVILLE,FL,32254,Duval County,public,2-No,210,200,75,,0.0,0,71277,13.4,120048000718,,,
4811185,WINFREE ACADEMY NORTH RICHLAND HILLS,6311 BLVD 26,NORTH RICHLAND HILLS,TX,76180,Tarrant County,public,1-Yes,208,208,27,,0.0,0,84207,14.9,480020211185,,,
1209003,SAN JOSE EARLY COLLEGE AT CECIL,13520 FSCJ CECIL DR,JACKSONVILLE,FL,32221,Duval County,public,1-Yes,208,156,,,,,71277,13.4,120048009003,,,
1304676,The Anchor School,2460 Wesley Chapel Road,Decatur,GA,30035,DeKalb County,public,1-Yes,208,0,,,,,80644,15.1,130585804676,,,
00602592,ST BERNARD'S HIGH SCHOOL INC,45 HARVARD ST,FITCHBURG,MA,1420,WORCESTER,private,,207,207,,,0.0,,95939,9.1,,,,
3600804,MOUNTAIN VIEW CAMPUS,7530 COURT ST,ELIZABETHTOWN,NY,12932,Essex County,public,2-No,207,110,90,3,0.0,1,71661,13.3,360118900804,,,
BB161452,TORAS IMECHE,1118 E COUNTY LINE RD,LAKEWOOD,NJ,8701,OCEAN,private,,205,205,,,0.0,,89863,11.9,,,,
0402950,Ombudsman - Charter Valencia,1660 W VALENCIA RD,TUCSON,AZ,85746,Pima County,public,1-Yes,205,205,17,,0.0,1,70315,16.7,040010302950,,,
5303534,Marysville NWESD 189 Youth Engagement,1605  7th Street,Marysville,WA,98270,Snohomish County,public,2-No,205,205,,,,,,,,,,
4812961,TEXANS CAN ACADEMY - GRANT EAST,2901 MORGAN DR,DALLAS,TX,75241,Dallas County,public,1-Yes,205,205,12,,0.0,0,76547,16,480001612961,,,
3702157,Southeast Halifax Collegiate Prep Academ,16683 Hwy 125,Halifax,NC,27839,Halifax County,public,2-No,204,204,84.5,,0.0,1,45590,24.5,370195002157,343540,Average,
1208994,PINECREST NORTH PREPARATORY HIGH SCHOOL,8925 FOUNTAINEBLEAU BLVD,MIAMI,FL,33172,Miami-Dade County,public,1-Yes,204,204,,,,,71753,16,120039008994,101613,Below Average,
00751986,ST MARY'S SOUTH SIDE CATHOLIC HIGH SCHOOL,4701 S GRAND BLVD,SAINT LOUIS,MO,63111,ST. LOUIS,private,,203,203,,,0.0,,56160,32,,263075,Average,
0402329,Ombudsman - Charter Northwest,9516 W. Peoria Ave. STE 19-22,Peoria,AZ,85345,Maricopa County,public,1-Yes,203,203,22,,0.0,1,89300,12.4,040010302329,,,
3703574,Alamance Virtual School,609 Ray Street,Graham,NC,27253,Alamance County,public,2-No,203,124,,5,0.0,2,65651,18.7,370003003574,,,
5503067,Insight School of Wisconsin High,4721 Dale-Curtin,McFarland,WI,53558,Dane County,public,1-Yes,202,202,42,,0.0,1,89975,6.2,550891003067,502560,Demanding,
4813008,EVOLUTION ACADEMY BEAUMONT,3920 W CARDINAL DR,BEAUMONT,TX,77705,Jefferson County,public,1-Yes,202,202,67,,0.0,1,60026,21.8,480023613008,,,
7200335,GERMAN RIECKEHOFF,BO. PUEBLO NUEVO,VIEQUES,PR,765,Vieques Municipio,public,2-No,201,201,77,,0.0,1,,,720003000335,,,
3406013,Mercer High School,1030 Old Trenton Road,Hamilton,NJ,8690,Mercer County,public,2-No,200,200,,,0.0,6,100645,12.7,348020006013,310785,Very Demanding,
0200555,Highland Academy Charter,5530 E Northern Lights Ste 1,Anchorage,AK,99504,Anchorage Municipality,public,1-Yes,200,107,49.5,,0.0,0,103284,9.9,020018000555,,,
3605626,URBAN ASSEMBLY SCHOOL OF DESIGN AND CONSTRUCTION,525 W 50TH ST,NEW YORK,NY,10019,New York County,public,2-No,200,200,72,,,,103931,19.7,360007705626,,,
1706504,YCCS-ASPIRA Pantoja Alt HS,3121 N Pulaski Rd,Chicago,IL,60641,Cook County,public,1-Yes,200,200,,,0.0,0,83498,17.3,170993006504,,,
3905820,Valley STEM+ME2 Academy,7300 N Palmyra Rd,Canfield,OH,44406,Mahoning County,public,2-No,200,200,,,,,,,,360852,Average,
2202498,New Orleans Accelerated High School,12000 Hayne Blvd.,New Orleans,LA,70128,Orleans Parish,public,1-Yes,200,197,15,,0.0,2,56631,30.9,220032402498,,,
6600086,Career Tech High Academy Charter School,681 N Rt. 2,Agat,GU,96915,Guam,public,1-Yes,199,198,,,,,,,660004100086,,,
2705221,Community School of Excellence High,270 LARPENTEUR AVE W,SAINT PAUL,MN,55113,Ramsey County,public,1-Yes,199,199,,,0.0,2,81568,12.9,270030405221,,,
3605719,WORLD ACADEMY FOR TOTAL COMMUNITY HEALTH HIGH SCHOOL,400 PENNSYLVANIA AVE,BROOKLYN,NY,11207,Kings County,public,2-No,199,199,67,,,,80263,26.5,360012005719,,,
2700481,Burnsville Alternative High School,2140 DIFFLEY RD,EAGAN,MN,55122,Dakota County,public,2-No,198,198,42,,0.0,2,106318,5.9,270729000481,242367,Average,
2704746,Metro Heights Academy,7122 UNIVERSITY AVE NE,FRIDLEY,MN,55432,Anoka County,public,2-No,198,198,22,,0.0,0,101869,7.3,270226404746,,,
4101652,Alliance High School,1530 NE Glisan St,Portland,OR,97232,Multnomah County,public,2-No,197,197,42,,0.0,4,88766,12.1,411004001652,380834,Below Average,
0102665,EXCEL Academy,32 Watson Street,Anniston,AL,36206,Calhoun County,public,2-No,196,168,,,,,55029,24,010054002665,,,
4901562,Launch High,1975 W Royal Hunte Dr,CEDAR CITY,UT,84720,Iron County,public,2-No,196,196,75,,0.0,1,66247,12.6,490039001562,,,
2903176,DeLaSalle Charter High School,3737 Troost Ave,Kansas City,MO,64109,Jackson County,public,1-Yes,196,196,44.5,,0.0,1,68577,16,290059303176,,,
3500810,AMY BIEHL CHARTER HIGH SCHOOL,123 4TH ST SW,ALBUQUERQUE,NM,87102,Bernalillo County,public,1-Yes,196,196,72,,0.0,0,69473,15.6,350013100810,320073,Demanding,
4200359,La Academia Partnership CS,30 N Ann Street,Lancaster,PA,17602,Lancaster County,public,1-Yes,196,118,69.5,3,0.0,1,86959,10.2,420002600359,,,
0607750,Benjamin Banneker Career and Transition Center,14024 South San Pedro St.,Los Angeles,CA,90061,Los Angeles County,public,2-No,196,196,,,,,,,,,,
1900404,Southwest Valley High school,904 8th St,Corning,IA,50841,Adams County,public,2-No,195,195,95,10,0.0,1,71875,14.8,190813000404,160960,Demanding,
7201976,ADELA BRENES TEXIDOR,CARR 3 KM. 143 HM 8,GUAYAMA,PR,785,Guayama Municipio,public,2-No,195,108,54.5,,0.0,0,,,720003001976,,,
0403225,CRUHSD Academy,5221 HIGHWAY 95 STE 5,FORT MOHAVE,AZ,86426,Mohave County,public,2-No,195,195,27,,0.0,0,57684,20.2,040008203225,,,
4207547,The U School: Innovative Lab,2000 N 7th St,Philadelphia,PA,19122,Philadelphia County,public,2-No,195,195,84.5,,0.0,2,61953,28.9,421899007547,,,
7200061,FEDERICO ASENJO - PRETECNICA,AVE BORINQUEN 32015 BO OBRERO,SAN JUAN,PR,915,San Juan Municipio,public,2-No,195,195,,,0.0,0,,,720003000061,,,
2705142,FIT Academy High School,7200 147TH ST W,APPLE VALLEY,MN,55124,Dakota County,public,1-Yes,194,72,,,0.0,0,106318,5.9,270042505142,,,
0614482,KIPP Esperanza High,1039 Garden St.,East Palo Alto,CA,94303,San Mateo County,public,1-Yes,194,194,,1,0.0,0,158855,6.7,060253314482,050093,Demanding,
3904819,Randall Park High School,4836 Northfield Rd,North Randall,OH,44128,Cuyahoga County,public,1-Yes,193,193,30,,0.0,0,64468,21.6,390027904819,360975,Average,
3400391,Liberty High School,299 SIP AVENUE,JERSEY CITY,NJ,7306,Hudson County,public,2-No,193,193,95,6,0.0,1,91795,23.4,340783000391,310623,Very Demanding,
7201279,RAFAEL MARIA DE LABRA,PONCE DE LEON PDA #18 SANTURCE,SAN JUAN,PR,909,San Juan Municipio,public,2-No,192,131,64.5,1,0.0,1,,,720003001279,,,
A1903021,CONG. PEER BAIS YAAKOV,133 ROUTE 59,MONSEY,NY,10952,ROCKLAND,private,,192,192,,,0.0,,109959,22.7,,,,
0612922,Sierra Academy of Expeditionary Learning,505 Main St.,Nevada City,CA,95959,Nevada County,public,1-Yes,191,191,95,3,0.0,1,89882,12,060202112922,,,
7200697,LOAIZA CORDERO DEL ROSARIO,AVE LUIS MUNOZ MARIN #1000,YAUCO,PR,698,Yauco Municipio,public,2-No,191,186,52,,0.0,1,,,720003000697,,,
2702689,TRIO WOLF CREEK DISTANCE LEARNING,10363 LIBERTY LN,CHISAGO CITY,MN,55013,Chisago County,public,1-Yes,191,191,54.5,,0.0,0.5,99400,5.2,270023502689,241342,Below Average,
2608271,Crockett Midtown High School of Science and Medicine,571 MACK AVE,DETROIT,MI,48201,Wayne County,public,2-No,191,191,82,2,0.0,1,60539,31.5,260110308271,230913,Average,
1900004,AGWSR High School,713 Hardin St,Ackley,IA,50601,Hardin County,public,2-No,190,190,84.5,,0.0,0,65069,14.6,190306000004,160000,Average,
5303657,Stem Academy at SVT,115 S. University Road,Spokane Valley,WA,99206,Spokane County,public,2-No,190,190,,5,0.0,1,78582,9.1,530111003657,,,
3603047,DALTON-NUNDA SECONDARY SCHOOL,13 MILL ST,NUNDA,NY,14517,Livingston County,public,2-No,190,190,95,3,0.0,1,74001,10.8,362145003047,334250,Average,
3606621,UNITED CHARTER HIGH SCHOOL FOR THE HUMANITIES IV,100-00 BEACH CHANNEL DR,ROCKAWAY PARK,NY,11694,Queens County,public,1-Yes,189,189,,4,0.0,4,86136,14.9,360116206621,,,
1900070,CAM  Jr./Sr. High School,1000 Victory Park Rd,Anita,IA,50020,Cass County,public,2-No,188,133,84.5,,0.0,0,63013,13.7,190594000070,160157,Demanding,
0401583,Ombudsman - Charter East,3943 E THOMAS RD,PHOENIX,AZ,85018,Maricopa County,public,1-Yes,188,188,15,,0.0,1,89300,12.4,040010301583,,,
2705447,5RiversOnline Secondary,395 GUERNSEY LN,RED WING,MN,55066,Goodhue County,public,2-No,188,164,,,0.0,0.60000002,84171,6.7,279144305447,,,
2608363,Empower U,225 MAYFIELD AVE NE,GRAND RAPIDS,MI,49503,Kent County,public,2-No,188,0,,,0.0,0,82631,11.2,268062008363,,,
0614284,Goodwill Independent Study,16350 Mojave Dr.,Victorville,CA,92395,San Bernardino County,public,2-No,187,181,52,,0.0,0,85478,16.7,063697214284,,,
3600670,DERUYTER HIGH SCHOOL,711 RAILROAD ST,DERUYTER,NY,13052,Madison County,public,2-No,187,96,84.5,,0.0,6,75499,9.9,360885000670,331610,Below Average,
2705263,Falcon View Online High School,275 3RD STREET SOUTH,STILLWATER,MN,55082,Washington County,public,2-No,187,187,75,10,0.0,1.5,115345,3.9,274106005263,,,
4101722,Creekside Community High School,8040 SW Durham Rd,Tigard,OR,97224,Washington County,public,2-No,186,186,52,,0.0,2,107772,7.1,411224001722,,,
A2103063,OREGON CHALLENGE HIGH SCHOOL,23861 DODDS RD,BEND,OR,97701,DESCHUTES,private,,186,186,,,0.0,,92758,8,,380097,Average,
0614479,Griffin Academy High,233 Hobbs Ave.,Vallejo,CA,94589,Solano County,public,1-Yes,186,186,,,0.0,0,100401,11.2,060253014479,053036,Average,
4101681,URCEO-Upper Rogue Center for Educational Opportunities,140 E. Main St,Eagle Point,OR,97524,Jackson County,public,2-No,186,160,24.5,,0.0,0,73999,12.7,410450001681,,,
0611221,Opportunities for Learning - Capistrano,31878 Del Obispo St. Ste. 105,San Juan Capistrano,CA,92675,Orange County,public,1-Yes,185,182,37,,0.0,1,116289,11.1,060231111221,051518,Below Average,
A2303064,"LIMITLESS, THE ARENA",6156 S HATHAWAY ST,TAYLORSVILLE,UT,84123,SALT LAKE,private,,185,185,,,0.0,,97494,7.7,,,,
3605180,COMMUNITY SCHOOL FOR SOCIAL JUSTICE,350 GERARD AVE,BRONX,NY,10451,Bronx County,public,2-No,185,185,62,,,,48676,38,360008405180,330524,,
3605242,TEACHERS PREPARATORY HIGH SCHOOL,226 BRISTOL ST,BROOKLYN,NY,11212,Kings County,public,2-No,185,178,74.5,,,,80263,26.5,360012105242,330900,,
2608881,Grand Rapids Montessori MiddleHigh,421 FOUNTAIN ST NE,GRAND RAPIDS,MI,49503,Kent County,public,2-No,184,117,90,,0.0,1,82631,11.2,261644008881,,,
2102412,Minor Daniels Academy,1960 Bashford Manor Ln,Louisville,KY,40218,Jefferson County,public,2-No,184,105,50,,0.0,2,69866,18.6,210299002412,,,
0401897,Kaizen Education Foundation dba El Dorado High School,2200 N ARIZONA AVE STE 17,CHANDLER,AZ,85225,Maricopa County,public,1-Yes,184,184,17,,0.0,0,89300,12.4,040014901897,030036,Below Average,
1706486,YCCS-Albizu Campos Puerto Rican,2739 W Division St,Chicago,IL,60622,Cook County,public,1-Yes,184,184,,,0.0,0,83498,17.3,170993006486,,,
1100537,Girls Global Academy PCS,733 8TH STREET NW,Washington,DC,20001,District of Columbia,public,1-Yes,183,183,,,0.0,0,109870,24.9,110011300537,,,
1304170,New Beginning Learning Center,1301 E College St,Bainbridge,GA,39819,Decatur County,public,2-No,183,141,62,,0.0,0,53317,30.7,130171004170,,,
2703518,Beacon ALP,9701 NICOLLET AVE,BLOOMINGTON,MN,55420,Hennepin County,public,2-No,183,183,,,,,97653,8.9,270579003518,,,
3200993,Southern Nevada Trades High School,1580 Bledsoe Lane,Las Vegas,NV,89110,Clark County,public,1-Yes,182,182,,,,,,,,,,
3800612,KIDDER COUNTY HIGH SCHOOL,101 4th St SE,Steele,ND,58482,Kidder County,public,†,182,97,90,,0.0,1,65610,14.5,380038900612,350365,Demanding,
0601720,Dewolf Continuation High,2445 West Dakota Ave.,Fresno,CA,93703,Fresno County,public,2-No,182,182,,,,,,,,050222,,
1900292,Central Middle School/High School,400 1st Street NW,Elkader,IA,52043,Clayton County,public,2-No,182,131,95,1,0.0,0,67242,11,190684000292,161440,Average,
2703140,AVALON SCHOOL,700 GLENDALE ST,SAINT PAUL,MN,55114,Ramsey County,public,1-Yes,182,182,64.5,,0.0,0,81568,12.9,270018703140,242221,Average,
0610577,Riverside County Community,3939 13th St.,Riverside,CA,92501,Riverside County,public,2-No,181,147,27,,0.0,0.5,93074,10.6,069102610577,,,
2702955,HIGH SCHOOL FOR RECORDING ARTS,1166 UNIVERSITY AVE,SAINT PAUL,MN,55104,Ramsey County,public,1-Yes,181,181,32,,0.0,0,81568,12.9,270016002955,242264,Below Average,
A2102553,CARDINAL O'HARA HIGH SCHOOL,39 OHARA RD,TONAWANDA,NY,14150,ERIE,private,,181,181,,,0.0,,72839,14.2,,333510,Average,
BB180115,SEQUOYAH SCHOOL (HIGH SCHOOL CAMPUS),301 N ORANGE,GROVE,CA,91103,LOS ANGELES,private,,181,181,,,0.0,,90112,16.2,,052728,Demanding,
3400522,Academy for Mathematics Science and Engineering,520 WEST MAIN STREET,ROCKAWAY,NJ,7866,Morris County,public,2-No,181,181,95,29,0.0,1,137326,4,341072000522,310309,Most Demanding,
3606767,KENMORE JUNIOR-SENIOR HIGH SCHOOL,155 DELAWARE RD,KENMORE,NY,14217,Erie County,public,2-No,180,123,,,,,72839,14.2,361623006767,335578,Average,
2600463,BayArenac Community High School,805 LANGSTAFF ST,ESSEXVILLE,MI,48732,Bay County,public,1-Yes,180,180,24.5,,0.0,1,61763,14,260006700463,231373,Average,
7201633,PROFESOR RAFAEL ALICEA VAZQUEZ,CARR 111 KM 12.5 BO. LARES,LARES,PR,669,Lares Municipio,public,2-No,179,132,49.5,,0.0,1,,,720003001633,,,
5101947,Twin Valley High,14449 Dismal River Road,Pilgrim Knob,VA,24634,Buchanan County,public,2-No,179,137,95,,0.0,0.5,42886,26.7,510051001947,471736,Average,
0801212,Walsenburg Jr. Sr. High School,355 WEST PINE STREET,WALSENBURG,CO,81089,Huerfano County,public,2-No,179,115,84.5,,0.0,0,52526,28.2,080708001212,061410,Demanding,
2701697,Wm. M. Kelley Secondary,137 BANKS BLVD,SILVER BAY,MN,55614,Lake County,public,2-No,179,106,90,,0.0,0.5,75541,9.7,274074001697,242383,Below Average,
2900729,Viburnum High,35 Hwy 49,Viburnum,MO,65566,Iron County,public,2-No,179,96,90,,0.0,1,48850,24.8,291551000729,260590,Demanding,
1201247,DEAF HIGH SCHOOL (FSDB),207 SAN MARCO AVE,ST AUGUSTINE,FL,32084,St. Johns County,public,2-No,179,179,95,,0.0,0,109839,4.9,120201601247,101469,Demanding,
2705436,Aim Academy of Science & Technology,2831 12TH AVE S,MINNEAPOLIS,MN,55407,Hennepin County,public,1-Yes,178,121,,,,,97653,8.9,270046905436,242739,Demanding,
1210841,THE COLLEGIATE SCHOOL AT FSU PC,2430 ST ANDREWS BLVD,PANAMA CITY,FL,32405,Bay County,public,1-Yes,178,178,,,,,73533,15.6,120202010841,,,
3605934,URBAN ASSEMBLY SCHOOL FOR THE PERFORMING ARTS,509 W 129TH ST,NEW YORK,NY,10027,New York County,public,2-No,178,178,82,,,,103931,19.7,360008105934,,,
3606802,MOTION PICTURE TECHNICAL HIGH SCHOOL,47-10 BARNETT AVE,SUNNYSIDE,NY,11104,Queens County,public,2-No,177,177,,,,,,,,,,
1200769,ALDEN ROAD EXCEP. STUDENT CENTER,11780 ALDEN RD,JACKSONVILLE,FL,32246,Duval County,public,2-No,177,171,75,,0.0,0,71277,13.4,120048000769,,,
4812718,MOMENTUM H S,14450 TC JESTER BLVD,HOUSTON,TX,77014,Harris County,public,2-No,176,176,,,,,74983,22.6,484122012718,,,
7200731,SALVADOR FUENTES,CALLE NORTH EASTEDIF.611 RAMEY,AGUADILLA,PR,605,Aguadilla Municipio,public,2-No,176,176,74.5,1,0.0,1,,,720003000731,,,
4400229,Apprenticeship Exploration Sch,4 Sharpe Drive,Cranston,RI,2920,Providence County,public,1-Yes,176,176,74.5,1,0.0,0,78787,17.9,440024000229,,,
0401724,Ombudsman - Charter West,2909 W. Bell Road,Phoenix,AZ,85053,Maricopa County,public,1-Yes,176,176,32,,0.0,1,89300,12.4,040010301724,,,
4900972,Two Rivers High,955 W 12th Street,OGDEN,UT,84404,Weber County,public,2-No,175,175,92,,0.0,1,90005,11.2,490120000972,450251,Demanding,
0614090,Opportunity Academy,313 West Winton Ave.,Hayward,CA,94544,Alameda County,public,1-Yes,175,175,,,,,,,,,,
0402583,TAPBI,500 W GUADALUPE RD,TEMPE,AZ,85283,Maricopa County,public,2-No,175,175,10,,0.0,1,89300,12.4,040834002583,,,
0614668,Anacapa Adult Transition Program,1701 Gary Dr.,Oxnard,CA,93033,Ventura County,public,2-No,175,175,,,,,,,,,,
4702101,Early College High School,120 White Bridge RD,Nashville,TN,37209,Davidson County,public,2-No,174,174,,,0.0,1,77853,17.3,470318002101,431446,Average,
2607904,Westwood Virtual Academy,25824 MICHIGAN AVE,INKSTER,MI,48141,Wayne County,public,2-No,174,174,44.5,,0.0,0,60539,31.5,261164007904,,,
3606689,RESEARCH LABORATORY HS-BIOINFORMATIC,2495 MAIN ST,BUFFALO,NY,14214,Erie County,public,2-No,174,174,90,2,0.0,1,72839,14.2,360585006689,,,
6600082,J.P. TORRES SUCCESS ACADEMY,189 CHALAN PALE DUENAS,SANTA RITA,GU,96928,Guam,public,2-No,173,173,,,,,,,660000200082,,,
4111375,Catalyst High School,1421 Deborah Rd,Newberg,OR,97132,Yamhill County,public,2-No,173,173,,,,,90063,10.3,410872011375,380834,Below Average,
4702188,Invictus Academy at Airways,2601 Ketchum,Memphis,TN,38118,Shelby County,public,2-No,173,173,57,,0.0,0,63767,29.3,470014802188,,,
7201347,REPUBLICA DE COLOMBIA,CALLE MAXIMO ALOMAR URB SAN AGUSTIN,SAN JUAN,PR,928,San Juan Municipio,public,2-No,172,172,57,,0.0,1,,,720003001347,,,
2102497,Colonel Academy,300 Main Street,Williamsburg,KY,40769,Whitley County,public,2-No,172,164,90,,0.0,0,44615,31.4,210588002497,,,
0401015,PPEP TEC - Raul H. Castro Learning Center,1122 N G AVE,DOUGLAS,AZ,85607,Cochise County,public,1-Yes,172,172,24.5,,0.0,1,59742,18.6,040008301015,,,
3906008,Northeast Ohio Impact Academy,436 Struthers Coitsville Rd,Lowellville,OH,44436,Mahoning County,public,2-No,171,94,,,0.0,0,56942,26.4,390437006008,,,
2502873,Resiliency Preparatory Academy,290 Rock Street,Fall River,MA,2720,Bristol County,public,2-No,171,149,52,,0.0,3.8,85625,10.8,250483002873,,,
0901913,Science and Technology Magnet Pathway for High School Grades,20 Chester Street,New London,CT,6320,Southeastern Connecticut Planning Region,public,2-No,171,171,97.5,,,,86586,10.9,090282001913,,,
4200662,Center for Student Learning CS at Pennsbury,345 Lakeside Drive,Levittown,PA,19054,Bucks County,public,1-Yes,170,115,69.5,,0.0,2,114764,6.3,420010000662,,,
BB240281,EMUNAS BAIS YAAKOV,1462 62ND ST,BROOKLYN,NY,11219,KINGS,private,,170,170,,,0.0,,80263,26.5,,,,
3100377,UMO N HO N NATION HIGH SCHOOL,470 MAIN ST,MACY,NE,68039,Thurston County,public,†,170,170,54.5,,0.0,1,69177,21.8,311956000377,281382,Average,
00579903,ST TIMOTHY'S SCHOOL,8400 GREENSPRING AVE,STEVENSON,MD,21153,BALTIMORE,private,,170,170,,,1.0,,91768,10.6,,,,
1208738,ACCELERATION ACADEMIES LLC HOMESTEAD,910 BUREN ST,CHICAGO,IL,60607,Miami-Dade County,public,2-No,170,165,5,,0.0,0,71753,16,120039008738,,,
2705191,Robbinsdale Virtual Academy,2400 SANDBURG LN,GOLDEN VALLEY,MN,55427,Hennepin County,public,2-No,170,132,50,,0.0,0,97653,8.9,273178005191,,,
2323164,Overman Academy,78 Water Street,Skowhegan,ME,4976,Somerset County,public,1-Yes,170,136,75,,0.0,0,58179,16.9,231480723164,,,
4501740,Learn4Life High School-Charleston,6209 Rivers Avenue,N Charleston,SC,29406,Charleston County,public,1-Yes,169,169,,,0.0,1,88494,13.9,450390101740,411525,Below Average,
4822852,SER-NINOS CHARTER HIGH,5610 GULFTON,HOUSTON,TX,77081,Harris County,public,1-Yes,169,169,,,,,,,,,,
A2301392,BAIS YAAKOV,14390 W TEN MILE RD,OAK PARK,MI,48237,OAKLAND,private,,168,168,,,0.0,,97760,7.2,,,,
4809410,TEXANS CAN ACADEMY - AUSTIN,2406 ROSEWOOD AVE,AUSTIN,TX,78702,Travis County,public,1-Yes,168,168,7,,0.0,0,99611,13,480001609410,,,
0614355,Da Vinci RISE High,201 North Douglas St.,El Segundo,CA,90245,Los Angeles County,public,1-Yes,167,167,12,,0.0,5,90112,16.2,060221514355,051216,Below Average,
4808405,UNITED STEP ACADEMY,1600 ESPEJO MOLINA RD,RIO BRAVO,TX,78046,Webb County,public,2-No,167,116,,,0.0,2,63058,28,484365008405,,,
0607766,Ernest P. Willenberg Special Education Center,308 Weymouth Ave.,San Pedro,CA,90732,Los Angeles County,public,2-No,166,166,,,,,,,,,,
2703107,Wellstone International High,1501 HENNEPIN AVENUE,MINNEAPOLIS,MN,55403,Hennepin County,public,2-No,166,166,34.5,2,0.0,2,97653,8.9,272124003107,241702,Average,
0605835,Lincoln High (Continuation),1700 Leonard Dr.,San Leandro,CA,94577,Alameda County,public,2-No,166,166,62,,0.0,2,129367,7.3,063468005835,050017,Below Average,
4900323,South Valley School,8400 S 1700 W,WEST JORDAN,UT,84088,Salt Lake County,public,2-No,165,165,75,,,,97494,7.7,490042000323,450192,Below Average,
2002179,Step Up Virtual,300 E. Loula St,Olathe,KS,66061,Johnson County,public,2-No,164,56,,,,,,,,,,
4812237,LEGACY TRADITIONAL- BASSE SECONDARY,1826 BASSE RD,SAN ANTONIO,TX,78213,Bexar County,public,1-Yes,164,62,90,,0.0,1,72341,17.1,480006212237,,,
2601947,Covenant High School Southwest,1450 25TH ST,DETROIT,MI,48216,Wayne County,public,1-Yes,164,164,5,,0.0,1,60539,31.5,260032201947,,,
2606211,North AdamsJerome MiddleHigh School,4555 KNOWLES RD,NORTH ADAMS,MI,49262,Hillsdale County,public,2-No,163,104,90,,0.0,1,64242,16.7,262565006211,232815,Below Average,
5102750,R.I.S.E Academy at the John M. Langston Campus,1005 N. Main Street,Danville,VA,24540,Danville city,public,2-No,163,117,,,,,44423,34.1,510111002750,,,
5300213,Green Hill Academic School,375 SW 11th Street,Chehalis,WA,98532,Lewis County,public,2-No,163,163,,,,1,74796,12.8,530117000213,,,
1601120,EMPOWER CONNECTIONS ACADEMY,9550 BETHEL COURT,BOISE,ID,83709,Ada County,public,1-Yes,163,163,69.5,,0.0,1.5,91502,6.8,160001101120,,,
2502958,Champion High School,211 Crescent St,Brockton,MA,2301,Plymouth County,public,2-No,163,163,,,,,114201,7,250309002958,220432,,
3606774,DESIGN WORKS,29 6 AVE,BROOKLYN,NY,11217,Kings County,public,2-No,163,163,,,,,,,,,,
0611708,Orange Grove High,300 Buena Vista Ave.,Corona,CA,92882,Riverside County,public,2-No,162,162,77,,0.0,4,93074,10.6,060985011708,,,
1207944,UCP TRANSITIONAL LEARNING ACADEMY CHARTER,3305 S ORANGE AVE,ORLANDO,FL,32806,Orange County,public,1-Yes,162,103,75,,0.0,0,79719,16.1,120144007944,,,
1802798,Cavemen Academy of Virtual Excellence,1402 S Main St.,Mishawaka,IN,46544,St. Joseph County,public,2-No,162,134,,,,,66868,19.6,180684002798,,,
1704221,Okaw Valley High School,709 S St John,Bethany,IL,61914,Moultrie County,public,2-No,162,162,,,0.0,1,71784,11.3,170022304221,140313,Demanding,
1201278,HILLCREST,3143 SE 17TH ST,OCALA,FL,34471,Marion County,public,2-No,162,117,90,,0.0,2,61010,20.1,120126001278,,,
BB161435,MESIVTA NEZER HATORAH,301 ESSEX AVE,LAKEWOOD,NJ,8701,OCEAN,private,,162,162,,,0.0,,89863,11.9,,,,
4900707,Sunrise High School,230 W 200 S,BRIGHAM CITY,UT,84302,Box Elder County,public,2-No,161,159,57,,0.0,1,84550,6.5,490009000707,450034,Average,
0102528,Alabama Aerospace and Aviation High School,114 2nd Avenue North,Bessemer,AL,35020,Jefferson County,public,1-Yes,161,161,,,,,66388,18.7,010021302528,,,
4810775,THE SUMMIT (HIGH SCHOOL),1838 E SAM HOUSTON PKWY S,PASADENA,TX,77503,Harris County,public,2-No,161,161,,,0.0,2,74983,22.6,483432010775,444461,Demanding,
3200443,College of So NV HS East,3200 E Cheyenne Ave,N  Las Vegas,NV,89030,Clark County,public,2-No,161,161,,,,,,,,290087,Below Average,
2608862,Flex High North Flint,4945 CLIO RD,FLINT,MI,48504,Genesee County,public,1-Yes,160,160,10,,0.0,0,62281,24.3,260111708862,,,
BB161465,YESHIVA SHAAR HATALMUD,1951 NEW CENTRAL AVE,LAKEWOOD,NJ,8701,OCEAN,private,,160,160,,,0.0,,89863,11.9,,,,
0612961,City Heights Preparatory Charter,4260 54th St.,San Diego,CA,92115,San Diego County,public,1-Yes,160,83,69.5,,0.0,1,106268,10.8,060170012961,,,
5302148,State Street High School,800 State Street,Sedro-Woolley,WA,98284,Skagit County,public,2-No,159,159,,,0.0,0.80000001,89263,10,530774002148,,,
A0302032,SIERRA LUTHERAN HIGH SCHOOL,3601 ROMANS RD,CARSON CITY,NV,89705,DOUGLAS,private,,158,158,,,0.0,,90754,9.9,,290109,Demanding,
2703733,Lincoln International High School,2520 MINNEHAHA AVE,MINNEAPOLIS,MN,55404,Hennepin County,public,1-Yes,158,158,44.5,,0.0,1,97653,8.9,270029903733,240765,Demanding,
4101909,Gladiola High School,1137 SE Gladiola Dr,Grants Pass,OR,97526,Josephine County,public,2-No,158,158,,,0.0,2,60098,18.9,410591001909,380834,Below Average,
1802813,Excel Center of Evansville Southeast,5001 Washington Ave,Evansville,IN,47715,Vanderburgh County,public,1-Yes,158,158,,,,,61648,15.7,181325202813,,,
2609050,Lansing Technical High School,5815 WISE RD,LANSING,MI,48911,Ingham County,public,2-No,157,157,,,,,,,,230850,Average,
3606380,URBAN ASSEMBLY SCHOOL FOR GLOBAL COMMERCE (THE),2005 MADISON AVE,NEW YORK,NY,10035,New York County,public,2-No,157,157,74.5,,,,103931,19.7,360008106380,,,
0806829,CIVICA Colorado,301 CENTENNIAL DRIVE,MILLIKEN,CO,80534,Weld County,public,1-Yes,157,70,,,0.0,0,97097,9.7,080483006829,,,
7201467,EDUARDO J. SALDANA,CALLE RODRZ. EMMA ESQ. ROBLES,CAROLINA,PR,983,Carolina Municipio,public,2-No,157,104,90,1,0.0,1,,,720003001467,,,
3906037,Mound Street Academy,354 Mound St,Dayton,OH,45402,Montgomery County,public,2-No,156,156,15,,0.0,0,66139,18.8,390438406037,365012,Below Average,
2502907,Gateway Academy,415 Primrose St,Haverhill,MA,1830,Essex County,public,2-No,156,132,75,,0.0,1,101883,11,250597002907,,,
2202335,Thrive Academy,2585 Brightside Drive,Baton Rouge,LA,70820,East Baton Rouge Parish,public,2-No,156,131,10,,0.0,1,63071,28.3,220029002335,,,
0801894,AUL Denver,2417 W. 29TH AVE,DENVER,CO,80211,Denver County,public,1-Yes,156,156,34.5,,0.0,0,94718,17.4,080336001894,,,
3606807,ROBERT HALMI SENIOR ACADEMY OF FILM AND TELEVISION,463 HAWTHORNE AVE,YONKERS,NY,10705,Westchester County,public,2-No,155,81,,,,,,,,,,
0403108,Hope High School,7620 W LOWER BUCKEYE RD STE 10,PHOENIX,AZ,85043,Maricopa County,public,1-Yes,155,155,17,,0.0,0,89300,12.4,040063603108,030546,Demanding,
5303479,Open Doors Youth Reengagement (1418),31455 28th Ave S,Federal Way,WA,98003,King County,public,2-No,154,154,,,0.0,0,124746,9.5,530282003479,,,
3605760,PROVIDING URBAN LEARNERS SUCCESS IN EDUCATION HIGH SCHOOL,560 E 179TH ST,BRONX,NY,10457,Bronx County,public,2-No,154,154,17,,,,48676,38,360008705760,,,
2102523,ACCEL Academy,3300 Barney Road,Burlington,KY,41005,Boone County,public,2-No,154,144,,,0.0,1,99414,8.2,210051002523,,,
2712728,Universal Academy Middle/High,2912 28TH AVE S,MINNEAPOLIS,MN,55406,Hennepin County,public,1-Yes,154,62,,,,,,,,,,
5502974,Beloit Learning Academy,910 Townline Ave,Beloit,WI,53511,Rock County,public,2-No,153,152,72,,0.0,1,75673,12.2,550105002974,991787,Very Demanding,
2704309,Lakeville Online Academy-High,17630 JUNIPER PATH,LAKEVILLE,MN,55044,Dakota County,public,2-No,153,153,75,1,0.0,0.34,106318,5.9,271778004309,,,
2705264,St. Paul City High School,215 UNIVERSITY AVE W,SAINT PAUL,MN,55103,Ramsey County,public,1-Yes,152,152,30,,0.0,1,81568,12.9,270014205264,242405,Average,
3300717,The Founders Academy Charter School (H),5 Perimeter Rd,Manchester,NH,3103,Hillsborough County,public,1-Yes,152,152,90,,0.0,2,103545,6.2,330329800717,,,
5502282,Renaissance School,610 N Badger Ave,Appleton,WI,54914,Outagamie County,public,1-Yes,151,151,90,19,0.0,0,85069,6.3,550039002282,,,
2705345,ONE91 Virtual Academy Secondary,200 BURNSVILLE PKWY W,BURNSVILLE,MN,55337,Dakota County,public,2-No,151,150,,,0.0,8,106318,5.9,270729005345,,,
A1503745,MARIAN HIGH SCHOOL (NTI CAREER INSTITUTE),9896 BISSONNET ST STE 230,HOUSTON,TX,77036,HARRIS,private,,150,150,,,0.0,,74983,22.6,,,,
0402205,Desert Rose Academy Charter School,326 W FORT LOWELL RD,TUCSON,AZ,85705,Pima County,public,1-Yes,150,150,17,,,,70315,16.7,040032202205,030516,,
A2102205,BISHOP LEBLOND,3529 FREDERICK AVE,SAINT JOSEPH,MO,64506,BUCHANAN,private,,150,150,,,0.0,,62158,15.6,,,,
4817033,TEGELER COMMUNITY SCHOOL,4949 BURKE RD,PASADENA,TX,77504,Harris County,public,2-No,150,150,,,0.0,1.01,74983,22.6,483432017033,445035,Below Average,
1802709,Rooted School Indianapolis,5750 E 30th St,Indianapolis,IN,46218,Marion County,public,1-Yes,150,89,,,0.0,0,66346,21.8,180022402709,,,
3703138,Career Readiness Academy at Mosley PLC,3702 Princess Place Drive,Wilmington,NC,28405,New Hanover County,public,2-No,150,115,90,3,0.0,1,75166,13.1,370333003138,,,
5503064,Pathways High,3022 W Wisconsin Ave,Milwaukee,WI,53208,Milwaukee County,public,1-Yes,149,149,34.5,,0.0,1,64435,22.1,550007903064,,,
2705371,279Online Learning Program 9-12,7300 BOONE AVE N,BROOKLYN PARK,MN,55428,Hennepin County,public,2-No,149,149,,5,0.0,1,97653,8.9,272520005371,,,
4100220,Community School,1841 SW Merlo Dr,Beaverton,OR,97003,Washington County,public,2-No,149,149,67,,0.0,3,107772,7.1,410192000220,380916,Average,
7200394,SUPERIOR NUEVA DE MARICAO,CARR 105 KM 25,MARICAO,PR,606,Maricao Municipio,public,2-No,149,149,64.5,,0.0,1,,,720003000394,,,
4101871,Realms High School,20730 Brinson Blvd,Bend,OR,97701,Deschutes County,public,2-No,148,148,69.5,2,0.0,1,92758,8,410198001871,,,
1706132,Urban Prep Chtr  Bronzeville HS,521 E 35th St,Chicago,IL,60616,Cook County,public,1-Yes,148,148,,1,0.0,3,83498,17.3,170993006132,,,
3703388,Northampton Early College,100 College Dr.,Weldon,NC,27890,Halifax County,public,2-No,148,146,90,,0.0,1,45590,24.5,370342003388,,,
4814320,ISCHOOL HIGH - ATASCOCITA,15903 W LAKE HOUSTON PKWY,HOUSTON,TX,77044,Harris County,public,1-Yes,148,148,,,0.0,1,74983,22.6,480016314320,,,
A2190498,BISHOP LEBLOND HIGH SCHOOL,3529 FREDERICK AVE,SAINT JOSEPH,MO,64506,BUCHANAN,private,,148,148,,,0.0,,62158,15.6,,,,
3902013,Northern Career Institute,34343 Euclid Ave,Willoughby,OH,44094,Lake County,public,2-No,148,148,,,,,,,,,,
3300457,Wilton-Lyndeboro Senior High School,57 School Rd.,Wilton,NH,3086,Hillsborough County,public,2-No,147,147,95,4,0.0,1,103545,6.2,330711500457,300625,Demanding,
7201849,SUPERIOR BETHZAIDA VELAZQUEZ,URB LAS DELICIAS 100 CALLE FLORENSITA FERRER,PONCE,PR,731,Ponce Municipio,public,2-No,146,146,67,,0.0,1,,,720003001849,,,
2202044,Strehle Community School,178 Millie Drive,Avondale,LA,70094,Jefferson Parish,public,2-No,145,145,30,,0.0,1,65252,24.4,220084002044,,,
3906179,Dayton Career Tech High School,401 E 3rd St,Dayton,OH,45402,Montgomery County,public,1-Yes,145,145,,,0.0,0,66139,18.8,390163006179,,,
A0302157,YESHIVA BIRCHAS CHAIM,1111 VINE AVE,LAKEWOOD,NJ,8701,OCEAN,private,,145,145,,,0.0,,89863,11.9,,,,
3905007,Gem City Career Prep High School,1721 N Main St,Dayton,OH,45405,Montgomery County,public,1-Yes,144,144,24.5,,0.0,1,66139,18.8,390044805007,,,
2704166,TREKNORTH HIGH SCHOOL,2400 PINE RIDGE AVE NW,BEMIDJI,MN,56601,Beltrami County,public,1-Yes,144,144,95,4,0.0,1,68975,17.4,270034504166,240218,Demanding,
3500819,NORTHPOINT CHARTER SCHOOL,10301 CANDELARIA RD NE,ALBUQUERQUE,NM,87112,Bernalillo County,public,1-Yes,144,144,54.5,,0.0,1,69473,15.6,350013700819,,,
2704980,Saints Academy,4111 AMBASSADOR BLVD NW,SAINT FRANCIS,MN,55070,Anoka County,public,2-No,144,87,74.5,,0.0,0.5,101869,7.3,273354004980,,,
2903371,THE INNOVATION SCHOOL AT CV,1351 SOUTH FLORISSANT ROAD,ST LOUIS,MO,63121,St. Louis County,public,2-No,143,143,,,0.0,1,82936,12.5,291201003371,,,
1802511,Tri-Township Jr.-Sr. High School,11 N Michigan St,LaCrosse,IN,46348,LaPorte County,public,2-No,143,94,90,,0.0,1,71055,19.3,180010702511,,,
0608886,Diane S. Leichman Career Preparatory and Transition Center,19034 Gault St.,Reseda,CA,91335,Los Angeles County,public,2-No,142,142,,,,,,,,,,
0613826,Fusion Charter,441 West Linwood Ave.,Turlock,CA,95380,Stanislaus County,public,1-Yes,142,130,74.5,,0.0,1,81468,18.3,060185613826,,,
2703521,THE ALTERNATIVE PROGRAM (TAP),4955 PEONY LN,PLYMOUTH,MN,55446,Hennepin County,public,2-No,142,142,,,,,97653,8.9,274216003521,,,
5302967,Innovation Heights Academy,11249 14th Ave S,Burien,WA,98168,King County,public,2-No,142,142,,,0.0,1,124746,9.5,530354002967,,,
0607853,Laurel Ruff Transition,5325 Garfield Ave.,Sacramento,CA,95841,Sacramento County,public,2-No,142,142,,,,,,,,,,
4701416,Hamilton County Collegiate High at Chattanooga State,4501 Amnicola HWY,Chattanooga,TN,37406,Hamilton County,public,2-No,141,141,97.5,,0.0,1,76183,20.3,470159001416,,,
2705441,Kalon Prep Academy,1877 AGA DRIVE,ALEXANDRIA,MN,56308,Douglas County,public,1-Yes,141,141,,,0.0,0,79043,7.3,270047405441,,,
3403415,Mercer County Technical School STEM Academy,129 Bull Run Road,Pennington,NJ,8534,Mercer County,public,2-No,141,141,90,,0.0,1,100645,12.7,340995003415,310775,Below Average,
0403186,ThrivePoint High School at Buckeye,6213 S. Miller Ave.,Buckeye,AZ,85326,Maricopa County,public,1-Yes,141,141,10,,0.0,0,89300,12.4,040031103186,030030,Average,
4111373,Community Alternative Learning Center,2701 Taylor Way,Forest Grove,OR,97116,Washington County,public,2-No,141,141,,,,,107772,7.1,410516011373,,,
4813955,BILLY MOORE,8500 FM 3053,OVERTON,TX,75684,Rusk County,public,1-Yes,140,140,,,,,68658,16.9,480144813955,,,
2100969,Heritage Park High School,3361 Buckland Square,Owensboro,KY,42301,Daviess County,public,2-No,140,140,47,,0.0,2,68214,15.2,210147000969,182565,Very Demanding,
2604147,Bellaire MiddleHigh School,204 W FORREST HOME AVE,BELLAIRE,MI,49615,Antrim County,public,2-No,140,79,90,,0.0,1,72054,15.1,260462004147,230260,Demanding,
A1101572,YESHIVA SHAAREI ORAH,708 ALBERT AVE,LAKEWOOD,NJ,8701,OCEAN,private,,140,140,,,0.0,,89863,11.9,,,,
A1903231,"YESHIVA HIGH SCHOOL OF MONSEY, MESIVTA OHEL TORAH",91 COLLEGE RD,MONSEY,NY,10952,ROCKLAND,private,,140,140,,,0.0,,109959,22.7,,,,
4813066,BOB E GRIGGS H S,6010 WALKER ST,HALTOM CITY,TX,76117,Tarrant County,public,2-No,140,140,47,,0.0,1,84207,14.9,481023013066,440245,Below Average,
0402176,Premier Charter High School,7544 W INDIAN SCHOOL RD STE A2,PHOENIX,AZ,85033,Maricopa County,public,1-Yes,140,140,37,,0.0,0,89300,12.4,040028802176,030524,Average,
3703254,NERSBA Early College,1215 Saint Andrews St,Jamesville,NC,27846,Martin County,public,2-No,140,122,95,,0.0,1,48578,28.2,370032103254,341961,Very Demanding,
4200713,New Day CS,256 South Fifth St,Huntingdon,PA,16652,Huntingdon County,public,1-Yes,139,112,54.5,,0.0,1,65557,12.8,420011400713,,,
4813875,SAN ANTONIO STEAM ACADEMY,6127 SUMMER FEST DR,SAN ANTONIO,TX,78244,Bexar County,public,1-Yes,139,78,,,0.0,1,72341,17.1,480147213875,446210,Demanding,
5303771,Envision Career Academy,411 College St NE,Lacey,WA,98516,Thurston County,public,2-No,139,139,,,0.0,0,96563,8.2,530585003771,,,
4808164,DALLAS COUNTY JUVENILE JUSTICE,2600 LONE STAR DR STE 5,DALLAS,TX,75212,Dallas County,public,1-Yes,139,114,,,,0,76547,16,480009308164,,,
A1903290,COMBINE ACADEMY,270 CAR FARM RD,LINCOLNTON,NC,28092,LINCOLN,private,,139,139,,,0.0,,80016,12,,,,
4808404,PREMIER H S OF LAREDO,2201 CHIHUAHUA ST,LAREDO,TX,78043,Webb County,public,1-Yes,138,138,30,,0.0,0,63058,28,480020708404,,,
2607729,Oasis,3480 S ISABELLA RD,MOUNT PLEASANT,MI,48858,Isabella County,public,2-No,138,118,10,,0.0,0,55237,14.8,262475007729,232675,Below Average,
2700832,LEROY SECONDARY,406 W MAIN ST,LEROY,MN,55951,Mower County,public,2-No,138,82,90,,0.0,0,73074,10.2,271806000832,241360,Average,
2502936,PROMISE College and Career Academy,596 Summer Street,Brockton,MA,2302,Plymouth County,public,2-No,138,138,,,,,,,,,,
3606724,EAST NEW YORK ARTS AND CIVICS HIGH SCHOOL (THE),800 VAN SICLEN AVE,BROOKLYN,NY,11207,Kings County,public,2-No,138,137,,,,,80263,26.5,360012006724,,,
5503349,Innovative High,1045 E Dayton St,Madison,WI,53703,Dane County,public,2-No,138,138,2.5,,0.0,0,89975,6.2,550852003349,,,
2600800,Bay City Eastern High School,201 WOODSIDE LN,BAY CITY,MI,48708,Bay County,public,2-No,137,137,27,,0.0,1,61763,14,260426000800,230216,Average,
4814237,PREMIER H S - CORPUS CHRISTI,5130 KOSTORYZ RD,CORPUS CHRISTI,TX,78415,Nueces County,public,1-Yes,137,137,,,0.0,0,66897,19.7,480020714237,,,
2102410,Beacon Academy,1022 West Main Street,Bowling Green,KY,42101,Warren County,public,2-No,137,126,95,,0.0,1,65794,17.6,210573002410,,,
2700017,Heron Lake-Okabena Secondary,124 N MINNESOTA AVE,OKABENA,MN,56161,Jackson County,public,2-No,137,100,90,,0.0,0.25,75743,9.1,271393000017,241315,Average,
3403409,Mercer County Technical School Health Sciences Academy,1085 Old Trenton Road,Trenton,NJ,8690,Mercer County,public,2-No,137,137,90,,0.0,1,100645,12.7,340995003409,310775,Below Average,
4800167,NORTH HEIGHTS ALTER,607 N HUGHES,AMARILLO,TX,79107,Potter County,public,2-No,137,137,,,,,,,,,,
A2301577,MESIVATA NEZER HATORAH,301 ESSEX AVE,LAKEWOOD,NJ,8701,OCEAN,private,,136,136,,,0.0,,89863,11.9,,,,
0611052,Elinor Lincoln Hickey Jr./Sr. High,2040 Ethan Way,Sacramento,CA,95825,Sacramento County,public,2-No,136,129,15,,0.0,1,92175,15.4,069102711052,,,
3905837,Utica Shale Academy of Ohio,50 E Main St,Salineville,OH,43945,Columbiana County,public,1-Yes,136,127,90,,0.0,1,58180,19.8,390156605837,,,
1601171,PRAXIUM MASTERY ACADEMY,3497 NORTH AMMON ROAD,IDAHO FALLS,ID,83401,Bonneville County,public,2-No,136,0,,,,,79068,9.1,160093001171,,,
2705233,Exploration High School,2620 RUSSELL AVE N,MINNEAPOLIS,MN,55411,Hennepin County,public,1-Yes,136,136,,,,,97653,8.9,270046205233,,,
1304694,Discovery Regional High School,245 North Robinson Street,Lenox,GA,31637,Cook County,public,2-No,136,136,,,,,53651,26.3,130586304694,,,
2705247,Sejong Academy Upper School,2410 STILLWATER RD E,MAPLEWOOD,MN,55119,Ramsey County,public,1-Yes,136,65,,,0.0,1,81568,12.9,270038605247,,,
2608403,WAY Academy  Vernor Site,8701 W VERNOR HWY,DETROIT,MI,48209,Wayne County,public,1-Yes,135,111,10,,0.0,0,60539,31.5,260102308403,,,
7201283,JOSE JULIAN ACOSTA - TEATRO,PDA 1 AVE JUAN PONCE DE LEON,SAN JUAN,PR,901,San Juan Municipio,public,2-No,135,86,74.5,,0.0,1,,,720003001283,,,
0403292,ThrivePoint High School at Avondale,1035 E. Van Buren Street,Avondale,AZ,85323,Maricopa County,public,1-Yes,134,134,15,,0.0,0,89300,12.4,040031103292,,,
4808711,BRAZOS SUCCESS ACADEMY,500 CIR WAY,LAKE JACKSON,TX,77566,Brazoria County,public,2-No,134,134,82,,0.0,1,97993,9.7,481119008711,,,
3905603,Facing History High School@Charles Mooney,3202 W 30th St,Cleveland,OH,44109,Cuyahoga County,public,2-No,134,134,64.5,2,0.0,1,64468,21.6,390437805603,,,
2712831,MNIC Online Program,2507 FREMONT AVE N,MINNEAPOLIS,MN,55411,Hennepin County,public,1-Yes,134,134,,,,,97653,8.9,270034112831,,,
0801888,The Bijou School,2115 AFTON WAY,COLORADO SPRINGS,CO,80909,El Paso County,public,2-No,134,134,57,,0.0,1.5,90363,8.4,080306001888,060323,Average,
2000184,North East High,1003 E South Street,Arma,KS,66712,Crawford County,public,2-No,133,133,74.5,1,0.0,1,52844,16,200348000184,170120,Average,
2702111,917 TESA,1300 145TH ST E,ROSEMOUNT,MN,55068,Dakota County,public,2-No,133,133,,,0.0,0,106318,5.9,270002602111,,,
2000345,Wichita Alternative High,1847 N Chautauqua,Wichita,KS,67214,Sedgwick County,public,2-No,133,133,24.5,,0.0,0.5,69365,14.1,201299000345,173180,Average,
3904817,Lake Erie International High School,11650 Detroit Ave,Cleveland,OH,44102,Cuyahoga County,public,1-Yes,133,133,22,,0.0,0,64468,21.6,390027704817,365082,Demanding,
2700652,6-12th Grade Building,712 3RD ST,GRACEVILLE,MN,56240,Big Stone County,public,2-No,133,76,90,,0.0,1,70400,13.2,270015000652,240965,Demanding,
3906020,Flex High School Cleveland,5222 Wilson Mills Rd,Richmond Heights,OH,44143,Cuyahoga County,public,1-Yes,132,132,50,,0.0,0,64468,21.6,390162006020,361437,Below Average,
5303505,Interagency Open Doors,3528 S. Ferdinand Street,Seattle,WA,98118,King County,public,2-No,132,132,,,0.0,0,124746,9.5,530771003505,,,
A2102767,TIEGERMAN HIGH SCHOOL,8725 136TH ST,RICHMOND HILL,NY,11418,QUEENS,private,,132,132,,,0.0,,86136,14.9,,,,
3602781,DR SUSAN S MCKINNEY SECONDARY SCHOOL OF THE ARTS,101 PARK AVE,BROOKLYN,NY,11205,Kings County,public,2-No,132,131,84.5,,,,80263,26.5,360009102781,330674,,
1208559,ESE TRANSITION,12301 WARRIOR RD,WINTER GARDEN,FL,34787,Orange County,public,2-No,131,131,,,,,,,,,,
4808403,TRIUMPH PUBLIC HIGH SCHOOLS-LAREDO NORTH,1230 TOWNLAKE DR,LAREDO,TX,78041,Webb County,public,1-Yes,131,131,64.5,1,0.0,1,63058,28,480017408403,444046,Below Average,
1706055,Air Force Acad High School,3630 S Wells St,Chicago,IL,60609,Cook County,public,2-No,131,131,,2,0.0,2,83498,17.3,170993006055,,,
2601832,Lincoln Alternative High School,645 ALGER AVE,OWOSSO,MI,48867,Shiawassee County,public,2-No,131,131,30,,0.0,0,67404,14.5,262721001832,233830,Average,
0400476,Center for Academic Success #1 - Sierra Vista 9-12,900 CARMELITA DR,SIERRA VISTA,AZ,85635,Cochise County,public,1-Yes,130,130,74.5,,0.0,0.25,59742,18.6,040001600476,030423,Below Average,
0402021,James Madison Preparatory School,5815 S MCCLINTOCK DR,TEMPE,AZ,85283,Maricopa County,public,1-Yes,130,72,90,2,0.0,0,89300,12.4,040023102021,030447,Demanding,
1207852,PINELLAS TELESCHOOL,2229 NE COACHMAN RD,CLEARWATER,FL,33765,Pinellas County,public,2-No,130,80,50,,0.0,0,72646,14.2,120156007852,,,
7200363,CASIANO CEPEDA,CARR 955 BO CIENAGA ALTA,RIO GRANDE,PR,745,Río Grande Municipio,public,2-No,130,92,67,,0.0,1,,,720003000363,,,
3101204,NORTHEAST SECONDARY SCHOOL,400 S 5TH ST,LYONS,NE,68038,Burt County,public,†,130,92,75,,0.0,1,63685,10.6,317321001204,281380,Average,
2101402,Bluegrass Learning Academy,4400 LaFayette Rd,Hopkinsville,KY,42240,Christian County,public,2-No,130,110,,,0.0,1,55494,23.3,210115001402,,,
5303898,Kent Virtual Academy,317 4th Ave S,Kent,WA,98032,King County,public,2-No,130,87,,,,,124746,9.5,530396003898,,,
0606340,Baden High (Continuation),825 Southwood Dr.,South San Francisco,CA,94080,San Mateo County,public,2-No,130,130,47,,0.0,2,158855,6.7,063753006340,050017,Below Average,
1204458,WALTON ACADEMY INC.,389 DORSEY AVE,DEFUNIAK SPRINGS,FL,32435,Walton County,public,1-Yes,130,94,52,,0.0,0,81986,14.6,120198004458,100402,Very Demanding,
3905832,T2 Honors Academy,18450 S Miles Rd,Warrensville Heights,OH,44128,Cuyahoga County,public,1-Yes,130,102,90,,0.0,0,64468,21.6,390156805832,,,
0614362,Pathways for Adult Life Skills,515 East Seventh St.,Perris,CA,92570,Riverside County,public,2-No,130,130,,,,,,,,,,
4812020,FREDERICK A DOUGLASS LEARNING ACADEMY,1309 JEFFERSON AVE,CLEVELAND,TX,77327,Liberty County,public,2-No,129,129,82,,0.0,1,68703,27.9,481437012020,,,
3703477,Bladen Early College,7418 NC Highway 41 West,Dublin,NC,28332,Bladen County,public,2-No,129,128,,,0.0,0.2,42422,28,370039003477,,,
5503095,Capital High,3802 Regent St,Madison,WI,53705,Dane County,public,2-No,129,129,92,,0.0,1,89975,6.2,550852003095,,,
A1902814,MESIVTA KEREN ORAH,1500 PINE ST,LAKEWOOD,NJ,8701,OCEAN,private,,128,128,,,0.0,,89863,11.9,,,,
4813194,SHIRLEEN ZACHARIAS EARLY CLGE LEADERSHIP ACADEMY,7790 E 3RD ST,SOMERSET,TX,78069,Bexar County,public,2-No,128,128,95,,0.0,2,72341,17.1,484074013194,,,
3903345,Jefferson Jr./Sr. High School,2701 S Union Rd,Dayton,OH,45417,Montgomery County,public,2-No,128,89,69.5,,0.0,1,66139,18.8,390486803345,361815,Average,
4808220,DAN CHADWICK CAMPUS,2402 ALPINE RD,LONGVIEW,TX,75601,Gregg County,public,1-Yes,128,128,84.5,,0.0,0,66550,22.4,480010908220,,,
0614312,Come Back Charter,350 West Yosemite Ave,Merced,CA,95348,Merced County,public,1-Yes,128,128,24.5,,0.0,0.25,65510,23.3,069102014312,,,
3910869,Buckeye Community School - Fremont,401 S Front St,Fremont,OH,43420,Sandusky County,public,1-Yes,128,128,,,,,62295,17.5,391005110869,361003,,
A2102463,TIFERES SHMUEL,805 CROSS ST,LAKEWOOD,NJ,8701,OCEAN,private,,128,128,,,0.0,,89863,11.9,,,,
BB140697,GERER YESHIVA MESIFTA,5407 16TH AVE,BROOKLYN,NY,11204,KINGS,private,,127,127,,,0.0,,80263,26.5,,,,
2703722,EAST RANGE ACADEMY OF TECH-SCIENCE,8541 PARK RIDGE DR,MOUNTAIN IRON,MN,55768,St. Louis County,public,1-Yes,127,127,77,,0.0,0,70069,9.2,270029103722,,,
2000406,Lakeside Junior/Senior High School,1306 N Morgan,Downs,KS,67437,Osborne County,public,2-No,127,82,90,,0.0,1,63011,14,200447000406,170811,Demanding,
3906063,WCCC @ Atrium,5757 Innovation Dr,Middletown,OH,45005,Warren County,public,2-No,127,127,,,,,,,,,,
3800211,DAKOTA HIGH SCHOOL,1305 9th Ave S,Fargo,ND,58103,Cass County,public,†,127,127,27,,0.0,0.5,75555,10.5,380678000211,350576,Average,
A1702512,YESHIVA TORAS YISROEL INC,1367 LANESMILL RD,LAKEWOOD,NJ,8701,OCEAN,private,,127,127,,,0.0,,89863,11.9,,,,
2202305,JCFA,475 Manhattan Blvd,Harvey,LA,70058,Jefferson Parish,public,1-Yes,127,127,5,,0.0,1,65252,24.4,220084002305,,,
3605764,URBAN ASSEMBLY SCHOOL OF BUSINESS FOR YOUNG WOMEN,26 BROADWAY,NEW YORK,NY,10004,New York County,public,2-No,127,127,84.5,,,,103931,19.7,360007705764,,,
5303583,NEWESD 101 Open Doors,901 E. 2nd Avenue Suite 100,Spokane,WA,99202,Spokane County,public,2-No,127,127,,,,,,,,,,
4813253,BLENDED ACADEMY,305 LAS VACAS,DEL RIO,TX,78840,Val Verde County,public,2-No,127,69,42,,0.0,2,66100,22,483890013253,,,
4200344,Dr Robert Ketterer CS Inc,1133 Village Way,Latrobe,PA,15650,Westmoreland County,public,1-Yes,127,103,69.5,,0.0,1,74109,13.8,420002100344,391579,Below Average,
3703512,Halifax County Early College High,100 College Drive,Weldon,NC,27890,Halifax County,public,2-No,126,126,,,0.0,1,45590,24.5,370195003512,343131,Average,
5303783,Cascade Public Schools,22419 Pacific Highway South,Des Moines,WA,98198,King County,public,1-Yes,126,126,,,,,124746,9.5,530034903783,,,
3703550,Vance Virtual Village Academy,219 Charles Street,Henderson,NC,27536,Vance County,public,2-No,126,80,90,1,0.0,0.94999999,50465,27.1,370465003550,,,
4210031,Midland Innovation & Technology CS,7 South 12th Street,Midland,PA,15059,Beaver County,public,1-Yes,126,126,,,,,71089,12.9,428939610031,,,
5303793,Maritime High School,615 S 200th St,Des Moines,WA,98198,King County,public,2-No,126,126,,,0.0,0.2,124746,9.5,530354003793,480387,Average,
0612611,Young Adult Program,915 54th St.,Oakland,CA,94608,Alameda County,public,2-No,126,126,,,,,,,,,,
0402331,Toltecali High School,251 W IRVINGTON RD,TUCSON,AZ,85714,Pima County,public,1-Yes,126,126,24.5,,0.0,1,70315,16.7,040038202331,,,
1802652,Excel Center - Gary,4610 W Ridge Road,Gary,IN,46408,Lake County,public,1-Yes,125,125,,,0.0,2,71493,18.3,180020002652,,,
0611486,Teel School in Empire,5255 1st St.,Empire,CA,95319,Stanislaus County,public,2-No,125,102,47,,0.0,1,81468,18.3,069104111486,,,
A2102402,MESIVTA NER MOSHE,82 OAK ST,LAKEWOOD,NJ,8701,OCEAN,private,,125,125,,,0.0,,89863,11.9,,,,
4822936,SST SUGAR LAND COLLEGE PREP H S,10007 CLODINE RD,RICHMOND,TX,77407,Fort Bend County,public,1-Yes,125,75,,,,,,,,447642,Very Demanding,
2705279,Banaadir Academy,1201 BRYANT AVE N,MINNEAPOLIS,MN,55411,Hennepin County,public,1-Yes,125,63,,,0.0,1,97653,8.9,270011705279,,,
0611312,CATCH Prep Charter High Inc.,4120 11th Ave.,Los Angeles,CA,90008,Los Angeles County,public,1-Yes,125,125,90,18,0.0,1,90112,16.2,060226511312,,,
1706463,YCCS-CCA Academy HS,1231 S Pulaski Rd,Chicago,IL,60623,Cook County,public,1-Yes,124,124,,,0.0,0,83498,17.3,170993006463,140661,Average,
0200401,Martin Luther King Jr. Technical High School,2650 E Northern Lights Blvd,Anchorage,AK,99508,Anchorage Municipality,public,2-No,124,124,,,,,,,,,,
2712797,Virtual Instruction by Excellence S,825 N CRAILSHEIM RD,WORTHINGTON,MN,56187,Nobles County,public,2-No,124,32,,,,,66101,12.9,274416012797,,,
4002937,DOVE VIRTUAL HS,1955 W 33rd Street suite 100,Edmond,OK,73013,Oklahoma County,public,1-Yes,124,124,,1,0.0,0,66679,20.1,400080602937,371375,Very Demanding,
0607760,James J. McBride Special Education Center,3960 Centinela Ave.,Los Angeles,CA,90066,Los Angeles County,public,2-No,124,124,,,0.0,0,90112,16.2,062271007760,,,
1205460,PARAGON ACADEMY OF TECHNOLOGY,502 N 28TH AVE,HOLLYWOOD,FL,33020,Broward County,public,1-Yes,123,0,,,,0,77633,13.5,120018005460,100802,Average,
0612526,Academy (The)- SF @McAteer,555 Portola Dr.,San Francisco,CA,94131,San Francisco County,public,2-No,123,123,92,5,0.0,1.04,140970,10.1,063441012526,,,
3703651,Elbert Edwin Waddell High School,7030 Nations Ford Rd,Charlotte,NC,28217,Mecklenburg County,public,2-No,123,123,,,,,87005,14.1,370297003651,340714,,
7202094,LEAP STEAM + SPORTS SCIENCES ACADEMY OF CAROLINA - ALIANZA,COMPLEJO DEPORTIVO ROBERTO CLEMENTE CALLE 24,CAROLINA,PR,986,Carolina Municipio,public,1-Yes,123,123,,,,,,,,,,
0603890,Black Rock Alternative/Continuation,59273 Sunnyslope,Yucca Valley,CA,92284,San Bernardino County,public,2-No,122,122,32,,0.0,1.01,85478,16.7,062586003890,,,
2702265,East View Academy,70 COUNTY ROAD B2 W,LITTLE CANADA,MN,55117,Ramsey County,public,2-No,122,122,2.5,,0.0,0,81568,12.9,270226402265,241392,Below Average,
0608520,Redwood Collegiate Academy,1059 North State St.,Ukiah,CA,95482,Mendocino County,public,1-Yes,122,68,90,5,0.0,0.74000001,68092,15.8,060161008520,,,
3905808,Ohio Construction Academy,1725 Jetway Blvd,Columbus,OH,43219,Franklin County,public,1-Yes,122,122,30,,0.0,0,75176,16.5,390153005808,,,
2400480,Center for Educational Opportunity,253 Paradise Rd,Aberdeen,MD,21001,Harford County,public,2-No,122,86,24.5,,0.0,1,112265,7.3,240039000480,,,
2704836,Career Pathways,1355 PIERCE BUTLER RT,SAINT PAUL,MN,55104,Ramsey County,public,1-Yes,121,99,30,,0.0,0,81568,12.9,270040204836,,,
7202093,LEAP STEAM +  MEDICAL SCIENCES ACADEMY OF CAROLINA - ALIANZA,Carretera 860 Km 1.1 Barrio Martin Gonzalez,CAROLINA,PR,987,Carolina Municipio,public,1-Yes,121,121,,,,,,,,,,
0403224,EVIT - East Campus,6625 S POWER RD,MESA,AZ,85212,Maricopa County,public,2-No,121,121,,,,,,,,,,
1202878,ESE OTHER TEACHING SERVICES,3378 FOREST HILL BLVD,WEST PALM BEACH,FL,33406,Palm Beach County,public,2-No,121,7,,,0.0,0,83581,14.1,120150002878,,,
2704531,Choice Academy,8800 QUEEN AVE S,BLOOMINGTON,MN,55431,Hennepin County,public,2-No,121,121,37,,0.0,1.08,97653,8.9,270579004531,,,
0612720,Soc Just Leadership Acad at Esteban E. Torres High #5,4211 Dozier St.,Los Angeles,CA,90063,Los Angeles County,public,2-No,121,121,92,4,0.0,2,90112,16.2,062271012720,,,
A2190517,BUSCHE ACADEMY,40 CHESTER ST,CHESTER,NH,3036,ROCKINGHAM,private,,120,120,,,0.0,,118331,3.3,,,,
2323186,Ecology Learning Ctr,230 Main Street,Unity,ME,4988,Waldo County,public,1-Yes,120,120,,,0.0,0.5,72782,14.6,231484123186,,,
5303670,ESD 105 Open Doors,33 S 2nd Ave,Yakima,WA,98908,Yakima County,public,2-No,120,120,,,,,70656,21,530001303670,,,
1902327,Empowering Excellence Charter School,1800 1st Ave NE # 201,Cedar Rapids,IA,52402,Linn County,public,1-Yes,120,120,,,,,77649,11.5,199902102327,,,
3101182,CROSS COUNTY HIGH SCHOOL,1270 123RD RD,STROMSBURG,NE,68666,Polk County,public,†,120,120,90,,0.0,1,69768,8.6,310013001182,282256,Average,
2900355,DEKALB JR.-SR. HIGH,702 MAIN ST,DEKALB,MO,64440,Buchanan County,public,2-No,120,83,90,3,0.0,1,62158,15.6,291059000355,260830,Average,
3904674,Luther E Ball (Chjcf),4321 Green Rd,Highland Hills,OH,44128,Cuyahoga County,public,2-No,120,120,10,,,2,64468,21.6,390023704674,,,
0604367,Surfside High (Continuation),1125 South Ditmar St.,Oceanside,CA,92054,San Diego County,public,2-No,119,119,17,,0.0,1,106268,10.8,062825004367,052250,Below Average,
0611934,Northcoast Preparatory and Performing Arts Academy,285 Bayside Rd.,Arcata,CA,95521,Humboldt County,public,1-Yes,118,59,95,2,1.0,0,61160,16.9,060194211934,053609,Most Demanding,
3101562,HITCHCOCK CO JR/SR HIGH SCHOOL,318 WEST D,TRENTON,NE,69044,Hitchcock County,public,†,118,69,90,,0.0,0.5,51567,15.8,310012001562,282351,Demanding,
4809498,CLEAR PATH ALTERNATIVE SCHOOL,1001 MAGNOLIA AVE,WEBSTER,TX,77598,Harris County,public,2-No,118,95,,,0.0,1,74983,22.6,481428009498,441333,Average,
2903394,ACADEMIE LAFAYETTE ARMOUR IHS,201 EAST ARMOUR BOULEVARD,KANSAS CITY,MO,64113,Jackson County,public,1-Yes,118,118,,,1.0,0.2,68577,16,290001703394,,,
0614009,Intellectual Virtues Academy,1637 Long Beach Blvd.,Long Beach,CA,90813,Los Angeles County,public,1-Yes,118,118,90,,0.0,1,90112,16.2,060153514009,,,
1601063,TECHNICAL CAREERS HIGH SCHOOL,3497 NORTH AMMON ROAD,IDAHO FALLS,ID,83401,Bonneville County,public,2-No,118,118,95,1,0.0,1,79068,9.1,160093001063,,,
4501556,Berkeley County Middle College High,7000 Rivers Avenue Bldg 700 Ste 101B,Charleston,SC,29406,Charleston County,public,2-No,117,117,,,,,,,,,,
1706519,YCCS-Scholastic Achievement HS,4651 W Madison St,Chicago,IL,60644,Cook County,public,1-Yes,117,117,,,0.0,0,83498,17.3,170993006519,,,
1210829,MAGNET INNOVATION CENTER,133 SOUTH WATERSOUND PKWY,INLET BEACH,FL,32461,Walton County,public,2-No,117,117,,,,,81986,14.6,120198010829,,,
0610707,Connections Visual and Performing Arts Academy,17555 Tuolumne Rd.,Tuolumne,CA,95379,Tuolumne County,public,1-Yes,117,94,90,5,0.0,0,77404,14.3,063828010707,,,
BB161917,TALMUD TORAH OHR MOSHE,1676 61ST ST,BROOKLYN,NY,11204,KINGS,private,,117,117,,,0.0,,80263,26.5,,,,
1802696,Washington Learning Academy,2134 Washington Ave,Vincennes,IN,47591,Knox County,public,2-No,117,100,69.5,,0.0,1,61237,16,181212002696,,,
2501659,CityLab Innovation High School,15 Everard Street,Revere,MA,2151,Suffolk County,public,2-No,117,117,15,,0.0,4,95631,21.3,251005001659,221834,Below Average,
4702684,Vanguard Virtual High School,1320 West Main ST,Franklin,TN,37064,Williamson County,public,2-No,117,117,,11,0.0,1,135594,3.2,470453002684,,,
4400328,Bridge Academy,91 Fricker Street,Providence,RI,2903,Providence County,public,2-No,117,117,,,,,,,,,,
4810458,RISE,605 W HOUSE ST,ALVIN,TX,77511,Brazoria County,public,2-No,116,116,90,2,0.0,1,97993,9.7,480809010458,,,
1210683,OCALI CHARTER HIGH SCHOOL,3850 WEST ANTHONY RD,OCALA,FL,34475,Marion County,public,1-Yes,116,116,,,,,61010,20.1,120126010683,100167,Below Average,
4821053,TRANSITION CTR,5100 EL CAMPO AVE,FORT WORTH,TX,76107,Tarrant County,public,2-No,116,116,,,,,,,,,,
2601554,Renaissance Alternative High School,6558 WALDON RD,CLARKSTON,MI,48346,Oakland County,public,2-No,116,91,49.5,,0.0,1,97760,7.2,260990001554,231023,Average,
4813657,PREMIER HIGH SCHOOL-SAN ANTONIO INGRAM,6218 NW LOOP 410,SAN ANTONIO,TX,78238,Bexar County,public,1-Yes,116,116,44.5,,0.0,0,72341,17.1,480020713657,446665,Average,
0806814,Jeffco Transition Services School,10 REED STREET,LAKEWOOD,CO,80226,Jefferson County,public,2-No,116,116,,,,,,,,,,
0614234,AeroSTEM Academy,82 Second St.,Yuba City,CA,95991,Sutter County,public,1-Yes,116,48,,,0.0,0,79704,15.1,060172414234,054853,Below Average,
4813382,CEDARS ACADEMY NEXT GENERATION H S AT HIGHLAND,6700 MIDDLE FISKVILLE RD,AUSTIN,TX,78752,Travis County,public,1-Yes,116,116,95,1,0.0,0,99611,13,480023213382,,,
0401011,PPEP TEC - Celestino Fernandez Learning Center,1840 E BENSON HWY,TUCSON,AZ,85714,Pima County,public,1-Yes,116,116,2.5,,0.0,1,70315,16.7,040008301011,030499,Demanding,
BB081365,MESIVTA CHOFETZ CHAIM,7601 147TH ST,FLUSHING,NY,11367,QUEENS,private,,116,116,,,0.0,,86136,14.9,,,,
7200204,CENTRO DE ADIESTRAMIENTO VOCACIONAL,AVE ANTONIO R BARCELO ESQ EL VETERANO,CAYEY,PR,737,Cayey Municipio,public,2-No,115,101,,1,0.0,1,,,720003000204,,,
0601090,Fairvalley High (Continuation),758 West Grondahl St.,Covina,CA,91722,Los Angeles County,public,2-No,115,115,77,,0.0,0.5,90112,16.2,061005001090,050763,Very Demanding,
3200499,South Academic Center J-SHS,4560 W Harmon Ave,Las Vegas,NV,89103,Clark County,public,2-No,115,60,50,,0.0,3,76472,15.3,320006000499,,,
4400544,YouthBuild Preparatory Academy,217 Westminister Street,Providence,RI,2903,Providence County,public,2-No,115,115,,,,,78787,17.9,440120200544,,,
7200776,CENTRO VOCACIONAL ESPECIAL,CARR 417 KM 3 HM 6 ESQ CARR 418 BO GUANABANO,AGUADA,PR,602,Aguada Municipio,public,2-No,115,66,,,0.0,0,,,720003000776,,,
2704995,SWMetro288 Elevate Online,4601 DEAN LAKES BLVD,SHAKOPEE,MN,55379,Scott County,public,2-No,115,100,,,0.0,0,119314,4.9,270042004995,,,
0607734,Portola-Butler Continuation High,760 Broadway St.,King City,CA,93930,Monterey County,public,2-No,115,115,30,,0.0,0,97230,15.7,061965007734,050222,,
1207952,ACCESS CHARTER,6000 E COLONIAL DR,ORLANDO,FL,32807,Orange County,public,1-Yes,115,82,50,,0.0,0,79719,16.1,120144007952,,,
0614674,Capital College & Career Academy,501 Arden Way,Sacramento,CA,95815,Sacramento County,public,1-Yes,115,115,,,,,92175,15.4,069114314674,,,
2704878,Rochester Beacon Academy,974 SKYLINE DR SW,ROCHESTER,MN,55902,Olmsted County,public,1-Yes,115,82,75,,0.0,1,95406,6.8,270041204878,,,
2704149,Quora Secondary School,70 COUNTY ROAD B2 W,LITTLE CANADA,MN,55117,Ramsey County,public,2-No,115,109,30,,0.0,0,81568,12.9,270226404149,240035,Demanding,
A9102419,HANNA SACKS BAIS YAAKOV HIGH SCHOOL,3021 W DEVON AVE,CHICAGO,IL,60659,COOK,private,,115,115,,,0.0,,83498,17.3,,,,
3701568,Henderson County Career Academy,300 East Campus Drive,Flat Rock,NC,28731,Henderson County,public,2-No,114,114,67,,0.0,1,68187,13.9,370210001568,,,
5502861,School for Arts and Performance,349 N Oak Crest Dr,Wales,WI,53183,Waukesha County,public,1-Yes,114,114,95,6,0.0,0,106076,3.7,550351002861,,,
4813214,RICE CHALLENGE ACADEMY,600 FM 3013,EAGLE LAKE,TX,77434,Colorado County,public,2-No,114,114,,,0.0,0,66377,19.8,483697013214,,,
1210871,BRADENTON BAY HIGH SCHOOL,817 MANATEE AVE W,BRADENTON,FL,34205,Manatee County,public,1-Yes,114,101,,,,,78457,12.7,120123010871,101355,Average,
3800928,FARGO 9-12 VIRTUAL ACADEMY,700 7th Street South,Fargo,ND,58102,Cass County,public,†,113,113,,,0.0,0.5,75555,10.5,380678000928,,,
3703406,Chatham Early College,501 Martin Luther King Jr Blvd,Siler City,NC,27344,Chatham County,public,2-No,113,111,75,,0.0,1,94317,10.1,370075003406,,,
1601108,RICHARD MCKENNA CHARTER SCHOOL - ONSITE,675 SOUTH HASKETT STREET,MOUNTAIN HOME,ID,83647,Elmore County,public,1-Yes,113,70,75,,0.0,1,65359,13.1,160000501108,130421,Below Average,
4822828,THRIVE ACADEMY,525 GREGGERSON DR,EL PASO,TX,79907,El Paso County,public,2-No,113,113,,,,,59806,23,484668022828,,,
3200598,Peterson Academic Center J-SHS,10250 W Centennial Pkwy,Las Vegas,NV,89149,Clark County,public,2-No,113,88,10,,0.0,2,76472,15.3,320006000598,,,
4710430,Chattanooga Charter School of Excellence High,201 E. 37th Street,Chattanooga,TN,37410,Hamilton County,public,1-Yes,113,113,,,,,76183,20.3,470159010430,,,
3200108,Variety J-SHS,2800 E Stewart Ave,Las Vegas,NV,89101,Clark County,public,2-No,113,47,50,,0.0,0,76472,15.3,320006000108,,,
A9502903,BAIS YAAKOV OF RAMAPO,984 HAVERSTRAW RD,SUFFERN,NY,10901,ROCKLAND,private,,112,112,,,0.0,,109959,22.7,,,,
3402929,Students Transitioning and Achieving Real Success,764 11th Ave,PATERSON,NJ,7504,Passaic County,public,2-No,112,112,,,0.0,0,87522,17.2,341269002929,,,
2702780,LITTLE FALLS CONTINUING EDUCATION,1001 5TH AVE SE,LITTLE FALLS,MN,56345,Morrison County,public,2-No,112,112,54.5,,0.0,0.5,69446,8.8,271824002780,,,
2705362,VirtualEDU Secondary,5300 GLENWOOD AVE,GOLDEN VALLEY,MN,55422,Hennepin County,public,2-No,112,74,,,,,97653,8.9,271426005362,,,
2702155,917 DCALS Main,1300 E 145TH ST,ROSEMOUNT,MN,55068,Dakota County,public,2-No,112,112,47,,0.0,3,106318,5.9,270002602155,,,
3701993,AdVance Academy,219 Charles Street,Henderson,NC,27536,Vance County,public,2-No,112,80,87,,0.0,1,50465,27.1,370465001993,341779,Demanding,
A1140014,YESHIVA EMEK HATORAH,395 KENT RD,HOWELL,NJ,7731,MONMOUTH,private,,112,112,,,0.0,,124845,7.7,,,,
4807123,WOODSON CENTER FOR EXCELLENCE,342 COCKERELL,ABILENE,TX,79601,Taylor County,public,2-No,112,102,92,,0.0,1,67139,18.2,480744007123,,,
2704925,MNVSS,200 E LINCOLN ST,HENDRICKS,MN,56136,Lincoln County,public,2-No,111,107,75,,0.0,0,69694,9.4,271368004925,,,
3403410,Mercer County Technical School Culinary Arts Academy,129 Bull Run Road,Pennington,NJ,8534,Mercer County,public,2-No,111,111,75,,0.0,1,100645,12.7,340995003410,310775,Below Average,
0612343,Nathaniel S. Colley Sr. High,8182 Gerber Rd.,Sacramento,CA,95828,Sacramento County,public,2-No,111,109,17,,0.0,0,92175,15.4,069102712343,,,
3901496,Technology Center,1220 Cedar St,Fremont,OH,43420,Sandusky County,public,2-No,111,97,,,,,62295,17.5,390514501496,,,
1902079,Woodward Academy,1251 334th St,Woodward,IA,50276,Boone County,public,2-No,110,100,,,0.0,0,83531,8.7,193201002079,,,
4806082,COLES H S AND EDUCATIONAL CENTER,924 WINNEBAGO ST,CORPUS CHRISTI,TX,78401,Nueces County,public,2-No,110,95,86,,0.0,2,66897,19.7,481527006082,,,
1208244,FOCUS ACADEMY,304 DRUID HILLS RD,TEMPLE TERRACE,FL,33617,Hillsborough County,public,1-Yes,110,83,90,,0.0,0,79540,13.5,120087008244,,,
2601811,CA Alternative EdAtlantis,G3493 Beveridge Rd,Flint,MI,48532,Genesee County,public,2-No,110,105,10,,0.0,0,62281,24.3,260789001811,,,
2401189,Homewood School,10914 Clarksville Pike,Ellicott City,MD,21042,Howard County,public,2-No,109,100,54.5,2,0.0,2,149763,5.5,240042001189,210513,Below Average,
0806842,Ascend College Prep,1650 TELSTAR DRIVE,COLORADO SPRINGS,CO,80920,El Paso County,public,2-No,109,109,,,,,,,,,,
1706534,COOP HS 7,350 N Chicago St,Rossville,IL,60963,Vermilion County,public,2-No,109,109,,,,,56877,26,173487006534,,,
A1702445,MESIVTA OHR CHAIM MEIR,1100 W CROSS ST,LAKEWOOD,NJ,8701,OCEAN,private,,109,109,,,0.0,,89863,11.9,,,,
4813396,PREMIER H S-HOUSTON (CHAMPIONS),3355 FM 1960 RD W STE 1A AND 1B,HOUSTON,TX,77068,Harris County,public,1-Yes,109,109,30,,0.0,0,74983,22.6,480020713396,,,
2608901,SER Metro YouthBuild Learning Academy,5200 STECKER ST,DEARBORN,MI,48126,Wayne County,public,1-Yes,109,109,,,,,60539,31.5,268099808901,,,
3701304,Wolfe School,722 Brewer Drive,Monroe,NC,28112,Union County,public,2-No,109,89,,,0.0,0,102900,8.7,370462001304,,,
5502317,Hillcrest School,4616 24th St,Kenosha,WI,53144,Kenosha County,public,2-No,108,92,90,,0.0,0,81239,10.3,550732002317,,,
3400716,Hunterdon Polytech Bartles Corner Campus,8 Bartles Corner Road,Flemington,NJ,8822,Hunterdon County,public,2-No,108,108,,,,,141715,3.5,340005000716,,,
3904676,Ralph C Starkey (Cjcf),640 Island Rd,Circleville,OH,43113,Pickaway County,public,2-No,108,108,5,,,2,74040,10.1,390023704676,,,
0402089,PACE Preparatory Academy,6711 E 2ND ST,Prescott Valley,AZ,86314,Yavapai County,public,1-Yes,108,108,49.5,,0.0,0,69613,9.9,040026602089,030068,Average,
0802013,Justice High Charter School,805 EXCALIBUR,LAFAYETTE,CO,80026,Boulder County,public,1-Yes,108,98,30,2,0.0,2.49,103994,7.5,080249002013,060257,Average,
0402412,Academy of Building Industries,1547 E LIPAN BLVD,FORT MOHAVE,AZ,86426,Mohave County,public,1-Yes,108,108,64.5,,0.0,1,57684,20.2,040041402412,,,
4814054,PREMIER H S HOUSTON GALLERY NORTH,6006 N FWY # F,HOUSTON,TX,77076,Harris County,public,1-Yes,108,108,,,0.0,0,74983,22.6,480020714054,,,
0801575,Florence Crittenton High School,55 SOUTH ZUNI,DENVER,CO,80223,Denver County,public,2-No,107,107,15,,0.0,1,94718,17.4,080336001575,060444,Average,
2704529,ALC SENIOR HIGH,7300 BOONE AVE N,BROOKLYN PARK,MN,55428,Hennepin County,public,2-No,107,107,5,,0.0,1.4,97653,8.9,272520004529,,,
2608939,The SER Learning Academy  East,5555 CONNER ST,DETROIT,MI,48213,Wayne County,public,1-Yes,107,107,,,,,60539,31.5,268099808939,230422,Below Average,
5300202,Mica Peak High School,15111 E Sprague Ave,Spokane Valley,WA,99037,Spokane County,public,2-No,107,107,,,0.0,1,78582,9.1,530111000202,480451,Below Average,
3905451,Mahoning Valley Community School,2026 South Ave,Youngstown,OH,44502,Mahoning County,public,1-Yes,107,98,77,,0.0,1,56942,26.4,390132905451,363110,Below Average,
5303831,Intergenerational High School,1 Bellis Fair Parkway,Bellingham,WA,98226,Whatcom County,public,1-Yes,107,107,,,,,81784,7.9,530035103831,,,
2608605,Flat Rock Academic Virtual Academy,25600 SENECA ST,FLAT ROCK,MI,48134,Wayne County,public,2-No,107,107,54.5,,0.0,0,60539,31.5,260708008605,,,
5502265,Shabazz-City High,1601 N Sherman Ave,Madison,WI,53704,Dane County,public,2-No,106,106,64.5,,0.0,0.80000001,89975,6.2,550852002265,501159,Demanding,
3406151,Newcomers High School,151 Ellison Street,Paterson,NJ,7501,Passaic County,public,2-No,106,106,,,,,87522,17.2,341269006151,,,
3702584,GC Middle College High,815 West Market Street,Greensboro,NC,27401,Guilford County,public,2-No,106,106,,,,,,,,340746,Average,
2800126,J.W. Stampley 9th Grade Academy,301 WASHINGTON AVENUE,CLARKSDALE,MS,38614,Coahoma County,public,2-No,106,106,,,,,,,,,,
4806035,ALTER H S,103 W RAMPART,SAN ANTONIO,TX,78216,Bexar County,public,2-No,106,106,,1,0.0,0,72341,17.1,483294006035,,,
3300711,Arts Academy of New Hampshire Chartered Public High School,19 Keewaydin Drive,Salem,NH,3079,Rockingham County,public,1-Yes,106,106,69.5,,0.0,1,118331,3.3,330329600711,,,
0505147,FORT SMITH VIRTUAL ACADEMY,3205 JENNY LIND RD,FORT SMITH,AR,72903,Sebastian County,public,1-Yes,106,78,,,,,57790,16,050633005147,,,
A2103002,SPIRE ACADEMY,5201 SPIRE CIR,GENEVA,OH,44041,ASHTABULA,private,,105,105,,,0.0,,57728,20.9,,,,
1207992,FRESH START COMMUNITY SCHOOL,910 LOWRY AVE,LAKELAND,FL,33801,Polk County,public,2-No,105,105,,,,,,,,102641,,
4702158,Middle College @ Austin Peay State University,110 Bailey ST,Clarksville,TN,37040,Montgomery County,public,2-No,105,105,,,,,,,,,,
3200020,Juvenile Detention 6-12 J-SHS,601 N Pecos Rd Suite 70,Las Vegas,NV,89101,Clark County,public,2-No,105,98,2.5,,,2,76472,15.3,320006000020,290163,Below Average,
0606184,Heartland High (Continuation),2269 Sylvia St.,Selma,CA,93662,Fresno County,public,2-No,105,105,49.5,,0.0,0,74201,24.5,063627006184,050017,Below Average,
1706496,YCCS-Association House,1116 N Kedzie Ave Fl 4,Chicago,IL,60651,Cook County,public,1-Yes,105,105,,,0.0,0,83498,17.3,170993006496,,,
0613810,Success One!,129 E. Walker St.,Orland,CA,95963,Glenn County,public,1-Yes,105,105,7.5,,,,67139,20.1,069100813810,,,
3800172,EIGHT MILE HIGH SCHOOL,203 1st St E,Trenton,ND,58853,Williams County,public,†,105,105,90,,0.0,0.5,85595,9.4,380601000172,351743,Average,
5500843,NOVA-Northwest Opportunities Vocational Academy,2320 W Burleigh St,Milwaukee,WI,53206,Milwaukee County,public,2-No,104,104,37,,0.0,0,64435,22.1,550960000843,501407,Average,
5301769,GATES Secondary School,4608 128th St E,Tacoma,WA,98446,Pierce County,public,2-No,104,104,,,,,,,,481381,,
A2104054,CHESTERTON ACADEMY OF NOTRE DAME,2706 E QUEEN AVE,SPOKANE,WA,99217,SPOKANE,private,,104,104,,,0.0,,78582,9.1,,,,
1208953,LIFE WORK/PROJECT SEARCH,2980 COLLINS AVE,ST AUGUSTINE,FL,32084,St. Johns County,public,2-No,104,104,,,,,,,,,,
1202237,WEST PASCO EDUCATION ACADEMY,7229 HUDSON AVE,HUDSON,FL,34667,Pasco County,public,2-No,104,52,50,,0.0,5,70492,11.8,120153002237,,,
3904699,Stark High School,1379 Garfield Ave SW Ste B,Canton,OH,44706,Stark County,public,1-Yes,104,104,15,,0.0,0,67934,17.2,390017504699,365001,Below Average,
4810797,KASE ACADEMY,8530 C E KING PKWY,HOUSTON,TX,77044,Harris County,public,2-No,104,104,,,,,,,,441800,Very Demanding,
0612506,Gateway to College High at Laney College,900 Fallon St.,Oakland,CA,94607,Alameda County,public,2-No,104,104,24.5,,0.0,1,129367,7.3,062805012506,,,
1706458,YCCS Chtr - Chatham,9035 S Langley Ave,Chicago,IL,60619,Cook County,public,1-Yes,104,104,,,0.0,0,83498,17.3,170993006458,,,
4900366,Summit High,704 S Utah Valley Drive,AMERICAN FORK,UT,84003,Utah County,public,2-No,104,96,52,,0.0,2,100671,6.5,490003000366,450006,Average,
0402151,Thrivepoint High School at Union Hills,3515 W UNION HILLS DR STE 119,GLENDALE,AZ,85308,Maricopa County,public,1-Yes,104,104,15,,0.0,0,89300,12.4,040031102151,,,
2102011,Emerson Academy,1335 W 11th Street,Owensboro,KY,42301,Daviess County,public,2-No,104,104,49.5,,0.0,0,68214,15.2,210459002011,,,
3500796,NEW HOPE ALTERNATIVE HIGH,601 NORTH 5TH ST,LOVINGTON,NM,88260,Lea County,public,2-No,104,104,27,,0.0,1,68015,17.8,350174000796,,,
BB201583,NAZARETH PREP HIGH SCHOOL,8235 OHIO RIVER BLVD,EMSWORTH,PA,15202,ALLEGHENY,private,,104,104,,,0.0,,78548,13.5,,392860,Demanding,
4822939,COMPASS ROSE IMPACT,6660 FIRST PARK TEN BLVD,SAN ANTONIO,TX,78213,Bexar County,public,1-Yes,103,103,,,,,72341,17.1,480145722939,,,
1706479,YCCS-McKinley-Lakeside Leadership,2920 S Wabash Ave,Chicago,IL,60616,Cook County,public,1-Yes,103,103,,,0.0,0,83498,17.3,170993006479,,,
2200816,C.F. Rowley Alternative School,49 Madison Avenue,Chalmette,LA,70043,St. Bernard Parish,public,2-No,103,68,49.5,,0.0,5,58651,24.7,220141000816,190104,Average,
1208701,RIDGE TECHNICAL ACADEMY,7700 STATE ROAD 544,WINTER HAVEN,FL,33881,Polk County,public,2-No,103,101,,,0.0,0,65978,17.3,120159008701,,,
2600929,Warren Consolidated Community High School,35201 DAVISON ST,STERLING HTS,MI,48310,Macomb County,public,2-No,103,103,42,,0.0,1,77837,14.7,263519000929,233708,Average,
A1101571,YESHIVA NEFESH HACHAIM,76 DRAKE RD,LAKEWOOD,NJ,8701,OCEAN,private,,103,103,,,0.0,,89863,11.9,,,,
5302684,Three Springs High School,12414 S. Andrus Rd,CHENEY,WA,99004,Spokane County,public,2-No,103,103,,2,0.0,0.56999999,78582,9.1,530123002684,480143,Below Average,
0600703,Capistrano Union High,31422 Camino Capistrano,San Juan Capistrano,CA,92675,Orange County,public,2-No,103,103,92,,0.0,1,116289,11.1,060744000703,054385,Below Average,
A2190511,Quest Forward High School,2810 N 118th St,Omaha,NE,68164,Douglas,private,,103,103,,,0.0,,80391,12.6,,282070,Average,
2704165,Unity Campus,2507 FREMONT AVE N,MINNEAPOLIS,MN,55411,Hennepin County,public,1-Yes,103,103,24.5,,0.0,0,97653,8.9,270034104165,,,
4805469,DETENT CTR,2701 KIMBO RD,FORT WORTH,TX,76107,Tarrant County,public,2-No,102,84,10,,0.0,0,84207,14.9,481970005469,,,
3703126,Bartram Academy,158 Union School Rd,Franklin,NC,28734,Macon County,public,2-No,102,102,57,,0.0,1,59061,18.6,370276003126,,,
3905084,Cascade Career Prep High School,1458 Brittain Rd,Akron,OH,44310,Summit County,public,1-Yes,102,102,54.5,,0.0,1,71622,16.3,390059305084,,,
5303437,CVSD Open Doors Programs,2218 N. Molter,Liberty Lake,WA,99019,Spokane County,public,2-No,102,102,,,,,,,,,,
4803208,PRIORITY INTERVENTION ACADEMY,1323 E 24TH ST,LUBBOCK,TX,79404,Lubbock County,public,2-No,101,52,,6,0.0,1,64155,15.3,482850003208,,,
4813726,ADULT TRANSITION CENTER,1631 DORCHESTER DR,PLANO,TX,75075,Collin County,public,2-No,101,101,,,,,,,,,,
2702222,Freshwater Education District ALC,2222 INDUSTRIAL DRIVE,WADENA,MN,56482,Wadena County,public,2-No,101,101,34.5,,0.0,0,61467,15.4,270001402222,242423,Below Average,
0401014,PPEP TEC - Alice S. Paul Learning Center,409 W MCMURRAY BLVD,CASA GRANDE,AZ,85122,Pinal County,public,1-Yes,101,101,34.5,,0.0,0,80266,11.8,040008301014,,,
A1502536,MESIVTA AHAVAS HATORAH,720 UNION RD,SPRING VALLEY,NY,10977,ROCKLAND,private,,101,101,,,0.0,,109959,22.7,,,,
5303753,Cedar High School,937 W Alpine Way,Shelton,WA,98584,Mason County,public,2-No,100,100,,,0.0,1,83270,17.8,530790003753,480145,Demanding,
2102474,MC Academy,397 High School Road,Benton,KY,42025,Marshall County,public,2-No,100,92,44.5,,0.0,0.80000001,65831,13.1,210381002474,181505,Average,
2606581,John M Schultz Educational Campus,1440 JOHN R RD,ROCHESTER HILLS,MI,48307,Oakland County,public,2-No,100,59,,,0.0,2.0899999,97760,7.2,262994006581,233199,Below Average,
A1390051,THE UNIVERSITY OF AMERICA HIGH SCHOOL,41707 WINCHESTER RD # 301,TEMECULA,CA,92590,RIVERSIDE,private,,100,100,,,0.0,,93074,10.6,,050936,Demanding,
2102582,Appalachian Challenge Academy,465 Grays Drive,Grays Knob,KY,40829,Harlan County,public,2-No,100,100,,,,,41693,35.2,210600102582,,,
2606506,North Central Area Senior High School,3795 HWY US 2  41,POWERS,MI,49874,Menominee County,public,2-No,100,100,90,,0.0,0.1,56435,15.6,262922006506,233108,Demanding,
0806855,Black Canyon High School,126 SOUTH 5TH STREET,MONTROSE,CO,81401,Montrose County,public,2-No,100,100,,,,,72120,14.5,080579006855,060748,Very Demanding,
3906086,Youngstown Virtual Academy,2725 Gibson St,Youngstown,OH,44502,Mahoning County,public,2-No,100,77,,,0.0,0,56942,26.4,390451606086,365143,Average,
1902318,City View High,501 1st St SE,Cedar Rapids,IA,52401,Linn County,public,2-No,100,100,,,,,,,,,,
0505144,PREMIER HIGH SCHOOL OF FORT SMITH,3400 ROGERS AVE STE 126,LITTLE ROCK,AR,72202,Sebastian County,public,1-Yes,99,99,,,,,57790,16,050040805144,,,
2702334,S St. Paul Community Lrng. Cntr.,710 - 19TH AVENUE NORTH,SOUTH SAINT PAUL,MN,55075,Dakota County,public,2-No,99,99,24.5,,0.0,1,106318,5.9,273327002334,,,
2704603,West Education Center Alternative,11140 BREN RD W,MINNETONKA,MN,55343,Hennepin County,public,2-No,99,99,15,,0.0,0.58999997,97653,8.9,270002504603,,,
4702667,CMCSS Adult High School,430 Greenwood AVE,Clarksville,TN,37040,Montgomery County,public,2-No,99,99,,,0.0,0,75613,14.2,470303002667,431642,Average,
A0902436,YESHIVA GEDOLA OF SOUTH MONSEY,260 SADDLE RIVER RD,AIRMONT,NY,10952,ROCKLAND,private,,99,99,,,0.0,,109959,22.7,,,,
3001149,Missoula Connect Academy HS,909 South Avenue West,Missoula,MT,59803,Missoula County,public,†,99,99,,,,,75598,7.6,301854001149,,,
2608919,Raider Virtual Academy,230 OAK ST,FLUSHING,MI,48433,Genesee County,public,2-No,98,98,75,,0.0,0,62281,24.3,261455008919,,,
4807745,SECONDARY DAEP,3002 E N ST,VICTORIA,TX,77901,Victoria County,public,2-No,98,64,,,0.0,0.33000001,70896,20.6,484415007745,,,
3200597,Cowan Academic Center J-SHS,5300 E Russell Rd,Las Vegas,NV,89122,Clark County,public,2-No,98,49,50,,0.0,3,76472,15.3,320006000597,290133,Average,
1204098,BRANDON SUCCESS CENTER,1019 N PARSONS RD,SEFFNER,FL,33584,Hillsborough County,public,2-No,97,61,10,,0.0,1,79540,13.5,120087004098,,,
0602338,Jordan Secondary Learning Center,9915 Woodbury Ave.,Garden Grove,CA,92844,Orange County,public,2-No,97,97,,,,,,,,051788,Average,
A1902085,APPALACHIAN CHALLENGE ACADEMY,465 GRAYS BRANCH RD,GRAYS KNOB,KY,40829,HARLAN,private,,97,97,,,0.0,,41693,35.2,,,,
4814236,PREMIER H S - HOUSTON - HOBBY,10222 GULF FWY,HOUSTON,TX,77034,Harris County,public,1-Yes,97,97,,,0.0,0,74983,22.6,480020714236,,,
7200137,MANUEL CRUZ MACEIRA - BEISBOL,URB LA PLATA CALLE 6 BO PINAS ABAJO,COMERIO,PR,782,Comerío Municipio,public,2-No,97,97,69.5,,0.0,1,,,720003000137,,,
2705003,Tonka Online,18301 HWY 7,MINNETONKA,MN,55345,Hennepin County,public,2-No,97,58,,18,0.0,0,97653,8.9,271167005003,,,
1203356,DUVAL REGIONAL JUVENILE DETENTION CENTER,1214 E 8TH ST,JACKSONVILLE,FL,32206,Duval County,public,2-No,97,86,,,,1,71277,13.4,120048003356,,,
1204047,SIATECH MYCROSCHOOL INC.,7022 NW 10TH PL,GAINESVILLE,FL,32605,Alachua County,public,1-Yes,97,97,32,,0.0,0,61949,19.8,120003004047,,,
2701777,South Washington Alternative HS,8400 E POINT DOUGLAS RD S,COTTAGE GROVE,MN,55016,Washington County,public,2-No,97,97,37,,0.0,1,115345,3.9,273381001777,240541,Average,
0402020,Career and College Prep,6201 N 35th Ave,Phoenix,AZ,85017,Maricopa County,public,1-Yes,96,96,15,,0.0,0,89300,12.4,040027402020,,,
2001104,Chisholm Life Skills Center,2515 E Osie,Wichita,KS,67211,Sedgwick County,public,2-No,96,96,,,,,,,,,,
3910908,Career Prep Virtual High School. Inc.,1900 E Dublin Granville Rd Ste,Columbus,OH,43229,Franklin County,public,1-Yes,96,96,,,,,75176,16.5,391007210908,365007,Average,
3700980,The COAST,1109 Old Ocean Highway,Bolivia,NC,28422,Brunswick County,public,2-No,96,94,,,0.0,1,77024,15.6,370042000980,343691,Below Average,
3910848,Unity Academy,2231 Schrock Rd,Columbus,OH,43229,Franklin County,public,1-Yes,96,96,,,,,,,,,,
3403174,MCVS Assunpink Shared Time Center/Rubino,1085 Old Trenton Rd,Trenton,NJ,8690,Mercer County,public,2-No,96,96,,,0.0,1,100645,12.7,340995003174,,,
4809513,METHODIST CHILDREN'S HOME,1111 HERRING AVE,WACO,TX,76708,McLennan County,public,1-Yes,96,64,,,0.0,0,66643,18.4,480007109513,,,
4809141,PACE CENTER,2314 OLD ALVIN RD,PEARLAND,TX,77581,Brazoria County,public,2-No,96,96,,,,,,,,,,
4807449,DAEP,342 COCKERELL,ABILENE,TX,79601,Taylor County,public,2-No,96,38,,1,0.0,1,67139,18.2,480744007449,,,
0603523,Lopez Continuation High,1055 Mesa View Dr.,Arroyo Grande,CA,93420,San Luis Obispo County,public,2-No,96,96,,,,,,,,050017,Below Average,
2703275,New Century Academy,950 SCHOOL RD SW,HUTCHINSON,MN,55350,McLeod County,public,1-Yes,95,77,69.5,,0.0,0,80084,6.9,270021403275,241181,Below Average,
4823242,STILES,3060 FM 3514,BEAUMONT,TX,77705,Jefferson County,public,1-Yes,95,95,,,,,,,,,,
1210685,INDIANTOWN HIGH SCHOOL,19000 SW CITRUS BLVD,INDIANTOWN,FL,34956,Martin County,public,1-Yes,95,95,,,,,82943,11.5,120129010685,100815,Demanding,
3905880,Dayton Athletic Vocational Academy,100 E Woodbury Dr,Dayton,OH,45415,Montgomery County,public,1-Yes,95,95,5,,0.0,0,66139,18.8,390158705880,,,
A0501438,MONSIGNOR DONOVAN CATHOLIC HIGH SCHOOL,590 LAVENDER RD,ATHENS,GA,30606,CLARKE,private,,95,95,,,0.0,,53625,23.7,,,,
1200004,A.QUINN JONES CENTER,1108 NW 7TH AVE,GAINESVILLE,FL,32601,Alachua County,public,2-No,95,47,50,,0.0,1,61949,19.8,120003000004,,,
3500771,CHARLIE Y. BROWN ALT,924 SOUTH BLOOMFIELD BLVD,BLOOMFIELD,NM,87413,San Juan County,public,2-No,95,95,71,,0.0,0,55872,19.9,350024000771,320093,Very Demanding,
1706238,IJLA Charter High School,2570 S Blue Island,Chicago,IL,60608,Cook County,public,1-Yes,95,95,,,0.0,0,83498,17.3,170993006238,,,
2102532,Pike County Virtual Academy,100 Winners Circle Drive,Pikeville,KY,41501,Pike County,public,2-No,95,95,,,0.0,1,44312,21.8,210480002532,,,
0801374,New Meridian High School,1200 SOUTH SUNSET,LONGMONT,CO,80501,Boulder County,public,2-No,95,95,62,1,0.0,2,103994,7.5,080537001374,060936,Demanding,
4002889,PUTNAM HEIGHTS ACADEMY HS,1601 Northwest 36th Street,Oklahoma City,OK,73118,Oklahoma County,public,2-No,95,95,15,1,0.0,2,66679,20.1,402277002889,372690,Average,
4702249,Dr. Paul L. Kelley Volunteer Academy,535 Chickamauga Avenue AVE,Knoxville,TN,37917,Knox County,public,2-No,95,95,87,,0.0,1,74222,15.6,470222002249,,,
A2301524,OUR LADY OF MERCY ACADEMY,161 MAIN ST,KEENE,NH,3431,CHESHIRE,private,,94,94,,,0.0,,83329,8.4,,,,
BB201321,CONGREGATION MESIFTA OHR HATALMUD,701 BLOOMING GROVE TPKE,NEW WINDSOR,NY,12553,ORANGE,private,,94,94,,,0.0,,97178,15.1,,,,
3905312,North Woods Career Prep High School,1900 E Dublin Granville Rd Ste,Columbus,OH,43229,Franklin County,public,1-Yes,94,94,24.5,,0.0,1,75176,16.5,390064305312,362022,Average,
1706468,YCCS-Community Youth Dev Inst HS,7836 S Union Ave,Chicago,IL,60620,Cook County,public,1-Yes,94,94,,,0.0,0,83498,17.3,170993006468,142765,Average,
00936377,MESIFTA BETH SHRAGA,28 N SADDLE RIVER RD,AIRMONT,NY,10952,ROCKLAND,private,,94,94,,,0.0,,109959,22.7,,,,
3904918,Capital City Career Prep High School,2400 S Hamilton Rd,Columbus,OH,43232,Franklin County,public,1-Yes,93,93,,,0.0,1,75176,16.5,390038104918,,,
3906180,Akron Career Tech High School,1115 S Main St,Akron,OH,44301,Summit County,public,1-Yes,93,93,,,0.0,0,71622,16.3,390163106180,365284,Average,
3904055,Harrison Career Center,82500 Cadiz Jewett Rd,Cadiz,OH,43907,Harrison County,public,2-No,93,93,,,0.0,1,54414,16.1,390508504055,361820,Average,
0614048,Come Back Butte Charter,2350 Lincoln St.,Oroville,CA,95966,Butte County,public,1-Yes,93,93,15,,0.0,0,67928,17.6,069100214048,,,
5303896,Endeavor High School,4624 W 10th Ave,Kennewick,WA,99336,Benton County,public,2-No,93,93,,,,,89874,10.2,530393003896,481130,Demanding,
1201265,BLIND HIGH SCHOOL (FSDB),207 SAN MARCO AVE,ST AUGUSTINE,FL,32084,St. Johns County,public,2-No,93,93,90,,0.0,2,109839,4.9,120201601265,101471,Demanding,
4807798,POSITIVE SOLUTIONS CHARTER,1325 N FLORES ST STE 100,SAN ANTONIO,TX,78212,Bexar County,public,1-Yes,93,93,27,,0.0,1,72341,17.1,480005907798,,,
5503019,Point of Discovery School,1900 W Zinda Dr,Stevens Point,WI,54481,Portage County,public,1-Yes,93,75,,,0.0,0,76070,8.5,551449003019,,,
2202475,Opportunities Academy,2625 Thalia St.,New Orleans,LA,70113,Orleans Parish,public,1-Yes,93,93,,,,,,,,,,
2502590,Trinity Day Academy,181 Hillman Street,New Bedford,MA,2740,Bristol County,public,2-No,93,62,75,,0.0,8.2200003,85625,10.8,250843002590,,,
2609035,Covenant School  Spectrum,1961 LINCOLN ST,HIGHLAND PARK,MI,48203,Wayne County,public,1-Yes,93,88,,,,,60539,31.5,260032209035,,,
0614105,Meraki High,10700 Fair Oaks Blvd.,Fair Oaks,CA,95628,Sacramento County,public,2-No,93,93,90,,0.0,0.5,92175,15.4,063462014105,,,
0600744,Redwood Continuation High,18400 Clifton Way,Castro Valley,CA,94546,Alameda County,public,2-No,92,92,77,,0.0,0,129367,7.3,060780000744,050222,,
3906118,Hilliard Online Academy,5323 Cemetery Rd,Hilliard,OH,43026,Franklin County,public,2-No,92,92,,,,,75176,16.5,390470106118,,,
0403795,Arizona Autism Charter - Online High School,4125 N 14TH ST,PHOENIX,AZ,85014,Maricopa County,public,1-Yes,92,92,,,0.0,0,89300,12.4,040091303795,,,
4808486,COUNTY RESIDENTIAL CENTER,4700 COMMUNITY DR,MCKINNEY,TX,75071,Collin County,public,2-No,92,75,,,0.0,0,121600,5.6,482985008486,,,
A2102462,TIFERES CHAIM,924 NEW HAMPSHIRE AVE,LAKEWOOD,NJ,8701,OCEAN,private,,92,92,,,0.0,,89863,11.9,,,,
4900742,City Academy,555 E 200 S,SALT LAKE CITY,UT,84102,Salt Lake County,public,1-Yes,92,65,69.5,,0.0,1,97494,7.7,490000900742,450364,Average,
3200970,Central Technical Training Academy,1725 S. Maryland Pkwy,Las Vegas,NV,89104,Clark County,public,2-No,92,92,,,,,76472,15.3,320006000970,,,
1208676,BRIDGEPREP ACADEMY OF ADVANCED STUDIES OF HILLSBOROUGH,6303 US HIGHWAY 301 S,RIVERVIEW,FL,33578,Hillsborough County,public,1-Yes,91,91,,,,,79540,13.5,120087008676,,,
1802710,eSACS Virtual School,4310 Homestead Rd,Fort Wayne,IN,46814,Allen County,public,2-No,91,73,,1,0.0,1,70737,17,180003002710,,,
0608120,Monterey High (Continuation),1915 Monterey Ave.,Burbank,CA,91506,Los Angeles County,public,2-No,91,91,77,,0.0,1,90112,16.2,060645008120,050403,Below Average,
5303459,Open Doors Re-Engagement,233 N Chelan Ave,Wenatchee,WA,98801,Chelan County,public,2-No,91,91,,,0.0,0,82381,10.8,530966003459,,,
0611975,Bitney Prep High,135 Joerschke Dr.,Grass Valley,CA,95945,Nevada County,public,1-Yes,91,91,84.5,,0.0,0,89882,12,069102311975,,,
0610019,Zupanic Virtual Academy,266 West Randall Ave.,Rialto,CA,92376,San Bernardino County,public,2-No,90,90,82,,0.0,1,85478,16.7,063237010019,,,
0402323,Precision Academy,7318 W LYNWOOD ST,PHOENIX,AZ,85035,Maricopa County,public,1-Yes,90,90,49.5,,0.0,0,89300,12.4,040039402323,,,
3904885,Summit Academy Transition High School Dayton,251 Erdiel Dr,Dayton,OH,45415,Montgomery County,public,1-Yes,90,62,54.5,,0.0,0,66139,18.8,390034804885,,,
0403834,Desert Sage High School,3434 E BROADWAY BLVD,TUCSON,AZ,85716,Pima County,public,1-Yes,90,90,,,,,70315,16.7,040973503834,030194,Average,
0806809,Tiger Trades Academy,1401 EAST 6TH STREE,LA JUNTA,CO,81050,Otero County,public,2-No,90,75,84.5,,0.0,1.0700001,54037,25.2,080513006809,,,
2101515,The Renaissance Center,201 Airport Rd,Greenville,KY,42345,Muhlenberg County,public,2-No,90,66,50,,0.0,0.5,51927,22.3,210008101515,,,
0402554,Envision High School,351 W. Prince Rd.,TUCSON,AZ,85705,Pima County,public,1-Yes,89,89,30,,0.0,1,70315,16.7,040081402554,030000,Average,
4822943,ADAPT,7400 LEWIS LN,MANVEL,TX,77578,Brazoria County,public,2-No,89,74,,,,,97993,9.7,480809022943,,,
0601427,Thornton High,115 First Ave.,Daly City,CA,94014,San Mateo County,public,2-No,89,89,72,,0.0,2.4100001,158855,6.7,061893001427,050826,Below Average,
A2301588,OHR YISROEL OF TENAFLY,475 GROVE ST,RIDGEWOOD,NJ,7450,BERGEN,private,,89,89,,,0.0,,124884,6.9,,,,
0401017,PPEP TEC - Jose Yepez Learning Center,115 N. Columbia Avenue,Somerton,AZ,85350,Yuma County,public,1-Yes,89,89,5,,0.0,0,62876,22.4,040008301017,,,
0806821,Robert F. Smith STEAM Academy,2900 RICHARD ALLEN CT,DENVER,CO,80205,Denver County,public,2-No,89,89,,,0.0,1,94718,17.4,080336006821,,,
A1301751,YESHIVA OF MINNEAPOLIS,3115 OTTAWA AVE S,SAINT LOUIS PARK,MN,55416,HENNEPIN,private,,88,88,,,0.0,,97653,8.9,,,,
0806873,Venture Academy of Leadership and Entrepreneurship,15653 BROOKSTONE DR,PARKER,CO,80134,Douglas County,public,2-No,88,88,,,,,149594,2.8,080345006873,,,
A1301979,YESHIVA GEDOLA OF WOODLAKE VILLAGE,199 JOE PARKER RD,LAKEWOOD,NJ,8701,OCEAN,private,,88,88,,,0.0,,89863,11.9,,,,
4814160,LIGHTHOUSE HIGH,8138 WESTSHIRE DR,SAN ANTONIO,TX,78227,Bexar County,public,1-Yes,88,88,,,0.0,0,72341,17.1,480024614160,,,
4812112,MEDLOCK YOUTH VILLAGE,1508 E LANGDON RD,DALLAS,TX,75241,Dallas County,public,1-Yes,88,74,,,,0,76547,16,480009312112,,,
1802799,Tippecanoe Online Academy,21 Elston Rd.,Tippecanoe,IN,47909,Tippecanoe County,public,2-No,88,88,,,,,60636,10.6,181134002799,,,
5303572,Wellpinit Open Doors High School,6270 Ford/Wellpinit Road,Wellpinit W,WA,99040,Stevens County,public,2-No,88,88,,,0.0,0,69327,17.6,530963003572,481530,Below Average,
2705365,New Code Academy High School,1350 W 106TH ST,BLOOMINGTON,MN,55431,Hennepin County,public,2-No,88,88,,2,0.0,0,97653,8.9,270579005365,,,
5300990,Educational Opportunity Center,1284 Chestnut St,Clarkston,WA,99403,Asotin County,public,2-No,88,88,,,0.0,0,72283,16.4,530132000990,,,
5303733,Longview Virtual Academy,2742 Harding Street,Longview,WA,98632,Cowlitz County,public,2-No,88,69,,,0.0,0,76531,12.6,530447003733,,,
0402998,EdOptions Preparatory Academy,480 N GRAND AVE,NOGALES,AZ,85621,Santa Cruz County,public,1-Yes,88,83,49.5,,0.0,0,55217,24.8,040081602998,030068,Average,
2704917,Saints Online High School,4111 AMBASSADOR BLVD NW,SAINT FRANCIS,MN,55070,Anoka County,public,2-No,87,87,92,,0.0,0.5,101869,7.3,273354004917,241643,Average,
0608164,Independence High (Alternative),1900 G St.,Merced,CA,95340,Merced County,public,2-No,87,87,77,,0.0,0,65510,23.3,062466008164,053865,Below Average,
1705884,Urban Prep Chtr Acad Englewood HS,6201 S Stewart Ave,Chicago,IL,60621,Cook County,public,1-Yes,87,87,,4,0.0,3,83498,17.3,170993005884,141006,Demanding,
3404024,Monmouth County Vocational Technical High School,417 Middle Rd,HAZLET,NJ,7730,Monmouth County,public,2-No,87,87,,,,,,,,,,
3906115,Pickerington Academy,90 N East St,Pickerington,OH,43147,Fairfield County,public,2-No,87,81,,,0.0,0,90966,8.8,390468906115,,,
3703475,CITI High School,530-A North Old Carriage Rd,Rocky Mount,NC,27804,Nash County,public,2-No,87,79,,,0.0,1,62426,18.6,370327003475,340800,Demanding,
1201989,BILL DUNCAN OPPORTUNITY CENTER,3333 WINTER LAKE RD,LAKELAND,FL,33803,Polk County,public,2-No,87,49,,,0.0,2,65978,17.3,120159001989,,,
2600997,Young Adult Programs,1819 S WAGNER RD,ANN ARBOR,MI,48103,Washtenaw County,public,2-No,87,0,,,,,,,,,,
3001141,Bitterroot Polytech HS,217 Daly Ave,Hamilton,MT,59840,Ravalli County,public,†,87,87,,,,,71283,12.3,301326001141,,,
2703568,Downtown Campus,511 GROVELAND AVE,MINNEAPOLIS,MN,55403,Hennepin County,public,1-Yes,87,87,15,,0.0,0,97653,8.9,270034103568,,,
0401006,Edge High School - Himmel Park,2555 E 1ST ST # 111,TUCSON,AZ,85716,Pima County,public,1-Yes,86,86,5,,0.0,1,70315,16.7,040007801006,,,
5502887,La Crosse Polytechnic School,228 5th Avenue South,La Crosse,WI,54601,La Crosse County,public,1-Yes,86,40,,2,0.0,0.30000001,73013,8.3,550753002887,,,
2102595,Woodford Virtual Learning Academy,134 Macey Ave,Versailles,KY,40383,Woodford County,public,2-No,86,75,,,,,83788,10.5,210600002595,,,
2704280,Next Step Transition Program,7155 80TH ST S,COTTAGE GROVE,MN,55016,Washington County,public,2-No,86,86,,,,,,,,,,
A2301318,MT ZION PREPARATORY ACADEMY,6511 PRINCESS GARDEN PKWY,LANHAM,MD,20706,PRINCE GEORGE'S,private,,86,86,,,0.0,,101798,12.2,,,,
7201991,JULIAN E. BLANCO - BALLET,CALLE MARTIN TRAVIESO ESQ. ESTRELLA,SAN JUAN,PR,907,San Juan Municipio,public,2-No,85,34,75,2,0.0,0,,,720003001991,,,
2901926,COMMUNITY ACCESS JOB TRAINING,4915 DONOVAN AVE,ST LOUIS,MO,63109,St. Louis city,public,2-No,85,85,10,,0.0,1,56160,32,292928001926,,,
4801596,ALTER ED CTR,1299 A YUKON,ODESSA,TX,79762,Ector County,public,2-No,85,34,,,0.0,1,71536,16.6,481800001596,,,
0602399,Carle (William C.) High (Continuation),9345 Winchester St.,Lower Lake,CA,95457,Lake County,public,2-No,85,85,57,,0.0,0.40000001,60621,27,062007002399,051871,Below Average,
A2390537,DREAM ACADEMY INC.,2505 CHAMBERLAYNE AVE,RICHMOND,VA,23222,RICHMOND,private,,84,84,,,0.0,,64587,29.6,,,,
2704850,Terra Nova School,1705 HIGHWAY 25 N,BUFFALO,MN,55313,Wright County,public,1-Yes,84,56,49.5,,0.0,1,107209,4.6,270040304850,,,
A1703163,SCHAEFFERSTOWN MENNONITE HIGH SCHOOL,301 N CARPENTER ST,SCHAEFFERSTOWN,PA,17088,LEBANON,private,,84,84,,,0.0,,78425,10.1,,,,
4101595,West Lane Charter School,24967 Highway 126,Veneta,OR,97487,Lane County,public,1-Yes,84,84,30,,0.0,1,71544,14.3,410495001595,,,
2703375,The Next Step,2586 7TH AVE E,NORTH SAINT PAUL,MN,55109,Ramsey County,public,2-No,84,84,,,,,,,,,,
2704583,Tokata Learning Center,1110 SHAKOPEE TOWN SQUARE,SHAKOPEE,MN,55379,Scott County,public,2-No,84,84,15,,0.0,1,119314,4.9,273300004583,242119,Average,
2101965,Breckinridge Metropolitan High,1128 East Broadway St,Louisville,KY,40204,Jefferson County,public,2-No,84,84,24.5,1,0.0,1,69866,18.6,210299001965,181514,Below Average,
2601591,Ackerson High School,121 W BROOKLYN RD,NAPOLEON,MI,49261,Jackson County,public,2-No,84,84,49.5,,0.0,0,66073,14.2,262496001591,232132,Average,
4601295,High Plains - 06,500 5th St,Chester,SD,57016,Lake County,public,†,84,84,24.5,,0.0,1,76808,7.7,461230001295,,,
0401735,Kaizen Education Foundation dba Quest High School,217 E OLYMPIC DR,PHOENIX,AZ,85042,Maricopa County,public,1-Yes,84,84,15,,0.0,0,89300,12.4,040038701735,030446,Below Average,
A2301470,TDW ACADEMY,1060 CHAMBERS RD,SAINT LOUIS,MO,63137,ST. LOUIS,private,,84,84,,,0.0,,82936,12.5,,,,
0403811,PACE,1362 N CASA GRANDE AVE,CASA GRANDE,AZ,85122,Pinal County,public,2-No,83,83,,,,,80266,11.8,040174003811,,,
3606777,NURSES MIDDLE COLLEGE CHARTER HIGH SCHOOL-CAPITAL REGION,199 WASHINGTON AVE,RENSSELAER,NY,12144,Rensselaer County,public,1-Yes,83,83,,,,,,,,,,
5303306,Career Academy at Truman High School,31455 28th Ave S,Federal Way,WA,98003,King County,public,2-No,83,83,,,0.0,1,124746,9.5,530282003306,,,
4601262,Oglala Lakota County Virtual High School - 92,14 New Wolf Creek Rd,Pine Ridge,SD,57716,Oglala Lakota County,public,†,83,83,5,,0.0,0,41417,36.4,466546001262,,,
4101854,Cascade Opportunity Center,11463 W Stayton Rd SE,Aumsville,OR,97325,Marion County,public,2-No,83,83,64.5,,0.0,0,77351,13,410278001854,,,
0610697,East Stanislaus High,250 Hinkley Ave.,Oakdale,CA,95361,Stanislaus County,public,2-No,83,83,64.5,,0.0,0,81468,18.3,060006210697,,,
5503167,Lemonweir Academy,510 Grayside Ave,Mauston,WI,53948,Juneau County,public,1-Yes,83,68,,,,,67270,11.3,550885003167,,,
2702661,Rochester Academy-Idp Living(RAIL),1200 BROADWAY AVE S,ROCHESTER,MN,55904,Olmsted County,public,2-No,83,83,,,,,,,,,,
2102432,Phoenix Horizon Community,1076 Cardinal Lane,Georgetown,KY,40324,Scott County,public,2-No,83,76,74.5,,0.0,0,85158,9.3,210526002432,,,
2703171,Secondary Technical Ed Prog S.T.E.P,1353 W HIGHWAY 10,ANOKA,MN,55303,Anoka County,public,2-No,83,83,,,,,,,,,,
1203256,DON E WOODS OPPORTUNITY CENTER,213 LAKE AVE E,DUNDEE,FL,33838,Polk County,public,2-No,82,48,50,,0.0,2,65978,17.3,120159003256,,,
4900671,Uintah River High,998 E 7500 S,FORT DUCHESNE,UT,84026,Uintah County,public,1-Yes,82,82,69.5,,0.0,1,73746,11.3,490001300671,450106,Average,
0610541,Glacier High School Charter,41267 Highway 41,Oakhurst,CA,93644,Madera County,public,1-Yes,82,82,90,4,0.0,0.5,76627,25,060155510541,052231,Below Average,
A1992195,YESHIVA GEDOLA OF THE MIDWEST/YESHIVA EITZ CHAIM,6045 N KEYSTONE AVE,CHICAGO,IL,60646,COOK,private,,82,82,,,0.0,,83498,17.3,,,,
4601391,iSucceed - 92,221 3rd St,Mellette,SD,57461,Spink County,public,†,82,82,50,,0.0,0,70139,13.5,465175001391,,,
2102593,Cultivate Virtual Learning Academy,1361 Frankfort Road,Shelbyville,KY,40065,Shelby County,public,2-No,82,69,,,,,82604,9.4,210532002593,,,
3905208,Summit Academy Secondary - Youngstown,2800 Shady Run Rd,Youngstown,OH,44502,Mahoning County,public,1-Yes,82,66,34.5,,0.0,1.6,56942,26.4,390049805208,,,
A1502394,YESHIVA TIFERES BORUCH/SPRINGFIELD YESHIVA,21 ROCKVIEW AVE,NORTH PLAINFIELD,NJ,7060,SOMERSET,private,,82,82,,,0.0,,140374,5.7,,,,
4501754,SC Governor's School for Agriculture at John de la Howe,192 Gettys Road,McCormick,SC,29835,McCormick County,public,2-No,81,81,,,,,,,,,,
2702351,Wright Technical Center ALC,1405 3RD AVE NE,BUFFALO,MN,55313,Wright County,public,2-No,81,81,15,,0.0,0.5,107209,4.6,270003602351,,,
3200101,Spring Mountain J-SHS,SR 89038 Box 252,Las Vegas,NV,89115,Clark County,public,2-No,81,75,50,,,2,76472,15.3,320006000101,,,
5303597,Mukilteo Reengagement Academy Open Doors,9401 Sharon Drive,Everett,WA,98204,Snohomish County,public,2-No,81,81,,,0.0,0,111246,8.9,530543003597,,,
3403111,Alternative High School,350 MARKET STREET,PATERSON,NJ,7501,Passaic County,public,2-No,81,81,,,0.0,1,87522,17.2,341269003111,310431,Below Average,
4700314,Richard Yoakley School,4415  Washington  PIKE,Knoxville,TN,37917,Knox County,public,2-No,81,71,,,0.0,2,74222,15.6,470222000314,,,
4807816,DISCIPLINARY ALTERNATIVE EDUCATIONAL PROGAM (DAEP),1201 RIDGEDALE ST,BRYAN,TX,77803,Brazos County,public,2-No,81,48,,,0.0,1,58553,15.9,481179007816,,,
A0509133,NESIVOS BAIS YAAKOV,1228 36TH ST,BROOKLYN,NY,11218,KINGS,private,,81,81,,,0.0,,80263,26.5,,,,
0605297,Esperanza Education Center,25121 Pradera Dr.,Mission Viejo,CA,92691,Orange County,public,2-No,80,80,,,0.0,0,116289,11.1,063386005297,052171,Below Average,
2703706,BLOOMINGTON TRANSITION CENTER,2575 WEST 88TH STREET,BLOOMINGTON,MN,55431,Hennepin County,public,2-No,80,80,,,0.0,0,97653,8.9,270579003706,,,
1706445,YCCS West,4909 W Division St,Chicago,IL,60651,Cook County,public,1-Yes,80,80,,,0.0,0,83498,17.3,170993006445,,,
1207833,ST. JOHNS COMMUNITY CAMPUS,2165 ARC DR,ST AUGUSTINE,FL,32084,St. Johns County,public,1-Yes,80,80,,,0.0,1,109839,4.9,120174007833,,,
A0700688,ACADEME OF THE OAKS,146 NEW ST,DECATUR,GA,30030,DEKALB,private,,80,80,,,0.0,,80644,15.1,,111036,Average,
2401548,Gateway School,45 Kate Wagner Road,Westminster,MD,21157,Carroll County,public,2-No,80,80,69.5,,0.0,1,118211,4.5,240021001548,211074,Below Average,
0402241,CAVIT - Central Arizona Valley Institute of Technology,1789 W COOLIDGE AVE,COOLIDGE,AZ,85128,Pinal County,public,2-No,80,80,,,,,80266,11.8,040034802241,030219,Average,
A2301146,MECHINAS NER NAFTALI,7117 N CRAWFORD AVE,LINCOLNWOOD,IL,60712,COOK,private,,80,80,,,0.0,,83498,17.3,,,,
0402033,Music Mountain Jr./Sr. High School,16500 E Hwy 66,Peach Springs,AZ,86434,Mohave County,public,2-No,80,63,,,,,57684,20.2,040612002033,030221,Demanding,
4200866,The New Academy CS,2500 Jonquil Way,Pittsburgh,PA,15203,Allegheny County,public,1-Yes,80,73,34.5,,0.0,1,78548,13.5,420013300866,,,
5503387,Kenosha High School of Technology Enhanced Curriculum,7400 39th Avenue,Kenosha,WI,53142,Kenosha County,public,1-Yes,80,80,,,,,81239,10.3,551724603387,,,
2102583,Bluegrass Challenge Academy,Bldg 296-714 Dixie St,Fort Knox,KY,40121,Meade County,public,2-No,80,80,,,,,74355,9.3,210600102583,,,
0602815,Angel's Gate (Continuation),3607 South Gaffey St.,San Pedro,CA,90731,Los Angeles County,public,2-No,80,80,27,,0.0,0.75,90112,16.2,062271002815,,,
7201940,CENTRO RESIDENCIAL OPORTUNIDADES EDUCATIVAS DE CEIBA (CROEC),CALLE ROOSEVELT FD-ROOSEVELT ROADS,CEIBA,PR,735,Ceiba Municipio,public,2-No,80,80,95,,0.0,1,,,720003001940,,,
0607728,Miles P. Richmond,4330 Keema Ave.,North Highlands,CA,95660,Sacramento County,public,2-No,79,79,,,0.0,0,92175,15.4,060133207728,,,
3906126,Transitions Academy,3242 Banning Rd,Cincinnati,OH,45239,Hamilton County,public,2-No,79,65,,,0.0,0,72470,17.3,390473606126,,,
1601193,PATHWAYS IN EDUCATION - WEST ADA,965 USTICK ROAD,MERIDIAN,ID,83646,Ada County,public,1-Yes,79,79,,,,,91502,6.8,160351801193,,,
7201371,PEDRO C. TIMOTHEE ANEXO,CALLE 16 NO ESQ CALLE 9 NO,SAN JUAN,PR,920,San Juan Municipio,public,2-No,79,34,,,0.0,0,,,720003001371,,,
0610678,Solano County Community,Golden Hills Education Ctr.,Fairfield,CA,94533,Solano County,public,2-No,79,70,69.5,,0.0,0,100401,11.2,069112210678,050250,,
0501579,PREMIER HIGH SCHOOL OF LITTLE ROCK,1621 MARTIN LUTHER KING DR,LITTLE ROCK,AR,72202,Pulaski County,public,1-Yes,78,78,44.5,,0.0,1,62873,20.4,050040801579,041422,Very Demanding,
7200581,ALEJANDRO TAPIA Y RIVERA LAJAS,CARR 304 KM 3.0 BO LA PARGUERA,LAJAS,PR,667,Lajas Municipio,public,2-No,78,54,,,,,,,720003000581,,,
5502724,Fox Cities Leadership Academy,5000 N Ballard Rd,Appleton,WI,54913,Outagamie County,public,1-Yes,78,78,90,19,0.0,0,85069,6.3,550039002724,,,
2608223,Avatar Academy of Excellence,19748 HARPER AVE,HARPER WOODS,MI,48225,Wayne County,public,2-No,78,78,95,,0.0,0,60539,31.5,261776008223,,,
1202602,COUNTY ADMINISTRATIVE ANNEX,40 E TEXAR DR,PENSACOLA,FL,32503,Escambia County,public,2-No,78,74,,,0.0,0,67500,22.3,120051002602,,,
4808110,PREMIER HIGH SCHOOL-SAN ANTONIO WINDCREST,8220 WINDSOR CROSS DR,SAN ANTONIO,TX,78239,Bexar County,public,1-Yes,78,78,34.5,,0.0,0,72341,17.1,480020708110,446665,Average,
4601122,Community Campus - 41,2101 W 41st St Ste 47,Sioux Falls,SD,57105,Minnehaha County,public,†,77,77,,,,,,,,,,
4610816,Bobcat Plains Academy High School - 92,1910 12th St S,Brookings,SD,57006,Brookings County,public,†,77,77,,,,,70064,6.3,460852010816,,,
2202507,The Delores Taylor Arthur School for Young Men,3774 Gentilly Blvd.,New Orleans,LA,70122,Orleans Parish,public,1-Yes,77,68,,,0.0,1,56631,30.9,220117002507,,,
0614533,Pinnacle Coastal Valley High,760 Broadway St.,King City,CA,93930,Monterey County,public,2-No,77,77,,,0.0,0,97230,15.7,061965014533,,,
2401460,Rock Terrace School,11400 Marcliff Rd,Rockville,MD,20852,Montgomery County,public,2-No,77,55,50,,0.0,0.5,132450,8.5,240048001460,210913,Below Average,
0607804,Street Academy Alternative High,417 29th St.,Oakland,CA,94609,Alameda County,public,2-No,77,77,30,,0.0,0,129367,7.3,062805007804,,,
5501116,Charles F Fernandez Center Alt Learning,1900 W Zinda Dr,Stevens Point,WI,54481,Portage County,public,2-No,77,77,62,,0.0,0,76070,8.5,551449001116,,,
BB081260,EAST ACADEMY OF SCIENCE & TECHNOLOGY,2115 BENSON AVE,BROOKLYN,NY,11214,KINGS,private,,77,77,,,0.0,,80263,26.5,,,,
1203123,TRIAD,4430 BENEVA RD,SARASOTA,FL,34233,Sarasota County,public,2-No,77,51,10,,0.0,0,83416,11.2,120168003123,,,
A2100280,BESANT HILL SCHOOL OF HAPPY VALLEY,8585 OJAI SANTA PAULA RD,OJAI,CA,93023,VENTURA,private,,77,77,,,0.0,,109797,12,,,,
4101516,Eagle Cap Innovative Jr/Sr High School,2725 Seventh St,Baker City,OR,97814,Baker County,public,2-No,77,70,49.5,,0.0,0.5,60936,16.7,410171001516,380435,Below Average,
4101489,Armadillo Community Charter School,302 W 1st St,Phoenix,OR,97535,Jackson County,public,1-Yes,77,77,84.5,,0.0,0,73999,12.7,410963001489,,,
5503365,River Cities High,2390 48th St S,Wisconsin Rapids,WI,54494,Wood County,public,2-No,77,77,82,,0.0,0,67989,12.3,551707003365,502572,Below Average,
5600385,HEM Junior/Senior High School,701 South Adams Street,Hanna,WY,82327,Carbon County,public,2-No,77,55,90,,0.0,1,70511,10.3,560170000385,510240,Demanding,
3701929,The Community Learning Center @ Pinckney,160 Pinckney Road,Carthage,NC,28327,Moore County,public,2-No,77,71,,,0.0,0,86080,12.9,370309001929,340598,Average,
A2300538,CHESTERTON ACADEMY OF OUR LADY OF VICTORY,6495 S COLORADO BLVD,CENTENNIAL,CO,80121,ARAPAHOE,private,,76,76,,,0.0,,101087,9.8,,,,
2601916,Cedar Street Community and Family Center,555 CEDAR ST,PAW PAW,MI,49079,Van Buren County,public,2-No,76,72,30,,0.0,1,68114,17.5,262766001916,,,
1210687,NASSAU COUNTY COMMUNITY SCHOOL,1201 ATLANTIC AVE,FERNANDINA BEACH,FL,32034,Nassau County,public,2-No,76,72,,,,,89804,10.1,120135010687,,,
1204155,BUILDING CONSTRUCTION ACADEMY AT BOWERS WHITLEY,13609 N 22ND ST,TAMPA,FL,33613,Hillsborough County,public,2-No,76,76,44.5,,0.0,1,79540,13.5,120087004155,,,
2608423,WAY Academy  Chicago Site,19321 W CHICAGO ST,DETROIT,MI,48228,Wayne County,public,1-Yes,76,54,15,,0.0,0,60539,31.5,260102308423,,,
2704668,Kaleidoscope Charter High School,7525 KALLAND AVE NE,OTSEGO,MN,55301,Wright County,public,1-Yes,76,76,75,,0.0,1,107209,4.6,270036004668,240077,Average,
2002158,USD 457 Virtual Academy,1312 N. 7th Street,Garden City,KS,67846,Finney County,public,2-No,76,69,,,0.0,0,73009,13.8,200639002158,,,
A2301619,YESHIVA YAAROS DEVASH,1051 W COUNTY LINE RD,LAKEWOOD,NJ,8701,OCEAN,private,,76,76,,,0.0,,89863,11.9,,,,
2002097,500 Reach,7704 Parallel Parkway,Kansas City,KS,66612,Wyandotte County,public,2-No,76,0,,,,,,,,,,
4811265,HARPER DAEP,4425 N SHEPHERD,HOUSTON,TX,77018,Harris County,public,2-No,76,76,,,0.0,1,74983,22.6,482364011265,,,
3300727,Kreiva Academy Public Charter School (H),470 Pine St.,Manchester,NH,3104,Hillsborough County,public,1-Yes,76,76,50,,0.0,0.5,103545,6.2,330330800727,,,
4200011,Chester County Technical College High School - Brandywine,443 Boot Road,Downingtown,PA,19335,Chester County,public,2-No,75,75,,1,0.0,2,127208,6,420290000011,,,
4806611,DAEP,906 MERIDA ST,SAN ANTONIO,TX,78207,Bexar County,public,2-No,75,44,,,0.0,1,72341,17.1,483873006611,,,
1600097,FALLS CITY ACADEMY,125 4TH AVENUE WEST,JEROME,ID,83338,Jerome County,public,2-No,75,68,34.5,,0.0,25,71724,12.1,160159000097,130004,,
4813489,CEDAR CREST,3500 INTERSTATE 35 FRONTAGE RD,BELTON,TX,76513,Bell County,public,1-Yes,75,57,,,0.0,0,68865,17.1,480007113489,,,
A1904814,BADER HILLEL HIGH SCHOOL,6791 N GREEN BAY AVE,GLENDALE,WI,53209,MILWAUKEE,private,,75,75,,,0.0,,64435,22.1,,501990,Average,
3703647,EDGE Academy of Health Sciences,225 Tarboro Street,Rocky Mount,NC,27801,Edgecombe County,public,2-No,75,75,,,,,,,,,,
0401018,PPEP TEC - Colin L. Powell Learning Center,4116 Avenida Cochise Suites F,Sierra Vista,AZ,85635,Cochise County,public,1-Yes,75,75,24.5,,0.0,0,59742,18.6,040008301018,,,
2704290,VOA High,2300 KENNEDY ST NE,MINNEAPOLIS,MN,55413,Hennepin County,public,2-No,75,75,15,,0.0,0,97653,8.9,272124004290,,,
A0108089,YESHIVA OHAVEI TORAH OF RIVERDALE,450 W 250TH ST,BRONX,NY,10471,BRONX,private,,75,75,,,0.0,,48676,38,,,,
5502502,Waukesha East Alternative School,1150 Whiterock Ave,Waukesha,WI,53186,Waukesha County,public,2-No,74,68,64.5,,0.0,0,106076,3.7,551578002502,,,
A2102485,YESHIVA YAAROS DEVASH,1193 COUNTY LINE RD E,LAKEWOOD,NJ,8701,OCEAN,private,,74,74,,,0.0,,89863,11.9,,,,
4901548,Horizon Academy,955 W 12th Street,OGDEN,UT,84404,Weber County,public,2-No,74,73,42,,0.0,1,90005,11.2,490120001548,,,
0605159,Sunshine Special Education,9390 California Ave.,Riverside,CA,92503,Riverside County,public,2-No,74,74,,,,,,,,,,
0607678,Gateway High (Continuation),805 Humboldt Ave.,Chowchilla,CA,93610,Madera County,public,2-No,74,74,50,,0.0,0.25,76627,25,060855007678,,,
5500705,McKinley Charter School,1266 McKinley Rd,Eau Claire,WI,54703,Eau Claire County,public,1-Yes,74,73,52,,0.0,0,74546,10.1,550405000705,,,
3404676,Ocean County Vocational Technical School Waretown Center,423 WELLS MILLS ROAD,WARETOWN,NJ,8758,Ocean County,public,2-No,74,74,90,,0.0,1,89863,11.9,341198004676,,,
4805792,TURNING POINT SECONDARY SCHOOL,2209 N DAVIS DR,ARLINGTON,TX,76012,Tarrant County,public,2-No,74,56,,,0.0,2,84207,14.9,480870005792,446705,Average,
2712919,ALC SWS East,301 N 40TH AVE E,DULUTH,MN,55804,St. Louis County,public,2-No,74,74,,,,,70069,9.2,271104012919,,,
1706092,Williams Medical Prep High Sch,4934 S Wabash Ave,Chicago,IL,60615,Cook County,public,2-No,74,74,,1,0.0,1,83498,17.3,170993006092,,,
4810419,NORTHEAST CAMPUS,1258 AUSTIN HWY BLDG 2,SAN ANTONIO,TX,78209,Bexar County,public,1-Yes,73,39,69.5,,0.0,0.5,72341,17.1,480006310419,,,
2601863,CHSHorizons School,110 STANTON AVE,MOHAWK,MI,49950,Keweenaw County,public,2-No,73,73,50,,0.0,0,52583,12.3,260769001863,230526,Below Average,
4803735,JOE DALE SPARKS CAMPUS,210 S WOODROW,DENTON,TX,76205,Denton County,public,2-No,73,64,50,,,0,111498,6.4,481674003735,,,
2703457,Journeys Secondary School,90 WESTERN AVE,SAINT PAUL,MN,55102,Ramsey County,public,2-No,73,73,10,,0.0,1,81568,12.9,273384003457,240100,Average,
4806964,MERCER & BLUMBERG LRN CTR,118 N BOWIE ST,SEGUIN,TX,78155,Guadalupe County,public,2-No,73,73,97.5,,0.0,1,92375,9.6,483969006964,,,
A2301738,RYKEN EDUCATIONAL CENTER,7100 SHORE RD,BROOKLYN,NY,11209,KINGS,private,,73,73,,,0.0,,80263,26.5,,334788,Average,
1304407,South Georgia Regional Achievement Center- The Phoenix,1800 Massey Drive,Albany,GA,31705,Dougherty County,public,2-No,73,60,,1,0.0,2,49044,35.9,130183004407,,,
4601421,Rapid City Online High School - 92,625 9th St Ste 208,Rapid City,SD,57701,Pennington County,public,†,73,73,,,0.0,0,74517,10.7,465982001421,420760,Average,
A1700945,HADAR SOUTH FLORIDA HIGH SCHOOL FOR GIRLS,7902 N MONTOYA CIR,BOCA RATON,FL,33433,PALM BEACH,private,,73,73,,,0.0,,83581,14.1,,,,
4812097,COASTAL HORIZONS ACADEMY,1220 GREGORY ST,TAFT,TX,78390,San Patricio County,public,1-Yes,72,70,49.5,,0.0,0.5,69704,20.3,480015912097,,,
1902328,Great Oaks High School and Career Center,100 East Euclid,Des Moines,IA,50313,Polk County,public,1-Yes,72,72,,,,,83576,12.9,199902202328,,,
2102590,Liberty Academy,6165 W Highway 146,Crestwood,KY,40014,Oldham County,public,2-No,72,57,,,,,122497,4.2,210453002590,,,
0403664,Vail Blended Learning,10775 E MARY ANN CLEVELAND WAY,TUCSON,AZ,85747,Pima County,public,2-No,72,0,,,,0,70315,16.7,040885003664,,,
4808434,TEXANS CAN ACADEMY - SAN ANTONIO,1807 CENTENNIAL BLVD,SAN ANTONIO,TX,78211,Bexar County,public,1-Yes,72,72,9,,0.0,0,72341,17.1,480001608434,446210,Demanding,
5600193,Swift Creek High School,222 East 4th Avenue,Afton,WY,83110,Lincoln County,public,2-No,72,72,54.5,,0.0,0,89330,6.6,560406000193,510061,Average,
3501147,UTE LAKE ONLINE LEARNING CENTER,301 NORTH 2ND ST,LOGAN,NM,88426,Quay County,public,2-No,72,59,15,,0.0,0,41946,30.9,350159001147,,,
BB240352,M.P.J. ACADEMY OF EXCELLENCE,8300 BISSONNET ST STE 218,HOUSTON,TX,77074,HARRIS,private,,72,72,,,0.0,,74983,22.6,,,,
3703442,Washington Early College High,115 Middle Street,Creswell,NC,27928,Washington County,public,2-No,72,72,75,,0.0,1,41813,32,370480003442,340609,Very Demanding,
2704696,DREAM Technical Academy,1705 16TH STREET NE,WILLMAR,MN,56201,Kandiyohi County,public,1-Yes,72,58,90,,0.0,0,76592,9.7,270038904696,,,
4810415,RUTH JONES MCCLENDON MIDDLE,3460 NE PKWY,SAN ANTONIO,TX,78218,Bexar County,public,1-Yes,72,68,75,,0.0,0,72341,17.1,480001410415,,,
5502586,Wildlands Charter School,E19320 Bartig Rd,Augusta,WI,54722,Eau Claire County,public,1-Yes,72,47,75,,0.0,0,74546,10.1,550063002586,,,
5302413,Comm Based Trans Program,601 S 8th St,Tacoma,WA,98405,Pierce County,public,2-No,71,71,,,,,,,,,,
2705352,196Online High School,3455 153RD ST W,ROSEMOUNT,MN,55068,Dakota County,public,2-No,71,71,,,0.0,1.5,106318,5.9,273239005352,,,
A2300647,AMERICAN ROYAL HIGH SCHOOL,4160 LOCUST POINT CT,DOVER,PA,17315,YORK,private,,71,71,,,0.0,,84829,13,,391280,Average,
3403303,Burlington County Alternative High School,1020 Briggs Road,Mt. Laurel,NJ,8054,Burlington County,public,2-No,71,68,,,0.0,1,108111,5.3,340244003303,310160,Average,
1210776,LINCOLN PARK EDUCATION CENTER,680 E HIGHLAND AVE,CLEMONT,FL,34711,Lake County,public,2-No,71,71,,,,,73161,11.5,120105010776,,,
0102705,Marshall County Online School,12380 US Highway 431,Guntersville,AL,35976,Marshall County,public,2-No,71,68,,,,,62571,19,010000602705,,,
1202555,JUVENILE JUSTICE CENTER ALT ED,3300 NW 27TH AVE,MIAMI,FL,33142,Miami-Dade County,public,2-No,70,57,50,,,3,71753,16,120039002555,101764,Average,
2704654,Secondary Virtual School,1353 W HIGHWAY 10,ANOKA,MN,55303,Anoka County,public,2-No,70,70,72,,0.0,0.40000001,101869,7.3,270318004654,242555,Demanding,
A1902775,CONG. MIKOR HATORAH,180 SIMS AVE,LAKEWOOD,NJ,8701,OCEAN,private,,70,70,,,0.0,,89863,11.9,,,,
A1702502,YESHIVA BAIS HACHINUCH,1732 W COUNTY LINE RD,LAKEWOOD,NJ,8701,OCEAN,private,,70,70,,,0.0,,89863,11.9,,,,
2702245,MN River Valley ALC-Seatbased,1313 E BLACK OAK AVE,MONTEVIDEO,MN,56265,Chippewa County,public,2-No,70,69,77,,0.0,0,71458,18.9,270005802245,,,
0403578,Phoenix Digital Academy,3701 W THOMAS RD,PHOENIX,AZ,85019,Maricopa County,public,2-No,70,70,27,,0.0,4,89300,12.4,040633003578,,,
2102266,RISE Academy,99 Center Dr.,Florence,KY,41042,Boone County,public,2-No,70,56,87,,0.0,1,99414,8.2,210051002266,,,
0403033,MICTED - Yavapai College CTEC,220 RUGER RD STE 2,PRESCOTT,AZ,86301,Yavapai County,public,2-No,70,70,,,,,69613,9.9,040077203033,,,
3606576,LINNAEUS W WEST SCHOOL,1201 UNION CENTER MAIN HWY,ENDICOTT,NY,13760,Broome County,public,2-No,70,54,75,,0.0,1,62616,15.2,361071006576,,,
4806990,ALTER IMPACT CTR,4125B F M 967,BUDA,TX,78610,Hays County,public,2-No,70,55,,6,0.0,1,89097,7.5,480001006990,,,
2704978,SMEC ALC,21697 STATE HIGHWAY 56,AUSTIN,MN,55912,Mower County,public,2-No,70,68,49.5,,0.0,0,73074,10.2,270032704978,,,
0403222,Alternative High School (Indian Oasis High School),111 Main Street,Sells,AZ,85634,Pima County,public,2-No,69,69,10,,0.0,0.5,70315,16.7,040395003222,,,
A1101567,YESHIVA CHAYEI OLAM,200 VAN ZILE RD,LAKEWOOD,NJ,8701,OCEAN,private,,69,69,,,0.0,,89863,11.9,,,,
1203310,ARC BROWARD INC.,10250 NW 53RD ST,SUNRISE,FL,33351,Broward County,public,2-No,69,24,,,,,,,,,,
5502885,D C Everest Idea School,4704 Camp Phillips Rd,Weston,WI,54476,Marathon County,public,1-Yes,69,39,75,,0.0,0.34999999,77884,8,551317002885,502060,Demanding,
2606327,OwendaleGagetown JrSr High School,7166 E MAIN ST,OWENDALE,MI,48754,Huron County,public,2-No,69,41,75,,0.0,0,58870,16.5,262718006327,232910,Average,
2600151,Odyssey MiddleHigh School,3441 S WISE RD,MOUNT PLEASANT,MI,48858,Isabella County,public,2-No,69,64,10,,0.0,0,55237,14.8,263138000151,,,
0806532,St. Vrain Virtual High School,1200 SOUTH SUNSET STREET,LONGMONT,CO,80501,Boulder County,public,2-No,69,69,64.5,,0.0,2,103994,7.5,080537006532,060963,Demanding,
2102396,The Academy,2200 Bowling Green Road,Russellville,KY,42276,Logan County,public,2-No,69,63,44.5,,0.0,0,60382,23.1,210354002396,,,
0610708,Gateway Community,200 Horizon Cir.,Camarillo,CA,93010,Ventura County,public,2-No,69,56,49.5,,0.0,1,109797,12,069104710708,,,
A2392035,ST ANNES CATHOLIC SCHOOL,292 MUNN RD,FORT MILL,SC,29715,YORK,private,,69,69,,,0.0,,89095,9.5,,,,
4816982,HCC LIFE SKILLS PROGRAM,1301 ALABAMA ST,HOUSTON,TX,77004,Harris County,public,2-No,69,69,,,,,,,,,,
3001142,Bridger Charter School,205 N 11th Ave,Bozeman,MT,59715,Gallatin County,public,†,69,69,,,,,93528,5,300459001142,270120,Demanding,
0614106,Boys Academic Leadership Academy,1511 West 110th St.,Los Angeles,CA,90047,Los Angeles County,public,2-No,69,30,,,0.0,0,90112,16.2,062271014106,,,
3500801,VISTA NUEVA HIGH,315 SOUTH ASH,AZTEC,NM,87410,San Juan County,public,2-No,68,68,67,,0.0,0.41,55872,19.9,350015000801,320071,Demanding,
A0501472,YESHIVA OHR YISRAEL OF ATLANTA,1458 HOLLY LN NE,ATLANTA,GA,30329,DEKALB,private,,68,68,,,0.0,,80644,15.1,,,,
A9701335,"TEMIMA, THE RICHARD AND JEAN KATZ HIGH SCHOOL FOR",1839 LAVISTA RD NE,ATLANTA,GA,30329,DEKALB,private,,68,68,,,0.0,,80644,15.1,,,,
1601067,BINGHAM ACADEMY,1350 PARKWAY DRIVE #18,BLACKFOOT,ID,83221,Bingham County,public,1-Yes,68,68,69.5,,0.0,1,77878,13.1,160016901067,,,
5502964,Appleton Technical Academy,610 N Badger Ave,Appleton,WI,54914,Outagamie County,public,1-Yes,68,68,75,,0.0,0,85069,6.3,550039002964,,,
3904881,Summit Academy Alternative LearnersWarren Middle & Secondary,1461 Moncrest Dr NW,Warren,OH,44485,Trumbull County,public,1-Yes,68,59,90,,0.0,1,56435,17.3,390034404881,,,
4813198,TRINITY CHARTER SCHOOLS - VIRTUAL RECLAIM ACADEMY,1820 SHILOH RD STE 1303,TYLER,TX,75703,Smith County,public,1-Yes,68,68,,,0.0,0,74192,17.9,480025913198,,,
A1902785,FOXMAN TORAH INSTITUTE,31 MAPLE AVE,CHERRY HILL,NJ,8002,CAMDEN,private,,68,68,,,0.0,,88755,16.6,,,,
1203811,MICANOPY ACADEMY,708 NW OKEHUMKEE,MICANOPY,FL,32667,Alachua County,public,1-Yes,67,17,,,0.0,0,61949,19.8,120003003811,,,
0606597,Travis Education Center,2775 DeRonde Dr.,Fairfield,CA,94533,Solano County,public,2-No,67,67,87,,0.0,0,100401,11.2,063963006597,050921,Below Average,
0401429,Desiderata Program,2920 N 34TH DR,PHOENIX,AZ,85017,Maricopa County,public,2-No,67,67,,,,,89300,12.4,040633001429,,,
3300745,Gathering Waters Charter School (H),31 Washington Street,Keene,NH,3431,Cheshire County,public,1-Yes,67,67,,,,,83329,8.4,330331800745,,,
3910868,AkroTech High School,274 Park St.,Akron,OH,44304,Summit County,public,1-Yes,67,67,,,,,71622,16.3,391005010868,365284,Average,
0505145,PREMIER HIGH SCHOOL OF TEXARKANA,3400 ROGERS AVE STE 126,LITTLE ROCK,AR,72202,Miller County,public,1-Yes,67,67,,,,,48836,31,050040805145,,,
A2300732,FLORIDA YESHIVA HIGH SCHOOL,8950 STIRLING RD,HOLLYWOOD,FL,33024,BROWARD,private,,67,67,,,0.0,,77633,13.5,,,,
3703314,C Joyner Greene Education Center,604 East Main Street,Jamestown,NC,27282,Guilford County,public,2-No,67,67,5,,0.0,0,68642,18,370192003314,,,
4811314,MARGIE CHUMBLEY ACADEMY FOR SUCCESS,6003 N ST,NACOGDOCHES,TX,75965,Nacogdoches County,public,2-No,67,67,87,,0.0,1,53555,24.8,483209011314,,,
3403391,Union County Career & Technical Institute,1776 Raritan Road,Scotch Plains,NJ,7076,Union County,public,2-No,67,67,,,,,103202,11.3,341804003391,311120,Below Average,
2101913,Adair Learning Academy,401 Appleby Dr,Columbia,KY,42728,Adair County,public,2-No,67,67,,,,0,53553,26.2,210003001913,,,
2608434,Early College at Montcalm Community College,2800 COLLEGE DR,SIDNEY,MI,48885,Montcalm County,public,2-No,67,67,,,,,,,,,,
3403005,Pinnacle Academy High School,209 Berckman St,PLAINFIELD,NJ,7062,Union County,public,2-No,67,67,,,,,103202,11.3,341314003005,310077,Demanding,
3904816,West Central Learning Academy II,522 W North St,Lima,OH,45801,Allen County,public,1-Yes,67,67,44.5,,0.0,0,64038,18.6,390027604816,365072,Demanding,
0609472,S.F. County Opportunity (Hilltop),1325 Florida St.,San Francisco,CA,94110,San Francisco County,public,2-No,67,67,34.5,,0.0,0.0099999998,140970,10.1,069111109472,,,
3606514,FINGER LAKES RESIDENTIAL CENTER,250 AUBURN RD,LANSING,NY,14882,Tompkins County,public,2-No,67,64,,,,0,74024,10.9,360013106514,,,
5303443,MLSD Open Doors Re-Engagement Program,1328 E. Hunter Place,Moses Lake,WA,98837,Grant County,public,2-No,67,67,,,0.0,0.5,73267,19.3,530522003443,,,
0609053,Tulare County Court,11200 Avenue 368,Visalia,CA,93291,Tulare County,public,2-No,66,66,10,,,1,71300,26.4,069104509053,,,
3910914,Wildcat Pathways Academy,9999 West Rd,Harrison,OH,45030,Hamilton County,public,2-No,66,66,,,,,72470,17.3,390473810914,,,
0601619,East High (Continuation),392 16th St.,Fortuna,CA,95540,Humboldt County,public,2-No,66,66,,,,,,,,050222,,
7200249,CENTRO DE ADIESTRAMIENTO,CARR 155 KM 6 HM 5 BO PUGNADO AFUERA,VEGA BAJA,PR,693,Vega Baja Municipio,public,2-No,66,66,,,0.0,1,,,720003000249,,,
2903168,SOUTHVIEW HIGH,11660 Eddie and Park Rd,Crestwood,MO,63126,St. Louis County,public,2-No,66,66,10,,0.0,0.5,82936,12.5,292676003168,,,
2705254,STMA Online - Secondary,60 CENTRAL AVE W,SAINT MICHAEL,MN,55376,Wright County,public,2-No,66,56,,,0.0,0,107209,4.6,273379005254,,,
A2400064,YESHIVAH OHR YISRAEL,1458 HOLLY LN,ATLANTA,GA,30329,DEKALB,private,,66,66,,,0.0,,80644,15.1,,,,
3500108,SCHOOL ON WHEELS HIGH SCHOOL,129 HARTLINE RD SW,ALBUQUERQUE,NM,87105,Bernalillo County,public,2-No,65,65,65,,0.0,1,69473,15.6,350006000108,320081,Very Demanding,
0612820,Elm High,5865 South Clara Ave.,Fresno,CA,93706,Fresno County,public,2-No,65,65,74.5,,0.0,0,74201,24.5,060141512820,,,
A2400073,YESHIVAS KESSER YONAH,3635 W DEVON AVE,CHICAGO,IL,60659,COOK,private,,65,65,,,0.0,,83498,17.3,,,,
5503013,School of Options and Applied Research High,1700 Pleasure Island Road,Eagle River,WI,54521,Vilas County,public,1-Yes,65,65,75,,0.0,0,68431,15.9,550386003013,,,
5502863,iLEAD Charter Sch,800 Grayside Ave,Mauston,WI,53948,Juneau County,public,1-Yes,65,42,95,8,0.0,1,67270,11.3,550885002863,,,
1203017,GAINES ALTERNATIVE AT HAMBLEN,1 CHRISTOPHER ST,ST AUGUSTINE,FL,32084,St. Johns County,public,2-No,65,48,50,1,0.0,1,109839,4.9,120174003017,101477,Average,
4101599,Plymouth High School,470 N 16th St,St Helens,OR,97051,Columbia County,public,2-No,65,65,30,,0.0,1,87458,11.3,411172001599,,,
2600931,Casman Alternative Academy,225 9TH ST,MANISTEE,MI,49660,Manistee County,public,1-Yes,65,57,44.5,,0.0,0,63516,20.8,260015200931,232733,Below Average,
4808996,STEPHENS ACADEMY,919 CLOYD ST,MAGNOLIA,TX,77355,Montgomery County,public,2-No,65,65,62,,0.0,1,97701,9.3,482874008996,,,
0610793,Eel River Community,2292 Newburg Rd.,Fortuna,CA,95540,Humboldt County,public,2-No,64,57,75,,0.0,0.15000001,61160,16.9,069100910793,,,
4808398,RANCH ACADEMY,3120 VZCR 2318,CANTON,TX,75103,Van Zandt County,public,1-Yes,64,58,69.5,7,0.0,0,69475,16.7,480017108398,441111,Below Average,
1303574,Pleasant Valley Innovative School,273 Harris Street,Eton,GA,30724,Murray County,public,2-No,64,64,69.5,,0.0,1,69253,18.2,130384003574,,,
5302644,CLIP,32302 NE 50th Street,Carnation,WA,98014,King County,public,2-No,64,64,,,0.0,0.13,124746,9.5,530456002644,,,
2102317,The Sterling School,724 Woodford Drive,Mount Sterling,KY,40353,Montgomery County,public,2-No,64,52,69.5,,0.0,0,56396,16,210425002317,,,
5303594,Arlington Open Doors,4407 172nd ST NE,Arlington,WA,98223,Snohomish County,public,2-No,64,64,,,0.0,0,111246,8.9,530024003594,,,
0612777,Kirby Dorothy Camp,1500 South McDonnell Ave.,City Of Commerce,CA,90040,Los Angeles County,public,2-No,64,63,49.5,,,2,90112,16.2,069107812777,,,
1207820,HIS HOUSE,6300 NW 27TH AVE,MIAMI,FL,33147,Miami-Dade County,public,2-No,63,58,,,0.0,0,71753,16,120039007820,,,
4901384,Life Skills Academy,11150 S. 300 East,SANDY,UT,84070,Salt Lake County,public,2-No,63,63,,,,,,,,,,
5303609,Open Doors - Youth Reengagement Program,1601 R Avenue,Anacortes,WA,98221,Skagit County,public,2-No,63,63,,,0.0,0,89263,10,530000803609,,,
2101677,Laurel County Day Treatment,65 Marydell Rd,London,KY,40741,Laurel County,public,2-No,63,42,,,0.0,3,57771,23,210321001677,,,
2703136,Riverway Secondary,1200 STORRS POND ROAD,WINONA,MN,55987,Winona County,public,1-Yes,63,39,75,,0.0,0,70744,7.3,270022103136,241708,Average,
4701513,Daniel McKee Alternative School,2623  Halls  Hill PIKE,Murfreesboro,TN,37130,Rutherford County,public,2-No,63,51,,,0.0,2,85470,12.2,470369001513,,,
2702108,South Campus Education Center,3551 N MCKNIGHT RD,WHITE BEAR LAKE,MN,55110,Ramsey County,public,2-No,62,61,,,0.0,0,81568,12.9,270226402108,,,
2702717,CVA PASCAL Middle & High School,3810 EAST 56TH STREET,MINNEAPOLIS,MN,55417,Hennepin County,public,1-Yes,62,47,69.5,,0.0,4,97653,8.9,270013802717,,,
5303564,The Outreach Program,26024 111th Ave SE,Kent,WA,98030,King County,public,2-No,62,62,,,,,,,,,,
4823250,TRIUMPH PUBLIC HIGH SCHOOLS-SAN ANTONIO,735 FREDERICKSBURG RD,SAN ANTONIO,TX,78201,Bexar County,public,1-Yes,62,62,,,,,72341,17.1,480017423250,,,
4400548,RISE Prep Mayoral Acad High,600 Social Street,Woonsocket,RI,2895,Providence County,public,1-Yes,62,62,,,,,,,,,,
4808794,COOKE/FANNIN/GRAYSON CO JUVENILE POST AJUD FAC,86 DYESS,DENISON,TX,75020,Grayson County,public,2-No,62,55,,,,,,,,,,
1210788,THE COLLEGE OF THE FLORIDA KEYS ACADEMY,5901 COLLEGE RD,KEY WEST,FL,33040,Monroe County,public,1-Yes,62,62,,,,,87738,14.5,120132010788,,,
0403846,Arizona Autism Charter School -Tucson Upper School Campus,1300 S BELVEDERE AVE,TUCSON,AZ,85711,Pima County,public,1-Yes,62,27,,,,,70315,16.7,040091303846,,,
A0302188,BNOT RACHEL HIGH SCHOOL,1950 E 7TH ST,BROOKLYN,NY,11223,KINGS,private,,62,62,,,0.0,,80263,26.5,,330974,Average,
3905309,Dayton Business Technology High School,348 W 1st St,Dayton,OH,45402,Montgomery County,public,1-Yes,62,62,54.5,,0.0,0,66139,18.8,390064205309,,,
2705425,Falcons Online Academy-HS,710 17TH ST SW,FARIBAULT,MN,55021,Rice County,public,2-No,62,62,,,0.0,0,83181,10.5,271176005425,,,
5303919,WIN Academy,460 N. 6th,Cheney,WA,99004,Spokane County,public,2-No,62,50,,,,,78582,9.1,530123003919,,,
5303124,Employment Transition Program,33250 21st Ave SW,Federal Way,WA,98023,King County,public,2-No,62,62,,,0.0,0,124746,9.5,530282003124,,,
2712892,Tower View ALP,154 TOWER VIEW DR,RED WING,MN,55066,Goodhue County,public,2-No,62,62,,,,,84171,6.7,273048012892,,,
0402386,EDGE High School - Northwest,231 W GIACONDA WAY STE 113,TUCSON,AZ,85704,Pima County,public,1-Yes,62,62,15,,0.0,1,70315,16.7,040007802386,,,
1203190,IR PREP,1426 18TH ST,VERO BEACH,FL,32960,Indian River County,public,2-No,62,43,50,,0.0,0,73491,13.5,120093003190,,,
2608810,Garfield Community School,10218 ARTHUR ST,LIVONIA,MI,48150,Wayne County,public,2-No,62,0,,,,,,,,230084,Average,
4101390,Al Kennedy High School,79980 Delight Valley School Rd,Cottage Grove,OR,97424,Lane County,public,2-No,62,62,15,,0.0,0.75,71544,14.3,411158001390,380221,Below Average,
4101852,Bridges High School,410 SW 4th St,Madras,OR,97741,Jefferson County,public,2-No,62,62,72,,0.0,1,76260,18,410674001852,,,
3403474,Athletic Training and Physical Therapy,1 Bryant Drive,Succasunna,NJ,7876,Morris County,public,2-No,62,62,,23,0.0,1,137326,4,341072003474,,,
4808124,OPTIONS EARLY GRADUATION H S,905 MARTINE ST,TEXARKANA,TX,75503,Bowie County,public,2-No,61,61,92,,0.0,1,59803,22.2,484248008124,,,
5302577,James A. Taylor High School,90 E North Mason School Road,Belfair,WA,98528,Mason County,public,2-No,61,61,,,0.0,0.40000001,83270,17.8,530579002577,481351,Below Average,
4812313,HENRY FORD ACADEMY ALAMEDA SCHOOL FOR ART + DESIGN,501 W CESAR E CHAVEZ BLVD,SAN ANTONIO,TX,78207,Bexar County,public,1-Yes,61,61,74.5,,0.0,0.30000001,72341,17.1,480141212313,,,
4808907,BRAZOS RIVER CHARTER SCHOOL,1964 S FM 199,NEMO,TX,76070,Somervell County,public,1-Yes,61,61,64.5,,0.0,2,79825,12.1,480021408907,445032,Average,
0806372,eDCSD,373 INVERNESS PARKWAY STE 207,ENGLEWOOD,CO,80112,Douglas County,public,2-No,61,61,90,4,0.0,4.9299998,149594,2.8,080345006372,060190,Average,
0403624,Think Through Academy,3232 W Thomas Rd,Phoenix,AZ,85017,Maricopa County,public,1-Yes,61,61,50,,0.0,0,89300,12.4,040097603624,,,
3606519,BROOKWOOD SECURE CENTER FOR YOUTH,419 SPOOK ROCK RD,CLAVERACK,NY,12513,Columbia County,public,2-No,61,61,,,,0,81528,13.2,360013106519,,,
A2100775,ST JEROME INSTITUTE,1800 PERRY ST NE,WASHINGTON,DC,20018,DISTRICT OF COLUMBIA,private,,61,61,,,0.0,,109870,24.9,,,,
4700296,Carter County Alternative School,120 Unaka DR,Elizabethton,TN,37643,Carter County,public,2-No,61,57,,,0.0,0,50135,21,470051000296,,,
A2300994,FANNIN CHRISTIAN LEARNING CENTER,2324 E FIRST ST,BLUE RIDGE,GA,30513,FANNIN,private,,61,61,,,0.0,,57073,20.5,,,,
2608977,The Laker Opportunity Center,4925 ORCHARD LAKE RD,W BLOOMFIELD,MI,48323,Oakland County,public,2-No,61,61,,,0.0,0,97760,7.2,263582008977,,,
1802777,The Portage School of Leaders,305 W. Madison St.,South Bend,IN,46601,St. Joseph County,public,1-Yes,61,61,,,,,,,,,,
4806752,INSTR/GUID CENTER,2604 GALVESTON AVE,MCALLEN,TX,78501,Hidalgo County,public,2-No,60,38,,,,,,,,,,
0402899,Sky Islands,6000 E 14TH ST,TUCSON,AZ,85711,Pima County,public,1-Yes,60,60,75,,0.0,1,70315,16.7,040077102899,,,
A1503098,LOOKING GLASS RIVERFRONT SCHOOL & CAREER CENTER,1666 W 12TH AVE,EUGENE,OR,97402,LANE,private,,60,60,,,0.0,,71544,14.3,,,,
4200530,Spectrum CS,4369 Northern Pike,Monroeville,PA,15146,Allegheny County,public,1-Yes,60,48,50,,0.0,0,78548,13.5,420006400530,392713,Below Average,
0614563,Mt. Signal Virtual Academy,1001 Brighton Avenue Tr. 25,El Centro,CA,92243,Imperial County,public,2-No,60,60,,,0.0,1.8,57681,23.8,060801014563,,,
A0302001,HEARTLAND LUTHERAN HIGH SCHOOL,3900 W HUSKER HWY,GRAND ISLAND,NE,68803,HALL,private,,60,60,,,0.0,,69251,17.7,,281081,Demanding,
A1300262,HIGH BLUFF ACADEMY,5531 CANCHA DE GOLF STE 202,RANCHO SANTA FE,CA,92091,SAN DIEGO,private,,60,60,,,0.0,,106268,10.8,,053036,Average,
0607574,Camille Creek Community,2097 Imola Ave.,Napa,CA,94559,Napa County,public,2-No,60,54,54.5,,0.0,0,111471,7.5,069102207574,,,
4207049,Greater Altoona Career and Technology Center,1500 4th Avenue,Altoona,PA,16602,Blair County,public,2-No,60,60,,,,,62382,14.7,428008007049,391966,,
3910898,Steel City High School,209 W 4th St,Lorain,OH,44052,Lorain County,public,1-Yes,60,60,,,,,73347,14.5,391006210898,360345,Demanding,
0806640,Denver School of Innovation and Sustainable Design,840 E 14TH AVE,DENVER,CO,80218,Denver County,public,2-No,60,60,84.5,1,0.0,1.5,94718,17.4,080336006640,,,
00095707,MTN VIEW ACADEMY,360 S SHORELINE BLVD,MOUNTAIN VIEW,CA,94041,SANTA CLARA,private,,60,60,,,0.0,,164281,6.7,,,,
4822990,PREMIER H S - HOUSTON (GREENSPOINT),250 N SAM HOUSTON PKWY E,HOUSTON,TX,77060,Harris County,public,1-Yes,60,60,,,,,74983,22.6,480020722990,,,
BB201155,MIKOR HATORAH,180 SIMS AVE,LAKEWOOD,NJ,8701,OCEAN,private,,60,60,,,0.0,,89863,11.9,,,,
2705472,ALC - Sauk Rapids,1833 OSAUKA RD NE,SAUK RAPIDS,MN,56379,Benton County,public,2-No,59,59,,,,,74410,7.4,273351005472,242365,Average,
4806940,SECONDARY ALTER CTR,1310 SAM HOUSTON,HARLINGEN,TX,78550,Cameron County,public,2-No,59,35,,,0.0,1,52601,31,482253006940,,,
3200694,Miley Achievement Ctr J-SHS,245 N Pecos,Las Vegas,NV,89101,Clark County,public,2-No,59,34,50,,0.0,3,76472,15.3,320006000694,,,
5103084,W.O. Robey High,21328 AUGUSTA DRIVE,Sterling,VA,20164,Loudoun County,public,2-No,59,59,,,0.0,1,181765,3.5,510225003084,,,
3606497,INDUSTRY LIMITED SECURE SCHOOL,375 RUSH SCOTSVILLE RD,RUSH,NY,14543,Monroe County,public,2-No,59,57,,,,0,76382,15.5,360013106497,,,
5303234,Pend Oreille River School,1201 West 5th Street,Newport,WA,99156,Pend Oreille County,public,2-No,59,59,,,0.0,0,67436,21.4,530561003234,,,
3702411,Stokes County Academy,4611 NC 8 Hwy North,Lawsonville,NC,27022,Stokes County,public,2-No,59,39,22,,0.0,1,62969,14.4,370438002411,342033,Demanding,
3402991,Hope Academy,266 Harrison Street,PASSAIC,NJ,7055,Passaic County,public,2-No,59,58,,,0.0,1,87522,17.2,348036402991,,,
2704530,Hendricks High School,200 E LINCOLN ST,HENDRICKS,MN,56136,Lincoln County,public,2-No,59,31,50,,0.0,0,69694,9.4,271368004530,,,
0610481,Violet Heintz Education Academy,4939 East Yale Ave.,Fresno,CA,93727,Fresno County,public,2-No,59,52,10,,0.0,1,74201,24.5,069100710481,,,
3910918,Franklin School of Opportunity - On Site,13465 Franklin Blvd,Lakewood,OH,44107,Cuyahoga County,public,2-No,59,44,,,,,64468,21.6,390441910918,,,
0400943,Northern AZ Academy for Career Dev. - Taylor,1300 North Centennial Blvd,Taylor,AZ,85939,Navajo County,public,1-Yes,59,58,49.5,,0.0,0,54606,31.4,040007700943,030558,Below Average,
2100839,Rivendell High School,1035 Porter Pike Rd,Bowling Green,KY,42103,Warren County,public,2-No,59,59,,,0.0,0,65794,17.6,210573000839,182200,Below Average,
3001146,227 Academy- HS,2760 Valley Dr,East Helena,MT,59635,Lewis and Clark County,public,†,59,59,,,,,78237,7.1,300065501146,,,
3800670,NORTH BORDER-WALHALLA HIGH SCHOOL,605 10th St,Walhalla,ND,58282,Pembina County,public,†,59,59,90,,0.0,0.25,68393,8.9,380005400670,350568,Demanding,
5303923,Transition 18-21 Program,516 176th St E,Spanaway,WA,98387,Pierce County,public,2-No,58,58,,,,,,,,,,
5600154,Pathfinder High School,863 Sweetwater Street,Lander,WY,82520,Fremont County,public,2-No,58,58,49.5,,0.0,1,64904,12.9,560287000154,,,
A0792060,LEHIGH LEARNING ACADEMY,113 S MAIN ST,NAZARETH,PA,18064,NORTHAMPTON,private,,58,58,,,0.0,,89184,10.2,,,,
5303648,Ferry County Open Doors - Youth Reengagement,3 Campus Drive,Curlew,WA,99118,Ferry County,public,2-No,58,58,,,0.0,0,55614,23.1,530189003648,,,
A1302131,YESHIVA BAIS CHAYA ESTHER,1305 AVE R,BROOKLYN,NY,11229,KINGS,private,,58,58,,,0.0,,80263,26.5,,,,
5303924,Rooted School Washington,10401 NE Fourth Plain Blvd,Vancouver,WA,98662,Clark County,public,1-Yes,58,58,,,,,97536,8.5,531017103924,481402,Average,
2702804,Lakeville Pathways Academy,19455 KENWOOD TRL,LAKEVILLE,MN,55044,Dakota County,public,2-No,58,58,54.5,,0.0,0,106318,5.9,271778002804,,,
2102313,Bartlett Educational Center,305 Bartlett Ave,Erlanger,KY,41018,Kenton County,public,2-No,58,38,95,,0.0,1,80548,11.5,210174002313,,,
3501126,SIX DIRECTIONS INDIGENOUS SCHOOL,2055 NM 602,GALLUP,NM,87301,McKinley County,public,1-Yes,58,33,,,0.0,0,47668,31.1,350017701126,,,
1302831,Classic City High School,440 Dearing Ext,Athens,GA,30606,Clarke County,public,2-No,58,58,64.5,,0.0,0,53625,23.7,130117002831,110118,Below Average,
0403001,ThrivePoint High School at Grovers,4744 W GROVERS AVE,GLENDALE,AZ,85308,Maricopa County,public,1-Yes,58,58,,,0.0,0,89300,12.4,040031103001,,,
0403841,Paul Revere Academy,1601 W MAIN ST,MESA,AZ,85201,Maricopa County,public,1-Yes,58,58,,,,,89300,12.4,040974303841,,,
00094587,PUC PREPARATORY SCHOOL,1 ANGWIN AVE MCKIBBIN HALL,ANGWIN,CA,94508,NAPA,private,,57,57,,,0.0,,111471,7.5,,,,
4702625,Virtual Academy of Maury County,1101 Bridge ST,Columbia,TN,38401,Maury County,public,2-No,57,46,69.5,,0.0,0,76130,10.9,470276002625,,,
0403831,Pima County JTED - Bridges Evening Program,3300 S PARK AVE,TUCSON,AZ,85713,Pima County,public,2-No,57,57,,,,,70315,16.7,040075203831,,,
2702947,Jennings Community School,2455 UNIVERSITY AVE WEST,SAINT PAUL,MN,55114,Ramsey County,public,1-Yes,57,50,49.5,,0.0,0.5,81568,12.9,270015202947,,,
0401770,Shonto Preparatory Technology High School,East Highway 160/98,Shonto,AZ,86054,Navajo County,public,1-Yes,57,57,69.5,,0.0,0,54606,31.4,040015401770,030448,Below Average,
3000323,Garfield Co Dist HS,324 Marguerite St,Jordan,MT,59337,Garfield County,public,†,57,57,90,,0.0,1,69583,22.2,301188000323,270515,Demanding,
00259905,MESIFTA OF GREATER MIAMI,4000 ALTON RD,MIAMI BEACH,FL,33140,MIAMI-DADE,private,,57,57,,,0.0,,71753,16,,,,
4812824,GRADUATION PREP ACADEMY NAVARRO,1201 PAYTON GIN RD,AUSTIN,TX,78758,Travis County,public,2-No,57,57,24.5,,0.0,0,99611,13,480894012824,446103,Below Average,
1203853,THE ACADEMY AT YOUTH CARE LANE,4121 YOUTH CARE LN,SEBRING,FL,33870,Highlands County,public,2-No,57,32,50,1,0.0,0,54897,20.9,120084003853,,,
4807116,THE BRIDGES ACAD ALTER,5800 COLLEYVILLE BLVD,COLLEYVILLE,TX,76034,Tarrant County,public,2-No,57,57,72,,0.0,1,84207,14.9,482166007116,442964,Average,
2601594,ACES Academy,3303 S THIRD AVE,ALPENA,MI,49707,Alpena County,public,2-No,57,55,49.5,,0.0,0.22,53950,20.9,260273001594,230069,Demanding,
0614273,Sanhedrin Alternative,120 North Main St.,Willits,CA,95490,Mendocino County,public,2-No,57,57,77,,0.0,0,68092,15.8,064256014273,,,
1203057,PACE PROGRAM,1028 UNDERWOOD AVE,PENSACOLA,FL,32504,Escambia County,public,2-No,57,32,50,,,1,67500,22.3,120051003057,,,
4823153,TEXASWORKS - LAREDO,2201 CHIHUAHUA ST,LAREDO,TX,78043,Webb County,public,1-Yes,57,57,,,,,63058,28,489913623153,,,
5303511,Discovery High School-Achieve,2742 Harding,Longview,WA,98632,Cowlitz County,public,2-No,57,57,,,0.0,0,76531,12.6,530447003511,,,
4101689,Hawthorne Alternative High School,1700 NW 15th Dr,Pendleton,OR,97801,Umatilla County,public,2-No,56,56,30,,0.0,0,67728,13.1,410951001689,,,
A2300809,MECHINA OF SOUTH FLORIDA,4000 ALTON RD,MIAMI BEACH,FL,33140,MIAMI-DADE,private,,56,56,,,0.0,,71753,16,,,,
3501113,DZIT DIT LOOL SCHOOL OF EMPOWERMENT ACTION AND PERSEVERANCE,SHEPARD SPRINGS BOULEVARD AND MILL RD,NAVAJO,NM,87328,McKinley County,public,1-Yes,56,36,50,,0.0,0,47668,31.1,350017401113,,,
0501685,FOUNDERS CLASSICAL ACADEMIES OF ARKANSAS WEST LITTLE ROCK,1815 RAHLING RD,ROGERS,AR,72758,Pulaski County,public,1-Yes,56,41,90,7,0.0,1,62873,20.4,050040901685,,,
4813248,RICHEY ACADEMY,341 E RICHEY RD BLDG A,HOUSTON,TX,77073,Harris County,public,2-No,56,29,,,0.0,0,74983,22.6,484122013248,,,
2210412,Christian Acres Alternative School,200 Loop Road,Tallulah,LA,71282,Madison Parish,public,2-No,56,46,5,,,1,35456,49.3,220105010412,190148,Below Average,
4807163,STUBBLEFIELD LRN CTR,502 COLLEGE DR,LUFKIN,TX,75904,Angelina County,public,2-No,56,56,54.5,,0.0,0,60960,18,482855007163,,,
0402367,Robert L. Duffy High School,3816 N 27TH AVE,PHOENIX,AZ,85017,Maricopa County,public,1-Yes,56,56,10,,1.0,0,89300,12.4,040021902367,,,
4101848,Twin Rivers Charter School,2621 Augusta St,Eugene,OR,97403,Lane County,public,1-Yes,55,45,75,,0.0,0,71544,14.3,410474001848,,,
0610842,Richard A. Alonzo Community Day,5755 Fountain Ave.,Los Angeles,CA,90028,Los Angeles County,public,2-No,55,49,5,,0.0,0.61000001,90112,16.2,062271010842,051595,Below Average,
4029880,PROUD TO PARTNER LEADERSHIP HS,4149 Highline Boulevard,Oklahoma City,OK,73108,Oklahoma County,public,1-Yes,55,55,,,,,66679,20.1,403360829880,,,
4400551,Segue Institute Learning High,325 Cowden Street,Central Falls,RI,2863,Providence County,public,1-Yes,55,55,,,,,,,,,,
0402165,Crown Point High School,5850 W Northview Ave,Glendale,AZ,85301,Maricopa County,public,1-Yes,55,55,10,,0.0,0,89300,12.4,040033202165,030386,Average,
2607796,Horizon Alternative School,30 S NORWOOD AVE,HILLSDALE,MI,49242,Hillsdale County,public,2-No,55,55,75,,0.0,1,64242,16.7,261839007796,231596,Below Average,
4823202,LAMAR - PHOENIX ALTERNATIVE EDUCATION,121 DE ZAVALA DR,SAN MARCOS,TX,78666,Hays County,public,2-No,55,55,,,,,89097,7.5,483897023202,,,
4500238,Turbeville High,1578 Clarence Coker Hwy,Turbeville,SC,29162,Clarendon County,public,2-No,55,55,,,,1,52401,24.5,450000100238,,,
1500275,Hakipuu Academy,45-720 Keaahala Rd,Kaneohe,HI,96744,Honolulu County,public,1-Yes,55,42,,,0.0,0.5,106195,9.1,150003000275,,,
4702656,Jefferson Virtual Academy,3081 West Old AJ HWY,Strawberry Plains,TN,37871,Jefferson County,public,2-No,55,34,,9,0.0,0,66114,15.5,470210002656,,,
2704369,TASSEL TRANSITION,11840 VALLEY VIEW RD,EDEN PRAIRIE,MN,55344,Hennepin County,public,2-No,55,55,,,,,,,,,,
0614385,Edward P. Duplex,1010 Wheatland Rd.,Wheatland,CA,95692,Yuba County,public,2-No,55,55,74.5,,0.0,0,76373,18.3,064235014385,,,
4805407,THE PHOENIX ACADEMY,902 E BROAD ST,MANSFIELD,TX,76063,Tarrant County,public,2-No,54,54,,,,,,,,,,
4702408,Sumner County Middle College High School,1480 Nashville PIKE,Gallatin,TN,37066,Sumner County,public,2-No,54,54,,,,,,,,431446,Average,
0401833,Superstition High School,10222 E SOUTHERN AVE,MESA,AZ,85209,Maricopa County,public,2-No,54,46,,,,,89300,12.4,040497001833,030430,Below Average,
2704250,917 DCALS North,150 MARIE AVE E,WEST SAINT PAUL,MN,55118,Dakota County,public,2-No,54,54,52,,0.0,0,106318,5.9,270002604250,,,
A2301582,MESIVTA TORAS MAIER,35 BROOK AVE,PASSAIC,NJ,7055,PASSAIC,private,,54,54,,,0.0,,87522,17.2,,,,
1203338,THE PACE PROGRAM,201 N 1ST ST,IMMOKALEE,FL,34142,Collier County,public,2-No,54,40,,,,0,90045,12.2,120033003338,,,
0601286,Mt. Olive Innovation and Technology High,1400 Mt. Olive Dr.,Duarte,CA,91010,Los Angeles County,public,2-No,54,54,74.5,,0.0,0,90112,16.2,061152001286,050782,Below Average,
2901178,W. E. SEARS YOUTH CTR.,9400 SEARS LN,POPLAR BLUFF,MO,63901,Butler County,public,2-No,54,46,50,,,0,49089,26.4,290000901178,,,
2700325,RED LAKE ALTERNATIVE LEARNING,23990 HWY 1 E,RED LAKE,MN,56671,Beltrami County,public,2-No,53,53,5,,0.0,0,68975,17.4,273051000325,,,
3001138,Bronc Fast Track,17620 Frontage Road,Frenchtown,MT,59834,Missoula County,public,†,53,53,,,,,,,,,,
A1500411,YESHIVA NER ARYEH,12500 BURBANK BLVD,VALLEY VILLAGE,CA,91607,LOS ANGELES,private,,53,53,,,0.0,,90112,16.2,,,,
1601151,CARDINAL ACADEMY,9492 WEST EMERALD STREET,BOISE,ID,83704,Ada County,public,1-Yes,53,53,,,,,91502,6.8,160020001151,,,
3906151,RAM Nation Virtual Academy,3594 N Snyder Rd,Trotwood,OH,45426,Montgomery County,public,2-No,53,42,,,0.0,0,66139,18.8,390486906151,365143,Average,
A1992056,GK CHESTERTON ACADEMY OF THE WILLAMETTE VALLEY,900 S MAIN ST,MOUNT ANGEL,OR,97362,MARION,private,,53,53,,,0.0,,77351,13,,,,
3101419,CREEK VALLEY HIGH SCHOOL,3RD & WASHINGTON,CHAPPELL,NE,69129,Deuel County,public,†,53,53,90,,0.0,1,70096,19,310014001419,280476,Average,
0614477,Open Door Charter,901 Blanco Cir.,Salinas,CA,93901,Monterey County,public,1-Yes,53,53,,,,,97230,15.7,069102114477,,,
2002109,Opportunity Academy,900 West Broadway,Newton,KS,67114,Harvey County,public,2-No,53,47,69.5,,0.0,1,74368,9,200996002109,,,
5302534,SCCP Images,1810 N Greene St,Spokane,WA,99217,Spokane County,public,2-No,53,53,,,,,,,,,,
0505129,GUY BERRY COLLEGE AND CAREER ACADEMY,500 BOMBER BLVD.,MOUNTAIN HOME,AR,72653,Baxter County,public,1-Yes,52,37,,,,,48452,18.9,050004305129,,,
A2303190,AQUINAS CLASSICAL ACADEMY,4215 PINE RD NE,BREMERTON,WA,98310,KITSAP,private,,52,52,,,0.0,,104158,8.6,,,,
2100709,Knox County Learning Academy,135 Wall St,Barbourville,KY,40906,Knox County,public,2-No,52,45,49.5,,0.0,1,32527,31.7,210315000709,,,
1205431,CHAUTAUQUA CHARTER SCHOOL,1118 MAGNOLIA AVE,PANAMA CITY,FL,32401,Bay County,public,1-Yes,52,52,,,0.0,0,73533,15.6,120009005431,,,
2703149,RIVER VALLEY ACADEMY ALC,1410 BUNDY BOULEVARD,WINONA,MN,55987,Winona County,public,2-No,52,52,75,,0.0,0,70744,7.3,270005503149,,,
0403492,Manson Mesa High School,500 South Navajo,Page,AZ,86040,Coconino County,public,2-No,52,52,30,,0.0,0,72966,16,040582003492,030220,Average,
2702633,Distance Learning Academy Secondary,38423 LINCOLN TRAIL,NORTH BRANCH,MN,55056,Chisago County,public,2-No,52,42,87,,0.0,0,99400,5.2,272382002633,,,
2704979,SWMetro ALC,401 EAST 4TH ST,CHASKA,MN,55318,Carver County,public,2-No,52,52,54.5,,0.0,0,125946,2.8,270042004979,,,
2401711,BCDC Educational Center,105 W. Chesapeake Avenue,Towson,MD,21204,Baltimore County,public,2-No,52,52,10,,,0,91768,10.6,240012001711,,,
2002094,Alfred Fairfax Academy,2226 N 85th st,Kansas City,KS,66109,Wyandotte County,public,2-No,52,52,34.5,,0.0,0,63631,19,200795002094,,,
2608604,Westwood North Academy,25824 MICHIGAN AVE,INKSTER,MI,48141,Wayne County,public,2-No,52,52,49.5,,0.0,0,60539,31.5,261164008604,230571,Below Average,
BB963538,YESHIVA VYELIPOL,860 E 27TH ST,BROOKLYN,NY,11210,KINGS,private,,51,51,,,0.0,,80263,26.5,,,,
4702646,Coffee County Virtual Academy,1756 McMinnville HWY,Manchester,TN,37355,Coffee County,public,2-No,51,42,,,0.0,0,61505,23.5,470078002646,,,
1902052,WEST Academy Alternative School,1302 1st Avenue West,Newton,IA,50208,Jasper County,public,2-No,51,51,,,,,,,,,,
5302554,Gate Work Study Program,3100 E 18TH ST,VANCOUVER,WA,98661,Clark County,public,2-No,51,51,,,,,,,,,,
3606475,GOSHEN SECURE CENTER,97 CROSS RD,GOSHEN,NY,10924,Orange County,public,2-No,51,51,,,,0,97178,15.1,360013106475,,,
2102285,Mercer Central,530 Perryville Road,Harrodsburg,KY,40330,Mercer County,public,2-No,51,51,90,,0.0,0.5,64824,15.1,210411002285,,,
0403751,AAEC Online,1440 S Longhorn,Mesa,AZ,85202,Maricopa County,public,1-Yes,51,51,,,0.0,0,89300,12.4,040096903751,,,
0604642,Ridgeview High (Continuation),5944 Maxwell Dr.,Paradise,CA,95969,Butte County,public,2-No,51,51,74.5,,0.0,1,67928,17.6,062982004642,050222,,
2703106,Longfellow Alternative High,3017 E 31ST ST,MINNEAPOLIS,MN,55406,Hennepin County,public,2-No,50,50,10,1,1.0,1,97653,8.9,272124003106,241601,Below Average,
3702467,Jackson Community School,3770 Skyland Drive,Sylva,NC,28779,Jackson County,public,2-No,50,46,77,,0.0,1,55815,21.2,370234002467,340973,Demanding,
4823207,CAREER AND COLLEGE DEVELOPMENT CENTER,814 E PLAZA ST,WESLACO,TX,78596,Hidalgo County,public,2-No,50,50,,,,,54338,32.3,484496023207,,,
3800066,SOURIS RIVER CAMPUS ALTERNATIVE HIGH SCHOOL,1510 University Ave W,Minot,ND,58703,Ward County,public,†,50,50,15,,0.0,1,78238,9.6,381303000066,,,
1900847,St Lake/IA Cntrl/Buena Vista Early College HS,621 Tornado Dr,Storm Lake,IA,50588,Buena Vista County,public,1-Yes,50,50,,,,,,,,,,
3800858,BRAVE CENTER ACADEMY,2335 4th AVE NW,Mandan,ND,58554,Morton County,public,†,50,50,67,,0.0,0,79382,10.8,381182000858,,,
0403807,International Commerce High School MCG,1855 S Country Club Dr,Mesa,AZ,85210,Maricopa County,public,1-Yes,50,50,,,,,89300,12.4,040010803807,,,
A1502480,CONGREGATION TIFERES YISROEL,300 BROCKTON RD,SPRING VALLEY,NY,10977,ROCKLAND,private,,50,50,,,0.0,,109959,22.7,,,,
A2301700,HADAR BET YAAKOV,193 PECK AVE # 10,FRESH MEADOWS,NY,11365,QUEENS,private,,50,50,,,0.0,,86136,14.9,,,,
2700864,HEADWATERS EDUC LEARNING PROGRAM,401 HUNTSINGER AVE,PARK RAPIDS,MN,56470,Hubbard County,public,2-No,50,50,50,,0.0,0,71995,13,272808000864,,,
A2301782,YESHIVA TIFERES SHMUEL,282 SPOOK ROCK RD,SUFFERN,NY,10901,ROCKLAND,private,,50,50,,,0.0,,109959,22.7,,,,
5303303,Cap Sante High School,1600 20th Street,Anacortes,WA,98221,Skagit County,public,2-No,50,50,,,0.0,0.30000001,89263,10,530015003303,480605,Average,
2102256,Northpoint Academy,5279 North Mayo Trail,Pikeville,KY,41501,Pike County,public,2-No,50,47,50,,0.0,1,44312,21.8,210480002256,,,
5303450,Open Door Youth Reengagement,2607 Jones Ave S,Renton,WA,98055,King County,public,2-No,50,50,,,,,,,,,,
A1702995,CB COMMUNITY SCHOOLS,4101 FREELAND AVE,PHILADELPHIA,PA,19128,PHILADELPHIA,private,,50,50,,,0.0,,61953,28.9,,,,
0602086,Earl F. Johnson High (Continuation),1201 North Douty,Hanford,CA,93230,Kings County,public,2-No,50,50,52,,0.0,1,70995,17.3,061650002086,050222,,
5303112,Student Link,9600 SW 204th St,Vashon,WA,98070,King County,public,2-No,50,50,,,0.0,0,124746,9.5,530930003112,,,
2002135,Salina Virtual Innovation Academy,811 E Iron,Salina,KS,67401,Saline County,public,2-No,50,36,,,0.0,0,65422,11.2,201137002135,,,
A1900008,BUILD UP COMMUNITY SCHOOL,222 6TH AVE SW,BIRMINGHAM,AL,35211,JEFFERSON,private,,50,50,,,0.0,,66388,18.7,,,,
4700805,Ridgedale Alternative School,4600  Ridgedale  RD,Knoxville,TN,37921,Knox County,public,2-No,50,11,,,0.0,1,74222,15.6,470222000805,,,
0602479,Mt. Tallac High,1735 Lake Tahoe Blvd.,South Lake Tahoe,CA,96150,El Dorado County,public,2-No,50,50,74.5,,0.0,0.75,108845,7.6,062064002479,,,
1207783,SECONDARY STUDENT SUCCESS CENTER 803,6300 NW 27TH AVE,MIAMI,FL,33147,Miami-Dade County,public,2-No,50,0,,,0.0,0,71753,16,120039007783,,,
1207835,TRANSITION SCHOOL,1860 GIBBONS ST E,BARTOW,FL,33830,Polk County,public,2-No,50,50,,,,,,,,,,
4029892,TULSA CLASSICAL ACADEMY HS,9815 S Sheridan Rd,Tulsa,OK,74133,Tulsa County,public,1-Yes,49,49,,,,,,,,,,
3403465,A.E. Burling High School,3600 Harris Avenue,Pennsauken,NJ,8110,Camden County,public,2-No,49,33,,,,,88755,16.6,341287003465,310880,Average,
0505193,INSTITUTE FOR THE CREATIVE ARTS SCHOOL,1101 RIVERFRONT DRIVE,FORT SMITH,AR,72901,Sebastian County,public,1-Yes,49,49,,,,,57790,16,051450005193,,,
5502707,Banner Preparatory School of Milwaukee,3517A W Courtland Ave,Milwaukee,WI,53209,Milwaukee County,public,2-No,49,40,75,,0.0,0,64435,22.1,550960002707,502382,Average,
0613848,Ripperdan Community Day,26133 Ave. 7,Madera,CA,93637,Madera County,public,2-No,49,40,50,,0.0,1,76627,25,062334013848,,,
BB240244,MESIVTA TORAS MOSHE,1 CEDARLAWN AVE,LAWRENCE,NY,11559,NASSAU,private,,49,49,,,0.0,,146202,6.1,,,,
1802810,The Match,1401 Indiana Ave.,Indianapolis,IN,46202,Marion County,public,1-Yes,49,49,,,,,66346,21.8,181324902810,,,
0403773,Eagle Online Academy,3490 W MAIN ST,THATCHER,AZ,85552,Graham County,public,2-No,49,43,,,0.0,0,67325,17.6,040841003773,,,
0606372,Rare Earth High (Continuation),2800 Rosamond Blvd.,Rosamond,CA,93560,Kern County,public,2-No,49,49,,,,,,,,050222,,
4821244,JUVENILE DETENT CTR,122 GOLFVIEW,RICHMOND,TX,77469,Fort Bend County,public,2-No,49,44,,,,0,114041,8.8,482658021244,,,
2712715,Laker Online,15870 FISH POINT RD SE,PRIOR LAKE,MN,55372,Scott County,public,2-No,49,49,,,,,119314,4.9,273006012715,,,
2703519,ROBBINSDALE TRANSITION CENTER,305 WILLOW BEND,CRYSTAL,MN,55428,Hennepin County,public,2-No,49,49,,,,,,,,,,
5501910,Renaissance Charter Academy,1355 Sunshine  Ave,River Falls,WI,54022,Pierce County,public,1-Yes,49,49,49.5,,0.0,0.5,92109,5.2,551305001910,501999,Average,
4710502,Henderson County Virtual School,680 East Church ST,Lexington,TN,38351,Henderson County,public,2-No,49,41,,,,,55136,19.7,470180010502,,,
1802803,Excel Center - Bartholomew County,1235 Jackson Street,Columbus,IN,47305,Bartholomew County,public,1-Yes,49,49,,,,,79901,9.7,181324202803,,,
2705534,CVA Fusion High School (9-12),3810 EAST 56TH STREET,MINNEAPOLIS,MN,55417,Hennepin County,public,1-Yes,49,49,,,0.0,0,97653,8.9,270013805534,,,
0403318,Aspire  High School,2970 CENTERPOINTE EAST DR,PRESCOTT,AZ,86301,Yavapai County,public,2-No,48,48,15,,0.0,0,69613,9.9,040031503318,030601,Demanding,
2101924,Gateway Academy High School,1211 Eagles Way,Mayfield,KY,42066,Graves County,public,2-No,48,47,54.5,,0.0,0,50772,23.6,210228001924,,,
0602830,Dan M. Issacs Avalon High,1425 North Avalon Blvd.,Wilmington,CA,90744,Los Angeles County,public,2-No,48,48,34.5,,0.0,0.5,90112,16.2,062271002830,,,
2703477,NLC 6076 ALC Program,1201 S 13TH AVE,VIRGINIA,MN,55792,St. Louis County,public,2-No,48,42,84.5,,0.0,0,70069,9.2,270022403477,,,
A1904577,LYNNHAVEN SCHOOL,1538 E PARHAM RD,HENRICO,VA,23228,HENRICO,private,,48,48,,,0.0,,88783,10.5,,,,
4700863,Patricia Brown Virtual Academy,695 E Main St RD,Gallatin,TN,37066,Sumner County,public,2-No,48,48,90,,0.0,1,90301,9.9,470402000863,430891,Very Demanding,
0401941,White Mountain Institute,1201 N. Cougar Lane,SHOW LOW,AZ,85901,Navajo County,public,2-No,48,48,75,,0.0,1,54606,31.4,040770001941,,,
5301234,Alan T. Sugiyama High School,8601 Rainier Ave S,SEATTLE,WA,98118,King County,public,2-No,48,48,,,0.0,0.5,124746,9.5,530771001234,481134,Average,
1202200,YOUNG PARENT EDUCATION PROGRAM,3650 MICHIGAN AVE,FORT MYERS,FL,33916,Lee County,public,2-No,48,43,50,,0.0,1,76107,13,120108002200,100530,Demanding,
2702664,Career and Life Transition Program,1895 W. COUNTY ROAD C,ROSEVILLE,MN,55113,Ramsey County,public,2-No,48,48,,,,,,,,,,
0402300,Intelli-School,1727 N ARIZONA AVE STE 5,CHANDLER,AZ,85225,Maricopa County,public,1-Yes,48,48,5,,0.0,1,89300,12.4,040036302300,030339,Average,
0401717,Girls Leadership Academy of Arizona,715 W. Mariposa St.,Phoenix,AZ,85013,Maricopa County,public,1-Yes,48,48,90,,0.0,1,89300,12.4,040014401717,030553,Demanding,
0613083,Young Adult Program,4700 Calaveras Ave.,Fremont,CA,94538,Alameda County,public,2-No,48,48,,,0.0,0,129367,7.3,061440013083,,,
5503132,Anthony Acres School,S12115 State Road 37,Mondovi,WI,54755,Eau Claire County,public,1-Yes,48,30,,,0.0,0,74546,10.1,550978003132,,,
4812361,COMAL DISCIPLINE CENTER,1413 N BUSINESS 35,NEW BRAUNFELS,TX,78130,Comal County,public,2-No,47,38,,,0.0,1,101889,8.5,481473012361,,,
2712948,916 ALC PM,70 COUNTY ROAD B2 W,LITTLE CANADA,MN,55117,Ramsey County,public,2-No,47,47,,,,,81568,12.9,270226412948,,,
3703025,Hyde Academy,20392 Hwy US 264,Swan Quarter,NC,27885,Hyde County,public,2-No,47,47,95,,0.0,1,53713,26,370228003025,,,
2705490,SoWashCo Online 9-12,1750 WEIR DR,WOODBURY,MN,55125,Washington County,public,2-No,47,47,,,,,115345,3.9,273381005490,,,
7200313,PREVOCACIONAL CASIANO CEPEDA,CARR 959 KM 2 BO CIENAGA ALTA,RIO GRANDE,PR,745,Río Grande Municipio,public,2-No,47,37,,,,0,,,720003000313,,,
5302928,Interagency Detention School,1211 E ALDER  MS 1-F,SEATTLE,WA,98122,King County,public,2-No,47,40,,,,0,124746,9.5,530771002928,,,
2703355,Step,200 SW 4TH STREET,FOREST LAKE,MN,55025,Washington County,public,2-No,47,47,,,,,,,,,,
0806806,San Juan Mountain School,800 SOUTH 8TH STREET,PAGOSA SPRINGS,CO,81147,Archuleta County,public,2-No,47,47,69.5,,0.0,1,83065,15.8,080219006806,061384,Demanding,
4111366,Kalmiopsis Community Arts High School,341 E Cottage Park Dr Ste 2,Cave Junction,OR,97523,Josephine County,public,1-Yes,47,47,,,,,60098,18.9,410690011366,,,
4823193,A+UP H S,2410 HAMILTON ST,HOUSTON,TX,77004,Harris County,public,1-Yes,47,47,,,,,,,,446871,,
3200969,Battle Born Youth Challenge Academy,100 University Ave,Carlin,NV,89822,Elko County,public,2-No,47,47,,,0.0,1,86487,8.7,320012000969,,,
2705069,CVSEC STEP,200 WESTERN AVE NW,FARIBAULT,MN,55021,Rice County,public,2-No,47,47,,,0.0,0,83181,10.5,270042405069,,,
A2100413,IMMANUEL HOUSE INSTITUTE OF HIGHER LEARNING,12125 DAY ST,MORENO VALLEY,CA,92557,RIVERSIDE,private,,46,46,,,0.0,,93074,10.6,,,,
A1703584,TEXAS TORAH INSTITUTE,6506 FRANKFORD RD,DALLAS,TX,75252,COLLIN,private,,46,46,,,0.0,,121600,5.6,,,,
A2392076,ST JOHN PAUL II HIGH SCHOOL,1250 7TH ST,WINDSOR,CO,80550,WELD,private,,46,46,,,0.0,,97097,9.7,,,,
1203177,CARVER EXCEPTIONAL CENTER,2934 E HILLSBOROUGH AVE,TAMPA,FL,33610,Hillsborough County,public,2-No,46,35,50,,0.0,1,79540,13.5,120087003177,,,
2101398,Alexandria Educational Center,51 Orchard Ln,Alexandria,KY,41001,Campbell County,public,2-No,46,42,75,,0.0,2,77567,10.5,210090001398,,,
5303538,ESD 112 Open Doors Reengagement,2500 NE 65th Avenue,Vancouver,WA,98661,Clark County,public,2-No,46,46,,,0.0,0,97536,8.5,530000503538,,,
A2301108,CHESTERTON ACADEMY OF THE IMMACULATE HEART,27551 VOLO VILLAGE RD,VOLO,IL,60073,LAKE,private,,46,46,,,0.0,,110416,8.3,,,,
2901289,WATKINS MILL PARK CAMP,25610 PARK RD NORTH,LAWSON,MO,64062,Clay County,public,2-No,46,44,75,,,0,88468,8.5,290000901289,,,
4701488,Midtown Educational Center,3096 Roane State HWY,Harriman,TN,37748,Roane County,public,2-No,46,31,54.5,,0.0,0,71885,14.6,470359001488,,,
2400176,Claremont School,100 Kane Street,Baltimore,MD,21224,Baltimore city,public,2-No,46,46,50,,0.0,0.5,62177,22.8,240009000176,,,
4823094,DISTRICT ALTERNATIVE EDUCATION PROGRAM,302 N BLAIR ST,BELTON,TX,76513,Bell County,public,2-No,46,33,,,,,68865,17.1,480986023094,440485,,
0606561,Yosemite School Community Day (7-12),737 West Yosemite Ave.,Manteca,CA,95337,San Joaquin County,public,2-No,45,30,,,,,92179,16,062361006561,,,
0612710,Afflerbaugh-Paige Camp,6621 North Stephens Ranch Rd.,La Verne,CA,91750,Los Angeles County,public,2-No,45,45,44.5,,,2.5,90112,16.2,069107812710,,,
1100781,DC Department of Corrections,1901 D Street SE,Washington,DC,20003,District of Columbia,public,2-No,45,45,,,,,109870,24.9,110011900781,,,
1304152,The Renaissance Center for Academic and Career Development,200 N Pinetree Blvd,Thomasville,GA,31792,Thomas County,public,2-No,45,45,,,0.0,0,60736,24.6,130489004152,,,
0607768,Whitman Continuation,7795 Rosewood Ave.,Los Angeles,CA,90036,Los Angeles County,public,2-No,45,45,34.5,,0.0,0,90112,16.2,062271007768,051833,Demanding,
4812005,LETOT CAMPUS,10505 DENTON DR,DALLAS,TX,75220,Dallas County,public,1-Yes,45,37,,,,0,76547,16,480009312005,,,
2701908,Menlo Park Academy,1700 2ND ST NE,MINNEAPOLIS,MN,55413,Hennepin County,public,2-No,45,45,10,,0.0,0,97653,8.9,272124001908,241626,Below Average,
A0302262,SHAAREI ARAZIM OF MONSEY,36 SKY MEADOW RD,SUFFERN,NY,10901,ROCKLAND,private,,45,45,,,0.0,,109959,22.7,,,,
1900832,Greenview Alternative School,106 16th St SW,Waverly,IA,50677,Bremer County,public,2-No,45,45,75,,0.0,0,86784,5.6,193054000832,,,
1203929,POLK COUNTY SHERIFF'S CENTRAL CENTER,2390 BOB PHILLIPS RD,BARTOW,FL,33830,Polk County,public,2-No,45,42,50,,,0,65978,17.3,120159003929,,,
1207853,GRADUATION ASSISTANCE PROGRAM,307 W NORTH AVE,BONIFAY,FL,32425,Holmes County,public,2-No,45,29,75,,0.0,0,49343,26.5,120090007853,,,
4200462,Danville Ctr Adolescent Female,13 Kirkbride Drive,Danville,PA,17821,Montour County,public,2-No,45,37,,,,,76976,12.9,420004900462,,,
3200294,Clark County Detention Ctr J-SHS,601 N Pecos Rd Suite 70,Las Vegas,NV,89101,Clark County,public,2-No,44,44,5,,,0,76472,15.3,320006000294,,,
3703592,Wilson Academy of Virtual Education,117 NE Tarboro St,Wilson,NC,27894,Wilson County,public,2-No,44,28,,1,0.0,0,56423,27.8,370502003592,344409,,
0603398,Henry David Thoreau Continuation,5429 Quakertown Ave.,Woodland Hills,CA,91364,Los Angeles County,public,2-No,44,44,34.5,,0.0,0.80000001,90112,16.2,062271003398,,,
5600560,Heart Mountain Academy,919 Cody Avenue,Cody,WY,82414,Park County,public,2-No,44,44,69.5,,0.0,0.5,73035,9.5,560207000560,,,
2401350,Flexible Student Support,45 Kate Wagner Road,Westminster,MD,21157,Carroll County,public,2-No,44,44,84.5,,0.0,0,118211,4.5,240021001350,,,
A1300901,SOUTHWEST GEORGIA INSTITUTE FOR EDUCATIO,107 N MOCK RD BLDG G,ALBANY,GA,31705,DOUGHERTY,private,,44,44,,,0.0,,49044,35.9,,,,
2902630,JUVENILE DETENTION CTR.,501 S BRENTWOOD BLVD,CLAYTON,MO,63105,St. Louis County,public,2-No,44,39,50,,,0.5,82936,12.5,292676002630,,,
2704954,CHOICE Technical Academy,315 SOUTH GROVE AVE,OWATONNA,MN,55060,Steele County,public,1-Yes,44,37,50,,0.0,0,84196,8.3,270038904954,,,
4807006,STARS ACCELERATED H S,305 N HANNAFORD,GRANBURY,TX,76048,Hood County,public,2-No,44,44,95,,0.0,0.5,88160,11.6,482139007006,442919,Average,
7200419,AVELINO PENA REYES,CALLE DR VIDAL #3,HUMACAO,PR,792,Humacao Municipio,public,2-No,43,17,,,0.0,1,,,720003000419,,,
4207194,North Central Secure Trmnt Unt,210 Clinic Rd,Danville,PA,17821,Montour County,public,2-No,43,43,,,,2,76976,12.9,420993307194,390953,Below Average,
3300739,Compass Classical Academy Charter School (H),5 Elm Street,Northfield,NH,3276,Merrimack County,public,1-Yes,43,43,,,0.0,0,97004,6.2,330330100739,,,
4808231,HARRIS COUNTY YOUTH VILLAGE,210 JW MILLS DR,SEABROOK,TX,77586,Harris County,public,1-Yes,43,39,,,,,,,,,,
4207193,Loysville Youth Dev Ctr,Loysville Complex,Loysville,PA,17047,Perry County,public,2-No,43,42,,,,2,79444,11,420993207193,,,
4813661,ROUGHRIDER ACADEMY,658 ROUGHRIDER DR,CENTER,TX,75935,Shelby County,public,2-No,43,43,90,,0.0,1,49776,23.1,481332013661,,,
2101612,Georgia Chaffee Teenage Parent Program,1010 Neighborhood Pl,Fairdale,KY,40118,Jefferson County,public,2-No,43,41,49.5,2,0.0,1,69866,18.6,210299001612,180786,Average,
5501936,Laurel High,100 Blackhawk Dr,Viroqua,WI,54665,Vernon County,public,1-Yes,43,43,75,3,0.0,0,71893,18.7,551536001936,,,
0600538,Vallecito Continuation High,364 Murphys Grade Rd.,Altaville,CA,95221,Calaveras County,public,2-No,43,43,90,,0.0,1,78647,13.7,060594000538,050222,,
3702659,Yadkin Success Academy,733 East Main Street,Yadkinville,NC,27055,Yadkin County,public,2-No,43,35,30,,0.0,0,62932,19.5,370504002659,,,
0607491,S. William Abel Academy,499 Margurite St.,Williams,CA,95987,Colusa County,public,2-No,43,41,,,0.0,0,75672,14.9,069100407491,,,
3001144,Mount Ascension Learning Ac HS,1325 Poplar Street,Helena,MT,59601,Lewis and Clark County,public,†,43,43,,,,,78237,7.1,301383001144,,,
A9104248,VICTORY HIGH SCHOOL,7 KNIGHT ST STE 2 STE 3,JAFFREY,NH,3452,CHESHIRE,private,,43,43,,,0.0,,83329,8.4,,,,
2701933,Stadium View,510 PARK AVE,MINNEAPOLIS,MN,55415,Hennepin County,public,2-No,43,42,10,,,0.60000002,97653,8.9,272124001933,,,
5502867,Northern Waters Environmental School,10256 Greenwood Ln,Hayward,WI,54843,Sawyer County,public,1-Yes,43,21,,,0.0,0,60801,16.1,550627002867,,,
2703451,SLP Schools Online Secondary,1100 81ST AVE NE,SPRING LAKE PARK,MN,55432,Anoka County,public,2-No,43,43,,3,0.0,0,101869,7.3,273333003451,,,
4808075,THOMAS BUZBEE VOCATIONAL SCHOOL,143 FOREST SERVICE RD #233,NEW WAVERLY,TX,77358,Walker County,public,1-Yes,42,42,15,,0.0,0,52324,21.6,480004808075,,,
1202443,OKALOOSA TECHNICAL COLLEGE,1976 LEWIS TURNER BLVD,FORT WALTON BEACH,FL,32547,Okaloosa County,public,2-No,42,25,34.5,,0.0,2,81998,12.5,120138002443,,,
4701233,Morgan County Career and Technical Center,132  Flat  Fork RD,Wartburg,TN,37887,Morgan County,public,2-No,42,42,90,,0.0,0,65954,19.3,470309001233,431467,,
2002155,Coffeyville Virtual Program,1110 West 8th St.,Coffeyville,KS,67337,Montgomery County,public,2-No,42,42,,,0.0,0,55697,18.3,200498002155,,,
4501731,Kirkland High,4344 Broad River,Columbia,SC,29210,Richland County,public,2-No,42,42,,,,0,63784,18,450000101731,,,
A2302909,ARCHWAY ACADEMY,6221 MAIN ST,HOUSTON,TX,77030,HARRIS,private,,42,42,,,0.0,,74983,22.6,,,,
2704568,Compass Learning Center,1234 COLUMBUS AVE,NEW PRAGUE,MN,56071,Scott County,public,2-No,42,42,30,,0.0,0,119314,4.9,272343004568,240533,Average,
5600562,Frontier Academy,1755 W. Sunset,Riverton,WY,82501,Fremont County,public,2-No,42,42,75,,0.0,1,64904,12.9,560522000562,,,
0612486,Mt. McKinley,202 Glacier Dr.,Martinez,CA,94553,Contra Costa County,public,2-No,42,38,44.5,,,0,127229,9.4,069100512486,,,
0607436,New School Community Day,165 Harkins Slough Rd.,Watsonville,CA,95076,Santa Cruz County,public,2-No,42,42,69.5,,0.0,0,111093,12.7,062949007436,,,
5303530,East Grays Harbor Open Doors,705 W Waldrip,Elma,WA,98541,Grays Harbor County,public,2-No,42,42,,,0.0,0,64414,17.3,530249003530,,,
2703513,BES Transition Program,200 BURNSVILLE PKWY W,BURNSVILLE,MN,55337,Dakota County,public,2-No,42,42,,,,,,,,,,
3001139,Rise Charter & Distance HS,1151 Eastside Highway,Corvallis,MT,59828,Ravalli County,public,†,41,41,,,,,71283,12.3,300741001139,,,
0611051,Palmiter Special Education,2040 Ethan Way,Sacramento,CA,95825,Sacramento County,public,2-No,41,26,50,,0.0,0,92175,15.4,069102711051,,,
2704169,SWWC ALC - Windom,1454 6TH AVE,WINDOM,MN,56101,Cottonwood County,public,2-No,41,41,75,,0.0,0,72941,14.4,270008604169,,,
A2102851,FATHER CAPODANNO SCHOOL HIGH SCHOOL,4364 US HIGHWAY 1,VASS,NC,28394,MOORE,private,,41,41,,,0.0,,86080,12.9,,,,
1202334,SOUTHWEST FLORIDA JUVENILE DETENTION CENTER,2525 ORTIZ AVE,FORT MYERS,FL,33905,Lee County,public,2-No,41,30,50,,,1,76107,13,120108002334,,,
0602227,Patricia Dreizler Continuation High,1000 Del Amo St.,Redondo Beach,CA,90277,Los Angeles County,public,2-No,41,41,64.5,,0.0,0.5,90112,16.2,060003202227,051897,Below Average,
4101828,Dillard Alternative High School,165 Dyke Rd,Dillard,OR,97432,Douglas County,public,2-No,41,41,30,,0.0,0,61310,16.6,411349001828,,,
4807121,REACH H S,1101 MERRITT,FORT WORTH,TX,76114,Tarrant County,public,2-No,41,41,,,,,,,,442557,,
3702974,Center for Career Innovation,340 Victoria Road,Asheville,NC,28801,Buncombe County,public,2-No,41,33,87,,0.0,0.5,74436,14.5,370045002974,,,
4806642,STUDENT ALTERNATIVE CTR,300 S WALKER,ANGLETON,TX,77515,Brazoria County,public,2-No,41,27,,,0.0,1,97993,9.7,480831006642,,,
3702075,Cabarrus Co Opportunity School,120 Marsh Avenue NW,Concord,NC,28025,Cabarrus County,public,2-No,41,32,,,0.0,1,89005,9.3,370053002075,,,
4807032,DAEP,1610 DEL RIO BLVD,EAGLE PASS,TX,78852,Maverick County,public,2-No,41,30,,,0.0,1,49568,33.7,481773007032,,,
3101229,MC PHERSON COUNTY SECONDARY SCHOOL,525 HWY 92,TRYON,NE,69167,McPherson County,public,†,40,32,,,0.0,1,58684,14,317356001229,282360,Average,
3701584,Bragg Street Academy,504 Bragg Street,Sanford,NC,27330,Lee County,public,2-No,40,31,32,,0.0,0,65387,18.6,370256001584,,,
4806942,HESTER JUVENILE DETENT,2310 W HWY 77,SAN BENITO,TX,78586,Cameron County,public,2-No,40,23,,,,,,,,,,
5301801,High School Re Entry,525 13th St,Snohomish,WA,98290,Snohomish County,public,2-No,40,40,,,,,111246,8.9,530802001801,481351,Below Average,
4111368,Transitions,1717 City View St,Eugene,OR,97402,Lane County,public,2-No,40,40,,,,,,,,,,
2705006,Riverside Academy,1700 305TH AVE NE,CAMBRIDGE,MN,55040,Isanti County,public,2-No,40,40,24.5,,0.0,1,87440,7.1,270741005006,241487,Average,
4207192,Youth Forestry Camp #3,Trough Creek State Park,James Creek,PA,16657,Huntingdon County,public,2-No,40,38,,,,1,65557,12.8,420993107192,,,
5303649,Chewelah Open Doors Reengagement Program,W 106 Lincoln St,Chewelah,WA,99109,Stevens County,public,2-No,40,40,,,,,,,,,,
1304050,Moore Street Facility,1405 W Moore St,Dublin,GA,31021,Laurens County,public,2-No,40,28,84.5,,0.0,0,55010,29.4,130187004050,,,
0403545,Northwest Campus,13201 W GRAND AVE,SURPRISE,AZ,85374,Maricopa County,public,2-No,40,40,,,,,,,,,,
2102398,Learning Academy,305 Park Avenue,Hazard,KY,41701,Perry County,public,2-No,39,38,50,,0.0,0,42181,24.3,210477002398,,,
5303600,Sage Hills Open Doors Youth Re-Engagement Program,333 4TH AVE NW,Ephrata,WA,98823,Grant County,public,2-No,39,39,,,,,,,,,,
2101906,Rockcastle Academy for Academic Achievement,955 West Main Street,Mount Vernon,KY,40456,Rockcastle County,public,2-No,39,37,90,,0.0,0,48862,24.9,210507001906,,,
0500354,BELLE POINT ALTERNATIVE CENTER,1501 DODSON AVE,FORT SMITH,AR,72901,Sebastian County,public,2-No,39,33,30,,0.0,0.2,57790,16,050633000354,,,
2102202,James R. Allen High School,918 Old State Road,Brandenburg,KY,40108,Meade County,public,2-No,39,34,,,0.0,0,74355,9.3,210405002202,180723,Average,
A1502665,YESHIVAH PREP HIGH SCHOOL,1412 AVE J,BROOKLYN,NY,11230,KINGS,private,,39,39,,,0.0,,80263,26.5,,334970,Very Demanding,
2703105,KNIGHTS ACADEMY,60 CENTRAL AVE W,SAINT MICHAEL,MN,55376,Wright County,public,2-No,39,39,,,,,,,,,,
2705213,SNW Transitions Program,9375 FENNING AVE NE,MONTICELLO,MN,55362,Wright County,public,2-No,39,39,,,,,107209,4.6,270041305213,,,
4811352,LAUREL RIDGE,17720 CORPORATE WOODS DR,SAN ANTONIO,TX,78259,Bexar County,public,1-Yes,39,25,,,0.0,0,72341,17.1,480007111352,,,
1802802,Excel Center - Grant County,1412 S. Western Avenue,Marion,IN,46953,Grant County,public,1-Yes,39,39,,,,,53522,22,181324102802,,,
2704889,Wellstone International High - SWS,1501 HENNEPIN AVENUE,MINNEAPOLIS,MN,55403,Hennepin County,public,2-No,39,39,75,1,0.0,0,97653,8.9,272124004889,241702,Average,
4807241,SALAZAR DISTRICT ALTERNATIVE EDUCATION PROGRAM,2416 KELLER SPRINGS RD,CARROLLTON,TX,75006,Dallas County,public,2-No,39,28,,,0.0,0,76547,16,481305007241,,,
4823156,TEXASWORKS - SAN ANGELO,126 S JACKSON ST,SAN ANGELO,TX,76901,Tom Green County,public,1-Yes,39,39,,,,,68370,14.6,489913623156,,,
2705324,SWWC ALC - Pipestone,1106 7TH ST SE,PIPESTONE,MN,56164,Pipestone County,public,2-No,39,39,,,0.0,0,69628,9.9,270008605324,,,
0403868,Hill Academy @ ICAN,650 E MORELOS ST,CHANDLER,AZ,85225,Maricopa County,public,2-No,39,39,,,,,89300,12.4,040187003868,,,
2704380,STEPS TOWARD ADULT RESPONSIBILITY,309 LAKE HAZELTINE DRIVE,CHASKA,MN,55318,Carver County,public,2-No,38,38,,,,,,,,,,
2705336,E-Laker Online School,702 LAKE AVENUE,DETROIT LAKES,MN,56501,Becker County,public,2-No,38,38,,,,,71388,13.5,271023005336,,,
5502500,North Star Academy,700 S 1st St,Cameron,WI,54822,Barron County,public,1-Yes,38,38,69.5,,0.0,0,65933,12.5,550213002500,,,
2401484,Washington County Job Development Center,1350 Marshall St,Hagerstown,MD,21740,Washington County,public,2-No,38,38,,,,,,,,,,
3700413,Edgewood Cmty Developmental,1135 E. New Hope Rd,Goldsboro,NC,27534,Wayne County,public,2-No,38,38,,,,,,,,,,
A1901755,MESIVTA SHAAREI ADIRIM,5130 TOUHY AVE,SKOKIE,IL,60077,COOK,private,,38,38,,,0.0,,83498,17.3,,,,
5502016,DOC: Lincoln Hills/Copper Lake School,W4380 Copper Lake Ave,Irma,WI,54442,Lincoln County,public,2-No,38,38,,,,1,68164,10.8,550003502016,,,
5502747,Enrich Excel Achieve Learning Academy,2607 N 18th St,Wausau,WI,54403,Marathon County,public,1-Yes,38,29,50,,0.0,0,77884,8,551590002747,,,
3800932,ROUGHRIDER HIGH VIRTUAL ACADEMY,402 4th St W,Dickinson,ND,58601,Stark County,public,†,38,38,,,0.0,0.090000004,84449,10.5,380003800932,,,
2101554,Eagle Academy,300 Chandler St,Somerset,KY,42503,Pulaski County,public,2-No,38,32,,,,0,51898,21.8,210495001554,182457,Average,
5303486,Lewis County Alternative School,1265 SW Pacific Ave,Chehalis,WA,98532,Lewis County,public,2-No,38,37,,,0.0,0,74796,12.8,530117003486,,,
5303012,School to Life,15111 E Sprague Ave,Spokane Valley,WA,99037,Spokane County,public,2-No,38,38,,,,,,,,,,
A1992020,BNOS ATERES ITA,1401 HILLSHIRE DR,LAS VEGAS,NV,89134,CLARK,private,,38,38,,,0.0,,76472,15.3,,,,
2101447,Ahrens Educational Resource Center,546 S First St,Louisville,KY,40202,Jefferson County,public,2-No,38,5,,,,,,,,,,
4210033,Western Secure Treatment Unit,12 Dakota Dr,Emlenton,PA,16373,Butler County,public,2-No,38,38,,,,,89843,6.5,428939710033,,,
2601813,STRIVE Academy,1013 S US HIGHWAY 27,SAINT JOHNS,MI,48879,Clinton County,public,2-No,38,38,49.5,,0.0,0,88210,7,263282001813,,,
5303310,Cowlitz Prairie Academy,130 N. 5th Street,Toledo,WA,98591,Lewis County,public,2-No,38,33,,,0.0,0.52999997,74796,12.8,530891003310,,,
4806693,JUVENILE DETENTION CTR,1001 N DOOLITTLE RD,EDINBURG,TX,78542,Hidalgo County,public,2-No,38,32,,,,,,,,,,
01613388,LAKE TAHOE PREPATORY SCHOOL,255 SGNAW VALLEY RD,OLYMPIC VALLEY,CA,96146,PLACER,private,,37,37,,,0.0,,115998,5.5,,052264,Average,
3101868,PINE RIDGE JOB CORPS,15710 HWY 385,CHADRON,NE,69337,Dawes County,public,†,37,37,,,,,,,,280458,,
A2301454,CHESTERTON ACADEMY OF ST PHILIP NERI,500 W 40TH ST,KANSAS CITY,MO,64111,JACKSON,private,,37,37,,,0.0,,68577,16,,,,
2102518,Future Forward Education & Career Center,3475 Spurr Rd,Lexington,KY,40511,Fayette County,public,2-No,37,34,,,0.0,0,69479,12.1,210201002518,,,
2000180,Southern Coffey County High School,1010 N Main,LeRoy,KS,66857,Coffey County,public,2-No,37,37,90,,0.0,0.33000001,70346,12,200867000180,171759,Very Demanding,
2704781,Bridge Transition Program,6355 OSMAN AVE N,STILLWATER,MN,55082,Washington County,public,2-No,37,37,,,,,,,,,,
3800915,DEL EASTON ALTERNATIVE HIGH SCHOOL,2304 11th Ave W,Williston,ND,58801,Williams County,public,†,37,37,,,,,,,,,,
3400543,Essex Campus Academy,369 PASSAIC AVENUE,FAIRFIELD,NJ,7004,Essex County,public,2-No,37,37,,,0.0,1,80789,15.9,348030000543,,,
2702974,Compass-Bell Center,1374 NORTHDALE BLVD,COON RAPIDS,MN,55448,Anoka County,public,2-No,37,12,,,0.0,1.05,101869,7.3,270318002974,,,
0403308,Mingus Online Academy,1801 E FIR ST,COTTONWOOD,AZ,86326,Yavapai County,public,2-No,37,37,,,0.0,0,69613,9.9,040507003308,,,
1601068,KTEC School,6838 WEST LANCASTER ROAD,RATHDRUM,ID,83858,Kootenai County,public,2-No,37,37,,,,,81861,7.9,160016701068,,,
4210041,Northeast Secure Treatment Unit,701 Sathers Dr,Pittston Township,PA,18640,Luzerne County,public,2-No,37,37,,,,,63691,19.2,428939810041,394630,,
2702853,PHOENIX LEARNING CENTER,877 BISON BLVD,BUFFALO,MN,55313,Wright County,public,2-No,36,36,69.5,,0.0,0,107209,4.6,270720002853,,,
2401348,Post Secondary Program,495 South Center Street,Westminster,MD,21157,Carroll County,public,2-No,36,36,,,,,,,,,,
5302787,Sentinel Tech Alt School,20140 Rd 24 SW,Mattawa,WA,99349,Grant County,public,2-No,36,35,,,0.0,0,73267,19.3,530936002787,,,
A1101301,VERITAS CHRISTI CATHOLIC H.S.,640 RIDGEWOOD CT,ANN ARBOR,MI,48103,WASHTENAW,private,,36,,,,0.0,,89180,10.2,,231763,Demanding,
3702153,Ray Street Academy,609 Ray Street,Graham,NC,27253,Alamance County,public,2-No,36,21,,,0.0,1,65651,18.7,370003002153,340517,,
2704636,Learning Center Night,825 N CRAILSHEIM RD,WORTHINGTON,MN,56187,Nobles County,public,2-No,36,36,,,0.0,0,66101,12.9,274416004636,242119,Average,
0401822,Nizhoni Accelerated Academy,67 East Spruce Dr.,Tuba City,AZ,86045,Coconino County,public,2-No,36,36,49.5,,0.0,1,72966,16,040868001822,,,
2002166,USD 508 eAcademy,100 N. Miliary,Baxter Springs,KS,66713,Cherokee County,public,2-No,36,30,,,0.0,1,57668,17.1,200381002166,,,
2101623,Breathitt Regional School,2725 Hwy 30 W,Jackson,KY,41339,Breathitt County,public,2-No,36,29,,,,0,34808,39.9,210069001623,,,
0606837,Ron Hockwalt Academies (Continuation),476 South Lemon Ave.,Walnut,CA,91789,Los Angeles County,public,2-No,36,36,49.5,,0.0,0,90112,16.2,064128006837,053677,Below Average,
2702862,Takoda Prep,1845 E FRANKLIN AVE,MINNEAPOLIS,MN,55404,Hennepin County,public,2-No,36,36,30,,0.0,0,97653,8.9,272124002862,,,
2502732,Leblanc Therapeutic Day School,58 Sycamore Street,Lowell,MA,1852,Middlesex County,public,2-No,36,36,75,,0.0,0,130847,7.6,250702002732,,,
5502960,Waukesha Transition Academy,1150 Whiterock Ave,Waukesha,WI,53186,Waukesha County,public,2-No,36,36,,,,,,,,,,
3403375,Academy for Environmental Science,1010 Weldon Road,Oak Ridge,NJ,7438,Morris County,public,2-No,36,36,75,24,1.0,1,137326,4,341072003375,,,
2703144,Central Lakes Adventure School,12763 COUNTY ROAD 1 SW,PILLAGER,MN,56473,Cass County,public,1-Yes,36,32,50,,0.0,0.2,68874,14.2,270019103144,,,
1303490,Macon Youth Development Campus,4160 Riggins Mill Rd,Macon,GA,31217,Bibb County,public,2-No,36,31,50,,,0.5,51234,30.8,130002603490,110076,Below Average,
0607964,Florence E. Rata,1373 West Mesa Ave.,Fresno,CA,93711,Fresno County,public,2-No,35,35,50,,0.0,0,74201,24.5,061455007964,,,
2903038,MO School for the Blind - HS,3815 MAGNOLIA AVE,ST LOUIS,MO,63110,St. Louis city,public,2-No,35,35,,,0.0,0.5,56160,32,290002103038,,,
5303072,White Salmon Academy,1455 NW BRUIN COUNTRY RD,White Salmon,WA,98672,Klickitat County,public,2-No,35,35,,,0.0,0,71042,15.9,530981003072,,,
2102495,Lakeview Academy,1100 Lebanon Avenue,Campbellsville,KY,42718,Taylor County,public,2-No,35,29,75,,0.0,0,60456,21.1,210552002495,,,
2705057,Shorewood Education Center,19685 HIGHWAY 7,SHOREWOOD,MN,55331,Hennepin County,public,2-No,35,35,,,,,,,,,,
5503164,KM Connect,349 N Oak Crest Dr,Wales,WI,53183,Waukesha County,public,1-Yes,35,22,,,,,106076,3.7,550351003164,,,
0806802,Cloud City High School,1000 4TH STREET,LEADVILLE,CO,80461,Lake County,public,2-No,35,35,75,,0.0,0,96575,17.2,080519006802,,,
4808072,VICTORIA REGIONAL JUVENILE JUSTICE CENTER,97 FOSTER FIELD DR,VICTORIA,TX,77901,Victoria County,public,2-No,35,25,,,,0.33000001,70896,20.6,484415008072,,,
0612665,Nidorf SYTF Barry J.,16350 Filbert St.,Sylmar,CA,91342,Los Angeles County,public,2-No,35,35,24.5,,,6,90112,16.2,069107812665,,,
3702344,H L Trigg Community,1004 Parkview Drive,Elizabeth City,NC,27909,Pasquotank County,public,2-No,35,34,,,0.0,1,66589,21.1,370354002344,,,
0602852,Tulare Technical Preparatory High,737 West Bardsley Ave.,Tulare,CA,93274,Tulare County,public,2-No,35,35,75,,0.0,1,71300,26.4,063993002852,,,
2101911,Warren Regional Juvenile Detention Ctr,1020 Kentucky St,Bowling Green,KY,42102,Warren County,public,2-No,35,33,,,,0,65794,17.6,210057001911,,,
4806559,HAC DAEP H S,12121 S E LOOP 410,SAN ANTONIO,TX,78221,Bexar County,public,2-No,35,35,,,0.0,0.5,72341,17.1,482247006559,440245,Below Average,
3702079,ONE Academy,501 Martin Luther King Jr Blvd,Siler City,NC,27344,Chatham County,public,2-No,35,29,,,0.0,0,94317,10.1,370075002079,343614,,
A0701310,SWANSEA WOOD SCHOOL,789 STEVENS RD,SWANSEA,MA,2777,BRISTOL,private,,35,35,,,0.0,,85625,10.8,,,,
1207871,SECONDARY STUDENT SUCCESS CENTER 801,6300 NW 27TH AVE,MIAMI,FL,33147,Miami-Dade County,public,2-No,35,0,,,,,,,,,,
3606532,MONROE CORRECTIONAL FACILITY,107 N CLINTON AVE,ROCHESTER,NY,14604,Monroe County,public,2-No,35,33,,,,0.25,76382,15.5,362475006532,331456,Below Average,
4901550,Malan's Peak Secondary,790 W 12th St,OGDEN,UT,84404,Weber County,public,2-No,35,35,10,,,1,90005,11.2,490072001550,,,
5503386,Central Sands Community High School,3995 County Rd K,Amherst,WI,54406,Portage County,public,1-Yes,35,35,,,,,76070,8.5,551724503386,501045,Demanding,
4817047,NORTH PLAINS OPPORTUNITY CENTER,1015 N MADDOX AVE,DUMAS,TX,79029,Moore County,public,2-No,35,35,,,,,,,,,,
5301170,Methow Valley Independent Learning Center,220 Hwy 20,Twisp,WA,98856,Okanogan County,public,2-No,35,35,,,0.0,0,63207,20.8,530502001170,,,
5401610,WIN Academy at BVCTC,2001 Union Carbide Drive,South Charleston,WV,25303,Kanawha County,public,1-Yes,34,34,,,,,,,,,,
3300677,CSI Charter School,26 Washington Street,Penacook,NH,3303,Merrimack County,public,1-Yes,34,34,50,,0.0,0,97004,6.2,330004100677,,,
0614400,Creekside Community Day,901 N Mooney Blvd,Visalia,CA,93291,Tulare County,public,2-No,34,20,,,0.0,0,71300,26.4,064116014400,,,
1304235,Zebulon High School,7360 Highway 19 S,Zebulon,GA,30295,Pike County,public,2-No,34,34,90,2,0.0,0,86719,9.6,130417004235,112770,Average,
2202381,AMIKids Acadiana,611 Celestine La Tortue Road,Branch,LA,70516,Acadia Parish,public,2-No,34,24,50,,,2,45562,21.6,220003002381,,,
1902287,DC Online,608 S. Washington,Bloomfield,IA,62637,Davis County,public,2-No,34,32,,,0.0,0,77194,15.8,190861002287,,,
2100929,Bullitt Alternative Center,381 High School Dr,Shepherdsville,KY,40165,Bullitt County,public,2-No,34,26,,,0.0,0,80558,10.2,210075000929,,,
0602195,Dr. Doug Sears Learning Center,5830 Kauffman Ave.,Temple City,CA,91780,Los Angeles County,public,2-No,34,34,90,,0.0,1,90112,16.2,063898002195,051788,Average,
5302546,Benton/Franklin Juvenile Justice Center,5606 WEST CANAL DRIVE,KENNEWICK,WA,99336,Benton County,public,2-No,34,32,,,,0,89874,10.2,530393002546,,,
2501698,Greenleaf Academy,58 Chadwick Street,Bradford,MA,1835,Essex County,public,2-No,34,25,50,,0.0,2,101883,11,250597001698,,,
5303210,Sky Valley Options,13715 310th Ave SE,Sultan,WA,98294,Snohomish County,public,2-No,34,34,,,0.0,0,111246,8.9,530855003210,,,
1303492,Eastman Youth Development Campus,176 Freaman Graham Blvd,Eastman,GA,31023,Dodge County,public,2-No,34,33,10,,,1,51587,24.1,130002603492,110276,,
2102500,Anchor Academy,115 E. Lexington Ave.,Danville,KY,40422,Boyle County,public,2-No,34,32,,3,0.0,0,61159,14.9,210144002500,,,
0600627,Gold Strike High,350 High School St.,San Andreas,CA,95249,Calaveras County,public,2-No,34,34,69.5,,0.0,2,78647,13.7,060687000627,,,
0612830,Center for Alternative Learning,290 East Ave.,Chico,CA,95926,Butte County,public,2-No,34,16,50,,0.0,0.5,67928,17.6,060837012830,052004,Below Average,
2712718,Community School Credit Recovery,943 9TH AVE SW,FOREST LAKE,MN,55025,Washington County,public,2-No,34,34,,,,,115345,3.9,271227012718,,,
2000498,Western Plains High,100 School St.,Ransom,KS,67572,Ness County,public,2-No,34,34,75,,0.0,1,68616,12.9,200002000498,170230,Demanding,
2705462,ALC Independent Study,15870 FISH POINT RD SE,PRIOR LAKE,MN,55372,Scott County,public,2-No,34,34,,,,,119314,4.9,273006005462,,,
4101406,New Bridge High School,2001 NE F St,Grants Pass,OR,97526,Josephine County,public,2-No,34,34,49.5,,,0,60098,18.9,410004301406,380972,Below Average,
5302701,Contract Learning Center,913 W 2nd ST,Grandview,WA,98930,Yakima County,public,2-No,34,34,,,0.0,0.34999999,70656,21,530315002701,480982,,
2704972,Riverside Academy IS,1700 305TH AVE NE,CAMBRIDGE,MN,55040,Isanti County,public,2-No,34,34,75,,0.0,0,87440,7.1,270741004972,,,
0608425,Deep Creek Academy,281 South Farmersville Blvd.,Farmersville,CA,93223,Tulare County,public,2-No,34,34,74.5,,0.0,1,71300,26.4,060003508425,,,
3400135,Essex High School,369 Passaic Avenue,Fairfield,NJ,7004,Essex County,public,2-No,34,34,,,0.0,1,80789,15.9,348030000135,311579,Very Demanding,
4807814,BRAZORIA CO JUVENILE DETENTION,1804 COUNTY RD 171,ANGLETON,TX,77515,Brazoria County,public,2-No,33,25,,,,0,97993,9.7,480831007814,,,
4813167,HIGHPOINT EAST,8003 E SAM HOUSTON PKWY N,HOUSTON,TX,77049,Harris County,public,2-No,33,29,,,,,74983,22.6,482391013167,,,
2101840,Safe Harbor Academy,134 Macey Avenue,Versailles,KY,40383,Woodford County,public,2-No,33,30,,,0.0,0,83788,10.5,210600001840,,,
0604164,Dickens (Billy Joe) High (Continuation),6937 Fox Rd.,Hughson,CA,95326,Stanislaus County,public,2-No,33,33,90,,0.0,1,81468,18.3,060006004164,,,
0610029,Opportunity Program,6401 Lincoln Ave.,Riverside,CA,92506,Riverside County,public,2-No,33,28,,,0.0,0,93074,10.6,063315010029,,,
0403525,Southwest Campus,500 N VERRADO WAY,BUCKEYE,AZ,85326,Maricopa County,public,2-No,33,33,,,,,89300,12.4,040061503525,,,
0403506,Northern Arizona Distance Learning,4000 N CUMMINGS ST,FLAGSTAFF,AZ,86004,Coconino County,public,2-No,33,27,50,,0.0,0,72966,16,040286003506,,,
A1792060,SHALVA HIGH SCHOOL,555 JOE PARKER RD,LAKEWOOD,NJ,8701,OCEAN,private,,33,33,,,0.0,,89863,11.9,,,,
5600559,Skyline High School,665 North Tyler,Pinedale,WY,82941,Sublette County,public,2-No,33,33,69.5,,0.0,0.050000001,83597,5.8,560486000559,,,
4807108,INSTRUCTIONAL & GUIDANCE CENTER,120 LUCIANO RD,ROMA,TX,78584,Starr County,public,2-No,33,27,,,0.0,1,37639,44.7,483774007108,,,
4817045,JJAEP,2235 N 1ST ST,CONROE,TX,77301,Montgomery County,public,2-No,33,28,,,,0,97701,9.3,481500017045,,,
2702964,Village Ranch Alternative Program,13637 60TH ST. SW,COKATO,MN,55321,Wright County,public,2-No,33,31,50,,0.0,0,107209,4.6,270004502964,,,
1500278,Ke Ana Laahana - PCS,160 Baker Ave,Hilo,HI,96720,Hawaii County,public,1-Yes,33,18,75,,0.0,0,78639,19.7,150003000278,120016,,
0605849,Magnolia Park,1915 Monterey Ave.,Burbank,CA,91506,Los Angeles County,public,2-No,33,33,75,,0.0,0,90112,16.2,060645005849,,,
2101997,Knox Appalachian School,1909 KY HWY 3439,Barbourville,KY,40906,Knox County,public,2-No,32,25,,,0.0,1,32527,31.7,210315001997,,,
2101690,Ascension Academy,1361 Frankfort Rd.,Shelbyville,KY,40065,Shelby County,public,2-No,32,28,,,0.0,0,82604,9.4,210532001690,,,
4813999,CLEARFORK ACADEMY,7820 HANGER CUTOFF RD,FORT WORTH,TX,76135,Tarrant County,public,1-Yes,32,31,,,0.0,0,84207,14.9,480007113999,,,
4207102,North Montco Technical Career Center,1265 Sumneytown Pike,Lansdale,PA,19446,Montgomery County,public,2-No,32,32,,,,,113915,6.5,428059007102,,,
5303770,Lumen High School,718 W. Riverside Avenue,Spokane,WA,99218,Spokane County,public,1-Yes,32,32,,,0.0,1,78582,9.1,530035003770,480081,Below Average,
4808891,PANOLA CS,1110 FM 10,CARTHAGE,TX,75633,Panola County,public,1-Yes,32,28,75,,0.0,0,64894,16.5,480021308891,,,
A2301786,YESHIVAT LEV TORAH HIGH SCHOOL,3300 KINGS HWY,BROOKLYN,NY,11210,KINGS,private,,32,32,,,0.0,,80263,26.5,,,,
4702640,Barbara Ward Cooper Education Center,13870 Hwy 59,Somerville,TN,38068,Fayette County,public,2-No,32,30,22,,,,88456,14.2,470015602640,,,
3703685,Swain Academy,1417 Fontana Rd,Bryson City,NC,28713,Swain County,public,2-No,32,32,,,,,52349,21.2,370444003685,342314,,
4813196,TRAVIS H S OF CHOICE,3270 GRAHAM ST,PARIS,TX,75460,Lamar County,public,2-No,32,32,84.5,,0.0,1,61880,22.4,483429013196,440311,Demanding,
0608826,Arena High (Continuation),630 Arena St.,El Segundo,CA,90245,Los Angeles County,public,2-No,32,32,75,,0.0,0,90112,16.2,061221008826,053363,Below Average,
5102966,Richmond Career Education and Employment Charter School,4314 Crutchfield Street,Richmond,VA,23225,Richmond city,public,1-Yes,32,32,,,0.0,0,64587,29.6,510324002966,,,
5501965,DOC: Racine Youthful Offender Correction al Facility,1501 Albert St,Racine,WI,53404,Racine County,public,2-No,32,32,,,,,,,,,,
3200683,Desert Willow J-SHS,245 N Pecos,Las Vegas,NV,89101,Clark County,public,2-No,32,19,50,,0.0,0,76472,15.3,320006000683,,,
4808383,SETTLEMENT HOME,1600 PAYTON GIN RD,AUSTIN,TX,78758,Travis County,public,1-Yes,32,25,,,0.0,0,99611,13,480007108383,,,
2600818,MorganShaw School,321 S PARK ST,BOYNE CITY,MI,49712,Charlevoix County,public,2-No,32,32,50,,0.0,2,76531,11.3,260650000818,,,
1208486,AMIKIDS CLAY COUNTY,501 LEMON ST,GREEN COVE SPRINGS,FL,32043,Clay County,public,2-No,32,6,,,,1,87820,10.3,120030008486,,,
5503116,N-Gage Academy,1801 S Main St,Necedah,WI,54646,Juneau County,public,1-Yes,32,15,,,0.0,0,67270,11.3,551023003116,,,
0911244,The Bridge at ACES,261 Skiff Street,Hamden,CT,6517,South Central Connecticut Planning Region,public,2-No,32,13,,,,,88197,13.2,090007011244,,,
5502996,Catalyst Academy,709 S Shawano St,New London,WI,54961,Waupaca County,public,1-Yes,32,32,74.5,,0.0,0,72830,9.8,551059002996,,,
0501674,CSTP CIVILIAN STUDENT TRAINING PROGRAM,16301 MISSOURI ST,NORTH LITTLE ROCK,AR,72199,Pulaski County,public,2-No,31,27,,,,1,62873,20.4,050039001674,,,
0613924,Dr Bob Forinash Community Day,320 North J St.,Lompoc,CA,93436,Santa Barbara County,public,2-No,31,26,,,0.0,1,98161,17.4,062241013924,,,
4805460,CARVER ALTER LRN CTR,301 W 9TH ST,SAN ANGELO,TX,76903,Tom Green County,public,2-No,31,19,,,0.0,1,68370,14.6,483870005460,,,
0611853,Academy for Change,290 East Ave.,Chico,CA,95926,Butte County,public,2-No,31,25,,,0.0,1,67928,17.6,060837011853,,,
2608314,GalesburgAugusta Alternative Education,1076 N 37TH ST,GALESBURG,MI,49053,Kalamazoo County,public,2-No,31,30,,,0.0,0,72532,10,261545008314,233713,Average,
4822915,CLEARFORK ACADEMY SOUTH,1632 E FM 4,CLEBURNE,TX,76103,Johnson County,public,1-Yes,31,25,,,,,84859,8.9,480007122915,,,
2102342,Rowan Academy - Bluegrass Discovery,551 Viking Drive,Morehead,KY,40351,Rowan County,public,2-No,31,20,75,,0.0,0,54321,23.8,210510002342,,,
5502685,Milwaukee County Community Reintegration Center,8885 S 68th St,Franklin,WI,53132,Milwaukee County,public,2-No,31,31,10,,,0,64435,22.1,550483002685,,,
1203716,FALKENBURG ROAD JAIL,520 N FALKENBURG RD,TAMPA,FL,33619,Hillsborough County,public,2-No,31,31,10,,,0,79540,13.5,120087003716,,,
0609249,Santa Barbara County Juvenile Court,4400 Cathedral Oaks Rd.,Santa Barbara,CA,93110,Santa Barbara County,public,2-No,31,30,50,,,0,98161,17.4,069103409249,050251,,
5503109,New Visions Charter School,220 E South St,Lake Geneva,WI,53147,Walworth County,public,1-Yes,31,31,,,0.0,0,80520,6.7,550765003109,,,
2704796,Pathways Program Grades 8-12,395 GUERNSEY LN,RED WING,MN,55066,Goodhue County,public,2-No,31,25,,,0.0,0.2,84171,6.7,279144304796,,,
0505202,PREMIER HIGH SCHOOL OF RUSSELLVILLE,400 HARDIN RD SUITE 120,LITTLE ROCK,AR,72202,Pope County,public,1-Yes,31,31,,,,,57344,22,050040805202,042195,Average,
1201571,PRETRIAL DETENTION FACILITY,1701 PRUDENTIAL DR,JACKSONVILLE,FL,32207,Duval County,public,2-No,31,31,,,,0,71277,13.4,120048001571,,,
5303461,ESD New Beginnings,200 Lynch St. W,Eatonville,WA,98328,Pierce County,public,2-No,31,31,,,,,99564,10.9,530237003461,,,
4501227,SC School for the Deaf High,355 Cedar Spring Road,Spartanburg,SC,29302,Spartanburg County,public,2-No,31,31,,,0.0,0.2,66234,15.9,450000401227,411850,Average,
3910831,Engage High School,6401 N Main St,Dayton,OH,45415,Montgomery County,public,1-Yes,30,30,,,,,66139,18.8,391004510831,362185,Demanding,
3200518,Summit View Youth J-SHS,5730 Range Rd,Las Vegas,NV,89115,Clark County,public,2-No,30,24,10,,,1,76472,15.3,320006000518,,,
2703057,Anoka-Hennepin Regn Night School,1313 COON RAPIDS BLVD NW,COON RAPIDS,MN,55433,Anoka County,public,2-No,30,30,,,,,101869,7.3,270318003057,240080,Average,
4814326,GREENLEAF NCC,911 W ANDERSON LANE STE 203,AUSTIN,TX,78757,Travis County,public,1-Yes,30,30,,,,,,,,,,
4809077,TRAVIS COUNTY JUVENILE DETENTION CENTER,2515 S CONGRESS AVE,AUSTIN,TX,78704,Travis County,public,2-No,30,27,,,,0,99611,13,480894009077,,,
00090356,NORTHPOINT SCHOOL & INTENSIVE OUTPATIENT PROGRAM,9650 ZELZAH AVE,NORTHRIDGE,CA,91325,LOS ANGELES,private,,30,30,,,0.0,,90112,16.2,,,,
2101361,Lake Cumberland Youth Development Center,9000 Hwy 1546,Monticello,KY,42633,Wayne County,public,2-No,30,30,,,,0,45739,33.2,210579001361,,,
3800905,WOLVES CENTER ACADEMY,908 4th Avenue NE,Watford City,ND,58854,McKenzie County,public,†,30,30,50,,0.0,1,93404,9.8,381254000905,,,
2701044,622 Alternative Middle/High School,2520 12TH AVE E,NORTH SAINT PAUL,MN,55109,Ramsey County,public,2-No,30,30,,,,,81568,12.9,272385001044,,,
3310040,River View Chartered Public School,169 Main Street,Claremont,NH,3743,Sullivan County,public,1-Yes,30,30,,,,,80858,9.8,339997510040,,,
2600820,OvidElsie Comm EdAlt HS,732 MABBIT RD,OVID,MI,48866,Shiawassee County,public,2-No,30,30,50,,0.0,0,67404,14.5,262715000820,,,
4823163,TEXASWORKS - IRVING,551 RYAN PLAZA DR,ARLINGTON,TX,76011,Tarrant County,public,1-Yes,30,30,,,,,84207,14.9,489913623163,,,
3500815,WLV FAMILY PARTNERSHIP,1341 SOUTH GONZALES ST,LAS VEGAS,NM,87701,San Miguel County,public,2-No,30,30,24.5,,0.0,1,49431,35.5,350156000815,,,
4811547,ALTERNATIVE SCHOOL,9600 EAGLE DR,MONT BELVIEU,TX,77580,Chambers County,public,2-No,29,23,,1,0.0,0,109804,9.5,480945011547,440249,Below Average,
2101586,Hopkins County Day Treatment,110 Sugg Street,Madisonville,KY,42431,Hopkins County,public,2-No,29,24,,1,0.0,1,56815,21.8,210286001586,,,
4601389,Falls Academy - 08,46560 264th St,Sioux Falls,SD,57107,Minnehaha County,public,†,29,21,,,,0,76880,7.3,463171001389,,,
4702477,Marion Virtual High School,204 Betsy Pack DR,Jasper,TN,37347,Marion County,public,2-No,29,26,,,0.0,0.5,61824,18.7,470264002477,430975,Average,
3905652,Hardin Community School,400 Decatur St,Kenton,OH,43326,Hardin County,public,1-Yes,29,26,90,,0.0,0,62484,15.7,390142905652,361003,,
A1904468,INTERNATIONAL LEADERSHIP ACADEMY,898 W 1100 S,SPANISH FORK,UT,84660,UTAH,private,,29,29,,,0.0,,100671,6.5,,,,
4207079,Monroe Career and Technical Institute,194 Laurel Lake Road,Bartonsville,PA,18321,Monroe County,public,2-No,29,29,,,,,83565,15.5,428032007079,391940,Below Average,
5600586,New West High School,300 S. Spruce,Buffalo,WY,82834,Johnson County,public,2-No,29,29,90,,0.0,0.5,64871,7,560377000586,,,
2102034,Horizons High School,804 South Main Street,Elkton,KY,42220,Todd County,public,2-No,29,28,90,,0.0,0,61103,20.5,210555002034,,,
3904268,Choffin Career Cntr,200 E Wood St,Youngstown,OH,44503,Mahoning County,public,2-No,29,29,,,,,,,,,,
2705143,Chisago County Schools' Life Work C,38423 LINCOLN TRAIL,NORTH BRANCH,MN,55056,Chisago County,public,2-No,29,29,,,0.0,0,99400,5.2,270001505143,,,
A2102849,EMERALD SCHOOL OF EXCELLENCE,4012 CENTRAL AVE,CHARLOTTE,NC,28205,MECKLENBURG,private,,29,29,,,0.0,,87005,14.1,,,,
BB220306,HOPEWELL CAREER ACADEMY - JOILET,1009 S BRIGGS ST,JOLIET,IL,60433,WILL,private,,29,29,,,0.0,,109984,8.1,,141380,Average,
5302361,A-3 Multiagency Adolescent Prog,1807 N. Washington,Spokane,WA,99205,Spokane County,public,2-No,29,19,,,0.0,0,78582,9.1,530825002361,,,
2101474,The Brook-KMI,8521 LaGrange Rd,Louisville,KY,40242,Jefferson County,public,2-No,29,20,,1,0.0,0,69866,18.6,210299001474,,,
0614286,Corning Independent Study,250 East Fig Ln.,Corning,CA,96021,Tehama County,public,2-No,29,29,75,,0.0,0.25,63784,21.4,060981014286,050743,,
2704387,BRANCH OUT TRANSITIONAL SERVICES,150 MARIE AVE E,WEST SAINT PAUL,MN,55118,Dakota County,public,2-No,29,29,,,,,,,,,,
0102515,Inspire Virtual Academy,318 AVC Drive,LaFayette,AL,36862,Chambers County,public,2-No,29,26,,,0.0,1,49656,28.5,010060002515,,,
1203779,JUVENILE DETENTION CENTER,28534 STATE ROAD 52,SAN ANTONIO,FL,33576,Pasco County,public,2-No,29,15,,,,0,70492,11.8,120153003779,,,
2608443,Gateway to CollegeMott Community College,1401 E COURT ST,FLINT,MI,48503,Genesee County,public,2-No,29,29,50,,,,62281,24.3,261452008443,,,
2609027,Beecher Alternative Education,1020 W COLDWATER RD,FLINT,MI,48505,Genesee County,public,2-No,29,29,,,,,62281,24.3,260450009027,,,
A0301704,THE NEW SCHOOL,38 YORK ST,KENNEBUNK,ME,4043,YORK,private,,28,28,,,0.0,,88333,6.9,,,,
0607262,Mad River High (Continuation),1300 Murray Rd.,McKinleyville,CA,95519,Humboldt County,public,2-No,28,28,90,,0.0,0,61160,16.9,060303007262,050222,,
2704415,112 ALC Independent Study,11 PEAVEY RD,CHASKA,MN,55318,Carver County,public,2-No,28,28,30,,0.0,0,125946,2.8,270819004415,,,
1203621,OKALOOSA REGIONAL DETENTION,4448 STRAIGHT LINE RD,CRESTVIEW,FL,32539,Okaloosa County,public,2-No,28,22,,,,0,81998,12.5,120138003621,,,
1304305,The Foundry,2723 Tumbling Creek Rd,Gainesville,GA,30504,Hall County,public,2-No,28,20,50,1,0.0,0,80901,12.3,130261004305,,,
2901283,WAVERLY REGIONAL YOUTH CTR.,109 W KELLING AVE,WAVERLY,MO,64096,Lafayette County,public,2-No,28,26,,,,0,80612,11.7,290000901283,,,
0605918,Rowland Unified Community Day,1928 Nogales St.,Rowland Heights,CA,91748,Los Angeles County,public,2-No,28,28,,,,,90112,16.2,063375005918,,,
4207059,Cumberland Perry Area Career & Technical Center,110 Old Willow Mill Road,Mechanicsburg,PA,17050,Cumberland County,public,2-No,28,28,,,,,87494,10.2,428018007059,,,
0403035,Youth Works Charter High School,1915 E 36TH ST,TUCSON,AZ,85713,Pima County,public,1-Yes,28,28,49.5,,0.0,0,70315,16.7,040007903035,,,
2002167,Project Finish,5900 Lamar,Shawnee Mission,KS,66202,Johnson County,public,2-No,28,0,,,,,,,,,,
1200062,BREVARD COUNTY JUVENILE DETENTION CENTER,5225 DEWITT AVE,COCOA,FL,32927,Brevard County,public,2-No,28,25,,,,0,78476,12.6,120015000062,,,
5503093,Koshkonong Trails School,37 Oakland Rd,Cambridge,WI,53523,Dane County,public,1-Yes,28,22,75,,0.0,0,89975,6.2,550210003093,,,
BB220221,MOTHER CLELIA MORNING STAR HIGH SCHOOL,70 HUNTER AVE,PENSACOLA,FL,32505,ESCAMBIA,private,,28,28,,,0.0,,67500,22.3,,,,
3906152,Mad River Local Schools Remote Learning Center,200 S Keowee St,Dayton,OH,45402,Montgomery County,public,2-No,28,13,,,0.0,0,66139,18.8,390487006152,,,
2609013,Blended Learning Academies Credit Recovery High School  Liv,30218 PLYMOUTH RD,LIVONIA,MI,48150,Wayne County,public,1-Yes,28,28,,,0.0,0,60539,31.5,260107209013,,,
4809251,JUVENILE DETENTION CENTER,2615 N GUADALUPE ST,SEGUIN,TX,78155,Guadalupe County,public,2-No,28,26,10,,,0,92375,9.6,483969009251,,,
5600147,Victory High School,615 Rodeo,Rawlins,WY,82301,Carbon County,public,2-No,28,28,30,3,0.0,1,70511,10.3,560103000147,,,
2500210,Carter School,270 Columbia Rd,Dorchester,MA,2121,Suffolk County,public,2-No,28,24,,,0.0,0,95631,21.3,250279000210,220664,,
5300648,Lacrosse High School,111 HILL AVE,LaCrosse,WA,99143,Whitman County,public,2-No,28,28,,,0.0,0.25999999,55406,11.8,530415000648,480580,,
4501721,Broad River High,4460 Broad River Road,Columbia,SC,29210,Richland County,public,2-No,28,28,,,,1,63784,18,450000101721,,,
2102399,Brooklawn,3121 Brooklawn Campus Drive,Louisville,KY,40218,Jefferson County,public,2-No,28,5,,,0.0,1,69866,18.6,210299002399,,,
0401237,Navajo County Instruction for Success (NCIS),294 W CARLOS AVE,HOLBROOK,AZ,86025,Navajo County,public,2-No,28,28,50,,0.0,0.2,54606,31.4,040550001237,,,
A2302579,FELLOWSHIP CHRISTIAN HIGH SCHOOL,51 HILLMOND ST,BETHLEHEM,PA,18018,NORTHAMPTON,private,,28,28,,,0.0,,89184,10.2,,,,
0612338,Pride Continuation,18527 East Main St.,Linden,CA,95236,San Joaquin County,public,2-No,27,27,,,,,,,,050017,Below Average,
4601132,Our Home,102A S Chapman Dr,Parkston,SD,57366,Hutchinson County,public,†,27,20,,,0.0,0,73977,13.1,465430001132,,,
0612637,Rockey Glenn Camp,1900 North Sycamore Canyon Rd.,San Dimas,CA,91773,Los Angeles County,public,2-No,27,27,,,,3.5,90112,16.2,069107812637,,,
4810723,HIGHPOINT,8003 E SAM HOUSTON PKWY N,HOUSTON,TX,77049,Harris County,public,2-No,27,24,,,0.0,0,74983,22.6,480771010723,,,
1900377,Pocahontas Area Regional Learning Center,202 1st Ave SW,Pocahontas,IA,50574,Pocahontas County,public,2-No,27,27,50,,0.0,0,61875,17.2,192319000377,,,
4029890,VIRTUAL PREP HS,309 NW 13th Street,Oklahoma City,OK,73103,Oklahoma County,public,1-Yes,27,27,,,,,,,,,,
A2102039,YESHIVAS MEKOR CHAIM,5700 PARK HEIGHTS AVE,BALTIMORE,MD,21215,BALTIMORE,private,,27,27,,,0.0,,62177,22.8,,,,
0402521,West-MEC - Central Campus,6997 N GLEN HARBOR BLVD,GLENDALE,AZ,85307,Maricopa County,public,2-No,27,27,,,,,89300,12.4,040061502521,,,
0610658,Santa Barbara County Community,4400 Cathedral Oaks Rd.,Santa Barbara,CA,93110,Santa Barbara County,public,2-No,27,11,50,,0.0,0,98161,17.4,069103410658,,,
2712936,Rock Ridge High School ALP,1405 PROGRESS PKWY,VIRGINIA,MN,55792,St. Louis County,public,2-No,27,27,,,,,70069,9.2,270046612936,242738,Demanding,
2903252,GRISCOM JUVENILE DETENTION CTR,3847 ENRIGHT AVENUE,ST. LOUIS,MO,63108,St. Louis city,public,2-No,27,25,50,,,0,56160,32,292928003252,,,
3310043,Brentwood Academy,55 Franklin Street,Nashua,NH,3060,Hillsborough County,public,2-No,26,26,,,,,103545,6.2,330498010043,,,
5502936,Viking Academy,450 N Wall St,Denmark,WI,54208,Brown County,public,1-Yes,26,18,,,0.0,0,79649,8.2,550366002936,,,
5302839,Alfaretta House,10320 Farwest Drive SW,Lakewood,WA,98498,Pierce County,public,2-No,26,26,,,,,,,,,,
0402966,Santa Cruz Center for Success,900 N MAIN ST,ELOY,AZ,85131,Pinal County,public,2-No,26,26,50,,0.0,1,80266,11.8,040753002966,030522,,
A1390130,WESTERN GENERAL EDUCATION INC,525 NE 125TH ST,NORTH MIAMI,FL,33161,MIAMI-DADE,private,,26,26,,,0.0,,71753,16,,,,
4207074,Lancaster County Career and Technology Center - Willow St,1730 Hans Herr Drive,Willow Street,PA,17854,Lancaster County,public,2-No,26,26,,,0.0,3,86959,10.2,428027007074,,,
2608750,Satterlee School,8153 SATTERLEE RD,GREENVILLE,MI,48838,Montcalm County,public,2-No,26,26,50,,0.0,0,67344,19.6,261716008750,,,
A2302052,HENRY JOHNSON ACADEMY FOR SCHOLARS,291 E 222,EUCLID,OH,44123,CUYAHOGA,private,,26,26,,,0.0,,64468,21.6,,,,
0602957,Rite of Passage,10400 Fricot City Rd.,San Andreas,CA,95249,Calaveras County,public,1-Yes,26,26,69.5,,,0,78647,13.7,069100602957,290117,,
5600585,Platte River School,3100 West C Street,Torrington,WY,82240,Goshen County,public,2-No,26,26,50,,0.0,0,58929,12.6,560299000585,,,
2704441,ALC INDEPENDENT STUDY,7300 BOONE AVE N,BROOKLYN PARK,MN,55428,Hennepin County,public,2-No,26,26,,,,,97653,8.9,272520004441,,,
4702433,Sumner County Middle Technical College High School at Portla,604 South Broadway,Portland,TN,37148,Sumner County,public,2-No,26,26,,,,,,,,,,
A2301721,MESIVTA SHAAREI PRUZDOR,1238 CAFFREY AVE,FAR ROCKAWAY,NY,11691,QUEENS,private,,26,26,,,0.0,,86136,14.9,,,,
2002122,Virtual Education Program,35200 West 91st Street,De Soto,KS,66018,Johnson County,public,2-No,26,26,,,,,109208,5.6,200549002122,,,
1207927,GILCHRIST VIRTUAL FRANCHISE,310 NW 11TH AVE,TRENTON,FL,32693,Gilchrist County,public,2-No,26,23,,4,0.0,0,63523,19.9,120063007927,,,
A1990667,VOCATIO CAREER PREP HIGH SCHOOL,4455 N 6TH ST,PHILADELPHIA,PA,19140,PHILADELPHIA,private,,26,26,,,0.0,,61953,28.9,,,,
3905846,Instructional Resource Center,100 Scarlet Oaks Dr,Cincinnati,OH,45241,Hamilton County,public,2-No,26,26,,,,,72470,17.3,390510605846,,,
4807184,NISD BEXAR COUNTY JJA,1402 HACKBERRY,SAN ANTONIO,TX,78238,Bexar County,public,2-No,26,20,,,0.0,0,72341,17.1,483312007184,,,
0609449,Butte View High,2665 Acacia St.,Sutter,CA,95982,Sutter County,public,2-No,26,26,90,,0.0,0,79704,15.1,063861009449,050760,Average,
0602303,Willow High,1098 Pomona St.,Crockett,CA,94525,Contra Costa County,public,2-No,26,26,69.5,,0.0,0,127229,9.4,061899002303,,,
2704905,Int'l Falls ISD 361 ALC Program,1001 5TH ST,INTERNATIONAL FALLS,MN,56649,Koochiching County,public,2-No,26,25,50,,0.0,1,66940,14.2,270022404905,,,
1901015,WisdomQuest Education  Center,401 E. Monroe Street,Mount Pleasant,IA,52641,Henry County,public,2-No,26,26,,,,,,,,,,
1208901,AMIKIDS MARITIME ACADEMY,200 E BEACH DR,PANAMA CITY,FL,32401,Bay County,public,1-Yes,26,26,,,,,73533,15.6,120009008901,,,
0602323,Ed Donaldson Education Center,4500 Konocti Rd.,Kelseyville,CA,95451,Lake County,public,2-No,26,26,30,,0.0,0,60621,27,061932002323,,,
2701052,A. G. A. P. E. Teen Parent,1037 UNIVERSITY AVE,SAINT PAUL,MN,55104,Ramsey County,public,2-No,26,26,49.5,,0.0,1,81568,12.9,273384001052,,,
1802770,Lancer Virtual School,22601 Tyler Road,Lakeville,IN,46536,St. Joseph County,public,2-No,26,24,,,,,66868,19.6,181191002770,,,
4812690,YOUNG WOMEN'S LEADERSHIP ACADEMY H S,2205 S E 4TH ST,GRAND PRAIRIE,TX,75051,Dallas County,public,2-No,25,25,,,,,,,,,,
3606513,TABERG RESIDENTIAL CENTER,10011 FLORENCE-TABERG RD,TABERG,NY,13471,Oneida County,public,2-No,25,21,,,,0,70154,24.1,360013106513,,,
4807480,GATEWAY STUDENT SUPPORT CTR,200 E THIRD,BURKBURNETT,TX,76354,Wichita County,public,2-No,25,25,,,,,,,,,,
0403198,Pima County JTED - Camino Seco,8727 E 22ND ST,TUCSON,AZ,85710,Pima County,public,2-No,25,25,,,,,70315,16.7,040075203198,,,
A1902778,THE CRAIG SCHOOL HIGH SCHOOL,24 CHANGEBRIDGE RD,MONTVILLE,NJ,7045,MORRIS,private,,25,25,,,0.0,,137326,4,,,,
0403420,SACA Online,2470 N TUCSON BLVD,TUCSON,AZ,85716,Pima County,public,1-Yes,25,25,50,,0.0,1,70315,16.7,040025403420,,,
1207889,PINELLAS COUNTY JAIL,301 4TH ST SW,LARGO,FL,33770,Pinellas County,public,2-No,25,22,,,,0,72646,14.2,120156007889,,,
3910899,ACE Community Academy,14785 Thompson Ave,Middlefield,OH,44062,Geauga County,public,1-Yes,25,25,,,,,107860,5.3,391006310899,,,
BB220415,"CRAIG SCHOOL, HIGH SCHOOL",24 CHANGEBRIDGE RD,MONTVILLE,NJ,7045,MORRIS,private,,25,25,,,0.0,,137326,4,,,,
1202162,MARINE SCIENCE EDUCATION CENTER,1347 PALMER ST,ATLANTIC BEACH,FL,32233,Duval County,public,2-No,25,25,2.5,,0.0,0,71277,13.4,120048002162,,,
0602388,Captain John Continuation High,101 Loop Rd.,Hoopa,CA,95546,Humboldt County,public,2-No,25,25,84.5,,0.0,0,61160,16.9,061995002388,050222,,
A1902914,YESHIVA LEKACHTOV,830 CROSS ST,LAKEWOOD,NJ,8701,OCEAN,private,,25,25,,,0.0,,89863,11.9,,,,
A1100200,JOURNEY ACADEMY,1800 GRAVENSTEIN HWY N,SEBASTOPOL,CA,95472,SONOMA,private,,25,25,,,0.0,,104674,8,,,,
A1790515,THE HUB HOUSTON INC.,4209 GALWAY LN,HOUSTON,TX,77080,HARRIS,private,,25,25,,,0.0,,74983,22.6,,,,
4207072,Lancaster County Career and Technology Center - Brownstown,231 Snyder Road,Ephrata,PA,17522,Lancaster County,public,2-No,25,25,,,0.0,2,86959,10.2,428027007072,,,
1203510,SCPS CONSEQUENCE UNIT,1151 E 28TH ST,SANFORD,FL,32773,Seminole County,public,2-No,25,17,50,,,0,85761,9.7,120171003510,,,
2101303,College Street Campus,304 E College Street,Glasgow,KY,42142,Barren County,public,2-No,25,19,75,,0.0,1,50628,22.3,210030001303,,,
0609310,Palisade Glacier High (Continuation),2001 Sugar Loaf Rd.,Big Pine,CA,93513,Inyo County,public,2-No,25,25,69.5,,0.0,0.25,73991,13.9,060140909310,050339,,
0600602,Pilarcitos Alternative High (Continuation),498 Kelly Ave.,Half Moon Bay,CA,94019,San Mateo County,public,2-No,25,25,30,,0.0,1,158855,6.7,060678000602,,,
4807934,HARRIS CO J J A E P,2525 MURWORTH,HOUSTON,TX,77054,Harris County,public,2-No,25,21,,,,0,74983,22.6,482364007934,,,
2700538,SIMLEY ALTERNATIVE PROGRAM,2920 80TH ST E,INVER GROVE HEIGHTS,MN,55076,Dakota County,public,2-No,25,25,69.5,,0.0,1,106318,5.9,271503000538,,,
2704892,NLC 6076 Transition Program,610 9TH ST N,VIRGINIA,MN,55792,St. Louis County,public,2-No,25,25,,,,,,,,,,
2902614,HILLTOP SCHOOL,301 NE GREGORY BLVD,LEE'S SUMMIT,MO,64064,Jackson County,public,2-No,25,22,50,,,0,68577,16,291830002614,,,
2704328,THE BRIDGE,709 PORTIA JOHNSON DR,DULUTH,MN,55811,St. Louis County,public,2-No,25,25,,,,,,,,,,
4808994,STUBBLEFIELD ACADEMY,207 PHILPOT ST,WILLIS,TX,77378,Montgomery County,public,2-No,25,16,,,0.0,0,97701,9.3,484590008994,,,
0402242,GIFT - Gila Institute for Technology,615 N STADIUM AVE,THATCHER,AZ,85552,Graham County,public,2-No,24,24,,,,,67325,17.6,040034902242,,,
2704414,HLWW ALTERNATIVE LEARNING PROGRAM,8700 COUNTY ROAD 6 SW,HOWARD LAKE,MN,55349,Wright County,public,2-No,24,24,75,,0.0,0.52999997,107209,4.6,270012304414,,,
1304089,Atlanta Youth Development Campus,5651 Stonewall Tell Rd,College Park,GA,30349,Fulton County,public,2-No,24,20,5,,,0.5,95292,12.8,130002604089,110276,,
4807290,GALVESTON CO DETENTION CTR,6101 ATTWATER,DICKINSON,TX,77539,Galveston County,public,2-No,24,20,,,,0,86105,15.1,481707007290,,,
2502915,Eagle Education Academy,53 Eagle Street,Pittsfield,MA,1201,Berkshire County,public,2-No,24,11,,,0.0,2,76013,14.6,250963002915,,,
2702403,Benton-Stearns Education District,324 3RD AVENUE SOUTH,SAUK RAPIDS,MN,56379,Benton County,public,2-No,24,11,,,0.0,0,74410,7.4,270007102403,,,
1303620,Bradfield Center - Ault Academy,1022 E Depot St,LaGrange,GA,30241,Troup County,public,2-No,24,13,50,,,,56776,22.6,130000103620,,,
2002156,BRIDGES Academy,2615 W Main,Independence,KS,67301,Montgomery County,public,2-No,24,22,,,0.0,0,55697,18.3,200765002156,,,
3200313,Burk Horizon-Southwest Sunset HS,4560 W Harmon Ave,Las Vegas,NV,89103,Clark County,public,2-No,24,6,75,,0.0,1,76472,15.3,320006000313,290186,,
2702652,SECONDARY SPECIAL EDUCATION,7450 PENN AVE S,RICHFIELD,MN,55423,Hennepin County,public,2-No,24,24,,,,,,,,,,
2703712,Journey,4881 101ST LN NE,CIRCLE PINES,MN,55014,Anoka County,public,2-No,24,24,,,,,,,,,,
1208379,INTERNATIONAL STUDIES VIRTUAL ACADEMY,230 SW 17TH RD,MIAMI,FL,33129,Miami-Dade County,public,1-Yes,24,22,75,5,0.0,0,71753,16,120039008379,101983,Very Demanding,
4207053,Admiral Peary Area Vocational-Technical School,948 Ben Franklin Highway,Ebensburg,PA,15931,Cambria County,public,2-No,24,24,,,,,58418,20.2,428012007053,391407,Below Average,
1207979,SECONDARY STUDENT SUCCESS CENTER-804,6300 NW 27TH AVE,MIAMI,FL,33147,Miami-Dade County,public,2-No,24,0,,,,0,71753,16,120039007979,,,
A2102873,INSIGHT COLEARNING CENTER,"2020 CHAPEL HILL ROAD, STE 33",DURHAM,NC,27707,DURHAM,private,,24,24,,,0.0,,82316,15,,,,
3200348,Jacobsen High School,225 China Spring Rd,Gardnerville,NV,89410,Douglas County,public,2-No,24,23,75,,,0.2,90754,9.9,320009000348,290086,Demanding,
A1903420,YESHIVA HIGH SCHOOL OF CLEVELAND,25400 FAIRMOUNT BLVD,BEACHWOOD,OH,44122,CUYAHOGA,private,,24,24,,,0.0,,64468,21.6,,,,
5302678,The Healing Lodge,5600 E 8Th Ave,Spokane,WA,99212,Spokane County,public,2-No,24,21,,,0.0,0,78582,9.1,530825002678,,,
3310042,Benjamin Franklin Academy Chartered Public School (H),157 Chichester Rd,Loudon,NH,3307,Merrimack County,public,1-Yes,24,24,,,,,97004,6.2,339997610042,,,
4823145,TEXASWORKS - AUSTIN-WELLS BRANCH,13801 BURNET RD STE 300,AUSTIN,TX,78727,Travis County,public,1-Yes,24,24,,,,,99611,13,489913623145,,,
0611993,Thomas E. Mathews Community,1127 E St.,Marysville,CA,95901,Yuba County,public,2-No,24,17,10,,0.0,0,76373,18.3,069104811993,,,
4807642,HARRIS CO JJAEP,7200 SPRING-CYPRESS RD,KLEIN,TX,77379,Harris County,public,2-No,24,19,,,,,,,,,,
3200483,Steptoe Valley High School,700 Aultman Street,Ely,NV,89301,White Pine County,public,2-No,24,24,49.5,,0.0,0,72865,12.4,320051000483,290102,Below Average,
0102523,Saints Virtual Academy,2194 Broad Street,Selma,AL,36701,Dallas County,public,2-No,24,21,,,0.0,0.5,35627,43.1,010297002523,,,
2901192,GIRARDOT CENTER FOR YOUTH,609 N MIDDLE,CAPE GIRARDEAU,MO,63702,Cape Girardeau County,public,2-No,24,17,,,,0,68464,11.6,290000901192,,,
1601026,HIGH DESERT,104 WEST D STREET,SHOSHONE,ID,83352,Lincoln County,public,2-No,23,23,,,0.0,1,71453,13.8,160294001026,,,
4207046,Berks Career and Technology Center-East Campus,3307 Friedensburg Road,Oley,PA,19547,Berks County,public,2-No,23,23,,,,,79777,17.3,428006007046,,,
5503390,Exploration Charter High School,325 McKinley St,North Fond du Lac,WI,54937,Fond du Lac County,public,1-Yes,23,23,,,,,,,,,,
4600570,Our Home ASAP - 12,40354 210th St,Huron,SD,57350,Beadle County,public,†,23,16,,,0.0,0,67681,13.9,463548000570,,,
2608219,Kent City Virtual Academy,351 N MAIN ST,KENT CITY,MI,49330,Kent County,public,2-No,23,23,,,0.0,0.25,82631,11.2,262031008219,,,
3703676,The Summit Academy,75 Crawford St,Marion,NC,28752,McDowell County,public,2-No,23,22,,,,,57168,19.2,370294003676,,,
4601341,Lincoln Building - 44,851 West St,Rapid City,SD,57701,Pennington County,public,†,23,23,,,,,,,,,,
5302932,Juvenile Detention Center,1728 JEROME AVE,YAKIMA,WA,98902,Yakima County,public,2-No,23,20,,,,0,70656,21,531011002932,,,
2702961,Cornerstones Program,1405 3RD AVE. NE,BUFFALO,MN,55313,Wright County,public,2-No,23,23,,,0.0,0,107209,4.6,270004502961,,,
4808456,BRAZOS CO JUVENILE DETENTION CENTER,1904 W SH 21,BRYAN,TX,77803,Brazos County,public,2-No,23,15,,,,0,58553,15.9,481179008456,,,
2702483,WELS North,70 WEST COUNTY ROAD B2,LITTLE CANADA,MN,55117,Ramsey County,public,2-No,23,23,,,,,,,,,,
4822791,CVHS ACCELERATED ACADEMY,1300 GEORGE BUSH DR,COLLEGE STATION,TX,77840,Brazos County,public,2-No,23,23,,,,,,,,,,
2704425,Moving Forward,1700 305TH AVE NE,CAMBRIDGE,MN,55040,Isanti County,public,2-No,23,23,,,,,,,,,,
2101070,Woodsbend Youth Development Center,163 Woodsbend Boys Camp Rd,West Liberty,KY,41472,Morgan County,public,2-No,23,21,,,,0,47913,27.5,210429001070,,,
1600853,VALLEY VIEW ALTERNATIVE HIGH SCHOOL,10 NORTH CUTLER,SUGAR CITY,ID,83448,Madison County,public,2-No,23,21,75,,0.0,0,60160,15.3,160309000853,130180,,
4702496,Robertson County Adult High School,800 M.S. Couts BLVD,Springfield,TN,37172,Robertson County,public,2-No,23,23,,,0.0,0,83047,13,470360002496,430223,,
A2103544,ARCH ACADEMY,1062 HWY 70,KINGSTON SPRINGS,TN,37143,CHEATHAM,private,,23,23,,,0.0,,89852,10.2,,,,
0607896,Easton Continuation High,5865 South Clara Ave.,Fresno,CA,93706,Fresno County,public,2-No,23,23,75,,0.0,0,74201,24.5,060141507896,050222,,
3906155,Warrior Academy,5954 Longford Rd,Huber Heights,OH,45424,Montgomery County,public,2-No,23,21,,,,,,,,,,
0611315,Aggeler Community Day,21050 Plummer St.,Chatsworth,CA,91311,Los Angeles County,public,2-No,23,22,30,,0.0,0,90112,16.2,062271011315,,,
5303374,Gateway to College,33330 8th Ave S,Federal Way,WA,98003,King County,public,2-No,23,23,,,0.0,0,124746,9.5,530282003374,,,
0611172,Future Bound Independent Study Secondary,720 Ninth St.,Ramona,CA,92065,San Diego County,public,2-No,23,23,50,,0.0,0,106268,10.8,063171011172,,,
5503171,Eagles Academy,8993 E Baldwin St,Solon Springs,WI,54873,Douglas County,public,1-Yes,23,7,,,,,75099,12.8,551398003171,,,
4501226,SC School for the Blind High,355 Cedar Springs Road,Spartanburg,SC,29302,Spartanburg County,public,2-No,23,23,75,,0.0,0.2,66234,15.9,450000401226,,,
3606487,MOHAWK VALLEY PSYCHIATRIC CENTER FOR CHILDREN & YOUTH,1400 NOYES ST,UTICA,NY,13502,Oneida County,public,2-No,23,15,,,0.0,0,70154,24.1,360012706487,,,
2001440,Avondale Academy,200 SE 40th St,Topeka,KS,66609,Shawnee County,public,2-No,23,19,22,,0.0,1,67104,14.9,201226001440,,,
5503389,Rocket Academy,321 N 2nd St,Cedar Grove,WI,53013,Sheboygan County,public,1-Yes,23,23,,,,,,,,,,
2705091,SWMetro Lakeside Academy,100 GARRISON AVE NE,BUFFALO,MN,55313,Wright County,public,2-No,23,22,,,0.0,0,107209,4.6,270042005091,,,
4822960,GARZA COUNTY RJC,800 N AVE F,POST,TX,79356,Garza County,public,2-No,23,22,,,,,46314,22.3,483398022960,,,
2713030,River Bend Online ALC,1315 S BROADWAY ST,NEW ULM,MN,56073,Brown County,public,2-No,23,23,,,,,69378,7,279135313030,,,
A1992094,LIVING WIDSOM HIGH SCHOOL,4000 MIDDLEFIELD RD RM K5,PALO ALTO,CA,94303,SANTA CLARA,private,,23,23,,,0.0,,164281,6.7,,051430,Average,
3403430,Work Readiness Academy,971 Suburban Road,Union,NJ,7083,Union County,public,2-No,23,23,,,,,,,,,,
A2102771,TIFERET TORAH - SEPHARDIC HERITAGE CENTER,996 HAVERSTRAW RD,SUFFERN,NY,10901,ROCKLAND,private,,23,23,,,0.0,,109959,22.7,,,,
A1901910,DEPAUL ACADEMY,1000 S MICHIGAN ST,SOUTH BEND,IN,46601,ST. JOSEPH,private,,23,23,,,0.0,,66868,19.6,,,,
2704182,Heartland Girls Ranch,1400 MONTANA AVE,BENSON,MN,56215,Swift County,public,2-No,22,14,,,0.0,0,60412,13.9,270447004182,,,
5502623,New Horizons for Learning,1701 E Capitol Dr,Shorewood,WI,53211,Milwaukee County,public,1-Yes,22,22,75,,0.0,0,64435,22.1,551380002623,,,
2102471,William Cofield High School,1106 East Main Street,Frankfort,KY,40601,Franklin County,public,2-No,22,22,97.5,,0.0,0,65298,13,210201002471,,,
0402823,Pima County JTED - Master Pieces,2855 W MASTER PIECES DR,TUCSON,AZ,85741,Pima County,public,2-No,22,22,,,,,70315,16.7,040075202823,,,
2704787,REACH Academy,3490 LEXINGTON AVENUE N,SHOREVIEW,MN,55126,Ramsey County,public,2-No,22,13,,,0.0,0,81568,12.9,272295004787,,,
0608341,Duncan-Russell Community Day,650 W. 10th St.,Tracy,CA,95376,San Joaquin County,public,2-No,22,18,,,0.0,0.25,92179,16,060004708341,,,
2901199,BISSELL HALL,13298 BELLEFONTAINE RD,ST LOUIS,MO,63138,St. Louis County,public,2-No,22,21,,,,0,82936,12.5,290000901199,,,
2702993,SUMMIT LEARNING PROGRAM,105 W ELM ST,HOUSTON,MN,55943,Houston County,public,2-No,22,22,75,,0.0,0.2,79825,6.8,271428002993,,,
2901265,NEW DAY - DAY TREATMENT,5 MERCHANTS DR,HILLSBORO,MO,63050,Jefferson County,public,2-No,22,15,50,,,0,82851,10.6,290000901265,,,
4101873,Harmony Academy,2507 Christie Drive,Lake Oswego,OR,97034,Clackamas County,public,1-Yes,22,22,75,,0.0,0.75,103517,7.5,410723001873,,,
3606472,MACCORMICK SECURE CENTER,300 SOUTH RD,BROOKTONDALE,NY,14817,Tompkins County,public,2-No,22,22,,,,0,74024,10.9,360013106472,,,
2102325,Family Care Center,1135 Harry Sykes Way,Lexington,KY,40504,Fayette County,public,2-No,22,22,50,,0.0,0.40000001,69479,12.1,210186002325,,,
00087944,EDGEWOOD CENTER FOR CHILDREN & FAMILIES,1801 VICENTE ST,SAN FRANCISCO,CA,94116,SAN FRANCISCO,private,,22,22,,,0.0,,140970,10.1,,,,
4807086,AMTECH CAREER ACADEMY,3601 PLAINS BLVD,AMARILLO,TX,79102,Potter County,public,2-No,22,22,,,0.0,2,53249,30.8,480813007086,440123,,
5502567,Lad Lake Synergy School,2820 W Grant St,Milwaukee,WI,53215,Milwaukee County,public,2-No,22,19,90,,0.0,0,64435,22.1,550960002567,,,
A2301395,CHESTERTON ACADEMY OF OUR LADY OF GUADALUPE,21400 S NUNNELEY RD,CLINTON TOWNSHIP,MI,48035,MACOMB,private,,22,22,,,0.0,,77837,14.7,,,,
2607895,CharEm Alternative Schools,443 BAY ST,PETOSKEY,MI,49770,Emmet County,public,2-No,22,22,,,,,78112,9.3,268024007895,233541,Demanding,
2600992,Jack Reque Alternative High School,1185N STATE HIGHWAY M94,MANISTIQUE,MI,49854,Schoolcraft County,public,2-No,22,22,,,0.0,0.5,56782,21.6,262247000992,233607,Average,
1207278,TURNER/GUILFORD/KNIGHT,6300 NW 27TH AVE,MIAMI,FL,33147,Miami-Dade County,public,2-No,22,18,50,,,0,71753,16,120039007278,,,
2902715,GENTRY RESIDENTIAL TREAT. FAC.,2001 DYS DR,CABOOL,MO,65689,Texas County,public,2-No,22,22,,,,0,50036,23.2,290000902715,,,
0801669,Prairie Creek High School,56729 E COLORADO AVENUE,STRASBURG,CO,80136,Adams County,public,2-No,22,22,75,,0.0,2,94571,10.9,080675001669,060316,Demanding,
2702224,Runestone Alternative School,700 NORTHSIDE DR NE,ALEXANDRIA,MN,56308,Douglas County,public,2-No,22,22,24.5,,0.0,0,79043,7.3,270001602224,,,
2704655,Pines School - ACS,7545 4TH AVE,LINO LAKES,MN,55014,Anoka County,public,2-No,22,22,50,,0.0,0,101869,7.3,270810004655,,,
3406080,Regional Achievement Academy,100 Tornillo Way,Tinton Falls,NJ,7712,Monmouth County,public,2-No,22,19,,,0.0,0,124845,7.7,348024006080,,,
4813184,ADULT TRANSITION SERVICES,1020 WALSH TARLETON,AUSTIN,TX,78746,Travis County,public,2-No,22,22,,,,,,,,,,
2101540,Warren County Day Treatment,877 Jackson Street,Bowling Green,KY,42101,Warren County,public,2-No,21,20,,,0.0,0,65794,17.6,210573001540,,,
4207047,Berks Career and Technology Center-West Campus,1057 County Welfare Road,Leesport,PA,19533,Berks County,public,2-No,21,21,,,,,79777,17.3,428006007047,,,
5503393,PARTNER Charter School,1000 US 14 West,Richland Center,WI,53581,Richland County,public,1-Yes,21,18,,,,,66420,15.7,551296003393,,,
2704620,Pines School - RJC,7565 4TH AVE,LINO LAKES,MN,55014,Anoka County,public,2-No,21,21,,,,0,101869,7.3,270810004620,,,
0614515,Glenbrook Academy,2351 Olivera Rd.,Concord,CA,94520,Contra Costa County,public,2-No,21,18,,,0.0,0,127229,9.4,062637014515,,,
2700014,Transition 15,4111 AMBASSADOR BLVD NW,SAINT FRANCIS,MN,55070,Anoka County,public,2-No,21,21,,,,,,,,,,
2712808,WALC Extended Day,1299 W 3RD ST,WINONA,MN,55987,Winona County,public,2-No,21,21,,,,,70744,7.3,274407012808,,,
5302177,The School at Pearl Youth Residence,815 South Pearl Street,Tacoma,WA,98465,Pierce County,public,2-No,21,16,,,0.0,0,99564,10.9,530870002177,,,
2705381,Park Rapids Virtual Academy High,401 HUNTSINGER AVE,PARK RAPIDS,MN,56470,Hubbard County,public,2-No,21,21,,,0.0,0,71995,13,272808005381,,,
3310048,Synergy Academy Chartered Public School,20 FOUNDRY ST,CONCORD,NH,3301,Merrimack County,public,1-Yes,21,21,,,,,97004,6.2,339997810048,,,
0610510,Lloyd Hance Community,1510 Argonaut Rd.,Lakeport,CA,95453,Lake County,public,2-No,21,18,,,0.0,0,60621,27,069101410510,,,
3403178,MCVS Arthur R. Sypek Center,129 BULL RUN ROAD,PENNINGTON,NJ,8534,Mercer County,public,2-No,21,21,,,,,,,,,,
00077663,HANNA ACADEMY,17000 ARNOLD DR,SONOMA,CA,95476,SONOMA,private,,21,21,,,0.0,,104674,8,,,,
1207528,THE PORT ACADEMY,14470 HARLEE RD,PALMETTO,FL,34221,Manatee County,public,2-No,21,21,50,,,0,78457,12.7,120123007528,100374,Average,
2703665,Compass Online,1374 NORTHDALE BLVD,COON RAPIDS,MN,55448,Anoka County,public,2-No,21,21,,,,,101869,7.3,270318003665,,,
2101480,Audrey Grevious Center,1177 Harry Sykes Way,Lexington,KY,40504,Fayette County,public,2-No,21,20,,,0.0,0.40000001,69479,12.1,210186001480,,,
A2370906,YESHIVA NESIVOS CHAIM,221 AVE F,BROOKLYN,NY,11218,KINGS,private,,21,21,,,0.0,,80263,26.5,,,,
1600154,PARADISE CREEK REGIONAL HIGH SCHOOL,1314 SOUTH MAIN,MOSCOW,ID,83843,Latah County,public,2-No,21,21,49.5,,0.0,0.5,65424,8.4,160222000154,130412,,
4805604,TISD CHILD & ADOLESCENT SCHOOL,1200 E BRIN ST,TERRELL,TX,75160,Kaufman County,public,2-No,21,15,,,0.0,0,89485,12.6,484245005604,,,
A0302043,LONGVIEW SCHOOL,55 RESERVATION RD,DEERFIELD,NH,3037,ROCKINGHAM,private,,21,21,,,0.0,,118331,3.3,,,,
1601182,PROMISE ACADEMY,28371 EL PASO ROAD,CALDWELL,ID,83607,Canyon County,public,1-Yes,21,15,,,,,76488,10.7,160351501182,,,
1303500,Martha K. Glaze Regional Youth Detention Center,11850 Hastings Bridge Rd,Hampton,GA,30228,Clayton County,public,2-No,21,20,,,,0.5,59806,24.6,130002603500,,,
4806961,TRI CO JUVENILE DETENT,9501 DYESS,DENISON,TX,75020,Grayson County,public,2-No,21,15,,,,0,72182,13.7,484008006961,,,
0613822,Rising Sun,2243 Welty Rd.,Vernalis,CA,95385,Stanislaus County,public,2-No,20,20,,,,,,,,,,
0600901,Johanna Echols-Hansen High (Continuation),322 North Washington St.,Cloverdale,CA,95425,Sonoma County,public,2-No,20,20,75,,0.0,0,104674,8,060897000901,,,
5302164,Spokane Area Professional-Technical Skills Center,N 4141 Regal Street,Spokane,WA,99207,Spokane County,public,2-No,20,20,,,,,78582,9.1,530825002164,,,
0613807,Phoenix Rising High,1302 South Third St.,El Centro,CA,92243,Imperial County,public,2-No,20,20,,,,,,,,,,
0403711,CCASD Online Instruction,2384 N. Steves Blvd.,Flagstaff,AZ,86004,Coconino County,public,2-No,20,20,50,,0.0,0,72966,16,040016303711,,,
1601173,CTE PREP SCHOOL,300 EAST 1ST NORTH,SODA SPRINGS,ID,83267,Caribou County,public,2-No,20,14,,,,,68782,11,160300001173,,,
A1303466,RESOLUTION RANCH ACADEMY,2274 COUNTY ROAD 203 LOOP,CAMERON,TX,76520,MILAM,private,,20,20,,,0.0,,66141,20.5,,441111,Below Average,
2704656,Pines School - NSP,7555 4TH AVE,LINO LAKES,MN,55014,Anoka County,public,2-No,20,16,,,,0,101869,7.3,270810004656,,,
1207839,MONROE VIRTUAL FRANCHISE,241 TRUMBO RD,KEY WEST,FL,33040,Monroe County,public,2-No,20,16,75,5,0.0,0,87738,14.5,120132007839,,,
4805646,AUSTIN ST HOSPITAL,904 W 45TH ST BLDG #638,AUSTIN,TX,78751,Travis County,public,2-No,20,13,,,0.0,0,99611,13,480894005646,,,
2101475,Boys & Girls Haven,2301 Goldsmith Ln,Louisville,KY,40218,Jefferson County,public,2-No,20,15,,,0.0,1,69866,18.6,210299001475,,,
5302987,Swiftwater Alternative High School,4244 BULLFROG ROAD,Cle Elum,WA,98922,Kittitas County,public,2-No,20,20,,,0.0,0.1,73804,11.2,530135002987,481504,Below Average,
3606498,BRENTWOOD RESIDENTIAL CENTER,1230 COMMACK RD,DIX HILLS,NY,11746,Suffolk County,public,2-No,20,17,,,,,,,,,,
5303724,Open Door Re-Engagement,165 N.1st Ave,Othello,WA,99344,Adams County,public,2-No,20,20,,,,,66136,19.1,530648003724,,,
3606699,HARRIET TUBMAN RESIDENTIAL CENTER,6706 PINE RIDGE RD,AUBURN,NY,13021,Cayuga County,public,2-No,20,19,,,,0,67904,14.7,360013106699,,,
3606467,ONONDAGA CNTY SHERIFF'S DEPT,555 SO STATE ST,SYRACUSE,NY,13202,Onondaga County,public,2-No,19,19,,,,,76945,14.1,362859006467,,,
2101935,U of L PACT Program,Davidson Hall Room 102,Louisville,KY,40292,Jefferson County,public,2-No,19,6,,,,,,,,,,
1303517,Metro Regional Youth Detention Center,1300 Constitution Rd SE,Atlanta,GA,30316,DeKalb County,public,2-No,19,18,,,,0.5,80644,15.1,130002603517,,,
A1900925,BAIS CHANA ACADEMY HIGH SCHOOL FOR GIRLS,261 DERBY RD,ORANGE,CT,6477,SOUTH CENTRAL CONNEC,private,,19,19,,,0.0,,88197,13.2,,,,
2705559,SWWC Alternative Learning Center -,2391 HENNEPIN AVE N,GLENCOE,MN,55336,McLeod County,public,2-No,19,19,,,,,80084,6.9,270008605559,240541,Average,
2712889,Bridgeway Career Academy,5398 S BROADWAY ST,ALEXANDRIA,MN,56308,Douglas County,public,2-No,19,19,,,,,79043,7.3,270306012889,,,
2605928,Unity Alternative School,300 HIGH ST,LOWELL,MI,49331,Kent County,public,2-No,19,19,,,0.0,0.1,82631,11.2,262205005928,232362,,
0606997,Bravo Lake High,450 W. Sequoia,Woodlake,CA,93286,Tulare County,public,2-No,19,19,30,,0.0,0.60000002,71300,26.4,060141806997,,,
2903021,WHEELER HIGH,505 E 5TH ST,FULTON,MO,65251,Callaway County,public,2-No,19,19,75,,0.0,0,74176,14.1,290002003021,,,
3500971,SEQUOYAH,3405 PAN AMERICAN FWY,ALBUQUERQUE,NM,87107,Bernalillo County,public,2-No,19,14,50,,,4,69473,15.6,350001500971,,,
3800945,MINOT PUBLIC SCHOOLS 9-12 VIRTUAL ACADEMY,1100 11th Ave SW,Minot,ND,58701,Ward County,public,†,19,19,,,0.0,0,78238,9.6,381303000945,,,
1207957,PROJECT SEARCH,701 W COCOA CAUSEWAY,COCOA BEACH,FL,32931,Brevard County,public,2-No,19,19,,,,,,,,,,
4810738,HIGH POINT SCHOOL,4544 INTERSTATE 10 E,BAYTOWN,TX,77521,Harris County,public,2-No,19,14,,,0.0,0,74983,22.6,482115010738,441200,Average,
A1902354,SOLSTICE SCHOOL,20 BOWLERY DR,ROWLEY,MA,1969,ESSEX,private,,19,19,,,0.0,,101883,11,,,,
5501945,DOC: Green Bay Correctional Institution,2833 Riverside Dr,Green Bay,WI,54307,Brown County,public,2-No,19,19,,,,,,,,,,
0605827,Phoenix High Community Day,228 East Ave. H8,Lancaster,CA,93535,Los Angeles County,public,2-No,19,19,50,,0.0,1,90112,16.2,060282005827,,,
2609052,Lighthouse AcademyMuskegon Community Building,1161 W SOUTHERN AVE,MUSKEGON,MI,49441,Muskegon County,public,1-Yes,19,16,,,,,65024,22.6,260094909052,,,
0614047,Scholar Plus Online Learning,418 W. Ellis Ave.,Perris,CA,92570,Riverside County,public,2-No,19,18,90,,0.0,1,93074,10.6,063021014047,,,
4821258,GILLESPIE COUNTY H S,1110 S ADAMS,FREDERICKSBURG,TX,78624,Gillespie County,public,2-No,19,19,,,,,,,,444705,Demanding,
2705200,Credit Recovery,1506 1ST STREET,PRINCETON,MN,55371,Mille Lacs County,public,2-No,19,19,,,0.0,0,72729,11.9,273003005200,,,
1203940,DEPT. OF CORRECTIONS EDUCATIONAL PROGRAM,1300 RED JOHN DR,DAYTONA BEACH,FL,32124,Volusia County,public,2-No,19,19,,,,0,70044,15.7,120192003940,,,
0403836,The Excel Center - Papago,4837 E MCDOWELL RD,PHOENIX,AZ,85008,Maricopa County,public,1-Yes,19,19,,,,,89300,12.4,040973803836,,,
2705331,Virtual Heights Secondary,1440 49TH AVE NE,COLUMBIA HEIGHTS,MN,55421,Anoka County,public,2-No,19,16,,,0.0,0,101869,7.3,270951005331,,,
1303806,Aaron Cohn Regional Youth Detention Center,7700-B Chattsworth Rd,Midland,GA,31820,Muscogee County,public,2-No,19,14,,,,0.5,58073,19.4,130002603806,,,
5302930,Spokane Juvenile Detention School,1208 Mallen St.,Spokane,WA,99205,Spokane County,public,2-No,19,16,,,,0,78582,9.1,530001002930,,,
5303909,Nespelem High School,229 Schoolhouse loop Rd,Nespelem,WA,99155,Okanogan County,public,2-No,19,19,,,,,,,,480780,Below Average,
4101912,Compass School,322 NE Eads St,Newport,OR,97365,Lincoln County,public,2-No,19,2,,,0.0,0,63165,20.9,410750001912,,,
2705146,Pine County Transition Program,201 MAIN ST E,HINCKLEY,MN,55037,Pine County,public,2-No,19,19,,,0.0,0,71146,11.3,270001505146,,,
2607824,MALC,8664 DEAN DR,MILLINGTON,MI,48746,Tuscola County,public,2-No,19,19,75,,0.0,0,63811,14.3,262391007824,,,
3703500,Madison Velocity Learning Center,5740 US Hwy 25/70,Marshall,NC,28753,Madison County,public,2-No,19,19,90,,0.0,2,58531,18.5,370282003500,,,
4808805,ALIEF ISD J J A E P,2525 MURWORTH,HOUSTON,TX,77054,Harris County,public,2-No,18,14,,,,0,74983,22.6,480783008805,,,
0600750,Roy A. Johnson High,18400 Clifton Way,Castro Valley,CA,94546,Alameda County,public,2-No,18,18,,,0.0,0,129367,7.3,060780000750,,,
2704489,Empower Learning Center,201 MAIN ST E,HINCKLEY,MN,55037,Pine County,public,2-No,18,18,50,,0.0,0.15000001,71146,11.3,271407004489,,,
A2392124,NORTHEAST CHRISTIAN HIGH SCHOOL,1702 N ELSON ST,KIRKSVILLE,MO,63501,ADAIR,private,,18,18,,,0.0,,61536,17.3,,260430,Demanding,
2901273,CAMP AVERY PARK CAMP,198 AVERY LN,TROY,MO,63379,Lincoln County,public,2-No,18,17,50,,,0,89278,9,290000901273,,,
4807778,ATASCOSA COUNTY JUVENILE JUSTICE CENTER,1511 ZANDERSON AVE,JOURDANTON,TX,78026,Atascosa County,public,2-No,18,11,,,,,,,,,,
2101842,Breathitt Learning Academy,2665 Hwy 30 W,Jackson,KY,41339,Breathitt County,public,2-No,18,11,,,,0,34808,39.9,210069001842,,,
2704318,Step TD Program,720 9TH AVE,HOWARD LAKE,MN,55349,Wright County,public,2-No,18,18,,,,,,,,,,
5502513,Vernon County Area Better Futures High,100 Blackhawk Dr,Viroqua,WI,54665,Vernon County,public,1-Yes,18,18,75,,0.0,0,71893,18.7,551536002513,,,
0608853,Pioneer High (Continuation),501 North Ave.,Gustine,CA,95322,Merced County,public,2-No,18,18,74.5,,0.0,0.25,65510,23.3,061632308853,,,
0403362,Gila Valley Learning Center,170 S. Main Street,Pima,AZ,85543,Graham County,public,2-No,18,18,,,0.0,0,67325,17.6,040644003362,,,
1303509,Macon Regional Youth Detention Center,4164 Riggins Mill Rd,Macon,GA,31217,Bibb County,public,2-No,18,15,,,,0.5,51234,30.8,130002603509,,,
4702297,Transitions at Bass,5200 Delaware AVE,Nashville,TN,37209,Davidson County,public,2-No,18,18,10,,0.0,0,77853,17.3,470318002297,,,
5600358,New Frontier High School,1401 Lincoln Heights Drive,Kemmerer,WY,83101,Lincoln County,public,2-No,18,18,,,0.0,0.25,89330,6.6,560403000358,510061,Average,
1304302,Telfair Alternative Preparation School,212 Huckabee St,Mc Rae Helena,GA,31055,Telfair County,public,2-No,18,12,,,0.0,0,50929,33.1,130483004302,112720,,
0600732,MARC High,2580 West Tahoe Ave.,Caruthers,CA,93609,Fresno County,public,2-No,18,18,75,,0.0,0,74201,24.5,060006700732,,,
1600912,FIVE-COUNTY DETENTION CENTER,423 N 2300 E,ST ANTHONY,ID,83445,Fremont County,public,2-No,18,16,,,0.0,0,72683,13.4,160111000912,,,
2702695,Hilltop ALP,700 SOUTH STREET,HENDERSON,MN,56044,Sibley County,public,2-No,18,18,,,,,77634,7.9,271807002695,,,
4601337,Abbott House High School - 07,909 Court Merrill St,Mitchell,SD,57301,Davison County,public,†,18,18,,,0.0,0,66208,10.1,464839001337,,,
2712879,INSITE,50 NAVAHO AVE,MANKATO,MN,56001,Blue Earth County,public,2-No,18,18,,,,,,,,,,
4206770,Chester County Technical College High School - Pennocks,280 Pennocks Bridge Road,West Grove,PA,19390,Chester County,public,2-No,18,18,,1,0.0,2,127208,6,420290006770,,,
4823056,PORCUPINE ACADEMY,301 E FIFTH ST,SPRINGTOWN,TX,76082,Parker County,public,2-No,18,18,,,,,104443,8.1,484128023056,,,
A1302958,PROSPECT GROVE HIGH SCHOOL,1290 PROSPECT RD,COLUMBIA,PA,17512,LANCASTER,private,,18,18,,,0.0,,86959,10.2,,395180,Demanding,
5303897,LINCOLN COUNTY PATHWAYS ACADEMY,801 7th St,Davenport,WA,99122,Lincoln County,public,2-No,18,18,,,,,71512,17.7,530201003897,,,
0610561,Carr Lake Community Day,10 Sherwood Pl.,Salinas,CA,93906,Monterey County,public,2-No,18,14,,,0.0,1,97230,15.7,063398010561,,,
4808224,HALE COUNTY JJAEP,1200 HOUSTON ST,PLAINVIEW,TX,79072,Hale County,public,2-No,18,14,,,,,,,,,,
4808932,PATHFINDER CAMP,20800 FM 150 W,DRIFTWOOD,TX,78619,Hays County,public,1-Yes,18,12,,,0.0,0,89097,7.5,480007108932,,,
1203690,FLORIDA YOUTH CHALLENGE ACADEMY,RTE 1 BOX 550,CAMP BLANDING STARKE,FL,32091,Clay County,public,2-No,17,17,,,0.0,0,87820,10.3,120030003690,,,
4823151,TEXASWORKS - HOUSTON-GALLERY FURNITURE,6006 N FWY STE F,HOUSTON,TX,77076,Harris County,public,1-Yes,17,17,,,,,74983,22.6,489913623151,,,
2901195,HOGAN ST REGIONAL YOUTH CTR.,1839 HOGAN ST,ST LOUIS,MO,63106,St. Louis city,public,2-No,17,17,50,,,0,56160,32,290000901195,,,
2704986,Benton Stearns Education District 1,324 3RD AVE SOUTH,SAUK RAPIDS,MN,56379,Benton County,public,2-No,17,17,,,,,,,,,,
2902712,RIVERBEND TREATMENT CTR.,5910 MITCHELL AVE,ST JOSEPH,MO,64507,Buchanan County,public,2-No,17,15,75,,,0,62158,15.6,290000902712,,,
BB180775,MEOROS GIRLS HIGH SCHOOL,11200 S APOPKA,VINELAND,FL,32836,ORANGE,private,,17,17,,,0.0,,79719,16.1,,,,
3102019,NCYF COMMUNITY HIGH SCHOOL,2610 N 20TH ST EAST,OMAHA,NE,68110,Douglas County,public,†,17,17,50,,0.0,0,80391,12.6,310017702019,280280,Very Demanding,
0609270,S.F. County Court Woodside Learning Ctr,375 Woodside Ave. W1,San Francisco,CA,94127,San Francisco County,public,2-No,17,16,50,,,1.02,140970,10.1,069111109270,,,
0604089,Scott River High,450 Campus Way,Etna,CA,96027,Siskiyou County,public,2-No,17,17,75,,0.0,0.15000001,59095,20.3,060015904089,,,
2102470,The Center for Academic Improvement,3361 Buckland Square,Owensboro,KY,42301,Daviess County,public,2-No,17,13,,,0.0,0,68214,15.2,210147002470,,,
2705337,Laker Transitions,1104 WEST RIVER ROAD,DETROIT LAKES,MN,56501,Becker County,public,2-No,17,17,,,,,,,,,,
2101868,Gateway Children's Services,37 North Maysville,Mount Sterling,KY,40353,Montgomery County,public,2-No,17,15,,,,0,56396,16,210425001868,,,
2601409,Presque Isle Academy,20830 CEDAR ST,ONAWAY,MI,49765,Presque Isle County,public,1-Yes,17,17,50,,0.0,0,59321,18.1,260026901409,,,
2705468,Newport Academy,1726 7TH AVE S,SAINT CLOUD,MN,56301,Stearns County,public,2-No,17,14,,,,,77066,11.5,273351005468,,,
4101917,Multnomah Inverness School,11540 NE Inverness Dr,Portland,OR,97220,Multnomah County,public,2-No,17,17,,,,,,,,,,
1304683,Devereux Ackerman Academy - Gwinnett,650 Hi Hope Lane,Lawrenceville,GA,30043,Gwinnett County,public,2-No,17,14,,,,,87890,13.6,130255004683,,,
0607609,Prospect Community Day,2710 Kilgore Rd.,Rancho Cordova,CA,95670,Sacramento County,public,2-No,17,10,,,0.0,0.5,92175,15.4,061389007609,,,
0606604,Alps View High (Continuation),321 Victory Ln.,Weaverville,CA,96093,Trinity County,public,2-No,17,17,75,,0.0,0,53002,30.6,060133106604,050222,,
2702600,917 Riverside School,1600 HIGHWAY 55,HASTINGS,MN,55033,Dakota County,public,2-No,17,15,,,,0,106318,5.9,270002602600,,,
A0502247,SHORTRIDGE ACADEMY,619 GOVERNORS RD,MILTON,NH,3851,STRAFFORD,private,,17,17,,,0.0,,88570,6.5,,300414,,
2705463,Tokata ALC Independent Study,1110 SHAKOPEE TOWN SQUARE,SHAKOPEE,MN,55379,Scott County,public,2-No,17,17,,,,,119314,4.9,273300005463,,,
2101524,Panther Transition Academy,328 Shelby Street,Frankfort,KY,40601,Franklin County,public,2-No,17,16,75,,0.0,0,65298,13,210198001524,,,
0609855,Irwin High (Continuation),7807 North Lander Ave,Hilmar,CA,95324,Merced County,public,2-No,16,16,69.5,,0.0,0.1,65510,23.3,061722009855,050017,Below Average,
BB100743,KESHET HIGH SCHOOL,8233 CENTRAL PARK,SKOKIE,IL,60077,COOK,private,,16,16,,,0.0,,83498,17.3,,,,
5302883,Lewis County Juvenile Detention,1255 SW Pacific St,CHEHALIS,WA,98532,Lewis County,public,2-No,16,11,,,,,74796,12.8,530117002883,,,
0613703,Harvest High,729 West Main St.,Ripon,CA,95366,San Joaquin County,public,2-No,16,16,90,,0.0,0,92179,16,063288013703,,,
1207828,SECONDARY STUDENT SUCCESS CENTER 802,6300 NW 27TH AVE,MIAMI,FL,33147,Miami-Dade County,public,2-No,16,0,,,,0,71753,16,120039007828,,,
4207058,Crawford County Career and Technical Center,860 Thurston Road,Meadville,PA,16335,Crawford County,public,2-No,16,16,,,,,60476,20.8,428017007058,,,
4601138,Structured Teaching - 12,201 N West Ave,Sioux Falls,SD,57104,Minnehaha County,public,†,16,8,,,0.0,0.25,76880,7.3,466627001138,,,
0609248,Hillcrest at Youth Services Center,10 Loop Rd.,San Mateo,CA,94402,San Mateo County,public,2-No,16,13,50,,,0.1,158855,6.7,069103309248,,,
A2301489,CHESTERTON ACADEMY OF OMAHA,5301 S 36TH ST,OMAHA,NE,68107,DOUGLAS,private,,16,16,,,0.0,,80391,12.6,,,,
4601185,Grass Ranch Colony High School - 15,36570 258th St,Kimball,SD,57355,Brule County,public,†,16,16,,,0.0,0,73720,15.6,463822001185,,,
5600573,Peak High School,1207 13th Street,Wheatland,WY,82201,Platte County,public,2-No,16,16,75,,0.0,0,67718,11.7,560509000573,510061,Average,
1203692,COLLIER JUVENILE DETENTION CENTER,3315 TAMIAMI TRL E,NAPLES,FL,34112,Collier County,public,2-No,16,15,,,,0,90045,12.2,120033003692,,,
2101860,Mary Ryan Academy,3307 East Indian Trail,Louisville,KY,40213,Jefferson County,public,2-No,16,16,,,0.0,0,69866,18.6,210299001860,181581,,
4813463,YOUTH VILLAGE DETENTION CENTER,111 CAMINO NUEVO RD HWY 359,LAREDO,TX,78043,Webb County,public,2-No,16,14,,,,,,,,,,
0609271,Solano Co Juve Detention Facility - Evergreen Acad,740 Beck Ave.,Fairfield,CA,94533,Solano County,public,2-No,16,16,49.5,,,0,100401,11.2,069112209271,,,
5600596,White Hawk Academy,201 N. 15th Street,Worland,WY,82401,Washakie County,public,2-No,16,16,,,,,65714,10.8,560624000596,,,
2703890,Wings Alternative Program,1326 E RIPLEY ST,LITCHFIELD,MN,55355,Meeker County,public,2-No,16,16,,,0.0,0,75446,7,270004503890,,,
A2303090,BRIGHTALITY,1 BROWN AVE,SAINT ALBANS,VT,5478,FRANKLIN,private,,16,16,,,0.0,,81313,8.9,,,,
4823146,TEXASWORKS - BROWNSVILLE,955 PAREDES LINE RD,BROWNSVILLE,TX,78521,Cameron County,public,1-Yes,16,16,,,,,52601,31,489913623146,,,
0607439,Anderson Community Day,5250 West Anderson Dr.,Anderson,CA,96007,Shasta County,public,2-No,16,16,,,0.0,0.33000001,72636,14.5,060270007439,,,
1203396,AMI KIDS TAMPA,1730 MARITIME BLVD,TAMPA,FL,33605,Hillsborough County,public,2-No,16,6,,,,0,79540,13.5,120087003396,,,
0611284,Kings Lake Education Center,1128 South Dairy Ave.,Corcoran,CA,93212,Kings County,public,2-No,16,16,,,,,,,,052171,Below Average,
4600307,A.C.E. High Academy - 06,527 Montgomery St,Custer,SD,57730,Custer County,public,†,16,16,,,,,84112,11.6,461695000307,,,
1303487,Crisp RYDC,130 Haralson Rd,Cordele,GA,31015,Crisp County,public,2-No,16,13,,,,0.5,45105,32.5,130002603487,,,
2703643,INTENSIVE INTERAGENCY PROGRAM,616 RENO ST,HAWLEY,MN,56549,Clay County,public,2-No,16,12,,,0.0,0,81172,9.5,270004003643,,,
0403625,NAVIT - Northland Pioneer College WMC,1001 W DEUCE OF CLUBS,SHOW LOW,AZ,85901,Navajo County,public,2-No,16,16,,,,,54606,31.4,040019703625,,,
5303911,LSSD Open Doors,12309 22nd St Ne,Lake Stevens,WA,98258,Snohomish County,public,2-No,15,15,,,,,111246,8.9,530420003911,,,
5303691,Nooksack Reengagement,3326 E Badger Rd,Everson,WA,98247,Whatcom County,public,2-No,15,15,,,,,,,,,,
2702442,SPECIAL ED.,6425 W 33RD ST,SAINT LOUIS PARK,MN,55426,Hennepin County,public,2-No,15,15,,,0.0,0,97653,8.9,273378002442,,,
2600275,Clarence Fischer Center,1020 COMMERCE DR,VASSAR,MI,48768,Tuscola County,public,2-No,15,14,10,,0.0,0,63811,14.3,263471000275,,,
0607825,Beckwourth (Jim) High (Continuation),155 Sixth Ave.,Portola,CA,96122,Plumas County,public,2-No,15,15,,,0.0,0,66031,16.6,063117007825,050222,,
4207073,Lancaster County Career and Technology Center - Mt Joy,432 Old Market St,Mount Joy,PA,17552,Lancaster County,public,2-No,15,15,,,0.0,1,86959,10.2,428027007073,,,
2101258,Morehead Youth Development Center,495 Forest Hills Drive,Morehead,KY,40351,Rowan County,public,2-No,15,13,,,,0,54321,23.8,210510001258,,,
0613911,Pinnacles Community,191 Alvarado St.,Hollister,CA,95023,San Benito County,public,2-No,15,15,,,,,114394,10.1,069102813911,,,
1600827,CLOVER CREEK HIGH SCHOOL,697 JACKSON,MONTPELIER,ID,83254,Bear Lake County,public,2-No,15,15,75,,0.0,1,75260,12.1,160024000827,130065,Average,
4809422,WICHITA COUNTY JUVENILE JUSTICE AEP,401 BURKBURNETT RD,WICHITA FALLS,TX,76306,Wichita County,public,2-No,15,11,,,,0,63524,14.4,484578009422,,,
2712822,SWMetro New Beginnings ALC,303 E 6TH ST,CHASKA,MN,55318,Carver County,public,2-No,15,15,,,,,125946,2.8,270042012822,,,
4207094,Northumberland County Career and Technology Center,1700-2000 West Montgomery Street,Coal Township,PA,17866,Northumberland County,public,2-No,15,15,,,,,,,,,,
A2103401,SOPHIA ACADEMY,5900 N 5TH ST,PHILADELPHIA,PA,19120,PHILADELPHIA,private,,15,15,,,0.0,,61953,28.9,,,,
2704999,SWMetro Reflections,4601 DEAN LAKES BLVD,SHAKOPEE,MN,55379,Scott County,public,2-No,15,11,,,0.0,0,119314,4.9,270042004999,,,
3000114,MT Sch For Deaf & Blnd HS,3911 Central Ave,Great Falls,MT,59405,Cascade County,public,†,15,15,,,0.0,1,67690,12.1,300010000114,270405,,
1208946,RANDALL ACADEMY,3307 CLARCONA RD,APOPKA,FL,32703,Orange County,public,2-No,15,15,,,0.0,0,79719,16.1,120144008946,,,
2704383,TRANSITION 2 SUCCESS,2002 MANTORVILLE AVE N,KASSON,MN,55944,Dodge County,public,2-No,15,15,,,0.0,0,95739,7.1,270005404383,,,
1304354,Cadwell RYDC,2839 Railroad Ave,Cadwell,GA,31009,Laurens County,public,2-No,15,12,,,,0.5,55010,29.4,130002604354,,,
A2190509,BUILDING BRIDGES ACADEMY,1835 BLUE SLIDE RD,THOMPSON FALLS,MT,59873,SANDERS,private,,15,15,,,0.0,,57476,18,,,,
2705501,Wings Transition Program,60 CENTRAL AVE W,SAINT MICHAEL,MN,55376,Wright County,public,2-No,15,15,,,,,,,,,,
4807605,FORT BEND CO ALTER,400 COEN RD,ROSHARON,TX,77583,Fort Bend County,public,2-No,15,15,,,,,,,,,,
2608973,The LINK  A Pathway to Success,2130 E M 36,PINCKNEY,MI,48169,Livingston County,public,2-No,15,15,50,,0.0,0,103039,4.7,262814008973,,,
A2392115,MANKATO CHRISTIAN ACADEMY,709 S BROAD ST,MANKATO,MN,56001,BLUE EARTH,private,,15,15,,,0.0,,74477,9.6,,240267,,
4207099,Fayette County Career & Technical Institute,175 Georges Fairchance Road,Uniontown,PA,15401,Fayette County,public,2-No,15,15,,,,,58236,16.7,428056007099,394952,,
2609070,Lighthouse AcademyBarry County Community Building,2950 W M 179 HWY,HASTINGS,MI,49058,Barry County,public,1-Yes,15,11,,,,,77500,10.1,260094909070,,,
A1790516,THE MOMENTUM ACADEMY,2732 FM 528,WEBSTER,TX,77598,HARRIS,private,,15,15,,,0.0,,74983,22.6,,,,
2102579,Heartland Youth Village,1013 Granite Drive,Bardstown,KY,40004,Nelson County,public,2-No,15,10,,,,,69562,14.3,210441002579,,,
4813466,YOUTH RECOVERY HOME,402 RIVERHILL LOOP,LAREDO,TX,78043,Webb County,public,2-No,15,13,,,,,,,,,,
2705080,Glacial Ridge Transitional Skills P,616 RENO ST,HAWLEY,MN,56549,Clay County,public,2-No,15,12,,,0.0,0,81172,9.5,270004005080,,,
4808139,AMADOR R RODRIGUEZ JUVENILE BOOT CAMP,2300 W BUS HWY 77,SAN BENITO,TX,78586,Cameron County,public,2-No,15,15,,,,,,,,,,
2101678,Madison County Day Treatment,300 Bellevue Dr,Richmond,KY,40475,Madison County,public,2-No,15,13,,,0.0,0,63351,16.3,210372001678,,,
A0701732,YESHIVA NER TORAH,58 PARKER BLVD,MONSEY,NY,10952,ROCKLAND,private,,15,15,,,0.0,,109959,22.7,,,,
4816986,ECTOR CO YOUTH CTR,1401 YUKON RD,ODESSA,TX,79762,Ector County,public,2-No,14,13,,,,,,,,,,
2002082,USD 331 Virtual School,115 North Main Street,Kingman,KS,67068,Kingman County,public,2-No,14,14,50,,0.0,0,59842,13.1,200807002082,,,
2608882,Ottawa High Transition,2055 ROSEWOOD AVE SE,GRAND RAPIDS,MI,49506,Kent County,public,2-No,14,14,50,,0.0,0,82631,11.2,261644008882,,,
4807968,HIDALGO CO J J A E P,3900 N 23RD ST,MCALLEN,TX,78501,Hidalgo County,public,2-No,14,10,,,,,54338,32.3,484496007968,,,
2901185,SIERRA-OSAGE TREATMENT CTR.,9200 SIERRA OSAGE CIRCLE,POPLAR BLUFF,MO,63901,Butler County,public,2-No,14,12,75,,,0,49089,26.4,290000901185,,,
A2380007,CHESTERTON ACADEMY OF THE ROGUE VALLEY,600 BEEBE RD,CENTRAL POINT,OR,97502,JACKSON,private,,14,14,,,0.0,,73999,12.7,,,,
4823147,TEXASWORKS - CORPUS CHRISTI,5130 KOSTORYZ RD,CORPUS CHRISTI,TX,78415,Nueces County,public,1-Yes,14,14,,,,,66897,19.7,489913623147,,,
1208461,POLK GRAD ACADEMY,910 LOWRY AVE,LAKELAND,FL,33801,Polk County,public,2-No,14,14,68,,0.0,1,65978,17.3,120159008461,,,
4207107,Indiana County Technology Center,441 Hamill Rd,Indiana,PA,15701,Indiana County,public,2-No,14,14,,,,,60208,20.1,428066007107,,,
4207086,SUN Area Technical Institute,815 Market St,New Berlin,PA,17855,Union County,public,2-No,14,14,,,0.0,1,76404,11.3,428042007086,391940,Below Average,
2704252,ROCK BEND HS ALC,801 DAVIS ST,SAINT PETER,MN,56082,Nicollet County,public,2-No,14,14,75,,0.0,0,79756,7,273387004252,,,
5303324,Yakima Satellite Alternative Programs,802 River Rd,Yakima,WA,98902,Yakima County,public,2-No,14,14,,,0.0,0.25,70656,21,531011003324,,,
2712789,Crossroads East,900 189TH AVE NE,EAST BETHEL,MN,55011,Anoka County,public,2-No,14,12,,,,,101869,7.3,273354012789,,,
4810727,HIGHPOINT SCHOOL EAST (CROSBY),8003 E SAM HOUSTON PKWY,HOUSTON,TX,77049,Harris County,public,2-No,14,13,,,,,,,,441632,Average,
2703329,MN CORRECTIONAL FACILITY-ST. CLOUD,2305 MINNESOTA BLVD SE,SAINT CLOUD,MN,56302,Sherburne County,public,2-No,14,14,,,,,105466,5.6,270027203329,,,
5302929,Structural Alt Confinement School,1208 W. Mallen St.,Spokane,WA,99205,Spokane County,public,2-No,14,14,,,,0,78582,9.1,530001002929,,,
0605929,Bill M. Manes High,676 Baseline Rd.,Winterhaven,CA,92283,Imperial County,public,2-No,14,14,69.5,,0.0,0.25,57681,23.8,063507005929,,,
A1399031,EDITH ROBINSON CHRISTIAN ACADEMY,4355 W SUNRISE BLVD,PLANTATION,FL,33313,BROWARD,private,,14,14,,,0.0,,77633,13.5,,100788,,
5303109,Loowit High School,1904 Allen St,Kelso,WA,98626,Cowlitz County,public,2-No,14,14,,,0.0,0,76531,12.6,530000303109,481351,Below Average,
A0503615,YESHIVA AISH KODOSH TALMUDICAL ACADEMY,612 COLONIAL AVE,NORFOLK,VA,23507,NORFOLK,private,,14,14,,,0.0,,66109,22.5,,,,
5302917,Cowlitz County Youth Services Center,1725 1st Ave.,Longview,WA,98632,Cowlitz County,public,2-No,14,14,,,0.0,0,76531,12.6,530000502917,,,
2102444,Pike County Day Treatment,5279 North Mayo Trail,Pikeville,KY,41501,Pike County,public,2-No,14,5,,,,0,44312,21.8,210480002444,,,
3702213,J. C. Roe Center,2875 Worth Drive,Wilmington,NC,28412,New Hanover County,public,2-No,14,9,,,0.0,1,75166,13.1,370333002213,344351,,
2704436,WIN-High School,15770 18TH STREET NE,LITTLE FALLS,MN,56345,Morrison County,public,2-No,14,14,,,0.0,0,69446,8.8,270007304436,241535,Average,
2608615,Lighthouse Academy  The Port,205 E APPLE AVE,MUSKEGON,MI,49442,Muskegon County,public,1-Yes,14,13,,,,,65024,22.6,260094908615,,,
2609011,Lighthouse Academy  Juvenile Justice Institute,12263 JAMES ST,HOLLAND,MI,49424,Ottawa County,public,1-Yes,14,12,,,0.0,0,90502,8.2,260094909011,,,
4807181,NORTH EAST J J A E P,1402 N HACKBERRY,SAN ANTONIO,TX,78208,Bexar County,public,2-No,14,8,,,,,72341,17.1,483294007181,,,
2704404,Willows,10300 FLANDERS ST NE,BLAINE,MN,55449,Anoka County,public,2-No,14,14,,,0.0,0,101869,7.3,270226404404,,,
5502110,Copper Lake School,W4380 Copper Lake Ave,Irma,WI,54442,Lincoln County,public,2-No,14,14,,,,1,68164,10.8,550003502110,,,
0607905,Vine Street Community Day,645 North Prospect St.,Porterville,CA,93257,Tulare County,public,2-No,14,13,,,0.0,0,71300,26.4,060006407905,,,
4823118,TRUE NORTH SHENANDOAH,123 VISION PARK BLVD,SHENANDOAH,TX,77384,Montgomery County,public,2-No,14,14,,,,,,,,,,
0505201,PREMIER HIGH SCHOOL OF FAYETTEVILLE,400 HARDIN RD SUITE 120,LITTLE ROCK,AR,72202,Washington County,public,1-Yes,14,14,,,,,70639,14.4,050040805201,040772,,
0401413,Riverview High School,1501 W GUADALUPE RD,MESA,AZ,85202,Maricopa County,public,2-No,14,11,,,,,89300,12.4,040497001413,,,
5302097,Cascadia Technical Academy Skills Center,12200 NE 28th Street,Vancouver,WA,98682,Clark County,public,2-No,14,14,,,,,97536,8.5,530270002097,,,
2102329,High School Homebound,108 Roy Kidd Ave,Corbin,KY,40701,Whitley County,public,2-No,14,14,,,0.0,0,44615,31.4,210132002329,,,
2901261,LEWIS AND CLARK HALL,13311 BELLEFONTAINE RD,ST LOUIS,MO,63138,St. Louis County,public,2-No,14,14,,,,0,82936,12.5,290000901261,,,
1303511,Bob Richards Regional Youth Detention Center,200 Marable Way NW,Rome,GA,30165,Floyd County,public,2-No,14,11,,,,0.5,65565,20.7,130002603511,,,
5303574,Blaine Re-Engagement,Bellingham Technical College,Bellingham,WA,98225,Whatcom County,public,2-No,14,14,,,,,,,,,,
A2104135,HORIZON HIGH,659 N WHITNEY WAY,MADISON,WI,53705,DANE,private,,14,14,,,0.0,,89975,6.2,,,,
A2301935,CHESTERTON ACADEMY OF AKRON,1580 BROWN ST,AKRON,OH,44301,SUMMIT,private,,13,13,,,0.0,,71622,16.3,,,,
4807364,JEFFERSON CO YOUTH ACAD,5030 STE 100 HWY 69,BEAUMONT,TX,77705,Jefferson County,public,2-No,13,8,,,,,,,,,,
4207096,Northern Tier Career Center,120 Career Center,Towanda,PA,18848,Bradford County,public,2-No,13,13,,,,,63675,11.2,428051007096,,,
0602661,Sunrise High (Continuation),7454 Pine Blvd.,Pine Valley,CA,91962,San Diego County,public,2-No,13,13,75,,0.0,0,106268,10.8,062610002661,050456,,
2002119,Beyond the Bell,2540 Junction Rd.,Kansas City,KS,66106,Wyandotte County,public,2-No,13,13,,,0.0,0,63631,19,201236002119,,,
A2392121,LAKESHORE ACADEMY,1353 LAKE SHORE DR,BRANSON,MO,65616,TANEY,private,,13,13,,,0.0,,56497,19,,,,
4111350,Warrior Academy,820 SW Cedar Ave,Warrenton,OR,97146,Clatsop County,public,2-No,13,13,,,,,71822,16.1,411308011350,,,
2102487,Ashland Alternative School,2208 Diniaco Drive,Ashland,KY,41101,Boyd County,public,2-No,13,9,,,,,61118,20.5,210015002487,,,
A2300153,CHESTERTON ACADEMY OF THE MOST HOLY EUCHARIST,200 CLARK AVE,YUBA CITY,CA,95991,SUTTER,private,,13,13,,,0.0,,79704,15.1,,,,
3606685,ERIE COUNTY DETENTION FACILITY,810 EAST FERRY ST,BUFFALO,NY,14202,Erie County,public,2-No,13,13,,,,0,72839,14.2,360585006685,,,
A0700871,VALOR JR SR HIGH SCHOOL,15161 N 400 E RD,FLANAGAN,IL,61740,LIVINGSTON,private,,13,13,,,0.0,,73790,14.2,,,,
2608748,SAIL Skills for Adult Independent Living,611 HAGADORN RD,MASON,MI,48854,Ingham County,public,2-No,13,0,,,,0,65526,16.6,268052008748,,,
0607814,Soldier Mountain High (Continuation),44144 A St.,McArthur,CA,96056,Shasta County,public,2-No,13,13,75,,0.0,0.25,72636,14.5,061347007814,050222,,
3800896,SUNDALE COLONY HIGH SCHOOL,14226 75th St SE,Milnor,ND,58060,Ransom County,public,†,13,6,,,0.0,0,75736,10.7,381293000896,,,
1208761,PINECREST COLLEGIATE ACADEMY,13993 MAILER BLVD,ORLANDO,FL,32828,Orange County,public,1-Yes,13,0,,,,0,79719,16.1,120144008761,,,
0612412,Bishop Independent Study,2001 Sugar Loaf Rd.,Big Pine,CA,93513,Inyo County,public,2-No,13,13,75,,0.0,0.25,73991,13.9,060140912412,050743,,
1601049,INDIANHEAD ACADEMY HIGH SCHOOL,2235 PADDOCK AVENUE,WEISER,ID,83672,Washington County,public,2-No,13,13,,,0.0,0.2,54000,15.4,160333001049,,,
A1101171,WATERSHED SCHOOL,1 FREE ST,CAMDEN,ME,4843,KNOX,private,,13,13,,,0.0,,74096,9.7,,,,
5303676,Selah Academy Auxiliary,2280 WA-821,Yakima,WA,98901,Yakima County,public,2-No,13,13,,,,,70656,21,530777003676,,,
4809035,JUVENILE JUSTICE ALTERNATIVE ED PROGRAM,3131 SANQUINET,FORT WORTH,TX,76107,Tarrant County,public,2-No,12,10,,,,,,,,440485,,
A2300151,CHESTERTON ACADEMY OF ST JAMES,322 MIDDLEFIELD RD,MENLO PARK,CA,94025,SAN MATEO,private,,12,12,,,0.0,,158855,6.7,,,,
2102284,HOME INSTRUCTION H.S.,106 North Front Avenue,Petersburg,KY,41653,Floyd County,public,2-No,12,12,,,0.0,0,41279,33.1,210195002284,,,
3703600,Northampton Virtual Academy,701 N Church St,Jackson,NC,27845,Northampton County,public,2-No,12,10,,,0.0,0,50086,33.6,370342003600,,,
2609099,SAIL  Lansing,200 N FOSTER AVE,LANSING,MI,48912,Ingham County,public,2-No,12,0,,,,,65526,16.6,268052009099,,,
2901358,WILSON CREEK GROUP HOME,3992 W SUNSHINE,SPRINGFIELD,MO,65807,Greene County,public,2-No,12,10,,,,0,61479,10.8,290000901358,,,
0611674,Gene Drevno Community Day,2291 West Washington Ave.,Torrance,CA,90501,Los Angeles County,public,2-No,12,12,,,0.0,1,90112,16.2,063942011674,,,
0608638,Gateway Community Day,17752 Shasta Dam Blvd.,Shasta Lake,CA,96019,Shasta County,public,2-No,12,5,,,0.0,0,72636,14.5,061495008638,,,
2901226,FORT BELLEFONTAINE CAMPUS,13290 BELLEFONTAINE RD,ST LOUIS,MO,63138,St. Louis County,public,2-No,12,12,50,,,0,82936,12.5,290000901226,,,
4823131,TRINITY CHARTER SCHOOLS - BEAUMONT CAMPUS,1325 W VIRGINIA,BEAUMONT,TX,77705,Jefferson County,public,1-Yes,12,9,,,,,60026,21.8,480025923131,,,
0614598,Murrieta Options Academy,24150 Hayes Ave.,Murrieta,CA,92562,Riverside County,public,2-No,12,12,,,0.0,0.25,93074,10.6,060002914598,,,
1208681,LOWER KEYS ACADEMIC CONNECTIONS FOR EXCELLENCE,2100 FLAGLER AVE,KEY WEST,FL,33040,Monroe County,public,2-No,12,12,,,0.0,1,87738,14.5,120132008681,,,
3310036,Robert Frost Charter School (H),110 Main Street,Conway,NH,3818,Carroll County,public,1-Yes,12,12,,,,,86463,9.8,330328710036,,,
2607957,Cotton Correctional Facility,3500 N ELM AVE,JACKSON,MI,49201,Jackson County,public,2-No,12,0,,,,,66073,14.2,260000107957,,,
A1701962,PATHWAYS SCHOOL--ANNE ARUNDEL,1819 BAY RIDGE AVE STE 340,ANNAPOLIS,MD,21403,ANNE ARUNDEL,private,,12,12,,,0.0,,124911,7.3,,,,
A2301847,WAKE MONARCH ACADEMY,824 N BLOODWORTH ST,RALEIGH,NC,27604,WAKE,private,,12,12,,,0.0,,105768,9.6,,344529,,
2102169,Spring Meadows,310 Hope St,Mt Washington,KY,40047,Bullitt County,public,2-No,12,6,,,0.0,0,80558,10.2,210075002169,,,
4209930,Career Technology Center of Lackawanna County,3201 Rockwell Avenue,Scranton,PA,18508,Lackawanna County,public,2-No,12,12,,,,,66223,18.3,428026009930,391134,,
4610808,Spring Lake Colony High School,21727 452nd Ave,Arlington,SD,57212,Kingsbury County,public,†,12,12,,,,,74000,10.5,468044710808,,,
0607329,Community High (Continuation),1004 David Ave.,Pacific Grove,CA,93950,Monterey County,public,2-No,12,12,75,,0.0,0.2,97230,15.7,062937007329,050222,,
4823166,TEXASWORKS - HOUSTON-CHAMPIONS,3355 CYPRESS CREEK PWKY,HOUSTON,TX,77068,Harris County,public,1-Yes,12,12,,,,,74983,22.6,489913623166,,,
4807476,JUVENILLE JUSTICE ALTERNATIVE PROGRAM,111 CAMINO NUEVO RD,LAREDO,TX,78043,Webb County,public,2-No,12,12,,,,0,63058,28,484365007476,440485,,
3905552,Evolve Academy,222 S Broadway St,Medina,OH,44256,Medina County,public,2-No,12,9,,,0.0,0.5,94968,5.8,390443805552,,,
5303453,Northshore Online Reengagement Program,3330 Monte Villa Parkway,Bothell,WA,98021,Snohomish County,public,2-No,12,12,,,0.0,0,111246,8.9,530591003453,,,
4814014,SAFE HAVEN,28158 SH 6,HEMPSTEAD,TX,77445,Waller County,public,1-Yes,12,4,,,0.0,0,80397,16,480007114014,,,
4823157,TEXASWORKS - SAN ANTONIO-INGRAM,6218 NW LOOP 410,SAN ANTONIO,TX,78238,Bexar County,public,1-Yes,12,12,,,,,,,,,,
2702766,NEW LONDON ALTERNATIVE SCHOOL,101 4TH AVE SW,NEW LONDON,MN,56273,Kandiyohi County,public,2-No,12,12,,,,,76592,9.7,272340002766,,,
4207057,Clearfield County Career & Technology Center,1620 River Road,Clearfield,PA,16830,Clearfield County,public,2-No,12,12,,,,,62152,19.8,428016007057,,,
4808069,VAN ZANDT CO YOUTH MULTI-SERVICE CTR,323 E GARLAND ST,GRAND SALINE,TX,75140,Van Zandt County,public,2-No,12,11,,,,0,69475,16.7,482145008069,,,
4812122,RGV YOUTH RECOVERY HOME,29783 RANGERVILLE RAOD,SAN BENITO,TX,78586,Cameron County,public,2-No,12,10,,,0.0,1,52601,31,483879012122,,,
4806999,FORT BEND CO ALTER,3409 AVE F,ROSENBERG,TX,77471,Fort Bend County,public,2-No,12,12,,,,,,,,,,
4111369,Rivercrest Academy,3002 NE Ainsworth St,Portland,OR,97211,Multnomah County,public,2-No,12,12,,,,,88766,12.1,418018011369,,,
5302774,Visions (Seamar Youth Center),1603 E Illinois St,Bellingham,WA,98226,Whatcom County,public,2-No,11,11,,,0.0,0,81784,7.9,530042002774,,,
1303514,T J Loftiss II Regional Youth Detention Center,400 S Pinetree Blvd,Thomasville,GA,31792,Thomas County,public,2-No,11,7,,,,0.5,60736,24.6,130002603514,,,
0403546,RCB College Preparatory Academy,7033 W. Catus Road,Peoria,AZ,85381,Maricopa County,public,1-Yes,11,11,,,0.0,0,89300,12.4,040097003546,030232,,
5302916,Parke Creek Treatment Ctr,11042 Parke Creek Road,Ellensburg,WA,98926,Kittitas County,public,2-No,11,11,,,0.0,0,73804,11.2,530405002916,,,
0613847,Adult Transition Program,800 West Covina Blvd.,San Dimas,CA,91773,Los Angeles County,public,2-No,11,11,,,,,,,,,,
3703317,Bridges School,140 Vashti Dr,Morehead City,NC,28557,Carteret County,public,2-No,11,10,,,,0,72322,11,370063003317,341490,,
1600708,ADA COUNTY JUVENILE CENTER,6300 DENTON STREET,BOISE,ID,83704,Ada County,public,2-No,11,11,,,,0,91502,6.8,160036000708,,,
A0901120,POTTERS WHEEL ACADEMY,6102 39TH AVE W,BRADENTON,FL,34209,MANATEE,private,,11,11,,,0.0,,78457,12.7,,,,
4807177,JJA,1402 HACKBERRY ST,SAN ANTONIO,TX,78208,Bexar County,public,2-No,11,6,,,0.0,0,72341,17.1,483873007177,,,
2902211,GATEWAY SCHOOL,1823 W 20TH ST,JOPLIN,MO,64804,Jasper County,public,2-No,11,7,,,,0,60694,15.2,290000902211,,,
1303498,Augusta Regional Youth Detention Center,3485 Mike Padgett Hwy,Augusta,GA,30906,Richmond County,public,2-No,11,10,,,,0.5,55637,27.3,130002603498,,,
2901285,LANGSFORD HOUSE,525 SE 2ND ST,LEE'S SUMMIT,MO,64063,Jackson County,public,2-No,11,8,,,,0,68577,16,290000901285,,,
4806973,HIGHPOINT SCHOOL EAST (DAEP),8003 E SAM HOUSTON PKWY N HY 90,HOUSTON,TX,77049,Harris County,public,2-No,11,8,,,0.0,0,74983,22.6,482025006973,,,
4101903,Horizons - Foster Ed Program,948 SE Roberts Ave,Roseburg,OR,97470,Douglas County,public,2-No,11,6,,,,,61310,16.6,410002501903,,,
2903153,MET DAY TREATMENT CENTER,6347 Plymouth Ave.,WELLSTON,MO,63133,St. Louis County,public,2-No,11,10,,,,0,82936,12.5,290000903153,262352,,
2703297,White Pine Academy,2222 INDUSTRIAL DRIVE,WADENA,MN,56482,Wadena County,public,2-No,11,11,,,0.0,1,61467,15.4,270001403297,,,
3001137,Kalispell Rising Wolf Charter,644 4th Ave W,Kalispell,MT,59901,Flathead County,public,†,11,11,,,,,73925,8,301542001137,,,
2101424,Ridge Hospital Alt. High School,3050 Rio Dosa Dr,Lexington,KY,40509,Fayette County,public,2-No,11,8,50,,,,69479,12.1,210186001424,181451,Very Demanding,
4808660,HIDALGO COUNTY BOOT CAMP,1711 N BRIDGE,WESLACO,TX,78596,Hidalgo County,public,2-No,11,11,,,,,,,,,,
4807995,TAG,198 BOB JOHNSON RD,CHINA SPRING,TX,76633,McLennan County,public,2-No,11,11,90,,0.0,0,66643,18.4,481396007995,,,
2607860,Saginaw Correctional Facility,9625 PIERCE RD,FREELAND,MI,48623,Saginaw County,public,2-No,11,0,,,,,60622,22.2,260000107860,,,
1601106,WAKAPA ACADEMY,525 SAWTOOTH AVENUE,BUHL,ID,83316,Twin Falls County,public,2-No,11,11,10,,0.0,0,67409,10.9,160048001106,,,
2608971,The Learning CoOp,1309 N BALLENGER HWY,FLINT,MI,48504,Genesee County,public,2-No,11,8,,,0.0,0,62281,24.3,262472008971,,,
5303446,Open Doors Youth Reengagement,13715 310th Ave SE,Sultan,WA,98296,Snohomish County,public,2-No,11,11,,,0.0,0.15000001,111246,8.9,530855003446,,,
A1901924,GOOD NEWS ACADEMY,11707 S COUNTY ROAD 300 W,REELSVILLE,IN,46171,PUTNAM,private,,11,11,,,0.0,,78378,11.6,,,,
A2301230,"CONCORDIA ACADEMY, WICHITA",909 S MARKET ST,WICHITA,KS,67211,SEDGWICK,private,,11,11,,,0.0,,69365,14.1,,,,
0606046,Jan Work Community,451 Sierra Park Rd.,Mammoth Lakes,CA,93546,Mono County,public,2-No,11,11,,,0.0,0,99415,10.2,069105206046,,,
1202947,RIDGE TEEN PARENT PROGRAM,7700 LUCERNE PARK RD,WINTER HAVEN,FL,33881,Polk County,public,2-No,11,1,,,,0,65978,17.3,120159002947,101573,,
4807062,JUVENILE DETENTION CTR,107 W 5TH ST,SINTON,TX,78387,San Patricio County,public,2-No,11,11,,,,,,,,,,
2704448,TRANSITIONS 110,225 4TH ST W,WACONIA,MN,55387,Carver County,public,2-No,11,11,,,,,,,,,,
3606488,ROCKLAND CHILDREN'S PSYCHIATRIC CENTER,2 FIRST AVE-BLDG 129,ORANGEBURG,NY,10962,Rockland County,public,2-No,11,9,,,,,,,,,,
2705229,Onward Transition Program,706 1ST STREET,PRINCETON,MN,55371,Mille Lacs County,public,2-No,11,11,,,,,,,,,,
2002170,Ad Astra Alternative Academy,1800 E. 23rd Ave.,Hutchinson,KS,67502,Reno County,public,2-No,11,7,,,,,60645,11.3,200420002170,,,
1203778,PASCO COUNTY CORRECTION DEPARTMENT,20101 CENTRAL BLVD,LAND O LAKES,FL,34637,Pasco County,public,2-No,11,10,,,,0,70492,11.8,120153003778,,,
4808870,BILL LOGUE DETENTION CENTER,2601 GHOLSON RD,WACO,TX,76704,McLennan County,public,2-No,11,9,,,,,,,,,,
2704971,Anchor,1400 49TH AVE NE,COLUMBIA HEIGHTS,MN,55421,Anoka County,public,2-No,11,11,,,0.0,0,101869,7.3,270951004971,,,
2102484,Bellevue Transitional School,300 Bellevue Dr.,Richmond,KY,40475,Madison County,public,2-No,11,8,,,,0,63351,16.3,210372002484,,,
0403200,WAVE - Mohave Community College,1971 E JAGERSON AVE,KINGMAN,AZ,86409,Mohave County,public,2-No,11,11,,,,,,,,,,
4809497,JUVENILE DETENTION CENTER,889 S 25TH ST,ABILENE,TX,79602,Taylor County,public,2-No,11,9,,,,0,67139,18.2,480744009497,,,
1303504,DeKalb Regional Youth Detention Center,2946 Clifton Springs Rd,Decatur,GA,30034,DeKalb County,public,2-No,11,9,,,,0.5,80644,15.1,130002603504,,,
1802716,Southeast Fountain Virtual Academy,744 US Hwy 136,Veedersburg,IN,47987,Fountain County,public,2-No,11,11,,1,0.0,1,62542,14.1,181062002716,,,
2502393,Curtis-Tufts,437 Main Street,Medford,MA,2155,Middlesex County,public,2-No,11,11,,,,,,,,,,
0603707,Loconoma Valley High,20932 Big Canyon Rd.,Middletown,CA,95461,Lake County,public,2-No,10,10,,,,,,,,053390,Average,
A0502850,LOOKING GLASS CENTER POINT SCHOOL,1790 W 11TH AVE STE A,EUGENE,OR,97402,LANE,private,,10,10,,,0.0,,71544,14.3,,,,
1304329,Wilkes County Regional Detention Center,1430 Industrial Park Rd,Washington,GA,30673,Wilkes County,public,2-No,10,7,,,,0.5,52043,33.1,130002604329,,,
0403074,Midtown High School,7318 W LYNWOOD ST,PHOENIX,AZ,85035,Maricopa County,public,1-Yes,10,10,50,,0.0,0,89300,12.4,040039103074,030062,Very Demanding,
4111362,Parrot Creek Program,2595 Christie Drive,Lake Oswego,OR,97034,Clackamas County,public,2-No,10,9,,,,,103517,7.5,418050511362,,,
1208314,MCSO ADULTS,700 NW 30TH AVE,OCALA,FL,34475,Marion County,public,2-No,10,7,50,,,0,61010,20.1,120126008314,,,
4207090,Western Area Career and Technology Center - Washington Cnty,688 Western Ave,Canonsburg,PA,15317,Washington County,public,2-No,10,10,,,,,78958,11.7,428046007090,395067,,
2703507,LITTLE SAND,316 MAIN ST E,REMER,MN,56672,Cass County,public,2-No,10,9,,,0.0,1,68874,14.2,273087003507,,,
4900916,Park Valley Secondary,17845 N 54000 W,PARK VALLEY,UT,84329,Box Elder County,public,2-No,10,3,,,,,,,,,,
0403466,AUHS Online Acadamy,9168 S. Ave 36E,Wellton,AZ,85356,Yuma County,public,2-No,10,10,,,,,62876,22.4,040072003466,,,
5300074,Alternative Tamarack School,2901 W Whistalks Way,Spokane,WA,99224,Spokane County,public,2-No,10,4,,,0.0,0,78582,9.1,530825000074,,,
2705259,Foundations II,406 E 7TH ST,MONTICELLO,MN,55362,Wright County,public,2-No,10,4,,,,,107209,4.6,270041305259,,,
A0503522,EAST BURKE SCHOOL,611 VT-114,EAST BURKE,VT,5832,CALEDONIA,private,,10,10,,,0.0,,69970,10.6,,,,
A2303268,WOODHAVEN HIGH SCHOOL,723 CAMANO AVE,LANGLEY,WA,98260,ISLAND,private,,10,10,,,0.0,,90551,9,,481600,Below Average,
0607705,Madison Community High,17923 Stephens St.,Madison,CA,95653,Yolo County,public,2-No,10,10,75,,0.0,0,91752,11.2,061293007705,,,
0505204,ARKANSAS CONSOLIDATE HIGH SCHOOL - VERA LLOYD,745 OLD WARREN ROAD,MONTICELLO,AR,71655,Drew County,public,2-No,10,9,,,,,42824,23.4,050039005204,040050,,
5503383,Racine County Jail,717 Wisconsin Ave,Racine,WI,53403,Racine County,public,2-No,10,10,,,,,78096,17,551236003383,,,
5600554,The Bridge School,1150 Main Street,Dayton,WY,82836,Sheridan County,public,2-No,10,10,49.5,,0.0,0,71388,8,560569000554,,,
1203023,BREVARD COUNTY JAIL COMPLEX,5225 DEWITT AVE,COCOA,FL,32927,Brevard County,public,2-No,10,9,,,,0,78476,12.6,120015003023,,,
2705041,Passages Transition Program,3132 CENTURY AVE. NORTH,MAHTOMEDI,MN,55115,Washington County,public,2-No,10,10,,,0.0,0,115345,3.9,271875005041,,,
3403363,Raymond J. Lesniak Experience Strength & Hope Recovery HS,121-125 Chestnut Street,Roselle,NJ,7203,Union County,public,2-No,10,10,,,0.0,0,103202,11.3,341804003363,,,
1304194,Millegeville ITU,800 N Glynn St,Milledgeville,GA,31061,Baldwin County,public,2-No,10,10,50,,,0.5,54403,26.7,130002604194,,,
0602931,Arbuckle Alternative High (Continuation),966 Wildwood Rd.,Arbuckle,CA,95912,Colusa County,public,2-No,10,10,,,0.0,0.059999999,75672,14.9,063036002931,,,
2102390,Barnabus Home High School,4500 Highway 30 W,Annville,KY,40402,Jackson County,public,2-No,10,10,,,0.0,0,40000,29,210294002390,,,
3000780,Whitewater High School,1 Main Street,Whitewater,MT,59544,Phillips County,public,†,10,10,,,0.0,0.25,53417,20.2,302793000780,270935,,
0612076,Pathway Community Day,11 South Teilman,Fresno,CA,93706,Fresno County,public,2-No,10,6,,,0.0,1,74201,24.5,060797012076,,,
2712843,WCED 18-22 Program,805 E STATE HIGHWAY 55,PAYNESVILLE,MN,56362,Stearns County,public,2-No,10,10,,,,,,,,,,
2704253,917 DCALS Main Extended Day EDOP,1300 145TH ST E,ROSEMOUNT,MN,55068,Dakota County,public,2-No,10,10,75,,,,106318,5.9,270002604253,,,
2502866,Therapeutic Day School,166 Mt Prospect Street,Bridgewater,MA,2324,Plymouth County,public,2-No,10,10,,,,,,,,,,
4813724,BROOKESMITH ARTEMIS,33210 MAGNOLIA CIR,MAGNOLIA,TX,77249,Montgomery County,public,2-No,10,6,,,,,,,,,,
0403790,SC Jensen Online,2222 W NORTHERN AVE STE A110,PHOENIX,AZ,85021,Maricopa County,public,1-Yes,10,10,,,0.0,1,89300,12.4,040036303790,,,
A2300713,ED CORPS HIGH SCHOOL,60 ISLAND DR,EASTPOINT,FL,32328,FRANKLIN,private,,10,10,,,0.0,,64105,28.4,,,,
2002173,USD 363 Virtual Academy,600 N. Jones Ave.,Holcomb,KS,67851,Finney County,public,2-No,10,10,,,,,73009,13.8,200735002173,,,
3702775,Pruette SCALE Academy,900 English Road,High Point,NC,27262,Guilford County,public,2-No,10,7,,,0.0,1.5,68642,18,370192002775,,,
2607838,Thumb Correctional Facility,3225 JOHN CONLEY DR,LAPEER,MI,48446,Lapeer County,public,2-No,10,3,,,,,77306,11.2,260000107838,,,
4813821,SJRC TEXAS,1400 RIDGE CREEK LN,BULVERDE,TX,78163,Comal County,public,1-Yes,10,7,,,,,,,,,,
4822916,BOYSVILLE,8555 E LOOP 1604 N,CONVERSE,TX,78109,Bexar County,public,1-Yes,10,10,,,,,72341,17.1,480007122916,,,
0611683,Cedar Continuation High,45077 Road 200,O'neals,CA,93645,Madera County,public,2-No,10,10,,,,,76627,25,060011611683,050234,Below Average,
0602188,Sam Webb Continuation,522 West Eighth St.,Holtville,CA,92250,Imperial County,public,2-No,10,10,75,,0.0,0.5,57681,23.8,061743002188,050207,Below Average,
4601274,Aurora Plains Academy High School - 05,1400 E 10th St,Plankinton,SD,57368,Aurora County,public,†,10,10,,,0.0,0,72885,11.6,465571001274,,,
2102246,Glen Dale Center,1030 Commerce Dr,Elizabethtown,KY,42701,Hardin County,public,2-No,10,10,,,,,67647,12.9,210165002246,,,
2901936,DATEMA HOUSE,918 S JEFFERSON,SPRINGFIELD,MO,65806,Greene County,public,2-No,10,7,,,,0,61479,10.8,290000901936,,,
A1703635,TRUE NORTH WILDERNESS PROGRAM,5354 MAIN ST,WAITSFIELD,VT,56730,WASHINGTON,private,,9,9,,,0.0,,83449,6.8,,,,
5500221,Fairview South,3525 Bermuda Blvd,Brookfield,WI,53045,Waukesha County,public,2-No,9,7,,,0.0,0,106076,3.7,550177000221,,,
2705413,Therapeutic Education Collective (T,2170 7TH AVE E,NORTH ST PAUL,MN,55109,Ramsey County,public,2-No,9,2,,,0.0,0,81568,12.9,272385005413,,,
2607890,Bellamy Creek Correctional Facility,1727 W BLUEWATER HWY,IONIA,MI,48846,Ionia County,public,2-No,9,0,,,,,75611,11.2,260000107890,,,
A1503977,PHILLIPS PROGRAMS BUILDING FUTURES LOUDON,7010 BRADDOCK RD,ANNANDALE,VA,22003,FAIRFAX,private,,9,9,,,0.0,,153637,6.2,,,,
4600258,SDSBVI High School - 02,605 14th Ave SE,Aberdeen,SD,57401,Brown County,public,†,9,9,,,0.0,1,70898,8.8,460002900258,420515,,
0612957,BUSD School of Opportunity,405 North Second Ave.,Barstow,CA,92311,San Bernardino County,public,2-No,9,5,,,0.0,1,85478,16.7,060402012957,051574,,
A2104019,PHILLIPS BUILDING FUTURES - LOUDOUN,13850A FREEDOM CENTER LN,LEESBURG,VA,20176,LOUDOUN,private,,9,9,,,0.0,,181765,3.5,,,,
2901352,COMMUNITY LEARNING CTR.,3990 W SUNSHINE,SPRINGFIELD,MO,65807,Greene County,public,2-No,9,8,,,,0,61479,10.8,290000901352,,,
4808371,TARRANT YOUTH RECOVERY,100 N UNIVERSITY,FT WORTH,TX,76107,Tarrant County,public,2-No,9,9,,,,,,,,,,
2704616,Pines School Day Program,7555 4TH AVE,LINO LAKES,MN,55014,Anoka County,public,2-No,9,7,50,,0.0,0,101869,7.3,270810004616,,,
4807162,STUBBLEFIELD LRN CTR,502 COLLEGE DR,LUFKIN,TX,75904,Angelina County,public,2-No,9,9,,,,,,,,,,
2705349,Children's MN - Lakeville,18432 KENRICK AVE,LAKEVILLE,MN,55044,Dakota County,public,2-No,9,6,,,,,106318,5.9,271778005349,,,
5303506,Educational Opportunity Center Reengagement,1284 Chestnut,Clarkston,WA,99403,Asotin County,public,2-No,9,9,,,,,,,,,,
1203167,GATEWAY COMMUNITY SERVICES,3747 BELFORT RD,JACKSONVILLE,FL,32216,Duval County,public,2-No,9,9,50,,0.0,0,71277,13.4,120048003167,,,
0403791,PAS Charter Online,2222 W NORTHERN AVE STE A110,PHOENIX,AZ,85021,Maricopa County,public,1-Yes,9,9,,,0.0,1,89300,12.4,040036403791,,,
0609645,Long Barn High,25910 Long Barn Rd.,Long Barn,CA,95335,Tuolumne County,public,2-No,9,9,,,0.0,0,77404,14.3,063828009645,,,
2703327,MN CORRECTIONAL FACILITY-STILLWATER,970 PICKETT ST N,BAYPORT,MN,55003,Washington County,public,2-No,9,9,,,,,115345,3.9,270027203327,,,
1207521,KEYS CENTER,1105 LEON ST,KEY WEST,FL,33040,Monroe County,public,2-No,9,8,75,,0.0,1,87738,14.5,120132007521,,,
4809429,S T E P - DETENTION,200 WILCO WAY,GEORGETOWN,TX,78626,Williamson County,public,2-No,9,7,,,,,,,,,,
2102335,Second Chance Academy,335 West Main Street,Owingsville,KY,40360,Bath County,public,2-No,9,9,,,0.0,0,56541,33.6,210033002335,,,
0610219,Ella Barkley High,Hwy. 32 And Los Robles St.,Hamilton City,CA,95951,Glenn County,public,2-No,9,9,,,,,,,,,,
0607650,Divide High,6540 Wentworth Springs Rd.,Georgetown,CA,95634,El Dorado County,public,2-No,9,9,,,0.0,0,108845,7.6,060524007650,,,
A2392106,MARY SEAT OF WISDOM ACADEMY,1840 W UNIVERSITY AVE,WICHITA,KS,67213,SEDGWICK,private,,9,9,,,0.0,,69365,14.1,,,,
4807289,TRANSFORMING LIVES COOPERATIVE (TLC),6101 ATTWATER,DICKINSON,TX,77539,Galveston County,public,2-No,9,7,,,,,,,,,,
1303503,Elbert Shaw Regional Youth Detention Center,2735 Underwood Rd NE,Dalton,GA,30721,Whitfield County,public,2-No,9,6,,,,0.5,67070,19.6,130002603503,,,
3703593,Chatham County Schools Virtual Academy,501 Martin Luther King Jr Blvd,Siler City,NC,27344,Chatham County,public,2-No,9,9,,,,,94317,10.1,370075003593,,,
0614690,STRIVE Academy,1420 2Nd St.,Selma,CA,93662,Fresno County,public,2-No,9,8,,,,,74201,24.5,063627014690,054853,Below Average,
5303515,Mead Open Doors,2323 E Farwell Rd,Mead,WA,99021,Spokane County,public,2-No,9,9,,,,,,,,,,
4823158,TEXASWORKS - SAN JUAN,1202 E BUSINESS HWY 83,SAN JUAN,TX,78589,Hidalgo County,public,1-Yes,9,9,,,,,54338,32.3,489913623158,,,
4808467,CAMERON CO J J A E P,2330 W BUS HWY 77,SAN BENITO,TX,78586,Cameron County,public,2-No,9,8,,,,0,52601,31,483879008467,,,
2705034,Rochester ALC Recovery Program,37 WOOD LAKE DR SE,ROCHESTER,MN,55904,Olmsted County,public,2-No,9,9,,,0.0,0,95406,6.8,273180005034,,,
2901953,JUVENILE JUSTICE CENTER,HWY 54,CAMDENTON,MO,65020,Camden County,public,2-No,9,8,,,,,66387,14.5,290699001953,,,
4207089,Mon Valley Career and Technology Center,Five Guttman Avenue,Charleroi,PA,15022,Washington County,public,2-No,9,9,,,,,78958,11.7,428045007089,390617,,
4207081,Eastern Center for Arts and Technology,3075 Terwood Rd,Willow Grove,PA,19090,Montgomery County,public,2-No,9,9,,,,,113915,6.5,428034007081,393579,Below Average,
4807503,STUBBLEFIELD LRN CTR,208 N JOHN REDDITT,LUFKIN,TX,75904,Angelina County,public,2-No,9,9,,,,,,,,,,
A2102033,VISIONQUEST MORNING STAR YOUTH ACADEMY,1441 TAYLORS ISLAND RD,WOOLFORD,MD,21677,DORCHESTER,private,,9,9,,,0.0,,61839,21.9,,,,
4809145,BRAZOS COUNTY JJAEP,1904 W SH 21,BRYAN,TX,77803,Brazos County,public,2-No,9,7,,,,,,,,,,
0608019,Jewel City Community Day,440 West Lomita,Glendale,CA,91204,Los Angeles County,public,2-No,9,7,,,,,,,,,,
4812248,DRC CAMPUS,1673 TERRE COLONY CT,DALLAS,TX,75212,Dallas County,public,1-Yes,8,8,,,0.0,0,76547,16,480009312248,,,
0610576,Plumas County Community,50 Church St.,Quincy,CA,95971,Plumas County,public,2-No,8,8,,,0.0,0,66031,16.6,069110210576,050250,,
0607331,South Coast Continuation,185 Lake St.,Point Arena,CA,95468,Mendocino County,public,2-No,8,8,75,,0.0,1,68092,15.8,063123007331,053184,,
4601102,Turtle Creek High School - 04,17267 3rd St,Redfield,SD,57469,Spink County,public,†,8,8,,,0.0,0,70139,13.5,466045001102,,,
4809155,EDNA TAMAYO HOUSE,1438 N 7TH,HARLINGEN,TX,78550,Cameron County,public,2-No,8,8,,,,,,,,,,
4807541,CAMERON CO J J A E P,2310 W HWY 77,SAN BENITO,TX,78586,Cameron County,public,2-No,8,6,,,,,52601,31,481168007541,,,
A2300642,AIM HIGH INTL,737 S RIDGEWOOD AVE,DAYTONA BEACH,FL,32114,VOLUSIA,private,,8,8,,,0.0,,70044,15.7,,,,
5302081,West Sound Technical Skills Center,101 National Avenue,Bremerton,WA,98312,Kitsap County,public,2-No,8,8,,,,,,,,,,
2705009,W.O.R.K. Program,1209 S BROADWAY ST,NEW ULM,MN,56073,Brown County,public,2-No,8,8,,,,,,,,,,
4601364,Sunset Colony High School - 06,41632 109th St,Britton,SD,57430,Marshall County,public,†,8,8,,,0.0,0,78156,17.7,460004101364,,,
0612741,Wheatland Community Day High,1010 Wheatland Rd.,Wheatland,CA,95692,Yuba County,public,2-No,8,8,,,0.0,0,76373,18.3,064235012741,,,
4807998,JUVENILE DETENTION CTR,200 ACADEMY DR,CONROE,TX,77301,Montgomery County,public,2-No,8,5,,,,,,,,,,
5302095,Snohomish Detention Center,2801 10th Street,Everett,WA,98201,Snohomish County,public,2-No,8,8,,,,0,111246,8.9,530000802095,,,
3906177,Ranger Online Academy,700 Lemoyne Rd,Northwood,OH,43619,Wood County,public,2-No,8,8,,,,,,,,,,
4811769,H S POINT,301 W P ST,DEER PARK,TX,77536,Harris County,public,2-No,8,6,,,,,,,,441200,Average,
3200768,Eagle Ridge High School,3755 W. Spruce Street,Silver Springs,NV,89429,Lyon County,public,2-No,8,6,,,,0,80812,13.7,320030000768,290209,Below Average,
A0301693,CARLETON PROJECT,52 MAIN ST,HOULTON,ME,4730,AROOSTOOK,private,,8,8,,,0.0,,56700,15.6,,,,
3200943,Esmeralda Virtual High School,MM11 Hwy 264,Dyer,NV,89010,Esmeralda County,public,2-No,8,8,,,0.0,0.25,41715,18.8,320015000943,290203,,
4811136,DAEP AT HOLMGREEN,8580 EWING HALSELL,SAN ANTONIO,TX,78229,Bexar County,public,2-No,8,8,,,,,72341,17.1,483312011136,,,
0610343,Dan Jacobs,2880 East Gibson Rd.,Woodland,CA,95776,Yolo County,public,2-No,8,8,50,,,0,91752,11.2,069104910343,,,
2704830,STAARS,310 RIVER ST,HASTINGS,MN,55033,Dakota County,public,2-No,8,8,,,,,,,,,,
A0501775,NFI SIDNEY RIVER BEND SCHOOL,3895 W RIVER RD,SIDNEY,ME,4330,KENNEBEC,private,,8,8,,,0.0,,69077,12,,,,
0602535,Mokelumne High (Continuation),160 Courtland High School Ln.,Courtland,CA,95615,Sacramento County,public,2-No,8,8,75,,0.0,0.050000001,92175,15.4,063311002535,050222,,
2704359,Project Search,4707 NORTH RD,CIRCLE PINES,MN,55014,Anoka County,public,2-No,8,8,,,,,,,,,,
5303396,Transition Day Students,8805 Steilacoom Blvd,Lakewood,WA,98498,Pierce County,public,2-No,8,7,,,0.0,0,99564,10.9,530141003396,,,
4807748,WEBB COUNTY J J A E P,111 CAMINO NUEVO ROAD HWY 359,LAREDO,TX,78043,Webb County,public,2-No,8,5,,,,,,,,,,
4207078,Mercer County Career Center,776 Greenville Road,Mercer,PA,16137,Mercer County,public,2-No,8,8,,,,,59976,17.2,428031007078,,,
2705005,Sholund School for Girls,370 ANNANDALE BOULEVARD,ANNANDALE,MN,55302,Wright County,public,2-No,8,7,,,0.0,0,107209,4.6,270004505005,,,
2100656,Hardin County Day Treatment Center,643 Westport Road,Elizabethtown,KY,42701,Hardin County,public,2-No,8,7,,,,0,67647,12.9,210249000656,182457,Average,
4813898,THE TSHEPANG CENTER FRESNO,603 E DALLAS,FRESNO,TX,77545,Fort Bend County,public,2-No,8,7,,,,,,,,,,
4823162,TEXASWORKS - FT WORTH-SOUTHSIDE,319 LIPSCOMB ST,FORT WORTH,TX,76104,Tarrant County,public,1-Yes,8,8,,,,,84207,14.9,489913623162,,,
5302919,Martin Hall Detention Ctr,201 S. Pine St.,Medical Lake,WA,99022,Spokane County,public,2-No,8,7,,,,0,78582,9.1,530001002919,,,
4501378,Sara Babb High,4450 Broad River Road,Columbia,SC,29210,Richland County,public,2-No,8,8,,,,1,63784,18,450000101378,,,
4207095,Beaver County Career & Technology Center,145 Poplar Avenue,Monaca,PA,15061,Beaver County,public,2-No,8,8,,,0.0,2,71089,12.9,428050007095,,,
5303665,Insight School of WA Open Doors Program,2601 S 35th St Ste 100,Tacoma,WA,98409,Pierce County,public,2-No,8,8,,,0.0,0,99564,10.9,530702003665,,,
4901189,Canyons Technical Education Center,825 E 9085 S,Sandy,UT,84094,Salt Lake County,public,2-No,8,8,,,0.0,0,97494,7.7,490014201189,,,
0403623,Nadaburg Online Virtual Academy,32919 N Center St,Wittmann,AZ,85361,Maricopa County,public,2-No,8,7,,,0.0,0,89300,12.4,040546003623,,,
2100814,Northern Ky Youth Dev Center,15600 Turner Rd,Crittenden,KY,41030,Kenton County,public,2-No,8,6,,,,0,80548,11.5,210309000814,180600,,
0611572,Oakendell Community,3585 Hawver Rd.,San Andreas,CA,95249,Calaveras County,public,2-No,8,8,,,0.0,0,78647,13.7,069100311572,,,
4601405,Brentwood Colony Virtual High School - 92,15442 343rd Ave,Faulkton,SD,57438,Faulk County,public,†,7,7,,,0.0,0,57750,25.4,462403001405,,,
2704194,Lakeside Learning Center,502 MINNESOTA AVE NW,BEMIDJI,MN,56601,Beltrami County,public,2-No,7,6,,,0.0,0,68975,17.4,270444004194,,,
0608163,Lighthouse Community Day,250 South Sanderson Way,Fort Bragg,CA,95437,Mendocino County,public,2-No,7,7,,,0.0,0.44999999,68092,15.8,061407008163,,,
4811278,HIGH POINT EAST,8003 E SAM HOUSTON,HOUSTON,TX,77049,Harris County,public,2-No,7,7,,,,,,,,441200,Average,
4807741,TRAVIS COUNTY J J A E P,4900 GONZALES ST,AUSTIN,TX,78702,Travis County,public,2-No,7,6,,,,,99611,13,480894007741,,,
0607999,Reef-Sunset Secondary Community Day,861 Monterey St.,Avenal,CA,93204,Kings County,public,2-No,7,6,,,0.0,0,70995,17.3,063227007999,,,
2705197,LEAP Launching Emerging Adults Prg,3343 E CIRCLE DR NE,ROCHESTER,MN,55906,Olmsted County,public,2-No,7,7,,,0.0,1,95406,6.8,273180005197,,,
4811544,JJAEP CAMPUS,20200 EASTWAY VILLAGE DR,HUMBLE,TX,77347,Harris County,public,2-No,7,7,,,,,74983,22.6,482391011544,,,
2101495,Covington Adult High School,212 Levassor Drive,Covington,KY,41014,Kenton County,public,2-No,7,7,75,,0.0,0,80548,11.5,210135001495,180535,Demanding,
3906140,Spartan Online Academy,7777 Glenwood Ave,Boardman,OH,44512,Mahoning County,public,2-No,7,6,,,,,,,,,,
2704924,MERC Extended,2539 PLEASANT AVE S,MINNEAPOLIS,MN,55404,Hennepin County,public,2-No,7,7,50,,,,97653,8.9,272124004924,,,
0600411,Jill Kinmont Boothe,166 Grandview Dr.,Bishop,CA,93514,Inyo County,public,2-No,7,5,,,0.0,0,73991,13.9,069101100411,,,
4812502,COASTAL ALTERNATIVE PROGRAM (CAP),13302 HWY 6,SANTA FE,TX,77510,Galveston County,public,2-No,7,6,,,,,,,,440485,,
2102534,Harbor Academy and Virtual School,202 Main Street,Cadiz,KY,42211,Trigg County,public,2-No,7,7,,,0.0,0.2,59857,21.1,210558002534,,,
4501423,Lewis High,8200 State Farm Road,Rembert,SC,29128,Sumter County,public,2-No,7,7,,,,0,56693,22.1,450000101423,,,
4807961,HIDALGO CO J J A E P,3900 N 23RD,MCALLEN,TX,78501,Hidalgo County,public,2-No,7,6,,,0.0,0,54338,32.3,481739007961,,,
2703324,MN CORRECTIONAL FACILITY-LINO LAKES,7525 4TH AVE,LINO LAKES,MN,55014,Anoka County,public,2-No,7,7,,,,,101869,7.3,270027203324,,,
4823130,TRINITY CHARTER SCHOOLS - RICHMOND CAMPUS,710 S 7TH ST,RICHMOND,TX,77469,Fort Bend County,public,1-Yes,7,4,,,,,114041,8.8,480025923130,,,
A0301470,GATEWAY WOODS SCHOOL,14505 KLOPFENSTEIN,LEO,IN,46765,ALLEN,private,,7,7,,,0.0,,70737,17,,,,
2607914,Parnall Correctional Facility,1780 E PARNALL RD,JACKSON,MI,49201,Jackson County,public,2-No,7,0,,,,,66073,14.2,260000107914,,,
0403780,IntelliSchool Online,2222 W NORTHERN AVE STE A110,PHOENIX,AZ,85021,Maricopa County,public,1-Yes,7,7,,,0.0,1,89300,12.4,040006103780,,,
5303621,CRCC-Open Doors,1301 N Ephrata,Connell,WA,99326,Franklin County,public,2-No,7,7,,,,0,86714,17.1,530573003621,,,
2401344,Calvert County Alternative School,330 Dorsey Road,Prince Frederick,MD,20678,Calvert County,public,2-No,7,6,,,0.0,1,133922,5.6,240015001344,210246,,
4809240,LOCKNEY DAEP,908 HOUSTON ST,PLAINVIEW,TX,79072,Hale County,public,2-No,7,5,,,,,,,,,,
3606499,ROCKLAND COUNTY SHERIFFS DEPARTMENT,53 NEW HEMPSTEAD ROAD,NEW CITY,NY,10956,Rockland County,public,2-No,7,7,,,,,,,,,,
3500974,LAE COUNTY CORRECTIONS,6900 WEST MILLEN DR,HOBBS,NM,88244,Lea County,public,2-No,7,7,,,,,68015,17.8,350001200974,,,
0608419,Cutler-Orosi Community Day,12724 Ave. 392,Cutler,CA,93615,Tulare County,public,2-No,7,6,,,0.0,1,71300,26.4,061035008419,,,
A0501774,NFI BUXTON - BEACON HOUSE,360 LONG PLAINS RD,BUXTON,ME,4093,YORK,private,,7,7,,,0.0,,88333,6.9,,,,
4200881,Price,101 East High Street,Hummelstown,PA,17036,Dauphin County,public,2-No,7,6,,,0.0,0,76242,19,421410000881,,,
2703690,CAAEP EXTENDED DAY PROGRAM,302 14TH ST,CLOQUET,MN,55720,Carlton County,public,2-No,7,7,75,,0.0,1,80573,9.2,270942003690,,,
1303515,Waycross Regional Youth Detention Center,3275 Harris Rd,Waycross,GA,31503,Ware County,public,2-No,7,3,,,,0.5,47448,36.9,130002603515,,,
2705190,SWMetro Annica Program,7808 KERBER BLVD STE 215,CHANHASSEN,MN,55317,Carver County,public,2-No,7,5,,,0.0,0,125946,2.8,270042005190,,,
2102442,Ashgrove Academy,1115 Ashgrove Road,Nicholasville,KY,40356,Jessamine County,public,2-No,7,6,,,0.0,0,74576,15.7,210303002442,,,
0403794,Pima County JTED - Pima Community College,1255 N STONE AVE,TUCSON,AZ,85709,Pima County,public,2-No,7,7,,,,,70315,16.7,040075203794,,,
4821058,BRIDGE ASSOC,100 N UNIVERSITY,FORT WORTH,TX,76107,Tarrant County,public,2-No,7,7,,,0.0,0,84207,14.9,481970021058,,,
4101889,Martin Luther King Jr. Education Center,2727 Martin Luther King Jr Blv,Eugene,OR,97401,Lane County,public,2-No,7,6,,,,,71544,14.3,410003201889,,,
3403292,The Career Center of the SCESC,7 Finderne Avenue,Bridgewater,NJ,8807,Somerset County,public,2-No,7,6,,,0.0,0.5,140374,5.7,348028003292,,,
4207093,Northern Westmoreland Career & Technology Center,705 Stevenson Boulevard,New Kensington,PA,15068,Westmoreland County,public,2-No,7,7,,,,,74109,13.8,428049007093,,,
1203881,ADJUDICATED YOUTH FACILITY,4448 STRAIGHT LINE RD,CRESTVIEW,FL,32539,Okaloosa County,public,2-No,7,7,,,,0,81998,12.5,120138003881,,,
0609576,Coulterville High,10326 Fiske Rd.,Coulterville,CA,96311,Mariposa County,public,2-No,7,7,,,0.0,0,68412,18.9,062394009576,,,
2705402,Southeast Regional Crisis Center,2121 CAMPUS DR SE,ROCHESTER,MN,55904,Olmsted County,public,2-No,7,5,,,,,95406,6.8,273180005402,,,
4813892,BROOKESMITH DAVINCI,1318 HEMPLE DR,ROSENBERG,TX,77471,Fort Bend County,public,2-No,7,7,,,,,,,,,,
1206891,SW FL ADDICTION SERVICES-THE VINCE SMITH CENTER,2450 PRINCE ST,FT MYERS,FL,33916,Lee County,public,2-No,6,5,50,,0.0,0,76107,13,120108006891,,,
4812652,DAEP,1000 RADIO HILL RD,GAINESVILLE,TX,76240,Cooke County,public,2-No,6,5,,,,,73932,14.6,481251012652,,,
4808379,SAN ANGELO STATE SCHOOL,18000 WILDCAT DR,WATER VALLEY,TX,76958,Tom Green County,public,2-No,6,4,,,0.0,1,68370,14.6,484471008379,,,
4601279,Our Home Rediscovery - 77,40354-210th St,Huron,SD,57350,Beadle County,public,†,6,5,,,0.0,0,67681,13.9,463548001279,,,
1601162,CORNERSTONE HIGH SCHOOL,882 VALLEY ROAD SOUTH,HAZELTON,ID,83335,Jerome County,public,2-No,6,6,,,0.0,0,71724,12.1,160327001162,,,
4807662,JEFFERSON CO YOUTH ACAD,5030 HWY 69S STE 100,BEAUMONT,TX,77705,Jefferson County,public,2-No,6,5,,,,,,,,,,
1304261,Wellspring Living,3965 Roosevelt Hwy,Atlanta,GA,30349,Fulton County,public,2-No,6,4,,,0.0,0,95292,12.8,130228004261,,,
2705070,FOCUS ALP,205 UNION ST NE,CHATFIELD,MN,55923,Olmsted County,public,2-No,6,6,,,0.0,0,95406,6.8,270822005070,,,
5303481,SE AREA TECHNICAL SKILLS CENTER,525 CAMPUS LOOP DR,WALLA WALLA,WA,99362,Walla Walla County,public,2-No,6,6,,,,,,,,,,
2102272,Homebound Secondary,701 E Main St,Lexington,KY,40502,Fayette County,public,2-No,6,3,,,,,69479,12.1,210186002272,,,
4500255,Tyger River High,200 Prison Road,Enoree,SC,29335,Spartanburg County,public,2-No,6,6,,,,1,66234,15.9,450000100255,,,
2712696,Aspen House Education Program,2031 VICTORIA RD S,MENDOTA HEIGHTS,MN,55118,Dakota County,public,2-No,6,4,,,,,106318,5.9,274227012696,,,
4809334,DAEP,1200 HOUSTON ST,PLAINVIEW,TX,79073,Hale County,public,2-No,6,6,,,,,,,,,,
A2300893,SOUSA TUTOR,5300 W HILLSBORO BLVD STE 224,COCONUT CREEK,FL,33073,BROWARD,private,,6,6,,,0.0,,77633,13.5,,,,
1203668,JOHN POLK ALTERNATIVE SCHOOL,400 E LAKE MARY BLVD,SANFORD,FL,32773,Seminole County,public,2-No,6,6,,,,0,85761,9.7,120171003668,,,
2202015,Allen Correctional Center,3751 Lauderdale Woodyard Rd,Kinder,LA,70648,Allen Parish,public,2-No,6,6,,,,,,,,,,
4601343,Brighten Transition Youth Treatment Center - 07,46560 264th St,Sioux Falls,SD,57107,Minnehaha County,public,†,6,6,,,,0,76880,7.3,463171001343,,,
0403633,NAVIT - Northland Pioneer College STJ,65 South 3rd West,St. Johns,AZ,85936,Apache County,public,2-No,6,6,,,,,41438,35.3,040019703633,,,
4823159,TEXASWORKS - TYLER,1106 N GLENWOOD BLVD,TYLER,TX,78702,Smith County,public,1-Yes,6,6,,,,,74192,17.9,489913623159,,,
4101918,Hassolo School,1401 NE 68th Ave,Portland,OR,97213,Multnomah County,public,2-No,6,4,,,,0,88766,12.1,418018001918,,,
A2300077,ALKAVAIN ACADEMY,9 CROW CANYON CT STE 105,SAN RAMON,CA,94583,CONTRA COSTA,private,,6,6,,,0.0,,127229,9.4,,,,
4207138,Susquehanna County Career and Technology Center,2380 Elk Lake School Road,Springville,PA,18844,Susquehanna County,public,2-No,6,6,,,0.0,1,68487,15.5,420000307138,,,
3606515,SOUTH BEACH PSYCHIATRIC CENTER,777 SEAVIEW AVE,STATEN ISLAND,NY,10305,Richmond County,public,2-No,6,6,,,,,,,,,,
0612165,Redondo Beach Learning Academy,1000 Del Amo St.,Redondo Beach,CA,90277,Los Angeles County,public,2-No,6,6,50,,0.0,0.5,90112,16.2,060003212165,,,
4817083,FAIRVIEW ACCELERATED,2405 FAIRVIEW SCHOOL RD,SAN ANGELO,TX,76904,Tom Green County,public,2-No,6,6,,,,,,,,,,
0614592,Shereene Wilkerson Academy of Excellence,343 Brown St.,Vacaville,CA,95688,Solano County,public,2-No,6,6,,,0.0,0,100401,11.2,064059014592,,,
4807624,CYPRESS-FAIRBANKS J J A E P,10494 JONES RD,HOUSTON,TX,77065,Harris County,public,2-No,6,6,,,,0,74983,22.6,481611007624,,,
4207092,Eastern Westmoreland Career and Technology Center,4904 Route 982,Latrobe,PA,15650,Westmoreland County,public,2-No,6,6,,,,,74109,13.8,428048007092,,,
1210865,JACKSON COUNTY TEEN PARENTING PROGRAM,2903 JEFFERSON ST,MARIANNA,FL,32446,Jackson County,public,2-No,6,5,,,,,49149,27.1,120096010865,,,
4814185,HEARTS WITH HOPE,3407 SPRING CREEK DR,SPRING,TX,77373,Harris County,public,2-No,6,5,,,,,,,,,,
1208731,UPPER KEYS ACADEMIC CONNECTIONS FOR EXCELLENCE,73 HIGH POINT RD,TAVERNIER,FL,33070,Monroe County,public,2-No,6,4,,,0.0,0,87738,14.5,120132008731,,,
4809454,CAMERON CO J J A E P,2310 W HWY 77,SAN BENITO,TX,78586,Cameron County,public,2-No,6,4,,,,0.25,52601,31,482829009454,,,
2712734,Next Step West (Alden),155 S BROADWAY,ALDEN,MN,56009,Freeborn County,public,2-No,6,6,,,,,71023,12.2,270032712734,,,
4812592,FISD DAEP,335 ALTERNATIVE LN,FLORESVILLE,TX,78114,Wilson County,public,2-No,6,5,,,,,94565,10,482544012592,,,
0600470,Moreno High (Continuation),624 N. Rexford Dr.,Beverly Hills,CA,90210,Los Angeles County,public,2-No,6,6,,,0.0,0,90112,16.2,060483000470,050403,Below Average,
2607923,Macomb Correctional Facility,34625 26 MILE RD,LENOX,MI,48048,Macomb County,public,2-No,6,0,,,,,77837,14.7,260000107923,,,
4810493,COLLIN CO J J A E P,5515 OHIO DR,FRISCO,TX,75035,Collin County,public,2-No,6,6,,,,,,,,,,
2702823,Care & Treatment at ESC,334 16TH ST SE,ROCHESTER,MN,55904,Olmsted County,public,2-No,6,6,,,0.0,0,95406,6.8,273180002823,,,
4814228,ELLIS CO JJAEP,2272 FM 878,WAXAHACHIE,TX,75165,Ellis County,public,2-No,6,6,,,,0,99595,9.3,484473014228,,,
4823224,NEW JJAEP,5189 N SERVICE RD W STE 109,WILLOW PARK,TX,76087,Parker County,public,2-No,6,4,,,,,104443,8.1,484480023224,,,
5502005,DOC: Columbia Correctional Institution,2925 Columbia Dr,Portage,WI,53901,Columbia County,public,2-No,6,6,,,,,,,,,,
0607413,Leffingwell High (Continuation),2820 Santa Rosa Creek Rd.,Cambria,CA,93428,San Luis Obispo County,public,2-No,5,5,75,,0.0,0,97446,10.7,060004907413,050839,,
4817032,HIGHPOINT - DAEP,1002 SAN JACINTO ST,LA PORTE,TX,77571,Harris County,public,2-No,5,4,,,,,,,,,,
5303403,Open Doors at LWIT,11605 132nd Ave NE,Kirkland,WA,98034,King County,public,2-No,5,5,,,,,,,,,,
4808187,DALLAS CO SCHOOL FOR ACCELERATED LRNG,1673 TERRE COLONY DR,DALLAS,TX,75212,Dallas County,public,2-No,5,4,,,,0,76547,16,482442008187,442069,Below Average,
5302860,Re-Entry High School,11509 Holden Road SW,Lakewood,WA,98498,Pierce County,public,2-No,5,5,,,0.0,0,99564,10.9,530141002860,481351,Below Average,
0612716,Mission Community Day,1128 South Dairy Ave.,Corcoran,CA,93212,Kings County,public,2-No,5,4,,,0.0,0.13,70995,17.3,060969012716,,,
5303550,Step to College Open Doors High School,500 W Main ST,Grandview,WA,98930,Yakima County,public,2-No,5,5,,,,,70656,21,530315003550,,,
2607931,Gus Harrison Correctional Facility,2727 E BEECHER ST,ADRIAN,MI,49221,Lenawee County,public,2-No,5,0,,,,,70518,9.6,260000107931,,,
4601401,Dakota Reach - 06,1400 E 10th St,Plankinton,SD,57368,Aurora County,public,†,5,5,,,0.0,0,72885,11.6,465571001401,,,
A0901457,MISERICORDIA SCHOOL,2060 W GRANVILLE AVE,CHICAGO,IL,60659,COOK,private,,5,5,,,0.0,,83498,17.3,,,,
2701030,Northern Lights Academy,600 BRUCE ST,CROOKSTON,MN,56716,Polk County,public,2-No,5,3,,,,,73107,12,270972001030,,,
2712683,LUVERNE ALTERNATIVE PROGRAM,709 N KNISS AVE,LUVERNE,MN,56156,Rock County,public,2-No,5,5,,,,,,,,242252,Below Average,
1208020,EDUCATIONAL SERVICES PROGRAM-WEST,38811 JAMES WHEELER WAY,BELLE GLADE,FL,33430,Palm Beach County,public,2-No,5,5,,,,0,83581,14.1,120150008020,,,
4807563,DALLAS COUNTY JJAEP CFB CAMPUS,1673 TERRE COLONY,DALLAS,TX,75212,Dallas County,public,2-No,5,4,,,,,76547,16,481305007563,,,
5503005,Grow Academy,4986 County Road M,Fitchburg,WI,53575,Dane County,public,2-No,5,5,,,,0,89975,6.2,550003503005,,,
4810565,JUVENILE JUSTICE AEP,1673 TERRE COLONY,DALLAS,TX,75212,Dallas County,public,2-No,5,3,,,,,,,,,,
4823152,TEXASWORKS - HOUSTON-HOBBY,10222 GULF FWY BLDG A1,HOUSTON,TX,77034,Harris County,public,1-Yes,5,5,,,,,74983,22.6,489913623152,,,
2704337,RED LAKE JUVENILE DETENTION FACLTY,23990 HWY 1 E,RED LAKE,MN,56671,Beltrami County,public,2-No,5,4,,,,,68975,17.4,273051004337,,,
4207098,Central PA Institute of Science and Technology,540 North Harrison Road,Pleasant Gap,PA,16823,Centre County,public,2-No,5,5,,,,,74291,8.5,428053007098,391134,,
4807175,BEXAR CO J J A E P,102 GENEVIEVE ST,SAN ANTONIO,TX,78214,Bexar County,public,2-No,5,4,,,,,,,,,,
0608696,Miles W. Culwell Community Day,275 Cambridge Ave.,Coalinga,CA,93210,Fresno County,public,2-No,5,4,,,0.0,0.33000001,74201,24.5,060912008696,,,
0403589,CTD - Cochise College,901 COLOMBO AVE,SIERRA VISTA,AZ,85635,Cochise County,public,2-No,5,5,,,,,59742,18.6,040034503589,,,
4807164,STUBBLEFIELD LRN CTR,208 N JOHN REDDITT,LUFKIN,TX,75904,Angelina County,public,2-No,5,5,,,,,,,,,,
4207069,Huntingdon County Career and Technology Center,11893 Technology Drive,Mill Creek,PA,17060,Huntingdon County,public,2-No,5,5,,,,,,,,,,
4822945,BLESSED KIDZ,3917 KRESS ST,HOUSTON,TX,77026,Harris County,public,2-No,5,3,,,,,74983,22.6,481155022945,,,
5302922,Woodinville Community Center,12225 NE 160,Bothell,WA,98011,King County,public,2-No,5,5,,,,,,,,,,
3405990,Monmouth County Career Center,1000 KOZLOSKI ROAD,FREEHOLD,NJ,7728,Monmouth County,public,2-No,5,5,,,,,124845,7.7,341750005990,,,
4207068,Greene County Career and Technology Center,60 Zimmerman Drive,Waynesburg,PA,15370,Greene County,public,2-No,5,5,,,,,68041,21.8,428024007068,394991,,
4207684,Adams County Technical Institute,1126 Old Harrisburg RD,Gettysburg,PA,17325,Adams County,public,2-No,5,5,,,,,,,,,,
1203414,LAKE COUNTY ACER PROGRAM,551 W MAIN ST,TAVARES,FL,32778,Lake County,public,2-No,5,5,,,,0,73161,11.5,120105003414,,,
5303523,Re-Engagement School (Nine Mile Falls),5909 Highway 291,Nine Mile Falls,WA,99026,Stevens County,public,2-No,5,5,,,,,69327,17.6,530564003523,,,
4207082,Western Montgomery Career and Technology Center,77 Graterford Rd,Limerick,PA,19468,Montgomery County,public,2-No,5,5,,,,,113915,6.5,428036007082,,,
4207091,Central Westmoreland Career and Technology Center,240 Arona Road,New Stanton,PA,15672,Westmoreland County,public,2-No,5,5,,,,,74109,13.8,428047007091,395458,,
3501049,NORTHEASTERN NM CORRECTIONAL FACILITY,185 DR MICHAEL JENKINS RD,CLAYTON,NM,88415,Union County,public,2-No,5,5,,,,,46694,24.2,350001201049,,,
0610700,Tulare County Community,2101 North Shirk Rd.,Visalia,CA,93291,Tulare County,public,2-No,5,4,50,,0.0,1,71300,26.4,069104510700,050250,,
4807890,GALVESTON CO J J A E P,3904 AVE T,GALVESTON,TX,77553,Galveston County,public,2-No,5,4,,,,,,,,,,
0613934,R.I.S.E. Academy,200 Memorial Dr.,Weaverville,CA,96093,Trinity County,public,2-No,4,2,,,0.0,0,53002,30.6,069104413934,,,
5502561,DOC: Milwaukee Secure Detention Facility,1015 N 10th St,Milwaukee,WI,53205,Milwaukee County,public,2-No,4,4,,,,,,,,,,
4808930,FAIRVIEW DAEP,2405 FAIRVIEW SCHOOL RD,SAN ANGELO,TX,76904,Tom Green County,public,2-No,4,1,,,,,,,,,,
4207056,Clarion County Career Center,447 Career Lane,Shippenville,PA,16254,Clarion County,public,2-No,4,4,,,,,62649,12.5,428015007056,,,
A2370251,COLEMA ACADEMY,7860 MISSION CENTER CT,SAN DIEGO,CA,92108,SAN DIEGO,private,,4,4,,,0.0,,106268,10.8,,,,
4814047,STEP - CORE,200 WILCO WAY,GEORGETOWN,TX,78626,Williamson County,public,2-No,4,3,,,,,,,,,,
4601272,Hanson Colony Alternative High School - 07,41659 256th St,Mitchell,SD,57301,Hanson County,public,†,4,4,,,0.0,0,81071,11,460264001272,,,
4801935,FAIRVIEW SPECIAL PROGRAMS,2405 FAIRVIEW SCHOOL RD,SAN ANGELO,TX,76904,Tom Green County,public,2-No,4,3,,,,,68370,14.6,484155001935,,,
0607638,MacGregor High (Continuation),603 Key Route Blvd.,Albany,CA,94706,Alameda County,public,2-No,4,4,,,,,,,,050222,,
4111370,Walden Crossing School,881 NE 165th Ave,Portland,OR,97230,Multnomah County,public,2-No,4,4,,,,,88766,12.1,418018011370,,,
5303504,SHS Graduation Alliance,1801 E Edison Ave,Sunnyside,WA,98944,Yakima County,public,2-No,4,4,,,0.0,0,70656,21,530867003504,,,
0609210,Raymond Granite High,38828 Road 600,Raymond,CA,93653,Madera County,public,2-No,4,4,,,0.0,0.12,76627,25,060016009210,,,
A9500465,GATES OF LEARNING CENTER,1780 VERNON ST STE 5,ROSEVILLE,CA,95678,PLACER,private,,4,4,,,0.0,,115998,5.5,,051788,Average,
1203724,LEE COUNTY JAIL,2266 2ND ST,FORT MYERS,FL,33901,Lee County,public,2-No,4,4,50,,,0,76107,13,120108003724,,,
4811401,AXTELL/BE DAEP,# 1 EAGLE DR,EDDY,TX,76524,McLennan County,public,2-No,4,3,,,0.0,0.5,66643,18.4,481173011401,,,
0614493,Casterlin High,24790 Alderpoint Rd.,Blocksburg,CA,95514,Humboldt County,public,2-No,4,4,,,0.0,0.2,61160,16.9,063759014493,,,
5301298,East Grays Harbor High School,705 West Waldrip,Elma,WA,98541,Grays Harbor County,public,2-No,4,4,,,0.0,0,64414,17.3,530249001298,480421,Average,
0403595,West-MEC Gateway Community College,2931 W Bell Rd,Phoenix,AZ,85053,Maricopa County,public,2-No,4,4,,,,,89300,12.4,040061503595,,,
5302923,Whatcom Co Detention Center,311 GRAND AVE 6TH FL,BELLINGHAM,WA,98225,Whatcom County,public,2-No,4,3,,,,0,81784,7.9,530000802923,,,
0612802,Road to Success Academy at Campus Kilpatrick SDF,427 South Encinal Canyon Rd.,Malibu,CA,90265,Los Angeles County,public,2-No,4,4,30,,,3,90112,16.2,069107812802,,,
0403622,VACTE - Yavapai College Sedona Center,4215 ARTS VILLAGE DR,SEDONA,AZ,86336,Yavapai County,public,2-No,4,4,,,,,69613,9.9,040034103622,,,
1303700,George W. Hartmann Center,729 Lawrence St NE,Marietta,GA,30060,Cobb County,public,2-No,4,4,50,,0.0,0,102738,9.6,130351003700,,,
1303633,Good Sheperd Therapeutic Center,390 Bar Best Ranch Rd,Warm Springs,GA,31830,Meriwether County,public,2-No,4,4,,,0.0,0,57340,25.1,130363003633,,,
2702631,Transitions School,6000 W MOORE LAKE DR,FRIDLEY,MN,55432,Anoka County,public,2-No,4,4,,,,,,,,241623,,
4807530,BRAZORIA CO J J A E P,521 S 16TH ST,WEST COLUMBIA,TX,77486,Brazoria County,public,2-No,4,4,,,,,,,,,,
4823117,BLESSED KIDZ 2,2418 INLET,FRESNO,TX,77545,Fort Bend County,public,2-No,4,4,,,,,,,,,,
2101859,Ackerly,200 E Chestnut St,Louisville,KY,40202,Jefferson County,public,2-No,4,2,,,0.0,0,69866,18.6,210299001859,,,
2401751,Southwest EDLP at Woodlawn High School,105 W Chesapeake Ave,Towson,MD,21204,Baltimore County,public,2-No,4,4,,,0.0,0,91768,10.6,240012001751,210225,Below Average,
4801018,S T E P - DETENTION,200 WILCO WAY,GEORGETOWN,TX,78626,Williamson County,public,2-No,4,4,,,,,,,,,,
3606544,ROSE M SINGER CENTER,19-19 HAZEN ST,EAST ELMHURST,NY,11370,Bronx County,public,2-No,4,4,,,,,,,,,,
2712897,Project SEARCH,6401 FRANCE AVE S,EDINA,MN,55435,Hennepin County,public,2-No,4,4,,,,,,,,,,
0403571,STEDY- Arizona Western College,2020 S 8TH AVE,YUMA,AZ,85364,Yuma County,public,2-No,4,4,,,,,,,,,,
0403862,MIT STEM2 Online High School,3900 S 55TH AVE,PHOENIX,AZ,85043,Maricopa County,public,1-Yes,4,4,,,,,89300,12.4,040095503862,,,
2705044,SWMetro Credit Recovery,401 E 4TH ST,CHASKA,MN,55318,Carver County,public,2-No,4,4,50,,,,125946,2.8,270042005044,,,
5302921,Skagit County Detention Center,605 3RD ST,MOUNT VERNON,WA,98273,Skagit County,public,2-No,4,4,,,,0,89263,10,530000802921,,,
0403626,NAVIT - Northland Pioneer College PDC,2251 NAVAJO BLVD,HOLBROOK,AZ,86025,Navajo County,public,2-No,4,4,,,,,54606,31.4,040019703626,,,
4808191,L ISD J J A E P,422 S CENTRE AVE,LANCASTER,TX,75146,Dallas County,public,2-No,4,2,,,,,,,,,,
2705312,Big Stone Colony High School,26051 BIG STONE COLONY ROAD,CLINTON,MN,56240,Big Stone County,public,2-No,4,4,,,0.0,0,70400,13.2,270015005312,,,
4812582,COASTAL ALTERNATIVE PROGRAM,13302 HWY 6,SANTA FE,TX,77510,Galveston County,public,2-No,4,4,,,,,,,,440485,,
2704315,Oshki Manidoo Center,1741 15TH ST NW,BEMIDJI,MN,56601,Beltrami County,public,2-No,4,4,,,0.0,0,68975,17.4,270444004315,,,
2703305,MID STATE ED DIST STEPS TRANS. PROG,15770 18TH STREET NE,LITTLE FALLS,MN,56345,Morrison County,public,2-No,4,4,,,,,,,,,,
1207352,HERE'S HELP,6300 NW 27TH AVE,MIAMI,FL,33147,Miami-Dade County,public,2-No,4,3,50,,0.0,0,71753,16,120039007352,,,
4812819,COASTAL ALTERNATIVE PROGRAM (CAP),13302 HWY 6,SANTA FE,TX,77510,Galveston County,public,2-No,4,3,,,,,,,,440485,,
1207817,LEVY VIRTUAL FRANCHISE,480 MARSHBURN DR,BRONSON,FL,32621,Levy County,public,2-No,4,4,,,,0,56750,23.5,120114007817,,,
4807837,COLLIN CO J J A E P,951 S BALLARD,WYLIE,TX,75098,Collin County,public,2-No,3,2,,,,,,,,,,
0610818,Blue Heron,15850-A Dam Road Ext.,Clearlake,CA,95422,Lake County,public,2-No,3,3,,,,,,,,,,
4500148,Trenton High,84 Greenhouse Road,Trenton,SC,29847,Edgefield County,public,2-No,3,3,,,,0,73029,19,450000100148,,,
2704798,917 New Chance,1600 HIGHWAY 55,HASTINGS,MN,55033,Dakota County,public,2-No,3,3,,,0.0,0,106318,5.9,270002604798,,,
4807188,BEXAR CO J J A E P,8012 SHIN OAK,SAN ANTONIO,TX,78233,Bexar County,public,2-No,3,3,,,,,,,,,,
4823134,TRINITY CHARTER SCHOOL - PLANTERSVILLE CAMPUS,FM 1774,PLANTERSVILLE,TX,77363,Grimes County,public,1-Yes,3,3,,,,,69803,20.4,480025923134,,,
4207045,Steel Center for Career and Technical Education,565 N. Lewis Run Road,Jefferson Hills,PA,15025,Allegheny County,public,2-No,3,3,,,,,78548,13.5,428005007045,,,
4807813,BEXAR CO J J A E P,1460 MARTINEZ LOSOYA RD,SAN ANTONIO,TX,78221,Bexar County,public,2-No,3,3,,,,,72341,17.1,484092007813,,,
A9902671,CEDAR FALLS SCHOOL,19481 STATE HIGHWAY B,CANTON,MO,63435,LEWIS,private,,3,3,,,0.0,,59934,14.4,,,,
4811954,KCISD - DAEP,335 ALTERNATIVE LN,FLORESVILLE,TX,78114,Wilson County,public,2-No,3,3,,,,,,,,,,
3906154,3EA,4407 Payne Ave,Dayton,OH,45414,Montgomery County,public,2-No,3,1,,,,,,,,,,
5300097,Skill Source,233 N CHELAN ST,WENATCHEE,WA,98801,Chelan County,public,2-No,3,3,,,,,82381,10.8,530966000097,,,
2705521,SSP Virtual,710 - 19TH AVENUE NORTH,SOUTH SAINT PAUL,MN,55075,Dakota County,public,2-No,3,3,,,,,,,,,,
4809442,WILSON CO JJAEP,335 ALTERNATIVE LN,FLORESVILLE,TX,78114,Wilson County,public,2-No,3,1,,,,,,,,,,
4601233,E. A. G. L. E. Center High School - 07,E St,Eagle Butte,SD,57625,Dewey County,public,†,3,3,30,,,,54104,28.6,462010001233,,,
4809438,STEP - DETENTION,200 WILCO WAY,GEORGETOWN,TX,78626,Williamson County,public,2-No,3,3,,,,,,,,,,
0403630,MICTED - Medical,3800 N GLASSFORD HILL RD,PRESCOTT VLY,AZ,86314,Yavapai County,public,2-No,3,3,,,,,69613,9.9,040077203630,,,
4823007,GRAYSON COUNTY JJAEP,10000 N GRAYSON,DENISON,TX,75020,Grayson County,public,2-No,3,1,,,,,,,,,,
5303469,Open Doors re-engagement,2805 N Argonne,Spokane,WA,99212,Spokane County,public,2-No,3,3,,,,,78582,9.1,530969003469,,,
4808035,TARRANT CO J J A E P,350 KELLER PKWY,KELLER,TX,76248,Tarrant County,public,2-No,3,2,,,,,,,,,,
4810621,DENTON CO J J A E P,415 TISDELL LN,AUBREY,TX,76227,Denton County,public,2-No,3,2,,,,,,,,,,
4807506,ATASCOSA CO ALTER,1508 CAMPBELL,JOURDANTON,TX,78026,Atascosa County,public,2-No,3,3,,,,,,,,,,
1600784,CAREER & TECHNICAL EDUCATION CENTER,450 EAST STREET,IDAHO FALLS,ID,83402,Bonneville County,public,2-No,3,3,,,,,,,,,,
5401411,Mid Ohio Valley Technical Institute,2134 N Pleasants Hwy,Saint Marys,WV,26170,Pleasants County,public,2-No,3,3,,,,,60932,17.6,540111001411,,,
4207080,Central Montco Technical High School,821 Plymouth Road,Plymouth Meeting,PA,19462,Montgomery County,public,2-No,3,3,,,,,113915,6.5,428033007080,391315,Average,
2704948,Menlo Park Academy Extended,1700 2ND ST NE,MINNEAPOLIS,MN,55413,Hennepin County,public,2-No,3,3,,,,,97653,8.9,272124004948,,,
0604490,Keith B. Bright High (Juvenile Hall),656 West Pine St.,Bishop,CA,93514,Inyo County,public,2-No,3,3,,,0.0,0.25,73991,13.9,060140904490,,,
4814242,NEW AE,200 W LEE ST,CHINA,TX,77613,Jefferson County,public,2-No,3,3,,,,,,,,,,
4814220,ELLIS CO JJAEP,2272 FM 878,WAXAHACHIE,TX,75165,Ellis County,public,2-No,3,3,,,,,99595,9.3,481854014220,,,
5303420,Ridgeview Group Home,1726 Jerome Avenue,Yakima,WA,98902,Yakima County,public,2-No,3,3,,,0.0,0,70656,21,531011003420,,,
0611941,Monterey Peninsula Unified School District Community Day,200 Coe Ave.,Seaside,CA,93955,Monterey County,public,2-No,3,3,,,0.0,0,97230,15.7,062553011941,,,
4811313,NACOGDOCHES COUNTY DAEP COOP,459 N US HWY 59,GARRISON,TX,75946,Nacogdoches County,public,2-No,3,2,,,,,,,,,,
4810479,CAMERON CO J J A E P,101 PORT RD,PORT ISABEL,TX,78578,Cameron County,public,2-No,3,3,,,,,,,,,,
4807551,COLLIN CO J J A E P,601 E MAIN ST,ALLEN,TX,75002,Collin County,public,2-No,3,3,,,,,,,,,,
4808002,JUVENILE JUSTICE ALTERNATIVE EDUCATION PROGRAM,200 ACADEMY DR,CONROE,TX,77301,Montgomery County,public,2-No,3,3,,,,,97701,9.3,484107008002,440485,,
4808149,SERENITY HIGH,2550 WILMETH RD,MCKINNEY,TX,75071,Collin County,public,2-No,3,3,,,,,,,,444638,,
5303402,Oakridge Group Home,8701 Steilacoom Blvd,Lakewood,WA,98498,Pierce County,public,2-No,3,3,,,,0,99564,10.9,530141003402,,,
1203796,DATA HOUSE,4590 SELVITZ RD,FORT PIERCE,FL,34981,St. Lucie County,public,2-No,3,3,,,,0,71457,13.1,120177003796,,,
4808010,NUECES CO J J A E P,2505 WALDRON RD,CORPUS CHRISTI,TX,78418,Nueces County,public,2-No,3,1,,,,,,,,,,
1600817,DEHRYL A DENNIS PROF-TECH CENTER,8201 WEST VICTORY ROAD,BOISE,ID,83709,Ada County,public,2-No,3,3,,,0.0,0,91502,6.8,160036000817,,,
4207087,Venango Technology Center,One Vo Tech Drive,Oil City,PA,16301,Venango County,public,2-No,3,3,,,,,61522,18.5,428043007087,,,
4807459,FAIRVIEW ACCELERATED,2405 FAIRVIEW RD,SAN ANGELO,TX,76904,Tom Green County,public,2-No,3,3,,,,,,,,,,
4207067,Franklin County Career and Technology Center,2463 Loop Rd,Chambersburg,PA,17202,Franklin County,public,2-No,3,3,,,0.0,1,77003,11.8,428023007067,,,
3906175,BlueSky Virtual Academy,330 Main & High Street,Waterford,OH,45786,Washington County,public,2-No,3,3,,,,,,,,365143,Average,
A2301075,MAUI LEARNING ACADEMY LLC,1867 E VINEYARD ST 2 ND,WAILUKU,HI,96793,MAUI,private,,2,2,,,0.0,,97161,10.5,,,,
2607845,Handlon Correctional Facility,1728 W BLUEWATER HWY,IONIA,MI,48846,Ionia County,public,2-No,2,0,,,,,75611,11.2,260000107845,,,
02031117,BALTIMORE ACTOR'S THEATRE CONSERVATORY,5802 ROLAND AVE,BALTIMORE,MD,21210,BALTIMORE,private,,2,2,,,0.0,,62177,22.8,,,,
1207057,MARCHMAN TECHNICAL COLLEGE,7825 CAMPUS DR,NEW PORT RICHEY,FL,34653,Pasco County,public,2-No,2,2,,,,,70492,11.8,120153007057,,,
2607954,Huron Valley Womens,3511 BEMIS RD,YPSILANTI,MI,48197,Washtenaw County,public,2-No,2,0,,,,,89180,10.2,260000107954,,,
2700474,Burnsville Sr High Extended Day Pro,2140 DIFFLEY RD,EAGAN,MN,55122,Dakota County,public,2-No,2,2,,,,,106318,5.9,270729000474,,,
4811095,STEP --DETENTION,200 WILCO WAY,GEORGETOWN,TX,78626,Williamson County,public,2-No,2,2,,,,,,,,,,
4601434,Avera Adolescent Addiction Care Program - 81,4400 W 69th St,Sioux Falls,SD,57108,Lincoln County,public,†,2,2,,,,,99166,3.2,466627001434,,,
1601009,PAYETTE RIVER TECHNICAL ACADEMY,721 WEST 12TH STREET,EMMETT,ID,83617,Gem County,public,1-Yes,2,2,,,0.0,0,64605,16.1,160102001009,,,
4806825,RECOVERY EDUCATION CAMPUS,1106 10TH ST,RALLS,TX,79357,Crosby County,public,2-No,2,2,,,,,,,,,,
4807158,ALTER SCHOOL,1373 CR 2377,ALBA,TX,75410,Wood County,public,2-No,2,1,,,,,,,,,,
4807363,ALTER SCH,1810 PORT NECHES AVE,PORT NECHES,TX,77651,Jefferson County,public,2-No,2,2,,,,,,,,,,
4601371,Elk Mountain High School - 04,10222 Valley Rd,Dewey,SD,57735,Custer County,public,†,2,2,,,0.0,0,84112,11.6,462130001371,,,
0612355,Pinnacle Hall Community Day,1391 Kloke Rd.,Calexico,CA,92231,Imperial County,public,2-No,2,1,,,,,57681,23.8,060690012355,,,
4811096,S T E P - DETENTION,200 WILCO WAY,GEORGETOWN,TX,78626,Williamson County,public,2-No,2,2,,,,,,,,,,
0403471,WAVE-Central Campus,1540 PALO VERDE BLVD S,Lake Havasu City,AZ,86403,Mohave County,public,2-No,2,2,,,,,,,,,,
0610338,Cold Springs High,25910 Long Barn Rd.,Long Barn,CA,95335,Tuolumne County,public,2-No,2,2,,,0.0,0,77404,14.3,063828010338,,,
4811089,WICHITA CO JJAEP,1001 CALHOUN,WICHITA FALLS,TX,76306,Wichita County,public,2-No,2,2,,,,,,,,,,
4811050,FAIRVIEW ACCELERATED,2405 FAIRVIEW SCHOOL RD,SAN ANGELO,TX,76904,Tom Green County,public,2-No,2,2,,,,,,,,,,
4808425,ATASCOSA CO JUVENILE UNIT,1100 SCHOOL DR,POTEET,TX,78065,Atascosa County,public,2-No,2,2,,,,,,,,,,
4809244,ATASCOSA JUVENILE DETENTION CTR,711 BROADWAY ST,JOURDANTON,TX,78026,Atascosa County,public,2-No,2,2,,,,,,,,,,
4808421,THE LARRY BROWN SCHOOL,1508 CAMPBELL AVE,JOURDANTON,TX,78026,Atascosa County,public,2-No,2,2,,,,,,,,,,
2705050,SWMetro JAF,17681 VALLEY VIEW DRIVE,JORDAN,MN,55352,Scott County,public,2-No,2,2,,,0.0,0,119314,4.9,270042005050,,,
4812273,TARRANT COUNTY JJAEP,3131 SAN GUINET,FORT WORTH,TX,76109,Tarrant County,public,2-No,2,2,,,,,,,,,,
5502581,DOC: Wisconsin Secure Program Facility,1101 Morrison Dr,Boscobel,WI,53805,Grant County,public,2-No,2,2,,,,,,,,,,
4813993,WINTERS/FAIRVIEW AEP,2405 FAIRVIEW SCHOOL RD,SAN ANGELO,TX,76904,Tom Green County,public,2-No,2,2,,,,,,,,,,
4808046,TARRANT CO J J A E P,401 S CHERRY LN,WHITE SETTLEMENT,TX,76108,Tarrant County,public,2-No,2,1,,,,,,,,,,
4808043,TARRANT CO J J A E P,2701 KIMBO RD,FT WORTH,TX,76111,Tarrant County,public,2-No,2,1,,,,,,,,,,
4809066,FAIRVIEW ACCELERATED DAEP,2405 FAIRVIEW SCHOOL RD,SAN ANGELO,TX,76904,Tom Green County,public,2-No,2,1,,,0.0,1,68370,14.6,484441009066,,,
3500982,SOUTHERN NM CORRECTIONS,1983 JOE R SILVA BLVD,LAS CRUCES,NM,88004,Doña Ana County,public,2-No,2,2,,,,,56848,23.7,350001200982,,,
4809372,FAIRVIEW DAEP,2405 FAIRVIEW SCHOOL RD,SAN ANGELO,TX,76904,Tom Green County,public,2-No,2,2,,,,,68370,14.6,484155009372,,,
0403577,STEDY- Central Campus,899 E PLAZA CIR STE 1,YUMA,AZ,85365,Yuma County,public,2-No,2,2,,,,,,,,,,
4811091,WICHITA COUNTY J J A E P,401 BURKBURNETT RD,WICHITA FALLS,TX,76306,Wichita County,public,2-No,2,2,,,,,,,,,,
4817097,FAIRVIEW ACCELERATED,2405 FAIRVIEW SCHOOL RD,SAN ANGLEO,TX,76904,Tom Green County,public,2-No,2,2,,,,,,,,,,
4809027,FAIRVIEW ACCELERATED,2405 FAIRVIEW SCHOOL RD,SAN ANGELO,TX,76904,Tom Green County,public,2-No,2,2,,,,,,,,,,
3800963,LEWIS AND CLARK VIRTUAL HIGH SCHOOL,401 4th Ave NE,Berthold,ND,58718,Ward County,public,†,2,1,,,,,78238,9.6,380005800963,,,
4814132,EDEN-FAIRVIEW DAEP,2405 FAIRVIEW SCHOOL RD,SAN ANGELO,TX,76904,Tom Green County,public,2-No,2,1,,,,,,,,,,
2401759,Southeast EDLP at Dundalk High School,105 W Chesapeake Ave,Towson,MD,21204,Baltimore County,public,2-No,2,2,,,0.0,0,91768,10.6,240012001759,,,
2102344,Letcher County Alternative Education Ctr,185 Circle Dr,Whitesburg,KY,41858,Letcher County,public,2-No,2,2,,,,,41793,25.9,210336002344,,,
0403311,NATIVE Central Campus,N. Hwy 163 .6 mi East of Kaye,Kayenta,AZ,86033,Navajo County,public,2-No,2,2,,,,,,,,,,
2201725,Eastern LA Mental System,Hwy. 10,Jackson,LA,70748,East Feliciana Parish,public,2-No,2,2,,,,,,,,,,
0402979,CVIT - Central Campus EAC Gila Pueblo,1500 Panther Dr Bldg 3 Room,SUPERIOR,AZ,85173,Gila County,public,2-No,2,2,,,,,61986,26.8,040031602979,,,
4808310,JEFFERSON CO J J A E P,1149 PEARL ST,BEAUMONT,TX,77701,Jefferson County,public,2-No,2,1,,,,,,,,,,
0402778,PCJTED - Tucson High School,400 N 2ND AVE,TUCSON,AZ,85705,Pima County,public,2-No,2,2,,,,,70315,16.7,040075202778,,,
4811322,FAIRVIEW ACCELERATED,2405 FAIRVIEW SCHOOL RD,SAN ANGELO,TX,76904,Tom Green County,public,2-No,2,2,,,,,,,,,,
5400933,Putnam Career & Technical Center,300 Roosevelt Blvd.,Eleanor,WV,25070,Putnam County,public,2-No,2,2,,,,,79527,10.2,540120000933,491050,,
4807663,JEFFERSON CO YOUTH ACAD,5030 STE 100 HWY 69,BEAUMONT,TX,77705,Jefferson County,public,2-No,2,2,,,,,,,,,,
3906195,BCS Online School,348 S Cassingham Rd,Bexley,OH,43209,Franklin County,public,2-No,2,2,,,,,,,,,,
5501949,DOC: Racine Correctional Institution,2019 Wisconsin St,Sturtevant,WI,53177,Racine County,public,2-No,2,2,,,,,,,,,,
5303386,Touchstone,2010 N Puget St,Olympia,WA,98506,Thurston County,public,2-No,2,2,,,,0,96563,8.2,530618003386,,,
5401427,Wood Co Voc Tech Ctr,1515 Blizzard Dr,Parkersburg,WV,26101,Wood County,public,2-No,2,2,,1,0.0,0,57810,18.1,540162001427,,,
3501152,OTERO COUNTY PRISON,10 MCGREGOR RANGE RD,CHAPARRAL,NM,88001,Otero County,public,2-No,2,2,,,,,55876,29.8,350001201152,,,
4813966,WINTERS/FAIRVIEW DAEP,2405 FAIRVIEW SCHOOL RD,SAN ANGELO,TX,76904,Tom Green County,public,2-No,2,1,,,,,,,,,,
4809159,COLLIN CO J J A E P,200 S MCDONALD ST,MCKINNEY,TX,75069,Collin County,public,2-No,2,1,,,,,,,,,,
4807183,BEXAR CO J J A E P,1402 N HACKBERRY,SAN ANTONIO,TX,78208,Bexar County,public,2-No,2,1,,,0.0,0,72341,17.1,481785007183,,,
5302927,Kitsap Co Detention Ctr,1338 SW OLD CLIFTON RD,PORT ORCHARD,WA,98366,Kitsap County,public,2-No,2,2,,,,,104158,8.6,530000702927,,,
4808445,ATASCOSA CO ALTER,1511 ZANDERSON,JOURDANTON,TX,78026,Atascosa County,public,2-No,2,2,,,,,,,,,,
2705208,LION Program-Alternative Education,333 SCHOOL DR,OGILVIE,MN,56358,Kanabec County,public,2-No,2,2,,,0.0,0,71460,10.4,272397005208,,,
3102424,HANNY ARRAM CENTER,3907 6TH AVENUE,KEARNEY,NE,68845,Buffalo County,public,†,2,2,,2,0.0,0,75911,7.9,317239002424,,,
1207885,HIGHLANDS COUNTY SCHOOLS JAIL PROGRAM,426 SCHOOL ST,SEBRING,FL,33870,Highlands County,public,2-No,2,2,,,,0,54897,20.9,120084007885,,,
4810659,JJAEP,7814 ALAMEDA AVE,EL PASO,TX,79915,El Paso County,public,2-No,2,2,,,,,,,,,,
3404670,Ocean County Vocational Technical School Brick Center,350 CHAMBERS BRIDGE ROAD,BRICK,NJ,8723,Ocean County,public,2-No,2,2,,,0.0,2,89863,11.9,341198004670,,,
3404672,Ocean County Vocational Technical School Jackson Center,850 TOMS RIVER ROAD,JACKSON,NJ,8527,Ocean County,public,2-No,2,2,,,0.0,1,89863,11.9,341198004672,,,
4807531,BRAZORIA CO J J A E P,20875 CTY RD 171,ANGLETON,TX,77515,Brazoria County,public,2-No,2,1,,,,,,,,,,
4822790,BRAZOS HARBOR,1035 DIXIE DR,CLUTE,TX,77531,Brazoria County,public,2-No,2,1,,,,,97993,9.7,481119022790,,,
2102581,Todd County Day Treatment,804 S. Main Street,Elkton,KY,42220,Todd County,public,2-No,2,2,,,,,61103,20.5,210555002581,,,
4207136,Bedford County Technical Center,195 Pennknoll Road,Everett,PA,15537,Bedford County,public,2-No,2,2,,,,,59992,13.7,420000107136,,,
5302469,NW Learning Center,4407 172nd St NE,Arlington,WA,98223,Snohomish County,public,2-No,2,2,,,,,111246,8.9,530267002469,480982,,
5303464,Lewis County Jail,345 NW North Street,Chehalis,WA,98532,Lewis County,public,2-No,2,2,,,,,74796,12.8,530117003464,,,
4811029,TARRANT CO J J A E P,1008 HWY 1187,CROWLEY,TX,76036,Tarrant County,public,2-No,2,2,,,,,,,,,,
2712875,Unity Program - PHP,550 OSBORNE RD NE,FRIDLEY,MN,55432,Anoka County,public,2-No,2,2,,,,,101869,7.3,273333012875,,,
4808883,JJAEP,207 PHILPOT,WILLIS,TX,77378,Montgomery County,public,2-No,2,2,,,,,,,,,,
4808182,JJAEP,400 E SPRING VALLEY RD,RICHARDSON,TX,75083,Dallas County,public,2-No,2,2,,,,,,,,,,
2712907,M Health Fairview C&T,911 NORTHLAND DR,PRINCETON,MN,55371,Sherburne County,public,2-No,2,1,,,,,105466,5.6,273003012907,,,
4808346,NUECES CO J J A E P,5801 PATTON STE 100,CORPUS CHRISTI,TX,78415,Nueces County,public,2-No,2,2,,,,,,,,,,
2704184,WCJC,15015 62ND ST N,STILLWATER,MN,55082,Washington County,public,2-No,2,2,,,,,115345,3.9,273819004184,,,
4808311,JEFFERSON CO J J A E P,1149 PEARL ST,BEAUMONT,TX,77701,Jefferson County,public,2-No,1,1,,,,,,,,,,
2703160,White Bear Lake HS Credit Recovery,5045 DIVISION AVE,WHITE BEAR LAKE,MN,55110,Ramsey County,public,2-No,1,1,,,,,81568,12.9,274236003160,242683,Average,
2704585,ADULT ACADEMICS,305 WILLOW BEND,CRYSTAL,MN,55428,Hennepin County,public,2-No,1,1,,,,,97653,8.9,273178004585,,,
4813277,BARBARA CULVER JUVENILE DETENTION CENTER,3800 N LAMESA RD,MIDLAND,TX,79701,Midland County,public,2-No,1,1,,,,,,,,,,
4807743,TRAVIS CO J J A E P,3207 W SLAUGHTER LN,AUSTIN,TX,78748,Travis County,public,2-No,1,1,,,,,,,,,,
0402519,West-MEC - Sandra Day O'Connor High School,25250 N. 35th Ave.,Glendale,AZ,85310,Maricopa County,public,2-No,1,1,,,,,89300,12.4,040061502519,030173,Demanding,
2401754,Northeast EDLP at Parkville High School,105 W Chesapeake Ave,Towson,MD,21204,Baltimore County,public,2-No,1,1,,,0.0,0,91768,10.6,240012001754,,,
0611332,Foothill Community Day,890 Main St.,Newman,CA,95360,Stanislaus County,public,2-No,1,1,,,,,81468,18.3,062720011332,,,
4808718,CAMERON COUNTY JJAEP,203 E OLEANDER,LA FERIA,TX,78559,Cameron County,public,2-No,1,0,,,,,,,,,,
0403848,NATIVE - Shonto High School,E. Hwy. 160 Rte. 98,Shonto,AZ,86054,Navajo County,public,2-No,1,1,,,,,54606,31.4,040061203848,,,
0613022,CDS Bishop High,301 North Fowler,Bishop,CA,93514,Inyo County,public,2-No,1,1,,,0.0,0.25,73991,13.9,060140913022,,,
4808941,TRAVIS CO J J A E P,1401 W PECAN ST,PFLUGERVILLE,TX,78660,Travis County,public,2-No,1,1,,,,,,,,,,
4808655,JJAEP-SOUTHWEST KEY PROGRAM,1313 S 18TH ST,EDINBURG,TX,78539,Hidalgo County,public,2-No,1,0,,,,,,,,,,
4601305,CTE - 37,4700 W Career Cir,Sioux Falls,SD,57107,Minnehaha County,public,†,1,1,,,,,76880,7.3,466627001305,,,
4815799,HOMEBASED COMP ED,3736 PERRIN CENTRAL,SAN ANTONIO,TX,78217,Bexar County,public,2-No,1,1,,,,,,,,,,
4808944,TRAVIS CO J J A E P,10335 HWY 290E,MANOR,TX,78653,Travis County,public,2-No,1,1,,,,,,,,,,
4610815,Dakota Trail Virtual School - 92,510 2nd Ave,Ipswich,SD,57451,Edmunds County,public,†,1,1,,,,,81630,13.9,463606010815,,,
4900915,Grouse Creek Secondary,76785 W 11900 N,GROUSE CREEK,UT,84313,Box Elder County,public,2-No,1,1,,,,,,,,,,
3800939,ELLENDALE HIGH VIRTUAL ACADEMY,321 1st St N,Ellendale,ND,58436,Dickey County,public,†,1,1,,,0.0,0,68654,14.9,380609000939,,,
4814118,TRINITY CHARTER SCHOOLS - FORT WORTH CAMPUS,2461 E SEMINARY DR,FORT WORTH,TX,76119,Tarrant County,public,1-Yes,1,1,,,,,,,,,,
4807178,BEXAR CO J J A E P,1402 N HACKBERRY ST,SAN ANTONIO,TX,78208,Bexar County,public,2-No,1,1,,,,,,,,,,
4810392,BASTROP COUNTY JUVENILE BOOT CAMP,1002 N AVE C,ELGIN,TX,78621,Bastrop County,public,2-No,1,1,,,,,,,,,,
3500976,GUADALUPE COUNTY CORRECTIONS,SOUTH HWY 54,SANTA ROSA,NM,88435,Guadalupe County,public,2-No,1,1,,,,,42750,22.6,350001200976,,,
4808697,BELL CO J J A E P,401 SANTA FE WAY,TEMPLE,TX,76501,Bell County,public,2-No,1,1,,,,,,,,,,
3500979,WESTERN NM CORRECTIONS,1700 EAST OLD HWY 66,GRANTS,NM,87020,Cibola County,public,2-No,1,1,,,,,50759,31.8,350001200979,,,
3500986,CENTRAL NM CORRECTIONS,1525 MORRIS RD,LOS LUNAS,NM,87031,Valencia County,public,2-No,1,1,,,,,58933,20.1,350001200986,,,
4811115,WILSON CO JJAEP,335 ALTERNATIVE LN,FLORESVILLE,TX,78114,Wilson County,public,2-No,1,1,,,,,,,,,,
4808813,JUVENILE JUSTICE AEP,2525 MURWORTH,HOUSTON,TX,77054,Harris County,public,2-No,1,1,,,,,,,,,,
0403861,Pima County JTED at Granite,9301 S. Swan Rd.,Tucson,AZ,85756,Pima County,public,2-No,1,1,,,,,70315,16.7,040075203861,,,
0402774,PCJTED - Cholla High School,2001 W STARR PASS BLVD,TUCSON,AZ,85713,Pima County,public,2-No,1,1,,,,,70315,16.7,040075202774,030000,Average,
4814335,STEP-CORE,200 WILCO WAY,GEORGETOWN,TX,78628,Williamson County,public,2-No,1,1,,,,,,,,,,
2607846,SAI Camp Cassidy Lake,3100 COOPER ST,JACKSON,MI,49201,Jackson County,public,2-No,1,0,,,,,,,,,,
1800433,A K Smith Area Career Center,817 Lafayette St,Michigan City,IN,46360,LaPorte County,public,2-No,1,1,,,,,71055,19.3,180657000433,152482,,
4808709,BRAZORIA CO J J A E P,301 E HOUSE ST,ALVIN,TX,77511,Brazoria County,public,2-No,1,1,,,,,,,,,,
4810795,SHELDON JJAEP,2525 MURWORTH STE 100,HOUSTON,TX,77054,Harris County,public,2-No,1,1,,,,,,,,,,
0403713,PCJTED - Mica Mountain High School,10800 E VALENCIA RD,TUCSON,AZ,85747,Pima County,public,2-No,1,1,,,,,70315,16.7,040075203713,030221,Demanding,
0402807,PCJTED - Cienega High School,12775 E MARY ANN CLEVELAND WAY,VAIL,AZ,85641,Pima County,public,2-No,1,1,,,,,70315,16.7,040075202807,030541,Demanding,
2703678,CENTRAL FREEDOM SCHOOL,110 FULTON ST,MANKATO,MN,56001,Blue Earth County,public,2-No,1,1,,,0.0,0.89999998,74477,9.6,271878003678,241870,Demanding,
4809255,HARDIN CO ALTERNATIVE AEP,300 W MONROE ST,KOUNTZE,TX,77625,Hardin County,public,2-No,1,1,,,,,,,,,,
0403162,Humanities and Sciences Academy Arizona,1105 E BROADWAY RD,TEMPE,AZ,85282,Maricopa County,public,1-Yes,1,1,75,,0.0,0,89300,12.4,040010803162,030342,,
4808882,MONTGOMERY CO J J A E P,2235 N 1ST ST,CONROE,TX,77301,Montgomery County,public,2-No,1,1,,,,,,,,,,
4816035,FAIRVIEW ACCELERATED,2405 FAIRVIEW SCHOOL RD,SAN ANGELO,TX,76904,Tom Green County,public,2-No,1,1,,,,,,,,,,
4822944,NICOLE'S PLACE,500 E ST JOHNS AVE,AUSTIN,TX,78752,Travis County,public,2-No,1,1,,,,,,,,,,
4812897,FAIRVIEW ACCELERATED (DAEP),2405 FAIRVIEW SCHOOL RD,SAN ANGELO,TX,76904,Tom Green County,public,2-No,1,1,,,,,,,,,,
2712984,Ely ISD 696 Credit Recovery,600 E HARVEY ST,ELY,MN,55731,St. Louis County,public,2-No,1,1,,,,,70069,9.2,270022412984,,,
4701917,Carroll Co Tech Center,1235 Buena Vista RD,Huntingdon,TN,38344,Carroll County,public,2-No,1,1,,,,,,,,,,
4823226,FAIRVIEW ALTERNATIVE,205 W FIELDS AVE,ELDORADO,TX,76936,Tom Green County,public,2-No,1,1,,,,,,,,,,
4812136,FAIRVIEW SPECIAL PROGRAMS,1122 PRIVATE RD 2562,ROWENA,TX,76875,Runnels County,public,2-No,1,1,,,,,,,,,,
4808051,FAIRVIEW SPECIAL PROGRAMS,17886 WILDCAT DR,WATER VALLEY,TX,76958,Tom Green County,public,2-No,1,1,,,,,,,,,,
1207221,GEORGE T. BAKER AVIATION TECHNICAL COLLEGE,3275 NW 42ND AVE,MIAMI,FL,33142,Miami-Dade County,public,2-No,1,1,,,,,71753,16,120039007221,,,
4810762,FORT BEND CO ALTER,1732 KATYLAND DR,KATY,TX,77492,Fort Bend County,public,2-No,1,1,,,,,,,,,,
5303726,Kodiak Virtual Academy,330 EVANS STREET,LEAVENWORTH,WA,98826,Chelan County,public,2-No,1,1,,,0.0,0,82381,10.8,530095003726,,,
2703325,MCF - OAK PARK HEIGHTS,5329 OSGOOD AVE N,STILLWATER,MN,55082,Washington County,public,2-No,1,1,,,,,115345,3.9,270027203325,,,
4808791,HARRIS CO JJAEP,2525 MURWORTH,HOUSTON,TX,77054,Harris County,public,2-No,1,1,,,,,,,,,,
2705277,Lismore Colony Senior High School,80391 330TH ST,CLINTON,MN,56225,Big Stone County,public,2-No,1,1,,,0.0,0,70400,13.2,270015005277,240685,Average,
4807612,GALVESTON CO J J A E P,13304 HWY 6,SANTA FE,TX,77510,Galveston County,public,2-No,1,1,,,,,,,,,,
2607887,Central Michigan Correctional Facility,8201 N CROSWELL RD,SAINT LOUIS,MI,48880,Gratiot County,public,2-No,1,0,,,,,63556,16.6,260000107887,,,
4807889,GALVESTON CO J J A E P,6101 ATTWATER,DICKINSON,TX,77539,Galveston County,public,2-No,1,1,,,,,,,,,,
5303558,Mabton Step Up To College,500 W Main St,Grandview,WA,98930,Yakima County,public,2-No,1,1,,,,,70656,21,530465003558,,,
5302865,Mason County Detention Center,411 N. 5th St.,Shelton,WA,98584,Mason County,public,2-No,1,1,,,,0,83270,17.8,530790002865,,,
4207253,Fulton County Center for Career and Technology,145 East Cherry Street,McConnellsburg,PA,17233,Fulton County,public,2-No,1,1,,,,,65836,14.7,420000707253,,,
1210862,JACKSON COUNTY JAIL INSTRUCTION,2903 JEFFERSON ST,MARIANNA,FL,32446,Jackson County,public,2-No,1,1,,,,,49149,27.1,120096010862,,,
2102580,Todd County Virtual Academy,804 South Main Street,Elkton,KY,42220,Todd County,public,2-No,1,1,,,,,61103,20.5,210555002580,,,
2703365,IVAN SAND AFTER SCHOOL CREDIT RECOV,1232 SCHOOL ST NW,ELK RIVER,MN,55330,Sherburne County,public,2-No,1,1,,,,,105466,5.6,271137003365,,,
4210057,South East Youth Dev Center,1213 Mokychich Rd,Collegeville,PA,19473,Montgomery County,public,2-No,1,1,,,,,113915,6.5,428940110057,,,
4207105,Seneca Highlands Career and Technical Center,219 Edison Bates Drive,Port Allegany,PA,16743,McKean County,public,2-No,1,1,,,,,,,,,,
4209994,Lycoming Career and Technology Center,293 Cemetery Street,Hughesville,PA,17737,Lycoming County,public,2-No,1,1,,,,,63917,17.1,428939309994,,,
4808830,HARRIS CO J J A E P,955 CAMPBELL RD,HOUSTON,TX,77024,Harris County,public,2-No,1,1,,,,,,,,,,
4808049,FAIRVIEW ACCELERATED,2405 FAIRVIEW SCHOOL RD,SAN ANGELO,TX,76904,Tom Green County,public,2-No,1,1,,,,,,,,,,
4807652,SOUTHWEST KEY PROGRAM,3900 N 23RD,MCALLEN,TX,78501,Hidalgo County,public,2-No,1,1,,,,,,,,,,
3606805,TIOGA COUNTY JAIL,103 CORPORATE DR,OWEGO,NY,13827,Tioga County,public,2-No,1,1,,,,,,,,,,
0611706,Plumas County Opportunity,50 Church St.,Quincy,CA,95971,Plumas County,public,2-No,1,1,,,,,,,,,,
5502118,DOC: Taycheedah Correctional Institution,N7139 County Road K,Fond du Lac,WI,54935,Fond du Lac County,public,2-No,1,1,,,,,,,,,,
4809354,PROJECT RESTORE,2235 N 1ST ST,CONROE,TX,77301,Montgomery County,public,2-No,1,1,,,,,,,,,,
4808466,CAMERON CO J J A E P,215 W COLORADO,RIO HONDO,TX,78583,Cameron County,public,2-No,1,1,,,,,,,,,,
3606531,SUFFOLK COUNTY SHERIFFS OFFICE,1 CENTER DR,RIVERHEAD,NY,11901,Suffolk County,public,2-No,1,1,,,,,,,,,,
1203931,ST. JOHNS COUNTY JAIL (DJJ),765 E ST JOHNS AVE,HASTINGS,FL,32145,St. Johns County,public,2-No,1,1,,,,,109839,4.9,120174003931,,,
4808535,DENTON CO J J A E P,18501 ST HWY 114,JUSTIN,TX,76247,Denton County,public,2-No,1,1,,,,,,,,,,
0402577,CTD - Cochise Technology School,6506 E MILLS MAERKER RD,WILLCOX,AZ,85643,Cochise County,public,2-No,1,1,,,,,59742,18.6,040034502577,,,
4808582,HARDIN CO ALTER ED,103 S LHS DR,LUMBERTON,TX,77657,Hardin County,public,2-No,1,1,,,,,,,,,,
4823077,EBISD WCJJAEP,106 E MILAM,WHARTON,TX,77499,Wharton County,public,2-No,1,1,,,,,,,,,,
4814048,EDEN-FAIRVIEW ACCELERATED,2405 FAIRVIEW SCHOOL RD,SAN ANGELO,TX,76904,Tom Green County,public,2-No,1,1,,,,,,,,,,
4808717,CAMERON CO J J A E P,1409 E HARRISON ST,HARLINGEN,TX,78550,Cameron County,public,2-No,1,1,,,,,,,,,,
4814227,ELLIS CO JJAEP,2272 FM 878,WAXAHACHIE,TX,75165,Ellis County,public,2-No,1,1,,,,,,,,,,
5302913,Canyon View Group Home,260 N. Georgia,East Wenatchee,WA,98802,Douglas County,public,2-No,1,1,,,,,,,,,,
2703887,Credit Recovery,37 WOOD LAKE DR SE,ROCHESTER,MN,55904,Olmsted County,public,2-No,1,1,,,,,95406,6.8,273180003887,,,
4814141,STEP - CORE,200 WILCO WAY,GEORGETOWN,TX,78626,Williamson County,public,2-No,1,1,,,,,,,,,,
4814224,ELLIS CO JJAEP,2272 FM 878,WAXAHACHIE,TX,75165,Ellis County,public,2-No,1,1,,,,,,,,,,
4809376,TARRANT COUNTY JJAEP SCHOOL,2701 KIMBO RD,FORT WORTH,TX,76111,Tarrant County,public,2-No,1,1,,,,,,,,,,
4702644,North Cumberland Online School,127 Valley St.,Jacksboro,TN,37757,Campbell County,public,2-No,0,0,,,,,51557,26.9,470042002644,,,
4710417,PIE Innovation Center,2181 Parker St NE,Cleveland,TN,37311,Bradley County,public,2-No,0,0,,,,,66552,14.1,470033010417,,,
4808637,HAROLD D GUTHRIE CENTER FOR EXCELLENCE,10660 HAMMERLY BLVD,HOUSTON,TX,77043,Harris County,public,2-No,0,0,,,,,74983,22.6,484110008637,,,
5502835,DOC: Thompson Correctional Center,434 State Farm Rd,Deerfield,WI,53531,Dane County,public,2-No,0,0,,,,,89975,6.2,550003502835,,,
5303928,Sageview High School,6091 Burns Rd,Pasco,WA,99301,Franklin County,public,2-No,0,0,,,,,86714,17.1,530657003928,,,
5302195,Yakima Valley Technical Skills Center,1120 S 18th St.,Yakima,WA,98901,Yakima County,public,2-No,0,0,,,,,70656,21,531011002195,,,
4808545,CAREER & TECH ED CTR,1170 WALNUT ST,EL PASO,TX,79930,El Paso County,public,2-No,0,0,,,,,59806,23,481830008545,,,
4807311,HARRIS CO J J A E P,203 IVY,DEER PARK,TX,77536,Harris County,public,2-No,0,0,,,,,74983,22.6,481653007311,,,
4809108,SPICER ALTER ED CTR,822 W MEYER,BELLVILLE,TX,77418,Austin County,public,2-No,0,0,,,0.0,0,75789,16,480981009108,,,
5502632,DOC: Stanley Correctional Institution,100 Corrections Dr,Stanley,WI,54768,Chippewa County,public,2-No,0,0,,,,,74680,11.6,550003502632,,,
5302804,Winolequa Learning Academy,411 NW Arden Street,Winlock,WA,98596,Lewis County,public,2-No,0,0,,,,,74796,12.8,530993002804,,,
5502572,DOC: Robert E Ellsworth Correctional Cen ter,21425-A Spring St,Union Grove,WI,53182,Racine County,public,2-No,0,0,,,,,,,,,,
4701853,Southwest Career Technology Center,3746 Horn Lake RD,Memphis,TN,38109,Shelby County,public,2-No,0,0,,,,,63767,29.3,470014801853,,,
4702654,Pathways Alternative School,952 East McKinney AVE,Rogersville,TN,37857,Hawkins County,public,2-No,0,0,,,0.0,1,56936,16.2,470174002654,430161,,
4809177,DISCIPLINE ALTERNATIVE EDUCATION PLACEMENT,902 W SAN ANTONIO,NEW BRAUNFELS,TX,78130,Comal County,public,2-No,0,0,,,,,101889,8.5,483237009177,,,
5502043,DOC: Oakhill Correctional Institution,5212 County Road M,Oregon,WI,53575,Dane County,public,2-No,0,0,,,,,,,,,,
4809100,GOALS,300 N LK CREEK DR,ROUND ROCK,TX,78681,Williamson County,public,2-No,0,0,,,,,111340,5,483808009100,,,
5502052,DOC: Oshkosh Correctional Institution,1730 Snell Rd,Oshkosh,WI,54901,Winnebago County,public,2-No,0,0,,,,,,,,,,
4701828,Senator Frank P. Lashlee Career and Technical Center,155  Schools  DR,Camden,TN,38320,Benton County,public,2-No,0,0,,,,,51746,23.4,470024001828,431467,,
4813440,GILBREATH-REED CAREER AND TECHNICAL CENTER,4885 N PRESIDENT GEORGE BUSH HWY,GARLAND,TX,75042,Dallas County,public,2-No,0,0,,,,,,,,,,
5502836,Gordon Correctional Center,10401 E County Road G,Gordon,WI,54838,Douglas County,public,2-No,0,0,,,,,75099,12.8,550003502836,,,
5502233,DOC: Redgranite Correctional Institution,1006 County Road EE,Redgranite,WI,54970,Waushara County,public,2-No,0,0,,,,,,,,,,
4822836,TOMAS H S,24945 EASTON RAMSEY WAY,RICHMOND,TX,77406,Fort Bend County,public,2-No,0,0,,,,,114041,8.8,482658022836,445965,Below Average,
4808469,CORRECTIVE BEHAVIOR CTR,309 BUCKNER ST,ATLANTA,TX,75551,Cass County,public,2-No,0,0,,,,,53813,20.7,480888008469,,,
5303399,Yakima Adult Jail,111 North Front Street,Yakima,WA,98901,Yakima County,public,2-No,0,0,,,,,70656,21,531011003399,,,
4814291,FRENSHIP MEMORIAL H S,7012 43RD DR,LUBBOCK,TX,79407,Lubbock County,public,2-No,0,0,,,,,64155,15.3,481983014291,445620,Below Average,
4822897,JEFFERSON COUNTY YOUTH ACADEMY,5030 HWY 69 ACCESS RD,BEAUMONT,TX,77705,Jefferson County,public,2-No,0,0,,,,,60026,21.8,481131022897,,,
5303372,Pacific County Jail,500 East 1st St,South Bend,WA,98586,Pacific County,public,2-No,0,0,,,,,67081,17.1,530810003372,,,
4812377,VISION ACADEMY OF EXCELLENCE,1200 E SCHUNIOR,EDINBURG,TX,78541,Hidalgo County,public,2-No,0,0,,,,,,,,,,
4809390,BUINGER CTE ACADEMY,1849E CENTRAL DR,BEDFORD,TX,76022,Tarrant County,public,2-No,0,0,,,,,,,,,,
5502116,DOC: Black River Correctional Ctr,W6898 E Staffon Rd,Black River Falls,WI,54615,Jackson County,public,2-No,0,0,,,,,,,,,,
5503104,DOC: Chippewa Valley Correctional Treatm ent Facility,2909 E Park Ave,Chippewa Falls,WI,54729,Chippewa County,public,2-No,0,0,,,,,74680,11.6,550003503104,,,
5600243,Red Top Meadows,7905 Fall Creek Road,Wilson,WY,83014,Teton County,public,2-No,0,0,,,,2,124172,3.5,560001500243,,,
5303748,Dropout Prevention and Reengagement Academy,800 Oakesdale Ave SW,Renton,WA,98057,King County,public,2-No,0,0,,,,,124746,9.5,530000603748,,,
5302914,Clallam Co Juvenile Detention,1912 W 18TH ST,PORT ANGELES,WA,98363,Clallam County,public,2-No,0,0,,,,,70370,13.2,530000702914,,,
5303375,Choice,32302 NE 50th St,Carnation,WA,98014,King County,public,2-No,0,0,,,,,,,,,,
5303384,Southwest Youth and Family Services,4555 Delridge Way SW,Seattle,WA,98106,King County,public,2-No,0,0,,,,,124746,9.5,530354003384,,,
5303675,Soar to Success,2600 N 20th Ave,Pasco,WA,99301,Franklin County,public,2-No,0,0,,,,,86714,17.1,530657003675,,,
5600576,Meadowlark Academy,3304 E I-80 Service Rd,Cheyenne,WY,82009,Laramie County,public,2-No,0,0,,,,0,80173,8.4,568025500576,,,
5302127,Sno-Isle Skills Center,9001 Airport Road,Everett,WA,98204,Snohomish County,public,2-No,0,0,,,,,,,,,,
5303435,Sno Co Jail,1918 Wall Street,Everett,WA,98201,Snohomish County,public,2-No,0,0,,,,,111246,8.9,530267003435,,,
5303352,Benton County Jail,7122 W Okanogan Place,Kennewick,WA,99337,Benton County,public,2-No,0,0,,,,0,89874,10.2,530393003352,,,
5502080,Wisconsin Resource Center,1505 North Dr,Winnebago,WI,54985,Winnebago County,public,2-No,0,0,,,0.0,0,74925,10.6,550003602080,,,
5503140,Winnebago Correctional Center,4300 Sherman Road,Winnebago,WI,54985,Winnebago County,public,2-No,0,0,,,,,,,,,,
5303051,Alternative Spcl Needs Div Occ,601 S 8TH ST,TACOMA,WA,98405,Pierce County,public,2-No,0,0,,,,,99564,10.9,530870003051,,,
5000102,Windham Regional Career Center,80 Atwood Street,Brattleboro,VT,5301,Windham County,public,†,0,0,,,,,72217,12.1,500043100102,,,
5000094,Stafford Technical Center,8 Stratton Road,Rutland,VT,5701,Rutland County,public,†,0,0,,,0.0,2,68616,11,500705000094,460378,,
5000103,Southwest Tech,321 Park Street,Bennington,VT,5201,Bennington County,public,†,0,0,,,,,73325,10.4,500002200103,,,
5000097,River Valley Technical Center,307 South Street,Springfield,VT,5156,Windsor County,public,†,0,0,,,,,77594,9.2,500037100097,,,
5303313,Tacoma Pierce County Education Center,930 Tacoma Ave S,Tacoma,WA,98402,Pierce County,public,2-No,0,0,,,,,99564,10.9,530870003313,,,
5303425,Spokane County Jail,Public Safety Building,Spokane,WA,99260,Spokane County,public,2-No,0,0,,,,,78582,9.1,530825003425,,,
5302728,Regional Justice Center,401 4th Ave N,Kent,WA,98032,King County,public,2-No,0,0,,,,0,124746,9.5,530396002728,,,
5303705,Lincoln County Tech,801 7th Street,Davenport,WA,99122,Lincoln County,public,2-No,0,0,,,,,,,,,,
5303562,Outcomes for Academic Resilience,2202 123rd Ave NE,Lake Stevens,WA,98258,Snohomish County,public,2-No,0,0,,,,,111246,8.9,530420003562,,,
4807547,POSITIVE REDIRECTION CTR,450 S DOWLING ST,SAN BENITO,TX,78586,Cameron County,public,2-No,0,0,,,,,52601,31,483879007547,,,
5303532,Open Doors Reengagement Program,91 West Valley Rd,Chimacum,WA,98325,Jefferson County,public,2-No,0,0,,,,,74048,15.8,530129003532,,,
4808675,PORT ARTHUR ALTERNATIVE CENTER,6301 PAT AVE,PORT ARTHUR,TX,77640,Jefferson County,public,2-No,0,0,,,,,60026,21.8,483540008675,440290,Below Average,
4808482,STUDENT OPPORTUNITY CENTER,6928 MAPLE ST,FRISCO,TX,75034,Collin County,public,2-No,0,0,,,0.0,2,121600,5.6,482001008482,441929,Average,
4808625,ARTHUR MILLER CAREER CENTER,1734 KATYLAND DR,KATY,TX,77493,Harris County,public,2-No,0,0,,,,,74983,22.6,482517008625,445190,,
5301751,Morgan Center School,1500 13th Street,Bremerton,WA,98337,Kitsap County,public,2-No,0,0,,,,,,,,481060,Average,
5303900,Marysville Online High School,7204 27th Ave NE,Marysville,WA,98271,Snohomish County,public,2-No,0,0,,,,,111246,8.9,530486003900,480682,Average,
5301782,Prove High School,12309 22nd St NE,Lake Stevens,WA,98258,Snohomish County,public,2-No,0,0,,,,,111246,8.9,530420001782,480382,,
5303429,Gateway to College,Highline Community College,Des Moines,WA,98198,King County,public,2-No,0,0,,,,,124746,9.5,530813003429,,,
5302355,RISE Academy,120 E Main St,SOAP LAKE,WA,98851,Grant County,public,2-No,0,0,,,0.0,0,73267,19.3,530807002355,,,
4808676,O C TAYLOR CTR,2330 N ST,BEAUMONT,TX,77702,Jefferson County,public,2-No,0,0,,,,,60026,21.8,480967008676,,,
5303266,Island Juvenile Detention Education Program,501 S Main St,Coupeville,WA,98239,Island County,public,2-No,0,0,,,,,90551,9,530180003266,,,
5303350,Island County Corrections Facility Ed Program,501 N Main St,Coupeville,WA,98239,Island County,public,2-No,0,0,,,,,90551,9,530180003350,,,
5303592,IMPACT Reengagement Program,1201 Bradley Rd,Lynden,WA,98264,Whatcom County,public,2-No,0,0,,,,,81784,7.9,530462003592,,,
5302343,Griffin Home,2500 Lake Washington Blvd N,Renton,WA,98056,King County,public,2-No,0,0,,,0.0,0,124746,9.5,530723002343,,,
5303373,Gateway to College,614 SW 120th Street,Burien,WA,98146,King County,public,2-No,0,0,,,,,,,,,,
5600538,Wyoming Boys School,1550 Highway 20 South,Worland,WY,82401,Washakie County,public,2-No,0,0,,,,0,65714,10.8,568025100538,510133,Average,
5000118,River Bend Career & Technical Center,36 Oxbow Drive,Bradford,VT,5033,Orange County,public,†,0,0,,,0.0,1,82232,10.6,500043700118,,,
5000098,Randolph Technical Career Center,17 Forest Street,Randolph,VT,5060,Orange County,public,†,0,0,,,0.0,1,82232,10.6,500040000098,,,
5000099,Patricia A. Hannaford Career Center,51 Charles Avenue,Middlebury,VT,5753,Addison County,public,†,0,0,,,,,89639,7.3,500002100099,,,
5501970,DOC: Jackson Correctional Institution,N6500 Haiper Rd,Black River Falls,WI,54615,Jackson County,public,2-No,0,0,,,,,,,,,,
4901436,East Shore Online,1551 W 1000 S,OREM,UT,84058,Utah County,public,2-No,0,0,,,0.0,0,100671,6.5,490003001436,,,
4901620,Catalyst Center,1265 W Sportsplex Drive,KAYSVILLE,UT,84037,Davis County,public,2-No,0,0,,,0.0,0,110884,5.6,490021001620,,,
5303383,Vancouver Contracted Programs,2901 FALK RD,VANCOUVER,WA,98661,Clark County,public,2-No,0,0,,,,,97536,8.5,530927003383,,,
4901529,Canyons Virtual Academy,9800 S 800 East,SANDY,UT,84070,Salt Lake County,public,2-No,0,0,,,,,97494,7.7,490014201529,,,
5303698,Wapato ESD 105 Open Doors,33 S 2ND AVE,YAKIMA,WA,98902,Yakima County,public,2-No,0,0,,,,,70656,21,530948003698,,,
4809314,STILWELL TECH CTR/CATE,3501 SGT LUCIAN ADAMS DR,PORT ARTHUR,TX,77642,Jefferson County,public,2-No,0,0,,,,,60026,21.8,483540009314,,,
5303412,Washington Youth Academy,1207 Carver St,Bremerton,WA,98312,Kitsap County,public,2-No,0,0,,,,,104158,8.6,530032403412,,,
5302755,Pass Program,2731 10th St. Suite 106,Everett,WA,98201,Snohomish County,public,2-No,0,0,,,0.0,0,111246,8.9,530000802755,,,
4809111,BELL COUNTY ALTERNATIVE SCHOOL,706 E RIO POCO,LITTLE RIVER,TX,76554,Bell County,public,2-No,0,0,,,,,68865,17.1,480747009111,441333,Average,
5503023,Oregon Correctional Center,5140 County Road M,Fitchburg,WI,53575,Dane County,public,2-No,0,0,,,,,89975,6.2,550003503023,,,
5502635,DOC: John Burke Correctional Center,900 S Madison St,Waupun,WI,53963,Dodge County,public,2-No,0,0,,,,,75929,8.8,550003502635,,,
5502679,Appleton Cooperative Educational Center,320 S Walnut St,Appleton,WI,54911,Outagamie County,public,2-No,0,0,83,,,0,85069,6.3,550039002679,,,
4811462,VISTAS H S,12550 BAMMEL N HOUSTON,KLEIN,TX,77066,Harris County,public,2-No,0,0,,,,,74983,22.6,482574011462,447301,,
4808461,BROWNSVILLE ACADEMIC CENTER,3308 ROBINDALE RD,BROWNSVILLE,TX,78526,Cameron County,public,2-No,0,0,,,,,52601,31,481168008461,,,
4710397,Whites Adult High School,226 Cedar ST,Sevierville,TN,37862,Sevier County,public,2-No,0,0,,,0.0,1,62581,16.8,470378010397,431642,Average,
4710508,Westbrooks - Woods Academy,814 South Church ST,Murfreesboro,TN,37130,Rutherford County,public,2-No,0,0,,,,,85470,12.2,470369010508,,,
4701789,Weakley County Center For Adult Continuing Education,8250 Highway 22,Dresden,TN,38225,Weakley County,public,2-No,0,0,,,0.0,0,51880,20.6,470447001789,430589,,
4702095,Washington County Adult High School,2002 Indian  Ridge RD,Johnson City,TN,37601,Washington County,public,2-No,0,0,,,0.0,0.5,62809,16,470438002095,430309,,
4808963,KERRVILLE DISCIPLINARY ALTERNATIVE SCHOOL,1010 BARNETT ST,KERRVILLE,TX,78028,Kerr County,public,2-No,0,0,,,,,69395,17.7,482559008963,,,
5302925,Twin Rivers Group Home,605 MCMURRAY,RICHLAND,WA,99352,Benton County,public,2-No,0,0,,,,,89874,10.2,530732002925,,,
5000215,Northwest Technical Center,71 South Main Street,Saint Albans,VT,5478,Franklin County,public,†,0,0,,,,,81313,8.9,500039900215,,,
5502843,DOC: Felmers O. Chaney Correctional Cent er,2825 N 30th St,Milwaukee,WI,53210,Milwaukee County,public,2-No,0,0,,,,,64435,22.1,550003502843,,,
5000107,North Country Career Center,209 Veterans Avenue,Newport,VT,5855,Orleans County,public,†,0,0,,,,,70103,13.9,500960000107,,,
5000093,Hartford Area Career & Technology Center,1 Gifford Road,White River Junction,VT,5001,Windsor County,public,†,0,0,,,,,77594,9.2,500459000093,,,
5000106,Green Mountain Technology and Career Center,738 VT Route 15 West,Hyde Park,VT,5655,Lamoille County,public,†,0,0,,,,,74908,9.5,500039700106,,,
5000089,Cold Hollow Career Center,184 Missisquoi Street,Enosburg Falls,VT,5450,Franklin County,public,†,0,0,,,,,81313,8.9,500044400089,,,
5000119,Central Vermont Career Center,155 Ayers Street Suite #2,Barre,VT,5641,Washington County,public,†,0,0,,,,,83449,6.8,509996200119,,,
4901631,Weber Online 9-12,330 N 975 W,Pleasant View,UT,84414,Weber County,public,2-No,0,0,,,,,90005,11.2,490120001631,,,
5302110,Tri-Tech Skills Center,5929 WEST METALINE AVENUE,KENNEWICK,WA,99336,Benton County,public,2-No,0,0,,,0.0,0,89874,10.2,530393002110,,,
5503163,DOC: Drug Abuse Correctional Center,4280 North Sherman Rd,Winnebago,WI,54985,Winnebago County,public,2-No,0,0,,,,,,,,,,
5502634,DOC: Flambeau Correctional Center,N671 County Road M,Hawkins,WI,54530,Sawyer County,public,2-No,0,0,,,,,60801,16.1,550003502634,,,
4901495,Jordan Academy for Technology & Careers South,12723 South Park Avenue,RIVERTON,UT,84065,Salt Lake County,public,2-No,0,0,,,,,,,,,,
4900761,Star Transition,97 S 200 EAST,FARMINGTON,UT,84025,Davis County,public,2-No,0,0,,,0.0,0,110884,5.6,490021000761,,,
4901306,Southwest High,756 West Tabernacle,SAINT GEORGE,UT,84770,Washington County,public,2-No,0,0,,,,,80632,10.2,490114001306,,,
4901465,Sevier Career and Technical Education Center,53 North 400 West,RICHFIELD,UT,84701,Sevier County,public,2-No,0,0,,,,,74884,11.6,490093001465,,,
4901170,Salt Lake Technology Center,1560 S 200 E,SALT LAKE CITY,UT,84115,Salt Lake County,public,2-No,0,0,,,,,97494,7.7,490087001170,,,
5303100,Trojan Alternative School,519 N. 2nd Street,Pe Ell,WA,98572,Lewis County,public,2-No,0,0,,,,,74796,12.8,530666003100,,,
5303650,Tukwila Online Learning,4640 S 144th Street,Tukwila,WA,98168,King County,public,2-No,0,0,,,,,124746,9.5,530813003650,,,
5300084,Twin Cedars High School,45389 Airport Way,Concrete,WA,98237,Skagit County,public,2-No,0,0,,,0.0,0,89263,10,530166000084,481351,Below Average,
4901186,Jordan Academy for Technology and Careers - North,9301 S 3400 W,West Jordan,UT,84088,Salt Lake County,public,2-No,0,0,,,,,97494,7.7,490042001186,,,
5503025,McNaughton Correctional Center,8500 Rainbow Rd,Lake Tomahawk,WI,54539,Oneida County,public,2-No,0,0,,,,,69371,9.6,550003503025,,,
2705317,Metro Heights Independent,7122 UNIVERSITY AVE NE,FRIDLEY,MN,55432,Anoka County,public,2-No,0,0,,,,,101869,7.3,270226405317,,,
4701880,Greene Technology Center,1121  Hal  Henard RD,Greenville,TN,37743,Greene County,public,2-No,0,0,,,,,,,,,,
1706928,OnTRACC,121 S 17Th St,Mattoon,IL,61938,Coles County,public,2-No,0,0,,,,,,,,,,
1702897,Oak Ridge School,300 Cleveland Ave,Carpentersville,IL,60110,Kane County,public,2-No,0,0,,,0.0,1,103163,8.5,170855002897,141519,Very Demanding,
1706184,Oak Ridge RSSP,300 Cleveland Ave,Carpentersville,IL,60110,Kane County,public,2-No,0,0,,,,,103163,8.5,170019106184,,,
1706535,Northeast Academy North,201 S 7th St,St Charles,IL,60174,Kane County,public,2-No,0,0,,,,,103163,8.5,170019106535,142268,,
1706546,Northeast Academy East,201 S 7th St,St Charles,IL,60174,Kane County,public,2-No,0,0,,,,,103163,8.5,170019106546,,,
1706875,North Cook Student Advocacy ALOP,1001 E Touhy Ave Ste 200,Des Plaines,IL,60018,Cook County,public,2-No,0,0,,,,,83498,17.3,170022006875,,,
1705782,North Campus,335 E Illinois Ave,Palatine,IL,60067,Cook County,public,2-No,0,0,,,0.0,1,83498,17.3,173045005782,,,
1706545,New Directions - Geneva,416 McKinley Ave,Geneva,IL,60134,Kane County,public,2-No,0,0,,,,,103163,8.5,170019106545,,,
1702878,New Beginnings Regnl Safe Sch Pgm,46 S Gifford St,Elgin,IL,60120,Kane County,public,2-No,0,0,,,,,103163,8.5,170019102878,,,
1706847,NCISC ALOP,1001 E Touhy Ave Ste 200,Des Plaines,IL,60018,Cook County,public,2-No,0,0,,,0.0,0,83498,17.3,170022006847,,,
1706824,Mt Vernon Area Career Center,11101 N Wells Bypass Rd,Mount Vernon,IL,62864,Jefferson County,public,2-No,0,0,,,,,,,,,,
1702806,Mt Vernon Alternative School,2300 Benton Rd,Mount Vernon,IL,62864,Jefferson County,public,2-No,0,0,,,0.0,0.5,63118,16.3,170017402806,143436,,
1706388,Morrison Alt Learning Program,300 Academic Dr,Morrison,IL,61270,Whiteside County,public,2-No,0,0,,,,,67500,13.5,170019506388,,,
1703193,Monroe/Randolph Red Brick Sch,134 N Main St,Red Bud,IL,62278,Randolph County,public,2-No,0,0,,,0.0,0,68131,16.3,170020203193,,,
1705892,Minooka Academy,101 W Wapella St,Minooka,IL,60447,Grundy County,public,2-No,0,0,,,0.0,0,92235,7.1,170018405892,,,
1706844,Middlefork School TAOEP,15009 Catlin Tilton Rd,Danville,IL,61834,Vermilion County,public,2-No,0,0,,,0.0,0,56877,26,170021106844,,,
1706600,McClean Co Detention Center,903 N Main St,Normal,IL,61761,McLean County,public,2-No,0,0,,,,0,79905,8,172862006600,,,
1706625,Madison Co Detention Center,100 5th Ave,Edwardsville,IL,62025,Madison County,public,2-No,0,0,,,,0,75793,10.7,171353006625,,,
1706935,MVTHS East Campus,716 Casey Ave,Mount Vernon,IL,62864,Jefferson County,public,2-No,0,0,,,,,63118,16.3,172736006935,,,
1706809,Livingston Area Career Cntr,1100 E Indiana Ave,Pontiac,IL,61764,Livingston County,public,2-No,0,0,,,,,,,,,,
1706800,Lincolnland Technical Ed Ctr,1000 Railer Way,Lincoln,IL,62656,Logan County,public,2-No,0,0,,,,,,,,,,
1706059,Lincoln School TAOEP,960 Royce Ave,Joliet,IL,60432,Will County,public,2-No,0,0,,,0.0,0.33000001,109984,8.1,170021306059,,,
1706812,Okaw Area Vocational Center,1109 N 8th St,Vandalia,IL,62471,Fayette County,public,2-No,0,0,,,,,,,,,,
1706961,Option Three,3433 Rupp Pkwy,Decatur,IL,62526,Macon County,public,2-No,0,0,,,,,62666,19.6,170019706961,,,
1706192,Lincoln School ALOP,960 Royce Ave,Joliet,IL,60432,Will County,public,2-No,0,0,,,0.0,0.33000001,109984,8.1,170021306192,141100,Demanding,
1706163,PACE Alternative School,201 E Higbee St,Pittsfield,IL,62363,Pike County,public,2-No,0,0,,,0.0,0.5,59777,15.6,170016206163,140096,,
1706194,ROE 53 Academy,110 Fandel Rd,Germantwn Hls,IL,61548,Woodford County,public,2-No,0,0,,,0.0,0,91483,5.1,170020906194,,,
1706930,ROE 35 Regional Work Study Progra,321 W Main St,Ottawa,IL,61350,LaSalle County,public,2-No,0,0,,,,,,,,,,
1706954,ROE 33 ALOP,932 Harrison St,Galesburg,IL,61401,Knox County,public,2-No,0,0,,,,,57030,19.9,170019206954,,,
1706959,ROE 21 Senior's Plus ALOP,502 W Jackson St,Marion,IL,62959,Williamson County,public,2-No,0,0,,,,,,,,,,
1702658,ROE 20 Learning Alt Branch School,223 S Industrial Park Rd,Norris City,IL,62869,White County,public,2-No,0,0,,,0.0,1,54813,17.3,170018002658,,,
1704640,RAP Elizabeth,950 US Highway 20 W,Elizabeth,IL,61028,Jo Daviess County,public,2-No,0,0,,,0.0,0,73993,10.3,170017004640,,,
1704060,RAES West Alt Ed,932 Harrison St,Galesburg,IL,61401,Knox County,public,2-No,0,0,,,0.0,0,57030,19.9,170019204060,,,
1702826,RAES West,932 Harrison St,Galesburg,IL,61401,Knox County,public,2-No,0,0,,,,,57030,19.9,170019202826,,,
1702923,RAES RSSP,932 Harrison St,Galesburg,IL,61401,Knox County,public,2-No,0,0,,,,,57030,19.9,170019202923,,,
1706069,RAES Night School,932 Harrison St,Galesburg,IL,61401,Knox County,public,2-No,0,0,,,,,57030,19.9,170019206069,143235,Average,
1706383,RAES East Alt Ed,932 Harrison St,Galesburg,IL,61401,Knox County,public,2-No,0,0,,,0.0,0,57030,19.9,170019206383,,,
1706336,Project SOAR,500 E South St,Du Quoin,IL,62832,Perry County,public,2-No,0,0,,,0.0,1,62118,14.8,170019006336,,,
1702670,Project Echo,17428 Route 37,Johnston City,IL,62951,Williamson County,public,2-No,0,0,,,0.0,0,65604,14.2,170018202670,142354,,
1706203,Premier Academy Morris TAOEP,7700 Ashley Rd,Morris,IL,60450,Grundy County,public,2-No,0,0,,,0.0,0.5,92235,7.1,170018406203,,,
1702707,Premier Academy Morris,7700 Ashley Rd,Morris,IL,60450,Grundy County,public,2-No,0,0,,,0.0,0,92235,7.1,170018402707,,,
1706587,Pathways in Education Brighton Pa,3124 W 47Th St,Chicago,IL,60632,Cook County,public,2-No,0,0,,,0.0,2,83498,17.3,170993006587,,,
1706599,Pathways in Education Avondale,3100 W Belmont Ave,Chicago,IL,60618,Cook County,public,2-No,0,0,,,0.0,1,83498,17.3,170993006599,,,
1706604,Pathways in Education Ashburn,3284 W 87Th St,Chicago,IL,60652,Cook County,public,2-No,0,0,,,0.0,1,83498,17.3,170993006604,,,
1702654,Partners for Success-Old Mill Sch,848 N Mill Rd,Addison,IL,60101,DuPage County,public,2-No,0,0,,,,,112096,5,170017902654,,,
1706843,Panther Academy,430 S High St,Paxton,IL,60957,Ford County,public,2-No,0,0,,,0.0,0,62439,11.8,170765006843,,,
1706417,PAWS,1201 Main St,Batavia,IL,60510,Kane County,public,2-No,0,0,,,,,103163,8.5,170019106417,,,
1704927,Lincoln School RSSP,960 Royce Ave,Joliet,IL,60432,Will County,public,2-No,0,0,,,0.0,0.33000001,109984,8.1,170021304927,141100,Demanding,
1706894,Lerna TAOEP,10 3Rd St,Charleston,IL,61920,Coles County,public,2-No,0,0,,,,,56478,14.2,170017506894,,,
1703091,ROE Alt. Edu. Center-Greene,227 E 1St South St,Carlinville,IL,62626,Greene County,public,2-No,0,0,,,,,,,,,,
1706919,IVC Transition Center,1008 N 4Th St,Chillicothe,IL,61523,Peoria County,public,2-No,0,0,,,,,65108,19.8,171997006919,,,
1706804,Heartland Technical Academy,1 College Park,Decatur,IL,62521,Macon County,public,2-No,0,0,,,,,,,,,,
1706342,HSD 86 Adult Opportunties Pgm,7302 Clarendon Hills Rd,Darien,IL,60561,DuPage County,public,2-No,0,0,,,,,,,,,,
1706811,Grundy Area Vocational Center,1002 Union St,Morris,IL,60450,Grundy County,public,2-No,0,0,,,,,,,,,,
1705736,Greeley Alternative School,3202 N Wisconsin Ave,Peoria,IL,61603,Peoria County,public,2-No,0,0,,,,0,65108,19.8,170020305736,143436,,
1706013,Gordon Bush Alt Sch for Education,1516 Gross Ave,E Saint Louis,IL,62205,St. Clair County,public,2-No,0,0,,,0.0,1,73854,15.8,171332006013,,,
1703613,Gail McKinzie High School,3003 103Rd St,Naperville,IL,60564,Will County,public,2-No,0,0,,,0.0,0,109984,8.1,174169003613,,,
1706791,Fox Valley Career Center,47W326 Keslinger Rd,Maple Park,IL,60151,Kane County,public,2-No,0,0,,,,,103163,8.5,170019106791,,,
1706798,Five County Reg Voc Center,130 Washington St,Tamms,IL,62988,Alexander County,public,2-No,0,0,,,,,,,,,,
1706225,FLEX Program,704 W Abe St,Plano,IL,60545,Kendall County,public,2-No,0,0,,,,,111601,4.9,170018406225,,,
1706878,Exceptional Learners Collaborativ,960 Corporate Woods Pkwy,Vernon Hills,IL,60061,Lake County,public,2-No,0,0,,,,,110416,8.3,170142006878,,,
1706937,Excel Safe Academy West,230 N Kolmar Ave,Chicago,IL,60624,Cook County,public,2-No,0,0,,,,,83498,17.3,170993006937,,,
1703117,Evergreen Academy,3917 Mercy Dr,Mchenry,IL,60050,McHenry County,public,2-No,0,0,,,0.0,0,104802,6.4,170020003117,,,
1706778,Everest High School,1320 East Ave,Belvidere,IL,61008,Boone County,public,2-No,0,0,,,,,84571,9.6,170579006778,141835,Demanding,
1706792,Educ for Employment Sys 330,2400 W Bradley Ave # A113,Champaign,IL,61821,Champaign County,public,2-No,0,0,,,,,,,,,,
1706735,ETHS Day School,1233 Hartrey Ave,Evanston,IL,60202,Cook County,public,2-No,0,0,,,0.0,0,83498,17.3,171449006735,,,
1705696,DuPage Alop,848 N Mill Rd,Addison,IL,60101,DuPage County,public,2-No,0,0,,,,,112096,5,170017905696,,,
1700998,Douglas School,444 W Reynolds St,Springfield,IL,62702,Sangamon County,public,2-No,0,0,,,0.0,0,75357,11.2,173708000998,141562,Average,
1705311,District 7 Alternative School,6148 Center Grove Rd,Edwardsville,IL,62025,Madison County,public,2-No,0,0,,,0.0,0,75793,10.7,171353005311,143436,,
1706868,District 128 Transition Pthwys Ct,904 S Milwaukee Ave Ste B,Libertyville,IL,60048,Lake County,public,2-No,0,0,,,,,,,,,,
1706814,Des Plaines Valley Region,2000 5Th Ave Ste M-100,River Grove,IL,60171,Cook County,public,2-No,0,0,,,,,83498,17.3,170022106814,,,
1706772,Delta Academy and Achieve,16333 Kilbourne Ave,Oak Forest,IL,60452,Cook County,public,2-No,0,0,,,,,,,,,,
1706541,IVC Learning Center,1057 N 2nd St,Chillicothe,IL,61523,Peoria County,public,2-No,0,0,,,0.0,0,65108,19.8,171997006541,140521,,
1706813,Indian Valley Area Voc Ctr,600 Lions Rd,Sandwich,IL,60548,DeKalb County,public,2-No,0,0,,,,,,,,,,
1706776,Lake School,3201 E 23Rd St,Granite City,IL,62040,Madison County,public,2-No,0,0,,,0.0,0,75793,10.7,171728006776,140930,Average,
1706872,Jersey Comm Alt Program JCAP,28968 Delhi Rd,Jerseyville,IL,62052,Jersey County,public,2-No,0,0,,,,,80361,10.1,172043006872,,,
1706904,Lake County Cooperative ALOP,18160 W Gages Lake Rd,Gages Lake,IL,60030,Lake County,public,2-No,0,0,,,,,110416,8.3,170019306904,,,
1706631,Lake Co Hulse Detention Center 9-,25467 N Milwaukee Ave,Vernon Hills,IL,60061,Lake County,public,2-No,0,0,,,,0,110416,8.3,173258006631,,,
1706794,Lake Co High Schools Tech Campus,19525 W Washington St,Grayslake,IL,60030,Lake County,public,2-No,0,0,,,,,110416,8.3,170019306794,,,
1705829,Lake Co Collaborative Alop,18160 W Gages Lake Rd,Grayslake,IL,60030,Lake County,public,2-No,0,0,,,,,110416,8.3,170019305829,,,
1706613,LaSalle Co Detention Center 9-12,707 Etna Rd,Ottawa,IL,61350,LaSalle County,public,2-No,0,0,,,,0,73045,14.1,173033006613,,,
1706789,La Salle-Peru Area Career Ctr,200 9th St,Peru,IL,61354,LaSalle County,public,2-No,0,0,,,,,,,,,,
1706330,LMP ROE TAOEP,2233 6Th St Ste 2,Peru,IL,61354,LaSalle County,public,2-No,0,0,,,0.0,0,73045,14.1,170019406330,,,
1706848,LMP ROE ALOP,2233 6Th St Ste 2,Peru,IL,61354,LaSalle County,public,2-No,0,0,,,0.0,0,73045,14.1,170019406848,,,
1702993,LMP ROE,2233 6th St,Peru,IL,61354,LaSalle County,public,2-No,0,0,,,0.0,0,73045,14.1,170019402993,,,
1706850,LIFT,121 S 17Th St,Mattoon,IL,61938,Coles County,public,2-No,0,0,,,,,,,,,,
1706746,Knoxville Safe School Program,2628 N Knoxville Ave,Peoria,IL,61604,Peoria County,public,2-No,0,0,,,,,65108,19.8,173123006746,,,
1705961,Knoxville Cntr Student Success,2628 N Knoxville Ave,Peoria,IL,61604,Peoria County,public,2-No,0,0,,,0.0,0,65108,19.8,173123005961,,,
1706617,Knox Co Mary Davis Detention Home,1319 E 5th St,Galesburg,IL,61401,Knox County,public,2-No,0,0,,,,,57030,19.9,171608006617,,,
1706288,Kenneth D Bailey Academy,502 E Main St,Danville,IL,61832,Vermilion County,public,2-No,0,0,,1,0.0,0,56877,26,171179006288,,,
1706806,Kankakee Area Career Center,4083 N 1000w Rd,Bourbonnais,IL,60914,Kankakee County,public,2-No,0,0,,,,,,,,,,
1706642,Kane Co Detention Center,37W655 Il Route 38,Saint Charles,IL,60175,Kane County,public,2-No,0,0,,,,,103163,8.5,173717006642,,,
1702632,KEC Central EFE 170,21255 Malta Rd,Malta,IL,60150,DeKalb County,public,2-No,0,0,,,,,70724,10.8,170017802632,,,
1706803,KEC  Area Voc Center,21255 Malta Rd,Malta,IL,60150,DeKalb County,public,2-No,0,0,,,,,,,,,,
1703882,Juvenile Detention Center,400 Art Bartell Rd,Urbana,IL,61802,Champaign County,public,2-No,0,0,,,,,,,,,,
1706220,Journeys School,400 Alby Street,Alton,IL,62002,Madison County,public,2-No,0,0,,,0.0,0,75793,10.7,170032506220,,,
1706819,Jo Daviess Carroll CTE Academy,950 Us Highway 20 W,Elizabeth,IL,61028,Jo Daviess County,public,2-No,0,0,,,,,,,,,,
1706949,ROE 56 ALOP Success Program,960 Royce Ave,Joliet,IL,60432,Will County,public,2-No,0,0,,,,,109984,8.1,170021306949,,,
1703058,ROE Alt. Edu. Center-Macoupin,227 E 1St South St,Carlinville,IL,62626,Macoupin County,public,2-No,0,0,,,,,,,,,,
4702416,East Lafollette Learning Academy,860 East Chestnut,LaFollette,TN,37766,Campbell County,public,2-No,0,0,,,0.0,0,51557,26.9,470042002416,,,
2102162,Foothills Academy,107 Foothill Academy Spur,Albany,KY,42602,Clinton County,public,2-No,0,0,,,0.0,0,44844,28.8,210126002162,,,
2102365,Falcon Academy,401 West 4th Street,Tompkinsville,KY,42167,Monroe County,public,2-No,0,0,,,,,51280,24.8,210420002365,,,
2102301,Elkhorn Crossing School,2001 Frankfort Road,Georgetown,KY,40324,Scott County,public,2-No,0,0,,,,,85158,9.3,210526002301,,,
2101564,Eastside Technical Center,2208 Liberty Rd,Lexington,KY,40505,Fayette County,public,2-No,0,0,,,,,69479,12.1,210186001564,,,
2102373,Early College and Career Center,200 University Drive,Elizabethtown,KY,42701,Hardin County,public,2-No,0,0,,,,,67647,12.9,210249002373,,,
2102478,Delta Academy,960 Center Street,Beattyville,KY,41311,Lee County,public,2-No,0,0,,,,,37568,34.5,210028902478,,,
2102503,Creative and Performing Arts,7105 Floydsburg Rd,Crestwood,KY,40014,Oldham County,public,2-No,0,0,,,,,122497,4.2,210453002503,,,
2102062,Clark County Area Technology Center,2478 Boonesboro Road,Winchester,KY,40391,Clark County,public,2-No,0,0,,,,,64348,15.2,210028902062,,,
2102338,Chapman Vocational Education Center,25th and Madison Streets,Covington,KY,41014,Kenton County,public,2-No,0,0,,,,,80548,11.5,210135002338,,,
2102501,Central Kentucky Career Academy,1100 Old Lebanon Road,Campbellsville,KY,42718,Taylor County,public,2-No,0,0,,,,0,60456,21.1,210552002501,,,
2101439,Carter County Career and Technical Center,15 Grahn Rd.,Olive Hill,KY,41164,Carter County,public,2-No,0,0,,,,,51235,22.2,210102001439,,,
2102176,Bullitt County Area Technology Center,395 High School Drive,Shepherdsville,KY,40165,Bullitt County,public,2-No,0,0,,,,,80558,10.2,210028902176,,,
2102404,Ballard County Career and Technology Ctr,11 Vocational School Rd,Barlow,KY,42024,Ballard County,public,2-No,0,0,,,,,66164,21.2,210021002404,,,
2102061,Allen County Career and Technical Center,1585 Bowling Green Road,Scottsville,KY,42164,Allen County,public,2-No,0,0,,,0.0,0,61403,18.6,210007002061,,,
1800495,Whitewater Career Center,1300 Spartan Dr,Connersville,IN,47331,Fayette County,public,2-No,0,0,,,,,59321,22.8,180351000495,151767,,
1802800,Warrick Pathways and Career Center,1201 American Way,Boonville,IN,47601,Warrick County,public,2-No,0,0,,,,,89844,6.7,181239002800,,,
1802653,Thrival Academy,1500 E Michigan Street,Indianapolis,IN,46202,Marion County,public,2-No,0,0,,31,0.0,0,66346,21.8,180477002653,,,
1801748,Southeastern Career Center,901 West US 50,Versailles,IN,47042,Ripley County,public,2-No,0,0,,,,,70573,11.8,181066001748,,,
1801262,Prosser Career Education Center,4202 Charlestown Rd,New Albany,IN,47150,Floyd County,public,2-No,0,0,,,,,79704,11,180741001262,,,
1802517,Old National Trail Special Services,1 N Calbert Way - Suite B,Greencastle,IN,46135,Putnam County,public,2-No,0,0,,,,,78378,11.6,180007802517,,,
1800725,McKenzie Career Center,7250 E 75th St,Indianapolis,IN,46256,Marion County,public,2-No,0,0,,,,,66346,21.8,180567000725,,,
1800451,John H Hinds Career Center,1105 N 19th St,Elwood,IN,46036,Madison County,public,2-No,0,0,,,,,63037,17.1,180330000451,,,
2102090,Floyd County Area Technology Center,1024 KY Rt. 122,Martin,KY,41649,Floyd County,public,2-No,0,0,,,,,41279,33.1,210028902090,,,
2102172,Four Rivers Career Academy,2720 Moscow Ave,Hickman,KY,42050,Fulton County,public,2-No,0,0,,,,,38217,33.9,210028902172,,,
1800842,Impact Institutue,1607 E Dowling St,Kendallville,IN,46755,Noble County,public,2-No,0,0,,,,,71723,11.9,180306000842,,,
2101938,Gateway Academy to Innovation & Tech.,705 N Elm St,Hopkinsville,KY,42240,Christian County,public,2-No,0,0,,1,0.0,0,55494,23.3,210115001938,,,
2101818,The Robert L. Arvin Education Center,1650 Colonels Dr,Buckner,KY,40010,Oldham County,public,2-No,0,0,,,,,,,,,,
2102588,The Hub for Innovation and Leadership,100 Midland Ave,Lexington,KY,40508,Fayette County,public,2-No,0,0,,,,,69479,12.1,210186002588,,,
2102549,THE UP CENTER,1060 Bloomfield Rd.,Bardstown,KY,40004,Nelson County,public,2-No,0,0,,,,,69562,14.3,210441002549,,,
2101563,Southside Technical Center,1800 Harrodsburg Rd,Lexington,KY,40504,Fayette County,public,2-No,0,0,,,,,69479,12.1,210186001563,,,
2102102,Southern Kentucky Early CCA,1273 KY HWY 90,Albany,KY,42602,Clinton County,public,2-No,0,0,,,,,44844,28.8,210028902102,,,
2102479,Southeast Kentucky Academy,108 Roy Kidd Ave,Corbin,KY,40701,Whitley County,public,2-No,0,0,,,,,44615,31.4,210028902479,,,
2102225,Pathway Academy High School,519 1/2 W. Gum St,Marion,KY,42064,Crittenden County,public,2-No,0,0,,,,,,,,,,
2102040,Paducah Area Technology Center,500 South 25th Street,Paducah,KY,42003,McCracken County,public,2-No,0,0,,,,,64373,16.3,210028902040,,,
2102166,Northern Ky Health Technology Center,790 Thomas Moore Parkway,Edgewood,KY,41017,Kenton County,public,2-No,0,0,,,,,80548,11.5,210309002166,,,
2102592,Morehead Transition Academy,495 Forest Hills Drive,Morehead,KY,40351,Rowan County,public,2-No,0,0,,,,,54321,23.8,210510002592,,,
2102362,Locust Trace AgriScience Center,3591 Leestown Road,Lexington,KY,40511,Fayette County,public,2-No,0,0,,,,,69479,12.1,210186002362,,,
2102136,Letcher County Area Technology Center,515 Cougar Dr,Whitesburg,KY,41858,Letcher County,public,2-No,0,0,,,,,41793,25.9,210028902136,,,
2102400,Laurel Co Schools Center for Innovation,1100 East Fourth Street,London,KY,40741,Laurel County,public,2-No,0,0,,,,,,,,,,
2102069,Lake Cumberland Area Technology Center,2330 Highway 127 South,Russell Springs,KY,42642,Russell County,public,2-No,0,0,,,,,44738,22,210028902069,,,
2102545,Knox County Career and Technical Center,210 Wall Street,Barbourville,KY,40906,Knox County,public,2-No,0,0,,,,,32527,31.7,210315002545,,,
2102174,Knott County Area Technology Center,1996 Highway 160 South,Hindman,KY,41822,Knott County,public,2-No,0,0,,,,,41761,28.7,210028902174,,,
2102028,Jessamine Career and Technology Center,881 Wilmore Rd,Nicholasville,KY,40356,Jessamine County,public,2-No,0,0,,,,,74576,15.7,210303002028,,,
2102106,Jackson Area Technology Center,562 Education Mountain Drive,McKee,KY,40447,Jackson County,public,2-No,0,0,,,,,40000,29,210028902106,,,
2102547,Ignite Academy South,123 Farristown Industrial Drive,Berea,KY,40403,Madison County,public,2-No,0,0,,,,,63351,16.3,210372002547,,,
2102546,Ignite Academy North,2075 Merchant Drive,Richmond,KY,40475,Madison County,public,2-No,0,0,,,,,63351,16.3,210372002546,,,
2102425,Hopkins Co Career & Technology Center,1775 Patriot Drive,Madisonville,KY,42431,Hopkins County,public,2-No,0,0,,,,,56815,21.8,210286002425,,,
1802018,J Everett Light Career Center,1901 E 86th St,Indianapolis,IN,46240,Marion County,public,2-No,0,0,,,,,66346,21.8,181272002018,,,
1802266,Hoosier Hills Career Center,3070 Prow Road,Bloomington,IN,47404,Monroe County,public,2-No,0,0,,,,,65868,10,180063002266,,,
1702965,ROE Alternative Prog of Lake Co,300 Center Dr Ste 300,Vernon Hills,IL,60061,Lake County,public,2-No,0,0,,,0.0,0,110416,8.3,170019302965,,,
1702270,Starquest Acad RSSP South,502 W Jackson St,Marion,IL,62959,Massac County,public,2-No,0,0,,,0.0,0,65116,20.7,170018202270,,,
1706876,South Cook Truancy Program,405 Ashland Ave,Chicago Hts,IL,60411,Cook County,public,2-No,0,0,,,,,83498,17.3,170018806876,,,
1706877,South Cook ISC Student Advocate,253 W Joe Orr Rd,Chicago Hts,IL,60411,Cook County,public,2-No,0,0,,,,,83498,17.3,170018806877,,,
1706916,South Cook ISC ALOP,253 W Joe Orr Rd,Chicago Hts,IL,60411,Cook County,public,2-No,0,0,,,,,,,,,,
1706896,Shelbyville TAOEP,730 7Th St,Charleston,IL,61920,Coles County,public,2-No,0,0,,,,,56478,14.2,170017506896,,,
1703267,Sangamon Safe School Program,2201 Toronto Rd,Springfield,IL,62712,Sangamon County,public,2-No,0,0,,,0.0,0,75357,11.2,170020603267,,,
1706668,Sangamon Co Detention Center,2201 S Dirksen Pkwy,Springfield,IL,62703,Sangamon County,public,2-No,0,0,,,,0,75357,11.2,173708006668,,,
1706918,STEPS,387 Shuman Blvd Ste 170E,Naperville,IL,60563,DuPage County,public,2-No,0,0,,,,,,,,,,
1706923,SCI Reg Training and Innov Ctr,2001 Eilerman Ave,Litchfield,IL,62056,Montgomery County,public,2-No,0,0,,,,,63620,13.7,170016506923,,,
1704852,Rock River Challenge,204 Main St,Chana,IL,61015,Ogle County,public,2-No,0,0,,,0.0,0,82132,11.3,170019504852,,,
1706540,Rochelle Focus House,3279 S IL Route 251,Rochelle,IL,61068,Ogle County,public,2-No,0,0,,,,1,82132,11.3,173429006540,,,
1706779,Rich Township Star Academy,5000 Sauk Trl,Richton Park,IL,60471,Cook County,public,2-No,0,0,,,,,,,,,,
1706719,Revive Alternative High School,1100 N Old Route 66,Litchfield,IL,62056,Montgomery County,public,2-No,0,0,,,0.0,1,63620,13.7,170016506719,140770,,
1702593,Regl Inst Scholastic Excellence,405 Ashland Ave,Chicago Heights,IL,60411,Cook County,public,2-No,0,0,,,0.0,1,83498,17.3,170018802593,,,
1706165,Regl Inst Scholastic Excellence,11218 S Ridgeland Ave,Worth,IL,60482,Cook County,public,2-No,0,0,,,0.0,1,83498,17.3,170018806165,,,
1703325,Regional Center for Change,500 E 5Th St,Rock Falls,IL,61071,Whiteside County,public,2-No,0,0,,,0.0,1,67500,13.5,170019503325,,,
1705735,Regional Center For Change ALOP,500 E 5Th St,Rock Falls,IL,61071,Whiteside County,public,2-No,0,0,,,0.0,1,67500,13.5,170019505735,,,
1705694,Regional Alop School,201 E Grove St Ste 300,Bloomington,IL,61701,McLean County,public,2-No,0,0,,,0.0,0.5,79905,8,170017705694,,,
1705034,Ralph J Frost Academy,1177 S Dee Rd,Park Ridge,IL,60068,Cook County,public,2-No,0,0,,,0.0,0,83498,17.3,172409005034,,,
1702669,ROE20 Learning Alternative Branch,223 S Industrial Park Rd,Norris City,IL,62869,White County,public,2-No,0,0,,,0.0,1,54813,17.3,170018002669,,,
1706623,ROE Safe School Jersey,227 E 1St South St,Carlinville,IL,62626,Jersey County,public,2-No,0,0,,,0.0,0,80361,10.1,170016906623,,,
1703099,ROE Safe Sch Greene,227 E 1St South St,Carlinville,IL,62626,Greene County,public,2-No,0,0,,,0.0,1,62192,15.6,170016903099,,,
1705221,St Clair Co Juv Detention Center,9006 Lebanon Rd,Belleville,IL,62223,St. Clair County,public,2-No,0,0,,,,0,73854,15.8,171332005221,,,
1705647,Summit Academy ALOP,1102 Evans Ave,Machesney Pk,IL,61115,Winnebago County,public,2-No,0,0,,,,,65837,19.7,170016605647,,,
1801880,Heartland Career Center,79 S 200 W,Wabash,IN,46992,Wabash County,public,2-No,0,0,,,,,66806,11.6,181193001880,,,
1702338,Summit Academy RSSP,1102 Evans Ave,Machesney Pk,IL,61115,Winnebago County,public,2-No,0,0,,,,,65837,19.7,170016602338,,,
1802150,Grant Regional Career Center,750 W 26th St,Marion,IN,46953,Grant County,public,2-No,0,0,,,0.0,0,53522,22,180639002150,,,
1800625,Gary Career Center,1800 E 35th Ave,Gary,IN,46409,Lake County,public,2-No,0,0,,,,,71493,18.3,180387000625,151767,,
1800369,Columbus Area Career Connection,1400 25th St,Columbus,IN,47201,Bartholomew County,public,2-No,0,0,,,,,79901,9.7,180036000369,,,
1801054,Century Career Center,2500 Hopper St,Logansport,IN,46947,Cass County,public,2-No,0,0,,,,,56403,17.9,180603001054,,,
1802269,Central Nine Career Center,1999 US Highway 31 South,Greenwood,IN,46143,Johnson County,public,2-No,0,0,,,,,90454,7.1,180147002269,,,
1800115,Blue River Career Programs,801 St. Joseph Street,Shelbyville,IN,46176,Shelby County,public,2-No,0,0,,,,,72190,13,180000900115,,,
1802565,Area 31 Career & Tech Center,1200 N High School Rd,Indianapolis,IN,46214,Marion County,public,2-No,0,0,,,,,66346,21.8,181281002565,152482,,
1802781,Amp Lab at Electric Works,1030 Swinney Ave,Fort Wayne,IN,46802,Allen County,public,2-No,0,0,,,,,,,,,,
1702725,YEA Program,709 Game Farm Rd,Yorkville,IL,60560,Kendall County,public,2-No,0,0,,,0.0,0,111601,4.9,170018402725,,,
1706572,Winnebago Co Detention Center,5350 Northrock Dr,Rockford,IL,61103,Winnebago County,public,2-No,0,0,,,,,65837,19.7,173451006572,,,
1706651,Will Co Detention Center 9-12,3200 McDonough St,Joliet,IL,60431,Will County,public,2-No,0,0,,,,0,109984,8.1,172061006651,,,
1706825,Wilco Area Career Center,500 Wilco Blvd,Romeoville,IL,60446,Will County,public,2-No,0,0,,,,,,,,,,
1706807,Whiteside Area Career,1608 5th Ave,Sterling,IL,61081,Whiteside County,public,2-No,0,0,,,,,,,,,,
1706161,West 40-Sr. Plus,415 Lexington St,Maywood,IL,60153,Cook County,public,2-No,0,0,,,,,,,,,,
1706841,West 40 HNA Learning Program,415 Lexington St,Maywood,IL,60153,Cook County,public,2-No,0,0,,,0.0,0,83498,17.3,170022106841,,,
1706672,Vermilion Co Detention Center,150 Sager St,Danville,IL,61832,Vermilion County,public,2-No,0,0,,,,0,56877,26,171179006672,,,
1706920,Vermilion Co Area Vocational Cent,2000 E Main St,Danville,IL,61832,Vermilion County,public,2-No,0,0,,,,,,,,,,
1705338,Thurgood Marshall Learning Ctr,600 11th Ave,Rock Island,IL,61201,Rock Island County,public,2-No,0,0,,,0.0,1,67159,15.8,173441005338,,,
1703204,The Lafayette Academy,409 Hardin Ave Fl 3,Jacksonville,IL,62650,Morgan County,public,2-No,0,0,,,0.0,0,66306,14,170016203204,,,
1706793,Tazewell Co Area EFE RDS,200 S 2nd St Ste 12,Pekin,IL,61554,Tazewell County,public,2-No,0,0,,,,,77982,8.2,170020906793,,,
1702313,Summit Academy TAOEP,1102 Evans Ave,Machesney Pk,IL,61115,Winnebago County,public,2-No,0,0,,,,,65837,19.7,170016602313,143719,,
1706871,Ctr for Acad and VOCNL Excel CAVE,7645 Magna Dr,Belleville,IL,62223,St. Clair County,public,2-No,0,0,,,,,73854,15.8,170564006871,,,
1702866,Cope Alternative School,1725B Shomaker Dr,Murphysboro,IL,62966,Jackson County,public,2-No,0,0,,,0.0,1,48763,23.5,170019002866,140096,,
1700894,Cook Co Juvenile-Jefferson Alt HS,1100 S Hamilton Ave,Chicago,IL,60612,Cook County,public,2-No,0,0,,,,1,83498,17.3,170993000894,141018,,
0610999,Central Orange County CTE Partnership (CTEp),2910 Red Hill Ave. Ste. 200,Costa Mesa,CA,92626,Orange County,public,2-No,0,0,,,,,,,,,,
0611540,Career Education Center,465 Horizon Cir.,Camarillo,CA,93010,Ventura County,public,2-No,0,0,,,,,109797,12,060014811540,052171,Below Average,
0612129,Campbell High Community Day,39890 Road 428,Oakhurst,CA,93644,Madera County,public,2-No,0,0,,,,,76627,25,060016012129,,,
0610744,Butte County ROP,2491 Carmichael Dr. Ste. 100,Chico,CA,95928,Butte County,public,2-No,0,0,,,,,67928,17.6,060009010744,,,
0609644,Bidwell Point High (Continuation),3430 County Road 309,Elk Creek,CA,95939,Glenn County,public,2-No,0,0,,,0.0,0.25,67139,20.1,063807009644,050222,,
0611116,Baldy View ROP,1501 South Bon View Ave.,Ontario,CA,91761,San Bernardino County,public,2-No,0,0,,,,,85478,16.7,060013111116,,,
0610738,Amador County ROP,217 Rex Ave.,Jackson,CA,95642,Amador County,public,2-No,0,0,,,,,,,,,,
0606968,Alpine County Secondary Community Day,43 Hawkside Dr.,Markleeville,CA,96120,Alpine County,public,2-No,0,0,,,,,105521,23.8,060207006968,,,
0403845,West-MEC Ridgeline Academy,39808 N GAVILAN PEAK PKWY,ANTHEM,AZ,85086,Maricopa County,public,2-No,0,0,,,,,89300,12.4,040061503845,,,
0403366,West-MEC - West View High School,10850 W GARDEN LAKES PKWY,AVONDALE,AZ,85392,Maricopa County,public,2-No,0,0,,,,,89300,12.4,040061503366,,,
0403371,West-MEC - La Joya High School,11650 W WHYMAN AVE,AVONDALE,AZ,85323,Maricopa County,public,2-No,0,0,,,,,89300,12.4,040061503371,,,
0403215,WAVE-Arizona Western College,1109 S GERONIMO AVE,PARKER,AZ,85344,La Paz County,public,2-No,0,0,,,,,49478,25.4,040079403215,,,
0402249,VACTE - Sedona-Oak Creek Joint Unified School District,995 UPPER RED ROCK LOOP RD,SEDONA,AZ,86336,Yavapai County,public,2-No,0,0,,,,,69613,9.9,040034102249,,,
0402853,VACTE - Cottonwood-Oak Creek Unified School District,830 S MAIN ST STE 2E,COTTONWOOD,AZ,86326,Yavapai County,public,2-No,0,0,,,,,69613,9.9,040034102853,,,
0402858,VACTE - Clarkdale Jerome School District,830 S MAIN ST STE 2E,COTTONWOOD,AZ,86326,Yavapai County,public,2-No,0,0,,,,,69613,9.9,040034102858,,,
0403662,Tolleson Virtual High School,9801 W VAN BUREN ST,TOLLESON,AZ,85353,Maricopa County,public,2-No,0,0,62,,,,89300,12.4,040852003662,030445,Average,
0403591,The Buckeye Academy,402 W Narramore,Buckeye,AZ,85236,Maricopa County,public,2-No,0,0,,,,,89300,12.4,040141003591,,,
0403515,Start Campus,5405 N 99TH AVE,GLENDALE,AZ,85305,Maricopa County,public,2-No,0,0,,,,,89300,12.4,040061503515,,,
0403524,Sierra Vista Online,3555 E FRY BLVD,SIERRA VISTA,AZ,85635,Cochise County,public,2-No,0,0,,,,,59742,18.6,040146003524,,,
0403028,Sequoia Village High School,982 FULL HOUSE LN,SHOW LOW,AZ,85901,Navajo County,public,1-Yes,0,0,90,,0.0,0,54606,31.4,040024603028,030240,,
0403470,STEDY- Antelope HS Satellite,9168 South Avenue 36E,Wellton,AZ,85356,Yuma County,public,2-No,0,0,,,,,62876,22.4,040092003470,030535,,
0403054,Pima County JTED Cosmetology,5850 N SEANIFER DR,TUCSON,AZ,85741,Pima County,public,2-No,0,0,,,,,,,,,,
0612696,Central Juvenile Hall,1605 Eastlake Ave.,Los Angeles,CA,90033,Los Angeles County,public,2-No,0,0,17,,,6,90112,16.2,069107812696,,,
0610770,Central Sierra ROP,6767 Green Valley Rd.,Placerville,CA,95667,El Dorado County,public,2-No,0,0,,,,,,,,,,
0403538,Pima County JTED - Arizona Online Instruction,6420 E BROADWAY BLVD STE A100,TUCSON,AZ,85710,Pima County,public,2-No,0,0,,,,,70315,16.7,040075203538,,,
0610998,Coastline ROP,1001 Presidio Sq.,Costa Mesa,CA,92626,Orange County,public,2-No,0,0,,,,,116289,11.1,060012310998,,,
0610335,Mt. Lassic High (Continuation),600 Van Duzen Rd.,Mad River,CA,95526,Trinity County,public,2-No,0,0,,,0.0,0.2,53002,30.6,063763010335,050222,,
0610733,Mission Valley ROCP,5019 Stevenson Blvd.,Fremont,CA,94538,Alameda County,public,2-No,0,0,,,,,129367,7.3,060008610733,,,
0610972,Mission Trails ROP,867 East Laurel Dr.,Salinas,CA,93905,Monterey County,public,2-No,0,0,,,,,97230,15.7,060012010972,,,
0610959,Mendocino County ROP,2240 Old River Rd.,Ukiah,CA,95482,Mendocino County,public,2-No,0,0,,,,,68092,15.8,060011810959,,,
0612003,Margaret J. Kemp,400 Paul Scannell Dr.,San Mateo,CA,94402,San Mateo County,public,2-No,0,0,,,,0.1,158855,6.7,069103312003,,,
0610817,Kings County ROP,1144 West Lacey Blvd.,Hanford,CA,93230,Kings County,public,2-No,0,0,,,,,,,,,,
0610814,Kern High ROC,501 South Mt. Vernon Ave.,Bakersfield,CA,93307,Kern County,public,2-No,0,0,,,,,70210,24,060007610814,,,
0610813,Kern County ROP,15926 K St.,Mojave,CA,93501,Kern County,public,2-No,0,0,,,,,70210,24,060007510813,,,
0610803,Imperial Valley ROP,687 State St.,El Centro,CA,92243,Imperial County,public,2-No,0,0,,,,,57681,23.8,060010110803,,,
0610802,Humboldt County ROP,901 Myrtle Ave.,Eureka,CA,95501,Humboldt County,public,2-No,0,0,,,,,,,,,,
0608451,Honey Run Academy Secondary,622 Pearson Rd.,Paradise,CA,95969,Butte County,public,2-No,0,0,,,,,67928,17.6,062982008451,,,
0610924,Hart ROP,21515 Centre Point Pkwy.,Santa Clarita,CA,91350,Los Angeles County,public,2-No,0,0,,,,,90112,16.2,060011110924,,,
0608481,Hamilton Community Day,535 Sacramento Ave.,Hamilton City,CA,95951,Glenn County,public,2-No,0,0,,,,,67139,20.1,060133908481,,,
0610791,Glenn County ROP,451 South Villa Ave.,Willows,CA,95988,Glenn County,public,2-No,0,0,,,,,67139,20.1,060009910791,,,
0610732,Eden Area ROP,26316 Hesperian Blvd.,Hayward,CA,94545,Alameda County,public,2-No,0,0,,,,,,,,,,
0610785,Easton Community Day,5865 South Clara Ave.,Fresno,CA,93706,Fresno County,public,2-No,0,0,,,,,74201,24.5,060141510785,,,
0611806,Eagle Creek,322 North Washington St.,Cloverdale,CA,95425,Sonoma County,public,2-No,0,0,,,,,,,,,,
0607309,Cottonwood Community Day,3291 Buckman Springs Rd.,Pine Valley,CA,91962,San Diego County,public,2-No,0,0,,,,,106268,10.8,062610007309,,,
0610761,Contra Costa County ROP,77 Santa Barbara Rd.,Pleasant Hill,CA,94523,Contra Costa County,public,2-No,0,0,,,,,127229,9.4,060009210761,,,
0607180,Colony Basic Skills Alternative High,7807 North Lander Ave,Hilmar,CA,95324,Merced County,public,2-No,0,0,,,0.0,5,65510,23.3,061722007180,,,
0610997,College and Career Advantage,33122 Valle Rd.,San Juan Capistrano,CA,92675,Orange County,public,2-No,0,0,,,,,116289,11.1,060012210997,,,
0403712,Pima County JTED - Bridges Day Program,3300 S Park Ave,Tucson,AZ,85713,Pima County,public,2-No,0,0,,,,,70315,16.7,040075203712,,,
0403879,PJCTED - Star Academic High School,5093 S Liberty Ave,Tucson,AZ,85706,Pima County,public,2-No,0,0,,,,,70315,16.7,040075203879,,,
1700693,Cook Co Juvenile Det -York Alt HS,2700 S California Ave,Chicago,IL,60608,Cook County,public,2-No,0,0,,,,1,83498,17.3,170993000693,,,
0501703,UACCB TECHNICAL CENTER,2005 White Drive,Batesville,AR,72501,Independence County,public,2-No,0,0,,,,,56609,17.8,050043101703,,,
0501710,UA RICH MOUNTAIN TECHNICAL CENTER,1100 College Drive,Mena,AR,71953,Polk County,public,2-No,0,0,,,,,49191,22.2,050043501710,,,
0501706,SOUTHEAST ARK COLLEGE CAREET CENTER,912 West 6th Avenue,PINE BLUFF,AR,71601,Jefferson County,public,2-No,0,0,,,,,51096,28,050043401706,,,
0500646,SOUTH ARKANSAS COMMUNITY COLLEGE TECHNICAL CENTER,3696 E MAIN RD,EL DORADO,AR,71730,Union County,public,2-No,0,0,,,,,55259,19.1,050005200646,,,
0500594,SAU TECH CAREER CENTER,327 STEWART ST SW,CAMDEN,AR,71701,Calhoun County,public,2-No,0,0,,,,,66809,17.4,050000200594,,,
0500781,PHILLIPS COMMUNITY CAREER AND TECHNICAL CENTER,2807 HWY 165,STUTTGART,AR,72160,Arkansas County,public,2-No,0,0,,,,,53164,26.7,050006600781,,,
0501704,OZARKA COLLEGE TECHNICAL CENTER,218 COLLEGE DRIVE,MELBOURNE,AR,72556,Izard County,public,2-No,0,0,,,,,49405,22.7,050043201704,,,
0500320,NORTHWEST TECHICAL INSTITUTE SECONDARY CAREER CENTER,2350 W OLD FARMINGTON RD,FAYETTEVILLE,AR,72701,Washington County,public,2-No,0,0,,,,,70639,14.4,050008100320,,,
0505154,NORTHWEST ARK COMMUNITY COLLEGE TECHNICAL CENTER,1 COLLEGE DR,BENTONVILLE,AR,72712,Benton County,public,2-No,0,0,,,,,93506,8.5,051449205154,,,
0501697,NORTHEAST ARKANSAS CAREER AND TECHNICAL CENTER,1727 S MAIN ST,JONESBORO,AR,72401,Craighead County,public,2-No,0,0,,,,,59548,22,050828001697,,,
0500620,NORTH CENTRAL CAREER CENTER,330 OAK ST,LESLIE,AR,72645,Searcy County,public,2-No,0,0,,,,,44426,30.2,051449600620,,,
0500542,NORTH ARK TECHNICAL CENTER,1515 Pioneer DR,HARRISON,AR,72601,Boone County,public,2-No,0,0,,,,,55143,15.7,050006000542,,,
0500579,NATIONAL PARK TECHNOLOGY CENTER,101 COLLEGE DR,HOT SPRINGS,AR,71913,Garland County,public,2-No,0,0,,,,,57181,19,050005700579,,,
0501590,MINER ACADEMY,800 SCHOOL STREET,BAUXITE,AR,72011,Saline County,public,1-Yes,0,0,95,,0.0,1,79046,10.7,050279001590,,,
0500453,METROPOLITAN CAREER & TECHNICAL CENTER,7701 SCOTT HAMILTON DR,LITTLE ROCK,AR,72209,Pulaski County,public,2-No,0,0,,,,,62873,20.4,050900000453,,,
0501031,EAST ARKANSAS SECONDARY CAREER CENTER,1700 NEW CASTLE RD,FORRECT CITY,AR,72335,St. Francis County,public,2-No,0,0,,,,,42574,38.5,050007501031,,,
0501715,COSSATOT COMMUNITY COLLEGE OF THE UA,183 College Drive,Dequeen,AR,71832,Sevier County,public,2-No,0,0,,,,,53527,19.9,050043801715,,,
0501713,BLACK RIVER TECHNICAL COLLEGE CAREER CENTER (TOPPS),1410 Highway 304 East,POCAHONTAS,AR,72455,Randolph County,public,2-No,0,0,,,,,50911,23.8,050043701713,,,
0500583,ASU THREE RIVERS CAREER CENTER,ONE COLLEGE CIR,MALVERN,AR,72104,Hot Spring County,public,2-No,0,0,,,,,55405,17.4,050005400583,,,
0501723,ARKANSAS STATE UNIVERSITY?MIDSOUTH TECHNICAL CENTER,2000 W BROADWAY ST,WEST MEMPHIS,AR,72301,Crittenden County,public,2-No,0,0,,,,,55358,30.4,050043901723,,,
0501098,ARKANSAS NORTHEASTERN COLLEGE TECHNICAL CENTER,HWY 148 AND NTERSTATE 55,BURDETTE,AR,72321,Mississippi County,public,2-No,0,0,,,,,52548,24,050008001098,,,
0501721,ARK TECH UNIVERISTY CAREER CENTER,215 West O Street,RUSSELLVILLE,AR,72801,Pope County,public,2-No,0,0,,,,,57344,22,050043601721,,,
0500615,UA-PTC TECHNICAL CENTER,16936 Interstate 30 North,Benton,AR,72019,Saline County,public,2-No,0,0,,,,,79046,10.7,050005800615,,,
0501696,UACCM TECHNICAL CENTER,1537 University Blvd.,MORRILTON,AR,72210,Conway County,public,2-No,0,0,,,,,54187,19.8,050042901696,,,
0402790,PCJTED - Vail High School,7762 E SCIENCE PARK DR,TUCSON,AZ,85747,Pima County,public,2-No,0,0,,,,,70315,16.7,040075202790,030537,,
0500626,WESTERN ARKANSAS TECHNICAL CENTER,5210 GRAND AVE,FORT SMITH,AR,72913,Sebastian County,public,2-No,0,0,,,,,57790,16,050005300626,,,
0403322,PCJTED - TAPP High School,102 N PLUMER AVE,TUCSON,AZ,85719,Pima County,public,2-No,0,0,,,,,,,,,,
0403256,PCJTED - Southwest Alt. High School,6855 S MARK RD,TUCSON,AZ,85757,Pima County,public,2-No,0,0,,,,,70315,16.7,040075203256,030556,,
0403537,PCJTED - Pierson High School,451 N. Arroyo Blvd.,Nogales,AZ,85621,Santa Cruz County,public,2-No,0,0,,,,,55217,24.8,040075203537,,,
0402809,PCJTED - Palo Verde High School,1302 S AVENIDA VEGA,TUCSON,AZ,85710,Pima County,public,2-No,0,0,,,,,70315,16.7,040075202809,030035,Below Average,
0402860,PCJTED - Aztec Middle College North West,7600 N SHANNON RD BLDG D103,TUCSON,AZ,85709,Pima County,public,2-No,0,0,,,,,70315,16.7,040075202860,,,
0402852,PCJTED - Aztec Middle College East,8181 E IRVINGTON RD BLDG E-5,TUCSON,AZ,85709,Pima County,public,2-No,0,0,,,,,70315,16.7,040075202852,,,
0402776,PCJTED - Aztec Middle College,2202 W ANKLAM RD,TUCSON,AZ,85709,Pima County,public,2-No,0,0,,,,,70315,16.7,040075202776,,,
0403627,NAVIT - Northland Pioneer College SPE,940 E. Maricopa Street,Springerville,AZ,85938,Apache County,public,2-No,0,0,,,,,41438,35.3,040019703627,,,
0403629,NAVIT - Northland Pioneer College SCC,1611 S MAIN ST,SNOWFLAKE,AZ,85937,Navajo County,public,2-No,0,0,,,,,54606,31.4,040019703629,,,
0403632,NAVIT - Northland Pioneer College LCC,1400 E THIRD ST,WINSLOW,AZ,86047,Navajo County,public,2-No,0,0,,,,,54606,31.4,040019703632,,,
0402238,NAVIT - NAVIT Courses,1320 E THORNTON RD,SHOW LOW,AZ,85901,Navajo County,public,2-No,0,0,,,,,54606,31.4,040019702238,,,
0403631,NAVIT - Gila Community College,201 N MUD SPRINGS RD,PAYSON,AZ,85541,Gila County,public,2-No,0,0,,,,,61986,26.8,040019703631,,,
0403781,Music Mountain Academy,403 Diamond Creek Road,Peach Springs,AZ,86434,Mohave County,public,2-No,0,0,,,0.0,0,57684,20.2,040612003781,030521,Average,
0403601,MIJTED - Yavapai College Prescott Valley,6955 PANTHER PATH,PRESCOTT VLY,AZ,86314,Yavapai County,public,2-No,0,0,,,,,,,,,,
0403610,MIJTED - Yavapai College Agribusiness & Technology Center,2275 Old Home Manor Dr,Chino Valley,AZ,86323,Yavapai County,public,2-No,0,0,,,,,,,,,,
0402974,MIJTED - Ashfork High School,46999 N 5th Street,Ash Fork,AZ,86320,Yavapai County,public,2-No,0,0,,,,,69613,9.9,040077202974,030000,Average,
0403628,MICTED - Culinary,1989 Wineglass Drive,Prescott,AZ,86301,Yavapai County,public,2-No,0,0,,,,,69613,9.9,040077203628,,,
0403017,EVIT - Combs High School,2505 E GERMANN RD,San Tan Valley,AZ,85140,Pinal County,public,2-No,0,0,,,,,80266,11.8,040973103017,030000,Average,
0403778,Coldwater Academy,530 E RILEY DR,AVONDALE,AZ,85323,Maricopa County,public,2-No,0,0,,2,0.0,1,89300,12.4,040045003778,,,
0403670,CVIT - Central Campus CAC Aravaipa,80440 E ARAVAIPA RD,WINKELMAN,AZ,85192,Pinal County,public,2-No,0,0,,,,,,,,,,
0402944,CAVIAT - CCC Central Campus,2800 S LONE TREE RD,FLAGSTAFF,AZ,86005,Coconino County,public,2-No,0,0,,,,,72966,16,040034702944,,,
0610996,North Orange County ROP,385 North Muller St.,Anaheim,CA,92801,Orange County,public,2-No,0,0,,,,,116289,11.1,060012110996,,,
0611011,Plumas County ROP,50 Church St.,Quincy,CA,95971,Plumas County,public,2-No,0,0,,,,,,,,,,
0611035,Riverside County ROP,3939 13th St.,Riverside,CA,92502,Riverside County,public,2-No,0,0,,,,,93074,10.6,060009411035,,,
1600788,PORTNEUF VALLEY TECHNICAL AND CAREER CENTER,4200 HAWTHORNE ROAD,POCATELLO,ID,83201,Bannock County,public,2-No,0,0,,,,,66499,10.1,160264000788,,,
1600790,IDAHO CENTER OF ADVANCED TECHNOLOGY,1303 EAST GREENHURST,NAMPA,ID,83686,Canyon County,public,2-No,0,0,,,,,,,,,,
1600789,ADA PROFESSIONAL-TECHNICAL CENTER,1900 WEST PINE,MERIDIAN,ID,83642,Ada County,public,2-No,0,0,,,,,,,,,,
1601119,A Neil DeAtley Career Technical Education Center,3125 CECIL ANDRUS WAY,LEWISTON,ID,83501,Nez Perce County,public,2-No,0,0,,,,,72599,10.4,160186001119,,,
1304670,Muscogee Education Transition Center,2601 Cross Country Dr Bldg F,Columbus,GA,31906,Muscogee County,public,2-No,0,0,,,,,,,,,,
1304669,Department of Juvenile Justice Bibb ETC,4160 Riggins Mill Rd,Macon,GA,31217,Bibb County,public,2-No,0,0,,,,,51234,30.8,130002604669,,,
1304668,DJJ Chatham Multi Service Center,1149 Cornell Ave,Savannah,GA,31406,Chatham County,public,2-No,0,0,,,,,71097,19.6,130002604668,,,
1207647,WASHINGTON INSTITUTE FOR SPECIALIZED EDUCATION,680 2ND ST,CHIPLEY,FL,32428,Washington County,public,2-No,0,0,50,,,,58210,19.6,120201007647,,,
1207918,WALTON COUNTY JAIL PROGRAM,145 S PARK ST,DEFUNIAK SPRINGS,FL,32435,Walton County,public,2-No,0,0,,,,0,81986,14.6,120198007918,,,
1207804,UNION VIRTUAL FRANCHISE,55 SW 6TH ST,LAKE BUTLER,FL,32054,Union County,public,2-No,0,0,,,,,64146,17.9,120189007804,,,
1210688,TBD,901 W. WEBSTER AVE,WINTER PARK,FL,32789,Orange County,public,2-No,0,0,,,,,79719,16.1,120144010688,,,
1201861,SUNCOAST TECHNICAL COLLEGE,4748 BENEVA RD,SARASOTA,FL,34233,Sarasota County,public,2-No,0,0,,,,,,,,,,
1208811,STRIVE ACADEMY,301 4TH ST SW,LARGO,FL,33770,Pinellas County,public,2-No,0,0,,,,0,72646,14.2,120156008811,100046,,
1201944,RIVEROAK TECHNICAL COLLEGE,415 PINEWOOD DR SW,LIVE OAK,FL,32064,Suwannee County,public,2-No,0,0,,,0.0,0,56658,28.4,120183001944,,,
1202257,RADFORD M LOCKLIN TECHNICAL COLLEGE,5330 BERRYHILL RD,MILTON,FL,32570,Santa Rosa County,public,2-No,0,0,,,0.0,11.53,91922,12.5,120165002257,,,
1204180,POLK VIRTUAL FRANCHISE,604 S CENTRAL AVE,LAKELAND,FL,33815,Polk County,public,2-No,0,0,,,0.0,5,65978,17.3,120159004180,,,
1207968,P. K. YONGE VIRTUAL FRANCHISE,1200 SW 6TH ST,GAINESVILLE,FL,32601,Alachua County,public,2-No,0,0,,,,,61949,19.8,120201507968,,,
1200075,NORTH FLORIDA TECHNICAL COLLEGE,609 N ORANGE ST,STARKE,FL,32091,Bradford County,public,2-No,0,0,,,,,63050,28.4,120012000075,,,
1207019,NASSAU ADULT AND CAREER CENTER,1201 ATLANTIC AVE,FERNANDINA BEACH,FL,32034,Nassau County,public,2-No,0,0,,,,,89804,10.1,120135007019,,,
1205622,MONROE JUVENILE DETENTION CENTER,5501 COLLEGE RD,KEY WEST,FL,33040,Monroe County,public,2-No,0,0,,,,,87738,14.5,120132005622,,,
1208937,MONROE COUNTY DETENTION CENTER,5501 COLLEGE RD,KEY WEST,FL,33040,Monroe County,public,2-No,0,0,,,,,87738,14.5,120132008937,,,
1208362,METRO WEST DETENTION FACILITY,13850 NW 41ST ST,MIAMI,FL,33178,Miami-Dade County,public,2-No,0,0,,,,,71753,16,120039008362,,,
1600920,JCC - ST ANTHONY,2220 EAST 600 NORTH,ST ANTHONY,ID,83445,Fremont County,public,2-No,0,0,,,,0,72683,13.4,160001600920,,,
1706709,ACDC Penniman,300 Annunciation Ct,Cahokia,IL,62206,St. Clair County,public,2-No,0,0,,,,,73854,15.8,170804006709,,,
0611410,San Francisco County ROP,750 25th Ave.,San Francisco,CA,94121,San Francisco County,public,2-No,0,0,,,,,,,,,,
1706783,ALOP,44W625 Plato Rd # R,Burlington,IL,60109,Kane County,public,2-No,0,0,,,,,103163,8.5,170019106783,,,
1706950,College and Career Education Cent,4151 Samuelson Rd,Rockford,IL,61109,Winnebago County,public,2-No,0,0,,,,,65837,19.7,173451006950,,,
1706576,Champaign Co Detention Center,400 Art Bartell Rd,Urbana,IL,61802,Champaign County,public,2-No,0,0,,,,,63683,14,173996006576,,,
1700833,Central School Program,355 E Chicago St,Elgin,IL,60120,Kane County,public,2-No,0,0,,,0.0,0,103163,8.5,171371000833,140454,Demanding,
1706853,Central Illinois Bridge Academy,2000 Jacobssen Dr,Normal,IL,61761,McLean County,public,2-No,0,0,,,,,79905,8,170017706853,,,
1706583,Center for Alternative Learning,1601 Wentworth Ave,Calumet City,IL,60409,Cook County,public,2-No,0,0,,,0.0,0,83498,17.3,173894006583,144323,,
1706579,Center for Academics and Technolo,1605 Wentworth,Calumet City,IL,60409,Cook County,public,2-No,0,0,,,0.0,1,83498,17.3,173894006579,,,
1706817,Career Educ Assoc of N Central IL,300 Heart Blvd,Loves Park,IL,61111,Winnebago County,public,2-No,0,0,,,,,,,,,,
1706822,Career Center of Southern IL,6137 Beck Rd,Red Bud,IL,62278,Monroe County,public,2-No,0,0,,,,,,,,,,
1706790,Career & Tech Educ Consortium,2037 W Galena Ave,Freeport,IL,61032,Stephenson County,public,2-No,0,0,,,,,,,,,,
1706795,Capital Area Career Center,2201 Toronto Rd,Springfield,IL,62712,Sangamon County,public,2-No,0,0,,,,,,,,,,
1706297,Camelot Safe Academy School,7877 S Coles Ave,Chicago,IL,60649,Cook County,public,2-No,0,0,,,0.0,0,83498,17.3,170993006297,,,
1706903,Bridges Program ALOP,34090 N Almond Rd,Gurnee,IL,60031,Lake County,public,2-No,0,0,,,,,110416,8.3,170019306903,,,
1706775,Bridges Adult Transition Center,4700 W Chase Ave,Lincolnwood,IL,60712,Cook County,public,2-No,0,0,,,,,,,,,,
1706953,Beyond One Barb Transition Center,530 Charter St,Dekalb,IL,60115,DeKalb County,public,2-No,0,0,,,,,,,,,,
1706554,B H R A Cooperative HS,17268 E 2750 North Rd,Bismarck,IL,61814,Vermilion County,public,2-No,0,0,,,0.0,1,56877,26,170143306554,,,
1706022,Adams County RSSP,1416 Maine St,Quincy,IL,62301,Adams County,public,2-No,0,0,,,0.0,0,66220,12.7,170016206022,,,
1705082,Adams Co Juvenile Detention Cntr,200 N 52nd St,Quincy,IL,62305,Adams County,public,2-No,0,0,,,,0,66220,12.7,173300005082,,,
1706156,Academic Behavior&Community Acad,1416 Maine St,Quincy,IL,62301,Adams County,public,2-No,0,0,,,0.0,0,66220,12.7,170016206156,,,
1702440,ASSIST TAOEP 12,407 S Whittle Ave,Olney,IL,62450,Richland County,public,2-No,0,0,,,0.0,0,62455,13.5,170017302440,,,
1706215,ASSIST RSSP 12,407 S Whittle Ave,Olney,IL,62450,Richland County,public,2-No,0,0,,,0.0,1,62455,13.5,170017306215,,,
1703208,ARC,409 Hardin Ave Fl 3,Jacksonville,IL,62650,Morgan County,public,2-No,0,0,,,0.0,0,66306,14,170016203208,,,
1202452,MARCHMAN TECHNICAL COLLEGE HS,7825 CAMPUS DR,NEW PORT RICHEY,FL,34653,Pasco County,public,2-No,0,0,,,0.0,0,70492,11.8,120153002452,,,
1201185,LIVELY TECHNICAL COLLEGE,500 APPLEYARD DR,TALLAHASSEE,FL,32304,Leon County,public,2-No,0,0,,,,,66287,21.8,120111001185,101675,,
1210813,LEGACY HIGH SCHOOL,9461 BRANDYWINE LANE,PORT ST LUCIE,FL,34986,St. Lucie County,public,2-No,0,0,,,,,71457,13.1,120177010813,,,
1210672,JEFFERSON VIRTUAL INSTRUCTION PROGRAM,1490 W WASHINGTON ST,MONTICELLO,FL,32344,Jefferson County,public,2-No,0,0,,,,,61212,21.7,120099010672,,,
0901926,REGIONS secure Hartford,920 Broad Street,Hartford,CT,6106,Capitol Planning Region,public,2-No,0,0,,,,,93394,13.9,090022201926,,,
0901935,REGIONS secure Bridgeport,60 Housatonic Ave,Bridgeport,CT,6604,Greater Bridgeport Planning Region,public,2-No,0,0,,,,,89667,14.3,090022201935,,,
0901933,Hartford Residential Center,920 Broad St.,Hartford,CT,6106,Capitol Planning Region,public,2-No,0,0,,,,,93394,13.9,090022201933,,,
0901927,Bridgeport Residential Center,60 Housatonic Ave,Bridgeport,CT,6604,Greater Bridgeport Planning Region,public,2-No,0,0,,,,,89667,14.3,090022201927,,,
0911303,AFIR-LISA'S House,50 Bank Street,Plainville,CT,6062,Capitol Planning Region,public,2-No,0,0,,,,,93394,13.9,090022211303,,,
0611499,Yosemite ROP,1100 H St.,Modesto,CA,95354,Stanislaus County,public,2-No,0,0,,,,,,,,,,
0611544,Yolo County ROP,1280 Santa Anita Ct. Ste. 100,Woodland,CA,95776,Yolo County,public,2-No,0,0,,,,,91752,11.2,060014911544,,,
0611469,William R. Rouse ROP,305 South Lincoln St.,Sierraville,CA,96126,Sierra County,public,2-No,0,0,,,,,,,,,,
0612656,Westside Community Day Middle High,22368 South Sixth St.,South Dos Palos,CA,93665,Merced County,public,2-No,0,0,,,,0,65510,23.3,060003312656,,,
0612737,Walter J. Katnich Community Day,13451 North Extension Rd.,Lodi,CA,95242,San Joaquin County,public,2-No,0,0,,,,,92179,16,062223012737,,,
0610787,Valley ROP,310 West Myrtle Ave.,Reedley,CA,93654,Fresno County,public,2-No,0,0,,,,,74201,24.5,060009710787,,,
0610731,Tri-Valley ROP,1040 Florence Rd.,Livermore,CA,94551,Alameda County,public,2-No,0,0,,,,,129367,7.3,060008410731,,,
0611522,Tri-County ROP,970 Klamath Ln.,Yuba City,CA,95993,Sutter County,public,2-No,0,0,,,,,79704,15.1,060014511522,,,
0610919,Tri-Cities ROP,10800 Ben Avon St. Unit E,Whittier,CA,90606,Los Angeles County,public,2-No,0,0,,,,,90112,16.2,060010610919,,,
0608641,Travis Community Day,2785 De Ronde Dr.,Fairfield,CA,94533,Solano County,public,2-No,0,0,,,,,100401,11.2,063963008641,050794,Below Average,
0611485,Sonoma County ROP,5340 Skylane Blvd.,Santa Rosa,CA,95403,Sonoma County,public,2-No,0,0,,,,,,,,,,
0611472,Siskiyou County ROP,431 Knapp St.,Yreka,CA,96097,Siskiyou County,public,2-No,0,0,,,,,59095,20.3,060012711472,,,
0611457,Silicon Valley Career Technical Education,760 Hillsdale Ave.,San Jose,CA,95136,Santa Clara County,public,2-No,0,0,,,,,,,,,,
0611943,Sierra Alternative Learning Academy,301 South Hay St.,Lone Pine,CA,93545,Inyo County,public,2-No,0,0,,,,,73991,13.9,062244011943,050140,,
0613701,Sawtooth Ridge Community,111591 Hwy. 395,Coleville,CA,96107,Mono County,public,2-No,0,0,,,0.0,0,99415,10.2,069105213701,,,
0611439,Santa Barbara County ROP-South,4400 Cathedral Oaks Rd.,Santa Barbara,CA,93160,Santa Barbara County,public,2-No,0,0,,,,,98161,17.4,060013311439,,,
0901924,REGIONS staff secure Waterbury,80 Prospect Street,Waterbury,CT,6702,Naugatuck Valley Planning Region,public,2-No,0,0,,,,,86191,18.2,090022201924,,,
0901940,REGIONS staff-secure Hartford,123 Washington Street,Hartford,CT,6106,Capitol Planning Region,public,2-No,0,0,,,,,93394,13.9,090022201940,,,
0901922,Whiting Forensic Hospital,70 O'Brien Drive,Middletown,CT,6457,Lower Connecticut River Valley Planning Region,public,2-No,0,0,,,,,104428,7,090002701922,,,
1202644,EMERALD COAST TECHNICAL COLLEGE,761 N 20TH ST,DEFUNIAK SPRINGS,FL,32433,Walton County,public,2-No,0,0,,,,,81986,14.6,120198002644,100401,,
1207905,HAMILTON VIRTUAL FRANCHISE,5683 US HIGHWAY 129 S,JASPER,FL,32052,Hamilton County,public,2-No,0,0,,,0.0,0,50144,34.3,120072007905,,,
1207970,GULF VIRTUAL FRANCHISE,150 MIDDLE SCHOOL RD,PORT ST JOE,FL,32456,Gulf County,public,2-No,0,0,,,,,61179,19.7,120069007970,,,
1208924,GULF APEX,150 MIDDLE SCHOOL RD,PORT ST JOE,FL,32456,Gulf County,public,2-No,0,0,,,,,61179,19.7,120069008924,,,
1207986,GRADUATION ALLIANCE13,1500 BISCAYNE BLVD,MIAMI,FL,33132,Miami-Dade County,public,2-No,0,0,,,,,71753,16,120039007986,,,
1207834,GLADES VIRTUAL FRANCHISE,400 10TH ST SW,MOORE HAVEN,FL,33471,Glades County,public,2-No,0,0,,,0.0,0,45870,21.2,120066007834,,,
1208378,GLADES CONSTRUCTION ACADEMY AT WEST TECH,2625 STATE ROAD 715,BELLE GLADE,FL,33430,Palm Beach County,public,2-No,0,0,,,,,83581,14.1,120150008378,,,
1200836,GEORGE STONE TECHNICAL COLLEGE,2400 LONGLEAF DR,PENSACOLA,FL,32526,Escambia County,public,2-No,0,0,,,,,67500,22.3,120051000836,,,
1207682,FLAGLER VIRTUAL INSTRUCTION PROGRAM,1769 E MOODY BLVD,BUNNELL,FL,32110,Flagler County,public,2-No,0,0,,,,,77363,13.7,120054007682,,,
1203666,ESE DEVELOPMENT CENTER,6032 HWY 90,MILTON,FL,32570,Santa Rosa County,public,2-No,0,0,,,,,,,,100843,,
1208018,EDUCATIONAL SERVICES PROGRAM-EAST,3228 GUN CLUB RD,WEST PALM BEACH,FL,33406,Palm Beach County,public,2-No,0,0,,,,,83581,14.1,120150008018,,,
1208647,ACCELERATION ACADEMIES LLC,1601 NE 36TH ST,HOMESTEAD,FL,33033,Miami-Dade County,public,2-No,0,0,10,,,,71753,16,120039008647,,,
1207860,DUVAL VIRTUAL ACADEMY FRANCHISE,7000 POWERS AVE,JACKSONVILLE,FL,32217,Duval County,public,2-No,0,0,,,,,71277,13.4,120048007860,,,
1202141,D.A. DORSEY TECHNICAL COLLEGE,7100 NW 17TH AVE,MIAMI,FL,33147,Miami-Dade County,public,2-No,0,0,,,,,71753,16,120039002141,101178,,
1208737,CONTRACTED RESIDENTIAL SERVICES,101A BUSINESS CENTER DR,MIRAMAR,FL,32550,Walton County,public,2-No,0,0,,,,,81986,14.6,120138008737,,,
1208720,CONTRACTED RESIDENTIAL SERVICES,1201 ATLANTIC AVE,FERNANDINA BEACH,FL,32034,Nassau County,public,2-No,0,0,,,,,,,,,,
1210845,BROWARD COUNTY ACCELERATION ACADEMIES,600 SE 3RD AVE,FORT LAUDERDALE,FL,33301,Broward County,public,2-No,0,0,,,,,77633,13.5,120018010845,,,
1202327,BABIES/TAP,50 DAVID RD,MONTICELLO,FL,32344,Jefferson County,public,2-No,0,0,,,,,61212,21.7,120099002327,,,
1203810,ALTERNATIVE HIGH SCHOOL PROGRAM,69 ARRAN RD,CRAWFORDVILLE,FL,32327,Wakulla County,public,2-No,0,0,,,,,81895,13.3,120195003810,,,
1210620,ALACHUA REGIONAL JUVENILE DETENTION CENTER,3434 NE 39TH AVE,GAINESVILLE,FL,32609,Alachua County,public,2-No,0,0,,,,,61949,19.8,120003010620,,,
1207045,ALACHUA COUNTY JAIL,3333 NE 39TH AVE,GAINESVILLE,FL,32609,Alachua County,public,2-No,0,0,,,,,61949,19.8,120003007045,,,
2102091,Trailblazer Academy,661 Tapp Rd,Harrodsburg,KY,40330,Mercer County,public,2-No,0,0,,,,,64824,15.1,210028902091,,,
2102448,WC Tel Center,520 Lincoln Park Road,Springfield,KY,40069,Washington County,public,2-No,0,0,,,,,61616,16.7,210576002448,,,
2102141,Warren Co. Area Technology Center,365 Technology Way,Bowling Green,KY,42101,Warren County,public,2-No,0,0,,,,,65794,17.6,210028902141,,,
3700808,NF Woods Campus,574 W McLelland Ave,Mooresville,NC,28115,Iredell County,public,2-No,0,0,,,,,81419,11.3,370312000808,,,
3703306,NCVPS,343 E. Six Forks Road Suite 1,Raleigh,NC,27609,Wake County,public,2-No,0,0,,,,,105768,9.6,370035503306,,,
3703130,Holton Career and Resource Center,401 North Driver St,Durham,NC,27703,Durham County,public,2-No,0,0,,,,,82316,15,370126003130,,,
3703171,Career and Technical Education Center,2550 Buckingham Road,Burlington,NC,27217,Alamance County,public,2-No,0,0,,,,,65651,18.7,370003003171,,,
3001140,CSD HS Rise Pathway Academy,1151 Eastside Highway,Corvallis,MT,59828,Ravalli County,public,†,0,0,,,,,71283,12.3,300741001140,,,
2800856,WEBSTER CO CAREER & TECHNOL CTR,605 HALL ROAD,Eupora,MS,39744,Webster County,public,2-No,0,0,,,,,58789,20.8,280456000856,250902,,
2801015,WALTHALL CO CAREER AND TECH CENTER,803 Ball Avenue,Tylertown,MS,39667,Walthall County,public,2-No,0,0,,,,,,,,251335,,
2800806,TISH. CO. CAREER AND TECHNICAL CENT,1421 Hwy 25 N,Tishomingo,MS,38873,Tishomingo County,public,2-No,0,0,,,,,53040,18.3,280426000806,,,
2801459,THE LEARNING CENTER ALTERNATIVE,2926 Sisteenth Section Road,STARKVILLE,MS,39759,Oktibbeha County,public,2-No,0,0,,,,,46695,22.2,280018901459,,,
2801579,TCS ALTERNATIVE SCHOOL,1100 ROSA FORT DRIVE,TUNICA,MS,38676,Tunica County,public,2-No,0,0,,,,,39364,39.5,280429001579,252963,,
2801463,TAC ALTERNATIVE SCHOOL,906 Louisiana Avenue,McComb,MS,39648,Pike County,public,2-No,0,0,,,0.0,0,43814,30.3,280288001463,252963,,
2801088,Simpson County Career and Technical Center,3415 Simpson Hwy 49,MENDENHALL,MS,39114,Simpson County,public,2-No,0,0,,,,,56381,27.7,280399001088,251976,,
2801091,Senatobia-Tate Career Technical Center,165 WEST CENTRAL AVENUE,COLDWATER,MS,38618,Tate County,public,2-No,0,0,,,,,,,,,,
2800454,STENNIS VOC TECH COMPLEX,16 Martin Luther King Jr Street,DeKalb,MS,39328,Kemper County,public,2-No,0,0,,,,1,46431,33.8,280231000454,,,
2800761,SMITH COUNTY CAREER CENTER,469 Magnolia Drive,RALEIGH,MS,39153,Smith County,public,2-No,0,0,,,,,60916,23.5,280402000761,252552,,
2800620,SCHOOL OF CAREER AND TECHNICAL ED,203 Highway 15 North,New Albany,MS,38652,Union County,public,2-No,0,0,,,,,55505,18.3,280312000620,,,
2800901,R D BROWN VOC CENTER,1845 Tribe Drive,BILOXI,MS,39532,Harrison County,public,2-No,0,0,,,,,59479,22.7,280063000901,,,
2800731,QUITMAN CO VOCATIONAL COMPLEX,HWY # 3 SOUTH,MARKS,MS,38646,Quitman County,public,2-No,0,0,,,,,32412,43.8,280381000731,250659,,
2800720,PRENTISS CO VOC COMPLEX,302 W. George E. Allen Dr.,Booneville,MS,38829,Prentiss County,public,2-No,0,0,,,,,49724,22.6,280375000720,,,
2800941,PERRY COUNTY ALTERNATIVE CENTER,9899 Hwy 98 East,NEW AUGUSTA,MS,39462,Perry County,public,2-No,0,0,,,,,49634,25,280357000941,,,
2801209,PERRY CO VOC COMPLEX,9899 A Hwy 98 East,NEW AUGUSTA,MS,39462,Perry County,public,2-No,0,0,,,,,49634,25,280357001209,,,
2800911,NORTHEAST MS REGIONAL ALTERNATIVE,103 Medical Drive,Booneville,MS,38829,Prentiss County,public,2-No,0,0,,,,,49724,22.6,280082000911,,,
3703677,NE Carolina Prep School Remote Academy,274 Husky Trail,Tarboro,NC,27886,Edgecombe County,public,1-Yes,0,0,,,,,51265,29,370032303677,,,
3800936,TGU VIRTUAL HIGH SCHOOL,302 2nd St SE,Towner,ND,58788,McHenry County,public,†,0,0,,,,,80733,13.8,380004700936,,,
2801063,MONROE CO VOC TECH,50057 AIRPORT ROAD,ABERDEEN,MS,39730,Monroe County,public,2-No,0,0,,,,,,,,,,
3102335,18+ PROGRAM,5807 OSBORNE DRIVE WEST,HASTINGS,NE,68901,Adams County,public,†,0,0,,,,,68365,11.7,318009002335,,,
3102450,NEBRASKA YOUTH ACADEMY,5900 WALKER,LINCOLN,NE,68507,Lancaster County,public,†,0,0,,,,,74793,10.5,310019102450,,,
3101698,MORTON SCHOOL,2311 N 60TH ST,LINCOLN,NE,68507,Lancaster County,public,†,0,0,,,,0,74793,10.5,310015001698,,,
3102382,LPS GRADUATION PATHWAYS PROGRAM,300 SOUTH 48TH ST,LINCOLN,NE,68510,Lancaster County,public,†,0,0,,,,,,,,,,
3102320,LPS CAREER ACADEMY,8800 O STREET,LINCOLN,NE,68506,Lancaster County,public,†,0,0,,,,,,,,,,
3102025,LIFELINKS-NEBRASKA,2620 COLLEGE PARK,SCOTTSBLUFF,NE,69361,Scotts Bluff County,public,†,0,0,,,,,,,,,,
3102375,KEITH LUTZ HORIZON HIGH SCHOOL,5300 GEORGE B LAKE PARKWAY,OMAHA,NE,68022,Douglas County,public,†,0,0,,,0.0,1,80391,12.6,317374002375,,,
3100749,ISLANDER ANNEX,3025 COLLEGE ST,GRAND ISLAND,NE,68803,Hall County,public,†,0,0,,,,,69251,17.7,310001600749,,,
3102317,INDRA HOUSE,2131 N LAFAYETTE AVE,GRAND ISLAND,NE,68803,Hall County,public,†,0,0,,,0.0,0,69251,17.7,310001602317,,,
3101039,HIGH SCHOOL STUDENT SUPPORT PROGRAM,1801 SOUTH 40TH STREET,LINCOLN,NE,68506,Lancaster County,public,†,0,0,,,0.0,0,74793,10.5,317284001039,,,
3102212,HARMS ADV TECH CENTER-WNCC,2620 COLLEGE PARK,SCOTTSBLUFF,NE,69361,Scotts Bluff County,public,†,0,0,,,,,,,,,,
3102381,ESU 7 CENTER,2563 44TH AVE,COLUMBUS,NE,68601,Platte County,public,†,0,0,,,,,,,,,,
3102258,ESL TEEN LITERACY PROGRAM,3230 BURT ST,OMAHA,NE,68131,Douglas County,public,†,0,0,,,0.0,0,80391,12.6,317482002258,,,
3101964,EDUCATIONAL SERVICE UNIT 5,900 WEST COURT,BEATRICE,NE,68310,Gage County,public,†,0,0,,,,,67247,9.5,318005001964,,,
3101538,DOUGLAS COUNTY YOUTH CENTER,1301 S 41ST STREET,OMAHA,NE,68105,Douglas County,public,†,0,0,,,,0,80391,12.6,310014701538,,,
3102358,DOUGLAS CO WEST FALCON ACHIEVEMENT CENTER,401 S PINE ST,VALLEY,NE,68064,Douglas County,public,†,0,0,,,,,80391,12.6,310016502358,,,
3101717,CHILD GUIDANCE SCHOOL,904 SUMNER ST,LINCOLN,NE,68502,Lancaster County,public,†,0,0,,,,,74793,10.5,310015201717,,,
3102324,CAREER PATHWAYS INSTITUTE,1215 S ADAMS ST,GRAND ISLAND,NE,68801,Hall County,public,†,0,0,,,,,69251,17.7,310001602324,,,
3101859,CAREER CENTER,3230 BURT ST,OMAHA,NE,68131,Douglas County,public,†,0,0,,,,,80391,12.6,317482001859,281699,,
3102443,BAY HIGH FOCUS PROGRAM,2005 Y STREET,LINCOLN,NE,68503,Lancaster County,public,†,0,0,,,,,74793,10.5,317284002443,,,
3101040,ALTERNATIVES FOR SUCCESS SCH,601 W CEDAR AVE,NORFOLK,NE,68701,Madison County,public,†,0,0,,,,,63128,9.7,317443001040,,,
3102255,ACCELERE PROGRAM,2606 HAMILTON ST,OMAHA,NE,68131,Douglas County,public,†,0,0,,,0.0,1,80391,12.6,317482002255,,,
2801090,NORTH SOUTH TIPPAH VOC TECH CENTER,2560 CR 501,Ripley,MS,38663,Tippah County,public,2-No,0,0,,,,,,,,,,
2801293,MONROE CO ADVANCED LEARNING CENTER,52251 Highway 25 South,Amory,MS,38821,Monroe County,public,2-No,0,0,,,,,,,,,,
2902881,SOUTHEAST CORRECTIONAL CENTER,300 E PEDRO SIMMONS DR,CHARLESTON,MO,63834,Mississippi County,public,2-No,0,0,,,,,48160,28.7,290003002881,,,
2800082,CLAIBORNE COUNTY VOC COMPLEX,161 Old Hwy 18 #1,PORT GIBSON,MS,39150,Claiborne County,public,2-No,0,0,,,,,31897,46.5,280102000082,,,
2800127,CARL KEEN VOC,1050 WALNUT STREET,CLARKSDALE,MS,38614,Coahoma County,public,2-No,0,0,,,0.0,1,37461,44.9,280105000127,,,
2801615,CAREER TECHNICAL EDUCATION-SHS,1376 Tomcat Trail,Wiggins,MS,39577,Stone County,public,2-No,0,0,,,,,61413,20.9,280417001615,,,
2800378,CAREER DEVELOPMENT CENTER,2703 FIRST AVENUE,JACKSON,MS,39209,Hinds County,public,2-No,0,0,,,,,49402,30.7,280219000378,252564,,
2801523,CAREER AND TECHNICAL CENTER,616 SYCAMORE AVENUE,GREENWOOD,MS,38930,Leflore County,public,2-No,0,0,,,,,35277,41.5,280019801523,251976,,
2801340,CALHOUN CO CAREER & TECH CTR,302 North Madison,Calhoun City,MS,38916,Calhoun County,public,2-No,0,0,,,,,43125,24.9,280087001340,,,
2800929,BENTON CO REGIONAL VOCATIONAL CEN,25 Industrial Drive,Ashland,MS,38603,Benton County,public,2-No,0,0,,,,,46016,29.5,280060000929,,,
2800837,Alcorn ALTERNATIVE SCHOOL,2101A Norman Road,CORINTH,MS,38834,Alcorn County,public,2-No,0,0,,,,,51260,20.2,280039000837,,,
2800930,ALTERNATIVE SCHOOL,601 Third Street,Cleveland,MS,38732,Bolivar County,public,2-No,0,0,,,,,39585,47.6,280075000930,252963,,
2800016,ALCORN CO VOC COMPLEX,2101 NORMAN ROAD,CORINTH,MS,38834,Alcorn County,public,2-No,0,0,,,,,51260,20.2,280039000016,,,
2902876,WOMEN'S EAST REGION TRTMT CTR,1101 E HWY 54,VANDALIA,MO,63382,Audrain County,public,2-No,0,0,,,,,59448,17.8,290003002876,,,
2902890,WOMEN E. RECEP/DIAG COR C/DIAG,1101 E HWY 54,VANDALIA,MO,63382,Audrain County,public,2-No,0,0,,,,,59448,17.8,290003002890,,,
2902887,WOMEN E. RECEP/DIAG COR C/ACAD,1101 E HWY 54,VANDALIA,MO,63382,Audrain County,public,2-No,0,0,,,,,59448,17.8,290003002887,,,
2902894,WESTERN REGION TREATMENT CENTR,3401 FARAON ST,ST JOSEPH,MO,64506,Buchanan County,public,2-No,0,0,,,,,62158,15.6,290003002894,,,
2902877,WESTERN RECEPT/DIAG CORR CENTR,3401 FARAON ST,ST JOSEPH,MO,64506,Buchanan County,public,2-No,0,0,,,,,62158,15.6,290003002877,,,
2903133,WESTERN MO CORRECTIONAL CENTER,609 EAST PENCE ROAD,CAMERON,MO,64429,DeKalb County,public,2-No,0,0,,,,,69826,12.5,290003003133,,,
2901592,VO. TECH. TUITION,801 N 11TH ST,ST LOUIS,MO,63101,St. Louis city,public,2-No,0,0,,,,,,,,,,
2900200,VALLEY VIEW HIGH,5000 NW VALLEY VIEW RD,BLUE SPRINGS,MO,64015,Jackson County,public,2-No,0,0,,,0.0,1,68577,16,290531000200,,,
2901533,TABLE ROCK CAREER CENTER,386 W STATE HWY 76,REEDS SPRING,MO,65737,Stone County,public,2-No,0,0,,,0.0,1,63520,22.5,292616001533,,,
2900812,STATE FAIR,3201 WEST 16TH STREET,SEDALIA,MO,65301,Pettis County,public,2-No,0,0,,,,,60430,22.2,290000500812,,,
2901593,STAR School,731 NE 76TH ST,GLADSTONE,MO,64118,Clay County,public,2-No,0,0,,,,,88468,8.5,290000901593,263430,Demanding,
2901259,SPANISH LAKE CAMPUS,13312 BELLEFONTAINE RD,ST LOUIS,MO,63138,St. Louis County,public,2-No,0,0,,,,,82936,12.5,290000901259,,,
2800453,CENTRAL SCHOOL,208 LYNDA LEE DRIVE,NATCHEZ,MS,39120,Adams County,public,2-No,0,0,,,,,43644,35.7,280303000453,,,
2801182,CLARKE CO CAREER & TECHNOLOGY CTR,910 North Archusa Ave.,Quitman,MS,39355,Clarke County,public,2-No,0,0,,,,,46108,25.6,280378001182,252542,,
2801458,MILLSAPS CAREER & TECH CENTER,803 LOUISVILLE ROAD,STARKVILLE,MS,39759,Oktibbeha County,public,2-No,0,0,,,,,46695,22.2,280018901458,251335,,
2801141,COLLEGE & CAREER TECHNICAL INST.,2602 MARKET STREET,PASCAGOULA,MS,39567,Jackson County,public,2-No,0,0,,,,,66201,19.1,280348001141,,,
2800166,MCKELLAR VOCATIONAL CENTER,810 N BROWDER STREET,COLUMBUS,MS,39702,Lowndes County,public,2-No,0,0,,,,,53812,25.4,280120000166,252196,,
2800878,MARTIN L KING CAREER TECHNOLOGY,1106 Highway 24 East,Woodville,MS,39669,Wilkinson County,public,2-No,0,0,,,,1,35311,36.5,280471000878,,,
2801546,MARSHALL CO CTE CENTER,255 Mary Rahe Dr.,Holly Springs,MS,38635,Marshall County,public,2-No,0,0,,,,,53458,27.4,280285001546,,,
2800914,MAIN STREET ALTERNATIVE SCHOOL,560 Port Gibson St,Raymond,MS,39154,Hinds County,public,2-No,0,0,,,,,49402,30.7,280186000914,,,
2801129,MADISON CO VOC COMPLEX,379 Calhoun Station Parkway,Madison,MS,39110,Madison County,public,2-No,0,0,,,,,83441,12.7,280279001129,,,
2801480,LOWNDES CO VOC COMPLEX,1085 LEHMBERG ROAD,COLUMBUS,MS,39702,Lowndes County,public,2-No,0,0,,,,1,53812,25.4,280273001480,,,
2801545,LEE CO. CAREER & TECHNICAL SCHOOL,221 Honeycomb Way,Tupelo,MS,38801,Lee County,public,2-No,0,0,,,0.0,0,67863,21.3,280255001545,,,
2800431,JEFF DAVIS CO VOC TECH CENTER,5080 HWY 42,CARSON,MS,39427,Jefferson Davis County,public,2-No,0,0,,,,,38548,36.7,280225000431,250476,,
2801051,JACKSON COUNTY VOCATIONAL CENTER,12425 Hwy 57,Vancleave,MS,39565,Jackson County,public,2-No,0,0,,,,,,,,250485,,
2800360,ITAWAMBA CAREER & TECHNICAL CENTER,200 CAREER TECHNICAL DRIVE,FULTON,MS,38843,Itawamba County,public,2-No,0,0,,,,,55546,23.8,280210000360,251976,,
2800290,Harrison County Career and Technical Center,15600 School Road,Gulfport,MS,39503,Harrison County,public,2-No,0,0,,,,,,,,251976,,
2801505,HOLMES CO CAREER TECHNICAL CENTER,77 KICKERNICK STREET,LEXINGTON,MS,39095,Holmes County,public,2-No,0,0,,,0.0,1,32538,48.3,280019501505,251976,,
2800960,HARRISON COUNTY ALTERNATIVE SCHOOL,11072 HIGHWAY 49,GULFPORT,MS,39503,Harrison County,public,2-No,0,0,,,,,59479,22.7,280177000960,252963,,
2800243,GREENVILLE TECHNICAL CENTER,350 South Raceway Road,Greenville,MS,38703,Washington County,public,2-No,0,0,,,0.0,1,42165,44.2,280162000243,,,
2801490,GRADUATES WITHIN REACH ACADEMY,32 School Street,Tchula,MS,39169,Holmes County,public,2-No,0,0,,,0.0,0,32538,48.3,280019501490,,,
2800225,FRANKLIN CAREER & TECHNICAL CENTER,129 Vo-Tech Lane,Meadville,MS,39653,Franklin County,public,2-No,0,0,,,0.0,1,52939,25.7,280153000225,251857,,
2800425,FAYETTE VOC CENTER,205  INDUSTRIAL PARK DR.,FAYETTE,MS,39069,Jefferson County,public,2-No,0,0,,,0.0,1,38305,38.6,280222000425,,,
2800973,E TALLAHATCHIE VOC CENTER,310 N. COSSAR STREET,CHARLESTON,MS,38921,Tallahatchie County,public,2-No,0,0,,,,,37466,40.4,280141000973,,,
2800183,DeSoto Co. Career Center West,1005 Kuykendall Lane,Horn Lake,MS,38637,DeSoto County,public,2-No,0,0,,,,,85297,12.5,280132000183,252564,,
2801391,DeSoto Co. Career Center East,8890 Deerfield Dr.,Olive Branch,MS,38654,DeSoto County,public,2-No,0,0,,,,,,,,252564,,
2801147,DAVID WILLIAMS JR CAREER &TECH CNT,2400 US HIGHWAY 61 N.,TUNICA,MS,38676,Tunica County,public,2-No,0,0,,,,,39364,39.5,280429001147,252999,,
3101728,NORTHEAST NE JUVENILE SERVICES,1313 1/2 N MAIN STREET,MADISON,NE,68748,Madison County,public,†,0,0,,,,,63128,9.7,310015401728,,,
3102312,OMAHA HOME FOR BOYS SCHOOLS,4343 N 52ND ST,OMAHA,NE,68104,Douglas County,public,†,0,0,,,,,80391,12.6,310018602312,,,
3102360,OPS VIRTUAL HIGH SCHOOL,3230 BURT ST - RM 474B,OMAHA,NE,68131,Douglas County,public,†,0,0,,4,0.0,0.5,80391,12.6,317482002360,,,
4500597,G. Frank Russell Technology Center,601 East Northside Drive,Greenwood,SC,29649,Greenwood County,public,2-No,0,0,,,,,52830,21.7,450000700597,,,
4501232,Fairfield Career and Technology Center,790 US Highway 321 North,Winnsboro,SC,29180,Fairfield County,public,2-No,0,0,,,,,47885,24.7,450210001232,,,
4500328,F. E. Dubose Career Center,3351 Sumter Highway,Manning,SC,29102,Clarendon County,public,2-No,0,0,,,,,52401,24.5,450391500328,,,
4500580,Enoree Career Center,108 Scalybark Road,Greenville,SC,29617,Greenville County,public,2-No,0,0,,,,,76932,12,450231000580,,,
4501185,Empowerment and Enrichment Academy,5000 Broad River Road,Columbia,SC,29212,Richland County,public,2-No,0,0,,,,1,63784,18,450342001185,410534,,
4501747,East Cooper Center for Advanced Studies,900 Warrior Way,Mount Pleasant,SC,29466,Charleston County,public,2-No,0,0,,,,,88494,13.9,450144001747,,,
4500669,Dr. Gilbert G. Woolard Technology Center,70 Innovation Lane,Camden,SC,29020,Kershaw County,public,2-No,0,0,,,,,68231,16,450255000669,,,
4500407,Dorchester Career and Technology Center,507 School House Road,Dorchester,SC,29437,Dorchester County,public,2-No,0,0,,,,,78198,11.8,450199000407,,,
4500578,Donaldson Career Center,100 Vocational Drive,Greenville,SC,29605,Greenville County,public,2-No,0,0,,,,,76932,12,450231000578,,,
4501056,Daniel Morgan Technology Center,201 Zion Hill Road,Spartanburg,SC,29307,Spartanburg County,public,2-No,0,0,,,,,66234,15.9,450347001056,,,
4500863,Cope Area Career Center,6052 Slab Landing Road,Cope,SC,29038,Orangeburg County,public,2-No,0,0,,,,,45675,26.9,450000800863,,,
4501748,Cooper River Center for Advanced Studies,1088 East Montague Avenue,North Charleston,SC,29405,Charleston County,public,2-No,0,0,,,,,88494,13.9,450144001748,,,
4501599,Center for Advanced Technical Studies,916 Mount Vernon Church Road,Chapin,SC,29036,Richland County,public,2-No,0,0,,,,,63784,18,450282001599,,,
4501790,CTE Innovation Center at Roper Mountain,402 Roper Mountain Road,Greenville,SC,29615,Greenville County,public,2-No,0,0,,,,,76932,12,450231001790,,,
4500127,Barnwell County Career Center,5214 Reynolds Road,Blackville,SC,29817,Barnwell County,public,2-No,0,0,,,,,46626,29.4,450108000127,411936,,
4501151,Applied Technology Center,2399 West Main Street,Rock Hill,SC,29732,York County,public,2-No,0,0,,,,,89095,9.5,450387001151,,,
4500058,Aiken County Career Center,2455 Jefferson Davis Highway,Warrenville,SC,29851,Aiken County,public,2-No,0,0,,,,,,,,411936,,
4500446,Advantage Academy,126 East Howe Springs Road,Florence,SC,29505,Florence County,public,2-No,0,0,,,,,58305,20,450213000446,,,
4500767,Academy for Careers and Technology,2697 East Highway 76,Mullins,SC,29574,Marion County,public,2-No,0,0,,,0.0,1,36301,43,450390800767,411469,,
4200152,Kimmel Alternative School,200 East Crawford Avenue,Altoona,PA,16602,Blair County,public,2-No,0,0,,,,,62382,14.7,420234000152,,,
4207108,Keystone Central Career and Technology Center,64 Keystone Central Dr,Mill Hall,PA,17751,Clinton County,public,2-No,0,0,,,,,60816,22.4,428067007108,,,
4101914,Willamette Career Academy,1200 Lancaster Dr NE,Salem,OR,97301,Marion County,public,2-No,0,0,,,,,,,,,,
4501123,Floyd D. Johnson Technology Center,275 Alexander Love Highway,York,SC,29745,York County,public,2-No,0,0,,,,,89095,9.5,450381001123,,,
4501164,Golden Strip Career and Technology Center,1120 East Butler Road,Greenville,SC,29607,Greenville County,public,2-No,0,0,,,,,76932,12,450231001164,,,
3101369,PARRISH PROGRAM,4315 CUMING ST,OMAHA,NE,68131,Douglas County,public,†,0,0,,,0.0,0.5,80391,12.6,317482001369,281733,,
4500991,H. B. Swofford Career Center,5620 Highway 11,Inman,SC,29349,Spartanburg County,public,2-No,0,0,,,,,,,,,,
4700298,Coffee County Koss Center,1756 McMinnville HWY,Manchester,TN,37355,Coffee County,public,2-No,0,0,,,,,61505,23.5,470078000298,,,
4702415,Central Prep Academy,230 Ridley DR,Jasper,TN,37347,Marion County,public,2-No,0,0,,,,,,,,,,
4700886,Campbell Co Adult High School,318 W. Beech ST,Lafollette,TN,37766,Campbell County,public,2-No,0,0,,,,,51557,26.9,470042000886,431642,Average,
4700250,Benton County Academy,178 Schools DR,Camden,TN,38320,Benton County,public,2-No,0,0,,,,,51746,23.4,470024000250,430223,,
4601316,Teachwell Thrive - 03,715 E 14th St,Sioux Falls,SD,57104,Minnehaha County,public,†,0,0,,,,,,,,,,
4601410,Teachwell Strive -05,2320 N Career Ave,Sioux Falls,SD,57107,Minnehaha County,public,†,0,0,,,,,,,,,,
4601398,Teachwell Connect - 92,715 E 14th St,Sioux Falls,SD,57104,Minnehaha County,public,†,0,0,,,,,76880,7.3,460002701398,,,
4600983,Teachwell Academy High School - 01,824 E 14th St,Sioux Falls,SD,57104,Minnehaha County,public,†,0,0,,,0.0,0,76880,7.3,460002700983,,,
4601399,Project Search - Avera McKennan 07,1325 S Cliff Ave,Sioux Falls,SD,57105,Minnehaha County,public,†,0,0,,,,,,,,,,
4601359,Hillside Colony High School - 07,18248 Hillside Ln,Doland,SD,57436,Spink County,public,†,0,0,,,0.0,0.5,70139,13.5,461917001359,,,
4601308,Black Hills Academy at Canyon Hills High School - 07,2519 Windmill Dr,Spearfish,SD,57783,Lawrence County,public,†,0,0,,,,,73384,9.1,468012001308,,,
4500348,Thunderbolt Career and Technology Center,1069 Thunderbolt Road,Walterboro,SC,29488,Colleton County,public,2-No,0,0,,,,,51114,26.5,450183000348,,,
4500912,The Orangeburg Career & Technology Center,3720 Magnolia Street,Orangeburg,SC,29118,Orangeburg County,public,2-No,0,0,,,,,45675,26.9,450391700912,,,
4500963,Samuel A. Heyward Career and Technology Center,3560 Lynhaven Drive,Columbia,SC,29204,Richland County,public,2-No,0,0,,,,,63784,18,450336000963,,,
4501039,R. D. Anderson Applied Technology Center,1151 Center Point Drive,Moore,SC,29369,Spartanburg County,public,2-No,0,0,,,,,66234,15.9,450001001039,,,
4500905,Pickens County Career and Technology Center,990 Chastain Road,Liberty,SC,29657,Pickens County,public,2-No,0,0,,,0.0,1,61064,14.5,450333000905,411936,,
4501779,Palmetto Excel,7000 Rivers Avenue Building 100,North Charleston,SC,29406,Charleston County,public,1-Yes,0,0,,,,,88494,13.9,450390101779,,,
4501705,Lexington Two Innovation Center,715 9th Street,West Columbia,SC,29169,Lexington County,public,2-No,0,0,,,,,77408,14.1,450273001705,,,
4500579,J. Harley Bonds Career Center,505 North Main Street,Greer,SC,29650,Greenville County,public,2-No,0,0,,,,,76932,12,450231000579,,,
4500288,Institute of Innovation,175 Campus Drive,Gaffney,SC,29341,Cherokee County,public,2-No,0,0,,,,,50288,20.6,450150000288,,,
4500844,Hamilton Career and Technology Center,445 Oconee Business Parkway,Westminster,SC,29693,Oconee County,public,2-No,0,0,,,,,62388,32.3,450306000844,,,
4101877,Oregon International School,2500 E St,Baker City,OR,97814,Baker County,public,1-Yes,0,0,,,,,60936,16.7,410171001877,,,
3906068,Harvey Academy,200 W Walnut Ave,Painesville,OH,44077,Lake County,public,2-No,0,0,,,0.0,0,80925,9,391001506068,,,
3905983,Butler Tech LeSourdsville Location,101 Jerry Couch Blvd,Monroe,OH,45050,Butler County,public,2-No,0,0,,,,,,,,,,
3200987,St. Jude's Healing Center,115 Healing Center Drive,Boulder City,NV,89005,Clark County,public,2-No,0,0,,,,,76472,15.3,320006000987,,,
3400675,ESSEX CO JDC,80 DURYEA STREET,NEWARK,NJ,8302,Essex County,public,2-No,0,0,,,,2,80789,15.9,340079700675,,,
3406116,ESC Academy,37 Hoffmans Crossing Road,Califon,NJ,7830,Hunterdon County,public,2-No,0,0,,,,,141715,3.5,348036006116,,,
3400597,EDNA MAHAN CORRECTIONAL FACILITY FOR WOMEN,30 COUNTY RTE 513,CLINTON,NJ,8809,Hunterdon County,public,2-No,0,0,,,,,,,,,,
3400630,DOVES RCH,188 LINDBERGH ROAD,HOPEWELL,NJ,8525,Hunterdon County,public,2-No,0,0,,,,,,,,,,
3400740,Capital Academy,20 PIONEER BLVD,MT HOLLY,NJ,8060,Burlington County,public,2-No,0,0,,,0.0,0,108111,5.3,340008500740,,,
3402973,COSTELLO PREP,800 CARRANZA RD,TABERNACLE,NJ,8088,Burlington County,public,2-No,0,0,,,,0,108111,5.3,340008902973,,,
3400672,CAMDEN CO JDC,WOODBURY TURNERSVILLE RD  LAKE,BLACKWOODLEX,NJ,8012,Camden County,public,2-No,0,0,,,,0,88755,16.6,340080200672,,,
3400669,BERGEN CO JDC,296 E Ridgewood Ave,PARAMUS,NJ,7652,Bergen County,public,2-No,0,0,,,,,,,,,,
3400737,Ann Klein Forensic Center,1610 STUYVESANT AVE,WEST TRENTON,NJ,8625,Mercer County,public,2-No,0,0,,,,,,,,,,
3400667,ATLANTIC CO JDC,800 BUFFALO AVENUE,EGG HARBOR CITY,NJ,8215,Atlantic County,public,2-No,0,0,,,,0,78050,14.5,340080300667,,,
3102367,YOUNG ADULT PROGRAM,130 E 9TH STREET,FREMONT,NE,68025,Dodge County,public,†,0,0,,,,,,,,,,
3100995,YOUNG ADULT PROGRAM,12820 N STREET,OMAHA,NE,68137,Douglas County,public,†,0,0,,,,,,,,,,
3101796,UTA HALEE ACADEMY PROGRAM,10625 CALHOUN ROAD,OMAHA,NE,68112,Douglas County,public,†,0,0,,,,,80391,12.6,310016601796,,,
3102315,TRANSITION PROGRAM SOUTH,4875 F STREET,OMAHA,NE,68117,Douglas County,public,†,0,0,,,,,,,,,,
3102396,TRANSITION PROGRAM NORTH,4839 NORTH 72ND STREET,OMAHA,NE,68134,Douglas County,public,†,0,0,,,,,,,,,,
3102314,TRANSITION PROGRAM AT UNMC NEBRASKA MEDICINE,MUNROE MEYER BUILDING; 444 S 4,OMAHA,NE,68104,Douglas County,public,†,0,0,,,,,,,,,,
3100645,STEP SCHOOL,305 EAST 1ST,MCCOOK,NE,69001,Red Willow County,public,†,0,0,,,,,63697,13.6,318015000645,,,
3100755,SPECIAL ED YANKEE HILL PROGRAM,865 W BURNHAM,LINCOLN,NE,68522,Lancaster County,public,†,0,0,,,0.0,0,74793,10.5,317284000755,,,
3102455,RADIUS HIGH SCHOOL,5040 GRAND AVENUE,OMAHA,NE,68104,Douglas County,public,†,0,0,,,,,80391,12.6,318019102455,,,
3101762,PATRICK J THOMAS JUVENILE CNTR,9701 PORTAL ROAD,LAVISTA,NE,68128,Sarpy County,public,†,0,0,,,,1,103321,4.9,310016001762,,,
3101708,PATHFINDER ED PRG-LANCASTER CO,1200 RADCLIFF ST,LINCOLN,NE,68512,Lancaster County,public,†,0,0,,,,,74793,10.5,310015101708,,,
3400634,ESSEX RCH,461  463 CENTRAL AVENUE,NEWARK,NJ,7107,Essex County,public,2-No,0,0,,,,0,80789,15.9,340008900634,,,
3400598,GARDEN STATE CORRECTIONAL FACILITY,HIGHBRIDGE ROAD,YARDVILLE,NJ,8620,Burlington County,public,2-No,0,0,,,,,108111,5.3,340008800598,,,
3400753,Greystone Park Psychiatric Hospital,MAIN BUILDING,GREYSTONE PARK,NJ,7950,Morris County,public,2-No,0,0,,,,,,,,,,
3400648,PINELANDS RCH,800 CARRANZA ROAD,TABERNACLE,NJ,8088,Burlington County,public,2-No,0,0,,,,0,108111,5.3,340008900648,,,
3200793,Leighton Hall,310 East 4th Street,Winnemucca,NV,89445,Humboldt County,public,2-No,0,0,,,,,81073,13.7,320021000793,,,
3200847,High Desert State Prison YOP,22010 Cold Creek Rd,Indian Springs,NV,89018,Clark County,public,2-No,0,0,,,,,76472,15.3,320006000847,,,
3500970,ROSWELL CORRECTIONS,578 WEST CHICKASAW RD,HAGERMAN,NM,88232,Chaves County,public,2-No,0,0,,,,,52938,24.6,350001200970,,,
3500987,NORTHWESTERN NM CORRECTIONS,2111 NORTH LOBO CANYON RD,GRANTS,NM,87020,Cibola County,public,2-No,0,0,,,,,50759,31.8,350001200987,,,
3530030,LLANO ESTACADO ONLINE,100 Franklin St,Grady,NM,88120,Curry County,public,2-No,0,0,,,,,57309,22,350114030030,,,
3530029,CONNECTED,5300 CUTLER NE,ALBUQUERQUE,NM,87110,Bernalillo County,public,2-No,0,0,,,,,69473,15.6,350006030029,,,
3500914,CHRYSALIS ALTERNATIVE,134 CERVANTES,TAOS,NM,87571,Taos County,public,2-No,0,0,76,,0.0,0,58950,18.6,350252000914,,,
3501108,CAMINO NUEVO YOUTH,4050 EDITH BLVD NE,ALBUQUERQUE,NM,87107,Bernalillo County,public,2-No,0,0,5,,,0,69473,15.6,350001101108,,,
3403322,SOUTHERN RCH,800A Buffalo Ave,EGG HARBOR CITY,NJ,8215,Atlantic County,public,2-No,0,0,,,,0,78050,14.5,340008903322,,,
3404674,Ocean County Vocational Technical School Toms River Center,1299 OLD FREEHOLD ROAD,TOMS RIVER,NJ,8753,Ocean County,public,2-No,0,0,,,0.0,1,89863,11.9,341198004674,311473,,
3400021,Hunterdon County Vocational School District Central Campus,10 Junction Rd,FLEMINGTON,NJ,8822,Hunterdon County,public,2-No,0,0,,,,,141715,3.5,340005000021,,,
3400645,OCEAN RCH,1 GAME FARM ROAD,FORKED RIVER,NJ,8731,Ocean County,public,2-No,0,0,,,,,,,,,,
3400686,OCEAN CO JDC,165 SUNSET AVENUE,TOMS RIVER,NJ,8754,Ocean County,public,2-No,0,0,,,,,,,,,,
3400603,NORTHERN STATE PRISON,168 FRONTAGE ROAD,NEWARK,NJ,7114,Essex County,public,2-No,0,0,,,,,80789,15.9,340008800603,,,
3400662,NEW JERSEY TRAINING SCHOOL,NORTH STATE HOME RO,JAMESBURG,NJ,8831,Middlesex County,public,2-No,0,0,,,,0,111549,8.6,340008900662,,,
3400601,NEW JERSEY STATE PRISON,600 CASS STREET,TRENTON,NJ,8625,Mercer County,public,2-No,0,0,,,,,100645,12.7,340008800601,,,
3400685,MORRIS CO JDC,460 WEST HANOVER AVE,MORRISTOWN,NJ,7963,Morris County,public,2-No,0,0,,,,0,137326,4,340080400685,,,
3400681,MIDDLESEX CO JDC,US HIGHWAY 130,NEW BRUNSWICK,NJ,8902,Middlesex County,public,2-No,0,0,,,,1,111549,8.6,340079900681,,,
3400659,JUVENILE MEDIUM SECURE FACILITY,W  BURLINGTON STREET,BORDENTOWN,NJ,8505,Burlington County,public,2-No,0,0,,,,0,108111,5.3,340008900659,,,
3400657,JUVENILE FEMALE SECURE UNIT,W   BURLINGTON STREET,BORDENTOWN,NJ,8505,Burlington County,public,2-No,0,0,,,,,,,,,,
2902216,SOUTHERN MO TECH INSTITUTE,407 West Thornburgh,WEST PLAINS,MO,65775,Howell County,public,2-No,0,0,,,0.0,1,50993,21.4,293168002216,,,
2902901,SOUTH CENTRAL CORRECTIONAL CTR,255 HWY 32 W,LICKING,MO,65542,Texas County,public,2-No,0,0,,,,,50036,23.2,290003002901,,,
2102468,iLEAD Academy,2557 KY-227,Carrollton,KY,41008,Carroll County,public,2-No,0,0,,,,,56466,22.9,210028902468,,,
2704483,BEACON ALP IS,9701 NICOLLET AVE S,BLOOMINGTON,MN,55420,Hennepin County,public,2-No,0,0,,,,,97653,8.9,270579004483,,,
2704372,Aware,14895 FRANCESCA AVENUE NORTH,HUGO,MN,55038,Washington County,public,2-No,0,0,,,,,115345,3.9,274236004372,,,
2700008,Anoka-Hennepin Regn HS Summer Prog,1313 COON RAPIDS BLVD NW,COON RAPIDS,MN,55433,Anoka County,public,2-No,0,0,92,,,,101869,7.3,270318000008,,,
2705376,Alternative Programs Summer Session,4955 PEONY LANE N,PLYMOUTH,MN,55446,Hennepin County,public,2-No,0,0,,,,,,,,,,
2704628,ARMSTRONG CREDIT RECOVERY,10635 36TH AVE N,PLYMOUTH,MN,55441,Hennepin County,public,2-No,0,0,,,,,97653,8.9,273178004628,,,
2705059,ALP Credit Recovery,8700 COUNTY ROAD 6 SW,HOWARD LAKE,MN,55349,Wright County,public,2-No,0,0,,,,,107209,4.6,270012305059,,,
2703555,ALC Westonka - IS,5901 SUNNYFIELD RD E,MINNETRISTA,MN,55364,Hennepin County,public,2-No,0,0,,,,,97653,8.9,270002503555,,,
2704553,ALC Summer Learning Programs 9-12,1930 COMO AVE,SAINT PAUL,MN,55108,Ramsey County,public,2-No,0,0,,,,,81568,12.9,273384004553,,,
2703079,ALC Summer Credit Recovery,37 WOOD LAKE DR SE,ROCHESTER,MN,55904,Olmsted County,public,2-No,0,0,75,,,,95406,6.8,273180003079,,,
2703255,ALC Richefield - Success at 15,7001 HARRIET AVE S,RICHFIELD,MN,55423,Hennepin County,public,2-No,0,0,,,,,97653,8.9,270002503255,,,
2703163,ALC Extended Day 9-12,1930 COMO AVE,SAINT PAUL,MN,55108,Ramsey County,public,2-No,0,0,,,,,81568,12.9,273384003163,,,
2701922,ALC Extended Day,1250 W BROADWAY AVE,MINNEAPOLIS,MN,55411,Hennepin County,public,2-No,0,0,,,,,97653,8.9,272124001922,,,
2705422,ALC Credit Recovery,1930 COMO AVE,SAINT PAUL,MN,55108,Ramsey County,public,2-No,0,0,,,,,81568,12.9,273384005422,,,
2704496,ALC CREDIT RECOVERY,7300 BOONE AVE N,BROOKLYN PARK,MN,55428,Hennepin County,public,2-No,0,0,90,,,,97653,8.9,272520004496,,,
2704901,ALC - W-ALT - EY,11140 BREN RD W,MINNETONKA,MN,55343,Hennepin County,public,2-No,0,0,,,,,97653,8.9,270002504901,,,
2704957,ALC - SECA - EY,7450 PENN AVE SO,RICHFIELD,MN,55423,Hennepin County,public,2-No,0,0,,,,,97653,8.9,270002504957,,,
2704922,ALC - NECA - EY,5530 ZEALAND AVE N,NEW HOPE,MN,55428,Hennepin County,public,2-No,0,0,,,,,97653,8.9,270002504922,,,
2705471,ALC - Kimball,100 W STATE HIGHWAY 55,KIMBALL,MN,55353,Stearns County,public,2-No,0,0,,,,,77066,11.5,273351005471,,,
2704887,ALC - Gateway - EY,13100 COLLEGE VIEW DR,EDEN PRAIRIE,MN,55347,Hennepin County,public,2-No,0,0,,,,,97653,8.9,270002504887,242294,Demanding,
2704330,AFTERSCHOOL PROGRAM,702 LAKE AVE,DETROIT LAKES,MN,56501,Becker County,public,2-No,0,0,,,,,71388,13.5,271023004330,,,
2704256,917 DCALS North Extended Day (EDOP),150 MARIE AVE E,WEST SAINT PAUL,MN,55118,Dakota County,public,2-No,0,0,,,,,106318,5.9,270002604256,,,
2704216,283-Ind Stdy 15 and Under - I.S.,6425 W 33RD ST,SAINT LOUIS PARK,MN,55426,Hennepin County,public,2-No,0,0,,,,,97653,8.9,270002504216,,,
2704361,BBE LEARNING CENTER,710 WASHBURN AVE,BELGRADE,MN,56312,Stearns County,public,2-No,0,0,,,,,77066,11.5,270008604361,242119,Average,
2701896,Basic Skills,1250 W BROADWAY AVE,MINNEAPOLIS,MN,55411,Hennepin County,public,2-No,0,0,97.5,,,,97653,8.9,272124001896,,,
2703554,277 Westonka Area Learning Academy,5905 SUNNYFIELD RD E,MINNETRISTA,MN,55364,Hennepin County,public,2-No,0,0,,,,,97653,8.9,270002503554,,,
2705428,Big 9 Online High School,201 ORCHARD ST S,NORTHFIELD,MN,55057,Rice County,public,2-No,0,0,,,0.0,0,83181,10.5,272388005428,240235,Average,
2700347,LIFE LINES ADULT CONNECTION,110 FULTON ST,MANKATO,MN,56001,Blue Earth County,public,2-No,0,0,,,,,,,,,,
2712810,LCWM ALP,607 KNIGHTS LANE,LAKE CRYSTAL,MN,56055,Blue Earth County,public,2-No,0,0,,,,,74477,9.6,279144512810,,,
2712982,Int'l Falls ISD 361 Credit Recovery,1515 11TH ST,INTERNATIONAL FALLS,MN,56649,Koochiching County,public,2-No,0,0,,,,,66940,14.2,270022412982,,,
2704301,Infinity: Minnesota Digital Academy,601 SW 7TH ST,GRAND RAPIDS,MN,55744,Itasca County,public,2-No,0,0,,,,,68603,10.7,270031204301,,,
2703520,IS THE ALTERNATIVE PROGRAM (TAP),4955 PEONY LN,PLYMOUTH,MN,55446,Hennepin County,public,2-No,0,0,,,,,97653,8.9,274216003520,,,
2702745,High School Summer Program,2574 MOUNDS VIEW BLVD,MOUNDS VIEW,MN,55112,Ramsey County,public,2-No,0,0,75,,,,81568,12.9,272295002745,,,
2705457,Hendricks Learning Center - Credit,200 E LINCOLN ST,HENDRICKS,MN,56136,Lincoln County,public,2-No,0,0,,,,,69694,9.4,270008605457,,,
2704334,HS EXTENDED YEAR PROGRAM,702 LAKE AVE,DETROIT LAKES,MN,56501,Becker County,public,2-No,0,0,,,,,71388,13.5,271023004334,,,
2700973,HOFFMAN LEARNING CENTER,2001 SHEPPARD DR,SAINT PETER,MN,56082,Nicollet County,public,2-No,0,0,,,,,79756,7,273387000973,,,
2704413,Grand Marais Community,101 W 5TH ST,GRAND MARAIS,MN,55604,Cook County,public,2-No,0,0,,,,,72638,11,271311004413,,,
2705128,Gateway to College - IS,13100 COLLEGE VIEW DR,EDEN PRAIRIE,MN,55347,Hennepin County,public,2-No,0,0,,,,,97653,8.9,270002505128,242294,Demanding,
2712738,GCED Credit Recovery,395 GUERNSEY LN,RED WING,MN,55066,Goodhue County,public,2-No,0,0,,,,,84171,6.7,279144312738,,,
2712691,ECCS High School,11 PEAVEY RD,CHASKA,MN,55318,Carver County,public,2-No,0,0,,,,,125946,2.8,270819012691,240655,Average,
2703597,District 287 - ALC - IS,1820 XENIUM LN N,PLYMOUTH,MN,55441,Hennepin County,public,2-No,0,0,49.5,,,,97653,8.9,270002503597,,,
2705416,Distance Learning Academy - H,2399 CEDAR AVENUE,WHITE BEAR LAKE,MN,55110,Ramsey County,public,2-No,0,0,,3,0.0,0,81568,12.9,274236005416,,,
2703348,Career & Technical Center,3300 CENTURY AVE,WHITE BEAR LAKE,MN,55110,Washington County,public,2-No,0,0,,,,,115345,3.9,270226403348,,,
2702765,CTC Pathways,13100 COLLEGE VIEW DR,EDEN PRAIRIE,MN,55347,Hennepin County,public,2-No,0,0,,,,,97653,8.9,270002502765,,,
2712785,CSE - OLL HS,270 LARPENTEUR AVE W,SAINT PAUL,MN,55113,Ramsey County,public,1-Yes,0,0,,,,,81568,12.9,270030412785,241643,Average,
2712950,CORE,14300 BISCAYNE AVE W,ROSEMOUNT,MN,55068,Dakota County,public,2-No,0,0,,,,,106318,5.9,270002612950,,,
2700519,COOPERATIVE AREA LEARNING PRG.,5840 149TH STREET WEST,APPLE VALLEY,MN,55124,Dakota County,public,2-No,0,0,,,,,106318,5.9,273239000519,,,
2704569,COOPER CREDIT RECOVERY,8230 47TH AVE N,NEW HOPE,MN,55428,Hennepin County,public,2-No,0,0,,,,,97653,8.9,273178004569,,,
2703562,283 St Louis Pk Independent Study,6425 W 33RD ST,SAINT LOUIS PARK,MN,55426,Hennepin County,public,2-No,0,0,,,,,97653,8.9,270002503562,,,
2703397,270 Hopkins North Jr High ALC,10700 CEDAR LAKE RD,MINNETONKA,MN,55305,Hennepin County,public,2-No,0,0,,,,,97653,8.9,270002503397,,,
2901161,SCOTT REGIONAL TECH CENTER,TWO DAVID SIPPY DR,MONETT,MO,65708,Lawrence County,public,2-No,0,0,,,,,61215,14.4,292112001161,,,
2607877,COOR ATIC Advanced Technical Innovation Center,299H W SUNSET DR,ROSCOMMON,MI,48653,Roscommon County,public,2-No,0,0,,,,,55246,25.4,268092007877,,,
2608878,Boys To Men Group Home,6025 LITCHFIELD LN,KALAMAZOO,MI,49009,Kalamazoo County,public,2-No,0,0,,,,,72532,10,261995008878,,,
2607831,Alger Maximum Correctional Facility,600 INDUSTRIAL PARK DR,MUNISING,MI,49862,Alger County,public,2-No,0,0,,,,,61286,13.6,260000107831,,,
2401045,Thomas Edison High School of Technology,12501 Dalewood Dr,Silver Spring,MD,20906,Montgomery County,public,2-No,0,0,,,,,132450,8.5,240048001045,211054,Below Average,
2401728,Studio 39,291 Locust Avenue,Annapolis,MD,21401,Anne Arundel County,public,2-No,0,0,,,,,124911,7.3,240006001728,,,
2401083,Somerset County Technical High School,79894 Tawes Campus Road,Westover,MD,21871,Somerset County,public,2-No,0,0,,,,,64943,27.8,240057001083,,,
2401395,Robert D. Stethem Educational Center,7775 Marshall Corner Rd,Pomfret,MD,20675,Charles County,public,2-No,0,0,,,,,122816,7.4,240027001395,,,
2401365,MCPS Transitions School,11721 Kemp Mill Rd,Silver Spring,MD,20902,Montgomery County,public,2-No,0,0,,,,,,,,,,
2401079,Dr. James A. Forrest Career and Technology Center,24005 Point Lookout Rd,Leonardtown,MD,20650,St. Mary's County,public,2-No,0,0,,,,,119446,9.4,240060001079,210768,,
2400994,Dorchester County Career and Technology Center,2465 Cambridge Bypass,Cambridge,MD,21613,Dorchester County,public,2-No,0,0,,,,,61839,21.9,240030000994,210768,,
2400906,Center of Applied Technology-South,211 Central Ave  E,Edgewater,MD,21037,Anne Arundel County,public,2-No,0,0,,,,,124911,7.3,240006000906,,,
2400905,Center of Applied Technology-North,800 Stevenson Rd,Severn,MD,21144,Anne Arundel County,public,2-No,0,0,,,,,124911,7.3,240006000905,,,
2400984,Cecil County School of Technology,912 Appleton Rd,Elkton,MD,21921,Cecil County,public,2-No,0,0,,,,,92007,11,240024000984,,,
2400968,Caroline Career & Technology Center,10855 Central Ave,Ridgely,MD,21660,Caroline County,public,2-No,0,0,,,,,68457,16.4,240018000968,210540,,
2400962,Career and Technology Academy,330 Dorsey Road,Prince Frederick,MD,20678,Calvert County,public,2-No,0,0,,,,,133922,5.6,240015000962,210851,,
2402949,Applications and Research Laboratory,10920 Clarksville Pike,Ellicott City,MD,21042,Howard County,public,2-No,0,0,,,,,149763,5.5,240042002949,,,
2201642,Washington Career & Technical Education Center,605 Buhot Street,Washington,LA,70589,St. Landry Parish,public,2-No,0,0,,,,,44462,30.1,220156001642,,,
2210426,TPSS Advanced College and Career Magnet Center,300 W 2nd St,Independence,LA,70443,Tangipahoa Parish,public,2-No,0,0,,,,,,,,,,
2201678,Livingston Parish Literacy & Technology Center,9261 Florida Blvd.,Walker,LA,70785,Livingston Parish,public,2-No,0,0,,,,,80122,14.6,220102001678,,,
2201597,Joseph A. Cuillier Sr. Career Center,1429-B Ames Boulevard,Marrero,LA,70072,Jefferson Parish,public,2-No,0,0,,,,,65252,24.4,220084001597,,,
2201088,Caddo Career & Technical Center,5950 Union Avenue,Shreveport,LA,71108,Caddo Parish,public,2-No,0,0,,,,,50705,28.6,220030001088,,,
2102537,iLead Academy School,2557 Highway 227,Carrollton,KY,41008,Carroll County,public,2-No,0,0,,,,,56466,22.9,210099002537,,,
2607929,Brooks Correctional Facility,2500 S SHERIDAN DR,MUSKEGON,MI,49444,Muskegon County,public,2-No,0,0,,,,,65024,22.6,260000107929,,,
2607852,Carson City Correctional Facility,10522 E BOYER RD,CARSON CITY,MI,48811,Montcalm County,public,2-No,0,0,,,,,67344,19.6,260000107852,,,
2702875,270 Hopkins Alternative,2400 ROYALS DR,MINNETONKA,MN,55305,Hennepin County,public,2-No,0,0,75,,,,97653,8.9,270002502875,,,
2607884,Chippewa Correctional Facility,4269 W M 80,KINCHELOE,MI,49788,Chippewa County,public,2-No,0,0,,,,,62217,17.2,260000107884,,,
2704573,270 - HAP - IS,2400 ROYALS DR,MINNETONKA,MN,55305,Hennepin County,public,2-No,0,0,,,,,,,,,,
2712806,180 Degrees / Youth Shelter,1101 WASHINGTON MEMORIAL DR,SAINT CLOUD,MN,56301,Stearns County,public,2-No,0,0,,,,,77066,11.5,273351012806,,,
2705118,112 ALC Seat-Based,11 PEAVEY RD,CHASKA,MN,55318,Carver County,public,2-No,0,0,,,,,125946,2.8,270819005118,,,
2600728,Van Buren Tech,250 SOUTH ST,LAWRENCE,MI,49064,Van Buren County,public,2-No,0,0,,,,,,,,,,
2609101,The Epic Center,359 S KALAMAZOO MALL,KALAMAZOO,MI,49007,Kalamazoo County,public,2-No,0,0,,,,,72532,10,268060009101,,,
2609068,Shiawassee RESD College and Career Readiness Center,201 E WASHINGTON AVE,VERNON,MI,48476,Shiawassee County,public,2-No,0,0,,,,,67404,14.5,268097509068,,,
2607945,Oaks Correctional Facility,1500 CABERFAE HWY,MANISTEE,MI,49660,Manistee County,public,2-No,0,0,,,,,63516,20.8,260000107945,,,
2601242,Oakland Schools Technical CampusSW,1000 BECK RD,WIXOM,MI,48393,Oakland County,public,2-No,0,0,,,,,97760,7.2,268088001242,,,
2601154,Oakland Schools Technical CampusSE,5055 DELEMERE AVE,ROYAL OAK,MI,48073,Oakland County,public,2-No,0,0,,,,,97760,7.2,268088001154,,,
2601241,Oakland Schools Technical CampusNW,8211 BIG LAKE RD,CLARKSTON,MI,48346,Oakland County,public,2-No,0,0,,,,,97760,7.2,268088001241,230631,,
2601240,Oakland Schools Technical CampusNE,1371 N PERRY ST,PONTIAC,MI,48340,Oakland County,public,2-No,0,0,,,,,97760,7.2,268088001240,,,
2600522,North EdCareer Tech,880 PARSONS RD,TRAVERSE CITY,MI,49686,Grand Traverse County,public,2-No,0,0,,,,,,,,,,
2608762,MySchoolKent,1655 E BELTLINE AVE NE,GRAND RAPIDS,MI,49525,Kent County,public,2-No,0,0,,,,,82631,11.2,268062008762,,,
2608566,Macomb Math Science Technology Center,27500 COSGROVE DR,WARREN,MI,48092,Macomb County,public,2-No,0,0,,,,,77837,14.7,263519008566,,,
2608893,Lets Talk About It Home for Young Men,1004 CONANT ST,KALAMAZOO,MI,49007,Kalamazoo County,public,2-No,0,0,,,,,72532,10,261995008893,,,
2607903,Lakeland Correctional Facility,141 1ST ST,COLDWATER,MI,49036,Branch County,public,2-No,0,0,,,,,63724,17.4,260000107903,,,
2600607,LISD TECH Center,1372 N MAIN ST,ADRIAN,MI,49221,Lenawee County,public,2-No,0,0,,,,,70518,9.6,268068000607,,,
2607928,Kinross Correctional Facility,16770 S WATER TOWER DR,KINCHELOE,MI,49788,Chippewa County,public,2-No,0,0,,,,,62217,17.2,260000107928,,,
2600628,Frederick V Pankow Center,24600 F V PANKOW,CLINTON TOWNSHIP,MI,48036,Macomb County,public,2-No,0,0,,,,,77837,14.7,262187000628,,,
2607941,Egeler Correctional Facility,3855 COOPER ST,JACKSON,MI,49201,Jackson County,public,2-No,0,0,,,,,66073,14.2,260000107941,,,
2607937,Cooper Correctional Facility,3100 COOPER ST,JACKSON,MI,49201,Jackson County,public,2-No,0,0,,,,,66073,14.2,260000107937,,,
2705492,LaCrescent Gr 9-12,1301 LANCER BLVD,LA CRESCENT,MN,55947,Houston County,public,2-No,0,0,,,,,79825,6.8,274407005492,,,
2705058,Lake City Credit Recovery,300 S GARDEN ST,LAKE CITY,MN,55041,Wabasha County,public,2-No,0,0,,,,,82007,6.7,279144305058,,,
2702828,Laurentian Environmental Center,8950 PEPPARD RD,BRITT,MN,55710,St. Louis County,public,2-No,0,0,,,,,70069,9.2,272295002828,,,
2900258,GRAND RIVER TECHNICAL SCH.,1200 FAIR ST,CHILLICOTHE,MO,64601,Livingston County,public,2-No,0,0,,,0.0,1,63627,16.8,290876000258,,,
2901511,GATEWAY EDUCATIONAL CTR.,205 S RIDGEVIEW DR,WARRENSBURG,MO,64093,Johnson County,public,2-No,0,0,,,0.0,0,67272,12.8,293102001511,,,
2902155,Four Rivers Career Center,1978 Image Drive,Washington,MO,63090,Franklin County,public,2-No,0,0,,,,,73165,9.8,293111002155,,,
2902821,FT. ZUMWALT HOPE HIGH,307 W PITMAN,O'FALLON,MO,63366,St. Charles County,public,2-No,0,0,,,0.0,1,104692,6.2,290837002821,,,
2902886,EAST RECEP/DIAG CORR CENT/DIAG,2727 HWY K,BONNE TERRE,MO,63628,St. Francois County,public,2-No,0,0,,,,,57477,15,290003002886,,,
2902880,EAST RECEP/DIAG CORR CENT/ACAD,2727 HWY K,BONNE TERRE,MO,63628,St. Francois County,public,2-No,0,0,,,,,57477,15,290003002880,,,
2903077,DISCOVERY HALL,13315 BELLEFONTAINE RD,ST LOUIS,MO,63138,St. Louis County,public,2-No,0,0,,,,,82936,12.5,290000903077,,,
2900148,DALLAS COUNTY TECHNICAL CENTER,120 South Spruce Street,Buffalo,MO,65622,Dallas County,public,2-No,0,0,,,,,,,,263060,,
2900370,CURRENT RIVER CAREER CENTER,301 SPRING ST,DONIPHAN,MO,63935,Ripley County,public,2-No,0,0,,,0.0,1,42037,32.3,291092000370,260881,,
2900817,CROWDER AVTS,601 LACLEDE AVENUE,NEOSHO,MO,64850,Newton County,public,2-No,0,0,,,,,66301,16.3,290000700817,,,
2902900,CREMER THERAPEUTIC COMM CENTER,ROUTE O,FULTON,MO,65251,Callaway County,public,2-No,0,0,,,,,74176,14.1,290003002900,,,
2900600,CASS CAREER CTR.,1600 E ELM,HARRISONVILLE,MO,64701,Cass County,public,2-No,0,0,,,,,87535,7.7,291376000600,,,
2900192,CAPE GIRARDEAU CAR  TECH CTR.,1080 S SILVER SPRINGS RD,CAPE GIRARDEAU,MO,63703,Cape Girardeau County,public,2-No,0,0,,,0.0,1,68464,11.6,290712000192,,,
2900101,BOONSLICK TECHNICAL EDUC. CTR.,1694 W ASHLEY RD,BOONVILLE,MO,65233,Cooper County,public,2-No,0,0,,,,,70625,14.1,290558000101,,,
2902980,ALGOA CORRECTIONAL CENTER,8501 No More Victims Rd.,Jefferson City,MO,65101,Cole County,public,2-No,0,0,,,,,74876,11.1,290003002980,,,
2702350,Wright Technical Center,1405 3RD AVE NE,BUFFALO,MN,55313,Wright County,public,2-No,0,0,,,,,,,,,,
2705453,Windom Learn Center Credit Recovery,1400 17TH ST,WINDOM,MN,56101,Cottonwood County,public,2-No,0,0,,,,,72941,14.4,270008605453,,,
2712722,Wildcat Academy High School,29678 KARMEL AVE,CHISAGO CITY,MN,55013,Chisago County,public,2-No,0,0,,,,,99400,5.2,270001712722,,,
2705062,WM - Connections,1001 HIGHWAY 25 NW,WATERTOWN,MN,55388,Carver County,public,2-No,0,0,,,0.0,0,125946,2.8,274191005062,,,
2705250,WCED Credit Recovery,9 2ND ST SW,MELROSE,MN,56352,Stearns County,public,2-No,0,0,75,,,,77066,11.5,279145505250,,,
2704416,W-Alt-IS,11140 BREN RD W,MINNETONKA,MN,55343,Hennepin County,public,2-No,0,0,,,,,97653,8.9,270002504416,,,
2712834,Venture Online,315 27TH AVE SE,MINNEAPOLIS,MN,55414,Hennepin County,public,1-Yes,0,0,,,,,97653,8.9,270038412834,,,
2900821,GRAFF CAREER CENTER,1001 E. Chestnut Expy,SPRINGFIELD,MO,65802,Greene County,public,2-No,0,0,,,,,,,,260270,,
2902813,HILLCREST EDUCATION CENTER,301 HOOVER,LEBANON,MO,65536,Laclede County,public,2-No,0,0,,,,,53282,17.5,291827002813,,,
2704934,Loring-Nicollet High Extended,20 SOUTH 13TH STREET,MINNEAPOLIS,MN,55403,Hennepin County,public,2-No,0,0,,,,,97653,8.9,272124004934,,,
2901655,HILLYARD TECHNICAL CTR.,3434 FARAON,ST JOSEPH,MO,64506,Buchanan County,public,2-No,0,0,,,,,62158,15.6,292706001655,,,
2901081,SALINE CO. CAREER CTR.,900 W VEST ST,MARSHALL,MO,65340,Saline County,public,2-No,0,0,,,,,57931,18.2,292041001081,,,
2902599,PRENGER FAMILY CTR.,400 STADIUM BLVD,JEFFERSON CITY,MO,65101,Cole County,public,2-No,0,0,,,,0,74876,11.1,291619002599,,,
2901442,PIKE/LINCOLN TECHNICAL CTR.,430 VO-TECH RD,EOLIA,MO,63344,Pike County,public,2-No,0,0,,,,,,,,,,
2902381,PEMISCOT CO CAREER  TECH CTR,1317 W STATE HWY 84,HAYTI,MO,63851,Pemiscot County,public,2-No,0,0,,,,,,,,,,
2901183,OZARK MOUNTAIN TECHNICAL CTR.,211 E FIFTH ST,MOUNTAIN GROVE,MO,65711,Wright County,public,2-No,0,0,,,,,47909,21.8,292151001183,,,
2902911,OZARK CORRECTIONAL CENTER,929 HONOR CAMP LN,FORDLAND,MO,65652,Webster County,public,2-No,0,0,,,,,71155,22.7,290003002911,,,
2901094,NORTHWEST TECHNICAL SCH.,1515 S MUNN AVE,MARYVILLE,MO,64468,Nodaway County,public,2-No,0,0,,,,,59315,9.8,292049001094,,,
2902298,NORTHLAND CAREER CTR.,1801 BRANCH ST,PLATTE CITY,MO,64079,Platte County,public,2-No,0,0,,,0.0,1,96227,5.6,292523002298,,,
2902400,NORTH CENTRAL CAREER CTR.,1401 DAILY RD,BETHANY,MO,64424,Harrison County,public,2-No,0,0,,,0.0,0,54367,22.9,290000202400,,,
2900752,NICHOLS CAREER CTR.,605 UNION,JEFFERSON CITY,MO,65101,Cole County,public,2-No,0,0,,,,,74876,11.1,291619000752,,,
2901492,NEW MADRID R-I TECH SKILLS CTR,310 US HWY 61,NEW MADRID,MO,63869,New Madrid County,public,2-No,0,0,,,,,51881,25.1,290000401492,,,
2902823,NEW HORIZONS ALTERNATIVE,20277 STATE HWY 413,REEDS SPRING,MO,65737,Stone County,public,2-No,0,0,,,0.0,0,63520,22.5,292616002823,,,
2903228,MOCAP HIGH SCHOOL,205 JEFFERSON ST,JEFFERSON CITY,MO,65102,Cole County,public,2-No,0,0,,,,,74876,11.1,290060703228,260800,Average,
2902893,MISSOURI EASTERN CORR CENTER,18701 OLD HWY 66 ROUTE 1,PACIFIC,MO,63069,St. Louis County,public,2-No,0,0,,,,,82936,12.5,290003002893,,,
2900999,LEX LA-RAY TECHNICAL CTR.,2323 HIGH SCHOOL DR,LEXINGTON,MO,64067,Lafayette County,public,2-No,0,0,,,,,80612,11.7,291848000999,,,
2901842,LEWIS  CLARK CAREER CTR.,2400 ZUMBEHL RD,ST CHARLES,MO,63301,St. Charles County,public,2-No,0,0,,,0.0,2,104692,6.2,292892001842,,,
2903313,LEAD INNOVATION STUDIO,7201 N. Line Creek Parkway,Kansas City,MO,64151,Platte County,public,2-No,0,0,,4,0.0,2,96227,5.6,292355003313,,,
2902273,LAKE CAREER  TECHNICAL CENTER,119 SERVICE RD,CAMDENTON,MO,65020,Camden County,public,2-No,0,0,,,0.0,1,66387,14.5,290699002273,261322,,
2902658,JUVENILE JUSTICE CTR.,8 Victory Lane,LIBERTY,MO,64068,Clay County,public,2-No,0,0,,,,0,88468,8.5,291854002658,,,
2901480,JUVENILE JUSTICE CTR.,1111 N ROBBERSON,SPRINGFIELD,MO,65802,Greene County,public,2-No,0,0,,,,0,61479,10.8,292886001480,,,
2900814,JEFFERSON COLLEGE,1000 VIKING DRIVE,HILLSBORO,MO,63050,Jefferson County,public,2-No,0,0,,,,,,,,,,
2704945,VOA High Extended,2300 KENNEDY ST NE,MINNEAPOLIS,MN,55413,Hennepin County,public,2-No,0,0,,,,,97653,8.9,272124004945,,,
2712876,Unity Program - Day Treatment,550 OSBORNE RD NE,FRIDLEY,MN,55432,Anoka County,public,2-No,0,0,,,,,101869,7.3,273333012876,,,
2705311,Trio Wolf Creek Charter School,10363 LIBERTY LANE,CHISAGO CITY,MN,55013,Chisago County,public,2-No,0,0,,,,,99400,5.2,270001705311,240077,Average,
2704930,Takoda Prep Extended,1845 E FRANKLIN AVE,MINNEAPOLIS,MN,55404,Hennepin County,public,2-No,0,0,,,,,97653,8.9,272124004930,,,
2700791,PHOENIX SCHOOL,11505 36TH AVE N,PLYMOUTH,MN,55441,Hennepin County,public,2-No,0,0,,,,,97653,8.9,273178000791,,,
2704501,Osseo ALC Alternative Programs,7300 BOONE AVE N,BROOKLYN PARK,MN,55428,Hennepin County,public,2-No,0,0,,,,,97653,8.9,272520004501,242252,Below Average,
2712699,Orono Online Learning,795 OLD CRYSTAL BAY RD N,LONG LAKE,MN,55356,Hennepin County,public,2-No,0,0,,,,,97653,8.9,272508012699,,,
2704190,Northern Star Online,1820 XENIUM LN N,PLYMOUTH,MN,55441,Hennepin County,public,2-No,0,0,,,,,97653,8.9,270002504190,,,
2703592,NORTHEAST SERVICE COOPERATIVE OLL,5525 EMERALD AVE,MOUNTAIN IRON,MN,55768,St. Louis County,public,2-No,0,0,,,,,70069,9.2,270008403592,,,
2703584,NLC 6076 Credit Recovery,1201 S 13TH AVE,VIRGINIA,MN,55792,St. Louis County,public,2-No,0,0,75,,,,70069,9.2,270022403584,,,
2703494,NETS,3490 LEXINGTON AVE N STE 115,SHOREVIEW,MN,55126,Ramsey County,public,2-No,0,0,,,0.0,0,81568,12.9,272295003494,,,
2704381,NECA Independent Study,5530 ZEALAND AVE N,NEW HOPE,MN,55428,Hennepin County,public,2-No,0,0,,,,,97653,8.9,270002504381,,,
2701561,N.E. Regional Correction Cntr.,6102 ABRAMSON RD,SAGINAW,MN,55779,St. Louis County,public,2-No,0,0,,,,,70069,9.2,273009001561,,,
2705000,Minneapolis Academy & Career Extend,1250 W BROADWAY AVE,MINNEAPOLIS,MN,55411,Hennepin County,public,2-No,0,0,75,,,,97653,8.9,272124005000,,,
2712801,MidLevel ALC,1400 MAIN ST S,PINE CITY,MN,55063,Pine County,public,2-No,0,0,,,,,,,,,,
2712687,Mankato Area Public Schools Online,10 CIVIC CENTER PLAZA,MANKATO,MN,56001,Blue Earth County,public,2-No,0,0,,,,,74477,9.6,271878012687,,,
2704864,MSED PAES Lab,15770 18TH STREET NE,LITTLE FALLS,MN,56345,Morrison County,public,2-No,0,0,,,,,69446,8.8,270007304864,,,
2713031,MSAD Online Academy,615 OLOF HANSON DR,FARIBAULT,MN,55021,Rice County,public,2-No,0,0,,,,,83181,10.5,270012913031,,,
2703881,MN SECURITY HOSPITAL YAAP,2100 SHEPPARD DR,SAINT PETER,MN,56082,Nicollet County,public,2-No,0,0,,,,,79756,7,273387003881,,,
2704709,MN River Valley Ed-Online Learning,1315 E BLACK OAK AVENUE,MONTEVIDEO,MN,56265,Chippewa County,public,2-No,0,0,,,,,71458,18.9,270005804709,,,
2703298,MN RIVER VALLEY ALC-SUMMER,1313 E BLACK OAK AVE,MONTEVIDEO,MN,56265,Chippewa County,public,2-No,0,0,,,,,,,,,,
2703537,MINNEWASKA SECONDARY ALTERNATIVE PG,25122 STATE HIGHWAY 28,GLENWOOD,MN,56334,Pope County,public,2-No,0,0,,,,,76220,7.8,270001903537,,,
2704540,MANKATO AREA SUMMER SCHOOL,110 FULTON ST,MANKATO,MN,56001,Blue Earth County,public,2-No,0,0,75,,,,74477,9.6,271878004540,,,
2704517,MANKATO AREA NIGHT SCHOOL,110 FULTON ST,MANKATO,MN,56001,Blue Earth County,public,2-No,0,0,,,,,74477,9.6,271878004517,241484,Demanding,
2705456,Lynd Learning Center Credit Recover,106 SAINT ALBANS ST,LYND,MN,56157,Lyon County,public,2-No,0,0,,,,,75303,11.1,270008605456,,,
2702530,PIERZ ALTERNATIVE PROGRAM,112 KAMNIC ST,PIERZ,MN,56364,Morrison County,public,2-No,0,0,,,,,,,,242252,Below Average,
2702353,PINE TO PRAIRIE COOP. CTR.,210 MAIN AVE S,RED LAKE FALLS,MN,56750,Red Lake County,public,2-No,0,0,,,,,77188,8.8,270003802353,,,
2704547,PIPESTONE LEARNING CENTER,1401 7TH ST SW,PIPESTONE,MN,56164,Pipestone County,public,2-No,0,0,,,,,69628,9.9,270008604547,,,
2704708,Rum River East Education Program,1730 3RD AVE NE,CAMBRIDGE,MN,55008,Isanti County,public,2-No,0,0,,,,,,,,,,
2712792,T-Plus Program,6715 MINNETONKA BLVD,SAINT LOUIS PARK,MN,55426,Hennepin County,public,2-No,0,0,,,,,,,,,,
2704612,Summer Credit Recovery,4148 WINNETKA AVE N,NEW HOPE,MN,55427,Hennepin County,public,2-No,0,0,75,,,,97653,8.9,273178004612,,,
2712986,St. Louis County ISD 2142 Credit Re,1701 N 9TH AVE,VIRGINIA,MN,55792,St. Louis County,public,2-No,0,0,,,,,70069,9.2,270022412986,,,
2705051,Saints Guided Studies,4111 AMBASSADOR BLVD,SAINT FRANCIS,MN,55070,Anoka County,public,2-No,0,0,,,,,101869,7.3,273354005051,,,
2705564,Sabers Online High School,1200 SHAKOPEE TOWN SQ,SHAKOPEE,MN,55379,Scott County,public,2-No,0,0,,,,,119314,4.9,273300005564,241643,Average,
2705015,SWMetro CCJ,606 E 4TH ST,CHASKA,MN,55318,Carver County,public,2-No,0,0,,,,0,125946,2.8,270042005015,,,
2705093,STARRS ONLINE ACADEMY,1012 5TH AVENUE,WINDOM,MN,56101,Cottonwood County,public,2-No,0,0,75,,0.0,0,72941,14.4,270008605093,,,
2712736,SMEC Credit Recovery,21697 STATE HIGHWAY 56,AUSTIN,MN,55912,Mower County,public,2-No,0,0,,,,,73074,10.2,270032712736,,,
2703253,SECA - IS,7450 PENN AVE S,RICHFIELD,MN,55423,Hennepin County,public,2-No,0,0,,,,,97653,8.9,270002503253,,,
2703048,Rosa Parks Charter High School,2450 MARION ROAD SE,ROCHESTER,MN,55904,Olmsted County,public,1-Yes,0,0,30,,0.0,0,95406,6.8,270018003048,242108,,
2704323,PRIDE TRANSITIONS,800 8TH ST NE,BUFFALO,MN,55313,Wright County,public,2-No,0,0,,,,,,,,,,
2712988,Rock Ridge ISD 2909 Credit Recovery,1405 PROGRESS PKWY,VIRGINIA,MN,55792,St. Louis County,public,2-No,0,0,,,,,70069,9.2,270022412988,,,
2712959,Rochester Math & Science Online,415 16TH ST SW,ROCHESTER,MN,55902,Olmsted County,public,1-Yes,0,0,,,,,95406,6.8,270024712959,,,
2705268,River Bend ALC Credit Recovery Prog,1315 S BROADWAY ST,NEW ULM,MN,56073,Brown County,public,2-No,0,0,,,0.0,0,69378,7,279135305268,,,
2712684,Red Lake Schools Online Learning,23990 HIGHWAY 1 EAST,RED LAKE,MN,56671,Beltrami County,public,2-No,0,0,,,,,68975,17.4,273051012684,,,
2704477,Rails Academy,131 9TH AVE,PROCTOR,MN,55810,St. Louis County,public,2-No,0,0,,,,,70069,9.2,273009004477,,,
2705037,RTR ALC,100 STRONG ST,TYLER,MN,56178,Lincoln County,public,2-No,0,0,,,,,69694,9.4,270008605037,,,
2704132,Project Return,2540 EAST COUNTY ROAD F,WHITE BEAR LAKE,MN,55110,Ramsey County,public,2-No,0,0,,,,,81568,12.9,270226404132,,,
2705064,Pine County Transition Program,201 MAIN ST E,HINCKLEY,MN,55037,Pine County,public,2-No,0,0,,,,,,,,,,
2712706,Park Virtual - High School,6425 W 33RD ST,SAINT LOUIS PARK,MN,55426,Hennepin County,public,2-No,0,0,,,,,97653,8.9,273378012706,242340,Average,
5600350,Youth Emergency Services Inc.,905 N. Gurley Ave.,Gillette,WY,82716,Campbell County,public,2-No,0,0,,,0.0,1,89869,6.9,568025200350,,,
01489224,ST JOSEPH CATHOLIC HIGH SCHOOL,600 13TH ST,HUNTINGTON,WV,25701,CABELL,private,,,,,,0.0,,55832,18.5,,,,
0100762,Allen Thornton Career Technical Center,7275 Highway 72,Killen,AL,35645,Lauderdale County,public,2-No,,,,,,,,,,010554,,
0101155,Alternative Learning Center,91 Poorhouse Rd,Seale,AL,36875,Russell County,public,2-No,,,,,,,51197,28.7,010288001155,,,
0101395,Alternative Learning Center,211 Lake Ave,Troy,AL,36081,Pike County,public,2-No,,,,,,,48677,34.5,010333001395,,,
0100819,Alternative School,155 20th Street NE,Fort Payne,AL,35967,DeKalb County,public,2-No,,,,,,,51204,26.7,010114000819,,,
0100590,Autauga County Technology Center,1301 Upper Kingston Rd,Prattville,AL,36067,Autauga County,public,2-No,,,,,,,72481,17.7,010024000590,,,
0101194,BellBrown Career Technical Center,111 Mlk Parkway,Livingston,AL,35470,Sumter County,public,2-No,,,,,,,,,,010554,,
0101267,Bessemer Center For Technology,4940 Premiere Parkway,Bessemer,AL,35022,Jefferson County,public,2-No,,,,,,,66388,18.7,010033001267,,,
0100682,Blount County Career Technical Center,61500 US Highway 231,Cleveland,AL,35049,Blount County,public,2-No,,,,,,,,,,010554,,
0102546,Bridge Academy,3971 S Hwy 231,Ozark,AL,36360,Dale County,public,2-No,,,,,,,54963,23.8,010105002546,010841,Demanding,
0101368,C I T Y Program,435 E Chestnut,Gadsden,AL,35903,Etowah County,public,2-No,,,,,,,54563,23.9,010162001368,,,
0100708,Calhoun County Career Technical Center,1200 Church St SE,Jacksonville,AL,36265,Calhoun County,public,2-No,,,,,,,,,,010554,,
0101190,Career Technical Education Center,701 Highway 70,Columbiana,AL,35051,Shelby County,public,2-No,,,,,,,97961,8.1,010303001190,010755,,
0100875,College and Career Academy,19875 AL Hwy 69 N,Greensboro,AL,36744,Hale County,public,2-No,,,,,,,39250,31.3,010171000875,,,
0100801,Crenshaw County Career Academy,183 Votec Dr,Luverne,AL,36049,Crenshaw County,public,2-No,,,,,,,48560,28.1,010096000801,,,
0102359,Crossroads School,1085 Buccaneer Drive,Hoover,AL,35244,Jefferson County,public,2-No,,,,,,,66388,18.7,010000702359,,,
0100832,Dekalb Technical Center,409 Main St E,Rainsville,AL,35986,DeKalb County,public,2-No,,,,,,,,,,,,
0101646,Downtown Educational Center,220 Locust Street,Gadsden,AL,35901,Etowah County,public,2-No,,,,,0.0,0,54563,23.9,010162001646,,,
0101288,Dupuy Alternative School,4500 14th Ave N,Birmingham,AL,35212,Jefferson County,public,2-No,,,,,,,66388,18.7,010039001288,,,
0101180,Eden Area Technical Center,45 County Road 33,Ashville,AL,35953,St. Clair County,public,2-No,,,,,,,77463,12.1,010306201180,,,
0100841,EscambiaBrewton Career Technical Center,2824 Pea Ridge Rd,Brewton,AL,36426,Escambia County,public,2-No,,,,,,,48225,25.4,010135000841,010554,,
0102177,Evening Educational Options,2051 Military Road,Mobile,AL,36605,Mobile County,public,2-No,,,,,,,,,,,,
0101363,Fairfield Area Vocational School,610 Valley Rd,Fairfield,AL,35064,Jefferson County,public,2-No,,,,,,,,,,012689,,
0100860,Franklin County Career Technical Center,85 Jail Springs Road,Russellville,AL,35653,Franklin County,public,2-No,,,,,,,53338,23.1,010159000860,010554,,
0102360,Genesis School,111 Perryman Street,Evergreen,AL,36401,Conecuh County,public,2-No,,,,,,,41327,34,010087002360,,,
0101086,George H Bryant VocationalAgricultural Center,8950 Padgett Switch Rd,Irvington,AL,36544,Mobile County,public,2-No,,,,,,,58880,20.4,010237001086,,,
0100738,Inspire Academy,Area Vocational Center Dr,Lafayette,AL,36862,Chambers County,public,2-No,,,,,,,49656,28.5,010060000738,,,
0100908,Kevin Dukes Career  Innovation Academy,29727 US Hwy 72 Suite B,Hollywood,AL,35752,Jackson County,public,2-No,,,,,,,,,,,,
0102704,Lee County Learning Center,5630 Lee Road 145,Salem,AL,36874,Lee County,public,2-No,,,,,,,65824,14.5,010207002704,,,
0101550,Louise M Smith Development Center,298 Jay Street,Prattville,AL,36066,Autauga County,public,2-No,,,,,,,,,,,,
0100974,Lowndes County Career Technical Center,147 Main St,Hayneville,AL,36040,Lowndes County,public,2-No,,,,,,,37052,38.9,010216000974,010554,,
0102353,Macon County Area Vocational School,1902 Taylor Street,Tuskegee Inst,AL,36083,Macon County,public,2-No,,,,,,,43707,36,010219002353,012819,,
0101526,Morgan County Learning Center,72 Plainview St,Hartselle,AL,35640,Morgan County,public,2-No,,,,,,,68845,15.4,010248001526,,,
0101121,Morgan County Schools Technology Park,59 Eva Rd,Somerville,AL,35670,Morgan County,public,2-No,,,,,,,,,,,,
0101418,New Direction,701 Hwy 70,Columbiana,AL,35007,Shelby County,public,2-No,,,,,,,97961,8.1,010303001418,,,
0101264,New Horizon Alternative School,1701 6th Ave N,Bessemer,AL,35020,Jefferson County,public,2-No,,,,,,,66388,18.7,010033001264,,,
0102426,Opportunity Academy,3971 S HWY 231,Ozark,AL,36360,Dale County,public,2-No,,,,,,,54963,23.8,010105002426,,,
0101331,PASS Academy,323 W Selma Street,Dothan,AL,36301,Houston County,public,2-No,,,,,,,58626,22.6,010123001331,,,
0100864,Peter J Kirksey Career Center,836 County Road 131,Eutaw,AL,35462,Greene County,public,2-No,,,,,,,29200,53.3,010168000864,,,
0101578,Project Success Learning Center,147 Main St,Hayneville,AL,36040,Lowndes County,public,2-No,,,,,,,37052,38.9,010216001578,,,
0101387,RandolphRoanoke Career Technology Center,960 Main StSouth,Wedowee,AL,36278,Randolph County,public,2-No,,,,,,,52338,23.6,010285001387,,,
0101139,RandolphRoanoke Career Technology Center,960 Main St S,Wedowee,AL,36278,Randolph County,public,2-No,,,,,,,,,,,,
0102487,Riverchase Career Connection Center,853 Willow Oak Drive,Hoover,AL,35244,Shelby County,public,2-No,,,,,,,,,,,,
0102197,Smith Station Freshman Center,1150 MULLIN ROAD,Smiths Station,AL,36877,Lee County,public,2-No,,,,,,,,,,,,
0100665,South Baldwin Center For Technology,19200 Carolina Street,Robertsdale,AL,36567,Baldwin County,public,2-No,,,,,,,78775,14.2,010027000665,010248,,
0101083,TL Faulkner  School,33 West Elm St,Prichard,AL,36610,Mobile County,public,2-No,,,,,,,58880,20.4,010237001083,,,
0100777,The Judy Jester Learning Center,371 School Street,Moulton,AL,35674,Lawrence County,public,2-No,,,,,0.0,0,66071,22.1,010204000777,,,
0101137,TroyPike Center For Technology,285 Gibbs St,Troy,AL,36081,Pike County,public,2-No,,,,,,,48677,34.5,010279001137,,,
0102524,TroyPike Regional Center For Technology,285 Gibbs Street,Troy,AL,36081,Pike County,public,2-No,,,,,,,,,,,,
0101237,Walker County Center Of Technology,1100 Viking Drive,Jasper,AL,35501,Walker County,public,2-No,,,,,,,,,,,,
0101243,Winston Career Academy,1122 County Road 24,Double Springs,AL,35553,Winston County,public,2-No,,,,,,,,,,,,
0403535,Hope College and Career Readiness Academy,6401 S 16TH ST,PHOENIX,AZ,85042,Maricopa County,public,2-No,,,30,,0.0,0.5,89300,12.4,040386003535,,,
0806668,Lookout Mountain,2901 FORD STREET,GOLDEN,CO,80401,Jefferson County,public,2-No,,,,,,0,110656,7.5,080028606668,,,
0806703,Mount View Youth Services Center,7862 WEST MANSFIELD PARKWAY,DENVER,CO,80235,Jefferson County,public,2-No,,,,,,0,110656,7.5,080028606703,,,
0806659,Spring Creek Youth Services Center,3190 EAST LAS VEGAS,COLORADO SPRINGS,CO,80906,El Paso County,public,2-No,,,,,,0,90363,8.4,080028606659,,,
1303650,Muscogee Youth Development Campus,7700 Chattsworth Rd,Midland,GA,31820,Muscogee County,public,2-No,,,50,,,0.5,58073,19.4,130002603650,110076,Below Average,
1601056,RICHARD MCKENNA CHARTER SCHOOL - ONLINE ALTERNATIVE,1993 EAST 8TH NORTH SUITE 105,MOUNTAIN HOME,ID,83647,Elmore County,public,1-Yes,,,17,,0.0,0,65359,13.1,160000501056,,,
1706799,Vermilion Voc Ed Deliver System,2000 E Main 110 LH,Danville,IL,61832,Vermilion County,public,2-No,,,,,0.0,0,56877,26,170021106799,,,
2102358,Commander Academy,520 Lincoln Park Road,Springfield,KY,40069,Washington County,public,2-No,,,95,,0.0,0,61616,16.7,210576002358,,,
2608553,Carson CityCrystal Virtual Academy,213 E SHERMAN ST,CARSON CITY,MI,48811,Montcalm County,public,2-No,,,49.5,,0.0,0,67344,19.6,260813008553,,,
2600767,WayneWestland Innovative Academy,5400 4TH ST,WAYNE,MI,48184,Wayne County,public,2-No,,,27,,0.0,2,60539,31.5,260001500767,233713,Average,
2903462,BELIEVE Academy STL,2837 WASHINGTON BLVD,ST. LOUIS,MO,63103,St. Louis city,public,1-Yes,,,,,,,,,,,,
2903458,MOCA at Louisiana,311 S. PROVIDENCE,COLUMBIA,MO,65202,Boone County,public,2-No,,,,,,,72758,11.2,291926003458,,,
6900080,DA'OK ACADEMY,Susupe,Saipan,MP,96950,Saipan Municipality,public,†,,,,,,,,,690000200080,,,
3102467,MCC CAREER ACADEMY,3215 CUMING STREET,OMAHA,NE,68131,Douglas County,public,†,,,,,,,80391,12.6,317482002467,,,
3400694,Ancora Psychiatric Hospital,202 SPRING GARDEN RD,ANCORA,NJ,8037,Camden County,public,2-No,,,,,,,,,,,,
3403319,WARREN RCH,509 Brass Castle Road,OXFORD,NJ,7863,Warren County,public,2-No,,,,,,,,,,,,
4400457,Chariho Career and Tech Center,459 Switch Road,Wood River Junction,RI,2894,Washington County,public,2-No,,,,,,,106638,6.9,440015000457,,,
4400458,Cranston Career & Tech Center,100 Metropolitan Avenue,Cranston,RI,2920,Providence County,public,2-No,,,,,,,,,,,,
4400460,Newport Area Career Tech Ctr,15 Wickham Rd,Newport,RI,2840,Newport County,public,2-No,,,,,,,103514,8.1,440072000460,,,
4400355,The Regional Career and Tech,40 Reservoir Road,Coventry,RI,2816,Kent County,public,2-No,,,,,,,94345,8.3,440021000355,,,
4400462,Warwick Career and Tech Center,575 Centerville Road-Bldg. 5,Warwick,RI,2886,Kent County,public,2-No,,,,,,,,,,,,
5102311,Southwestern Va Mental Health Institute,340 Bagley Circle,Marion,VA,24354,Smyth County,public,2-No,,,,,,,49883,19,510004702311,,,
5303936,Maritime 253 Skills Center,1208 East D Street,Tacoma,WA,98421,Pierce County,public,2-No,,,,,,,,,,,,
5501306,Milwaukee County Youth Education Center,949 N 9th St,Milwaukee,WI,53233,Milwaukee County,public,2-No,,,,,,0,64435,22.1,550960001306,,,
5400361,Ben Franklin Career Center,500 28th St,Dunbar,WV,25064,Kanawha County,public,2-No,,,,,,,60943,19.9,540060000361,,,
5401379,Calhoun-Gilmer Career Center,5260 E Little Kanawha Hwy,Grantsville,WV,26147,Calhoun County,public,2-No,,,,,0.0,0,43980,26.3,540021001379,,,
5401530,Caperton Center for Applied Technology,212 Technology Dr,Parkersburg,WV,26104,Wood County,public,2-No,,,,,0.0,0,57810,18.1,540162001530,,,
5400367,Carver Career Center,4799 Midland Dr,Charleston,WV,25306,Kanawha County,public,2-No,,,,,,,60943,19.9,540060000367,,,
5401380,Fayette Institute of Technology,300 W Oyler Ave,Oak Hill,WV,25901,Fayette County,public,2-No,,,,,,,53194,29.4,540030001380,,,
5401423,Fred W Eberle Tech Center,208 Morton Ave,Buckhannon,WV,26201,Upshur County,public,2-No,,,,,,,,,,,,
5401376,James Rumsey Technical Institute,3274 Hedgesville Rd,Martinsburg,WV,25403,Berkeley County,public,2-No,,,,,0.0,1,80815,15.5,540006001376,,,
5401386,John D. Rockefeller Career Center,80 Rockefeller Circle,New Cumberland,WV,26047,Hancock County,public,2-No,,,,,,,61466,21.5,540045001386,,,
5401396,Marion County Technical Center,2 North Marion Dr,Farmington,WV,26571,Marion County,public,2-No,,,,,,,67370,16.3,540072001396,491475,,
5400618,Mason County Career Center,281 Scenic Dr,Point Pleasant,WV,25550,Mason County,public,2-No,,,,,,,49761,20.7,540078000618,491050,,
5400720,Mineral County Technical Center,981 Harley O Staggers Dr,Keyser,WV,26726,Mineral County,public,2-No,,,,,,1,69375,18.9,540087000720,491475,,
5400804,Monongalia Technical Education Center,1000 Mississippi St,Morgantown,WV,26501,Monongalia County,public,2-No,,,,,,,65346,12,540093000804,490125,Average,
5401395,Ralph R Willis Career/Technical Center,144 Vocational Rd,Stollings,WV,25646,Logan County,public,2-No,,,,,,,49723,24.4,540069001395,,,
5401391,Roane-Jackson Technical Center,9450 Spencer Rd,Le Roy,WV,25252,Jackson County,public,2-No,,,,,,,58845,19.7,540054001391,,,
5401383,South Branch Vocational School,401 Pierpont St,Petersburg,WV,26847,Grant County,public,2-No,,,,,0.0,0,62361,19.5,540036001383,,,
5401592,Wetzel County Technical Education Center,2213 Mountaineer Hwy,New Martinsville,WV,26155,Wetzel County,public,2-No,,,,,0.0,0,56836,22.3,540156001592,490125,Average,
